layer,position,n_horizon,rho_pc1_horizon,rho_pc2_horizon,rho_pc3_horizon,rho_pc1_reward_ratio,rho_pc1_short_reward,rho_pc1_short_delay,rho_pc1_long_delay,evr_pc1,evr_pc2,evr_pc3,cum_evr_2,cum_evr_5,cum_evr_10,n_pc_horizon,evr_top10,rho_top10,n_choice,silhouette_choice_pc3,rho_pc1_p_short,ridge_r2_horizon
0,T0,1927,,,,,,,,,,,,,,0,"[NaN, NaN, NaN, NaN, NaN, NaN, NaN, NaN, NaN, NaN]","[null, null, null, null, null, null, null, null, null, null]",2000,0.0,,
0,T1,1927,,,,,,,,,,,,,,0,"[NaN, NaN, NaN, NaN, NaN, NaN, NaN, NaN, NaN, NaN]","[null, null, null, null, null, null, null, null, null, null]",2000,0.0,,
0,T2,1927,,,,,,,,,,,,,,0,"[NaN, NaN, NaN, NaN, NaN, NaN, NaN, NaN, NaN, NaN]","[null, null, null, null, null, null, null, null, null, null]",2000,0.0,,
0,T3,1927,,,,,,,,,,,,,,0,"[NaN, NaN, NaN, NaN, NaN, NaN, NaN, NaN, NaN, NaN]","[null, null, null, null, null, null, null, null, null, null]",2000,0.0,,
0,T4,1927,,,,,,,,,,,,,,0,"[NaN, NaN, NaN, NaN, NaN, NaN, NaN, NaN, NaN, NaN]","[null, null, null, null, null, null, null, null, null, null]",2000,0.0,,
0,T5,1927,,,,,,,,,,,,,,0,"[NaN, NaN, NaN, NaN, NaN, NaN, NaN, NaN, NaN, NaN]","[null, null, null, null, null, null, null, null, null, null]",2000,0.0,,
0,T6,1927,,,,,,,,,,,,,,0,"[NaN, NaN, NaN, NaN, NaN, NaN, NaN, NaN, NaN, NaN]","[null, null, null, null, null, null, null, null, null, null]",2000,0.0,,
0,T7,1927,,,,,,,,,,,,,,0,"[NaN, NaN, NaN, NaN, NaN, NaN, NaN, NaN, NaN, NaN]","[null, null, null, null, null, null, null, null, null, null]",2000,0.0,,
0,T8,1927,,,,,,,,,,,,,,0,"[NaN, NaN, NaN, NaN, NaN, NaN, NaN, NaN, NaN, NaN]","[null, null, null, null, null, null, null, null, null, null]",2000,0.0,,
0,R0,1927,,,,,,,,,,,,,,0,"[NaN, NaN, NaN, NaN, NaN, NaN, NaN, NaN, NaN, NaN]","[null, null, null, null, null, null, null, null, null, null]",2000,0.0,,
0,R1,1927,,,,,,,,,,,,,,0,"[NaN, NaN, NaN, NaN, NaN, NaN, NaN, NaN, NaN, NaN]","[null, null, null, null, null, null, null, null, null, null]",2000,0.0,,
0,R2,1927,,,,,,,,,,,,,,0,"[NaN, NaN, NaN, NaN, NaN, NaN, NaN, NaN, NaN, NaN]","[null, null, null, null, null, null, null, null, null, null]",2000,0.0,,
0,R3,1927,-0.03616526828034305,-0.07099129478159193,-0.03616526828034305,0.003723334947281198,0.007324368114612428,0.116829667427452,0.01827851427863843,0.8024182915687561,0.19758197665214539,6.37329598818237e-13,1.000000238418579,1.000000238418579,1.000000238418579,0,"[0.8024, 0.1976, 0.0, 0.0, 0.0, 0.0, 0.0, 0.0, 0.0, 0.0]","[0.036, 0.071, 0.036, 0.071, 0.071, 0.012, 0.036, 0.036, 0.071, 0.036]",2000,-0.011152364313602448,0.05677000713961859,
0,R4,1927,0.12740238853853597,0.007118086599188762,-0.07715744950847452,0.13075311569403186,0.07045002182376248,-0.12440281860932176,0.04103070839499596,0.606432318687439,0.29882583022117615,0.09474168717861176,0.9052581787109375,0.9999998807907104,0.9999998807907104,0,"[0.6064, 0.2988, 0.0947, 0.0, 0.0, 0.0, 0.0, 0.0, 0.0, 0.0]","[0.127, 0.007, 0.077, 0.007, 0.129, 0.057, 0.057, 0.057, 0.013, 0.089]",2000,-0.09466977417469025,0.022571073032292367,
0,R5,1927,0.12825603462379764,0.0066522342103735805,0.0066522342103735805,0.1354496769445141,0.08287267956518381,-0.1154789718704223,0.040917778530850574,0.6963768005371094,0.3036232888698578,4.272758091349721e-13,1.0000001192092896,1.0000001192092896,1.0000001192092896,0,"[0.6964, 0.3036, 0.0, 0.0, 0.0, 0.0, 0.0, 0.0, 0.0, 0.0]","[0.128, 0.007, 0.007, 0.007, 0.007, 0.129, 0.007, 0.129, 0.007, 0.128]",2000,-0.08960366994142532,0.02848805575151646,
0,R6,1927,-0.07338630403563061,-0.0939752452937682,-0.05990211754008834,0.012439280798842859,-0.06581098788308505,0.01964986499746112,0.014848337006446314,0.35309359431266785,0.2652400732040405,0.24658691883087158,0.6183336973190308,1.0000001192092896,1.0000001192092896,0,"[0.3531, 0.2652, 0.2466, 0.1124, 0.0227, 0.0, 0.0, 0.0, 0.0, 0.0]","[0.073, 0.094, 0.06, 0.04, 0.023, 0.02, 0.096, 0.008, 0.074, 0.057]",2000,0.002910720417276025,0.06791188321229702,
0,R7,1927,-0.020200388606941795,0.09579360768902725,0.09929254134097926,0.12208355385419535,-0.5008488308559196,-0.02624648081413013,0.07288136288983756,0.5606061220169067,0.19411113858222961,0.14295907318592072,0.754717230796814,0.9994587302207947,1.0000001192092896,0,"[0.5606, 0.1941, 0.143, 0.0805, 0.0213, 0.0005, 0.0, 0.0, 0.0, 0.0]","[0.02, 0.096, 0.099, 0.01, 0.133, 0.102, 0.022, 0.067, 0.13, 0.01]",2000,0.03016860969364643,0.0701774202212872,
1,T0,1927,-0.3519726274665809,0.39423405973931014,-0.184420608953255,-0.22130250671206117,-0.27011511420419,0.009175702199540208,-0.12096467557802484,0.736305832862854,0.083615243434906,0.06839931011199951,0.81992107629776,0.9348078966140747,0.9664344191551208,2,"[0.7363, 0.0836, 0.0684, 0.0312, 0.0153, 0.0117, 0.0069, 0.0047, 0.0047, 0.0036]","[0.352, 0.394, 0.184, 0.044, 0.074, 0.048, 0.081, 0.141, 0.143, 0.009]",2000,0.2375824898481369,0.1507921962843264,
1,T1,1927,-0.48429157951943436,-0.35089528171586176,0.4249977097220867,-0.1327589393101101,-0.0856193200236676,-0.004317678189064685,-0.09096517154669286,0.40931975841522217,0.23179861903190613,0.1032981127500534,0.6411184072494507,0.8057257533073425,0.8722605109214783,3,"[0.4093, 0.2318, 0.1033, 0.034, 0.0273, 0.0165, 0.0158, 0.0126, 0.012, 0.0096]","[0.484, 0.351, 0.425, 0.064, 0.051, 0.167, 0.229, 0.107, 0.014, 0.125]",2000,0.1839567869901657,0.2697901185353767,
1,T2,1927,0.12526368206488658,-0.5537763975853272,0.18189335579122973,0.004043557863476153,0.2744661098331782,-0.07380074996564964,0.07813373146403527,0.5560033917427063,0.14621548354625702,0.09219547361135483,0.7022188901901245,0.880448579788208,0.9577529430389404,1,"[0.556, 0.1462, 0.0922, 0.0479, 0.0381, 0.0216, 0.019, 0.0179, 0.0107, 0.0081]","[0.125, 0.554, 0.182, 0.157, 0.153, 0.003, 0.258, 0.017, 0.223, 0.007]",2000,0.09073837101459503,-0.044428676340153544,
1,T3,1927,-0.6646986969263207,-0.0951507851291869,-0.04079513617647402,-0.05522915410431368,-0.23476519097475454,0.025037522785115136,-0.038332737356085424,0.4144142270088196,0.11559848487377167,0.08608975261449814,0.5300127267837524,0.7162458896636963,0.822826623916626,2,"[0.4144, 0.1156, 0.0861, 0.0552, 0.0449, 0.0305, 0.0223, 0.0208, 0.0184, 0.0145]","[0.665, 0.095, 0.041, 0.192, 0.115, 0.159, 0.269, 0.072, 0.321, 0.083]",2000,0.2034652680158615,0.5674505673430736,
1,T4,1927,-0.4354950894023863,0.5428730376252586,-0.23889712095808108,-0.15852131681371198,-0.5452338585707588,-0.004199186387376717,-0.12036803105105827,0.5866047739982605,0.11243434250354767,0.06256428360939026,0.699039101600647,0.8144158124923706,0.8792865872383118,2,"[0.5866, 0.1124, 0.0626, 0.0325, 0.0203, 0.0186, 0.0155, 0.0118, 0.0105, 0.0085]","[0.435, 0.543, 0.239, 0.091, 0.188, 0.196, 0.228, 0.03, 0.079, 0.054]",2000,0.11447171121835709,0.21371409763780558,
1,T5,1927,-0.6259022279519143,-0.18483719078377941,-0.1537357353685607,-0.03558026636587835,-0.04380320697514298,-0.015600562997712456,0.04047982983274286,0.4192184805870056,0.16679684817790985,0.09940849244594574,0.5860153436660767,0.7940131425857544,0.9054396748542786,2,"[0.4192, 0.1668, 0.0994, 0.0702, 0.0383, 0.0312, 0.0252, 0.0213, 0.0187, 0.015]","[0.626, 0.185, 0.154, 0.117, 0.151, 0.001, 0.386, 0.155, 0.075, 0.229]",2000,0.18877241015434265,0.4937891753723793,
1,T6,1927,-0.3480657450428324,0.5261958147874085,-0.2513708931464455,-0.12807519907586268,-0.4495452936049951,0.026404192164094273,-0.07767958814351916,0.3063054382801056,0.1771545261144638,0.09411504864692688,0.4834599494934082,0.709265947341919,0.8360387086868286,2,"[0.3063, 0.1772, 0.0941, 0.0764, 0.0553, 0.0411, 0.0334, 0.0247, 0.0148, 0.0127]","[0.348, 0.526, 0.251, 0.11, 0.248, 0.043, 0.108, 0.041, 0.003, 0.025]",2000,0.09973122179508209,0.14347070790279062,
1,T7,1927,0.24208674104262334,-0.3362998070139984,0.5703349408769351,0.16127159983720427,0.5356074076143318,0.025801333239498462,0.1732137024380663,0.6708171963691711,0.14895711839199066,0.0732957199215889,0.819774329662323,0.940410315990448,0.972866952419281,3,"[0.6708, 0.149, 0.0733, 0.0268, 0.0205, 0.0099, 0.0073, 0.0062, 0.0055, 0.0036]","[0.242, 0.336, 0.57, 0.153, 0.017, 0.124, 0.049, 0.268, 0.03, 0.338]",2000,0.11652732640504837,-0.12537346541426933,
1,T8,1927,-0.38300184009934074,0.23002679624514796,0.08372892940476084,-0.17083255560996882,-0.42428958983952436,0.0035717301344869805,-0.0465510453499442,0.26479458808898926,0.155036062002182,0.1341392695903778,0.41983065009117126,0.6770657896995544,0.8077130317687988,2,"[0.2648, 0.155, 0.1341, 0.0652, 0.0579, 0.0487, 0.0279, 0.0209, 0.0188, 0.0143]","[0.383, 0.23, 0.084, 0.268, 0.512, 0.06, 0.237, 0.066, 0.122, 0.017]",2000,0.08846001327037811,0.1225618541794371,
1,R0,1927,-0.6041635302651892,0.4291791823111475,0.006290575307463525,-0.13606550070167978,-0.46364326305924686,0.06623109436351739,-0.10349619942653333,0.3438440263271332,0.12969212234020233,0.0951465368270874,0.4735361337661743,0.7076516151428223,0.8365787863731384,2,"[0.3438, 0.1297, 0.0951, 0.0786, 0.0604, 0.0397, 0.0297, 0.0246, 0.0202, 0.0147]","[0.604, 0.429, 0.006, 0.092, 0.248, 0.264, 0.061, 0.018, 0.057, 0.151]",2000,0.16207550466060638,0.4866242074226125,
1,R1,1927,0.61840405431286,-0.3425054814213669,0.30976822096748374,0.13010379382132237,0.4472089866020859,-0.0818117886527596,0.113804039422287,0.20758521556854248,0.15292946994304657,0.09227585792541504,0.36051470041275024,0.5791391134262085,0.700344443321228,4,"[0.2076, 0.1529, 0.0923, 0.072, 0.0544, 0.0354, 0.0291, 0.0231, 0.0183, 0.0153]","[0.618, 0.343, 0.31, 0.105, 0.226, 0.244, 0.203, 0.359, 0.015, 0.016]",2000,0.14540761709213257,-0.42268392963240964,
1,R2,1927,0.5990696622508696,-0.19899479299952136,0.33556109825649283,0.167620796848742,0.4526138623641358,-0.011770438151019367,0.11175309524404162,0.32858115434646606,0.15138131380081177,0.10143852233886719,0.47996246814727783,0.6809447407722473,0.784683346748352,2,"[0.3286, 0.1514, 0.1014, 0.0588, 0.0408, 0.0329, 0.0221, 0.018, 0.0162, 0.0145]","[0.599, 0.199, 0.336, 0.025, 0.031, 0.139, 0.164, 0.261, 0.063, 0.048]",2000,0.14522939920425415,-0.4103828996371273,
1,R3,1927,0.11933728267179751,-0.2593515825636473,0.634564564098357,0.009835262717150598,0.06919323458411421,-0.12025095427999005,0.021540494521137675,0.6898190379142761,0.309798926115036,8.668134978506714e-05,0.9996179342269897,0.9997733235359192,0.9998511672019958,3,"[0.6898, 0.3098, 0.0001, 0.0, 0.0, 0.0, 0.0, 0.0, 0.0, 0.0]","[0.119, 0.259, 0.635, 0.047, 0.477, 0.392, 0.004, 0.04, 0.078, 0.065]",2000,-0.014672194607555866,-0.0471037465654017,
1,R4,1927,-0.30381039213862227,0.04067453537060735,-0.18416691291535559,-0.13632989827988254,-0.12958193934481632,0.19227182365088838,-0.023398849695211745,0.49653351306915283,0.27267491817474365,0.17390643060207367,0.7692084312438965,0.999481201171875,0.9997519254684448,3,"[0.4965, 0.2727, 0.1739, 0.056, 0.0003, 0.0001, 0.0001, 0.0, 0.0, 0.0]","[0.304, 0.041, 0.184, 0.295, 0.176, 0.548, 0.045, 0.15, 0.301, 0.068]",2000,-0.03054581768810749,0.12920698604807204,
1,R5,1927,-0.0645940258465461,0.116034693018467,0.11513432060689943,-0.07285933498751347,0.10050320574239328,0.110974443159172,-0.02185372782079834,0.7294237613677979,0.25351452827453613,0.010062100365757942,0.982938289642334,0.9995486736297607,0.9998236298561096,2,"[0.7294, 0.2535, 0.0101, 0.0059, 0.0006, 0.0001, 0.0, 0.0, 0.0, 0.0]","[0.065, 0.116, 0.115, 0.068, 0.178, 0.576, 0.316, 0.001, 0.101, 0.241]",2000,-0.06328048557043076,-0.06068485244624505,
1,R6,1927,-0.07130013879932758,-0.04280413075983488,0.09508546287541218,-0.05068067437477611,-0.06611316138714513,0.08479640430460972,0.02920959674039592,0.652116596698761,0.15235497057437897,0.10365764796733856,0.8044715523719788,0.996238648891449,0.9997681975364685,1,"[0.6521, 0.1524, 0.1037, 0.0792, 0.0089, 0.0031, 0.0002, 0.0001, 0.0001, 0.0001]","[0.071, 0.043, 0.095, 0.011, 0.041, 0.055, 0.028, 0.083, 0.065, 0.539]",2000,-0.01326978299766779,0.0028222725296527867,
1,R7,1927,-0.018130847984501534,0.006948259000493897,-0.18233386218957204,0.10149135487866177,-0.47661889603716356,-0.006795660127913478,0.034436330198283516,0.6387856602668762,0.12124790996313095,0.09933113306760788,0.7600335478782654,0.9522824287414551,0.9981947541236877,0,"[0.6388, 0.1212, 0.0993, 0.0541, 0.0389, 0.0227, 0.0092, 0.0056, 0.0051, 0.0034]","[0.018, 0.007, 0.182, 0.015, 0.118, 0.121, 0.001, 0.059, 0.134, 0.129]",2000,0.03510018810629845,0.017073458428127606,
2,T0,1927,-0.35872524770113356,-0.22673387824432892,-0.39561279618096673,-0.22866869172035756,-0.3939968192330709,0.02303455379045299,-0.14606611575964046,0.7045589685440063,0.09664593636989594,0.06491875648498535,0.8012049198150635,0.9263807535171509,0.9592050313949585,2,"[0.7046, 0.0966, 0.0649, 0.0439, 0.0164, 0.0116, 0.0067, 0.0065, 0.0041, 0.0039]","[0.359, 0.227, 0.396, 0.055, 0.139, 0.026, 0.042, 0.245, 0.164, 0.152]",2000,0.21811336278915405,0.1543621995058135,
2,T1,1927,0.5529792191763693,-0.33493055658499943,-0.08565333584702559,0.2211025070165936,0.48631446996246463,-0.005858697828786799,0.1802720806302764,0.5385993719100952,0.10874161124229431,0.07067715376615524,0.6473410129547119,0.8130124807357788,0.8790913820266724,3,"[0.5386, 0.1087, 0.0707, 0.0596, 0.0354, 0.0207, 0.0142, 0.0132, 0.0102, 0.0078]","[0.553, 0.335, 0.086, 0.314, 0.045, 0.252, 0.089, 0.093, 0.022, 0.131]",2000,0.1939917951822281,-0.22080833650307483,
2,T2,1927,0.17101544530254514,-0.5617184971828335,0.021239840523488308,0.006350316727300812,0.2741304499746515,-0.047248102942845406,0.08853111269184881,0.5905581712722778,0.12622813880443573,0.07565359026193619,0.7167863249778748,0.8894821405410767,0.9568886160850525,1,"[0.5906, 0.1262, 0.0757, 0.057, 0.04, 0.0186, 0.0176, 0.0141, 0.0097, 0.0073]","[0.171, 0.562, 0.021, 0.063, 0.112, 0.255, 0.034, 0.028, 0.21, 0.056]",2000,0.08251554518938065,-0.06898318652204963,
2,T3,1927,-0.35842093857043705,0.4476145453628061,-0.4471422576026305,-0.02774242057979236,-0.3806763676613976,-0.045207014242974304,-0.1694384897776144,0.347576379776001,0.21970103681087494,0.08732108771800995,0.5672774314880371,0.7555775046348572,0.8403269052505493,3,"[0.3476, 0.2197, 0.0873, 0.0589, 0.0421, 0.0308, 0.023, 0.0125, 0.0094, 0.0091]","[0.358, 0.448, 0.447, 0.04, 0.202, 0.014, 0.04, 0.036, 0.094, 0.142]",2000,0.12249990552663803,0.24698529138706724,
2,T4,1927,-0.4651263961825016,0.4017305449820482,0.09896083947137346,-0.05031237199300183,-0.4222064054527199,0.04886974273167405,-0.11689598413640076,0.3110206723213196,0.2514224052429199,0.10372230410575867,0.5624430775642395,0.7483111023902893,0.8400983810424805,3,"[0.311, 0.2514, 0.1037, 0.049, 0.0332, 0.0271, 0.023, 0.0166, 0.0148, 0.0103]","[0.465, 0.402, 0.099, 0.201, 0.094, 0.362, 0.046, 0.163, 0.102, 0.203]",2000,0.10128195583820343,0.20379838218790794,
2,T5,1927,0.626786311599125,-0.1871054467726607,-0.1371742182001593,0.012839108274763316,0.026268855330872944,0.0010654482427922048,-0.05328252221307406,0.44244620203971863,0.1507842093706131,0.10862088948488235,0.5932304263114929,0.8006397485733032,0.9066264033317566,2,"[0.4424, 0.1508, 0.1086, 0.0624, 0.0364, 0.0284, 0.0247, 0.0196, 0.0184, 0.0149]","[0.627, 0.187, 0.137, 0.082, 0.134, 0.087, 0.345, 0.248, 0.19, 0.212]",2000,0.1972745954990387,-0.49734963709126984,
2,T6,1927,-0.6200912863275779,0.09968037075816136,-0.18469105911680667,-0.04511244520567121,-0.22669247819448546,0.004506747053909438,0.014753706604760284,0.2770020067691803,0.13820895552635193,0.11731887608766556,0.4152109622955322,0.6851308345794678,0.8132159113883972,2,"[0.277, 0.1382, 0.1173, 0.0871, 0.0655, 0.0331, 0.0296, 0.0288, 0.0189, 0.0177]","[0.62, 0.1, 0.185, 0.177, 0.112, 0.022, 0.381, 0.089, 0.089, 0.069]",2000,0.16355307400226593,0.5147925898379335,
2,T7,1927,-0.3046794943801714,-0.30647805598706007,0.581563788502994,-0.1414027974232963,-0.4787967378217699,-0.03635615340924304,-0.15505291217099576,0.659151017665863,0.14109456539154053,0.08469346910715103,0.8002455830574036,0.9334848523139954,0.9670413732528687,3,"[0.6592, 0.1411, 0.0847, 0.0286, 0.0199, 0.0104, 0.0079, 0.0062, 0.0049, 0.0041]","[0.305, 0.306, 0.582, 0.141, 0.023, 0.09, 0.031, 0.253, 0.057, 0.005]",2000,0.1190301701426506,0.1886827699160548,
2,T8,1927,-0.37107947331583896,0.4414854691873376,0.392229227840335,-0.16878383986257903,-0.5039346859000036,-0.019800593685577215,-0.1264607759346267,0.4412921965122223,0.17238560318946838,0.09051842987537384,0.6136777997016907,0.8290529847145081,0.8994478583335876,3,"[0.4413, 0.1724, 0.0905, 0.0777, 0.0472, 0.0258, 0.0155, 0.0122, 0.0094, 0.0075]","[0.371, 0.441, 0.392, 0.036, 0.163, 0.039, 0.088, 0.109, 0.046, 0.149]",2000,0.11036117374897003,0.17620436708176668,
2,R0,1927,-0.5489325889200473,0.1066440607433024,0.5038340091562257,-0.16860763252796934,-0.5555137613900877,0.04516354638790473,-0.1277479568903355,0.3315252959728241,0.12821589410305023,0.12016502767801285,0.45974117517471313,0.6840793490409851,0.79662024974823,2,"[0.3315, 0.1282, 0.1202, 0.0558, 0.0484, 0.0324, 0.0277, 0.0222, 0.0159, 0.0143]","[0.549, 0.107, 0.504, 0.192, 0.227, 0.135, 0.097, 0.054, 0.085, 0.006]",2000,0.14371053874492645,0.41672119680652614,
2,R1,1927,0.35545819932472894,0.42222106622511807,-0.48896889297078827,0.12740759906976945,0.1348260192270232,0.015089829076781315,0.045321595979023126,0.23837924003601074,0.17405548691749573,0.10539394617080688,0.41243472695350647,0.6102402806282043,0.7072212100028992,3,"[0.2384, 0.1741, 0.1054, 0.0524, 0.04, 0.0292, 0.0197, 0.0176, 0.0159, 0.0146]","[0.355, 0.422, 0.489, 0.269, 0.21, 0.05, 0.055, 0.153, 0.226, 0.189]",2000,0.11322619765996933,-0.2517835289886869,
2,R2,1927,0.5954839318239384,-0.33902002793083114,0.1576899242757725,0.17204668057649483,0.47135479399915203,-0.038322739856323014,0.10192837268872693,0.34312111139297485,0.11035031825304031,0.08511440455913544,0.45347142219543457,0.6444315314292908,0.7482365369796753,2,"[0.3431, 0.1104, 0.0851, 0.0674, 0.0384, 0.0299, 0.0273, 0.0184, 0.0149, 0.0133]","[0.595, 0.339, 0.158, 0.18, 0.022, 0.04, 0.104, 0.155, 0.109, 0.057]",2000,0.14442452788352966,-0.4165601089188397,
2,R3,1927,0.19108708568752417,-0.11317476774931219,0.5281116749450488,0.027416738053325406,0.08794013658708809,-0.09742199517237271,-0.035842684472529154,0.6381257176399231,0.36123165488243103,0.00014230571105144918,0.9993573427200317,0.9996610283851624,0.9997906684875488,2,"[0.6381, 0.3612, 0.0001, 0.0001, 0.0001, 0.0, 0.0, 0.0, 0.0, 0.0]","[0.191, 0.113, 0.528, 0.379, 0.142, 0.227, 0.105, 0.279, 0.241, 0.172]",2000,-0.016151180490851402,-0.21205212023843734,
2,R4,1927,-0.31201634109473714,-0.03766911574672695,-0.22477923897847416,-0.14089919862858324,-0.16142739992994612,0.1880458214235854,-0.0468377080223344,0.5048933029174805,0.29483118653297424,0.14492028951644897,0.7997244596481323,0.9992437958717346,0.9996426701545715,3,"[0.5049, 0.2948, 0.1449, 0.0544, 0.0002, 0.0002, 0.0001, 0.0001, 0.0, 0.0]","[0.312, 0.038, 0.225, 0.173, 0.483, 0.178, 0.205, 0.073, 0.333, 0.021]",2000,-0.028079893440008163,0.14405809386387414,
2,R5,1927,-0.04065775440910198,0.035793924484403175,0.06993370469569524,-0.04499285873936115,0.053720538667290534,-0.011685487504208872,-0.004082343510549558,0.7291516065597534,0.24602903425693512,0.01333089079707861,0.9751806259155273,0.999487042427063,0.9997535943984985,2,"[0.7292, 0.246, 0.0133, 0.0102, 0.0008, 0.0001, 0.0, 0.0, 0.0, 0.0]","[0.041, 0.036, 0.07, 0.052, 0.11, 0.567, 0.307, 0.164, 0.093, 0.172]",2000,-0.05836021527647972,-0.0646749657209406,
2,R6,1927,-0.07710960523514547,0.01298799774962221,0.009519285687705102,-0.056186430649822455,-0.09540053880633083,0.11881664280081698,0.01718951343735895,0.6051667332649231,0.14964818954467773,0.11811769753694534,0.7548149228096008,0.9886447787284851,0.9991548657417297,0,"[0.6052, 0.1496, 0.1181, 0.1058, 0.0099, 0.0091, 0.0007, 0.0003, 0.0002, 0.0002]","[0.077, 0.013, 0.01, 0.116, 0.088, 0.043, 0.021, 0.059, 0.016, 0.053]",2000,-0.014523410238325596,0.003589471726784993,
2,R7,1927,-0.05686519526039635,0.06685677498260632,-0.0750192045665212,0.06129289822296962,-0.4268838962267649,0.03171563042801255,0.04114092412820772,0.8409954905509949,0.05353298410773277,0.043803855776786804,0.8945284485816956,0.9774613976478577,0.9973176717758179,0,"[0.841, 0.0535, 0.0438, 0.0238, 0.0154, 0.0101, 0.0038, 0.0024, 0.0022, 0.0014]","[0.057, 0.067, 0.075, 0.002, 0.114, 0.117, 0.041, 0.058, 0.097, 0.129]",2000,0.01807374879717827,0.051662317366728217,
3,T0,1927,0.3558032887562607,-0.21172746542844711,0.379987702649417,0.22370293319949391,0.409073343449275,-0.027009639258757007,0.1428132259245623,0.6924641132354736,0.0885687917470932,0.06477862596511841,0.781032919883728,0.907248854637146,0.9422820210456848,2,"[0.6925, 0.0886, 0.0648, 0.0421, 0.0194, 0.0118, 0.0077, 0.0063, 0.0053, 0.0039]","[0.356, 0.212, 0.38, 0.106, 0.194, 0.03, 0.228, 0.045, 0.157, 0.074]",2000,0.2162373960018158,-0.16072062248609936,
3,T1,1927,0.5746837493750462,-0.07042554551477136,-0.5155317021543503,0.20675250314301397,0.4881682735899002,0.01399149056001235,0.23667798495374176,0.4222644567489624,0.15633492171764374,0.06662684679031372,0.5785993933677673,0.7451027035713196,0.8271310329437256,2,"[0.4223, 0.1563, 0.0666, 0.0527, 0.0471, 0.0273, 0.0168, 0.0144, 0.0122, 0.0114]","[0.575, 0.07, 0.516, 0.05, 0.02, 0.232, 0.016, 0.032, 0.071, 0.165]",2000,0.15786737203598022,-0.33223971590991247,
3,T2,1927,-0.18376485080260807,-0.5234038223544567,0.20181093753874768,-0.0006975476182025262,-0.2648431926388238,0.04169240754747968,-0.08810326655847812,0.5284196734428406,0.18874701857566833,0.0847955122590065,0.7171666622161865,0.8918524980545044,0.9534703493118286,1,"[0.5284, 0.1887, 0.0848, 0.0522, 0.0377, 0.0182, 0.0157, 0.0118, 0.0093, 0.0066]","[0.184, 0.523, 0.202, 0.067, 0.031, 0.25, 0.015, 0.061, 0.169, 0.082]",2000,0.0896138921380043,0.07992990300092485,
3,T3,1927,0.6336137702765561,-0.24713916530372615,-0.15892691480675433,0.07029850506448947,0.34000086916233235,0.007804093036072544,0.16596467323152156,0.3326819837093353,0.21889518201351166,0.11045277863740921,0.5515771508216858,0.7567828297615051,0.8325355648994446,1,"[0.3327, 0.2189, 0.1105, 0.0566, 0.0382, 0.0278, 0.017, 0.012, 0.0101, 0.0088]","[0.634, 0.247, 0.159, 0.088, 0.106, 0.009, 0.079, 0.101, 0.009, 0.292]",2000,0.16956475377082825,-0.5033336039134074,
3,T4,1927,-0.38186433508293127,0.4846724636488287,0.08270551557932092,-0.06834588400347215,-0.4821200969799307,0.03761876397141368,-0.1318991913491139,0.30622902512550354,0.2198238968849182,0.12321460992097855,0.5260529518127441,0.7374715805053711,0.8352760076522827,3,"[0.3062, 0.2198, 0.1232, 0.0491, 0.0391, 0.0315, 0.0259, 0.0146, 0.0136, 0.0122]","[0.382, 0.485, 0.083, 0.031, 0.325, 0.22, 0.036, 0.218, 0.187, 0.155]",2000,0.10679351538419724,0.21901515917441494,
3,T5,1927,0.5966526439064629,-0.2087647051856894,-0.11818951491967894,-0.008544853483298436,0.02607555829273721,-0.004075895851537484,-0.06117837657642402,0.5278608798980713,0.12572354078292847,0.08960384875535965,0.6535844206809998,0.8301840424537659,0.9203863739967346,2,"[0.5279, 0.1257, 0.0896, 0.0545, 0.0325, 0.0246, 0.0198, 0.0179, 0.0159, 0.012]","[0.597, 0.209, 0.118, 0.104, 0.15, 0.154, 0.318, 0.162, 0.247, 0.099]",2000,0.21343930065631866,-0.48414420799774255,
3,T6,1927,-0.5670934933337379,-0.2685938670282432,0.3427922098965556,-0.14198301782372558,-0.5053265383615292,0.00014761245307914395,-0.10379762248077408,0.2713906168937683,0.15500378608703613,0.10050838440656662,0.42639440298080444,0.6799356937408447,0.7944021821022034,2,"[0.2714, 0.155, 0.1005, 0.0898, 0.0633, 0.0295, 0.0254, 0.0241, 0.0206, 0.0149]","[0.567, 0.269, 0.343, 0.046, 0.056, 0.141, 0.122, 0.028, 0.231, 0.047]",2000,0.14359134435653687,0.42891273496787796,
3,T7,1927,-0.28857024578786167,-0.2795143767074477,0.5802957046240247,-0.15456119339415061,-0.5205975923667849,-0.03126858054305144,-0.1674637319780737,0.6191214323043823,0.16094563901424408,0.08931165188550949,0.7800670862197876,0.9225921630859375,0.9588956236839294,1,"[0.6191, 0.1609, 0.0893, 0.0318, 0.0214, 0.0112, 0.0087, 0.0067, 0.0055, 0.0043]","[0.289, 0.28, 0.58, 0.17, 0.033, 0.097, 0.018, 0.218, 0.097, 0.032]",2000,0.11478473246097565,0.16666707110427673,
3,T8,1927,-0.3724394718430297,0.2819154625949378,0.5688852160625346,-0.16969926217202816,-0.5775335600400605,-0.002034626378121836,-0.11414809885731315,0.48255568742752075,0.1598978489637375,0.09262190759181976,0.6424535512924194,0.8303263783454895,0.898548424243927,2,"[0.4826, 0.1599, 0.0926, 0.0612, 0.0341, 0.0227, 0.0158, 0.0124, 0.0104, 0.0069]","[0.372, 0.282, 0.569, 0.236, 0.033, 0.103, 0.014, 0.069, 0.14, 0.034]",2000,0.1046755239367485,0.23353364380034278,
3,R0,1927,-0.5115621337426292,0.16804139072627744,0.6325277347444642,-0.19277048297037735,-0.6157836181104521,0.03607110281364145,-0.16418291406361077,0.35132476687431335,0.1432952582836151,0.1112011969089508,0.49462002515792847,0.6993616223335266,0.7925804853439331,2,"[0.3513, 0.1433, 0.1112, 0.0497, 0.0438, 0.0262, 0.0223, 0.0178, 0.0143, 0.0126]","[0.512, 0.168, 0.633, 0.134, 0.164, 0.002, 0.026, 0.05, 0.007, 0.135]",2000,0.13444603979587555,0.3626317301811595,
3,R1,1927,0.5210653309874204,0.0857834840377706,0.5349906101253381,0.19828209318491574,0.5684926117121646,-0.05032657045038522,0.18246502772524353,0.2643691599369049,0.15151864290237427,0.10344384610652924,0.4158878028392792,0.5992342233657837,0.7013018727302551,2,"[0.2644, 0.1515, 0.1034, 0.0419, 0.038, 0.0299, 0.0233, 0.02, 0.015, 0.0139]","[0.521, 0.086, 0.535, 0.212, 0.178, 0.029, 0.054, 0.007, 0.233, 0.008]",2000,0.10672930628061295,-0.3094265503008049,
3,R2,1927,-0.5446909374452031,-0.2508745679305009,0.44651245391932437,-0.19177530145846267,-0.5378376413196442,0.03300439351185273,-0.1365470515676561,0.34342309832572937,0.12444792687892914,0.09303925186395645,0.4678710103034973,0.6548746228218079,0.746956467628479,2,"[0.3434, 0.1244, 0.093, 0.0591, 0.0349, 0.0241, 0.02, 0.0181, 0.0164, 0.0135]","[0.545, 0.251, 0.447, 0.182, 0.002, 0.106, 0.156, 0.118, 0.152, 0.068]",2000,0.12747050821781158,0.32052796432466224,
3,R3,1927,0.18657688032371295,-0.0948089059996467,-0.5053744784667334,-0.029422892936385583,-0.0006227061253131428,-0.11999288014035174,-0.029050372826139023,0.650320827960968,0.3484259247779846,0.0002339340135222301,0.9987467527389526,0.9992765188217163,0.9996010065078735,2,"[0.6503, 0.3484, 0.0002, 0.0002, 0.0001, 0.0001, 0.0001, 0.0001, 0.0, 0.0]","[0.187, 0.095, 0.505, 0.257, 0.205, 0.244, 0.095, 0.377, 0.075, 0.021]",2000,-0.015214395709335804,-0.21502250005313284,
3,R4,1927,0.27381544071383573,0.1844915015090903,-0.22528750425765928,0.08582719750970982,0.12589025935028833,-0.17885046173344932,0.016984216397851772,0.46724072098731995,0.35444560647010803,0.13023513555526733,0.821686327457428,0.9983912706375122,0.9992849826812744,2,"[0.4672, 0.3544, 0.1302, 0.0461, 0.0004, 0.0003, 0.0002, 0.0002, 0.0001, 0.0001]","[0.274, 0.184, 0.225, 0.156, 0.071, 0.48, 0.213, 0.299, 0.047, 0.307]",2000,-0.02389148250222206,-0.18224021436547866,
3,R5,1927,-0.03575825800631784,-0.006750107677264497,-0.03398664997145689,-0.052065657355871035,4.150939223696692e-05,0.002651252745062524,-0.00268605732768348,0.6926571130752563,0.2562994956970215,0.035505302250385284,0.9489566087722778,0.998081624507904,0.9994022250175476,3,"[0.6927, 0.2563, 0.0355, 0.0122, 0.0014, 0.0007, 0.0004, 0.0001, 0.0001, 0.0001]","[0.036, 0.007, 0.034, 0.028, 0.156, 0.065, 0.438, 0.344, 0.499, 0.098]",2000,-0.04906902462244034,-0.049697800579924,
3,R6,1927,0.0881037054380705,0.004793005979319098,-0.01300935532033209,0.09716228714974734,-0.0019513265093033343,-0.09897169311822322,-0.0052150470574942554,0.5713787078857422,0.18163207173347473,0.11043763160705566,0.7530107498168945,0.9820352792739868,0.9975613951683044,0,"[0.5714, 0.1816, 0.1104, 0.0969, 0.0217, 0.0094, 0.0044, 0.0007, 0.0006, 0.0005]","[0.088, 0.005, 0.013, 0.107, 0.042, 0.005, 0.022, 0.039, 0.086, 0.031]",2000,-0.011932970955967903,-0.0005548074011850168,
3,R7,1927,-0.03454612450556959,0.035675644003537656,-0.07063297439705356,0.025939047870144047,-0.4142621001768061,0.04092675748825613,0.0350376760310053,0.8861980438232422,0.040520086884498596,0.0286136195063591,0.9267181158065796,0.9824466109275818,0.9967830181121826,0,"[0.8862, 0.0405, 0.0286, 0.0169, 0.0102, 0.0069, 0.0025, 0.0019, 0.0017, 0.0014]","[0.035, 0.036, 0.071, 0.007, 0.089, 0.108, 0.012, 0.023, 0.023, 0.066]",2000,0.012699794955551624,0.023861206270074615,
4,T0,1927,0.39122689984256104,-0.21474807270258353,0.37280815075867335,0.2095852131700888,0.41150113658073934,-0.023069044072459886,0.14940884580471084,0.6472745537757874,0.09645997732877731,0.0711299479007721,0.7437345385551453,0.8801454305648804,0.9206401109695435,2,"[0.6473, 0.0965, 0.0711, 0.0446, 0.0207, 0.0129, 0.0084, 0.0074, 0.0067, 0.0051]","[0.391, 0.215, 0.373, 0.083, 0.194, 0.029, 0.228, 0.013, 0.105, 0.021]",2000,0.21585601568222046,-0.19635331757991153,
4,T1,1927,0.4932403964740325,-0.396663276414609,-0.401219180991367,0.22931207378793309,0.5006803700534759,-0.05978461274522755,0.18216621216753398,0.524678647518158,0.09732881188392639,0.07097643613815308,0.6220074892044067,0.7724776268005371,0.8563408255577087,3,"[0.5247, 0.0973, 0.071, 0.0467, 0.0328, 0.0294, 0.0183, 0.013, 0.0122, 0.011]","[0.493, 0.397, 0.401, 0.242, 0.071, 0.175, 0.26, 0.036, 0.163, 0.004]",2000,0.1632482260465622,-0.1337903150080322,
4,T2,1927,-0.21117054517416312,-0.5184980915875957,0.1697480355429837,-0.003104426668457529,-0.2856762545301672,0.03740525066876105,-0.08982515626502931,0.5264594554901123,0.19111360609531403,0.07941507548093796,0.7175730466842651,0.8848380446434021,0.9471322894096375,1,"[0.5265, 0.1911, 0.0794, 0.0506, 0.0373, 0.0187, 0.0158, 0.0119, 0.0093, 0.0066]","[0.211, 0.518, 0.17, 0.072, 0.014, 0.265, 0.011, 0.001, 0.15, 0.088]",2000,0.09213855862617493,0.09890811895246242,
4,T3,1927,0.6027590949136095,-0.1835886421417686,-0.31703987813969425,0.10108575950293607,0.4115736399543902,-0.0037499930609933003,0.16091109515101465,0.32130277156829834,0.171082004904747,0.13462623953819275,0.49238479137420654,0.7295847535133362,0.8173726201057434,2,"[0.3213, 0.1711, 0.1346, 0.0562, 0.0463, 0.0357, 0.0164, 0.014, 0.0114, 0.0102]","[0.603, 0.184, 0.317, 0.192, 0.174, 0.123, 0.071, 0.074, 0.182, 0.141]",2000,0.15751048922538757,-0.470606921240386,
4,T4,1927,-0.483752054931047,0.317150497908482,-0.42311944752256436,-0.13984742761741997,-0.5375982611727425,0.02012451433306692,-0.14285321563849482,0.3346109390258789,0.2036840319633484,0.12016809731721878,0.5382949709892273,0.7541534900665283,0.8466258645057678,4,"[0.3346, 0.2037, 0.1202, 0.055, 0.0407, 0.0358, 0.0219, 0.0142, 0.0109, 0.0098]","[0.484, 0.317, 0.423, 0.033, 0.035, 0.35, 0.126, 0.205, 0.116, 0.156]",2000,0.09652253985404968,0.31890820802207726,
4,T5,1927,0.6023556641467974,-0.21352787769219367,0.09866456990375198,-0.014031006667746523,0.010251327016810103,-0.006763415172121992,-0.06363861348870076,0.5201015472412109,0.1238350048661232,0.09746897965669632,0.6439365744590759,0.8279969096183777,0.9186683297157288,1,"[0.5201, 0.1238, 0.0975, 0.0529, 0.0337, 0.0253, 0.0195, 0.0175, 0.0159, 0.0125]","[0.602, 0.214, 0.099, 0.105, 0.11, 0.197, 0.233, 0.145, 0.256, 0.013]",2000,0.21464140713214874,-0.5016807362080006,
4,T6,1927,-0.5775631013618258,-0.12760317585038466,0.32332390295030966,-0.1312371977025136,-0.4552262761877921,0.006971969591579526,-0.08430352965441575,0.28076741099357605,0.18910899758338928,0.10254266858100891,0.46987640857696533,0.7204383611679077,0.814914345741272,2,"[0.2808, 0.1891, 0.1025, 0.0853, 0.0627, 0.0244, 0.0235, 0.0192, 0.0141, 0.0133]","[0.578, 0.128, 0.323, 0.15, 0.075, 0.003, 0.135, 0.183, 0.19, 0.222]",2000,0.14646786451339722,0.4648292929916713,
4,T7,1927,0.31151548288333547,-0.27328306427591503,-0.5711453056997967,0.15824677551982064,0.49897263936605674,0.026586607943231172,0.14526107215943182,0.6172480583190918,0.15273529291152954,0.08863604068756104,0.7699833512306213,0.9121473431587219,0.9503734707832336,2,"[0.6172, 0.1527, 0.0886, 0.0325, 0.021, 0.0109, 0.0088, 0.0074, 0.0064, 0.0047]","[0.312, 0.273, 0.571, 0.205, 0.019, 0.134, 0.058, 0.032, 0.209, 0.027]",2000,0.1121767908334732,-0.17385810681113728,
4,T8,1927,-0.2643707736050761,0.5564065247635039,-0.1867727941573248,-0.180569115843778,-0.6021858199621859,-0.0011863167175889299,-0.15080431035615824,0.4082110524177551,0.17393198609352112,0.14807765185832977,0.5821430683135986,0.8284053802490234,0.8918764591217041,2,"[0.4082, 0.1739, 0.1481, 0.0535, 0.0447, 0.0204, 0.0146, 0.0115, 0.01, 0.0069]","[0.264, 0.556, 0.187, 0.313, 0.12, 0.08, 0.024, 0.015, 0.049, 0.265]",2000,0.11346492171287537,0.1400544561648393,
4,R0,1927,0.465955556062256,0.15252257853194232,-0.6080824063167288,0.20783456582956725,0.6378861073115534,-0.06665500209575186,0.1661643517469414,0.3178585171699524,0.1670016199350357,0.11790970712900162,0.4848601222038269,0.6946736574172974,0.7966017127037048,2,"[0.3179, 0.167, 0.1179, 0.054, 0.0379, 0.0298, 0.024, 0.0197, 0.0153, 0.0131]","[0.466, 0.153, 0.608, 0.286, 0.128, 0.019, 0.033, 0.128, 0.085, 0.103]",2000,0.12333453446626663,-0.3245978654529183,
4,R1,1927,0.5511808976476784,0.18369327648779735,-0.5130416655690936,0.15827207631573942,0.5277966097119013,-0.0497110922066359,0.16520772416472335,0.3966400623321533,0.12273839861154556,0.11991717666387558,0.5193784832954407,0.7187357544898987,0.7963270545005798,2,"[0.3966, 0.1227, 0.1199, 0.0429, 0.0366, 0.0212, 0.0165, 0.0155, 0.0133, 0.0111]","[0.551, 0.184, 0.513, 0.222, 0.069, 0.041, 0.06, 0.045, 0.014, 0.224]",2000,0.14611317217350006,-0.41487721586519916,
4,R2,1927,-0.5459836800239237,-0.008134117218032016,-0.5480269003228875,-0.2023972146208491,-0.5728944424360097,0.010885775472166792,-0.14523096575685526,0.3395439386367798,0.13909749686717987,0.10777261108160019,0.47864145040512085,0.6710045337677002,0.7596050500869751,2,"[0.3395, 0.1391, 0.1078, 0.046, 0.0386, 0.025, 0.0202, 0.0156, 0.014, 0.0137]","[0.546, 0.008, 0.548, 0.259, 0.085, 0.22, 0.051, 0.053, 0.07, 0.032]",2000,0.12859758734703064,0.38594468670938564,
4,R3,1927,0.12681900947346272,-0.0428104228404614,-0.566784442730949,0.07257508596788251,0.09367458397122831,-0.11162592933667108,-0.03366980274722891,0.6732816696166992,0.32499805092811584,0.0003752325428649783,0.9982796907424927,0.9989586472511292,0.9993540048599243,3,"[0.6733, 0.325, 0.0004, 0.0002, 0.0001, 0.0001, 0.0001, 0.0001, 0.0001, 0.0001]","[0.127, 0.043, 0.567, 0.27, 0.353, 0.188, 0.156, 0.306, 0.171, 0.177]",2000,-0.013056064955890179,-0.16089713845648876,
4,R4,1927,0.2615072625755722,0.1970415743424165,-0.22387121969588014,0.09170602537543168,0.1410151815622705,-0.1802444440766066,0.03024952555422508,0.45458507537841797,0.3489322364330292,0.14922399818897247,0.8035173416137695,0.9980273246765137,0.9990164041519165,3,"[0.4546, 0.3489, 0.1492, 0.0448, 0.0005, 0.0003, 0.0002, 0.0002, 0.0002, 0.0001]","[0.262, 0.197, 0.224, 0.201, 0.423, 0.073, 0.375, 0.394, 0.157, 0.082]",2000,-0.024938244372606277,-0.17813297024163396,
4,R5,1927,-0.05830343161899396,0.10820358764207146,0.06291525063949688,-0.04103615343230499,0.03763180640551188,-0.019636986709506157,-0.007504333960331734,0.6251537203788757,0.31613028049468994,0.03929418325424194,0.9412840008735657,0.9963991045951843,0.9986727237701416,1,"[0.6252, 0.3161, 0.0393, 0.0145, 0.0014, 0.0008, 0.0007, 0.0005, 0.0002, 0.0001]","[0.058, 0.108, 0.063, 0.034, 0.215, 0.254, 0.255, 0.019, 0.501, 0.072]",2000,-0.04881817847490311,-0.0154445922144431,
4,R6,1927,0.09877371718827462,0.006491572752140951,0.023559045042095796,0.09706124779870667,0.019643402498122964,-0.10128598507953113,-0.02011598970696861,0.6785855889320374,0.1306067258119583,0.07177429646253586,0.8091922998428345,0.9671058654785156,0.9937050938606262,0,"[0.6786, 0.1306, 0.0718, 0.0651, 0.0211, 0.0111, 0.0077, 0.0052, 0.0015, 0.0011]","[0.099, 0.006, 0.024, 0.12, 0.096, 0.066, 0.078, 0.011, 0.049, 0.132]",2000,-0.013809453696012497,-0.016805747329566148,
4,R7,1927,0.016391799972685757,0.03266775755695884,-0.0770169150653556,0.040805729914110134,-0.44572742348667455,0.025613935389616222,0.018041903295797107,0.835637092590332,0.05721333250403404,0.03898235782980919,0.892850399017334,0.9697999954223633,0.9923461079597473,0,"[0.8356, 0.0572, 0.039, 0.0241, 0.0139, 0.0096, 0.0039, 0.0035, 0.0031, 0.0024]","[0.016, 0.033, 0.077, 0.004, 0.092, 0.102, 0.003, 0.052, 0.01, 0.065]",2000,0.017919253557920456,-0.012021788525937374,
5,T0,1927,0.5181011112971362,0.041431473850244455,0.33627275912163246,0.222167885638424,0.4990173287022931,-0.024822320549774714,0.15226289635890183,0.5537421107292175,0.20277321338653564,0.06301439553499222,0.7565153241157532,0.87563157081604,0.9154401421546936,2,"[0.5537, 0.2028, 0.063, 0.0381, 0.018, 0.0111, 0.0088, 0.0084, 0.0064, 0.0051]","[0.518, 0.041, 0.336, 0.112, 0.211, 0.002, 0.129, 0.015, 0.221, 0.055]",2000,0.19419415295124054,-0.379705416719726,
5,T1,1927,0.5597829079407447,-0.044365797661153235,-0.512001416723918,0.1978285236852521,0.514224267173109,-0.03955640424765076,0.2420984370926109,0.41144028306007385,0.13645489513874054,0.09547338634729385,0.5478951930999756,0.7380931973457336,0.8290731906890869,2,"[0.4114, 0.1365, 0.0955, 0.0579, 0.0368, 0.0306, 0.0175, 0.0155, 0.0141, 0.0132]","[0.56, 0.044, 0.512, 0.156, 0.198, 0.151, 0.171, 0.048, 0.17, 0.262]",2000,0.1442885845899582,-0.23869543225901607,
5,T2,1927,-0.23513217925810984,-0.5338806478856798,0.18111736177127574,-0.006260084424567015,-0.29857009963366493,0.05058251615205675,-0.09258754421735117,0.5337674021720886,0.18414820730686188,0.07460808008909225,0.7179155945777893,0.8761379718780518,0.9401910305023193,1,"[0.5338, 0.1841, 0.0746, 0.047, 0.0367, 0.0186, 0.0155, 0.0135, 0.0096, 0.0068]","[0.235, 0.534, 0.181, 0.04, 0.065, 0.268, 0.019, 0.005, 0.121, 0.097]",2000,0.09272836148738861,0.11170524793968005,
5,T3,1927,-0.5688576251659208,-0.269020638620279,0.24918494249182224,-0.13856727084724346,-0.4965923449771691,0.007169903794062246,-0.17370385477469166,0.3523356318473816,0.1515255719423294,0.11909019947052002,0.5038611888885498,0.7166957259178162,0.8130946755409241,1,"[0.3523, 0.1515, 0.1191, 0.0493, 0.0444, 0.0371, 0.0203, 0.0161, 0.0124, 0.0105]","[0.569, 0.269, 0.249, 0.141, 0.146, 0.108, 0.172, 0.037, 0.168, 0.178]",2000,0.15020360052585602,0.44800556383151613,
5,T4,1927,-0.4235194377570559,0.19881132538156082,0.5419800711933959,-0.15711296266187136,-0.5856849206829673,-0.004538211894375531,-0.1913865074434776,0.362587034702301,0.18235282599925995,0.08481501787900925,0.5449398756027222,0.7221999168395996,0.8342795968055725,2,"[0.3626, 0.1824, 0.0848, 0.0552, 0.0373, 0.0315, 0.0265, 0.0223, 0.019, 0.0127]","[0.424, 0.199, 0.542, 0.077, 0.108, 0.102, 0.221, 0.192, 0.039, 0.271]",2000,0.07368186861276627,0.2734617130183168,
5,T5,1927,0.6010280551418764,-0.2234553683370769,-0.016476394017006166,-0.004576611591903353,0.002756903814563048,-0.008868681134861615,-0.06351624377305846,0.48547935485839844,0.13073207437992096,0.1111450344324112,0.6162114143371582,0.8149819374084473,0.9104742407798767,2,"[0.4855, 0.1307, 0.1111, 0.0541, 0.0335, 0.0269, 0.0207, 0.0184, 0.0164, 0.0132]","[0.601, 0.223, 0.016, 0.133, 0.075, 0.172, 0.424, 0.025, 0.199, 0.019]",2000,0.2095620483160019,-0.5153900595005199,
5,T6,1927,-0.5351695045964605,-0.16606036448346342,-0.46441804032448997,-0.15642788026767354,-0.521190292024083,0.01245438168900064,-0.19050637236616202,0.2594013214111328,0.19793415069580078,0.10119641572237015,0.4573354721069336,0.6759952306747437,0.7948744297027588,2,"[0.2594, 0.1979, 0.1012, 0.0658, 0.0517, 0.0375, 0.0267, 0.0203, 0.0193, 0.0151]","[0.535, 0.166, 0.464, 0.248, 0.009, 0.093, 0.035, 0.025, 0.228, 0.036]",2000,0.11812297254800797,0.38467336332349145,
5,T7,1927,-0.3149763929192791,0.19765188769277012,0.5611828600826546,-0.18509690630129322,-0.5754981264526686,-0.021266658557652432,-0.17278260229359765,0.5661337375640869,0.17615102231502533,0.08983463793992996,0.7422847747802734,0.895927369594574,0.9393884539604187,2,"[0.5661, 0.1762, 0.0898, 0.045, 0.0188, 0.0132, 0.01, 0.0082, 0.0065, 0.0056]","[0.315, 0.198, 0.561, 0.268, 0.003, 0.129, 0.032, 0.068, 0.149, 0.073]",2000,0.10465384274721146,0.16685904565651777,
5,T8,1927,0.3391288240044881,0.1387550119963808,-0.5452110791092716,0.17257398830728063,0.6148010888679784,0.0007518807946348726,0.14369509998967012,0.4009683430194855,0.19782671332359314,0.1268094927072525,0.5987950563430786,0.8097149729728699,0.8785756826400757,3,"[0.401, 0.1978, 0.1268, 0.046, 0.0381, 0.0204, 0.0155, 0.0131, 0.01, 0.0098]","[0.339, 0.139, 0.545, 0.337, 0.111, 0.102, 0.051, 0.037, 0.103, 0.062]",2000,0.10224627703428268,-0.1959128402831836,
5,R0,1927,-0.4649699461072295,0.034513588789862396,-0.5739345751775106,-0.1882572476084269,-0.6124524845159293,0.03378922097642688,-0.21763019221390695,0.3015463352203369,0.1819615364074707,0.11155222356319427,0.4835078716278076,0.6917318105697632,0.7963970303535461,3,"[0.3015, 0.182, 0.1116, 0.0583, 0.0384, 0.029, 0.0228, 0.0199, 0.018, 0.0149]","[0.465, 0.035, 0.574, 0.372, 0.101, 0.128, 0.033, 0.02, 0.067, 0.046]",2000,0.0986253172159195,0.28288433597989987,
5,R1,1927,0.5467057256976696,0.1129356586049967,-0.5632837625213997,0.18286208799968987,0.5648122433043623,-0.02044070066140454,0.18364490039977924,0.3959667384624481,0.14898303151130676,0.09465893357992172,0.5449497699737549,0.7103182673454285,0.7966766357421875,3,"[0.396, 0.149, 0.0947, 0.0425, 0.0282, 0.021, 0.019, 0.0176, 0.0156, 0.013]","[0.547, 0.113, 0.563, 0.26, 0.144, 0.081, 0.028, 0.138, 0.09, 0.365]",2000,0.11734630167484283,-0.36934708125857446,
5,R2,1927,-0.5351957851878149,-0.1015196263048811,-0.5596785035657525,-0.1899842717484067,-0.5511733151957193,0.026435953871432598,-0.18144214567294983,0.3261234164237976,0.1576044261455536,0.09654153138399124,0.4837278425693512,0.6716858148574829,0.7703408598899841,2,"[0.3261, 0.1576, 0.0965, 0.0547, 0.0367, 0.0321, 0.0192, 0.018, 0.0156, 0.0137]","[0.535, 0.102, 0.56, 0.207, 0.076, 0.066, 0.137, 0.137, 0.028, 0.115]",2000,0.11793850362300873,0.3914523316547335,
5,R3,1927,0.24539189675386405,0.09082579027621637,-0.5612589761342867,0.10960616536953766,0.08065528751570496,-0.11181760162803932,0.08539027636019966,0.6750389337539673,0.3225629925727844,0.0007601301767863333,0.9976019263267517,0.9987309575080872,0.9991827011108398,2,"[0.675, 0.3226, 0.0008, 0.0002, 0.0002, 0.0001, 0.0001, 0.0001, 0.0001, 0.0001]","[0.245, 0.091, 0.561, 0.143, 0.283, 0.475, 0.141, 0.133, 0.145, 0.072]",2000,-0.011777345091104507,-0.1391645705789056,
5,R4,1927,0.2679513206478939,0.19585529534576546,-0.19417160024564908,0.09632304328685373,0.12709221426729583,-0.1711293487688998,0.02902517769272964,0.4363238215446472,0.3380979001522064,0.1744518131017685,0.7744216918945312,0.9976019859313965,0.9985751509666443,2,"[0.4363, 0.3381, 0.1745, 0.0481, 0.0007, 0.0003, 0.0002, 0.0002, 0.0001, 0.0001]","[0.268, 0.196, 0.194, 0.099, 0.491, 0.068, 0.523, 0.269, 0.079, 0.078]",2000,-0.026164453476667404,-0.18380314920669377,
5,R5,1927,-0.08881793734074422,0.14437988987179695,0.018265487540813603,-0.04796592556973511,0.0039741076741018145,-0.04388290326812605,-0.05388509925742778,0.5896607041358948,0.3347001075744629,0.055260173976421356,0.9243608117103577,0.995847761631012,0.9982843995094299,2,"[0.5897, 0.3347, 0.0553, 0.0152, 0.001, 0.001, 0.0007, 0.0004, 0.0003, 0.0002]","[0.089, 0.144, 0.018, 0.003, 0.371, 0.26, 0.176, 0.126, 0.494, 0.254]",2000,-0.04551297798752785,0.0017638212332870178,
5,R6,1927,0.053330854577987426,-0.030761257785718223,-0.1147772800166088,0.09482807145372725,0.010975858368515208,-0.1079348377135813,-0.006453848909648105,0.6348257064819336,0.15111228823661804,0.07967755943536758,0.785938024520874,0.9615219235420227,0.9914413094520569,0,"[0.6348, 0.1511, 0.0797, 0.0681, 0.0278, 0.0105, 0.0087, 0.0053, 0.0035, 0.0018]","[0.053, 0.031, 0.115, 0.139, 0.108, 0.071, 0.061, 0.026, 0.08, 0.017]",2000,-0.011277992278337479,0.043299822565439086,
5,R7,1927,0.009891366985871971,-0.014869567468508295,-0.04986203172508759,0.031213032081887252,-0.3864269366529512,-0.009342781796031844,-0.013495143438291822,0.7990603446960449,0.0682373121380806,0.04512136057019234,0.8672976493835449,0.9610097408294678,0.9901163578033447,0,"[0.7991, 0.0682, 0.0451, 0.0324, 0.0162, 0.012, 0.005, 0.0044, 0.004, 0.0036]","[0.01, 0.015, 0.05, 0.048, 0.118, 0.035, 0.031, 0.107, 0.042, 0.013]",2000,0.02151739038527012,0.006024028648324839,
6,T0,1927,0.5725825342066503,-0.03315579157166687,-0.320589393585418,0.2303798467955124,0.43742497733090246,-0.026394276588513677,0.1584115810804878,0.5318597555160522,0.18039217591285706,0.06442121416330338,0.7122519016265869,0.8437034487724304,0.889693021774292,2,"[0.5319, 0.1804, 0.0644, 0.0405, 0.0265, 0.0125, 0.0102, 0.0089, 0.0077, 0.0067]","[0.573, 0.033, 0.321, 0.224, 0.172, 0.12, 0.011, 0.231, 0.145, 0.154]",2000,0.1934271901845932,-0.42740716328900735,
6,T1,1927,-0.5513931707009802,0.09725805896347858,-0.5486547562261812,-0.19806182133923445,-0.5168676447877695,0.03235139052652006,-0.20736516446590395,0.4258708953857422,0.12365806102752686,0.0803680270910263,0.549528956413269,0.7290348410606384,0.8287059664726257,3,"[0.4259, 0.1237, 0.0804, 0.057, 0.0421, 0.0336, 0.0243, 0.0155, 0.0138, 0.0125]","[0.551, 0.097, 0.549, 0.121, 0.143, 0.152, 0.136, 0.118, 0.322, 0.203]",2000,0.14002950489521027,0.22374358588622328,
6,T2,1927,-0.2655695922860692,-0.5414730507276604,0.16410046433941047,-0.010411517611633657,-0.3167134021459758,0.048290572511901005,-0.09829587759098518,0.5344813466072083,0.1728994995355606,0.07628196477890015,0.7073808312416077,0.8661690950393677,0.93125319480896,1,"[0.5345, 0.1729, 0.0763, 0.0463, 0.0363, 0.0193, 0.0159, 0.0135, 0.0092, 0.0072]","[0.266, 0.541, 0.164, 0.045, 0.064, 0.289, 0.025, 0.024, 0.129, 0.086]",2000,0.09369927644729614,0.14550474059547752,
6,T3,1927,-0.5575911040523078,-0.4110198487568636,0.2207432086229995,-0.1520301854448565,-0.5250649732382698,0.011587672137961186,-0.1549749689680608,0.32305237650871277,0.14606061577796936,0.11775773763656616,0.46911299228668213,0.6755470037460327,0.7832475900650024,2,"[0.3231, 0.1461, 0.1178, 0.047, 0.0416, 0.0359, 0.0256, 0.0168, 0.0163, 0.0131]","[0.558, 0.411, 0.221, 0.089, 0.171, 0.143, 0.195, 0.053, 0.021, 0.145]",2000,0.13735030591487885,0.434117269884162,
6,T4,1927,-0.420580807842584,0.14341066700006105,0.5953354161066388,-0.18501070271751088,-0.6120952152637978,0.0024856871608953035,-0.15170093091348405,0.3765302300453186,0.16275975108146667,0.08473851531744003,0.5392899513244629,0.7030657529830933,0.8143606781959534,2,"[0.3765, 0.1628, 0.0847, 0.0429, 0.0362, 0.0316, 0.0253, 0.0212, 0.019, 0.0142]","[0.421, 0.143, 0.595, 0.066, 0.026, 0.285, 0.163, 0.144, 0.108, 0.082]",2000,0.0799698457121849,0.29776553447609444,
6,T5,1927,0.6050087303699047,-0.13998349474112431,0.08793491936189503,0.0015930355530713964,0.019727435442559657,0.0006161098593539449,-0.05901718525151233,0.4674573540687561,0.14229804277420044,0.11134365946054459,0.6097553968429565,0.80959552526474,0.9052776098251343,2,"[0.4675, 0.1423, 0.1113, 0.0563, 0.0322, 0.0254, 0.022, 0.0183, 0.0169, 0.0132]","[0.605, 0.14, 0.088, 0.111, 0.106, 0.066, 0.399, 0.08, 0.112, 0.094]",2000,0.20856614410877228,-0.5151487913780456,
6,T6,1927,0.5246157046949134,0.0906901267543791,0.12766207576548866,0.006938772878971175,0.1429294037262022,0.023188553440153845,0.0035562528353898218,0.5330511331558228,0.10385575145483017,0.07202474772930145,0.6369068622589111,0.7856417298316956,0.8619665503501892,3,"[0.5331, 0.1039, 0.072, 0.0444, 0.0323, 0.0242, 0.016, 0.0151, 0.0109, 0.0101]","[0.525, 0.091, 0.128, 0.375, 0.007, 0.115, 0.021, 0.307, 0.096, 0.271]",2000,0.1949150711297989,-0.4205456531909858,
6,T7,1927,-0.3299940460162484,0.22598669763383478,0.5527295577785879,-0.18387163594553987,-0.5849429954411804,-0.01782217342293576,-0.1591152816476794,0.5429142713546753,0.17978639900684357,0.09768041968345642,0.7227006554603577,0.8843634128570557,0.9272787570953369,2,"[0.5429, 0.1798, 0.0977, 0.0448, 0.0192, 0.0128, 0.0094, 0.0081, 0.0066, 0.006]","[0.33, 0.226, 0.553, 0.282, 0.006, 0.142, 0.016, 0.079, 0.097, 0.114]",2000,0.10595986992120743,0.18515668963576415,
6,T8,1927,-0.32637816473643,-0.03260845857605578,0.5962996413562522,-0.20435089885443725,-0.6439422484000351,0.018797592404810413,-0.16166238746428346,0.3827644884586334,0.2059982270002365,0.11627037078142166,0.5887627005577087,0.7852715849876404,0.8564032316207886,2,"[0.3828, 0.206, 0.1163, 0.043, 0.0373, 0.0197, 0.016, 0.0149, 0.0115, 0.0091]","[0.326, 0.033, 0.596, 0.299, 0.155, 0.031, 0.011, 0.003, 0.199, 0.05]",2000,0.099617138504982,0.1878257011120689,
6,R0,1927,-0.49821958198640615,0.08041362817305614,-0.5839750726976676,-0.18558167522893274,-0.5882101384955013,0.02059999759342419,-0.22576697547185431,0.30004817247390747,0.17728817462921143,0.11028067767620087,0.4773363471031189,0.6757024526596069,0.7805362343788147,2,"[0.3, 0.1773, 0.1103, 0.0468, 0.0412, 0.0265, 0.0246, 0.0205, 0.0182, 0.015]","[0.498, 0.08, 0.584, 0.274, 0.134, 0.117, 0.052, 0.043, 0.103, 0.035]",2000,0.10314443707466125,0.31685617884330874,
6,R1,1927,0.5853798726884324,-0.15936459847808065,-0.5143480703190175,0.17064901640964752,0.5212157334969,-0.01877154037946338,0.20655210933917711,0.3605823814868927,0.15040072798728943,0.09383434802293777,0.5109831094741821,0.6841900944709778,0.7864449620246887,3,"[0.3606, 0.1504, 0.0938, 0.0432, 0.0362, 0.0274, 0.0246, 0.0189, 0.0165, 0.0149]","[0.585, 0.159, 0.514, 0.361, 0.056, 0.104, 0.107, 0.199, 0.01, 0.279]",2000,0.1064138188958168,-0.34038993637861137,
6,R2,1927,0.6002963873821803,0.014590670684574402,-0.5670924101675324,0.1796354691848587,0.5014074452766725,-0.03943508599184803,0.18708717268607747,0.3481382429599762,0.1499260812997818,0.10000789165496826,0.4980643391609192,0.675243616104126,0.7663303017616272,2,"[0.3481, 0.1499, 0.1, 0.0452, 0.032, 0.0244, 0.0196, 0.0172, 0.0152, 0.0147]","[0.6, 0.015, 0.567, 0.158, 0.256, 0.044, 0.065, 0.005, 0.044, 0.103]",2000,0.12494959682226181,-0.42136958391519796,
6,R3,1927,0.2522726568962831,0.018570444395325347,-0.5596313201063995,0.09876157379821356,0.04977673756088988,-0.10246897177690859,0.09560084909313557,0.5994966626167297,0.3980264365673065,0.0007144954288378358,0.9975230693817139,0.998609721660614,0.9990882873535156,2,"[0.5995, 0.398, 0.0007, 0.0002, 0.0002, 0.0001, 0.0001, 0.0001, 0.0001, 0.0001]","[0.252, 0.019, 0.56, 0.103, 0.614, 0.063, 0.241, 0.051, 0.157, 0.233]",2000,-0.016073020175099373,-0.15507117187319772,
6,R4,1927,0.23415905421219133,0.057376461670535894,-0.1800374906035653,0.14433459788001374,0.1974900793891728,-0.20277507530679914,0.09776431343668282,0.4621858596801758,0.29376912117004395,0.2031049281358719,0.7559549808502197,0.9976984262466431,0.9985618591308594,3,"[0.4622, 0.2938, 0.2031, 0.038, 0.0007, 0.0002, 0.0002, 0.0002, 0.0001, 0.0001]","[0.234, 0.057, 0.18, 0.128, 0.506, 0.422, 0.42, 0.042, 0.197, 0.066]",2000,-0.029877159744501114,-0.06475573474307131,
6,R5,1927,0.22351487219743274,0.1297329399165222,0.03022114650366312,0.10204095663209287,0.129778534201211,0.02362271041640064,0.08751735798974582,0.5025783777236938,0.42963942885398865,0.05144134536385536,0.9322178363800049,0.9962868094444275,0.9981369376182556,3,"[0.5026, 0.4296, 0.0514, 0.0116, 0.001, 0.0006, 0.0005, 0.0003, 0.0002, 0.0002]","[0.224, 0.13, 0.03, 0.011, 0.439, 0.007, 0.193, 0.361, 0.388, 0.021]",2000,-0.04834136366844177,-0.08711582240240377,
6,R6,1927,0.06847587476015135,-0.04140445212799165,-0.09318713119535967,0.10951350749232121,0.052681649391992706,-0.12203035445612206,-0.0017992238635207625,0.5930352210998535,0.16177107393741608,0.07985402643680573,0.7548062801361084,0.9488515257835388,0.9849393963813782,0,"[0.593, 0.1618, 0.0799, 0.0699, 0.0443, 0.0115, 0.0092, 0.0062, 0.0052, 0.004]","[0.068, 0.041, 0.093, 0.112, 0.075, 0.043, 0.055, 0.001, 0.045, 0.036]",2000,-0.009527410380542278,0.01696708737353131,
6,R7,1927,-0.023886640878526207,-0.042845919839767675,0.0752624044505684,0.06443994538036893,-0.4189082634757608,-0.03436210751017488,0.03643794668114592,0.6736103296279907,0.10467840731143951,0.07700606435537338,0.778288722038269,0.9346346855163574,0.9799842238426208,0,"[0.6736, 0.1047, 0.077, 0.0568, 0.0225, 0.0168, 0.0112, 0.007, 0.006, 0.0044]","[0.024, 0.043, 0.075, 0.071, 0.085, 0.017, 0.053, 0.0, 0.188, 0.02]",2000,0.029755372554063797,0.06990882780015556,
7,T0,1927,-0.5674378360233402,-0.020181509265590647,-0.30363789575375283,-0.20247103442516795,-0.45266889732321525,0.03522860480595247,-0.14708012843915697,0.48915669322013855,0.18561747670173645,0.06416113674640656,0.674774169921875,0.8085840940475464,0.864658534526825,2,"[0.4892, 0.1856, 0.0642, 0.0423, 0.0274, 0.0146, 0.0136, 0.0112, 0.0094, 0.0072]","[0.567, 0.02, 0.304, 0.233, 0.147, 0.276, 0.178, 0.066, 0.021, 0.045]",2000,0.18519005179405212,0.43160399236208785,
7,T1,1927,0.5717485889521651,0.0004930159380055209,-0.1974716691922273,0.17487170463841156,0.4496583376610545,-0.028799890963506162,0.21440282444881653,0.37510398030281067,0.11758433282375336,0.10255478322505951,0.49268829822540283,0.7138330936431885,0.8133675456047058,2,"[0.3751, 0.1176, 0.1026, 0.0725, 0.0461, 0.0297, 0.0223, 0.02, 0.0145, 0.0131]","[0.572, 0.0, 0.197, 0.515, 0.083, 0.16, 0.098, 0.291, 0.156, 0.07]",2000,0.12094715982675552,-0.2559298213949026,
7,T2,1927,-0.27899608749780297,-0.5395894551751405,0.1898208667066168,-0.017849228102592048,-0.3381971106982781,0.049352217364396156,-0.10263762658226364,0.5038980841636658,0.16841340065002441,0.07713137567043304,0.6723114848136902,0.8370521068572998,0.9055472016334534,1,"[0.5039, 0.1684, 0.0771, 0.0463, 0.0413, 0.0199, 0.0167, 0.0139, 0.0097, 0.0083]","[0.279, 0.54, 0.19, 0.019, 0.093, 0.298, 0.014, 0.027, 0.116, 0.051]",2000,0.09054559469223022,0.16163872848593897,
7,T3,1927,0.5264222912896708,-0.44519435453220696,-0.2882767476166705,0.13407177344564483,0.5611537105533274,-0.014272666275000965,0.14946239746122553,0.300557941198349,0.12786400318145752,0.10808978974819183,0.4284219443798065,0.623105525970459,0.751091480255127,2,"[0.3006, 0.1279, 0.1081, 0.0454, 0.0412, 0.0376, 0.0313, 0.0249, 0.018, 0.0161]","[0.526, 0.445, 0.288, 0.059, 0.261, 0.19, 0.035, 0.272, 0.151, 0.192]",2000,0.12164793163537979,-0.39951430271782956,
7,T4,1927,-0.4417055890977535,-0.07348521617116324,0.5673698211646592,-0.20321489644743537,-0.6332048351563704,0.006384231553659923,-0.14118647482314503,0.36058294773101807,0.1706928312778473,0.0786866620182991,0.531275749206543,0.6929332613945007,0.7993964552879333,2,"[0.3606, 0.1707, 0.0787, 0.0448, 0.0381, 0.0299, 0.0239, 0.0205, 0.0175, 0.0148]","[0.442, 0.073, 0.567, 0.046, 0.187, 0.279, 0.251, 0.066, 0.085, 0.059]",2000,0.08646276593208313,0.32456434567405396,
7,T5,1927,-0.6029617541413995,-0.14468624718692977,0.09723988945782501,0.002246687865331762,-0.019787184032896123,0.0060447733878973295,0.060164236386493,0.4605557322502136,0.1523769050836563,0.10762245953083038,0.6129326224327087,0.805309534072876,0.8988819122314453,2,"[0.4606, 0.1524, 0.1076, 0.0541, 0.0307, 0.0252, 0.0222, 0.0171, 0.0162, 0.0129]","[0.603, 0.145, 0.097, 0.12, 0.025, 0.068, 0.4, 0.138, 0.118, 0.181]",2000,0.20890238881111145,0.5054383232924037,
7,T6,1927,0.5359107624807126,0.016157326934803255,0.15073701389678298,0.016002704319142615,0.16881769741140304,0.01934587456637639,0.012056445050057048,0.49864882230758667,0.10848227143287659,0.07089673727750778,0.6071311235427856,0.7525100708007812,0.8365216255187988,4,"[0.4986, 0.1085, 0.0709, 0.0424, 0.0321, 0.025, 0.0182, 0.0163, 0.0128, 0.0117]","[0.536, 0.016, 0.151, 0.388, 0.04, 0.144, 0.034, 0.204, 0.309, 0.342]",2000,0.1891321837902069,-0.42334481295270715,
7,T7,1927,-0.3332360744641253,0.2680444108629799,0.5222688687705663,-0.1851278500734116,-0.5991827307837172,-0.019160867553182553,-0.1595654616002554,0.514471173286438,0.1801886111497879,0.10542906820774078,0.6946597695350647,0.866372287273407,0.9115031957626343,3,"[0.5145, 0.1802, 0.1054, 0.047, 0.0193, 0.0131, 0.0093, 0.0086, 0.0073, 0.0068]","[0.333, 0.268, 0.522, 0.313, 0.016, 0.117, 0.048, 0.017, 0.214, 0.102]",2000,0.10694621503353119,0.18712598563217556,
7,T8,1927,-0.323815382033871,-0.011535010378109193,0.6058447171800693,-0.1999161439951269,-0.6482162986150914,0.007361013458464116,-0.14560917942629864,0.3567197918891907,0.20389631390571594,0.1067940890789032,0.560616135597229,0.7471343278884888,0.8269370794296265,2,"[0.3567, 0.2039, 0.1068, 0.0413, 0.0384, 0.0222, 0.0185, 0.0156, 0.012, 0.0115]","[0.324, 0.012, 0.606, 0.283, 0.123, 0.059, 0.07, 0.069, 0.211, 0.106]",2000,0.0946081280708313,0.1913365533892108,
7,R0,1927,-0.5505792028433406,0.05096780577573152,-0.46333014559247665,-0.16357290696992474,-0.5071119878554324,0.025137506825722664,-0.29061613007088066,0.2878178060054779,0.129739910364151,0.10059144347906113,0.4175577163696289,0.612686038017273,0.748286247253418,4,"[0.2878, 0.1297, 0.1006, 0.0567, 0.0379, 0.0375, 0.0299, 0.027, 0.0235, 0.0178]","[0.551, 0.051, 0.463, 0.415, 0.388, 0.13, 0.096, 0.175, 0.021, 0.039]",2000,0.0989241674542427,0.35652489926933817,
7,R1,1927,0.6396446038128439,-0.021873440093420068,0.09409414171802481,0.11229741181743755,0.34941279460572944,-0.018321296508157843,0.36337957797086984,0.3079322576522827,0.10227792710065842,0.0905376523733139,0.41021019220352173,0.6356439590454102,0.7718292474746704,3,"[0.3079, 0.1023, 0.0905, 0.0782, 0.0567, 0.047, 0.0325, 0.021, 0.0203, 0.0153]","[0.64, 0.022, 0.094, 0.426, 0.138, 0.339, 0.165, 0.169, 0.149, 0.162]",2000,0.1000353991985321,-0.3253437082841566,
7,R2,1927,0.6406659773499962,0.005810511118459541,-0.4446897602327185,0.16380826491992384,0.430648331425437,-0.03935639675525328,0.22614647911159963,0.2940828800201416,0.10982395708560944,0.08985438942909241,0.40390682220458984,0.5896610617637634,0.7157920598983765,3,"[0.2941, 0.1098, 0.0899, 0.0545, 0.0414, 0.0332, 0.0283, 0.0252, 0.0201, 0.0194]","[0.641, 0.006, 0.445, 0.445, 0.165, 0.076, 0.024, 0.041, 0.11, 0.079]",2000,0.10938673466444016,-0.41992429708684265,
7,R3,1927,0.21732451641942094,-0.009023956940123298,-0.5821710156189134,0.09326201093636187,0.039771407023476285,-0.12240004079224298,0.05234617552039229,0.5881022810935974,0.4077540636062622,0.0009147871751338243,0.9958563446998596,0.9973328113555908,0.9982583522796631,3,"[0.5881, 0.4078, 0.0009, 0.0003, 0.0003, 0.0002, 0.0002, 0.0002, 0.0002, 0.0001]","[0.217, 0.009, 0.582, 0.117, 0.366, 0.26, 0.195, 0.311, 0.099, 0.194]",2000,-0.015810875222086906,-0.16439574435948875,
7,R4,1927,0.2641675614256047,-0.0808727130086308,-0.2133827877858078,0.15031037714460002,0.1999545822330527,-0.20527833209454785,0.08980362008495067,0.4458787143230438,0.2967645823955536,0.21331974864006042,0.7426432967185974,0.9952417016029358,0.9970127940177917,2,"[0.4459, 0.2968, 0.2133, 0.0381, 0.0012, 0.0005, 0.0004, 0.0004, 0.0003, 0.0003]","[0.264, 0.081, 0.213, 0.064, 0.638, 0.208, 0.112, 0.429, 0.264, 0.091]",2000,-0.02840210124850273,-0.09115516144233106,
7,R5,1927,0.0486179869423157,0.1193311992484485,0.06817919534043987,0.06587409623580703,-0.06556765789782149,0.019578692315482312,0.04572788494510866,0.5171484351158142,0.39784500002861023,0.06179039552807808,0.914993405342102,0.9893041253089905,0.9944347739219666,2,"[0.5171, 0.3978, 0.0618, 0.0103, 0.0022, 0.0015, 0.0014, 0.0009, 0.0007, 0.0006]","[0.049, 0.119, 0.068, 0.048, 0.215, 0.434, 0.169, 0.074, 0.31, 0.012]",2000,-0.04389244690537453,0.048064983383756706,
7,R6,1927,-0.0460759091429433,-0.0481292793830793,-0.1272469809929183,-0.10901682067821604,-0.0709758034404491,0.11870948287829149,0.06584706984145046,0.557554304599762,0.1706126481294632,0.08634128421545029,0.728166937828064,0.9181671142578125,0.9682263135910034,0,"[0.5576, 0.1706, 0.0863, 0.0654, 0.0383, 0.0187, 0.0125, 0.0096, 0.005, 0.0042]","[0.046, 0.048, 0.127, 0.097, 0.022, 0.074, 0.08, 0.012, 0.039, 0.016]",2000,-0.007696130778640509,-0.010928504973919416,
7,R7,1927,-0.028962579342723796,0.028621188768196325,0.18143357527813941,0.07422295035208945,-0.3948239705274306,-0.04517613504311002,0.03504950064287538,0.4262961745262146,0.14540496468544006,0.13166853785514832,0.571701169013977,0.857350766658783,0.9491898417472839,0,"[0.4263, 0.1454, 0.1317, 0.1098, 0.0442, 0.0326, 0.0189, 0.015, 0.0141, 0.0113]","[0.029, 0.029, 0.181, 0.036, 0.125, 0.005, 0.058, 0.013, 0.02, 0.145]",2000,0.04725102335214615,0.10427511362586528,
8,T0,1927,-0.5840809050475348,-0.032749132859335256,-0.2935268927583256,-0.1986237508168218,-0.4544523093260017,0.022168185765323666,-0.14800365479364103,0.4736216068267822,0.172074556350708,0.07689865678548813,0.6456961631774902,0.7879795432090759,0.8442674279212952,1,"[0.4736, 0.1721, 0.0769, 0.037, 0.0284, 0.0147, 0.0134, 0.0113, 0.0088, 0.0082]","[0.584, 0.033, 0.294, 0.283, 0.112, 0.238, 0.242, 0.105, 0.196, 0.164]",2000,0.1895638406276703,0.4403352942367449,
8,T1,1927,-0.5989676077808191,0.0019538993223291896,-0.5793360756012997,-0.1885746021135331,-0.48022435446266065,0.01726261931723291,-0.2151957857877094,0.3494033217430115,0.12120106816291809,0.07362446933984756,0.47060438990592957,0.6608414649963379,0.7805163264274597,2,"[0.3494, 0.1212, 0.0736, 0.0713, 0.0453, 0.0337, 0.0279, 0.0253, 0.018, 0.0148]","[0.599, 0.002, 0.579, 0.067, 0.022, 0.232, 0.228, 0.232, 0.058, 0.026]",2000,0.1279420405626297,0.3212973125535176,
8,T2,1927,0.27021565981788803,0.5445113004343416,0.1971595067725731,0.017220486981979397,0.34358845151372197,-0.049659256401891186,0.10278480563853545,0.47278693318367004,0.16591350734233856,0.08277475833892822,0.6387004256248474,0.8079811930656433,0.8818141222000122,2,"[0.4728, 0.1659, 0.0828, 0.0473, 0.0392, 0.0216, 0.0181, 0.0145, 0.0105, 0.0091]","[0.27, 0.545, 0.197, 0.082, 0.089, 0.326, 0.114, 0.095, 0.201, 0.265]",2000,0.08989375084638596,-0.16151789745305783,
8,T3,1927,0.5184633154306202,0.5139170190451724,-0.16983029431425678,0.1488461084336025,0.5683673563024318,-0.0062400189396201785,0.15527047778075084,0.26017820835113525,0.13911859691143036,0.10625479370355606,0.3992968201637268,0.5971794724464417,0.733659029006958,3,"[0.2602, 0.1391, 0.1063, 0.0498, 0.0418, 0.0373, 0.0298, 0.0265, 0.0245, 0.0185]","[0.518, 0.514, 0.17, 0.166, 0.293, 0.123, 0.21, 0.036, 0.308, 0.082]",2000,0.11729540675878525,-0.39343762781421443,
8,T4,1927,-0.43585201231870807,-0.06287974290847863,-0.5014942245878158,-0.2032916602354196,-0.6303404143266713,0.0023012719424622035,-0.15975347867221085,0.3184119760990143,0.16691985726356506,0.07261555641889572,0.48533183336257935,0.6538637280464172,0.7695614695549011,4,"[0.3184, 0.1669, 0.0726, 0.0547, 0.0412, 0.0329, 0.0272, 0.0207, 0.0184, 0.0165]","[0.436, 0.063, 0.501, 0.062, 0.412, 0.293, 0.169, 0.019, 0.05, 0.351]",2000,0.08330544829368591,0.31925192885530906,
8,T5,1927,-0.6120864575568161,-0.12722815191881254,0.11119417946918424,-0.0029296358088898894,-0.022176794160099773,0.004679974193802355,0.053107950029665854,0.44032710790634155,0.15193518996238708,0.11046184599399567,0.5922622680664062,0.7881478667259216,0.8836016654968262,2,"[0.4403, 0.1519, 0.1105, 0.0534, 0.032, 0.0271, 0.0221, 0.0172, 0.016, 0.013]","[0.612, 0.127, 0.111, 0.109, 0.047, 0.256, 0.356, 0.055, 0.139, 0.237]",2000,0.2061484307050705,0.516535312812172,
8,T6,1927,0.5437847734065554,-0.006930123931060873,-0.06524919061697798,0.031608005503851525,0.19202368963113492,0.020661165943228303,0.020222638272002266,0.44414612650871277,0.12108196318149567,0.07053328305482864,0.5652281045913696,0.717838704586029,0.8126361966133118,3,"[0.4441, 0.1211, 0.0705, 0.0439, 0.0382, 0.028, 0.0199, 0.0186, 0.0152, 0.0131]","[0.544, 0.007, 0.065, 0.419, 0.083, 0.147, 0.084, 0.08, 0.492, 0.154]",2000,0.17810189723968506,-0.43091321458544346,
8,T7,1927,-0.3392130475361371,-0.25822753368885304,0.49623924437394107,-0.1954153288423604,-0.6109297533053893,-0.012213144122722765,-0.16502178042370283,0.5095517635345459,0.17469432950019836,0.10784075409173965,0.6842460632324219,0.8563244938850403,0.9036086201667786,3,"[0.5096, 0.1747, 0.1078, 0.0447, 0.0196, 0.0135, 0.0097, 0.0089, 0.008, 0.0071]","[0.339, 0.258, 0.496, 0.345, 0.023, 0.093, 0.183, 0.016, 0.241, 0.121]",2000,0.10482987761497498,0.18831695574575155,
8,T8,1927,-0.317714371241408,-0.14612089929501806,0.5931307798486293,-0.18761727024135164,-0.6414235535777711,0.012069570418251132,-0.13570864758272916,0.3638104498386383,0.20163318514823914,0.10146409273147583,0.5654436349868774,0.7435165047645569,0.8208906650543213,2,"[0.3638, 0.2016, 0.1015, 0.0411, 0.0355, 0.0228, 0.0172, 0.0135, 0.013, 0.0108]","[0.318, 0.146, 0.593, 0.228, 0.185, 0.105, 0.089, 0.052, 0.268, 0.007]",2000,0.09508460015058517,0.18344096891887365,
8,R0,1927,-0.5514629667563073,-0.11853160790250637,-0.31078234149284506,-0.1922948009395562,-0.542016748828165,0.012334154239932598,-0.27706253312893625,0.31527623534202576,0.10008474439382553,0.09192872792482376,0.4153609871864319,0.6175868511199951,0.755683958530426,4,"[0.3153, 0.1001, 0.0919, 0.0687, 0.0416, 0.0374, 0.0306, 0.0286, 0.0237, 0.0177]","[0.551, 0.119, 0.311, 0.563, 0.04, 0.328, 0.053, 0.042, 0.01, 0.16]",2000,0.09796436131000519,0.35428510465983404,
8,R1,1927,0.6602536871288338,0.30931473878389204,0.18916944544902034,0.1203838351745682,0.3884822406050901,-0.02874098291801877,0.30652081152725347,0.27778640389442444,0.10656780749559402,0.08913277834653854,0.38435420393943787,0.6080475449562073,0.7581751346588135,3,"[0.2778, 0.1066, 0.0891, 0.0738, 0.0608, 0.0533, 0.0332, 0.0253, 0.0211, 0.0171]","[0.66, 0.309, 0.189, 0.4, 0.127, 0.192, 0.136, 0.036, 0.119, 0.101]",2000,0.09591342508792877,-0.33402835589746627,
8,R2,1927,0.6407406352960502,0.2485493058803107,-0.3722892183039342,0.16870461144464707,0.44724450837781277,-0.039360353342417546,0.22551391338598314,0.2652607262134552,0.11642608791589737,0.08694902807474136,0.381686806678772,0.5669434070587158,0.7012481093406677,3,"[0.2653, 0.1164, 0.0869, 0.0571, 0.0412, 0.0367, 0.0294, 0.025, 0.0242, 0.0191]","[0.641, 0.249, 0.372, 0.453, 0.143, 0.061, 0.015, 0.015, 0.046, 0.119]",2000,0.10011166334152222,-0.4039677644827038,
8,R3,1927,0.19674188482419178,0.14979361243333797,0.5892051681493548,0.06732265106455837,-0.02290268506594335,-0.12359519695833462,-0.02296333867206706,0.5743505358695984,0.42095065116882324,0.0009160679765045643,0.9953011870384216,0.9970051646232605,0.9980625510215759,3,"[0.5744, 0.421, 0.0009, 0.0005, 0.0003, 0.0003, 0.0002, 0.0002, 0.0002, 0.0002]","[0.197, 0.15, 0.589, 0.406, 0.067, 0.325, 0.075, 0.031, 0.188, 0.108]",2000,-0.014454120770096779,-0.0795496150949056,
8,R4,1927,0.2757982561518086,0.2162539108772355,0.23341649915044538,0.11050873271895154,0.14047440163490818,-0.010518100430798942,0.02963577542151556,0.44077831506729126,0.3454541265964508,0.1735381782054901,0.7862324714660645,0.9946527481079102,0.9968312382698059,2,"[0.4408, 0.3455, 0.1735, 0.0336, 0.0013, 0.0007, 0.0005, 0.0004, 0.0003, 0.0002]","[0.276, 0.216, 0.233, 0.073, 0.602, 0.235, 0.136, 0.487, 0.0, 0.175]",2000,-0.025938404724001884,-0.08369311086914254,
8,R5,1927,0.1533025409130494,0.1762587629751353,0.10890256404419969,0.03972282630048339,-0.03335116145304514,-0.11262818240297424,0.020098098156643842,0.5190240740776062,0.38679054379463196,0.06748265773057938,0.9058146476745605,0.985008180141449,0.9917272925376892,2,"[0.519, 0.3868, 0.0675, 0.0092, 0.0025, 0.002, 0.0016, 0.0012, 0.0011, 0.0009]","[0.153, 0.176, 0.109, 0.077, 0.334, 0.391, 0.202, 0.046, 0.162, 0.157]",2000,-0.039400603622198105,-0.026772351555505433,
8,R6,1927,0.0049348882579170455,-0.034380865539444756,0.14640888501961272,-0.11286332957695362,-0.06152631862582689,0.12304211442166706,0.09530280615348706,0.5018810033798218,0.169163778424263,0.08658108115196228,0.6710447669029236,0.8731949925422668,0.9409707188606262,2,"[0.5019, 0.1692, 0.0866, 0.0702, 0.0454, 0.0268, 0.0133, 0.0108, 0.0094, 0.0075]","[0.005, 0.034, 0.146, 0.064, 0.121, 0.161, 0.029, 0.047, 0.306, 0.334]",2000,-0.0035199883859604597,0.003154071858301804,
8,R7,1927,-0.0453331530667984,0.06117391623887418,0.06467542919414074,0.07916128452367674,-0.34312580560207234,-0.009094121018195607,0.06217282729178787,0.46777161955833435,0.15024225413799286,0.11749321222305298,0.618013858795166,0.8590303063392639,0.9360101819038391,0,"[0.4678, 0.1502, 0.1175, 0.0833, 0.0402, 0.0321, 0.0156, 0.0112, 0.0097, 0.0085]","[0.045, 0.061, 0.065, 0.002, 0.098, 0.027, 0.066, 0.029, 0.05, 0.123]",2000,0.04075596481561661,0.12255772760102163,
9,T0,1927,-0.592435320600349,-0.05820026694894335,-0.32257950552524334,-0.19867514785306703,-0.46904741914340564,0.024006538710810366,-0.15755586840113764,0.4444079101085663,0.1612977832555771,0.0728493332862854,0.6057056784629822,0.7443526983261108,0.8153008818626404,4,"[0.4444, 0.1613, 0.0728, 0.0361, 0.0297, 0.0204, 0.0153, 0.0141, 0.0115, 0.0096]","[0.592, 0.058, 0.323, 0.306, 0.133, 0.24, 0.027, 0.314, 0.045, 0.15]",2000,0.18380828201770782,0.43733155750084807,
9,T1,1927,0.6664709036993511,-0.035112897467609205,-0.6120866999219114,0.19370324521142712,0.42125803135568246,0.012321895505683172,0.20994658564665528,0.3105778098106384,0.10478074103593826,0.0760435238480568,0.4153585433959961,0.6050711870193481,0.7477301359176636,2,"[0.3106, 0.1048, 0.076, 0.0595, 0.0542, 0.0406, 0.0366, 0.0296, 0.0186, 0.0173]","[0.666, 0.035, 0.612, 0.117, 0.028, 0.056, 0.058, 0.24, 0.087, 0.146]",2000,0.12272917479276657,-0.3697335086410312,
9,T2,1927,0.2997107225566195,0.5670928387596951,0.216142798883689,0.012545764275597789,0.3471316851986688,-0.044509132158808695,0.10402301852970258,0.43177974224090576,0.1685306429862976,0.079188771545887,0.6003103852272034,0.7667027711868286,0.8623917102813721,2,"[0.4318, 0.1685, 0.0792, 0.0502, 0.037, 0.0297, 0.0236, 0.0174, 0.0134, 0.0116]","[0.3, 0.567, 0.216, 0.161, 0.038, 0.312, 0.241, 0.108, 0.134, 0.261]",2000,0.09787295758724213,-0.18896534742219512,
9,T3,1927,0.5594167381470561,0.49178641107844995,-0.14696812221648425,0.1678604841858654,0.562053008089345,0.008818863058945766,0.1678548773958478,0.21936766803264618,0.11808112263679504,0.0984862819314003,0.33744877576828003,0.5479742288589478,0.6928770542144775,4,"[0.2194, 0.1181, 0.0985, 0.0688, 0.0432, 0.0343, 0.0321, 0.0292, 0.0278, 0.0215]","[0.559, 0.492, 0.147, 0.32, 0.082, 0.313, 0.174, 0.093, 0.057, 0.086]",2000,0.10861461609601974,-0.39269466725929686,
9,T4,1927,-0.4428975048884344,-0.07058006803043036,0.17808637985901746,-0.18796535514888105,-0.5992034891988696,0.025141864013180422,-0.18230216263530946,0.2576054632663727,0.12771683931350708,0.08823150396347046,0.38532230257987976,0.5888025760650635,0.7228959202766418,2,"[0.2576, 0.1277, 0.0882, 0.0674, 0.0478, 0.0343, 0.0269, 0.0263, 0.0248, 0.0218]","[0.443, 0.071, 0.178, 0.688, 0.098, 0.202, 0.089, 0.159, 0.147, 0.028]",2000,0.07680642604827881,0.3150387474387563,
9,T5,1927,-0.6213859381160927,-0.09437282074244416,-0.13801854324570323,-0.01779456169671181,-0.01766557819109379,0.0024910657360071114,0.044898468216582985,0.3666258752346039,0.15810413658618927,0.1229477971792221,0.5247300267219543,0.7446980476379395,0.8515852689743042,2,"[0.3666, 0.1581, 0.1229, 0.0612, 0.0358, 0.0304, 0.0238, 0.0202, 0.0166, 0.0158]","[0.621, 0.094, 0.138, 0.109, 0.193, 0.549, 0.277, 0.04, 0.157, 0.149]",2000,0.18981358408927917,0.5467391620313944,
9,T6,1927,0.5771672242117994,0.005439060072329981,0.1347007003793596,0.035276150838189795,0.19926438795925985,-0.000234279085626507,0.05831000089211544,0.3380856513977051,0.10030394047498703,0.08783995360136032,0.4383895993232727,0.6329794526100159,0.779446542263031,3,"[0.3381, 0.1003, 0.0878, 0.0566, 0.0501, 0.0426, 0.0354, 0.0263, 0.0232, 0.0189]","[0.577, 0.005, 0.135, 0.075, 0.402, 0.165, 0.04, 0.03, 0.018, 0.311]",2000,0.14894437789916992,-0.44090843923220896,
9,T7,1927,-0.35390576336458757,-0.2662480752888259,0.48643040387376063,-0.20237776382371556,-0.6141841682776126,-0.012931859934998588,-0.1647815970699366,0.4830475449562073,0.16884049773216248,0.10461079329252243,0.6518880128860474,0.8218419551849365,0.8802204132080078,3,"[0.483, 0.1688, 0.1046, 0.0443, 0.021, 0.019, 0.0131, 0.0096, 0.0084, 0.0083]","[0.354, 0.266, 0.486, 0.354, 0.055, 0.048, 0.281, 0.146, 0.143, 0.13]",2000,0.10024921596050262,0.20103620245697656,
9,T8,1927,0.48052177798059864,-0.30480816937071925,0.5388427229812831,0.1910145428922854,0.5735422656946754,0.01042856840894574,0.14837526611841267,0.3079787790775299,0.1568322330713272,0.1261245161294937,0.4648110270500183,0.6939066052436829,0.8040764927864075,3,"[0.308, 0.1568, 0.1261, 0.0678, 0.0352, 0.0274, 0.0255, 0.0237, 0.0185, 0.015]","[0.481, 0.305, 0.539, 0.125, 0.151, 0.059, 0.052, 0.034, 0.086, 0.183]",2000,0.11419504135847092,-0.326402377944648,
9,R0,1927,-0.5420113455662933,-0.09471074467155181,0.5421100918720305,-0.19148975712966396,-0.5491172932815431,-0.017852854732287454,-0.28231110272450327,0.29115214943885803,0.10022817552089691,0.08871033042669296,0.39138031005859375,0.6055280566215515,0.747378408908844,3,"[0.2912, 0.1002, 0.0887, 0.0815, 0.0439, 0.0372, 0.0299, 0.0267, 0.0249, 0.0231]","[0.542, 0.095, 0.542, 0.189, 0.182, 0.311, 0.243, 0.06, 0.205, 0.114]",2000,0.08578816801309586,0.3269077497097713,
9,R1,1927,0.7079139893860374,-0.22499803739128188,0.22227781247845663,0.11632639054628874,0.3679339383643588,-0.035494236171307876,0.24280872335196796,0.2745824456214905,0.11683283001184464,0.08917281031608582,0.3914152681827545,0.604351818561554,0.7514822483062744,2,"[0.2746, 0.1168, 0.0892, 0.0691, 0.0546, 0.0497, 0.0332, 0.0261, 0.0211, 0.0171]","[0.708, 0.225, 0.222, 0.344, 0.165, 0.122, 0.191, 0.147, 0.11, 0.05]",2000,0.09747001528739929,-0.32038169493386864,
9,R2,1927,0.6204770687709849,0.563807399044739,-0.08063333828531104,0.18914317031232936,0.4925152164056859,-0.03885128697746088,0.1446026105781685,0.22686932981014252,0.09908825159072876,0.09282707422971725,0.32595759630203247,0.5461702346801758,0.6985547542572021,2,"[0.2269, 0.0991, 0.0928, 0.0747, 0.0526, 0.0377, 0.0356, 0.0302, 0.0268, 0.0221]","[0.62, 0.564, 0.081, 0.297, 0.061, 0.239, 0.0, 0.141, 0.164, 0.066]",2000,0.08959060162305832,-0.39889459944877836,
9,R3,1927,0.06359065697460516,0.05957147245613194,-0.5780604618252422,0.007469016913301328,-0.033690327676266854,-0.16790498990435854,-0.03551858747191713,0.606742799282074,0.3890331983566284,0.0007103804964572191,0.9957759976387024,0.9972674250602722,0.9982136487960815,2,"[0.6067, 0.389, 0.0007, 0.0005, 0.0003, 0.0002, 0.0002, 0.0002, 0.0002, 0.0001]","[0.064, 0.06, 0.578, 0.396, 0.068, 0.143, 0.221, 0.199, 0.069, 0.28]",2000,-0.013521003536880016,-0.011153358047655087,
9,R4,1927,-0.3090337408962151,0.1171485798557298,0.18919906054684615,-0.17549610818440256,-0.2030871199987381,0.1528928740148211,-0.04508427615487384,0.38850629329681396,0.3418934643268585,0.2306257039308548,0.7303997278213501,0.9954160451889038,0.9972580671310425,3,"[0.3885, 0.3419, 0.2306, 0.0334, 0.001, 0.0006, 0.0005, 0.0004, 0.0002, 0.0002]","[0.309, 0.117, 0.189, 0.168, 0.661, 0.138, 0.05, 0.474, 0.045, 0.071]",2000,-0.02370934747159481,0.11359277878922679,
9,R5,1927,-0.1946709158766149,0.048730886657654494,0.1470834757244858,-0.03495055945108852,0.002122744548693078,0.20066507701447017,-0.011885028154368676,0.4956094026565552,0.3911166787147522,0.08343899995088577,0.8867260813713074,0.9854630827903748,0.9920989871025085,1,"[0.4956, 0.3911, 0.0834, 0.0127, 0.0026, 0.0021, 0.0014, 0.0013, 0.001, 0.0008]","[0.195, 0.049, 0.147, 0.004, 0.294, 0.395, 0.216, 0.017, 0.249, 0.106]",2000,-0.036355745047330856,0.016766113568765947,
9,R6,1927,-0.002887139801773318,-0.03896929862273323,0.09463558186885404,-0.12224136156175927,-0.019749461854865747,0.13650508049665838,0.09308362691563402,0.48068127036094666,0.17161592841148376,0.09260780364274979,0.6522971987724304,0.8747391700744629,0.9404528737068176,1,"[0.4807, 0.1716, 0.0926, 0.0829, 0.0469, 0.0253, 0.0142, 0.0101, 0.009, 0.0072]","[0.003, 0.039, 0.095, 0.017, 0.127, 0.103, 0.026, 0.082, 0.166, 0.431]",2000,-0.003616955829784274,0.00243659241305771,
9,R7,1927,-0.04765137151750442,0.06609682288232466,0.12040169069702605,0.07628964089214653,-0.3584488105268594,-0.01895866478570272,0.05640111607082919,0.42411285638809204,0.1614741086959839,0.13385535776615143,0.5855869650840759,0.8467704653739929,0.9334287047386169,0,"[0.4241, 0.1615, 0.1339, 0.0857, 0.0416, 0.0366, 0.0146, 0.0138, 0.0114, 0.0104]","[0.048, 0.066, 0.12, 0.003, 0.092, 0.062, 0.061, 0.076, 0.044, 0.063]",2000,0.04208752512931824,0.12491365524212843,
10,T0,1927,-0.5535082169215203,0.1242500447874088,-0.2645078833066824,-0.20106785061539137,-0.5257114413746572,0.01525580329776194,-0.16114332729491732,0.4327002167701721,0.18258674442768097,0.07822947949171066,0.6152869462966919,0.7582236528396606,0.8234425187110901,2,"[0.4327, 0.1826, 0.0782, 0.0397, 0.025, 0.018, 0.0151, 0.012, 0.0109, 0.0092]","[0.554, 0.124, 0.265, 0.284, 0.308, 0.185, 0.227, 0.006, 0.264, 0.15]",2000,0.17410235106945038,0.41092026982167834,
10,T1,1927,0.6780153783930144,-0.2966924316657239,-0.5437796874137929,0.18555417762803145,0.407321205342152,0.015918930044652075,0.19170677791632923,0.28180503845214844,0.11078940331935883,0.09185682237148285,0.39259445667266846,0.6010252237319946,0.7433245778083801,2,"[0.2818, 0.1108, 0.0919, 0.0637, 0.0529, 0.041, 0.0352, 0.0284, 0.0197, 0.018]","[0.678, 0.297, 0.544, 0.068, 0.119, 0.014, 0.101, 0.189, 0.097, 0.02]",2000,0.12477073818445206,-0.42504304966483986,
10,T2,1927,0.3134978722527219,0.49667474759379426,0.2957686394616654,0.026415709381591566,0.3701873381430587,-0.04014113911592615,0.11162920480214891,0.42019182443618774,0.17548589408397675,0.07610961049795151,0.5956777334213257,0.7712504863739014,0.8630852699279785,2,"[0.4202, 0.1755, 0.0761, 0.0623, 0.0372, 0.0282, 0.022, 0.0174, 0.0133, 0.0109]","[0.313, 0.497, 0.296, 0.161, 0.007, 0.297, 0.276, 0.114, 0.144, 0.294]",2000,0.09561754018068314,-0.1962153819686916,
10,T3,1927,0.5313476202489678,0.41916445569967486,0.30111142742671554,0.1990438636315645,0.5918027035753931,-0.003466900660204981,0.18777583823260272,0.23088297247886658,0.10832544416189194,0.10001776367425919,0.3392084240913391,0.546747088432312,0.6940342783927917,4,"[0.2309, 0.1083, 0.1, 0.0639, 0.0436, 0.0374, 0.0323, 0.0297, 0.0276, 0.0203]","[0.531, 0.419, 0.301, 0.356, 0.294, 0.165, 0.102, 0.073, 0.129, 0.07]",2000,0.10079045593738556,-0.3472582349976472,
10,T4,1927,-0.48628682347696994,-0.14523411307317735,-0.41500040809764527,-0.16529112031670995,-0.5616208886486513,0.007135565016551587,-0.1754249390392505,0.23485320806503296,0.16224679350852966,0.08876924216747284,0.3971000015735626,0.6108723878860474,0.7313479781150818,3,"[0.2349, 0.1622, 0.0888, 0.0745, 0.0505, 0.0329, 0.0256, 0.0227, 0.0206, 0.0187]","[0.486, 0.145, 0.415, 0.101, 0.525, 0.103, 0.012, 0.054, 0.272, 0.01]",2000,0.09073720127344131,0.3092867162806302,
10,T5,1927,-0.6243891095589603,0.07599612863216232,-0.11694863219280827,-0.038573877488621226,-0.06687318636337851,-0.0007206115164855373,0.03545718273354754,0.35603412985801697,0.1515118032693863,0.12298930436372757,0.5075459480285645,0.7299145460128784,0.8425398468971252,2,"[0.356, 0.1515, 0.123, 0.0627, 0.0367, 0.032, 0.0251, 0.0215, 0.0183, 0.0156]","[0.624, 0.076, 0.117, 0.115, 0.408, 0.236, 0.201, 0.033, 0.002, 0.292]",2000,0.18770428001880646,0.540348428292316,
10,T6,1927,0.5807250976434468,0.09365163879466186,0.12735957276349705,0.017876607948492957,0.15429456058853738,-0.04632198510814931,0.07503995973079819,0.3080002963542938,0.10903198271989822,0.09575507789850235,0.41703227162361145,0.6245940923690796,0.778178870677948,3,"[0.308, 0.109, 0.0958, 0.0581, 0.0537, 0.0482, 0.0363, 0.0271, 0.0231, 0.0189]","[0.581, 0.094, 0.127, 0.085, 0.34, 0.146, 0.225, 0.028, 0.033, 0.372]",2000,0.13916105031967163,-0.4423846428839209,
10,T7,1927,-0.3322229067181118,-0.27383993192862854,0.482127106353207,-0.21074871608833948,-0.6401823911489664,-0.012585179711234708,-0.1578269116677213,0.4841822683811188,0.16007409989833832,0.10349518805742264,0.6442563533782959,0.8127518892288208,0.8733588457107544,4,"[0.4842, 0.1601, 0.1035, 0.0442, 0.0208, 0.0198, 0.0131, 0.0105, 0.009, 0.0083]","[0.332, 0.274, 0.482, 0.372, 0.063, 0.016, 0.307, 0.064, 0.185, 0.034]",2000,0.09718408435583115,0.19131345481117384,
10,T8,1927,0.48966143653304206,-0.2508661506744861,0.5371216718159868,0.18835435825279206,0.5714086366901635,7.832039893421435e-05,0.14408232061396745,0.3034205436706543,0.14329248666763306,0.11939062178134918,0.44671303033828735,0.6837799549102783,0.7980887293815613,2,"[0.3034, 0.1433, 0.1194, 0.0798, 0.0379, 0.0301, 0.0267, 0.0236, 0.0186, 0.0153]","[0.49, 0.251, 0.537, 0.159, 0.128, 0.015, 0.067, 0.065, 0.088, 0.107]",2000,0.10855662077665329,-0.3357931348777068,
10,R0,1927,-0.5553102634578513,0.12534418292340915,-0.44789462332956037,-0.19336471600251257,-0.5531648551096279,-0.043578977287201906,-0.26259093431527925,0.2957509160041809,0.09871768206357956,0.08425310254096985,0.39446860551834106,0.5998767614364624,0.742531418800354,2,"[0.2958, 0.0987, 0.0843, 0.0767, 0.0445, 0.0383, 0.0301, 0.0258, 0.0249, 0.0235]","[0.555, 0.125, 0.448, 0.266, 0.084, 0.286, 0.245, 0.295, 0.08, 0.176]",2000,0.08187893778085709,0.3197127540018332,
10,R1,1927,-0.7199890913100996,0.117119878042729,0.29643748993265,-0.11856025716032512,-0.34995200239815333,0.03505480080946711,-0.2419055291966256,0.25808486342430115,0.11745177209377289,0.08729958534240723,0.37553662061691284,0.5881075859069824,0.7339368462562561,2,"[0.2581, 0.1175, 0.0873, 0.0737, 0.0515, 0.0469, 0.0334, 0.0266, 0.0214, 0.0176]","[0.72, 0.117, 0.296, 0.328, 0.225, 0.046, 0.168, 0.197, 0.076, 0.041]",2000,0.09688565135002136,0.31227548497796637,
10,R2,1927,0.6267105933271038,0.11003823205878019,0.4411659041765713,0.18452111221576764,0.45640730409493663,-0.046407771928539766,0.11906783185997052,0.23265783488750458,0.09281984716653824,0.0884394645690918,0.3254776895046234,0.5356233716011047,0.6854138374328613,3,"[0.2327, 0.0928, 0.0884, 0.0733, 0.0484, 0.0361, 0.0339, 0.0309, 0.0263, 0.0227]","[0.627, 0.11, 0.441, 0.41, 0.096, 0.2, 0.059, 0.066, 0.196, 0.0]",2000,0.09701362252235413,-0.4291861317922761,
10,R3,1927,0.09791133304877643,-0.0070404989732741115,-0.5381186277517641,0.012921692846220368,0.05072692072306773,-0.13356514367018205,0.02803283222020931,0.5985299348831177,0.3978138566017151,0.0005052898777648807,0.9963437914848328,0.9975047707557678,0.9983658790588379,3,"[0.5985, 0.3978, 0.0005, 0.0004, 0.0003, 0.0002, 0.0002, 0.0002, 0.0002, 0.0001]","[0.098, 0.007, 0.538, 0.371, 0.306, 0.067, 0.144, 0.044, 0.196, 0.098]",2000,-0.014383681118488312,-0.01405715182530244,
10,R4,1927,0.2854444080676307,0.1584405669319167,0.22465750289238362,0.1553392444556804,0.23388990624783,-0.1692813225842173,0.08354801010036042,0.4010802209377289,0.33740928769111633,0.2265312671661377,0.7384895086288452,0.9958513379096985,0.9976345896720886,3,"[0.4011, 0.3374, 0.2265, 0.03, 0.0009, 0.0006, 0.0005, 0.0003, 0.0003, 0.0002]","[0.285, 0.158, 0.225, 0.172, 0.433, 0.494, 0.072, 0.26, 0.426, 0.035]",2000,-0.026432912796735764,-0.09559715840777247,
10,R5,1927,-0.19723496338662844,-0.18512990527710224,0.1442622371391535,-0.10124559209211888,0.07173406093370754,0.2263478607008639,-0.014204451406132995,0.4761645495891571,0.41527244448661804,0.08055901527404785,0.8914369940757751,0.987237811088562,0.9932298064231873,1,"[0.4762, 0.4153, 0.0806, 0.0132, 0.002, 0.0019, 0.0012, 0.0011, 0.001, 0.0008]","[0.197, 0.185, 0.144, 0.006, 0.072, 0.388, 0.037, 0.155, 0.221, 0.147]",2000,-0.039586108177900314,0.034800522483142374,
10,R6,1927,0.0005994740141224708,-0.03224697677439605,-0.12315883377225711,0.12071943940787792,-0.06090837321080575,-0.1266915435821944,-0.09240037382715145,0.4752398133277893,0.17941029369831085,0.09099435806274414,0.654650092124939,0.8729119896888733,0.9426342844963074,0,"[0.4752, 0.1794, 0.091, 0.0776, 0.0496, 0.0293, 0.0137, 0.0119, 0.0081, 0.0068]","[0.001, 0.032, 0.123, 0.022, 0.171, 0.047, 0.03, 0.094, 0.053, 0.195]",2000,-0.0029021501541137695,0.043431336568752456,
10,R7,1927,-0.052069215095655874,0.05480085162532063,0.13394953386595979,0.08073646951544387,-0.35533421407880666,-0.03188842532457199,0.057473081281938454,0.3898746371269226,0.16378505527973175,0.137381449341774,0.5536596775054932,0.8293365836143494,0.924852728843689,0,"[0.3899, 0.1638, 0.1374, 0.0937, 0.0446, 0.0362, 0.0173, 0.0163, 0.0133, 0.0124]","[0.052, 0.055, 0.134, 0.014, 0.142, 0.001, 0.059, 0.041, 0.078, 0.113]",2000,0.0432090237736702,0.13824464186982316,
11,T0,1927,-0.5641074809619689,0.21252575840027996,-0.1992778183995107,-0.19047672337134977,-0.5164798908242101,0.01036185074242084,-0.16642512941688545,0.39264538884162903,0.17844651639461517,0.07927214354276657,0.571091890335083,0.7154233455657959,0.7936750650405884,3,"[0.3926, 0.1784, 0.0793, 0.0386, 0.0265, 0.0197, 0.0179, 0.0152, 0.0133, 0.0121]","[0.564, 0.213, 0.199, 0.354, 0.373, 0.155, 0.24, 0.034, 0.256, 0.065]",2000,0.16631273925304413,0.41743048534327076,
11,T1,1927,0.7859875765831178,-0.3893794496901243,-0.2727862526476577,0.12974512362020144,0.2648498444102614,0.010368520369015106,0.17469453353611405,0.25730469822883606,0.11151430755853653,0.07825388759374619,0.368818998336792,0.5698074102401733,0.7203953862190247,2,"[0.2573, 0.1115, 0.0783, 0.0714, 0.0513, 0.0404, 0.0357, 0.0336, 0.0221, 0.0188]","[0.786, 0.389, 0.273, 0.083, 0.088, 0.065, 0.032, 0.17, 0.057, 0.082]",2000,0.13325415551662445,-0.5062912872745164,
11,T2,1927,0.35659881021385037,0.4483279823965067,-0.08015239183477375,0.018142050898764524,0.4561388846563058,-0.03959123467688549,0.10972377671214384,0.35776564478874207,0.16921596229076385,0.10054109990596771,0.5269815921783447,0.7375981211662292,0.8383867144584656,4,"[0.3578, 0.1692, 0.1005, 0.0661, 0.044, 0.0276, 0.0248, 0.021, 0.0151, 0.0124]","[0.357, 0.448, 0.08, 0.332, 0.12, 0.311, 0.01, 0.18, 0.018, 0.261]",2000,0.08827348798513412,-0.21452764187833454,
11,T3,1927,-0.5036102384039504,-0.33272302058849623,0.5635161836439964,-0.17727257452225248,-0.6080889599868697,-0.0009754673377183179,-0.17663787394884825,0.24340541660785675,0.13174588978290558,0.09572632610797882,0.37515130639076233,0.5733667612075806,0.71332186460495,5,"[0.2434, 0.1317, 0.0957, 0.0547, 0.0478, 0.0382, 0.0335, 0.0266, 0.0237, 0.0179]","[0.504, 0.333, 0.564, 0.259, 0.372, 0.04, 0.3, 0.006, 0.147, 0.028]",2000,0.0896536260843277,0.31459166197622784,
11,T4,1927,-0.5370506570207126,-0.06017258579260204,0.4592333160328559,-0.14914228524378115,-0.5545132761878933,-0.03672309154943216,-0.14978350743859187,0.2554049789905548,0.19979746639728546,0.08484760671854019,0.45520246028900146,0.6354825496673584,0.7484604120254517,4,"[0.2554, 0.1998, 0.0848, 0.0543, 0.0411, 0.0296, 0.026, 0.0209, 0.0206, 0.0159]","[0.537, 0.06, 0.459, 0.345, 0.273, 0.445, 0.045, 0.105, 0.101, 0.058]",2000,0.0944862961769104,0.3284406608769148,
11,T5,1927,-0.6294460280416374,0.05543562729812445,-0.08783893649472561,-0.04869460833350846,-0.10285119722863235,-0.0026480993682919097,0.0273227150034751,0.3500972092151642,0.14733296632766724,0.12343720346689224,0.4974301755428314,0.7239262461662292,0.8356372714042664,2,"[0.3501, 0.1473, 0.1234, 0.0646, 0.0384, 0.0314, 0.0252, 0.0212, 0.0176, 0.0163]","[0.629, 0.055, 0.088, 0.129, 0.457, 0.186, 0.184, 0.039, 0.003, 0.278]",2000,0.18470825254917145,0.535398482445312,
11,T6,1927,0.5814554132801633,0.036237942408005916,0.2257100268090114,0.05748291584454382,0.2715691508015099,-0.09795448690978605,0.11622457431612922,0.2553357183933258,0.1274949014186859,0.09724459797143936,0.3828306198120117,0.5960062742233276,0.7546314597129822,1,"[0.2553, 0.1275, 0.0972, 0.0593, 0.0566, 0.045, 0.0378, 0.0313, 0.0229, 0.0216]","[0.581, 0.036, 0.226, 0.245, 0.277, 0.046, 0.197, 0.176, 0.04, 0.253]",2000,0.11790655553340912,-0.42257365615132125,
11,T7,1927,-0.3317516924308131,-0.275765564027461,0.47838610324507164,-0.21012079537284664,-0.6459464182546844,-0.004972148002493256,-0.15295480733938951,0.4757760763168335,0.1596280038356781,0.10405126959085464,0.635404109954834,0.8043433427810669,0.8668584823608398,3,"[0.4758, 0.1596, 0.1041, 0.0435, 0.0214, 0.0202, 0.0132, 0.0121, 0.0089, 0.0081]","[0.332, 0.276, 0.478, 0.379, 0.117, 0.079, 0.292, 0.097, 0.185, 0.073]",2000,0.09697473049163818,0.1883413420730157,
11,T8,1927,-0.4395727365120338,-0.29431531376594383,0.5627070894503897,-0.2011989798954575,-0.6174143766864058,0.029295003983324217,-0.15109640193823293,0.3105012774467468,0.1461486518383026,0.11349276453256607,0.45664992928504944,0.6820732355117798,0.7947921752929688,2,"[0.3105, 0.1461, 0.1135, 0.0758, 0.0361, 0.0321, 0.0249, 0.0237, 0.0182, 0.0137]","[0.44, 0.294, 0.563, 0.144, 0.135, 0.016, 0.028, 0.004, 0.113, 0.145]",2000,0.10050760209560394,0.3014079746336731,
11,R0,1927,-0.5503614806070757,0.25989840946205245,-0.2707872822396086,-0.1900016832161359,-0.5569486565350182,-0.03694884895252317,-0.2507308856293081,0.29508957266807556,0.098175048828125,0.0892140343785286,0.39326462149620056,0.603042721748352,0.7467461228370667,2,"[0.2951, 0.0982, 0.0892, 0.0719, 0.0487, 0.0386, 0.0313, 0.0273, 0.0246, 0.022]","[0.55, 0.26, 0.271, 0.371, 0.196, 0.215, 0.256, 0.173, 0.248, 0.191]",2000,0.08265671133995056,0.34530383271580545,
11,R1,1927,-0.7083478561672842,0.1028489202089443,0.30014022437795146,-0.12139795413057564,-0.3633417285420412,0.03930140075980936,-0.2304181338600628,0.25393983721733093,0.11886097490787506,0.08564026653766632,0.3728008270263672,0.5796207785606384,0.7248621582984924,3,"[0.2539, 0.1189, 0.0856, 0.0708, 0.0504, 0.0447, 0.0339, 0.0284, 0.0207, 0.0176]","[0.708, 0.103, 0.3, 0.33, 0.219, 0.091, 0.131, 0.248, 0.012, 0.091]",2000,0.09792204201221466,0.33309671689394404,
11,R2,1927,0.5889392776555008,0.222315210382271,0.06279102688406983,0.18945948661155965,0.4870058382073426,-0.02463628434437127,0.11314462114168775,0.22800429165363312,0.09349054843187332,0.08155474811792374,0.32149484753608704,0.520485520362854,0.6758666038513184,2,"[0.228, 0.0935, 0.0816, 0.0704, 0.047, 0.0401, 0.0336, 0.0329, 0.0263, 0.0224]","[0.589, 0.222, 0.063, 0.545, 0.196, 0.208, 0.0, 0.083, 0.252, 0.058]",2000,0.09816897660493851,-0.4425555034304163,
11,R3,1927,0.09222383287577668,0.010259314800515727,-0.5124738525929314,0.015303552031170262,0.06616742722741038,-0.1502672783211005,0.06308350745602957,0.607916533946991,0.3886091709136963,0.00047250083298422396,0.9965257048606873,0.997616708278656,0.9984422922134399,3,"[0.6079, 0.3886, 0.0005, 0.0003, 0.0003, 0.0002, 0.0002, 0.0002, 0.0002, 0.0001]","[0.092, 0.01, 0.512, 0.359, 0.331, 0.069, 0.068, 0.18, 0.118, 0.196]",2000,-0.013777870684862137,0.00012127203318306007,
11,R4,1927,0.1851049018534505,0.2268304794313373,-0.24078220528646138,0.0875059527769741,0.16163509478725224,0.016476496090833452,0.09466776975414154,0.3819114565849304,0.33018994331359863,0.2539098858833313,0.712101399898529,0.996082067489624,0.9977055191993713,3,"[0.3819, 0.3302, 0.2539, 0.0292, 0.0008, 0.0005, 0.0004, 0.0003, 0.0002, 0.0002]","[0.185, 0.227, 0.241, 0.219, 0.386, 0.478, 0.157, 0.174, 0.488, 0.061]",2000,-0.022971194237470627,-0.05056159244867932,
11,R5,1927,-0.046509831808820734,0.07769809163651815,0.15829753824110984,-0.0484827903202714,0.055546598176463194,0.03328626845335298,-0.015540344556811178,0.47314178943634033,0.38650399446487427,0.11229327321052551,0.8596457839012146,0.9876615405082703,0.9932013750076294,2,"[0.4731, 0.3865, 0.1123, 0.0137, 0.0021, 0.0017, 0.0011, 0.001, 0.001, 0.0008]","[0.047, 0.078, 0.158, 0.068, 0.242, 0.314, 0.069, 0.029, 0.33, 0.163]",2000,-0.03552781045436859,-0.01701562440590023,
11,R6,1927,-0.020843897915891786,-0.019003981325243807,-0.06543958897517843,-0.11030894156887296,0.03756305150777391,0.11111798692738342,0.08849916740482143,0.46422794461250305,0.17507237195968628,0.09377165883779526,0.6393003463745117,0.8735781908035278,0.9412670731544495,0,"[0.4642, 0.1751, 0.0938, 0.0873, 0.0532, 0.0297, 0.0128, 0.0109, 0.0081, 0.0061]","[0.021, 0.019, 0.065, 0.123, 0.165, 0.043, 0.026, 0.089, 0.146, 0.209]",2000,-0.0042265248484909534,-0.029832623879390008,
11,R7,1927,-0.04881369193205677,0.09122094400025771,0.08618456315742183,0.08301092406370916,-0.3609331925110835,-0.030512431633383096,0.06148655669841286,0.37120339274406433,0.17641927301883698,0.13942009210586548,0.5476226806640625,0.8225536942481995,0.921135663986206,0,"[0.3712, 0.1764, 0.1394, 0.092, 0.0435, 0.0367, 0.0194, 0.0166, 0.0132, 0.0127]","[0.049, 0.091, 0.086, 0.011, 0.147, 0.02, 0.027, 0.072, 0.043, 0.119]",2000,0.0405433364212513,0.13875337225826143,
12,T0,1927,-0.5871201987668923,-0.2572247408326901,0.28424353677798136,-0.18850897324905547,-0.5208304289373943,0.009522099137483132,-0.1632042865383606,0.3622552454471588,0.1598934680223465,0.07219455391168594,0.5221487283706665,0.6770093441009521,0.7739818096160889,2,"[0.3623, 0.1599, 0.0722, 0.0467, 0.036, 0.0277, 0.0223, 0.0177, 0.0161, 0.0131]","[0.587, 0.257, 0.284, 0.536, 0.151, 0.024, 0.096, 0.033, 0.035, 0.055]",2000,0.15626275539398193,0.4115213949852595,
12,T1,1927,0.908577397531781,-0.20112460255408748,0.0330260650667167,0.05940790076644972,0.14999406962078923,0.05481684535473309,0.13302901733972963,0.21890966594219208,0.12382299453020096,0.10817696154117584,0.34273266792297363,0.5725539922714233,0.7379327416419983,1,"[0.2189, 0.1238, 0.1082, 0.0649, 0.0567, 0.0427, 0.0396, 0.0317, 0.0282, 0.0231]","[0.909, 0.201, 0.033, 0.154, 0.05, 0.054, 0.074, 0.077, 0.114, 0.027]",2000,0.10206544399261475,-0.4617950846659874,
12,T2,1927,-0.7141288015165019,-0.2770757434871518,0.137390277146997,-0.06070669668925713,-0.27811649287214363,0.05857296115361978,-0.2635616608764791,0.2856106162071228,0.14460690319538116,0.09360641986131668,0.4302175045013428,0.6557214260101318,0.7920610904693604,2,"[0.2856, 0.1446, 0.0936, 0.0819, 0.05, 0.0371, 0.032, 0.0276, 0.0202, 0.0195]","[0.714, 0.277, 0.137, 0.433, 0.102, 0.084, 0.109, 0.056, 0.03, 0.041]",2000,0.09883088618516922,0.36767644305395203,
12,T3,1927,0.5697044285429962,0.3307129327981565,0.6947126465368159,0.18460599057752103,0.586328271179966,-0.011909946570765224,0.16974664551810617,0.2339005172252655,0.1272653490304947,0.10172387957572937,0.3611658811569214,0.5761755108833313,0.7138653993606567,3,"[0.2339, 0.1273, 0.1017, 0.066, 0.0473, 0.0364, 0.0347, 0.0245, 0.0229, 0.0192]","[0.57, 0.331, 0.695, 0.054, 0.044, 0.065, 0.0, 0.032, 0.017, 0.086]",2000,0.09234841167926788,-0.32087721355936966,
12,T4,1927,-0.5422832598197376,-0.08795825873981257,0.512942869591588,-0.15959341171538416,-0.5655943038744947,-0.035998716011676056,-0.14198803103886298,0.2762403190135956,0.18294744193553925,0.07846380025148392,0.45918774604797363,0.6265805959701538,0.7405531406402588,4,"[0.2762, 0.1829, 0.0785, 0.0524, 0.0365, 0.0357, 0.0231, 0.0205, 0.0188, 0.0159]","[0.542, 0.088, 0.513, 0.435, 0.308, 0.288, 0.081, 0.059, 0.052, 0.095]",2000,0.09296220541000366,0.3380107069811636,
12,T5,1927,-0.6300249207372929,0.02989067220982159,-0.08703028411399422,-0.04248978512217557,-0.09454900361412695,0.002985526159136862,0.02854827784735648,0.3441915214061737,0.1455109715461731,0.12244684249162674,0.4897024929523468,0.7167369723320007,0.8294664025306702,2,"[0.3442, 0.1455, 0.1224, 0.0657, 0.0389, 0.0309, 0.0257, 0.0213, 0.0178, 0.0171]","[0.63, 0.03, 0.087, 0.128, 0.475, 0.208, 0.161, 0.042, 0.075, 0.247]",2000,0.18305496871471405,0.5374391797506366,
12,T6,1927,-0.5633773665568286,-0.052236025737733734,0.4968749322808921,-0.10458709675609948,-0.41802826638866913,0.09894821886676784,-0.1483961449277832,0.24859580397605896,0.11793158203363419,0.09931205213069916,0.36652737855911255,0.5861302018165588,0.7497014999389648,3,"[0.2486, 0.1179, 0.0993, 0.0666, 0.0536, 0.0429, 0.036, 0.0312, 0.0293, 0.0241]","[0.563, 0.052, 0.497, 0.339, 0.151, 0.1, 0.143, 0.144, 0.177, 0.021]",2000,0.11140365898609161,0.41297731788145264,
12,T7,1927,-0.3286530881493773,-0.2766051811172157,0.48040680017009274,-0.20937239870886465,-0.6519246469401394,0.002666873258831084,-0.14991898728480163,0.4602140486240387,0.15848517417907715,0.10667714476585388,0.6186991930007935,0.7928882241249084,0.8586640954017639,3,"[0.4602, 0.1585, 0.1067, 0.0446, 0.0229, 0.0213, 0.014, 0.0126, 0.0093, 0.0087]","[0.329, 0.277, 0.48, 0.39, 0.123, 0.151, 0.116, 0.214, 0.262, 0.099]",2000,0.09616144746541977,0.18764350581248898,
12,T8,1927,0.422564506297224,-0.3008925064785808,0.5750778482033118,0.19598599578987108,0.6212576634772657,-0.06942978203511088,0.1515300373562288,0.305206298828125,0.14517462253570557,0.10593064874410629,0.45038092136383057,0.6737622022628784,0.7895689606666565,3,"[0.3052, 0.1452, 0.1059, 0.0775, 0.0399, 0.0314, 0.0272, 0.0227, 0.0195, 0.0149]","[0.423, 0.301, 0.575, 0.143, 0.154, 0.0, 0.027, 0.078, 0.198, 0.121]",2000,0.09781841933727264,-0.2892791049370358,
12,R0,1927,-0.5522501338148078,0.4030708398740923,-0.253730455912529,-0.1966128822359911,-0.5536107591403386,-0.02554963335955031,-0.2624860667750301,0.2882305383682251,0.11317122727632523,0.08303351700305939,0.4014017581939697,0.5949844121932983,0.7471633553504944,4,"[0.2882, 0.1132, 0.083, 0.063, 0.0475, 0.0432, 0.0308, 0.0292, 0.0258, 0.0232]","[0.552, 0.403, 0.254, 0.359, 0.239, 0.216, 0.048, 0.32, 0.054, 0.024]",2000,0.0770866870880127,0.32392951102079176,
12,R1,1927,-0.7038778202550787,-0.14481706920354429,0.2686886423291377,-0.11237889326579956,-0.34789358514185786,0.04553161554715342,-0.2696298097479011,0.24208106100559235,0.11700908094644547,0.08849425613880157,0.3590901494026184,0.5679693222045898,0.7154380083084106,2,"[0.2421, 0.117, 0.0885, 0.0684, 0.052, 0.0435, 0.0369, 0.0288, 0.0198, 0.0184]","[0.704, 0.145, 0.269, 0.369, 0.212, 0.039, 0.13, 0.214, 0.022, 0.124]",2000,0.094901442527771,0.3215529343731746,
12,R2,1927,-0.6210189672247737,0.13548394186006327,0.3450175944899423,-0.1924960564905165,-0.46871242756937315,0.001561664440227461,-0.09695895205835994,0.21868902444839478,0.08810912072658539,0.07453403621912003,0.30679816007614136,0.49883833527565,0.6639834642410278,3,"[0.2187, 0.0881, 0.0745, 0.067, 0.0505, 0.0433, 0.0396, 0.0316, 0.0277, 0.0229]","[0.621, 0.135, 0.345, 0.47, 0.103, 0.217, 0.053, 0.021, 0.006, 0.219]",2000,0.0975629910826683,0.4608269704981596,
12,R3,1927,0.12683088689565888,0.0613677697291442,-0.6503534041058066,0.0070280890227191585,0.06283531293509835,-0.14935558752176478,0.08180118855773846,0.5936086773872375,0.4021628201007843,0.0006453986279666424,0.9957715272903442,0.9971725940704346,0.9981037378311157,2,"[0.5936, 0.4022, 0.0006, 0.0004, 0.0004, 0.0002, 0.0002, 0.0002, 0.0002, 0.0001]","[0.127, 0.061, 0.65, 0.436, 0.024, 0.172, 0.143, 0.074, 0.121, 0.229]",2000,-0.012882061302661896,-0.013922181804236175,
12,R4,1927,0.2249468623410322,0.2292221871514319,-0.227007955529651,0.09664499505267155,0.14756288390148992,0.03075036696784249,0.06680890646980193,0.37509822845458984,0.33103224635124207,0.26126939058303833,0.7061305046081543,0.9949830174446106,0.9971343278884888,3,"[0.3751, 0.331, 0.2613, 0.0263, 0.0013, 0.0007, 0.0005, 0.0004, 0.0003, 0.0002]","[0.225, 0.229, 0.227, 0.193, 0.334, 0.682, 0.225, 0.068, 0.361, 0.097]",2000,-0.020908113569021225,-0.054859789531582326,
12,R5,1927,-0.02771366931872904,0.08277645497188058,0.1676330561089247,-0.023517927747866853,0.03294158316566712,0.06528265183274336,-0.051396481810044255,0.46113574504852295,0.3725217580795288,0.1358814537525177,0.8336575031280518,0.9858402013778687,0.9920609593391418,3,"[0.4611, 0.3725, 0.1359, 0.0141, 0.0022, 0.0019, 0.0013, 0.0012, 0.0011, 0.0008]","[0.028, 0.083, 0.168, 0.074, 0.51, 0.264, 0.156, 0.31, 0.342, 0.256]",2000,-0.02942904643714428,-0.0717132781494382,
12,R6,1927,-0.023097752847489748,0.024195702618494245,-0.08441102957851088,-0.11899241916914366,0.08115343567122467,0.06880432668117584,0.10294188343760402,0.4353385269641876,0.17942774295806885,0.09911753237247467,0.6147662401199341,0.8555314540863037,0.9291062951087952,1,"[0.4353, 0.1794, 0.0991, 0.0847, 0.0569, 0.029, 0.0142, 0.0114, 0.0112, 0.0079]","[0.023, 0.024, 0.084, 0.159, 0.178, 0.055, 0.235, 0.239, 0.537, 0.286]",2000,0.002673268783837557,-0.027631023769092343,
12,R7,1927,-0.04362600969633056,0.1147733304298555,0.07421928067889377,0.0939274077830329,-0.3737312981909549,-0.03777770389561074,0.053872383184944105,0.3592717945575714,0.1804169863462448,0.13446538150310516,0.539688766002655,0.804094672203064,0.9120570421218872,0,"[0.3593, 0.1804, 0.1345, 0.0879, 0.042, 0.0391, 0.0247, 0.0177, 0.0138, 0.0127]","[0.044, 0.115, 0.074, 0.043, 0.2, 0.053, 0.003, 0.085, 0.028, 0.016]",2000,0.03688140958547592,0.12472138443980672,
13,T0,1927,-0.564992515656812,-0.3601421505743392,0.3338420354756154,-0.19554373186039323,-0.5457724115659303,0.006013095445602889,-0.15332590856200062,0.35883548855781555,0.15786083042621613,0.06631899625062943,0.5166963338851929,0.672771692276001,0.7755213379859924,4,"[0.3588, 0.1579, 0.0663, 0.0533, 0.0365, 0.0283, 0.0241, 0.021, 0.0157, 0.0136]","[0.565, 0.36, 0.334, 0.481, 0.041, 0.017, 0.008, 0.026, 0.029, 0.037]",2000,0.14586524665355682,0.39630434849293494,
13,T1,1927,0.9168811392176681,-0.2174361177547323,-0.00020030972752396023,0.05145254327330532,0.1533803745377518,0.0004469034949937966,0.11647076031269299,0.2395101636648178,0.1407220959663391,0.10525429993867874,0.3802322745323181,0.5969448089599609,0.749009907245636,1,"[0.2395, 0.1407, 0.1053, 0.063, 0.0484, 0.0378, 0.0352, 0.033, 0.0241, 0.022]","[0.917, 0.217, 0.0, 0.033, 0.098, 0.069, 0.122, 0.065, 0.024, 0.037]",2000,0.11813785135746002,-0.4615303278439404,
13,T2,1927,-0.6597173013214827,-0.20929372865818874,-0.16303616338180457,-0.04167263555580284,-0.09058502614875837,0.06378429741282875,-0.4931240091236869,0.3290098309516907,0.09213731437921524,0.08519169688224792,0.4211471378803253,0.6376776695251465,0.7690433859825134,2,"[0.329, 0.0921, 0.0852, 0.0775, 0.0538, 0.0366, 0.0269, 0.0264, 0.021, 0.0205]","[0.66, 0.209, 0.163, 0.467, 0.25, 0.034, 0.039, 0.005, 0.065, 0.01]",2000,0.10950172692537308,0.3454207863771643,
13,T3,1927,0.5046986085244549,0.4424158027360833,0.6877954283585921,0.1993102616927396,0.6189406355932915,-0.027369481575090268,0.18621707072785018,0.22788944840431213,0.12514431774616241,0.10588296502828598,0.35303378105163574,0.5736899971961975,0.7123547792434692,3,"[0.2279, 0.1251, 0.1059, 0.0709, 0.0438, 0.0353, 0.0333, 0.0255, 0.0237, 0.0209]","[0.505, 0.442, 0.688, 0.04, 0.0, 0.06, 0.039, 0.011, 0.0, 0.07]",2000,0.08281831443309784,-0.3008637053725358,
13,T4,1927,-0.5915080307927632,-0.13507620013590912,0.6100202328371727,-0.16445048065279216,-0.5545683257386231,-0.03501602318891613,-0.16016764887802837,0.25938159227371216,0.1501624435186386,0.09548749029636383,0.40954405069351196,0.6040199398994446,0.7264494299888611,3,"[0.2594, 0.1502, 0.0955, 0.0569, 0.0421, 0.0366, 0.0279, 0.0238, 0.0178, 0.0164]","[0.592, 0.135, 0.61, 0.379, 0.091, 0.145, 0.108, 0.05, 0.079, 0.066]",2000,0.0905115082859993,0.3521295307052971,
13,T5,1927,-0.639353367037169,0.041852944845351486,-0.07951238542103302,-0.04454159013898453,-0.11490721396910425,0.0015153805852795345,0.024033130335790336,0.3307900130748749,0.1429460495710373,0.12219709157943726,0.473736047744751,0.7039622664451599,0.819503903388977,2,"[0.3308, 0.1429, 0.1222, 0.067, 0.041, 0.0303, 0.0262, 0.022, 0.0197, 0.0173]","[0.639, 0.042, 0.08, 0.132, 0.498, 0.202, 0.188, 0.047, 0.212, 0.129]",2000,0.18093015253543854,0.5353693104373735,
13,T6,1927,-0.6420031498989802,0.4922959694980467,-0.17438478714345487,-0.13376846411371893,-0.43717412001820516,0.054014256399092984,-0.16656347538245472,0.2271088808774948,0.14457735419273376,0.11643542349338531,0.3716862201690674,0.5984867811203003,0.7611944675445557,2,"[0.2271, 0.1446, 0.1164, 0.0634, 0.0469, 0.0442, 0.0393, 0.0294, 0.0282, 0.0215]","[0.642, 0.492, 0.174, 0.149, 0.092, 0.068, 0.122, 0.009, 0.158, 0.004]",2000,0.10493854433298111,0.3977114604772311,
13,T7,1927,-0.34734328094477046,-0.26156614358978053,0.5100601733195156,-0.21571560174276933,-0.6527778952748534,0.007890403619325359,-0.149489274346685,0.4459969997406006,0.16253364086151123,0.1023254469037056,0.6085306406021118,0.7811363339424133,0.8490853309631348,3,"[0.446, 0.1625, 0.1023, 0.0454, 0.0248, 0.0215, 0.0144, 0.0134, 0.0099, 0.0088]","[0.347, 0.262, 0.51, 0.419, 0.174, 0.129, 0.165, 0.3, 0.273, 0.041]",2000,0.09410247206687927,0.19846330425682662,
13,T8,1927,-0.45005860773007283,-0.28920382310962384,0.6609223613680648,-0.20199696281546367,-0.6130969136654859,0.049526947008451186,-0.15753120531644618,0.28319165110588074,0.13596473634243011,0.10053372383117676,0.41915637254714966,0.6515489816665649,0.7786508202552795,2,"[0.2832, 0.136, 0.1005, 0.0891, 0.0428, 0.0326, 0.0281, 0.0249, 0.0217, 0.0198]","[0.45, 0.289, 0.661, 0.11, 0.237, 0.135, 0.046, 0.258, 0.197, 0.093]",2000,0.09604351222515106,0.3020890575458349,
13,R0,1927,-0.6644375221650123,0.4267675321669027,-0.2893986125960519,-0.2047495369840427,-0.5080967846925359,-0.017419992286171564,-0.23834410373870038,0.25066515803337097,0.173043355345726,0.0740678533911705,0.4237084984779358,0.5993226170539856,0.7501221299171448,2,"[0.2507, 0.173, 0.0741, 0.0559, 0.0457, 0.0412, 0.0342, 0.032, 0.0227, 0.0207]","[0.664, 0.427, 0.289, 0.198, 0.044, 0.072, 0.195, 0.078, 0.117, 0.099]",2000,0.07546675950288773,0.33816999652451024,
13,R1,1927,-0.7436026635011771,0.3890031558193529,-0.18408011715924041,-0.10444946412052519,-0.2781721158962513,0.08232611696302666,-0.3617998921988814,0.20029938220977783,0.13478004932403564,0.08433812111616135,0.3350794315338135,0.5546498894691467,0.7161731123924255,3,"[0.2003, 0.1348, 0.0843, 0.0742, 0.061, 0.0492, 0.0418, 0.0284, 0.0222, 0.0199]","[0.744, 0.389, 0.184, 0.335, 0.08, 0.031, 0.044, 0.108, 0.019, 0.011]",2000,0.0762270912528038,0.3167381738111523,
13,R2,1927,-0.8026263209006292,0.3933129636301044,0.14137344663591542,-0.10915431128911335,-0.28943273790603746,0.01836694917360007,-0.11941832168697289,0.19523537158966064,0.1430043876171112,0.07553325593471527,0.33823975920677185,0.5421879887580872,0.7004907727241516,2,"[0.1952, 0.143, 0.0755, 0.0671, 0.0614, 0.0452, 0.0407, 0.0266, 0.0237, 0.0222]","[0.803, 0.393, 0.141, 0.063, 0.017, 0.079, 0.08, 0.07, 0.017, 0.049]",2000,0.10964668542146683,0.5062881260236562,
13,R3,1927,0.13937325777487888,0.1398075432576051,0.3424423466173397,-0.024316892558986752,0.007525361866400524,-0.14641808771991752,-0.07925733369973058,0.5803532600402832,0.40549707412719727,0.0033380549866706133,0.9858503341674805,0.9928257465362549,0.9957998394966125,3,"[0.5804, 0.4055, 0.0033, 0.0022, 0.0015, 0.0011, 0.0006, 0.0005, 0.0004, 0.0004]","[0.139, 0.14, 0.342, 0.086, 0.672, 0.37, 0.245, 0.024, 0.216, 0.105]",2000,0.007417416200041771,-0.12458406779259651,
13,R4,1927,0.30588884413357953,-0.12058521196025511,-0.17920373824512698,0.1450764260542083,0.14583208563190703,-0.1340160730760573,0.03518438175079761,0.3606092035770416,0.3437578082084656,0.25360211730003357,0.7043670415878296,0.9858236312866211,0.9932982325553894,3,"[0.3606, 0.3438, 0.2536, 0.0248, 0.0031, 0.0023, 0.0018, 0.0014, 0.0012, 0.0008]","[0.306, 0.121, 0.179, 0.241, 0.251, 0.645, 0.483, 0.238, 0.107, 0.01]",2000,-0.00479339761659503,-0.14616744683062927,
13,R5,1927,-0.18587380670321363,0.08331981856335918,0.1737025595179706,-0.05390575893962611,-0.06909356950154938,0.15023424464938906,-0.012035035913965628,0.4799720048904419,0.3553168773651123,0.12329911440610886,0.8352888822555542,0.9759789109230042,0.9873358607292175,3,"[0.48, 0.3553, 0.1233, 0.0137, 0.0037, 0.0034, 0.0025, 0.0022, 0.0017, 0.0015]","[0.186, 0.083, 0.174, 0.184, 0.503, 0.411, 0.577, 0.026, 0.19, 0.1]",2000,-0.020168956369161606,0.09295118461405451,
13,R6,1927,0.006112659137476369,0.056938434471506476,-0.09581182373058475,0.11816870276992077,-0.11051921886760552,-0.08279499433121802,-0.11270181760737485,0.44166073203086853,0.17049676179885864,0.09083148837089539,0.6121574640274048,0.8309611082077026,0.9131424427032471,1,"[0.4417, 0.1705, 0.0908, 0.0728, 0.0551, 0.0305, 0.0174, 0.0142, 0.0114, 0.0086]","[0.006, 0.057, 0.096, 0.18, 0.126, 0.068, 0.231, 0.401, 0.246, 0.089]",2000,0.004518257919698954,0.041435924275750886,
13,R7,1927,-0.0374821844424331,0.12618052126856644,0.05611722771983688,0.07816072454799589,-0.37243160508755785,-0.04239994769132641,0.043301696989700295,0.33584386110305786,0.18992851674556732,0.12703898549079895,0.5257723927497864,0.7726632952690125,0.8922397494316101,0,"[0.3358, 0.1899, 0.127, 0.0782, 0.0417, 0.0392, 0.027, 0.0238, 0.0167, 0.0128]","[0.037, 0.126, 0.056, 0.073, 0.034, 0.216, 0.075, 0.026, 0.034, 0.048]",2000,0.03205021470785141,0.11816299865510602,
14,T0,1927,-0.5654326938055136,0.439891296483779,0.43370108434560717,-0.20068270899022003,-0.5216672549965032,0.017111316866532524,-0.16480409057878512,0.3036996126174927,0.128861203789711,0.0993736982345581,0.4325608015060425,0.6303678750991821,0.7525157928466797,3,"[0.3037, 0.1289, 0.0994, 0.0561, 0.0424, 0.0297, 0.0271, 0.0264, 0.0199, 0.0192]","[0.565, 0.44, 0.434, 0.238, 0.06, 0.005, 0.077, 0.045, 0.008, 0.059]",2000,0.1366492509841919,0.4207311426492364,
14,T1,1927,0.9587324232911848,0.010358867531517149,0.08629448666344475,0.07730807068473193,0.11829330961494912,0.011100484714548881,0.09959987515053689,0.23703539371490479,0.16067175567150116,0.08994027972221375,0.39770716428756714,0.5918897390365601,0.744034469127655,1,"[0.237, 0.1607, 0.0899, 0.0562, 0.048, 0.0425, 0.0353, 0.029, 0.0239, 0.0215]","[0.959, 0.01, 0.086, 0.026, 0.171, 0.046, 0.051, 0.041, 0.02, 0.0]",2000,0.11559834331274033,-0.4326275834787811,
14,T2,1927,0.6562764096454997,0.20721120973152693,-0.021512548229255506,0.03821593684001493,0.06536651988831547,0.0796997877760127,0.28938454072201963,0.33199185132980347,0.20048575103282928,0.06308853626251221,0.532477617263794,0.6939533948898315,0.8202639818191528,2,"[0.332, 0.2005, 0.0631, 0.0584, 0.0399, 0.0376, 0.0264, 0.0261, 0.0205, 0.0157]","[0.656, 0.207, 0.022, 0.432, 0.206, 0.109, 0.214, 0.17, 0.01, 0.062]",2000,0.16471926867961884,-0.610617484914283,
14,T3,1927,0.6007908903781398,0.5849238678773728,0.16924367701168969,0.19553719876848077,0.5366503299152607,0.0070850271654409845,0.18518098984140996,0.18546062707901,0.154220312833786,0.09991589188575745,0.339680939912796,0.5799753069877625,0.7304738163948059,2,"[0.1855, 0.1542, 0.0999, 0.0835, 0.0568, 0.0447, 0.0326, 0.0265, 0.0236, 0.0231]","[0.601, 0.585, 0.169, 0.285, 0.007, 0.04, 0.029, 0.063, 0.034, 0.007]",2000,0.08507783710956573,-0.3164174398550958,
14,T4,1927,0.724959265304921,-0.37845056206897176,-0.08117344090449213,0.07974017073796075,0.14838378598316396,0.24598923138244488,-0.1190554862847117,0.2512899339199066,0.14988426864147186,0.09771635383367538,0.4011741876602173,0.6185734272003174,0.7670744061470032,3,"[0.2513, 0.1499, 0.0977, 0.067, 0.0527, 0.0416, 0.0337, 0.0322, 0.0225, 0.0186]","[0.725, 0.378, 0.081, 0.24, 0.066, 0.353, 0.258, 0.045, 0.032, 0.022]",2000,0.07293200492858887,-0.23570572239141968,
14,T5,1927,-0.6399232029278644,0.04508155830220389,-0.03746329873820328,-0.06420603144058087,-0.1739869624655477,0.001553452576109069,0.003657235071555081,0.33315160870552063,0.12948115170001984,0.11656948179006577,0.46263277530670166,0.6943520903587341,0.8107141852378845,2,"[0.3332, 0.1295, 0.1166, 0.0659, 0.0492, 0.0297, 0.027, 0.023, 0.0193, 0.0174]","[0.64, 0.045, 0.037, 0.153, 0.546, 0.19, 0.158, 0.053, 0.196, 0.093]",2000,0.17895907163619995,0.5279009606969004,
14,T6,1927,-0.2433342580457822,0.8434320118954081,-0.2950605580626495,-0.10605300674937387,-0.3629928661157524,0.11439193314340944,-0.2494818037016645,0.21212299168109894,0.18765778839588165,0.10434532910585403,0.3997807800769806,0.6053824424743652,0.7631984949111938,1,"[0.2121, 0.1877, 0.1043, 0.0568, 0.0444, 0.0391, 0.0386, 0.0323, 0.0277, 0.0202]","[0.243, 0.843, 0.295, 0.064, 0.07, 0.085, 0.066, 0.105, 0.184, 0.04]",2000,0.09355029463768005,0.39170170673871507,
14,T7,1927,0.4031358575389057,-0.2644477527713599,0.5468663676282665,0.22664919444244455,0.6508935774629818,-0.01157428324556536,0.16526275727579623,0.4092756509780884,0.15579766035079956,0.10139353573322296,0.5650733113288879,0.7487525939941406,0.8283975124359131,3,"[0.4093, 0.1558, 0.1014, 0.0491, 0.0332, 0.0228, 0.019, 0.0153, 0.0123, 0.0102]","[0.403, 0.264, 0.547, 0.507, 0.155, 0.212, 0.284, 0.142, 0.099, 0.078]",2000,0.09328411519527435,-0.23067060502123837,
14,T8,1927,0.5590968889327912,0.40729210899275226,0.46994794813624713,0.1972649859173111,0.5816099769559371,-0.01369409821178616,0.13243765192334087,0.26321783661842346,0.11644198000431061,0.10891159623861313,0.37965983152389526,0.6274759769439697,0.7606672048568726,4,"[0.2632, 0.1164, 0.1089, 0.0882, 0.0508, 0.0308, 0.0288, 0.0287, 0.0237, 0.0212]","[0.559, 0.407, 0.47, 0.34, 0.257, 0.062, 0.108, 0.025, 0.026, 0.068]",2000,0.0968024805188179,-0.3109122892235988,
14,R0,1927,0.8423315050231999,-0.324927157867378,0.1463399432673313,0.07243658018549697,0.12937676896756461,0.2031034811155718,-0.057450794038702936,0.2972784638404846,0.16936524212360382,0.07885915040969849,0.46664369106292725,0.6431685090065002,0.7739872932434082,2,"[0.2973, 0.1694, 0.0789, 0.0525, 0.0451, 0.0347, 0.0298, 0.0247, 0.0222, 0.0195]","[0.842, 0.325, 0.146, 0.214, 0.089, 0.075, 0.094, 0.084, 0.031, 0.048]",2000,0.08755403012037277,-0.3467124892291533,
14,R1,1927,0.8926746134237901,-0.2529205707506833,-0.23569201997414574,0.1210287700116582,0.18907586142448782,0.1648944711181444,-0.063451587718929,0.1819903701543808,0.16441857814788818,0.08383101224899292,0.3464089632034302,0.5559656023979187,0.7180541753768921,1,"[0.182, 0.1644, 0.0838, 0.0727, 0.053, 0.0453, 0.0385, 0.0293, 0.0258, 0.0232]","[0.893, 0.253, 0.236, 0.069, 0.066, 0.101, 0.057, 0.044, 0.078, 0.01]",2000,0.07453592121601105,-0.34527528033751387,
14,R2,1927,0.9232011296480755,-0.25777638646420753,0.045362376078484014,0.04983012051601864,0.0886787420331876,0.10072687468152268,-0.05225875033123023,0.2192569375038147,0.16363246738910675,0.07372035831212997,0.38288938999176025,0.5763157606124878,0.726507306098938,1,"[0.2193, 0.1636, 0.0737, 0.0667, 0.053, 0.0416, 0.036, 0.0267, 0.0246, 0.0213]","[0.923, 0.258, 0.045, 0.034, 0.026, 0.127, 0.044, 0.056, 0.027, 0.026]",2000,0.10754053294658661,-0.38087990189694326,
14,R3,1927,0.15086525951136634,0.17719547067330332,0.1879128756822333,-0.10680745146068714,-0.05788196293395196,-0.10953227952065474,-0.20307744054883098,0.5547551512718201,0.4281316101551056,0.0036003568675369024,0.982886791229248,0.9907312393188477,0.9946615695953369,2,"[0.5548, 0.4281, 0.0036, 0.0024, 0.0019, 0.0014, 0.0009, 0.0008, 0.0005, 0.0004]","[0.151, 0.177, 0.188, 0.191, 0.52, 0.619, 0.072, 0.1, 0.017, 0.279]",2000,0.005324959754943848,-0.15610638198044918,
14,R4,1927,0.3785108843780848,-0.182721975694765,-0.1318729289307546,0.11044754409360194,0.19627657760080075,-0.03677851166185604,0.031113066920197337,0.35285574197769165,0.3485870361328125,0.25343087315559387,0.7014427781105042,0.9800877571105957,0.9904553890228271,3,"[0.3529, 0.3486, 0.2534, 0.0214, 0.0038, 0.0033, 0.0025, 0.0021, 0.0013, 0.0011]","[0.379, 0.183, 0.132, 0.256, 0.365, 0.145, 0.763, 0.275, 0.067, 0.057]",2000,-0.0009080478339456022,-0.1840598716824048,
14,R5,1927,-0.210089493571465,0.08549380501632649,0.18829178174155772,-0.051668554142639274,-0.18567312075231376,0.14862612475787967,0.0039114330657513486,0.48713213205337524,0.342863529920578,0.11367543041706085,0.8299956321716309,0.9634214043617249,0.9816133379936218,2,"[0.4871, 0.3429, 0.1137, 0.0126, 0.0071, 0.0056, 0.0042, 0.0031, 0.003, 0.0023]","[0.21, 0.085, 0.188, 0.298, 0.669, 0.097, 0.462, 0.024, 0.086, 0.126]",2000,-0.00982346385717392,0.06820148386047992,
14,R6,1927,0.00852858115607313,-0.11283090829577394,-0.09538001382238849,-0.11638575376994541,0.11328548989462736,0.09639136149657866,0.0722806700801765,0.3945242464542389,0.20737086236476898,0.09304306656122208,0.6018950939178467,0.8048996925354004,0.8969882726669312,1,"[0.3945, 0.2074, 0.093, 0.0639, 0.0461, 0.0287, 0.0229, 0.0155, 0.0146, 0.0103]","[0.009, 0.113, 0.095, 0.263, 0.111, 0.228, 0.427, 0.133, 0.034, 0.175]",2000,0.018427422270178795,-0.07684198191062433,
14,R7,1927,-0.018215008964874047,0.12257934440718554,0.03728835835472467,0.10987731055889276,-0.29795517369777297,-0.05309388216302054,0.060826640795456764,0.3118670582771301,0.20033977925777435,0.11776817589998245,0.5122068524360657,0.7503485679626465,0.8697991371154785,0,"[0.3119, 0.2003, 0.1178, 0.0679, 0.0525, 0.0363, 0.0305, 0.0231, 0.0164, 0.0132]","[0.018, 0.123, 0.037, 0.069, 0.071, 0.08, 0.155, 0.003, 0.028, 0.173]",2000,0.032540205866098404,0.14174408132210808,
15,T0,1927,-0.6006018074346505,0.5478424047421098,-0.12644433228404978,-0.20247364549025143,-0.5104611280858443,0.02800291637338104,-0.18239202777585264,0.2682633697986603,0.12867368757724762,0.1076689288020134,0.3969370722770691,0.600983738899231,0.7466217875480652,2,"[0.2683, 0.1287, 0.1077, 0.0538, 0.0426, 0.036, 0.0344, 0.0287, 0.0234, 0.0232]","[0.601, 0.548, 0.126, 0.267, 0.028, 0.012, 0.1, 0.038, 0.009, 0.026]",2000,0.12850891053676605,0.4086722124599258,
15,T1,1927,0.9271333254421924,0.2888832909098506,-0.08474571160829522,0.09230472228466434,0.11617464458306398,0.022934636057102473,0.11238570505355637,0.22315995395183563,0.16479787230491638,0.09579860419034958,0.3879578113555908,0.6140839457511902,0.7632140517234802,1,"[0.2232, 0.1648, 0.0958, 0.072, 0.0584, 0.0431, 0.0358, 0.0274, 0.0222, 0.0207]","[0.927, 0.289, 0.085, 0.036, 0.064, 0.235, 0.017, 0.041, 0.063, 0.002]",2000,0.10801815241575241,-0.35345778918470083,
15,T2,1927,-0.5900838062440463,-0.3308575693249294,-0.21945150172043779,-0.053479347663130734,0.012027986272220481,0.03247453085040167,-0.30107551132875543,0.3449213206768036,0.2067342847585678,0.06682071834802628,0.5516555905342102,0.7202562093734741,0.8312405347824097,3,"[0.3449, 0.2067, 0.0668, 0.0574, 0.0444, 0.0301, 0.0253, 0.023, 0.0189, 0.0136]","[0.59, 0.331, 0.219, 0.11, 0.371, 0.164, 0.152, 0.11, 0.169, 0.035]",2000,0.16282320022583008,0.603728768289691,
15,T3,1927,0.8869784648303936,-0.007446209408094236,-0.26654487331477267,0.13938752277176097,0.16856215704265165,0.09781004576189158,0.08999920536525693,0.1881534457206726,0.17193785309791565,0.09157855063676834,0.36009129881858826,0.5821491479873657,0.7418211102485657,1,"[0.1882, 0.1719, 0.0916, 0.0675, 0.063, 0.0463, 0.0383, 0.0316, 0.0239, 0.0196]","[0.887, 0.007, 0.267, 0.189, 0.112, 0.094, 0.069, 0.107, 0.152, 0.061]",2000,0.08606008440256119,-0.3079768475581996,
15,T4,1927,0.7289106266913378,-0.406538001931344,-0.10310374966037474,0.04633417155223865,0.10894958635640696,0.24785107480599428,-0.1482812654207798,0.3013162612915039,0.1654573678970337,0.07551366835832596,0.4667736291885376,0.6645050644874573,0.8002550601959229,2,"[0.3013, 0.1655, 0.0755, 0.0714, 0.0509, 0.044, 0.0325, 0.023, 0.0195, 0.0168]","[0.729, 0.407, 0.103, 0.149, 0.236, 0.253, 0.002, 0.04, 0.072, 0.01]",2000,0.08465138077735901,-0.24671372813697326,
15,T5,1927,-0.64420622038355,0.03963113592000507,-0.03956130210079074,-0.07278730826149436,-0.18851230142687994,-0.004674054290407959,-0.006617690149657097,0.32168832421302795,0.12457762658596039,0.11246553063392639,0.44626593589782715,0.6790092587471008,0.7985774278640747,2,"[0.3217, 0.1246, 0.1125, 0.0651, 0.0552, 0.0287, 0.0268, 0.025, 0.0215, 0.0174]","[0.644, 0.04, 0.04, 0.101, 0.566, 0.162, 0.131, 0.169, 0.135, 0.022]",2000,0.17554669082164764,0.525707678808202,
15,T6,1927,0.38583838179403657,-0.6438751754356917,-0.3129162914760677,0.07354787779431463,-0.004467420692304771,0.21590272468803368,-0.1545897012915486,0.25348323583602905,0.1837475448846817,0.0877777710556984,0.43723076581954956,0.6256080269813538,0.7777043581008911,3,"[0.2535, 0.1837, 0.0878, 0.0536, 0.047, 0.0387, 0.0358, 0.032, 0.0263, 0.0193]","[0.386, 0.644, 0.313, 0.061, 0.116, 0.081, 0.032, 0.06, 0.19, 0.061]",2000,0.09079883992671967,0.07934903759285684,
15,T7,1927,-0.3961764313490513,-0.26941486117982927,-0.5776655170236284,-0.2478864354183774,-0.6636874451909069,0.013928217248020257,-0.18948450207889522,0.399607390165329,0.14175082743167877,0.10039246082305908,0.541358232498169,0.7359275817871094,0.8204781413078308,3,"[0.3996, 0.1418, 0.1004, 0.0578, 0.0364, 0.0245, 0.0195, 0.0174, 0.0118, 0.0115]","[0.396, 0.269, 0.578, 0.506, 0.074, 0.236, 0.196, 0.061, 0.058, 0.038]",2000,0.0938519835472107,0.23272466733020003,
15,T8,1927,0.6719845326189366,-0.23639292107542656,-0.18590848562241846,0.2125317609417388,0.5370685307083173,0.04361733983595865,0.10106420104571263,0.2256072610616684,0.17641273140907288,0.08574779331684113,0.4020199775695801,0.6328693628311157,0.7659227848052979,2,"[0.2256, 0.1764, 0.0857, 0.0757, 0.0694, 0.0368, 0.0297, 0.0246, 0.0218, 0.0201]","[0.672, 0.236, 0.186, 0.523, 0.136, 0.058, 0.003, 0.016, 0.117, 0.089]",2000,0.09131147712469101,-0.27669935579681215,
15,R0,1927,0.7179721481154558,-0.44661991632768144,0.04386325670142129,0.07525855588008949,0.06550899454590291,0.24615947845820316,-0.11182346598808315,0.2924642860889435,0.16475804150104523,0.08922246843576431,0.4572223424911499,0.6437280178070068,0.7772626876831055,2,"[0.2925, 0.1648, 0.0892, 0.0507, 0.0466, 0.0348, 0.0326, 0.026, 0.0205, 0.0196]","[0.718, 0.447, 0.044, 0.267, 0.002, 0.132, 0.035, 0.028, 0.033, 0.017]",2000,0.08023222535848618,-0.20236686181908223,
15,R1,1927,0.5986608956150744,-0.6465632357474863,-0.15220589260880832,0.09202720744305494,0.08688635065706657,0.3088451568881143,-0.2906521685762378,0.19939151406288147,0.16493408381938934,0.08597961068153381,0.3643255829811096,0.5772684216499329,0.729108989238739,2,"[0.1994, 0.1649, 0.086, 0.0728, 0.0541, 0.0435, 0.038, 0.0262, 0.0247, 0.0195]","[0.599, 0.647, 0.152, 0.076, 0.134, 0.064, 0.068, 0.042, 0.105, 0.003]",2000,0.07621610164642334,-0.16594833253315125,
15,R2,1927,0.838002031456629,-0.3625375439929201,0.008506880348153124,0.054065389957268034,0.07614867498432838,0.17079128415305955,-0.108823558433773,0.20890162885189056,0.1650523841381073,0.08187408000230789,0.37395399808883667,0.5768916606903076,0.7291273474693298,2,"[0.2089, 0.1651, 0.0819, 0.0663, 0.0548, 0.0421, 0.0367, 0.0277, 0.0257, 0.0201]","[0.838, 0.363, 0.009, 0.11, 0.002, 0.1, 0.001, 0.012, 0.045, 0.008]",2000,0.1008327379822731,-0.2935881402527682,
15,R3,1927,0.0018361271864082566,0.06974954031794353,-0.20242071118944646,-0.14175022029834858,-0.02813763159685869,-0.019209723643146236,-0.1501260376813287,0.5455179810523987,0.43183475732803345,0.006607744377106428,0.9773527383804321,0.9885367751121521,0.9932258725166321,2,"[0.5455, 0.4318, 0.0066, 0.0029, 0.0017, 0.0013, 0.0012, 0.001, 0.0007, 0.0005]","[0.002, 0.07, 0.202, 0.086, 0.444, 0.275, 0.599, 0.016, 0.037, 0.046]",2000,0.015007750131189823,-0.025409849424183967,
15,R4,1927,0.22319429735441393,-0.06512616392705872,-0.11621750077775794,0.10300328581200563,0.17273309647976917,-0.028203309853239975,-0.0024052847876214747,0.36710885167121887,0.3537697494029999,0.23234352469444275,0.7208786010742188,0.978579580783844,0.9891709089279175,2,"[0.3671, 0.3538, 0.2323, 0.0189, 0.0065, 0.0039, 0.0022, 0.002, 0.0015, 0.0011]","[0.223, 0.065, 0.116, 0.22, 0.241, 0.024, 0.647, 0.508, 0.074, 0.123]",2000,0.007413649465888739,-0.07950999588665762,
15,R5,1927,-0.10153366360388151,0.09107260863405384,0.1983032534842953,0.009871375013139096,-0.29612053629559254,0.0757262120560377,-0.01300037467641692,0.48786789178848267,0.33882105350494385,0.10831456631422043,0.8266889452934265,0.9587286114692688,0.980423629283905,3,"[0.4879, 0.3388, 0.1083, 0.0151, 0.0086, 0.0068, 0.0048, 0.0046, 0.0033, 0.0022]","[0.102, 0.091, 0.198, 0.447, 0.481, 0.193, 0.252, 0.508, 0.133, 0.137]",2000,-0.010324539616703987,-0.055386798842902686,
15,R6,1927,0.013030143915125155,0.11786877279941775,-0.104213451090218,-0.1037396506435953,0.09066546713249551,0.08076206766802191,0.0734308361248125,0.3812652826309204,0.22814907133579254,0.08471032232046127,0.6094143390655518,0.7931528091430664,0.8951328992843628,2,"[0.3813, 0.2281, 0.0847, 0.059, 0.04, 0.0346, 0.0224, 0.0205, 0.0144, 0.0101]","[0.013, 0.118, 0.104, 0.308, 0.067, 0.167, 0.357, 0.274, 0.061, 0.215]",2000,0.020007438957691193,-0.07829365530566093,
15,R7,1927,-0.036570239873451746,0.1230963806949762,0.017102402609689073,0.09336512864151918,-0.295756247385485,-0.053272030881481774,0.0651187523688445,0.289607971906662,0.2067088633775711,0.11472062766551971,0.4963168501853943,0.7320301532745361,0.8643978238105774,0,"[0.2896, 0.2067, 0.1147, 0.0609, 0.0601, 0.047, 0.0312, 0.0241, 0.0167, 0.0134]","[0.037, 0.123, 0.017, 0.036, 0.052, 0.099, 0.221, 0.0, 0.151, 0.118]",2000,0.03323874995112419,0.1581930903576171,
16,T0,1927,-0.5560549950048901,0.5537811575134961,0.1988121952097606,-0.2039689434997801,-0.4509638395206579,0.07501684549995334,-0.19748838277720152,0.26564276218414307,0.13328759372234344,0.10549252480268478,0.3989303708076477,0.6006861329078674,0.7559459209442139,2,"[0.2656, 0.1333, 0.1055, 0.0519, 0.0443, 0.041, 0.0358, 0.032, 0.0238, 0.0226]","[0.556, 0.554, 0.199, 0.092, 0.18, 0.013, 0.02, 0.101, 0.067, 0.008]",2000,0.1242484375834465,0.4489921851819984,
16,T1,1927,0.9281813387664947,0.3534576537235235,0.12604521457274467,0.09829385475195711,0.12806606492957906,0.024336440424389132,0.06911596571995457,0.254581481218338,0.1570923775434494,0.1064310222864151,0.4116738438606262,0.6429570913314819,0.7829779982566833,2,"[0.2546, 0.1571, 0.1064, 0.0695, 0.0553, 0.0421, 0.033, 0.0258, 0.0202, 0.0189]","[0.928, 0.353, 0.126, 0.023, 0.075, 0.188, 0.045, 0.039, 0.027, 0.093]",2000,0.11595616489648819,-0.3790260146424542,
16,T2,1927,-0.5615143791770955,0.3611398060238074,0.1002183062531029,-0.04951170399980157,-0.002415006490576749,0.027825415126570153,-0.30293079461513617,0.3674336075782776,0.1826140433549881,0.07472022622823715,0.5500476360321045,0.7254040241241455,0.829533040523529,4,"[0.3674, 0.1826, 0.0747, 0.0612, 0.0394, 0.0303, 0.0229, 0.0218, 0.016, 0.013]","[0.562, 0.361, 0.1, 0.018, 0.341, 0.329, 0.127, 0.196, 0.102, 0.065]",2000,0.16295625269412994,0.6000471657878349,
16,T3,1927,0.9191141321279771,0.15407467771360076,0.18724211092326906,0.11893347530421701,0.14663289164122634,0.047024004173956836,0.03973857992601659,0.23573797941207886,0.18972525000572205,0.07853531837463379,0.4254632294178009,0.6257832050323486,0.769993782043457,2,"[0.2357, 0.1897, 0.0785, 0.0613, 0.0604, 0.0433, 0.0343, 0.0303, 0.019, 0.0174]","[0.919, 0.154, 0.187, 0.065, 0.303, 0.076, 0.029, 0.023, 0.157, 0.065]",2000,0.10459902882575989,-0.3364855245661233,
16,T4,1927,0.7478876186875382,-0.3868355758358755,0.04698935798875947,0.03629326868268226,0.10887225361371304,0.22162297091094446,-0.12354926477807474,0.3685165047645569,0.14625374972820282,0.06849274784326553,0.5147702693939209,0.6857539415359497,0.8123415112495422,3,"[0.3685, 0.1463, 0.0685, 0.0557, 0.0468, 0.0362, 0.0295, 0.0223, 0.0213, 0.0173]","[0.748, 0.387, 0.047, 0.117, 0.405, 0.125, 0.052, 0.066, 0.046, 0.076]",2000,0.08488088846206665,-0.2643423212315393,
16,T5,1927,-0.6539381889225956,0.032708121670088026,0.025565911553111862,-0.07472753903692247,-0.18635202024912248,-0.014135929943410324,-0.00460532906420775,0.30525681376457214,0.12180530279874802,0.11146596819162369,0.42706212401390076,0.6683048009872437,0.788857102394104,2,"[0.3053, 0.1218, 0.1115, 0.0662, 0.0635, 0.0291, 0.0273, 0.0245, 0.0225, 0.0171]","[0.654, 0.033, 0.026, 0.176, 0.541, 0.06, 0.094, 0.108, 0.025, 0.061]",2000,0.17205172777175903,0.5292553822736208,
16,T6,1927,0.1817860659178805,-0.8245695595486281,-0.2681482506429249,0.02415795214638016,-0.047947345305919174,0.18107652184250272,-0.16531274426848278,0.29117146134376526,0.19026575982570648,0.06822049617767334,0.48143720626831055,0.6471289396286011,0.787760853767395,1,"[0.2912, 0.1903, 0.0682, 0.0509, 0.0465, 0.0374, 0.0311, 0.0282, 0.0251, 0.019]","[0.182, 0.825, 0.268, 0.229, 0.077, 0.059, 0.012, 0.158, 0.04, 0.046]",2000,0.09646063297986984,0.20042243153995415,
16,T7,1927,0.4454319422977796,-0.3165222711973927,-0.6136123317516334,0.23884696457384533,0.6544551295723654,-0.009749565669832296,0.20441915096617422,0.38437512516975403,0.13944892585277557,0.09801487624645233,0.5238240361213684,0.7214627265930176,0.8130128979682922,4,"[0.3844, 0.1394, 0.098, 0.0595, 0.0401, 0.0249, 0.022, 0.0192, 0.0141, 0.0113]","[0.445, 0.317, 0.614, 0.439, 0.026, 0.183, 0.174, 0.06, 0.044, 0.008]",2000,0.09512719511985779,-0.26412369287465987,
16,T8,1927,-0.7685573003528889,0.17691660065716502,-0.13826608132973,-0.16375492919878162,-0.3474418588851646,-0.17847391937524393,0.021610016924984037,0.21063894033432007,0.19806839525699615,0.07915802299976349,0.40870732069015503,0.6251910924911499,0.771872341632843,2,"[0.2106, 0.1981, 0.0792, 0.0731, 0.0642, 0.0435, 0.0347, 0.0251, 0.0222, 0.0211]","[0.769, 0.177, 0.138, 0.446, 0.17, 0.118, 0.011, 0.029, 0.05, 0.134]",2000,0.08707069605588913,0.2538824520877622,
16,R0,1927,-0.635915310866498,-0.5178838923621504,-0.16114706521133612,-0.019016522541834426,-0.0357397823861706,-0.2623001331482775,0.07759787430435763,0.2907494306564331,0.1858861893415451,0.08631875365972519,0.4766356348991394,0.6688327789306641,0.7980270981788635,2,"[0.2907, 0.1859, 0.0863, 0.0614, 0.0445, 0.0383, 0.0296, 0.0233, 0.0203, 0.0176]","[0.636, 0.518, 0.161, 0.084, 0.084, 0.181, 0.032, 0.004, 0.04, 0.052]",2000,0.08951643109321594,0.14383368614074182,
16,R1,1927,0.6784504485834634,-0.5824228176652881,0.03358228433863958,0.05667666699607841,0.07178809479094894,0.30648386404213324,-0.23826475730791033,0.22517651319503784,0.15574640035629272,0.09310049563646317,0.38092291355133057,0.6108938455581665,0.7547414302825928,2,"[0.2252, 0.1557, 0.0931, 0.0864, 0.0505, 0.0435, 0.0343, 0.0245, 0.0222, 0.0194]","[0.678, 0.582, 0.034, 0.001, 0.133, 0.053, 0.077, 0.08, 0.072, 0.035]",2000,0.0882759690284729,-0.2346701491096143,
16,R2,1927,0.7900288935582128,-0.4259083768811624,0.09062562519602264,0.026138498283821296,0.058697605188698675,0.20630509016880946,-0.1355481964094987,0.2266935110092163,0.15053413808345795,0.09901399165391922,0.37722766399383545,0.5971527099609375,0.7466869354248047,2,"[0.2267, 0.1505, 0.099, 0.0682, 0.0527, 0.0449, 0.0344, 0.0266, 0.0244, 0.0192]","[0.79, 0.426, 0.091, 0.137, 0.097, 0.027, 0.094, 0.046, 0.019, 0.002]",2000,0.10540967434644699,-0.3016982412127707,
16,R3,1927,-0.06836893216209404,0.0002480663590555722,-0.3775089724136896,-0.11926606382802031,-0.07088390687994697,-0.12943014705066253,-0.08928992095612923,0.5409762859344482,0.4154598116874695,0.013968571089208126,0.9564360976219177,0.9798402786254883,0.9880753755569458,4,"[0.541, 0.4155, 0.014, 0.0053, 0.0041, 0.003, 0.0016, 0.0014, 0.0013, 0.001]","[0.068, 0.0, 0.378, 0.202, 0.128, 0.015, 0.315, 0.573, 0.303, 0.085]",2000,0.03872852027416229,0.14293590016443664,
16,R4,1927,0.18540489529848475,-0.07724973443219417,-0.11204313183880332,0.06572878279007242,0.1735142750611018,-0.035626840466815225,-0.025604600617621005,0.3632689416408539,0.3569972515106201,0.22159859538078308,0.7202662229537964,0.9704654812812805,0.984766960144043,4,"[0.3633, 0.357, 0.2216, 0.0191, 0.0095, 0.0052, 0.0036, 0.0022, 0.002, 0.0013]","[0.185, 0.077, 0.112, 0.302, 0.356, 0.182, 0.434, 0.151, 0.529, 0.007]",2000,0.02088640071451664,0.008551083076963482,
16,R5,1927,-0.06396382661933918,0.10955983144587647,0.18012888752682985,0.07411680637834556,-0.31482630026571257,0.07565204676934517,-0.05721161465310658,0.5124638676643372,0.2942216396331787,0.11468072980642319,0.8066855072975159,0.9483442902565002,0.9754795432090759,3,"[0.5125, 0.2942, 0.1147, 0.0154, 0.0116, 0.0082, 0.0067, 0.0057, 0.0041, 0.0025]","[0.064, 0.11, 0.18, 0.496, 0.242, 0.233, 0.384, 0.513, 0.122, 0.21]",2000,-0.0031919865868985653,-0.11835315745685296,
16,R6,1927,0.005072039984394125,0.10929369721097322,-0.12432497001780109,-0.09295121258853749,0.08409463959562213,0.09036674166473055,0.052168732517961044,0.3645232021808624,0.23224781453609467,0.07256971299648285,0.5967710018157959,0.7748832702636719,0.8811208605766296,2,"[0.3645, 0.2322, 0.0726, 0.0586, 0.047, 0.0328, 0.0255, 0.0227, 0.0136, 0.0117]","[0.005, 0.109, 0.124, 0.301, 0.059, 0.081, 0.206, 0.398, 0.003, 0.112]",2000,0.02301369048655033,-0.08166538625381775,
16,R7,1927,-0.02962846241109979,0.13227693689940684,-0.025370800654044703,0.0457521992000352,-0.27156126743617726,-0.03983790815906508,0.05776801772123713,0.25718170404434204,0.1911996454000473,0.11599253863096237,0.44838136434555054,0.6927642822265625,0.8316625952720642,0,"[0.2572, 0.1912, 0.116, 0.0681, 0.0603, 0.0472, 0.0287, 0.0278, 0.0191, 0.0162]","[0.03, 0.132, 0.025, 0.063, 0.079, 0.104, 0.149, 0.255, 0.118, 0.155]",2000,0.037363164126873016,0.16075660074588993,
17,T0,1927,0.7936302429630547,0.3352112568150304,0.0943782957064439,0.17258853855440529,0.3631444663669385,-0.035536938727309515,0.12697330430754494,0.22528815269470215,0.16773472726345062,0.08695859462022781,0.39302289485931396,0.5888262987136841,0.7461091876029968,2,"[0.2253, 0.1677, 0.087, 0.0642, 0.0446, 0.0435, 0.0377, 0.0296, 0.0236, 0.0228]","[0.794, 0.335, 0.094, 0.118, 0.225, 0.18, 0.073, 0.124, 0.02, 0.03]",2000,0.12280619889497757,-0.40273957659550724,
17,T1,1927,0.9022657809095744,-0.47955178044958807,0.08165811819086366,0.0900386413309005,0.12304052594637849,0.09603347619840281,-0.007770770375575841,0.2840992212295532,0.14213505387306213,0.10411857813596725,0.42623427510261536,0.6451610326766968,0.7853869199752808,2,"[0.2841, 0.1421, 0.1041, 0.0632, 0.0516, 0.0368, 0.0337, 0.027, 0.0239, 0.0189]","[0.902, 0.48, 0.082, 0.051, 0.023, 0.044, 0.13, 0.06, 0.01, 0.099]",2000,0.1259564757347107,-0.3842804572546349,
17,T2,1927,-0.5820796840775719,0.32741828386720523,-0.06952277446982168,-0.046162889186041535,0.012338760660021715,-0.010686842911837838,-0.3115973433713681,0.3578622341156006,0.16349579393863678,0.07637536525726318,0.5213580131530762,0.7059550285339355,0.8146563172340393,3,"[0.3579, 0.1635, 0.0764, 0.0675, 0.0407, 0.0313, 0.0225, 0.0216, 0.0182, 0.0151]","[0.582, 0.327, 0.07, 0.11, 0.173, 0.42, 0.06, 0.176, 0.196, 0.056]",2000,0.1667451411485672,0.6188530196553779,
17,T3,1927,0.8657017020871477,-0.2904353043070027,-0.077543585792673,0.12174777253629149,0.05534643494231506,0.07506586510447937,0.0434267150932145,0.2493615597486496,0.1799526959657669,0.08200628310441971,0.4293142557144165,0.6287885904312134,0.7649043202400208,2,"[0.2494, 0.18, 0.082, 0.062, 0.0554, 0.0391, 0.0318, 0.0304, 0.0177, 0.0171]","[0.866, 0.29, 0.078, 0.224, 0.306, 0.053, 0.008, 0.03, 0.038, 0.113]",2000,0.10142187774181366,-0.30940842781379657,
17,T4,1927,0.8452031163810482,-0.3356739293292163,0.2130363026562802,0.026736362181349265,0.09703336102805787,0.16838162065447632,-0.07937879667676898,0.37136465311050415,0.13821345567703247,0.07573071122169495,0.5095781087875366,0.6929425001144409,0.8107753396034241,2,"[0.3714, 0.1382, 0.0757, 0.0595, 0.0482, 0.0329, 0.0261, 0.0224, 0.0204, 0.016]","[0.845, 0.336, 0.213, 0.047, 0.202, 0.074, 0.062, 0.066, 0.014, 0.09]",2000,0.09754277020692825,-0.3768020742872644,
17,T5,1927,-0.6750235025483757,-0.019191490773437403,0.04189515439872019,-0.07874152611909181,-0.20663289772447077,-0.02337448907296326,-0.008659225268456106,0.27951690554618835,0.11962525546550751,0.10411759465932846,0.39914214611053467,0.6593484282493591,0.7768632173538208,2,"[0.2795, 0.1196, 0.1041, 0.0953, 0.0608, 0.0292, 0.0263, 0.0229, 0.0227, 0.0164]","[0.675, 0.019, 0.042, 0.506, 0.156, 0.013, 0.141, 0.098, 0.083, 0.028]",2000,0.16429120302200317,0.5214886576601009,
17,T6,1927,0.2401749676544522,-0.81178089589108,-0.23136492469507955,0.02293348199555045,-0.03782396682422104,0.19550414974080807,-0.16987761427329312,0.30639132857322693,0.18636663258075714,0.06640143692493439,0.49275797605514526,0.6554551720619202,0.7888602018356323,1,"[0.3064, 0.1864, 0.0664, 0.0537, 0.0426, 0.0353, 0.0297, 0.0266, 0.0226, 0.0192]","[0.24, 0.812, 0.231, 0.229, 0.072, 0.033, 0.039, 0.176, 0.021, 0.009]",2000,0.09901127219200134,0.1649741796435986,
17,T7,1927,0.4367439186535997,-0.3047590971696407,-0.5882268182871764,0.23869750255495656,0.6458888578358571,-0.009256264065438412,0.20845784653205107,0.36672043800354004,0.1304938793182373,0.09637080878019333,0.49721431732177734,0.7083187103271484,0.8049354553222656,4,"[0.3667, 0.1305, 0.0964, 0.0732, 0.0416, 0.026, 0.0238, 0.0197, 0.0157, 0.0114]","[0.437, 0.305, 0.588, 0.441, 0.106, 0.177, 0.073, 0.055, 0.072, 0.013]",2000,0.09326386451721191,-0.27321081834749394,
17,T8,1927,-0.5684473177765411,-0.40130402788361874,-0.21122572148146557,-0.08718374112529584,-0.16233697334059058,-0.2576716279656552,0.13636420392252896,0.21954333782196045,0.19366654753684998,0.07869239896535873,0.4132098853588104,0.6204678416252136,0.7690613269805908,3,"[0.2195, 0.1937, 0.0787, 0.0674, 0.0612, 0.0449, 0.0355, 0.0267, 0.0218, 0.0198]","[0.568, 0.401, 0.211, 0.358, 0.273, 0.087, 0.073, 0.003, 0.029, 0.108]",2000,0.08838346600532532,0.1072816694440243,
17,R0,1927,0.6537804097239158,-0.4440953918961313,-0.3968654309515146,0.01605182663144489,0.01299267867874909,0.21676169008958904,-0.06854108766344238,0.30006107687950134,0.1653243601322174,0.09111186116933823,0.46538543701171875,0.6689073443412781,0.8002341985702515,3,"[0.3001, 0.1653, 0.0911, 0.0681, 0.0443, 0.0376, 0.0297, 0.0255, 0.0194, 0.0192]","[0.654, 0.444, 0.397, 0.09, 0.046, 0.267, 0.121, 0.017, 0.035, 0.022]",2000,0.09289652854204178,-0.156904790197716,
17,R1,1927,0.7798992457809056,-0.4528567042957205,0.09405384517233391,0.03730601997008107,0.09030649853826385,0.2615752903172941,-0.15051178071351193,0.2049090415239334,0.15317408740520477,0.13088935613632202,0.3580831289291382,0.6248424649238586,0.7584858536720276,2,"[0.2049, 0.1532, 0.1309, 0.0814, 0.0544, 0.042, 0.029, 0.0241, 0.0229, 0.0156]","[0.78, 0.453, 0.094, 0.031, 0.148, 0.091, 0.085, 0.031, 0.13, 0.044]",2000,0.09418892115354538,-0.29997131162969315,
17,R2,1927,0.7328945732771329,-0.48861680181783895,0.18370828721331903,0.029916966217651195,0.07834486053012167,0.2632228909221486,-0.1430780825687553,0.2134864628314972,0.1449277102947235,0.12281665205955505,0.3584141731262207,0.6070994734764099,0.7505220174789429,2,"[0.2135, 0.1449, 0.1228, 0.0705, 0.0553, 0.0483, 0.0306, 0.0234, 0.022, 0.0192]","[0.733, 0.489, 0.184, 0.142, 0.121, 0.089, 0.115, 0.043, 0.016, 0.006]",2000,0.09982545673847198,-0.24405852191442526,
17,R3,1927,-0.1031187213199865,-0.16462272777604856,0.38519882157525814,-0.09859123999994561,-0.0668253878233933,-0.1622523159757938,-0.03361718938599311,0.47781679034233093,0.3712114691734314,0.09419277310371399,0.8490282297134399,0.9656224846839905,0.9788811802864075,2,"[0.4778, 0.3712, 0.0942, 0.0147, 0.0077, 0.0043, 0.0029, 0.0024, 0.0019, 0.0017]","[0.103, 0.165, 0.385, 0.101, 0.089, 0.129, 0.021, 0.009, 0.179, 0.442]",2000,0.21447040140628815,0.15395288839442975,
17,R4,1927,0.04352040004887702,0.07019186503957328,-0.14252689175755773,0.07801094415880597,0.09146404063414217,0.15803605499544254,-0.007465927954622224,0.3687973618507385,0.29012835025787354,0.2435528039932251,0.6589257121086121,0.9574419260025024,0.9790804386138916,4,"[0.3688, 0.2901, 0.2436, 0.0379, 0.0171, 0.0093, 0.0054, 0.0027, 0.0021, 0.002]","[0.044, 0.07, 0.143, 0.418, 0.36, 0.126, 0.031, 0.387, 0.401, 0.279]",2000,0.10005103051662445,0.16622801273479795,
17,R5,1927,-0.03571422991452212,0.11655808898203489,0.1812957933924819,0.13043832798950186,-0.30261232136418253,0.10583776221545173,-0.06342617453702903,0.5094443559646606,0.28929346799850464,0.11699812859296799,0.7987378239631653,0.9412699937820435,0.9717490077018738,4,"[0.5094, 0.2893, 0.117, 0.014, 0.0116, 0.009, 0.008, 0.0061, 0.0046, 0.0028]","[0.036, 0.117, 0.181, 0.494, 0.186, 0.334, 0.423, 0.356, 0.007, 0.167]",2000,0.002311181044206023,-0.16325476679814452,
17,R6,1927,0.014751601477197134,0.11768326231964775,0.02018095580638416,-0.08328967095573273,0.08438456054727561,0.07918307272689416,0.06028614681597265,0.35929039120674133,0.2316516637802124,0.06519395858049393,0.5909420251846313,0.7649888396263123,0.8719837665557861,2,"[0.3593, 0.2317, 0.0652, 0.059, 0.0499, 0.03, 0.0257, 0.0234, 0.0152, 0.0127]","[0.015, 0.118, 0.02, 0.301, 0.021, 0.023, 0.239, 0.373, 0.075, 0.021]",2000,0.030768562108278275,-0.09623951768917872,
17,R7,1927,-0.006184040436864119,0.1481861920139088,-0.04876460559241266,0.029604485767049556,-0.2580259529854811,-0.058706096075136174,0.05641413947906414,0.24095289409160614,0.18612024188041687,0.10896898806095123,0.4270731210708618,0.6722987294197083,0.8203725218772888,1,"[0.241, 0.1861, 0.109, 0.0722, 0.0641, 0.0473, 0.0385, 0.0271, 0.0188, 0.0163]","[0.006, 0.148, 0.049, 0.099, 0.073, 0.337, 0.14, 0.098, 0.116, 0.064]",2000,0.06574835628271103,0.1467023784213847,
18,T0,1927,-0.9101967079752473,0.2573687764940595,-0.043083202492788485,-0.12282033335945759,-0.20841022292384914,0.019618062601106753,-0.10212151758030921,0.21498827636241913,0.17821776866912842,0.08137475699186325,0.39320605993270874,0.603271484375,0.7565690279006958,1,"[0.215, 0.1782, 0.0814, 0.0692, 0.0595, 0.0514, 0.0294, 0.0274, 0.0245, 0.0205]","[0.91, 0.257, 0.043, 0.157, 0.137, 0.012, 0.093, 0.023, 0.053, 0.007]",2000,0.13815750181674957,0.4381622572349042,
18,T1,1927,0.9622551162890425,-0.19633613126273508,0.026362640626943643,0.05438463534898638,0.05911239410018424,0.0056282495180533035,0.015100314844990644,0.2763563394546509,0.17820405960083008,0.09551005065441132,0.45456039905548096,0.6736295819282532,0.8019349575042725,1,"[0.2764, 0.1782, 0.0955, 0.0721, 0.0514, 0.0334, 0.0275, 0.0232, 0.0229, 0.0213]","[0.962, 0.196, 0.026, 0.014, 0.003, 0.024, 0.067, 0.103, 0.093, 0.135]",2000,0.15571732819080353,-0.45559369014928053,
18,T2,1927,-0.6224460400802525,0.2617320445417782,0.16005434783668804,-0.04967235262677267,0.02842794866204328,-0.02018756295624709,-0.2794734310880036,0.3586418628692627,0.1443900465965271,0.07982251793146133,0.5030319094657898,0.6892973184585571,0.7977582812309265,2,"[0.3586, 0.1444, 0.0798, 0.0661, 0.0403, 0.0296, 0.0229, 0.0211, 0.0182, 0.0167]","[0.622, 0.262, 0.16, 0.119, 0.048, 0.477, 0.036, 0.078, 0.154, 0.077]",2000,0.17888417840003967,0.6587469570115155,
18,T3,1927,0.8855592870437805,-0.24502410503434296,-0.2771582610534447,0.0815423734386498,0.0380384671781124,0.09579756959625353,0.06700485364012293,0.24957257509231567,0.21038934588432312,0.08268634974956512,0.4599619209766388,0.6758424639701843,0.7934682369232178,1,"[0.2496, 0.2104, 0.0827, 0.0721, 0.061, 0.0339, 0.029, 0.0212, 0.0178, 0.0157]","[0.886, 0.245, 0.277, 0.006, 0.018, 0.144, 0.026, 0.008, 0.108, 0.031]",2000,0.10008770227432251,-0.33500150066228335,
18,T4,1927,0.9217857626241323,-0.2597348568952702,-0.16017254929004832,0.04266382628761941,0.07876686805714013,0.1276366386249371,-0.04480238094597945,0.28058114647865295,0.16488242149353027,0.06929846853017807,0.4454635679721832,0.6391521096229553,0.7783594131469727,1,"[0.2806, 0.1649, 0.0693, 0.0663, 0.0581, 0.0482, 0.0294, 0.0242, 0.0203, 0.0172]","[0.922, 0.26, 0.16, 0.111, 0.017, 0.114, 0.032, 0.052, 0.07, 0.013]",2000,0.11295324563980103,-0.43258724188002334,
18,T5,1927,-0.6483901796209572,-0.10487740652195715,0.2440639011395127,-0.09436629322487837,-0.31468235477954076,-0.012421185463899077,-0.036218269247971314,0.26447683572769165,0.1190246120095253,0.1049238070845604,0.38350144028663635,0.6438708305358887,0.7656663656234741,2,"[0.2645, 0.119, 0.1049, 0.0922, 0.0632, 0.0326, 0.0267, 0.0227, 0.0216, 0.0182]","[0.648, 0.105, 0.244, 0.462, 0.182, 0.054, 0.126, 0.009, 0.029, 0.116]",2000,0.15401318669319153,0.5070433642291754,
18,T6,1927,0.1621089735162706,-0.8854348416086413,-0.22177848484272122,-0.00870186909433276,-0.06797780404776513,0.19224728968364568,-0.1890944070749396,0.2903303802013397,0.19184722006320953,0.06726159155368805,0.48217761516571045,0.6505471467971802,0.7849349975585938,1,"[0.2903, 0.1918, 0.0673, 0.0583, 0.0428, 0.0367, 0.0297, 0.0264, 0.0218, 0.0197]","[0.162, 0.885, 0.222, 0.128, 0.147, 0.045, 0.01, 0.146, 0.02, 0.048]",2000,0.10191436856985092,0.21487319772236887,
18,T7,1927,0.44375249664050254,-0.3396779559553886,0.756754767573586,0.23511836052164392,0.6253876178735674,-0.01986526756514378,0.23369107292296895,0.34420326352119446,0.11957535147666931,0.09324175864458084,0.46377861499786377,0.6889331340789795,0.7952092289924622,3,"[0.3442, 0.1196, 0.0932, 0.09, 0.0419, 0.0306, 0.0249, 0.0206, 0.0189, 0.0113]","[0.444, 0.34, 0.757, 0.137, 0.089, 0.177, 0.053, 0.032, 0.094, 0.087]",2000,0.09135076403617859,-0.2758949438279115,
18,T8,1927,-0.41987028463674964,-0.5794991425615462,0.296985727458874,-0.0006188288495691293,0.026334462249898657,-0.2617150400911071,0.20651564583727253,0.2139659970998764,0.1979532241821289,0.07984486222267151,0.4119192361831665,0.6142826676368713,0.7709567546844482,3,"[0.214, 0.198, 0.0798, 0.0663, 0.0562, 0.0523, 0.0347, 0.0277, 0.0219, 0.0201]","[0.42, 0.579, 0.297, 0.349, 0.16, 0.044, 0.058, 0.022, 0.049, 0.098]",2000,0.0908549353480339,-0.0017915142375158114,
18,R0,1927,-0.612258720464993,-0.5622717935158158,0.2681900905122342,0.024944715338979233,0.031284359622196986,-0.18393218926780483,0.05694478489410232,0.29934701323509216,0.20995163917541504,0.08898666501045227,0.5092986822128296,0.7091541886329651,0.8227618932723999,2,"[0.2993, 0.21, 0.089, 0.0643, 0.0465, 0.0301, 0.0271, 0.0213, 0.0199, 0.0152]","[0.612, 0.562, 0.268, 0.058, 0.003, 0.162, 0.02, 0.094, 0.05, 0.019]",2000,0.1096191257238388,0.11825160742921866,
18,R1,1927,0.856808040287625,-0.2850286393603801,0.2809621719677016,0.018128301067424062,0.08120944661988963,0.1796698622472334,-0.06424989803824185,0.21038439869880676,0.167776957154274,0.14349815249443054,0.37816137075424194,0.6501631736755371,0.7811729907989502,1,"[0.2104, 0.1678, 0.1435, 0.0711, 0.0574, 0.0423, 0.0257, 0.0241, 0.0221, 0.0168]","[0.857, 0.285, 0.281, 0.024, 0.001, 0.16, 0.024, 0.051, 0.098, 0.015]",2000,0.10708020627498627,-0.3917366723513419,
18,R2,1927,0.6457161966722176,-0.5897194258542526,-0.04745788782237232,0.020980241694111546,0.05549194911467913,0.32671923397122765,-0.1788311526538007,0.21050086617469788,0.15108005702495575,0.11516939103603363,0.36158090829849243,0.6141114234924316,0.7578229904174805,2,"[0.2105, 0.1511, 0.1152, 0.0818, 0.0556, 0.0469, 0.0295, 0.0248, 0.0222, 0.0203]","[0.646, 0.59, 0.047, 0.161, 0.082, 0.15, 0.137, 0.026, 0.006, 0.003]",2000,0.09602861106395721,-0.1796057184425583,
18,R3,1927,-0.11875625855325708,0.02051189333696363,0.3966029836849663,0.0033142254210390115,0.07000168112485151,0.22391635763947437,0.13329016333740465,0.42951640486717224,0.38483935594558716,0.10366048663854599,0.814355731010437,0.9489439725875854,0.967096209526062,3,"[0.4295, 0.3848, 0.1037, 0.0209, 0.01, 0.005, 0.004, 0.0037, 0.0028, 0.0026]","[0.119, 0.021, 0.397, 0.11, 0.108, 0.16, 0.477, 0.038, 0.127, 0.396]",2000,0.2330361008644104,0.298427796209664,
18,R4,1927,-0.0761473402712773,0.04162952949330757,-0.11992170293074728,0.05897518931211142,0.05600862465412222,0.05017805287432261,0.0652526758083976,0.3938688337802887,0.2534005045890808,0.23657166957855225,0.6472693681716919,0.9466480016708374,0.9722306132316589,4,"[0.3939, 0.2534, 0.2366, 0.0449, 0.0179, 0.0111, 0.0062, 0.0034, 0.0026, 0.0023]","[0.076, 0.042, 0.12, 0.469, 0.317, 0.202, 0.012, 0.398, 0.539, 0.19]",2000,0.12658703327178955,0.28854310476979234,
18,R5,1927,0.024425125386258167,-0.06783405439232508,0.1639285231946717,0.12337253947570116,-0.2182417958906974,0.028742548288846245,-0.12018235691814043,0.5094115138053894,0.25658589601516724,0.10973915457725525,0.7659974098205566,0.9134202599525452,0.954680860042572,1,"[0.5094, 0.2566, 0.1097, 0.0215, 0.0162, 0.0112, 0.0097, 0.0091, 0.0057, 0.0055]","[0.024, 0.068, 0.164, 0.696, 0.008, 0.002, 0.103, 0.053, 0.285, 0.224]",2000,0.04718058183789253,-0.15255315268514896,
18,R6,1927,-0.023226370772554284,0.12435199721219654,0.26054497252606157,0.07965823317711576,-0.08860372723363161,-0.08087549839178651,-0.060933151574122726,0.3423236012458801,0.23000071942806244,0.06182720884680748,0.5723243355751038,0.7419755458831787,0.8526416420936584,0,"[0.3423, 0.23, 0.0618, 0.0566, 0.0512, 0.0314, 0.027, 0.0228, 0.0168, 0.0126]","[0.023, 0.124, 0.261, 0.221, 0.102, 0.259, 0.277, 0.189, 0.168, 0.044]",2000,0.047275107353925705,0.1096781765961738,
18,R7,1927,-0.004008203590953133,-0.1923725137342464,-0.08254551582933849,0.03896530993899654,-0.2403093750154026,-0.06661064989193738,0.05935360515413836,0.23574697971343994,0.16883984208106995,0.10070539265871048,0.4045868217945099,0.6309956908226013,0.7875960469245911,1,"[0.2357, 0.1688, 0.1007, 0.0661, 0.0596, 0.0566, 0.0364, 0.0266, 0.0202, 0.0168]","[0.004, 0.192, 0.083, 0.324, 0.233, 0.236, 0.094, 0.106, 0.087, 0.073]",2000,0.09426965564489365,0.14288147018520062,
19,T0,1927,-0.955393421777318,0.13707110936122896,-0.13870210610750766,-0.09456996595761498,-0.15143628870397893,0.012695554633603764,-0.05682751173349454,0.21217745542526245,0.18923993408679962,0.08043283224105835,0.4014173746109009,0.6075235605239868,0.7559698224067688,1,"[0.2122, 0.1892, 0.0804, 0.0681, 0.0576, 0.051, 0.0287, 0.0253, 0.0234, 0.02]","[0.955, 0.137, 0.139, 0.124, 0.079, 0.023, 0.084, 0.007, 0.019, 0.019]",2000,0.1376919001340866,0.4398531366099797,
19,T1,1927,-0.9563236797679262,-0.11117220508288216,-0.04681953087092942,-0.0576450749946773,-0.041788898756369694,0.032417018693657415,-0.018003047384619712,0.26338881254196167,0.17432324588298798,0.11343606561422348,0.43771207332611084,0.6792253255844116,0.7971121668815613,1,"[0.2634, 0.1743, 0.1134, 0.0786, 0.0495, 0.0308, 0.024, 0.0227, 0.0209, 0.0194]","[0.956, 0.111, 0.047, 0.009, 0.021, 0.036, 0.123, 0.133, 0.041, 0.069]",2000,0.15880617499351501,0.4625734086277888,
19,T2,1927,-0.6229754644429912,0.17380686875608645,0.2675801802381135,-0.049547200169569865,0.042988487419899656,-0.009954490871151555,-0.2023399779167013,0.3836391270160675,0.11966785043478012,0.08020778000354767,0.5033069849014282,0.6826946139335632,0.7917636036872864,2,"[0.3836, 0.1197, 0.0802, 0.0601, 0.0391, 0.0307, 0.022, 0.0203, 0.0189, 0.0172]","[0.623, 0.174, 0.268, 0.265, 0.225, 0.392, 0.08, 0.051, 0.033, 0.07]",2000,0.1951967477798462,0.7077042615994112,
19,T3,1927,-0.41207651990935895,-0.7719414548687122,-0.20370206925050602,0.007731982214334864,-0.022434885603083574,-0.1799083486836025,0.13522114619409667,0.2623426616191864,0.21181735396385193,0.09196530282497406,0.47416001558303833,0.6879856586456299,0.7993353605270386,2,"[0.2623, 0.2118, 0.092, 0.0648, 0.0571, 0.03, 0.0273, 0.0204, 0.017, 0.0166]","[0.412, 0.772, 0.204, 0.104, 0.085, 0.117, 0.062, 0.055, 0.053, 0.019]",2000,0.1188565194606781,-0.04228020775550153,
19,T4,1927,0.9604998558512968,-0.09631410952483592,-0.21264408827285522,0.05182530613516109,0.06035639482199766,0.07979581956315007,-0.03624127220984688,0.24947404861450195,0.1672765016555786,0.1020573154091835,0.41675055027008057,0.629450261592865,0.7701878547668457,1,"[0.2495, 0.1673, 0.1021, 0.0609, 0.0498, 0.0438, 0.0341, 0.0233, 0.0208, 0.0187]","[0.96, 0.096, 0.213, 0.133, 0.059, 0.115, 0.036, 0.061, 0.04, 0.088]",2000,0.1046154797077179,-0.4205621796031939,
19,T5,1927,-0.4104569368987935,-0.5466646780307918,-0.5266345117471847,-0.16349873617247432,-0.6611317299920267,0.03326904403447171,-0.1562844653749509,0.3224816620349884,0.1388164460659027,0.09635113924741745,0.4612981081008911,0.6843797564506531,0.7960980534553528,3,"[0.3225, 0.1388, 0.0964, 0.075, 0.0517, 0.0336, 0.0244, 0.0195, 0.0176, 0.0167]","[0.41, 0.547, 0.527, 0.184, 0.176, 0.124, 0.082, 0.027, 0.137, 0.119]",2000,0.12473777681589127,0.35827244712924183,
19,T6,1927,0.047316402921614445,-0.9450742424361331,-0.21349081873099068,-0.036329009569825474,-0.10031343590092388,0.18062418720927917,-0.1931746104236867,0.28870415687561035,0.1905878633260727,0.06999234855175018,0.47929203510284424,0.650078535079956,0.7833403944969177,1,"[0.2887, 0.1906, 0.07, 0.0583, 0.0425, 0.0373, 0.0292, 0.0251, 0.0214, 0.0202]","[0.047, 0.945, 0.213, 0.003, 0.075, 0.1, 0.01, 0.113, 0.019, 0.018]",2000,0.11449266225099564,0.28379102333305384,
19,T7,1927,0.44179948351072384,-0.3679127194667374,0.4775596942846279,0.23120744582447947,0.6134534291191555,-0.027227165111920696,0.2419218141976628,0.3277829587459564,0.12246693670749664,0.09503493458032608,0.45024991035461426,0.6756121516227722,0.7853761315345764,4,"[0.3278, 0.1225, 0.095, 0.0886, 0.0417, 0.0308, 0.0264, 0.0209, 0.0197, 0.0119]","[0.442, 0.368, 0.478, 0.471, 0.066, 0.204, 0.025, 0.054, 0.024, 0.103]",2000,0.09046047925949097,-0.27552471447716287,
19,T8,1927,0.40634650881266055,-0.6823204397027567,-0.32293255466493415,-0.016897667199096907,-0.057479382069340654,0.23129501440965294,-0.21005396458989278,0.21113912761211395,0.19741298258304596,0.08223886787891388,0.4085521101951599,0.6164150238037109,0.7693320512771606,3,"[0.2111, 0.1974, 0.0822, 0.0702, 0.0555, 0.0489, 0.0364, 0.0264, 0.0221, 0.019]","[0.406, 0.682, 0.323, 0.23, 0.013, 0.033, 0.001, 0.012, 0.063, 0.073]",2000,0.10378022491931915,0.00847997780761396,
19,R0,1927,0.5432308220435632,-0.6546738537799414,-0.20656718851011524,-0.03850246668773438,-0.06866513597070294,0.19230189537921785,-0.07145914501793008,0.30826178193092346,0.21001754701137543,0.08576592803001404,0.5182793140411377,0.7111460566520691,0.8215397000312805,2,"[0.3083, 0.21, 0.0858, 0.0641, 0.043, 0.0291, 0.0281, 0.0201, 0.0186, 0.0144]","[0.543, 0.655, 0.207, 0.084, 0.002, 0.154, 0.065, 0.107, 0.08, 0.014]",2000,0.11319927126169205,-0.06433117900612208,
19,R1,1927,0.8855895485053064,-0.23128614922659851,0.2864657023641247,0.020586626446294953,0.06119278875754277,0.1440933362521043,-0.03759817474556219,0.2038751244544983,0.1758977174758911,0.12653101980686188,0.3797728419303894,0.6405713558197021,0.7727402448654175,1,"[0.2039, 0.1759, 0.1265, 0.0738, 0.0605, 0.0414, 0.0276, 0.0246, 0.0216, 0.017]","[0.886, 0.231, 0.286, 0.012, 0.03, 0.15, 0.045, 0.02, 0.058, 0.023]",2000,0.11072792112827301,-0.392241252988651,
19,R2,1927,-0.5822219389618652,-0.6003284489223243,0.13299199945834841,0.002647129237476402,-0.011567450016777704,-0.2929529239195356,0.1509350282986996,0.20598569512367249,0.15055648982524872,0.11215514689683914,0.35654217004776,0.6117791533470154,0.7563125491142273,2,"[0.206, 0.1506, 0.1122, 0.0824, 0.0607, 0.0474, 0.0314, 0.0242, 0.0222, 0.0194]","[0.582, 0.6, 0.133, 0.155, 0.044, 0.147, 0.155, 0.001, 0.008, 0.006]",2000,0.08847811818122864,0.09803180442690476,
19,R3,1927,-0.037124805928035035,0.14250545104110504,0.4388269285099206,-0.013647928464255159,0.06895900986725634,0.25869103606059324,0.03769625304146004,0.4368724226951599,0.3672320544719696,0.10240397602319717,0.8041044473648071,0.9398253560066223,0.9604958891868591,2,"[0.4369, 0.3672, 0.1024, 0.0222, 0.0111, 0.0059, 0.0043, 0.0042, 0.0033, 0.0031]","[0.037, 0.143, 0.439, 0.094, 0.083, 0.168, 0.064, 0.087, 0.048, 0.711]",2000,0.23121190071105957,0.10467019806188031,
19,R4,1927,0.042951345775044815,-0.06047716664758138,-0.08468438725163972,0.1024234156031639,0.04130636116085805,0.010182614284321014,0.07240716687765623,0.43199193477630615,0.23878982663154602,0.21809059381484985,0.6707817316055298,0.9461073279380798,0.9706093668937683,5,"[0.432, 0.2388, 0.2181, 0.0394, 0.0178, 0.0107, 0.0061, 0.0031, 0.0024, 0.0022]","[0.043, 0.06, 0.085, 0.443, 0.353, 0.207, 0.038, 0.374, 0.449, 0.304]",2000,0.11658690869808197,0.06427123311031788,
19,R5,1927,-0.08490022094514048,-0.04025847296922403,0.13059623375944238,-0.06213548360046825,0.17626953493195416,-0.11195915072947574,0.1917115862687123,0.5224282145500183,0.2404850423336029,0.10524453967809677,0.7629132270812988,0.9068644642829895,0.9504782557487488,1,"[0.5224, 0.2405, 0.1052, 0.022, 0.0167, 0.011, 0.0107, 0.0089, 0.0071, 0.0058]","[0.085, 0.04, 0.131, 0.701, 0.021, 0.002, 0.06, 0.092, 0.206, 0.212]",2000,0.048283059149980545,0.2502311047818127,
19,R6,1927,0.0367180049285331,0.13926581136841829,-0.22969813581436185,-0.07818664522946309,0.07947598789965807,0.08690309108737877,0.06814209155891125,0.34270212054252625,0.22492550313472748,0.05844900757074356,0.5676276087760925,0.7341293692588806,0.8508521318435669,2,"[0.3427, 0.2249, 0.0584, 0.0557, 0.0524, 0.0324, 0.031, 0.0252, 0.0159, 0.0122]","[0.037, 0.139, 0.23, 0.169, 0.334, 0.179, 0.212, 0.303, 0.154, 0.012]",2000,0.05265377461910248,-0.12775851256419468,
19,R7,1927,-0.006856491904002239,0.1796670692504773,0.08707677061981117,0.02661764857154804,-0.2414233966669373,-0.06051248908074095,0.06773698639565226,0.2407054752111435,0.16221268475055695,0.09929811954498291,0.40291815996170044,0.6282954216003418,0.7807677388191223,1,"[0.2407, 0.1622, 0.0993, 0.0666, 0.0595, 0.0551, 0.034, 0.0272, 0.0197, 0.0165]","[0.007, 0.18, 0.087, 0.333, 0.234, 0.159, 0.101, 0.064, 0.067, 0.177]",2000,0.09746789187192917,0.15565099085652587,
20,T0,1927,0.9248254928996353,-0.10868309375946901,0.1658187341410132,0.08451725548700859,0.16154474998885152,0.02149667551823859,0.02650964967098202,0.23187242448329926,0.19415071606636047,0.0761280208826065,0.42602312564849854,0.6208369135856628,0.7656381130218506,1,"[0.2319, 0.1942, 0.0761, 0.064, 0.0547, 0.0513, 0.0264, 0.0259, 0.0215, 0.0197]","[0.925, 0.109, 0.166, 0.135, 0.079, 0.064, 0.057, 0.002, 0.018, 0.005]",2000,0.13776640594005585,-0.425459612528197,
20,T1,1927,-0.9671121836817946,0.21390636163502125,0.09714255182076767,-0.05810574227129472,-0.024126783282110133,0.08872231707540809,-0.05767530428808123,0.2901671528816223,0.17574132978916168,0.12514984607696533,0.4659084677696228,0.7069965600967407,0.8120158314704895,1,"[0.2902, 0.1757, 0.1251, 0.0696, 0.0464, 0.0288, 0.0224, 0.0198, 0.0174, 0.0167]","[0.967, 0.214, 0.097, 0.02, 0.011, 0.052, 0.158, 0.001, 0.036, 0.04]",2000,0.17336954176425934,0.4431147838326105,
20,T2,1927,-0.6259353720568217,0.20767379040725203,0.21437734830916738,-0.06146764022159787,0.042358407651034644,0.01696923747337022,-0.18971379588005652,0.36859291791915894,0.11113560944795609,0.08300317078828812,0.4797285199165344,0.6599392890930176,0.7701863050460815,2,"[0.3686, 0.1111, 0.083, 0.0584, 0.0388, 0.0304, 0.0236, 0.0203, 0.0187, 0.0171]","[0.626, 0.208, 0.214, 0.334, 0.253, 0.265, 0.066, 0.121, 0.074, 0.075]",2000,0.21430771052837372,0.704829828551817,
20,T3,1927,-0.5516089971901127,-0.5164483326013154,-0.38639399515129147,-0.030916964766134262,-0.040647646764864175,-0.1500517733649373,0.06665822839661298,0.3000490367412567,0.20053741335868835,0.09213659167289734,0.5005864500999451,0.7061973214149475,0.812975287437439,3,"[0.3, 0.2005, 0.0921, 0.0581, 0.0553, 0.0271, 0.0259, 0.0223, 0.0171, 0.0143]","[0.552, 0.516, 0.386, 0.009, 0.125, 0.046, 0.155, 0.054, 0.054, 0.001]",2000,0.12394047528505325,0.04910142586172551,
20,T4,1927,-0.2930372429421399,0.03282568232901103,0.7141509721548283,-0.06395029177632983,-0.23124525051745481,-0.046053642362980464,0.14362506070373984,0.9988470077514648,0.0002991134824696928,0.00021972728427499533,0.9991461038589478,0.9995862245559692,0.999758780002594,3,"[0.9988, 0.0003, 0.0002, 0.0001, 0.0001, 0.0001, 0.0, 0.0, 0.0, 0.0]","[0.293, 0.033, 0.714, 0.032, 0.104, 0.351, 0.339, 0.021, 0.199, 0.156]",2000,0.035796962678432465,-0.07031113754238984,
20,T5,1927,-0.5983166002402365,-0.562222953900234,-0.20591371264337507,-0.09502029915665786,-0.271372349025204,0.009635697623693632,-0.060790649837428865,0.2210473269224167,0.13070441782474518,0.105970598757267,0.35175174474716187,0.6096464991569519,0.7371358871459961,2,"[0.221, 0.1307, 0.106, 0.0906, 0.0614, 0.0362, 0.0275, 0.0239, 0.0201, 0.0199]","[0.598, 0.562, 0.206, 0.03, 0.199, 0.084, 0.079, 0.072, 0.114, 0.008]",2000,0.14264503121376038,0.545293310205882,
20,T6,1927,-0.09704897035022544,-0.96347611550633,0.18971964094727325,-0.04486245947585526,-0.07825329297823141,0.17366981892020125,-0.18589457701867435,0.29092392325401306,0.20959576964378357,0.06987001746892929,0.5005196928977966,0.6672641038894653,0.789608895778656,1,"[0.2909, 0.2096, 0.0699, 0.0561, 0.0408, 0.0352, 0.0279, 0.0211, 0.0204, 0.0177]","[0.097, 0.963, 0.19, 0.001, 0.018, 0.08, 0.025, 0.085, 0.067, 0.02]",2000,0.13030864298343658,0.3614898991204387,
20,T7,1927,0.45665687422363754,-0.4071672976675069,-0.4650234363306703,0.22798803997980494,0.6141432129879014,-0.03251169093215405,0.24526475461138222,0.31493330001831055,0.11613742262125015,0.09956729412078857,0.4310707151889801,0.6592136025428772,0.773260235786438,4,"[0.3149, 0.1161, 0.0996, 0.0872, 0.0414, 0.0317, 0.0285, 0.0221, 0.0192, 0.0127]","[0.457, 0.407, 0.465, 0.437, 0.056, 0.212, 0.085, 0.058, 0.067, 0.109]",2000,0.09579699486494064,-0.27816563469582334,
20,T8,1927,0.13527828140933662,-0.9369147462109884,-0.2239648006564016,0.11903299512169455,0.2198456237126076,-0.17586769239000405,0.26163771744706843,0.22101613879203796,0.20276466012001038,0.08234262466430664,0.42378079891204834,0.6287776827812195,0.7730035781860352,1,"[0.221, 0.2028, 0.0823, 0.0668, 0.0558, 0.0433, 0.0379, 0.0242, 0.0211, 0.0178]","[0.135, 0.937, 0.224, 0.13, 0.03, 0.018, 0.003, 0.01, 0.057, 0.042]",2000,0.11624889820814133,-0.3340524444040214,
20,R0,1927,0.38278996501844115,-0.8745024631593216,-0.13084065458953212,-0.06611267404156092,-0.10900967343198394,0.19121970930923404,-0.10167072888437433,0.3146417438983917,0.22845563292503357,0.08715465664863586,0.5430973768234253,0.7253795266151428,0.8301774263381958,2,"[0.3146, 0.2285, 0.0872, 0.0544, 0.0407, 0.0301, 0.028, 0.0174, 0.0158, 0.0136]","[0.383, 0.875, 0.131, 0.06, 0.004, 0.076, 0.116, 0.082, 0.034, 0.001]",2000,0.12620267271995544,0.06590345618397801,
20,R1,1927,-0.7882913062891415,0.4582451788374036,-0.058907440187871314,-0.07776546867492333,-0.05665961202995026,0.03193760922051954,-0.13001307988291427,0.4165607690811157,0.16556882858276367,0.0944778174161911,0.5821295976638794,0.7656707763671875,0.8501774668693542,2,"[0.4166, 0.1656, 0.0945, 0.0512, 0.0378, 0.0268, 0.0187, 0.0167, 0.0124, 0.0101]","[0.788, 0.458, 0.059, 0.006, 0.016, 0.013, 0.161, 0.076, 0.065, 0.026]",2000,0.2358652651309967,0.6428977876985604,
20,R2,1927,-0.855984527397723,-0.30347631666883385,0.027249255282734683,-0.017837581911574935,-0.03607553290060655,-0.1332766363181285,0.03905678200970733,0.21327434480190277,0.1708899736404419,0.09910787642002106,0.38416433334350586,0.6135069131851196,0.7592235207557678,2,"[0.2133, 0.1709, 0.0991, 0.0778, 0.0524, 0.0484, 0.035, 0.0236, 0.0209, 0.0179]","[0.856, 0.303, 0.027, 0.058, 0.017, 0.059, 0.111, 0.027, 0.04, 0.006]",2000,0.11530135571956635,0.39841328141821414,
20,R3,1927,-0.011778074685699332,-0.03706639190822938,-0.45507733922365257,-0.03616285235116228,0.06861891670749264,0.24607412384125554,0.08728700256874142,0.3926762044429779,0.318450391292572,0.1413441300392151,0.7111265659332275,0.8943143486976624,0.9333047866821289,3,"[0.3927, 0.3185, 0.1413, 0.0243, 0.0175, 0.0115, 0.0081, 0.0068, 0.0066, 0.0061]","[0.012, 0.037, 0.455, 0.128, 0.12, 0.181, 0.151, 0.057, 0.553, 0.443]",2000,0.25822198390960693,0.08418647515924453,
20,R4,1927,0.09092375315625505,0.0024383168428418305,-0.06357551819148437,-0.0903682932381607,-0.00031036177671660796,0.13630447151444042,-0.1555669291215251,0.4548475444316864,0.22854351997375488,0.1973131000995636,0.6833910942077637,0.9331305623054504,0.9616362452507019,5,"[0.4548, 0.2285, 0.1973, 0.035, 0.0174, 0.011, 0.0068, 0.0045, 0.0032, 0.003]","[0.091, 0.002, 0.064, 0.487, 0.411, 0.229, 0.09, 0.481, 0.429, 0.304]",2000,0.10174203664064407,-0.2723753566765662,
20,R5,1927,-0.14717846490817152,0.08421514497466448,0.12978892110275247,0.021752718456806288,0.09189170403250178,-0.16028763223100434,0.3099513172501842,0.4970368444919586,0.231868714094162,0.1040322482585907,0.7289055585861206,0.8873618841171265,0.937391996383667,1,"[0.497, 0.2319, 0.104, 0.0352, 0.0193, 0.0136, 0.0114, 0.0104, 0.0076, 0.0071]","[0.147, 0.084, 0.13, 0.726, 0.131, 0.069, 0.067, 0.244, 0.069, 0.274]",2000,0.06531964242458344,0.27552792468468246,
20,R6,1927,0.06892404988770427,0.1557487183902444,-0.3037680636765832,-0.08045291204716314,0.08519726712244334,0.084905252959638,0.06743876843380688,0.3176375925540924,0.20755065977573395,0.06182821840047836,0.5251882672309875,0.6945035457611084,0.8185189962387085,3,"[0.3176, 0.2076, 0.0618, 0.0561, 0.0514, 0.0344, 0.031, 0.0263, 0.0195, 0.0129]","[0.069, 0.156, 0.304, 0.36, 0.325, 0.229, 0.074, 0.101, 0.249, 0.1]",2000,0.07437194883823395,-0.1419699949900624,
20,R7,1927,-0.016868330288706834,0.1828870837949121,0.080231473610339,0.02260733301785193,-0.2521425132548869,-0.06775593635287745,0.07974994977853633,0.22833114862442017,0.14307276904582977,0.09305192530155182,0.37140393257141113,0.5958846211433411,0.7487669587135315,1,"[0.2283, 0.1431, 0.0931, 0.0748, 0.0566, 0.0517, 0.0382, 0.0269, 0.0195, 0.0166]","[0.017, 0.183, 0.08, 0.406, 0.103, 0.09, 0.06, 0.095, 0.055, 0.215]",2000,0.1186312884092331,0.1667800886350316,
21,T0,1927,-0.9541453009911345,0.07344291642162894,-0.09488434769870635,-0.09512442790956198,-0.18402882277711025,0.04472397150383953,-0.06012955038887959,0.21229887008666992,0.20698945224285126,0.07851491868495941,0.4192883372306824,0.6205669641494751,0.7605371475219727,1,"[0.2123, 0.207, 0.0785, 0.0658, 0.057, 0.0519, 0.0276, 0.0234, 0.0198, 0.0174]","[0.954, 0.073, 0.095, 0.109, 0.194, 0.069, 0.013, 0.061, 0.013, 0.004]",2000,0.13250048458576202,0.4228320378131682,
21,T1,1927,0.943143954774411,0.261734114002791,0.11147489858270421,0.06199205430435209,0.03284385053307606,-0.10558121857283419,0.07082539925111958,0.2906656861305237,0.1832691878080368,0.11994431912899017,0.4739348888397217,0.7035917639732361,0.810257613658905,1,"[0.2907, 0.1833, 0.1199, 0.066, 0.0437, 0.028, 0.0246, 0.0211, 0.0169, 0.0161]","[0.943, 0.262, 0.111, 0.03, 0.013, 0.081, 0.092, 0.085, 0.048, 0.008]",2000,0.1759214550256729,-0.4722605020138891,
21,T2,1927,-0.6489000122374852,0.13424475263372943,0.017739181469879375,-0.04945746294349038,0.03271543940294918,-0.026450332058080634,-0.09015762777403095,0.42070260643959045,0.10449367761611938,0.06905100494623184,0.5251963138580322,0.6886899471282959,0.7908015847206116,2,"[0.4207, 0.1045, 0.0691, 0.0564, 0.038, 0.0256, 0.0237, 0.022, 0.0169, 0.0139]","[0.649, 0.134, 0.018, 0.374, 0.283, 0.071, 0.196, 0.027, 0.068, 0.102]",2000,0.2451990395784378,0.7209760324456027,
21,T3,1927,-0.5593147418494614,0.5206997473722473,-0.35556761875232856,-0.03914956373904479,-0.04892813718523563,-0.15333715713763074,0.06262133840088456,0.2906951606273651,0.20547086000442505,0.08468127995729446,0.49616602063179016,0.6990344524383545,0.8104209303855896,3,"[0.2907, 0.2055, 0.0847, 0.067, 0.0512, 0.031, 0.0255, 0.0218, 0.0174, 0.0157]","[0.559, 0.521, 0.356, 0.001, 0.101, 0.016, 0.177, 0.043, 0.004, 0.033]",2000,0.12109997868537903,0.06894816301251885,
21,T4,1927,-0.29087573808700207,0.03686079147540495,0.7281599929540294,-0.06080207848984352,-0.23432239262566043,-0.04386958094315997,0.14003319121212293,0.9984963536262512,0.0004182295233476907,0.00025590485893189907,0.9989145994186401,0.9994043111801147,0.9996289610862732,2,"[0.9985, 0.0004, 0.0003, 0.0001, 0.0001, 0.0001, 0.0001, 0.0, 0.0, 0.0]","[0.291, 0.037, 0.728, 0.046, 0.094, 0.376, 0.236, 0.003, 0.214, 0.197]",2000,0.03400039300322533,-0.07501049401367955,
21,T5,1927,0.11771335678087282,-0.8483759215263535,0.34639934937974887,-0.23178468370220415,-0.5514231771693842,0.10054818637297866,-0.19677218632569532,0.2461657077074051,0.16121378540992737,0.11232403665781021,0.40737950801849365,0.6508243680000305,0.7749229073524475,2,"[0.2462, 0.1612, 0.1123, 0.0726, 0.0586, 0.04, 0.0282, 0.0209, 0.0188, 0.0163]","[0.118, 0.848, 0.346, 0.01, 0.012, 0.26, 0.076, 0.057, 0.127, 0.067]",2000,0.11307167261838913,0.13939384318254958,
21,T6,1927,0.1787725303859988,-0.9038599780724867,-0.25159024719441836,0.09273930202493667,0.14002985495650247,-0.16214742918662314,0.1780696918529717,0.3480491042137146,0.18735741078853607,0.06698542833328247,0.5354065299034119,0.689152717590332,0.8016694784164429,1,"[0.348, 0.1874, 0.067, 0.05, 0.0368, 0.033, 0.0258, 0.0212, 0.0178, 0.0147]","[0.179, 0.904, 0.252, 0.011, 0.018, 0.079, 0.064, 0.117, 0.003, 0.042]",2000,0.1354692131280899,-0.3893431359500008,
21,T7,1927,0.47076146870162394,-0.2748701579277016,-0.5336130147981236,0.2236463788234944,0.6011144837583091,-0.008834697962376247,0.23484186322030817,0.31574496626853943,0.11118841171264648,0.10382978618144989,0.4269333779811859,0.6574980020523071,0.7740500569343567,3,"[0.3157, 0.1112, 0.1038, 0.0865, 0.0402, 0.0331, 0.0286, 0.0235, 0.0184, 0.0129]","[0.471, 0.275, 0.534, 0.44, 0.024, 0.22, 0.025, 0.048, 0.063, 0.109]",2000,0.10049370676279068,-0.3198488250388615,
21,T8,1927,-0.24444566392942227,-0.8911359473869592,0.2103481689769177,-0.12617917303935197,-0.21148928319137983,0.1535471447424476,-0.23933109924214782,0.22452102601528168,0.19409693777561188,0.08547958731651306,0.41861796379089355,0.6282423138618469,0.7718797922134399,1,"[0.2245, 0.1941, 0.0855, 0.0661, 0.058, 0.0438, 0.038, 0.0242, 0.0202, 0.0174]","[0.244, 0.891, 0.21, 0.174, 0.042, 0.014, 0.005, 0.037, 0.033, 0.073]",2000,0.11986538767814636,0.40127149724695976,
21,R0,1927,0.31063227535830523,-0.9102122460984028,-0.12304794641178263,-0.06777247963421118,-0.12131481091667752,0.1914730104814362,-0.0990190743476688,0.3361181318759918,0.23469211161136627,0.0833926796913147,0.5708102583885193,0.7403155565261841,0.8409091234207153,2,"[0.3361, 0.2347, 0.0834, 0.0497, 0.0364, 0.0308, 0.0255, 0.0166, 0.0148, 0.0128]","[0.311, 0.91, 0.123, 0.071, 0.014, 0.09, 0.123, 0.072, 0.026, 0.009]",2000,0.13530907034873962,0.14700633925410006,
21,R1,1927,-0.8251225613232909,-0.4394979701252738,-0.054250890240192265,-0.0638926633822987,-0.0245019581028172,0.043958106147266945,-0.11884770708931801,0.38032853603363037,0.1712234616279602,0.10415590554475784,0.5515519976615906,0.7544232606887817,0.8468425273895264,2,"[0.3803, 0.1712, 0.1042, 0.0591, 0.0396, 0.0307, 0.0194, 0.0169, 0.014, 0.0114]","[0.825, 0.439, 0.054, 0.01, 0.028, 0.037, 0.11, 0.049, 0.118, 0.043]",2000,0.2237364798784256,0.6253559924249994,
21,R2,1927,-0.9538081064040619,-0.03911998324582386,-0.044544064897174884,-0.04452461980376419,-0.07884180996004482,-0.030768322602848733,-0.03719692313811765,0.22057858109474182,0.16824303567409515,0.10262957215309143,0.3888216018676758,0.6189761757850647,0.7631856799125671,1,"[0.2206, 0.1682, 0.1026, 0.0703, 0.0572, 0.045, 0.0327, 0.0268, 0.0222, 0.0176]","[0.954, 0.039, 0.045, 0.035, 0.08, 0.015, 0.072, 0.101, 0.081, 0.059]",2000,0.1334432065486908,0.4688306693305458,
21,R3,1927,-0.17815998636524677,0.041853862088209154,-0.4724233608649816,-0.012315550031315358,0.054117525887650036,0.19070638521143723,0.11559479348924871,0.39440253376960754,0.3111077845096588,0.13595148921012878,0.7055103182792664,0.886803388595581,0.9308210015296936,3,"[0.3944, 0.3111, 0.136, 0.0268, 0.0186, 0.0127, 0.0091, 0.0079, 0.0074, 0.007]","[0.178, 0.042, 0.472, 0.166, 0.125, 0.141, 0.513, 0.406, 0.1, 0.162]",2000,0.252137154340744,0.2916117277141958,
21,R4,1927,-0.03234790919531933,0.0474934244793266,-0.12965066337046516,0.15495073634129272,0.06900848429965965,-0.05111994149181296,0.17628730432434775,0.47222092747688293,0.23735874891281128,0.1773698925971985,0.7095797061920166,0.9343591332435608,0.9621005654335022,4,"[0.4722, 0.2374, 0.1774, 0.0303, 0.0171, 0.0108, 0.0059, 0.0045, 0.0035, 0.003]","[0.032, 0.047, 0.13, 0.515, 0.467, 0.183, 0.053, 0.207, 0.446, 0.418]",2000,0.09136199951171875,0.28557034353209637,
21,R5,1927,0.031800933237554785,-0.08218004990298271,0.08695549399439799,0.013672451096425989,0.10686835374254308,-0.15037266516466188,0.3002613301658173,0.4765471816062927,0.21531522274017334,0.09343573451042175,0.6918624043464661,0.8510387539863586,0.9188560843467712,1,"[0.4765, 0.2153, 0.0934, 0.0391, 0.0266, 0.0207, 0.0171, 0.0125, 0.0095, 0.0081]","[0.032, 0.082, 0.087, 0.767, 0.018, 0.02, 0.053, 0.189, 0.15, 0.262]",2000,0.06281521916389465,0.21068778108341238,
21,R6,1927,0.03776873977073897,0.16428120013625572,-0.13726474746869938,-0.0658945283649083,0.08256498930515871,0.07609541179102548,0.06772211747307708,0.28382810950279236,0.19138148427009583,0.06660821288824081,0.4752095937728882,0.6553011536598206,0.7865708470344543,1,"[0.2838, 0.1914, 0.0666, 0.0634, 0.0501, 0.0351, 0.0317, 0.0268, 0.0223, 0.0154]","[0.038, 0.164, 0.137, 0.532, 0.025, 0.203, 0.101, 0.025, 0.203, 0.11]",2000,0.08638209849596024,-0.1425854293545295,
21,R7,1927,-0.016536576218968615,0.17089354347500116,-0.2259408464005185,0.013038277140673965,-0.23850177106519715,-0.06731780016891042,0.08475466619688418,0.2298916131258011,0.1261747181415558,0.0911242663860321,0.35606634616851807,0.5715734958648682,0.727720320224762,1,"[0.2299, 0.1262, 0.0911, 0.0699, 0.0544, 0.0469, 0.036, 0.0312, 0.0244, 0.0176]","[0.017, 0.171, 0.226, 0.366, 0.181, 0.043, 0.053, 0.035, 0.14, 0.17]",2000,0.11879222095012665,0.18320865260565458,
22,T0,1927,-0.9102521831253906,-0.09347141773741394,0.10710385042485364,-0.088712559590701,-0.1579500212056744,0.014720742282305058,-0.05970547953854652,0.2527203857898712,0.18614459037780762,0.08499988913536072,0.43886497616767883,0.6475600004196167,0.7750993967056274,1,"[0.2527, 0.1861, 0.085, 0.0665, 0.0572, 0.0479, 0.0234, 0.0206, 0.02, 0.0157]","[0.91, 0.093, 0.107, 0.106, 0.149, 0.12, 0.059, 0.014, 0.029, 0.034]",2000,0.13351333141326904,0.41119077464528947,
22,T1,1927,-0.7396110576677225,0.5026275656243555,-0.10623074003422806,-0.09543566140981737,-0.035778377233234314,0.18242948379735413,-0.13757799951790653,0.29411980509757996,0.1876794695854187,0.11965430527925491,0.48179927468299866,0.7101315855979919,0.8211862444877625,2,"[0.2941, 0.1877, 0.1197, 0.0627, 0.0459, 0.0311, 0.0254, 0.0208, 0.017, 0.0167]","[0.74, 0.503, 0.106, 0.066, 0.001, 0.079, 0.011, 0.094, 0.044, 0.016]",2000,0.1771496832370758,0.591432408443544,
22,T2,1927,-0.6417506345347381,-0.04922852907099737,-0.14863281879300635,-0.05048183650419849,0.02558193263040415,-0.041753345665375856,-0.04330720555204195,0.40510937571525574,0.10045985132455826,0.07451402395963669,0.5055692195892334,0.6729596257209778,0.7777091860771179,3,"[0.4051, 0.1005, 0.0745, 0.0569, 0.036, 0.0286, 0.0235, 0.0223, 0.0156, 0.0147]","[0.642, 0.049, 0.149, 0.313, 0.342, 0.023, 0.141, 0.036, 0.016, 0.059]",2000,0.24354946613311768,0.7426775591011306,
22,T3,1927,0.6174265783383891,0.4829336951473081,-0.3274374543574187,0.02223435450752006,0.040456056938478126,0.16532799292632128,-0.0685743040307136,0.292029470205307,0.20911002159118652,0.08637332916259766,0.5011395215988159,0.7038204073905945,0.8103072643280029,3,"[0.292, 0.2091, 0.0864, 0.0668, 0.0496, 0.0291, 0.0245, 0.0218, 0.0161, 0.015]","[0.617, 0.483, 0.327, 0.036, 0.086, 0.046, 0.128, 0.015, 0.031, 0.044]",2000,0.1257828027009964,-0.11825920343128574,
22,T4,1927,-0.2909236230352239,0.02709807010106257,0.7410225579471664,-0.060547494969515635,-0.23429272579727722,-0.043915466061060573,0.140305460767294,0.9983583688735962,0.00041983791743405163,0.000267951050773263,0.998778223991394,0.9992964267730713,0.999550461769104,3,"[0.9984, 0.0004, 0.0003, 0.0001, 0.0001, 0.0001, 0.0001, 0.0, 0.0, 0.0]","[0.291, 0.027, 0.741, 0.03, 0.079, 0.313, 0.306, 0.072, 0.252, 0.172]",2000,0.03401853144168854,-0.07535780377575278,
22,T5,1927,-0.18363048101794013,-0.8514274139607535,0.3198372010186773,0.23066050789875137,0.5378617343300287,-0.08681327703589985,0.15679156729741323,0.7252857089042664,0.05817152187228203,0.04605155065655708,0.7834572196006775,0.871993362903595,0.9167172908782959,2,"[0.7253, 0.0582, 0.0461, 0.0241, 0.0184, 0.0148, 0.0105, 0.0072, 0.0063, 0.0059]","[0.184, 0.851, 0.32, 0.073, 0.137, 0.169, 0.158, 0.008, 0.109, 0.083]",2000,0.04906770959496498,-0.0384394109603247,
22,T6,1927,0.23819498355650998,-0.8104431685942076,0.14483826984975964,0.13102205298065672,0.13254698233809847,-0.1427249947014748,0.18973359676757207,0.4147091507911682,0.16220659017562866,0.07444726675748825,0.5769157409667969,0.7280529737472534,0.8238301277160645,1,"[0.4147, 0.1622, 0.0744, 0.0411, 0.0355, 0.0282, 0.023, 0.0167, 0.0154, 0.0124]","[0.238, 0.81, 0.145, 0.137, 0.028, 0.035, 0.032, 0.015, 0.061, 0.044]",2000,0.16076083481311798,-0.41073577802147354,
22,T7,1927,-0.5130344713335077,-0.42638799922721143,0.47899530439731236,-0.21366415788796872,-0.5618269179466975,0.020141219621144714,-0.22727262739666626,0.2892417013645172,0.1315130740404129,0.10397914052009583,0.4207547903060913,0.65266352891922,0.7728369832038879,4,"[0.2892, 0.1315, 0.104, 0.0858, 0.0421, 0.0332, 0.0316, 0.0237, 0.0167, 0.015]","[0.513, 0.426, 0.479, 0.31, 0.066, 0.084, 0.078, 0.086, 0.068, 0.038]",2000,0.10986889898777008,0.3645400367004574,
22,T8,1927,-0.36613154991174035,-0.778558206511878,-0.14616300770752444,-0.12079750688672855,-0.19369636047111585,0.12636085146242224,-0.21172654850099615,0.22879445552825928,0.2063695788383484,0.07564598321914673,0.43516403436660767,0.6364215612411499,0.7785636782646179,2,"[0.2288, 0.2064, 0.0756, 0.0658, 0.0598, 0.0441, 0.0348, 0.026, 0.0192, 0.018]","[0.366, 0.779, 0.146, 0.077, 0.041, 0.019, 0.016, 0.001, 0.02, 0.094]",2000,0.13279034197330475,0.5027374465574276,
22,R0,1927,-0.060120994448447276,0.9726633609539617,-0.07841013018017459,-0.09197551883490966,-0.15778804620782355,0.18108053149226458,-0.1398220297966154,0.2746114432811737,0.27060702443122864,0.08890359848737717,0.5452184677124023,0.731256902217865,0.8365561366081238,1,"[0.2746, 0.2706, 0.0889, 0.0555, 0.0416, 0.0328, 0.0269, 0.0188, 0.0146, 0.0122]","[0.06, 0.973, 0.078, 0.003, 0.026, 0.029, 0.105, 0.071, 0.009, 0.043]",2000,0.15624745190143585,0.37861427053040836,
22,R1,1927,-0.8086451015323789,0.23067705297404417,0.18630654502757732,-0.023885803735598666,-0.0024635895854404725,0.03744144191444047,-0.06390479515486648,0.3822791278362274,0.17189684510231018,0.11285018175840378,0.5541759729385376,0.7697222232818604,0.8553689122200012,1,"[0.3823, 0.1719, 0.1129, 0.0631, 0.0396, 0.0306, 0.0169, 0.0156, 0.0123, 0.0103]","[0.809, 0.231, 0.186, 0.067, 0.024, 0.094, 0.072, 0.026, 0.042, 0.042]",2000,0.2241796851158142,0.6711394151338133,
22,R2,1927,-0.7864109508781344,-0.39966848459104737,-0.10722116426990703,-0.12481811555766177,-0.1612880768448598,0.07526075544764392,-0.20932872072659245,0.22279945015907288,0.14524568617343903,0.1274159699678421,0.3680451512336731,0.6330883502960205,0.7693482041358948,2,"[0.2228, 0.1452, 0.1274, 0.0745, 0.0631, 0.0421, 0.0298, 0.0251, 0.0215, 0.0176]","[0.786, 0.4, 0.107, 0.104, 0.177, 0.02, 0.041, 0.081, 0.073, 0.022]",2000,0.1382523775100708,0.5612191069717494,
22,R3,1927,-0.20390071871128004,0.061598795660416435,-0.45499455910474446,-0.009611979814729856,0.07789852339503685,0.2119481664045796,0.08522163659620229,0.3654745817184448,0.2998950481414795,0.15070639550685883,0.6653696298599243,0.8659894466400146,0.9196361899375916,2,"[0.3655, 0.2999, 0.1507, 0.0277, 0.0222, 0.015, 0.0121, 0.0101, 0.0088, 0.0076]","[0.204, 0.062, 0.455, 0.283, 0.212, 0.285, 0.495, 0.28, 0.032, 0.079]",2000,0.2601410448551178,0.34169915636302006,
22,R4,1927,0.089086985203672,0.19327058688466162,0.1234692034632943,0.20738448359638756,0.05749241877620468,-0.18220068186635052,0.24235937812469888,0.462139368057251,0.24517647922039032,0.17233392596244812,0.7073158621788025,0.9283839464187622,0.9577867984771729,4,"[0.4621, 0.2452, 0.1723, 0.0315, 0.0172, 0.0108, 0.0064, 0.0052, 0.0038, 0.0031]","[0.089, 0.193, 0.123, 0.491, 0.505, 0.196, 0.153, 0.029, 0.358, 0.301]",2000,0.09034203737974167,0.22635978176792548,
22,R5,1927,0.06031558840185997,-0.14874513614600549,0.12980865734934602,0.02785742274852179,0.11940612784649463,-0.08260545643248596,0.2752963019570637,0.49248504638671875,0.18749825656414032,0.08189530670642853,0.6799833178520203,0.8355483412742615,0.9099147319793701,1,"[0.4925, 0.1875, 0.0819, 0.043, 0.0307, 0.0222, 0.0175, 0.0145, 0.0114, 0.0088]","[0.06, 0.149, 0.13, 0.728, 0.11, 0.006, 0.072, 0.095, 0.143, 0.25]",2000,0.06001992151141167,0.14603314573926976,
22,R6,1927,0.12339626372240088,0.1624570281580742,0.3559172980806213,0.02140236219213494,-0.08998452687478826,-0.04745729368842517,-0.05954805219198338,0.2879156172275543,0.1713757961988449,0.07503674179315567,0.45929139852523804,0.6437199115753174,0.7709598541259766,2,"[0.2879, 0.1714, 0.075, 0.0648, 0.0446, 0.0334, 0.0295, 0.0228, 0.0218, 0.0197]","[0.123, 0.162, 0.356, 0.4, 0.0, 0.004, 0.149, 0.232, 0.069, 0.013]",2000,0.09989447146654129,-0.030185162964137466,
22,R7,1927,-0.020339380364989064,0.2154788633208341,-0.4165007447452321,-0.012701948454412911,-0.2155534927560411,-0.07164320456053132,0.08770328309103177,0.23500359058380127,0.1257932037115097,0.08187086880207062,0.36079680919647217,0.5743651390075684,0.7136019468307495,1,"[0.235, 0.1258, 0.0819, 0.0764, 0.0553, 0.0433, 0.0288, 0.0267, 0.0228, 0.0177]","[0.02, 0.215, 0.417, 0.013, 0.219, 0.026, 0.036, 0.036, 0.221, 0.001]",2000,0.134706050157547,0.18427228803330062,
23,T0,1927,-0.9388171448224919,-0.04810499940251152,0.07116233513919717,-0.08859520247801632,-0.1468695247457564,0.03164713427299056,-0.05644708369256828,0.23271611332893372,0.16732783615589142,0.12950320541858673,0.40004396438598633,0.6523845195770264,0.7741162180900574,1,"[0.2327, 0.1673, 0.1295, 0.0668, 0.056, 0.0453, 0.0235, 0.0198, 0.0185, 0.0147]","[0.939, 0.048, 0.071, 0.13, 0.114, 0.15, 0.031, 0.058, 0.062, 0.006]",2000,0.13011327385902405,0.42393043636206995,
23,T1,1927,0.7748411440297662,0.4115352375276581,0.11819408817595944,0.05762626290438137,-0.0007100958759356011,-0.06494683991835257,-0.017440446864924602,0.33071693778038025,0.17066319286823273,0.11949518322944641,0.5013801455497742,0.7209156155586243,0.822150707244873,2,"[0.3307, 0.1707, 0.1195, 0.0553, 0.0448, 0.0266, 0.0263, 0.0191, 0.0155, 0.0138]","[0.775, 0.412, 0.118, 0.047, 0.06, 0.052, 0.029, 0.15, 0.038, 0.003]",2000,0.21229422092437744,-0.7028251770063012,
23,T2,1927,-0.6614376529642717,-0.008251280097393399,0.18595252285241518,-0.030324568354069808,0.04723552273144965,-0.05888868277314983,-0.007893319080913577,0.3792564272880554,0.10783521831035614,0.07141584157943726,0.48709166049957275,0.6508837342262268,0.7613552808761597,3,"[0.3793, 0.1078, 0.0714, 0.0517, 0.0407, 0.032, 0.0263, 0.021, 0.0165, 0.0147]","[0.661, 0.008, 0.186, 0.329, 0.325, 0.021, 0.049, 0.141, 0.052, 0.045]",2000,0.23551778495311737,0.7293810829828271,
23,T3,1927,-0.4878375070829355,-0.6245819907102937,-0.3154887727647314,-0.011226683371934448,-0.03544744503801447,-0.17413076260822455,0.10669070207280815,0.28653305768966675,0.2108163833618164,0.08636689186096191,0.49734944105148315,0.7019851803779602,0.8074983954429626,3,"[0.2865, 0.2108, 0.0864, 0.0663, 0.052, 0.0284, 0.0238, 0.0219, 0.0167, 0.0148]","[0.488, 0.625, 0.315, 0.028, 0.084, 0.059, 0.069, 0.065, 0.047, 0.008]",2000,0.1261274665594101,0.0019092035195420074,
23,T4,1927,-0.2909235124659908,0.0182565677030238,0.7387909685937254,-0.060872417887411844,-0.23488115762131276,-0.044515747309720265,0.14010182536487448,0.9982183575630188,0.0004212472995277494,0.0002979329728987068,0.9986395835876465,0.9991970658302307,0.9994733929634094,2,"[0.9982, 0.0004, 0.0003, 0.0001, 0.0001, 0.0001, 0.0001, 0.0, 0.0, 0.0]","[0.291, 0.018, 0.739, 0.005, 0.063, 0.146, 0.39, 0.046, 0.25, 0.181]",2000,0.0340464785695076,-0.07584918936811981,
23,T5,1927,-0.1837745452120242,-0.859045072196017,0.3159690418675068,0.2320490174914265,0.5388296090131487,-0.08350900468898143,0.15391138099009422,0.6969054937362671,0.06436802446842194,0.0485658198595047,0.7612735033035278,0.8567482829093933,0.9069685339927673,2,"[0.6969, 0.0644, 0.0486, 0.0261, 0.0208, 0.0162, 0.0116, 0.0084, 0.0072, 0.0068]","[0.184, 0.859, 0.316, 0.062, 0.167, 0.132, 0.152, 0.036, 0.087, 0.094]",2000,0.053259529173374176,-0.043270168274894535,
23,T6,1927,0.20485677730461743,-0.8302671952453207,0.1265117667846251,0.1413453332363192,0.14189312026338333,-0.13899000894377705,0.17175343581380212,0.4285663664340973,0.1534489095211029,0.07556566596031189,0.5820152759552002,0.7364543676376343,0.8306877017021179,1,"[0.4286, 0.1534, 0.0756, 0.0424, 0.0364, 0.0267, 0.0243, 0.0166, 0.015, 0.0116]","[0.205, 0.83, 0.127, 0.166, 0.047, 0.03, 0.048, 0.013, 0.078, 0.049]",2000,0.15857461094856262,-0.38303928673456583,
23,T7,1927,-0.5294000627420781,-0.4363905703540228,0.5731986575984221,-0.21099157699891544,-0.5314746434102359,0.035701864993554586,-0.21346947480560202,0.2762332260608673,0.14309316873550415,0.10722800344228745,0.41932639479637146,0.6485621333122253,0.7729323506355286,3,"[0.2762, 0.1431, 0.1072, 0.0783, 0.0438, 0.0343, 0.0322, 0.0257, 0.0164, 0.0158]","[0.529, 0.436, 0.573, 0.139, 0.089, 0.023, 0.082, 0.084, 0.053, 0.041]",2000,0.1156296357512474,0.3900836696515185,
23,T8,1927,-0.32181433365846684,0.8210987041832184,-0.1420796545216653,-0.11733597662595155,-0.16131902616212318,0.1353725158231137,-0.19329756949570165,0.23933357000350952,0.20303712785243988,0.07913486659526825,0.4423707127571106,0.6438484787940979,0.7808496952056885,2,"[0.2393, 0.203, 0.0791, 0.0646, 0.0577, 0.0464, 0.0306, 0.0239, 0.0188, 0.0173]","[0.322, 0.821, 0.142, 0.067, 0.006, 0.002, 0.017, 0.006, 0.006, 0.098]",2000,0.13624228537082672,0.49520920644450866,
23,R0,1927,-0.8957608889170914,0.360416543548794,-0.05280417167031934,-0.10350137020074561,-0.12368102382224928,0.09916303856885984,-0.11438843194360906,0.28485992550849915,0.245932474732399,0.08858905732631683,0.5307924151420593,0.7245814204216003,0.8297832012176514,2,"[0.2849, 0.2459, 0.0886, 0.0621, 0.0431, 0.0323, 0.0247, 0.0207, 0.0147, 0.0127]","[0.896, 0.36, 0.053, 0.03, 0.014, 0.005, 0.048, 0.094, 0.014, 0.014]",2000,0.16741622984409332,0.5001421985387491,
23,R1,1927,-0.7994727551970029,0.1416532417929978,0.26437142722908336,-0.0072848713505416106,0.009344255332477033,0.04037739990169744,-0.00916311966915209,0.36086487770080566,0.16381427645683289,0.11560969054698944,0.5246791839599609,0.7532874941825867,0.8439918160438538,1,"[0.3609, 0.1638, 0.1156, 0.0684, 0.0446, 0.0334, 0.0177, 0.0152, 0.0134, 0.011]","[0.799, 0.142, 0.264, 0.07, 0.008, 0.12, 0.04, 0.039, 0.017, 0.061]",2000,0.220819890499115,0.6880739164921145,
23,R2,1927,-0.8431820686714758,0.11997417747998378,-0.21643339927581004,-0.05883066203289087,-0.1399327438381218,0.027389655633614583,-0.055788138187887894,0.2311866730451584,0.14875291287899017,0.12171120941638947,0.37993958592414856,0.6456156373023987,0.7745820879936218,1,"[0.2312, 0.1488, 0.1217, 0.0811, 0.0629, 0.0396, 0.0284, 0.0233, 0.0209, 0.0168]","[0.843, 0.12, 0.216, 0.181, 0.208, 0.011, 0.07, 0.03, 0.08, 0.034]",2000,0.1519768387079239,0.6277823765852791,
23,R3,1927,-0.1291167310997654,-0.00478209892751897,-0.47817143652687155,0.027472885781690548,0.09075752062116492,0.23963077382260364,0.05526320759988725,0.36818966269493103,0.3065577745437622,0.13492846488952637,0.6747474670410156,0.8592740893363953,0.9166631698608398,4,"[0.3682, 0.3066, 0.1349, 0.0274, 0.0222, 0.0156, 0.0135, 0.0114, 0.0091, 0.0077]","[0.129, 0.005, 0.478, 0.31, 0.12, 0.305, 0.538, 0.001, 0.058, 0.018]",2000,0.23888328671455383,0.21802179766093985,
23,R4,1927,-0.07749216987323956,0.24769488629577424,0.17229741597777315,0.11344458060366051,0.02838142866025149,-0.1269302993425336,0.23327347707425253,0.46030282974243164,0.24878044426441193,0.17099036276340485,0.7090832591056824,0.930779218673706,0.9581348299980164,4,"[0.4603, 0.2488, 0.171, 0.0326, 0.0181, 0.01, 0.0059, 0.0048, 0.0036, 0.0031]","[0.077, 0.248, 0.172, 0.482, 0.525, 0.135, 0.183, 0.029, 0.369, 0.531]",2000,0.0944879949092865,0.4661308371202512,
23,R5,1927,0.062282271219569696,-0.14912174028645322,-0.14968012803061337,0.05487724404468563,0.10693519087073036,-0.133224827535133,0.23576400863312452,0.49221211671829224,0.18083837628364563,0.07722370326519012,0.6730505228042603,0.8262938261032104,0.9027186036109924,1,"[0.4922, 0.1808, 0.0772, 0.0443, 0.0317, 0.0222, 0.0191, 0.015, 0.011, 0.0091]","[0.062, 0.149, 0.15, 0.722, 0.075, 0.065, 0.099, 0.04, 0.197, 0.234]",2000,0.05944126099348068,0.16134605365629484,
23,R6,1927,-0.1118070093113761,0.16110615181605692,0.3684129141654312,0.0003806031367113118,0.06077304766127978,0.06064300339445139,0.033005713451653845,0.281994491815567,0.1622488647699356,0.07099860161542892,0.4442433714866638,0.6151002049446106,0.7478958368301392,2,"[0.282, 0.1622, 0.071, 0.06, 0.0398, 0.0368, 0.0284, 0.0231, 0.0229, 0.0216]","[0.112, 0.161, 0.368, 0.373, 0.028, 0.026, 0.136, 0.153, 0.231, 0.028]",2000,0.09666170924901962,-0.007023028911141742,
23,R7,1927,-0.017335748185644102,0.1800683587293958,-0.33817994759044784,-0.010914498184112118,-0.21740934273715015,-0.07064722846789931,0.0889221500282229,0.22217513620853424,0.12716665863990784,0.07866101711988449,0.34934180974960327,0.5487080216407776,0.6921082139015198,1,"[0.2222, 0.1272, 0.0787, 0.0688, 0.052, 0.0431, 0.0291, 0.0276, 0.0247, 0.019]","[0.017, 0.18, 0.338, 0.177, 0.255, 0.026, 0.045, 0.01, 0.23, 0.055]",2000,0.12506736814975739,0.18230940686094732,
24,T0,1927,-0.929520032478535,-0.10224753697741003,-0.08686377977900057,-0.0814095034762902,-0.13671002115508407,0.0280518015782364,-0.02564708722258313,0.2423146367073059,0.1766585409641266,0.1183798685669899,0.4189731776714325,0.6716777682304382,0.786058783531189,1,"[0.2423, 0.1767, 0.1184, 0.0718, 0.0625, 0.0414, 0.0215, 0.0196, 0.0172, 0.0148]","[0.93, 0.102, 0.087, 0.039, 0.046, 0.139, 0.007, 0.088, 0.018, 0.098]",2000,0.13854452967643738,0.4642745118407015,
24,T1,1927,-0.6584893264342313,0.25885855344799863,0.4844040010410608,-0.015389460643190305,0.007075253149189545,0.05524496212146169,0.09531850092104194,0.4223766624927521,0.1379549205303192,0.12738189101219177,0.5603315830230713,0.7690860033035278,0.851787805557251,2,"[0.4224, 0.138, 0.1274, 0.0446, 0.0367, 0.0246, 0.0193, 0.015, 0.0125, 0.0113]","[0.658, 0.259, 0.484, 0.145, 0.058, 0.048, 0.04, 0.061, 0.072, 0.016]",2000,0.24741266667842865,0.775014192150737,
24,T2,1927,-0.6580135755820827,-0.045892843245464596,0.2527786616157562,-0.02552579121561973,0.051401260489602585,-0.07686257589786925,0.00029936063910015944,0.3799944221973419,0.1015172079205513,0.06903301179409027,0.4815116226673126,0.6426897644996643,0.7568402886390686,2,"[0.38, 0.1015, 0.069, 0.0507, 0.0415, 0.0342, 0.0283, 0.0192, 0.0175, 0.015]","[0.658, 0.046, 0.253, 0.379, 0.098, 0.049, 0.046, 0.176, 0.008, 0.072]",2000,0.23986926674842834,0.7254016054219374,
24,T3,1927,-0.4665463769156953,0.6786827686600843,-0.30333204267537706,-0.004608341642752821,-0.030768891816485833,-0.16097073520103583,0.11145071993629789,0.27532169222831726,0.2109944224357605,0.09456947445869446,0.48631611466407776,0.7053484916687012,0.8089960813522339,3,"[0.2753, 0.211, 0.0946, 0.0729, 0.0516, 0.0284, 0.0226, 0.0212, 0.0166, 0.0148]","[0.467, 0.679, 0.303, 0.07, 0.068, 0.042, 0.114, 0.032, 0.088, 0.016]",2000,0.12691561877727509,-0.008307282010619118,
24,T4,1927,-0.29072781531775954,-0.0004769629292000065,0.7376589258942422,-0.060663597216265915,-0.23506241528996907,-0.04457728756111363,0.1404959938397318,0.9980644583702087,0.00042151001980528235,0.00031985348323360085,0.9984859824180603,0.9990925192832947,0.9993953704833984,2,"[0.9981, 0.0004, 0.0003, 0.0001, 0.0001, 0.0001, 0.0001, 0.0001, 0.0, 0.0]","[0.291, 0.0, 0.738, 0.018, 0.01, 0.076, 0.385, 0.037, 0.238, 0.194]",2000,0.03410598635673523,-0.07561322304161043,
24,T5,1927,-0.19320732473997007,-0.8392706374927458,0.3441893191399283,0.230795461817249,0.5320133775890776,-0.0878171889227631,0.15362482943826294,0.7909377217292786,0.04603752866387367,0.03235688805580139,0.8369752764701843,0.9011309146881104,0.9357411861419678,2,"[0.7909, 0.046, 0.0324, 0.0176, 0.0142, 0.0113, 0.0077, 0.006, 0.0054, 0.0042]","[0.193, 0.839, 0.344, 0.044, 0.19, 0.089, 0.137, 0.042, 0.027, 0.006]",2000,0.043791137635707855,-0.036782051509315766,
24,T6,1927,0.2380692449180371,-0.7907613506715259,-0.11775806922319378,0.13735417980908352,0.1258939366342554,-0.11887079061749427,0.15285509183596835,0.4225720465183258,0.1474384367465973,0.09036029130220413,0.5700104832649231,0.7433481812477112,0.834408164024353,1,"[0.4226, 0.1474, 0.0904, 0.0459, 0.0371, 0.028, 0.0239, 0.0142, 0.0135, 0.0114]","[0.238, 0.791, 0.118, 0.159, 0.143, 0.046, 0.046, 0.027, 0.094, 0.052]",2000,0.17535263299942017,-0.43748358955022176,
24,T7,1927,0.628773225789948,-0.4853238638733007,0.3698680851324336,0.19979437112236623,0.4606724621338525,-0.05165329844880553,0.1641949364562712,0.2687762975692749,0.15137933194637299,0.11003746837377548,0.4201556444168091,0.6462924480438232,0.7742210626602173,3,"[0.2688, 0.1514, 0.11, 0.067, 0.0491, 0.0401, 0.0335, 0.0233, 0.0166, 0.0145]","[0.629, 0.485, 0.37, 0.057, 0.088, 0.053, 0.081, 0.08, 0.05, 0.005]",2000,0.12898440659046173,-0.4447284197717212,
24,T8,1927,-0.5243241087427124,0.631832106519059,0.22642064833483058,-0.11806580411924691,-0.10827166146674791,0.12799599433794195,-0.1410814681301726,0.24030683934688568,0.1739341914653778,0.0918872281908989,0.4142410159111023,0.6395873427391052,0.7666270732879639,2,"[0.2403, 0.1739, 0.0919, 0.0731, 0.0604, 0.0489, 0.0232, 0.0208, 0.0182, 0.016]","[0.524, 0.632, 0.226, 0.001, 0.025, 0.011, 0.045, 0.009, 0.012, 0.052]",2000,0.1557077318429947,0.6712300796584854,
24,R0,1927,-0.7041707456206011,0.45561470590986053,-0.14698767449397676,-0.08881301654656504,-0.09025418160608953,0.0788778532231011,-0.03821986835289399,0.30407923460006714,0.18907535076141357,0.11204532533884048,0.4931545853614807,0.7246209979057312,0.8191636204719543,2,"[0.3041, 0.1891, 0.112, 0.0794, 0.04, 0.0285, 0.0222, 0.0173, 0.0139, 0.0127]","[0.704, 0.456, 0.147, 0.061, 0.039, 0.023, 0.055, 0.091, 0.037, 0.026]",2000,0.1948365718126297,0.7390001566004175,
24,R1,1927,-0.6580828367927338,0.17430526730679932,-0.5474604588004061,0.012823711818531841,0.0027505612899188106,0.017726986819549706,0.07873068544345964,0.37996819615364075,0.14254534244537354,0.11624961346387863,0.5225135087966919,0.7505209445953369,0.838784396648407,2,"[0.38, 0.1425, 0.1162, 0.072, 0.0397, 0.0328, 0.0153, 0.0147, 0.014, 0.0115]","[0.658, 0.174, 0.547, 0.139, 0.038, 0.137, 0.045, 0.063, 0.027, 0.042]",2000,0.23709197342395782,0.7877778958740598,
24,R2,1927,-0.6280913492957884,-0.20554813756962295,-0.33655574126881893,0.0036564461081077895,-0.03526588243299692,-0.008130511888415685,0.09401276753074463,0.2744803726673126,0.1810077577829361,0.10123854875564575,0.4554881453514099,0.6780514717102051,0.78592449426651,3,"[0.2745, 0.181, 0.1012, 0.0718, 0.0495, 0.0317, 0.0247, 0.0187, 0.0179, 0.0149]","[0.628, 0.206, 0.337, 0.48, 0.131, 0.014, 0.044, 0.015, 0.017, 0.012]",2000,0.1806766390800476,0.8178421588052973,
24,R3,1927,-0.10113056595607432,0.0008508950648363445,-0.49346339160103314,0.029692125750788945,0.07976798292489222,0.25103066031096927,0.07256793178324374,0.3834654986858368,0.3065929114818573,0.1239500418305397,0.6900584101676941,0.8616195321083069,0.9177865386009216,2,"[0.3835, 0.3066, 0.124, 0.0254, 0.0222, 0.0154, 0.0136, 0.0109, 0.0085, 0.0077]","[0.101, 0.001, 0.493, 0.289, 0.093, 0.282, 0.539, 0.05, 0.161, 0.053]",2000,0.22739171981811523,0.2408795462993465,
24,R4,1927,-0.06843004744394436,0.2314443681647634,0.18827559606060668,0.04733678940096228,-0.014541558618080567,-0.010724372296671779,0.16462513041014276,0.4591974914073944,0.2436126470565796,0.17004437744617462,0.7028101682662964,0.928408145904541,0.9546529054641724,3,"[0.4592, 0.2436, 0.17, 0.0362, 0.0194, 0.0098, 0.0055, 0.0046, 0.0032, 0.0031]","[0.068, 0.231, 0.188, 0.462, 0.46, 0.056, 0.251, 0.172, 0.255, 0.529]",2000,0.10791145265102386,0.34133325376331164,
24,R5,1927,0.1669576272388028,-0.19383363041547258,-0.19954347056127708,0.03580449280176533,0.09973961792676307,-0.1232609836322523,0.15515160497255145,0.47302645444869995,0.17319487035274506,0.0784381702542305,0.6462213397026062,0.8098694682121277,0.8914248943328857,1,"[0.473, 0.1732, 0.0784, 0.0513, 0.0339, 0.0238, 0.0213, 0.0144, 0.0124, 0.0097]","[0.167, 0.194, 0.2, 0.699, 0.098, 0.088, 0.03, 0.097, 0.231, 0.26]",2000,0.06704868376255035,0.032425236598036436,
24,R6,1927,-0.14751429609550976,0.1788597381108695,0.373773402270111,0.024447874520642215,0.03503142845929573,0.01903420110978628,0.023605352240861428,0.25621867179870605,0.16148161888122559,0.07688838988542557,0.41770029067993164,0.595504641532898,0.7305924892425537,2,"[0.2562, 0.1615, 0.0769, 0.0589, 0.042, 0.0389, 0.0284, 0.0252, 0.0231, 0.0194]","[0.148, 0.179, 0.374, 0.357, 0.071, 0.085, 0.185, 0.023, 0.2, 0.015]",2000,0.10186830908060074,0.07090438407144466,
24,R7,1927,-0.027388612418091658,0.17783532553760714,-0.41831584751612827,-0.016685373260770145,-0.20279690052386898,-0.06468705398281091,0.09010591515636507,0.218022421002388,0.13279566168785095,0.07505690306425095,0.35081809759140015,0.5393250584602356,0.6843292117118835,1,"[0.218, 0.1328, 0.0751, 0.0633, 0.0502, 0.0399, 0.0329, 0.0277, 0.0246, 0.0198]","[0.027, 0.178, 0.418, 0.025, 0.258, 0.007, 0.042, 0.198, 0.148, 0.134]",2000,0.12461040914058685,0.184083421343701,
25,T0,1927,-0.9240598183400109,-0.09683247506128971,-0.14656654756984105,-0.07259436901231017,-0.1309305103755999,0.03476966036502577,-0.03511216149630228,0.24205973744392395,0.182351753115654,0.11175569891929626,0.42441147565841675,0.6723235845565796,0.7859359383583069,1,"[0.2421, 0.1824, 0.1118, 0.0712, 0.0649, 0.0417, 0.0225, 0.0191, 0.0163, 0.014]","[0.924, 0.097, 0.147, 0.028, 0.057, 0.142, 0.015, 0.099, 0.011, 0.178]",2000,0.1395198404788971,0.4653875841435963,
25,T1,1927,-0.6638290267778616,0.19309804696028335,0.5990961696481314,-0.020746818913667867,0.03363926463392145,0.02409252876500176,0.0907988832838516,0.4599074721336365,0.11335497349500656,0.09639744460582733,0.5732624530792236,0.7420445680618286,0.829342782497406,2,"[0.4599, 0.1134, 0.0964, 0.0408, 0.0316, 0.0283, 0.0178, 0.0156, 0.0134, 0.0122]","[0.664, 0.193, 0.599, 0.026, 0.015, 0.047, 0.05, 0.013, 0.061, 0.07]",2000,0.2595669627189636,0.7805522161577717,
25,T2,1927,0.6535732403961004,0.015932050235950273,0.11711596145893559,0.011155045774999728,-0.04972655140360242,0.07213609059045291,-0.040990126650809235,0.38427674770355225,0.10065031051635742,0.07221216708421707,0.48492705821990967,0.6393224596977234,0.7514141201972961,2,"[0.3843, 0.1007, 0.0722, 0.045, 0.0371, 0.0306, 0.028, 0.0202, 0.0182, 0.015]","[0.654, 0.016, 0.117, 0.355, 0.264, 0.008, 0.083, 0.14, 0.102, 0.13]",2000,0.24873842298984528,-0.7725080124687428,
25,T3,1927,-0.3589166325633406,0.798204264551073,-0.32198134780600624,0.013074504599944576,-0.012639851810558858,-0.16136888529182813,0.13073191962788314,0.26649853587150574,0.22142107784748077,0.09313633292913437,0.4879196286201477,0.7040738463401794,0.8073110580444336,3,"[0.2665, 0.2214, 0.0931, 0.069, 0.0541, 0.0305, 0.022, 0.0204, 0.0166, 0.0137]","[0.359, 0.798, 0.322, 0.084, 0.085, 0.02, 0.115, 0.001, 0.11, 0.034]",2000,0.12688253819942474,-0.0929150952845203,
25,T4,1927,-0.2910249577411177,-0.1014823110113914,0.7444595613460259,-0.06102647474103012,-0.23486034982247472,-0.044569494595087925,0.1405220741358089,0.9977100491523743,0.0004252236394677311,0.0003758279199246317,0.9981352686882019,0.9988610148429871,0.9992368221282959,2,"[0.9977, 0.0004, 0.0004, 0.0002, 0.0002, 0.0001, 0.0001, 0.0001, 0.0001, 0.0]","[0.291, 0.101, 0.744, 0.076, 0.046, 0.158, 0.338, 0.24, 0.06, 0.018]",2000,0.03417421132326126,-0.07518418000979118,
25,T5,1927,-0.198510914415562,-0.7986804965392583,-0.3958226449883841,0.23074850048615764,0.5295384068743897,-0.08772611295925031,0.1549051870412223,0.7452981472015381,0.0574992299079895,0.04500974342226982,0.8027973771095276,0.8850049376487732,0.9262164235115051,2,"[0.7453, 0.0575, 0.045, 0.0208, 0.0164, 0.0127, 0.0094, 0.0076, 0.0067, 0.0048]","[0.199, 0.799, 0.396, 0.028, 0.178, 0.034, 0.081, 0.103, 0.047, 0.027]",2000,0.05290994420647621,-0.03842439745623915,
25,T6,1927,0.3354837042379419,0.6990026141688229,-0.23717943206955522,0.14743955528969177,0.12069052721326959,-0.08688166702582942,0.14329878396520174,0.4225083589553833,0.1572359800338745,0.08237964659929276,0.5797443389892578,0.7506247758865356,0.8403685092926025,2,"[0.4225, 0.1572, 0.0824, 0.0504, 0.0381, 0.0307, 0.0217, 0.0136, 0.013, 0.0107]","[0.335, 0.699, 0.237, 0.077, 0.186, 0.103, 0.007, 0.067, 0.039, 0.021]",2000,0.18470633029937744,-0.5259611068771661,
25,T7,1927,-0.7477416040970201,-0.43451715174947636,0.20268554177686918,-0.17722132025277804,-0.3378381353260346,0.05645022518254537,-0.10684894077778939,0.27846115827560425,0.17876319587230682,0.1047583520412445,0.45722436904907227,0.6703973412513733,0.7889902591705322,2,"[0.2785, 0.1788, 0.1048, 0.0589, 0.0495, 0.037, 0.0321, 0.0196, 0.0161, 0.0139]","[0.748, 0.435, 0.203, 0.006, 0.091, 0.092, 0.002, 0.085, 0.059, 0.061]",2000,0.14838315546512604,0.5280584134478957,
25,T8,1927,-0.7059970877634943,0.3253424892936408,-0.4017528491641552,-0.052789096886830915,0.014715199415582395,0.03955639565599845,-0.08122120113660355,0.29596325755119324,0.14577533304691315,0.08695325255393982,0.4417386054992676,0.6485386490821838,0.7682011127471924,3,"[0.296, 0.1458, 0.087, 0.0755, 0.0443, 0.0362, 0.0327, 0.0195, 0.0171, 0.0141]","[0.706, 0.325, 0.402, 0.221, 0.018, 0.056, 0.003, 0.106, 0.003, 0.025]",2000,0.17857128381729126,0.756147068516521,
25,R0,1927,-0.6672414949778341,0.24283084057245574,-0.5235704808630715,-0.03289319192561441,0.019589623625269368,0.02721895752574862,-0.035061122459209906,0.36304420232772827,0.13366267085075378,0.10752595216035843,0.49670687317848206,0.7055103778839111,0.8078793883323669,2,"[0.363, 0.1337, 0.1075, 0.0622, 0.0391, 0.0322, 0.0221, 0.0182, 0.0176, 0.0124]","[0.667, 0.243, 0.524, 0.251, 0.038, 0.038, 0.09, 0.029, 0.003, 0.042]",2000,0.21369369328022003,0.7880860184579077,
25,R1,1927,-0.6420762750507544,0.04399400702731049,-0.42742496619493925,0.005671901281363689,0.0266395041341275,0.005010277758400156,0.04479556687725283,0.3923204839229584,0.1079401820898056,0.10157144069671631,0.5002606511116028,0.711968719959259,0.8122800588607788,3,"[0.3923, 0.1079, 0.1016, 0.0725, 0.0376, 0.0321, 0.0233, 0.0171, 0.0151, 0.0127]","[0.642, 0.044, 0.427, 0.453, 0.075, 0.054, 0.173, 0.072, 0.086, 0.037]",2000,0.23713596165180206,0.8009785429662859,
25,R2,1927,-0.6435825086674922,-0.3383367919231225,0.1693386414389698,-0.010318096468258708,0.05923831936966028,-0.009307655194413879,-0.021611663455274824,0.3284974992275238,0.15287797152996063,0.07603336870670319,0.48137545585632324,0.6552096009254456,0.7689546346664429,3,"[0.3285, 0.1529, 0.076, 0.0492, 0.0486, 0.0326, 0.0239, 0.021, 0.0184, 0.0178]","[0.644, 0.338, 0.169, 0.522, 0.063, 0.041, 0.227, 0.003, 0.025, 0.126]",2000,0.18420235812664032,0.7927929207387735,
25,R3,1927,-0.2837875553450904,0.017880184271516227,-0.4470204357309811,0.008527863895385214,0.02033362524342953,0.1191504592451337,0.16007460375742985,0.3786275386810303,0.30618271231651306,0.13432861864566803,0.6848102807998657,0.8649202585220337,0.9165293574333191,3,"[0.3786, 0.3062, 0.1343, 0.0244, 0.0214, 0.0141, 0.012, 0.0104, 0.008, 0.0071]","[0.284, 0.018, 0.447, 0.252, 0.23, 0.382, 0.471, 0.235, 0.185, 0.129]",2000,0.24505746364593506,0.41013843826272445,
25,R4,1927,-0.02673460694261324,-0.09153945805144734,0.17881566429783918,0.01958847180068538,-0.015894453608399094,0.01740178026740384,0.1423504778312065,0.4578403830528259,0.21967491507530212,0.18776889145374298,0.6775152683258057,0.9282481074333191,0.9539648294448853,3,"[0.4578, 0.2197, 0.1878, 0.0436, 0.0193, 0.0093, 0.0054, 0.0046, 0.0032, 0.0032]","[0.027, 0.092, 0.179, 0.465, 0.421, 0.015, 0.269, 0.057, 0.175, 0.323]",2000,0.12210581451654434,0.31661552627773093,
25,R5,1927,0.1781453469099207,-0.18670967368312338,-0.2796155117538792,0.07396660919792804,0.07642506914567075,-0.1726384471373702,0.12927260306298258,0.4441685676574707,0.1472422480583191,0.0776844248175621,0.5914108157157898,0.7700343132019043,0.8639670014381409,2,"[0.4442, 0.1472, 0.0777, 0.0631, 0.0378, 0.0259, 0.0232, 0.0163, 0.016, 0.0126]","[0.178, 0.187, 0.28, 0.632, 0.08, 0.089, 0.16, 0.154, 0.302, 0.025]",2000,0.08255045861005783,0.08601632640719281,
25,R6,1927,0.20791867965146524,0.2477434246394567,0.4083160885401093,0.034004329965990114,-0.14516313870350786,-0.0007926350111367319,-0.044829409216983175,0.23720808327198029,0.14263296127319336,0.08976373076438904,0.37984102964401245,0.583277702331543,0.7097725868225098,1,"[0.2372, 0.1426, 0.0898, 0.0683, 0.0453, 0.0347, 0.0277, 0.0259, 0.0218, 0.0165]","[0.208, 0.248, 0.408, 0.243, 0.109, 0.047, 0.07, 0.229, 0.164, 0.038]",2000,0.12454824149608612,-0.15778806924724886,
25,R7,1927,0.08599433928881042,0.26454786682317305,-0.4257423760646633,0.0348444141789403,0.18244481664440632,0.05956753659026918,-0.0953175186160389,0.2107275426387787,0.13984613120555878,0.08462333679199219,0.35057365894317627,0.5396621227264404,0.6710396409034729,1,"[0.2107, 0.1398, 0.0846, 0.0546, 0.0499, 0.0366, 0.0304, 0.0253, 0.0201, 0.019]","[0.086, 0.265, 0.426, 0.086, 0.213, 0.023, 0.17, 0.118, 0.062, 0.154]",2000,0.15358667075634003,-0.25475054582399226,
26,T0,1927,-0.9294491421096793,-0.061454287085435405,0.2099942903924189,-0.08073933655982272,-0.14541812024904235,0.039938839216923185,-0.04591193312497946,0.244461327791214,0.17650790512561798,0.10343796014785767,0.42096924781799316,0.6633239388465881,0.7811306715011597,1,"[0.2445, 0.1765, 0.1034, 0.0727, 0.0662, 0.0453, 0.0227, 0.019, 0.0166, 0.0142]","[0.929, 0.061, 0.21, 0.002, 0.055, 0.14, 0.013, 0.087, 0.052, 0.168]",2000,0.13680978119373322,0.46720724063877034,
26,T1,1927,-0.635025554244248,0.08476029434309648,0.647326180423649,-0.023066870593400658,0.010693666000481172,0.018112537966020924,0.11383667415213251,0.47006088495254517,0.10822251439094543,0.09602319449186325,0.578283429145813,0.7483696341514587,0.8352012634277344,2,"[0.4701, 0.1082, 0.096, 0.0412, 0.0328, 0.0298, 0.0187, 0.0139, 0.0125, 0.012]","[0.635, 0.085, 0.647, 0.047, 0.066, 0.066, 0.021, 0.021, 0.016, 0.071]",2000,0.2796647846698761,0.8001409359883521,
26,T2,1927,-0.6740696034073026,0.004311482848943466,0.08678273512050384,0.007034675088475813,0.05562778767503846,-0.07884691604813414,0.06261390522737248,0.3776910603046417,0.10203365236520767,0.07034803181886673,0.4797247052192688,0.6296443343162537,0.747450590133667,2,"[0.3777, 0.102, 0.0703, 0.0433, 0.0362, 0.0325, 0.0283, 0.0213, 0.019, 0.0166]","[0.674, 0.004, 0.087, 0.293, 0.199, 0.043, 0.302, 0.051, 0.061, 0.152]",2000,0.25177764892578125,0.7710590603635938,
26,T3,1927,-0.12975670347187512,-0.9265421611616261,-0.33041198622643825,0.03960745297803422,0.009769836533251459,-0.18404430883181805,0.1756138051752462,0.2641400396823883,0.2270202338695526,0.08978521823883057,0.4911602735519409,0.7009866833686829,0.8057877421379089,2,"[0.2641, 0.227, 0.0898, 0.0651, 0.055, 0.0326, 0.0222, 0.0201, 0.0169, 0.0131]","[0.13, 0.927, 0.33, 0.079, 0.113, 0.026, 0.073, 0.009, 0.123, 0.025]",2000,0.1256837099790573,-0.23121585891961557,
26,T4,1927,-0.29158527989595817,-0.1430079479926348,0.7431584665102012,-0.06116832676223283,-0.23450536360468333,-0.044747426203417526,0.14081616638270028,0.9976186156272888,0.00042654943536035717,0.0003826792526524514,0.9980451464653015,0.9987900853157043,0.9991808533668518,2,"[0.9976, 0.0004, 0.0004, 0.0002, 0.0002, 0.0001, 0.0001, 0.0001, 0.0001, 0.0001]","[0.292, 0.143, 0.743, 0.085, 0.053, 0.162, 0.327, 0.245, 0.012, 0.056]",2000,0.03418130427598953,-0.07482015726241566,
26,T5,1927,-0.1932587247470969,-0.7891624948277054,-0.3845787253800946,0.23147677426176,0.5317223416192081,-0.08720823053291189,0.15470792148604284,0.6866636872291565,0.07710306346416473,0.05578474700450897,0.7637667655944824,0.8648356795310974,0.9131528735160828,2,"[0.6867, 0.0771, 0.0558, 0.0263, 0.019, 0.0141, 0.0114, 0.0089, 0.0082, 0.0057]","[0.193, 0.789, 0.385, 0.022, 0.2, 0.038, 0.024, 0.091, 0.056, 0.026]",2000,0.0678769126534462,-0.04633837110982923,
26,T6,1927,0.38439008721127554,0.6458577400659188,0.2663245016202789,0.14245351007630394,0.1194635808171933,-0.06720633361722769,0.1109465865505752,0.4150458872318268,0.17137691378593445,0.07840504497289658,0.5864228010177612,0.7522697448730469,0.8444641828536987,2,"[0.415, 0.1714, 0.0784, 0.0487, 0.0388, 0.0337, 0.0211, 0.0135, 0.0123, 0.0117]","[0.384, 0.646, 0.266, 0.042, 0.159, 0.149, 0.009, 0.063, 0.014, 0.044]",2000,0.1934473216533661,-0.5890115345347638,
26,T7,1927,-0.7921363447102373,0.3991901852396424,0.16587280950974134,-0.171771166453684,-0.3114154428478596,0.05352432255815969,-0.06757651688026155,0.28004875779151917,0.18025296926498413,0.10062920302152634,0.4603017270565033,0.6756306886672974,0.7901073098182678,2,"[0.28, 0.1803, 0.1006, 0.0598, 0.0549, 0.0352, 0.0309, 0.0186, 0.0157, 0.0141]","[0.792, 0.399, 0.166, 0.084, 0.062, 0.099, 0.009, 0.061, 0.051, 0.068]",2000,0.15389782190322876,0.5356408255112596,
26,T8,1927,-0.627142606321093,0.28636329988927856,0.5596218805783935,-0.026465984491409515,0.007073271427957531,0.0009508698263209682,0.0607542266314024,0.46326300501823425,0.10523293912410736,0.0755513459444046,0.5684959292411804,0.7384784817695618,0.8320621848106384,2,"[0.4633, 0.1052, 0.0756, 0.0597, 0.0347, 0.0295, 0.0212, 0.0178, 0.0144, 0.0108]","[0.627, 0.286, 0.56, 0.108, 0.176, 0.081, 0.055, 0.04, 0.045, 0.035]",2000,0.26486676931381226,0.8132613345587406,
26,R0,1927,-0.6373776242433464,0.1353556403124528,0.583458806967939,-0.02183251641405414,0.0068377592371469745,0.02092582720186561,0.03770439551037011,0.4759301543235779,0.1142166331410408,0.09059256315231323,0.5901467800140381,0.7663440704345703,0.8501790761947632,2,"[0.4759, 0.1142, 0.0906, 0.0482, 0.0374, 0.0249, 0.0195, 0.0167, 0.0122, 0.0106]","[0.637, 0.135, 0.583, 0.179, 0.131, 0.031, 0.008, 0.043, 0.049, 0.065]",2000,0.27913138270378113,0.810005777172822,
26,R1,1927,-0.605716664112107,0.12992836887143847,0.6204058989493647,0.001534024504496645,0.0059140915949516,0.0048705331196776235,0.06515391971113217,0.49676159024238586,0.09041410684585571,0.07826531678438187,0.587175726890564,0.7623099088668823,0.8487762808799744,2,"[0.4968, 0.0904, 0.0783, 0.063, 0.0339, 0.0257, 0.0219, 0.0163, 0.0117, 0.0108]","[0.606, 0.13, 0.62, 0.218, 0.095, 0.065, 0.101, 0.065, 0.135, 0.046]",2000,0.29629912972450256,0.8195278412640138,
26,R2,1927,-0.6253387597061435,-0.28633363090118136,-0.13854040821799246,-0.01819950989145317,0.03844470986365778,-0.00609582988014774,0.01406491518711778,0.4336697459220886,0.10292617231607437,0.07007065415382385,0.5365959405899048,0.706555962562561,0.8058762550354004,3,"[0.4337, 0.1029, 0.0701, 0.0542, 0.0457, 0.0309, 0.0229, 0.0161, 0.0156, 0.0139]","[0.625, 0.286, 0.139, 0.431, 0.362, 0.078, 0.223, 0.066, 0.008, 0.021]",2000,0.25702419877052307,0.8112370675078868,
26,R3,1927,-0.26493763136975074,0.0016817400232174977,-0.4531004156789601,-0.013319657439939653,0.02120524326166069,0.20431889282751214,0.10578148570923807,0.400718092918396,0.3056507408618927,0.11959800869226456,0.7063688039779663,0.8692243695259094,0.917262852191925,3,"[0.4007, 0.3057, 0.1196, 0.0229, 0.0203, 0.0132, 0.0111, 0.0099, 0.0076, 0.0062]","[0.265, 0.002, 0.453, 0.224, 0.338, 0.297, 0.443, 0.253, 0.199, 0.147]",2000,0.22990116477012634,0.4095351223483208,
26,R4,1927,-0.01917084735435607,-0.13755866176164117,0.19527317384679738,-0.0007338538142142893,0.009467589731683762,0.036217992930669574,0.12143434749299196,0.43639668822288513,0.2261444628238678,0.20020286738872528,0.6625411510467529,0.9276545643806458,0.9537018537521362,3,"[0.4364, 0.2261, 0.2002, 0.046, 0.0189, 0.0101, 0.0055, 0.0041, 0.0033, 0.0031]","[0.019, 0.138, 0.195, 0.507, 0.382, 0.002, 0.229, 0.074, 0.011, 0.513]",2000,0.13187749683856964,0.2401967273635344,
26,R5,1927,0.22733835788162096,-0.22473150155455743,0.38193354635571897,0.13449016770699135,0.04347531897274912,-0.13545863813611367,0.06808975298755916,0.42172202467918396,0.12849801778793335,0.09337678551673889,0.5502200126647949,0.7509683966636658,0.8499177694320679,3,"[0.4217, 0.1285, 0.0934, 0.0697, 0.0377, 0.0266, 0.0241, 0.0196, 0.0163, 0.0124]","[0.227, 0.225, 0.382, 0.545, 0.072, 0.129, 0.138, 0.321, 0.212, 0.016]",2000,0.11014877259731293,-0.06425505475950243,
26,R6,1927,0.21766599492745697,0.2630979920315364,-0.37245003482184913,0.05829679611786201,-0.1985236774980324,0.020662070129740157,-0.04209666984850559,0.21852561831474304,0.14244715869426727,0.09349873661994934,0.3609727621078491,0.5730701088905334,0.6960387229919434,1,"[0.2185, 0.1424, 0.0935, 0.0643, 0.0543, 0.0355, 0.027, 0.0238, 0.0209, 0.0158]","[0.218, 0.263, 0.372, 0.296, 0.12, 0.018, 0.006, 0.226, 0.157, 0.031]",2000,0.12009558081626892,-0.18211419680782578,
26,R7,1927,0.18256927718747445,0.2683646863894361,-0.46250142235069885,0.06174111004029606,0.23690914160684146,0.03630497194788355,-0.09497490679011276,0.21854077279567719,0.156828373670578,0.07533344626426697,0.375369131565094,0.544906497001648,0.6715894341468811,1,"[0.2185, 0.1568, 0.0753, 0.0485, 0.0457, 0.0364, 0.029, 0.0235, 0.0197, 0.0181]","[0.183, 0.268, 0.463, 0.118, 0.093, 0.06, 0.14, 0.077, 0.058, 0.185]",2000,0.14253288507461548,-0.3266961596521924,
27,T0,1927,-0.9041857192922018,-0.09523074576466269,-0.25901971041657956,-0.08179370282807015,-0.14199353650982133,0.04356654780086436,-0.05680218227351993,0.24623481929302216,0.17916567623615265,0.09892691671848297,0.4254004955291748,0.6580922603607178,0.7779189944267273,1,"[0.2462, 0.1792, 0.0989, 0.0704, 0.0633, 0.0461, 0.0235, 0.0193, 0.0161, 0.0148]","[0.904, 0.095, 0.259, 0.028, 0.053, 0.144, 0.021, 0.089, 0.05, 0.153]",2000,0.1344670057296753,0.45099061097582,
27,T1,1927,-0.6436969483509462,0.2924997116725404,-0.5696838677267657,-0.016809416149779453,0.0011631847907929073,0.018651522190551086,0.10153972681811338,0.4278227686882019,0.10315952450037003,0.09594963490962982,0.5309823155403137,0.7439129948616028,0.8378620147705078,2,"[0.4278, 0.1032, 0.0959, 0.0806, 0.0363, 0.0289, 0.0232, 0.0174, 0.0132, 0.0112]","[0.644, 0.292, 0.57, 0.234, 0.022, 0.141, 0.006, 0.012, 0.006, 0.032]",2000,0.25484028458595276,0.7990491224412424,
27,T2,1927,0.703328047836857,-0.04465045248070258,0.07867408503214174,-0.001056572608667914,-0.04308106487754137,0.07499526014741466,-0.04407017588082219,0.38416150212287903,0.10647013038396835,0.06821554154157639,0.490631639957428,0.6362255215644836,0.752072274684906,2,"[0.3842, 0.1065, 0.0682, 0.0415, 0.0358, 0.0323, 0.0269, 0.0221, 0.0185, 0.016]","[0.703, 0.045, 0.079, 0.238, 0.194, 0.079, 0.321, 0.058, 0.086, 0.129]",2000,0.2501114308834076,-0.7339852262357297,
27,T3,1927,-0.15833819568115423,-0.9168483752692241,-0.33594866748221786,-0.06775429572617615,-0.024448521104174847,0.2108511522442526,-0.23874048634515588,0.2595459222793579,0.23931175470352173,0.08560875803232193,0.49885767698287964,0.7032919526100159,0.8079417943954468,2,"[0.2595, 0.2393, 0.0856, 0.0634, 0.0554, 0.032, 0.0219, 0.0204, 0.0172, 0.0131]","[0.158, 0.917, 0.336, 0.03, 0.151, 0.035, 0.002, 0.036, 0.11, 0.047]",2000,0.12836861610412598,0.35931768552932514,
27,T4,1927,-0.2910369698848117,-0.14511338024768772,0.7435644877719821,-0.06111095986468866,-0.23468652909996385,-0.04481305496497013,0.14111769004759384,0.9976055026054382,0.00042659181053750217,0.00038294488331303,0.9980320930480957,0.998778223991394,0.9991706013679504,2,"[0.9976, 0.0004, 0.0004, 0.0002, 0.0002, 0.0001, 0.0001, 0.0001, 0.0001, 0.0001]","[0.291, 0.145, 0.744, 0.081, 0.055, 0.165, 0.326, 0.242, 0.026, 0.057]",2000,0.03418230265378952,-0.07499526927934061,
27,T5,1927,-0.19145954071340768,-0.7847426692128999,-0.3870728992079379,0.2311796791415459,0.5297724516256219,-0.08796294418481063,0.15729651289203453,0.6716536283493042,0.0817609503865242,0.058940596878528595,0.7534145712852478,0.8600060939788818,0.9098639488220215,2,"[0.6717, 0.0818, 0.0589, 0.0269, 0.0207, 0.0143, 0.0125, 0.0087, 0.0085, 0.0058]","[0.191, 0.785, 0.387, 0.006, 0.189, 0.023, 0.002, 0.067, 0.095, 0.05]",2000,0.07036344707012177,-0.04815311285366583,
27,T6,1927,0.34983427505332043,0.6901724598415783,0.23906052093916944,0.13122683954188163,0.1337467760184656,-0.04482309843326689,0.12858830473393834,0.4226776361465454,0.170302152633667,0.07506350427865982,0.5929797887802124,0.7619536519050598,0.8540436029434204,2,"[0.4227, 0.1703, 0.0751, 0.0573, 0.0366, 0.0345, 0.0196, 0.0147, 0.0123, 0.011]","[0.35, 0.69, 0.239, 0.211, 0.136, 0.164, 0.005, 0.071, 0.032, 0.045]",2000,0.18777352571487427,-0.5409072384443822,
27,T7,1927,-0.7706054919053078,0.39733020201956526,0.18949122397818294,-0.1749885773489713,-0.31529937075967884,0.04606643219880234,-0.06326227327954839,0.27717071771621704,0.17289753258228302,0.10458606481552124,0.45006823539733887,0.6719433665275574,0.7865423560142517,2,"[0.2772, 0.1729, 0.1046, 0.062, 0.0553, 0.0354, 0.031, 0.0186, 0.0158, 0.0137]","[0.771, 0.397, 0.189, 0.116, 0.054, 0.098, 0.024, 0.032, 0.028, 0.069]",2000,0.15475530922412872,0.5461804898793657,
27,T8,1927,-0.608385834953553,0.46732223765446557,0.46552677965763645,-0.014512434335203734,0.0009207598750862346,0.008404878913176716,0.061743433283866965,0.42393794655799866,0.10338713973760605,0.08850336819887161,0.5273250937461853,0.7314537763595581,0.8325662016868591,3,"[0.4239, 0.1034, 0.0885, 0.0767, 0.039, 0.0283, 0.0246, 0.0208, 0.0161, 0.0115]","[0.608, 0.467, 0.466, 0.222, 0.229, 0.084, 0.017, 0.078, 0.008, 0.066]",2000,0.24796158075332642,0.8153579226292746,
27,R0,1927,-0.6149166653616018,-0.4199956817218437,0.33193736221901843,-0.015378205568376515,-0.003290537539442933,0.024768328059175518,0.04285621954462593,0.4164685010910034,0.12389206886291504,0.09827708452939987,0.5403605699539185,0.7481797933578491,0.8525352478027344,4,"[0.4165, 0.1239, 0.0983, 0.066, 0.0436, 0.0345, 0.0253, 0.0188, 0.0134, 0.0122]","[0.615, 0.42, 0.332, 0.442, 0.085, 0.073, 0.115, 0.031, 0.083, 0.002]",2000,0.24895969033241272,0.81666410723472,
27,R1,1927,0.5748562925129079,-0.25265305053530196,-0.25279516779120687,-0.0010524748747915216,-0.013724630254086607,-0.012880709299423993,-0.08947908379619925,0.41474995017051697,0.16782329976558685,0.0723758265376091,0.5825732350349426,0.7649355530738831,0.8614931106567383,2,"[0.4147, 0.1678, 0.0724, 0.0641, 0.0459, 0.034, 0.0243, 0.0165, 0.0118, 0.0099]","[0.575, 0.253, 0.253, 0.577, 0.003, 0.158, 0.1, 0.004, 0.151, 0.085]",2000,0.24747411906719208,-0.835657312653246,
27,R2,1927,0.5992448804787232,-0.21962727079573216,-0.06860002938465122,0.014075170699059135,-0.03997288890126981,-0.016008812099644536,-0.053627511132059484,0.359188973903656,0.20597411692142487,0.05907971039414406,0.5651630759239197,0.728618323802948,0.835705578327179,4,"[0.3592, 0.206, 0.0591, 0.0572, 0.0471, 0.0372, 0.0289, 0.015, 0.014, 0.0119]","[0.599, 0.22, 0.069, 0.36, 0.349, 0.398, 0.198, 0.152, 0.033, 0.037]",2000,0.21249434351921082,-0.8175971667386289,
27,R3,1927,-0.0934257306063762,-0.049014088537070365,-0.4723418185623728,-0.012912037330833142,0.055841456875309003,0.3376513322290268,-0.04030537205586304,0.4098450243473053,0.35112935304641724,0.09246639907360077,0.7609744071960449,0.8906064033508301,0.9289751052856445,3,"[0.4098, 0.3511, 0.0925, 0.0207, 0.0164, 0.0109, 0.0088, 0.0082, 0.0058, 0.0047]","[0.093, 0.049, 0.472, 0.221, 0.277, 0.371, 0.445, 0.192, 0.211, 0.163]",2000,0.19614896178245544,0.2051350946493133,
27,R4,1927,-0.03396696825845124,-0.09182618280505533,0.12324050950726707,0.004369822378783975,0.00903783073381867,0.05614350623235256,0.09249547200769132,0.4315987825393677,0.22745446860790253,0.2009591907262802,0.6590532660484314,0.9250704050064087,0.9526313543319702,2,"[0.4316, 0.2275, 0.201, 0.044, 0.0211, 0.0109, 0.0054, 0.0044, 0.0036, 0.0031]","[0.034, 0.092, 0.123, 0.491, 0.285, 0.027, 0.195, 0.055, 0.137, 0.519]",2000,0.12312091141939163,0.1957644112723904,
27,R5,1927,0.2020390013714635,0.2192391906295949,-0.3397092566205959,0.19512916957082482,-0.04775360939151231,-0.1536634989799772,0.08854239006357187,0.41602379083633423,0.11892963945865631,0.09234268218278885,0.5349534153938293,0.7387781143188477,0.8411937952041626,3,"[0.416, 0.1189, 0.0923, 0.0712, 0.0402, 0.0274, 0.0245, 0.0203, 0.0161, 0.0141]","[0.202, 0.219, 0.34, 0.534, 0.075, 0.089, 0.223, 0.38, 0.147, 0.043]",2000,0.11003844439983368,-0.08662692032335068,
27,R6,1927,0.12413493710275203,0.27862073292241935,-0.28815715837568984,0.1017062255208401,-0.27392642673266915,0.0033606984320409517,-0.030966278169263905,0.2033066302537918,0.14031392335891724,0.09200239181518555,0.34362053871154785,0.5653673410415649,0.6933470964431763,1,"[0.2033, 0.1403, 0.092, 0.0672, 0.0625, 0.0382, 0.0276, 0.0238, 0.0202, 0.0183]","[0.124, 0.279, 0.288, 0.42, 0.016, 0.013, 0.04, 0.038, 0.202, 0.076]",2000,0.1065339520573616,-0.08212094234716143,
27,R7,1927,0.1875775591403627,0.2801266434481231,-0.46287106366956365,0.0690269005567072,0.2368819100967439,0.023829395606361128,-0.08380076894425571,0.24068637192249298,0.14667116105556488,0.06616070121526718,0.38735753297805786,0.5488855838775635,0.6780510544776917,1,"[0.2407, 0.1467, 0.0662, 0.0481, 0.0473, 0.037, 0.0269, 0.0267, 0.0211, 0.0176]","[0.188, 0.28, 0.463, 0.181, 0.012, 0.034, 0.091, 0.006, 0.068, 0.19]",2000,0.12712430953979492,-0.326979645479336,
28,T0,1927,-0.8922949244387076,-0.10723783157127599,-0.28924806811894227,-0.08949448218538761,-0.15568497314508456,0.04117431971752485,-0.06635650597322845,0.23779253661632538,0.18647806346416473,0.09569676220417023,0.4242706000804901,0.6465177536010742,0.7738393545150757,1,"[0.2378, 0.1865, 0.0957, 0.0668, 0.0598, 0.0496, 0.0242, 0.021, 0.0164, 0.0161]","[0.892, 0.107, 0.289, 0.0, 0.067, 0.16, 0.001, 0.044, 0.049, 0.061]",2000,0.1316809505224228,0.44141932287123314,
28,T1,1927,-0.6388295810839583,0.5052854240836228,-0.3771309036121347,-0.016563689906492915,0.00019671230888658746,0.027239016900587113,0.09401579779284486,0.43046727776527405,0.11137255281209946,0.09191476553678513,0.5418398380279541,0.7441208362579346,0.8391066193580627,3,"[0.4305, 0.1114, 0.0919, 0.072, 0.0383, 0.0301, 0.0225, 0.0171, 0.0141, 0.0113]","[0.639, 0.505, 0.377, 0.145, 0.024, 0.166, 0.032, 0.048, 0.006, 0.075]",2000,0.25573545694351196,0.7957946150556096,
28,T2,1927,0.7113154347269657,-0.05147828830797934,0.0768145089902095,-0.002997873176774711,-0.02955755518183693,0.08379299744071611,-0.04689843695034478,0.3762802183628082,0.11644989997148514,0.06913048774003983,0.49273011088371277,0.637663722038269,0.7519388198852539,1,"[0.3763, 0.1164, 0.0691, 0.0403, 0.0355, 0.0311, 0.0246, 0.0239, 0.019, 0.0157]","[0.711, 0.051, 0.077, 0.205, 0.155, 0.064, 0.289, 0.214, 0.079, 0.096]",2000,0.2466096729040146,-0.7323479900401968,
28,T3,1927,-0.42362924824958753,0.6734690259854724,-0.3748555717714946,-0.07907422736298868,-0.0038536132535543477,0.2683394804573082,-0.3238208338522127,0.25178560614585876,0.23178453743457794,0.08400728553533554,0.4835701584815979,0.6906833648681641,0.7943050265312195,3,"[0.2518, 0.2318, 0.084, 0.0641, 0.059, 0.0318, 0.0219, 0.0202, 0.0166, 0.0132]","[0.424, 0.673, 0.375, 0.042, 0.121, 0.013, 0.02, 0.008, 0.12, 0.041]",2000,0.12897206842899323,0.3835395541207011,
28,T4,1927,-0.2916556559623188,-0.4198344542606735,0.6539774556669806,-0.061522495771923,-0.23435447418196256,-0.044248735315640476,0.14091935681593257,0.9973130822181702,0.00043616388575173914,0.0004068436683155596,0.9977492690086365,0.9985807538032532,0.9990407824516296,3,"[0.9973, 0.0004, 0.0004, 0.0002, 0.0002, 0.0001, 0.0001, 0.0001, 0.0001, 0.0001]","[0.292, 0.42, 0.654, 0.164, 0.057, 0.17, 0.066, 0.354, 0.019, 0.048]",2000,0.034165166318416595,-0.07488857606501492,
28,T5,1927,0.10773494866742007,-0.8295808894668036,-0.36346485302449777,-0.23501541907926288,-0.527329028320115,0.10423822810771072,-0.18093443938737297,0.3321622312068939,0.16118954122066498,0.11594834923744202,0.4933517575263977,0.7074176669120789,0.810204029083252,2,"[0.3322, 0.1612, 0.1159, 0.0534, 0.0447, 0.0291, 0.0263, 0.0184, 0.0168, 0.0121]","[0.108, 0.83, 0.363, 0.002, 0.188, 0.033, 0.032, 0.119, 0.038, 0.063]",2000,0.11497443914413452,0.16434386597207448,
28,T6,1927,0.33683711411718437,0.7034385432921032,0.2238238935232787,0.13399082950823976,0.14503085853859782,-0.053244023648126644,0.14222727206021077,0.42368823289871216,0.1712159365415573,0.07647838443517685,0.5949041843414307,0.7632196545600891,0.8540934324264526,2,"[0.4237, 0.1712, 0.0765, 0.0563, 0.0356, 0.0341, 0.0196, 0.0142, 0.012, 0.0109]","[0.337, 0.703, 0.224, 0.203, 0.233, 0.017, 0.006, 0.064, 0.018, 0.046]",2000,0.18554948270320892,-0.5236289774925355,
28,T7,1927,0.750543090472481,0.394974859150252,0.19028660552912627,0.1833089722979938,0.36196446070035354,-0.05028257427946911,0.0774875849381927,0.27450326085090637,0.17039594054222107,0.10604063421487808,0.44489920139312744,0.6710606813430786,0.7842673659324646,2,"[0.2745, 0.1704, 0.106, 0.0637, 0.0564, 0.0347, 0.029, 0.0204, 0.0155, 0.0136]","[0.751, 0.395, 0.19, 0.184, 0.051, 0.085, 0.049, 0.008, 0.016, 0.045]",2000,0.1478826254606247,-0.5070476600507731,
28,T8,1927,-0.590102645388522,-0.5049570010004313,0.3913163776881975,-0.0028235260685117265,-0.0028406580132247354,0.009276584474039416,0.07240527313098913,0.4267188310623169,0.10292953997850418,0.08581291884183884,0.5296483635902405,0.7371419072151184,0.8369120955467224,4,"[0.4267, 0.1029, 0.0858, 0.0777, 0.044, 0.0286, 0.0241, 0.0195, 0.0154, 0.0122]","[0.59, 0.505, 0.391, 0.01, 0.312, 0.082, 0.022, 0.06, 0.006, 0.054]",2000,0.24694520235061646,0.81172762539138,
28,R0,1927,0.5866614262825074,-0.5393589150363979,0.24123955523034207,0.00293483072213753,0.006329516792131253,-0.02914014376577345,-0.0510917481741787,0.4312337636947632,0.11366698145866394,0.09568147361278534,0.5449007749557495,0.7535994648933411,0.8550168871879578,3,"[0.4312, 0.1137, 0.0957, 0.0609, 0.0521, 0.0302, 0.0258, 0.0193, 0.0137, 0.0124]","[0.587, 0.539, 0.241, 0.333, 0.295, 0.05, 0.079, 0.029, 0.075, 0.005]",2000,0.2538292706012726,-0.8145306776541605,
28,R1,1927,-0.5665933526090338,-0.20306188324850222,0.5336491294384303,0.005120046588484404,0.015138099065395158,0.013086271247780648,0.08779040709265667,0.42266014218330383,0.1504356414079666,0.0747125968337059,0.5730957984924316,0.7635908126831055,0.8623306155204773,2,"[0.4227, 0.1504, 0.0747, 0.0659, 0.0499, 0.0372, 0.025, 0.0158, 0.0113, 0.0094]","[0.567, 0.203, 0.534, 0.266, 0.234, 0.145, 0.096, 0.004, 0.163, 0.063]",2000,0.25002238154411316,0.8297811593041979,
28,R2,1927,0.5844799298870366,-0.15939064668178868,0.2455051078602647,0.005089043996656434,-0.048792722674303346,-0.009314462612600813,-0.0747924146176326,0.35720139741897583,0.2036954164505005,0.07236900925636292,0.5608968138694763,0.7359160780906677,0.8421966433525085,3,"[0.3572, 0.2037, 0.0724, 0.0554, 0.0472, 0.0392, 0.0289, 0.0139, 0.0131, 0.0111]","[0.584, 0.159, 0.246, 0.316, 0.464, 0.203, 0.237, 0.012, 0.196, 0.011]",2000,0.21207651495933533,-0.8276617329774489,
28,R3,1927,0.007516609269167611,-0.05219916650553363,-0.4594990456278552,0.01467930616629956,-0.08051540661704655,-0.343221220588697,0.09809445833006221,0.4227186143398285,0.37701359391212463,0.07530757784843445,0.7997322082519531,0.9058657288551331,0.9385576248168945,2,"[0.4227, 0.377, 0.0753, 0.0174, 0.0134, 0.0098, 0.0077, 0.0068, 0.0046, 0.0038]","[0.008, 0.052, 0.459, 0.236, 0.263, 0.154, 0.559, 0.019, 0.147, 0.278]",2000,0.17504559457302094,-0.04393432197210274,
28,R4,1927,-0.018306011548473933,-0.030416483960712233,0.08839201295796519,0.006359575999559543,0.019201934908125006,0.054674740736965495,0.1078122337591864,0.41796815395355225,0.24291884899139404,0.20188000798225403,0.6608870029449463,0.9262229204177856,0.9544370174407959,3,"[0.418, 0.2429, 0.2019, 0.0392, 0.0242, 0.0121, 0.0053, 0.0043, 0.0036, 0.003]","[0.018, 0.03, 0.088, 0.486, 0.367, 0.045, 0.176, 0.023, 0.229, 0.531]",2000,0.11394073069095612,0.19832319004306928,
28,R5,1927,0.09838695628168011,0.2853691395463696,-0.34758180185165255,0.2222111554221206,-0.06920453487636596,-0.07878806751711813,0.04154634690046441,0.409561425447464,0.11623667925596237,0.09475571662187576,0.5257980823516846,0.7322149872779846,0.8363426327705383,4,"[0.4096, 0.1162, 0.0948, 0.0697, 0.0419, 0.0292, 0.0239, 0.0201, 0.0158, 0.0152]","[0.098, 0.285, 0.348, 0.484, 0.057, 0.051, 0.342, 0.38, 0.023, 0.1]",2000,0.11372317373752594,-0.013387320653065124,
28,R6,1927,0.15496834276897253,-0.2791415649004619,-0.25638202542579863,0.09692927428191855,-0.26760387434777483,0.015005973446676969,-0.024134310302543753,0.2031930387020111,0.13861851394176483,0.0934935137629509,0.34181153774261475,0.563564121723175,0.6963440775871277,1,"[0.2032, 0.1386, 0.0935, 0.0677, 0.0605, 0.0387, 0.028, 0.0241, 0.0231, 0.019]","[0.155, 0.279, 0.256, 0.432, 0.016, 0.015, 0.032, 0.025, 0.071, 0.165]",2000,0.09912142902612686,-0.11300980650279357,
28,R7,1927,0.19961417798507958,0.31809741034821676,-0.4420212758548201,0.05543962293002064,0.24602337832716048,0.021108321468251878,-0.07583012672571421,0.2487475574016571,0.15170955657958984,0.056998949497938156,0.40045711398124695,0.5570512413978577,0.6901330351829529,2,"[0.2487, 0.1517, 0.057, 0.0525, 0.0471, 0.0347, 0.0318, 0.0272, 0.0207, 0.0187]","[0.2, 0.318, 0.442, 0.043, 0.205, 0.03, 0.01, 0.003, 0.017, 0.181]",2000,0.11466687172651291,-0.3272663878073657,
29,T0,1927,-0.8706614898108721,-0.13572727472535878,-0.2905538485053852,-0.08464794478397196,-0.15787312466056205,0.039868420010433246,-0.06823343739081882,0.23913653194904327,0.1832459717988968,0.09121573716402054,0.42238250374794006,0.6401145458221436,0.7701112031936646,1,"[0.2391, 0.1832, 0.0912, 0.0666, 0.0599, 0.0487, 0.0248, 0.0234, 0.0171, 0.016]","[0.871, 0.136, 0.291, 0.02, 0.055, 0.147, 0.011, 0.075, 0.034, 0.015]",2000,0.1295538991689682,0.4206948964815987,
29,T1,1927,-0.6600868957882982,0.5342717837656494,0.2511012484948023,-0.02077643933335499,-0.0016189899939229127,0.02377658804828089,0.07882436502248864,0.4243672490119934,0.13015668094158173,0.08783158659934998,0.5545239448547363,0.7455558180809021,0.8438205122947693,2,"[0.4244, 0.1302, 0.0878, 0.0671, 0.0361, 0.0303, 0.0272, 0.016, 0.0134, 0.0113]","[0.66, 0.534, 0.251, 0.155, 0.034, 0.183, 0.112, 0.085, 0.043, 0.082]",2000,0.251388281583786,0.7853150954538703,
29,T2,1927,0.715851035336253,0.053618313241839445,-0.06340384272155113,-0.003937869193496316,-0.02319524890984239,0.07346580171177595,-0.051997331329307596,0.3765791058540344,0.1265949159860611,0.06567160040140152,0.5031740069389343,0.6416172981262207,0.7488871216773987,1,"[0.3766, 0.1266, 0.0657, 0.0394, 0.0333, 0.0272, 0.0239, 0.0221, 0.0184, 0.0157]","[0.716, 0.054, 0.063, 0.208, 0.139, 0.049, 0.272, 0.246, 0.031, 0.114]",2000,0.24430511891841888,-0.7217379524029403,
29,T3,1927,0.14650931933613917,0.9221039128830758,0.41519166631264953,0.06889119093666134,0.009181371233778856,-0.21770035123846004,0.2427104988050288,0.25974246859550476,0.2326357662677765,0.08513731509447098,0.49237823486328125,0.6999335289001465,0.8001132011413574,2,"[0.2597, 0.2326, 0.0851, 0.0682, 0.0542, 0.0302, 0.0218, 0.0189, 0.0163, 0.013]","[0.147, 0.922, 0.415, 0.01, 0.121, 0.013, 0.008, 0.001, 0.117, 0.036]",2000,0.12681430578231812,-0.3567340660762577,
29,T4,1927,-0.2925967328636841,-0.7458628381260609,0.16144770519489768,-0.060940723584807295,-0.23418768961426092,-0.04485038386097208,0.14129014350950628,0.9968920946121216,0.0005409443401731551,0.0004237464745528996,0.997433066368103,0.9983274936676025,0.9988683462142944,1,"[0.9969, 0.0005, 0.0004, 0.0003, 0.0002, 0.0002, 0.0001, 0.0001, 0.0001, 0.0001]","[0.293, 0.746, 0.161, 0.043, 0.004, 0.028, 0.173, 0.278, 0.268, 0.019]",2000,0.034317728132009506,-0.07394088604772824,
29,T5,1927,0.1654321578167798,-0.6584959577728053,-0.5061173717475073,-0.22277265175612887,-0.5291941211484569,0.11123959438019104,-0.18463418274501026,0.3291166126728058,0.16781455278396606,0.1136091873049736,0.49693116545677185,0.7076332569122314,0.8105966448783875,2,"[0.3291, 0.1678, 0.1136, 0.0519, 0.0452, 0.0299, 0.0262, 0.0181, 0.0171, 0.0117]","[0.165, 0.658, 0.506, 0.029, 0.189, 0.009, 0.039, 0.12, 0.005, 0.062]",2000,0.11406392604112625,0.10895908840049191,
29,T6,1927,0.3097350230240656,0.7177576039200892,0.23212777619434413,0.12487681550985771,0.13432309681509952,-0.05825936974076152,0.14575394943544448,0.4542839229106903,0.16106854379177094,0.07315977662801743,0.6153524518013,0.7756465077400208,0.8606380820274353,2,"[0.4543, 0.1611, 0.0732, 0.0535, 0.0336, 0.0301, 0.0193, 0.0135, 0.0116, 0.0105]","[0.31, 0.718, 0.232, 0.19, 0.23, 0.055, 0.0, 0.068, 0.019, 0.025]",2000,0.18358151614665985,-0.52027457982972,
29,T7,1927,-0.7187900132062435,0.4137726370639925,0.1999502522435015,-0.18411208083633032,-0.3955658374869402,0.05970123123664025,-0.09379109488554188,0.2715991139411926,0.17578019201755524,0.1030580922961235,0.44737929105758667,0.6697309017181396,0.7841861844062805,2,"[0.2716, 0.1758, 0.1031, 0.0644, 0.0549, 0.034, 0.0302, 0.0208, 0.0157, 0.0137]","[0.719, 0.414, 0.2, 0.194, 0.041, 0.049, 0.083, 0.005, 0.0, 0.078]",2000,0.1452299803495407,0.496142556012793,
29,T8,1927,-0.5797359011536972,-0.5393507958006724,0.34731878728760035,0.0014150977919938253,-0.013686753029033808,0.009863126482553938,0.06413151880388997,0.4202086925506592,0.10251162201166153,0.08615749329328537,0.5227203369140625,0.7357404232025146,0.83608478307724,3,"[0.4202, 0.1025, 0.0862, 0.0785, 0.0484, 0.0265, 0.025, 0.0195, 0.0162, 0.0131]","[0.58, 0.539, 0.347, 0.065, 0.268, 0.071, 0.027, 0.063, 0.048, 0.041]",2000,0.24288412928581238,0.8068436968123408,
29,R0,1927,0.5822547549405537,-0.48223029155910896,0.29953568106554984,-0.004014325992489925,0.016419716058281308,-0.027996844128971146,-0.04023174466444574,0.4181467890739441,0.12273599952459335,0.09411033987998962,0.5408827662467957,0.7545339465141296,0.8552455306053162,3,"[0.4181, 0.1227, 0.0941, 0.0617, 0.0578, 0.0289, 0.026, 0.0192, 0.0144, 0.0123]","[0.582, 0.482, 0.3, 0.071, 0.461, 0.033, 0.072, 0.04, 0.068, 0.002]",2000,0.2478186935186386,-0.8048147070102021,
29,R1,1927,-0.5558609272283044,-0.18002996544418212,0.5598875965191692,0.010285746793489753,0.01007990770231709,0.023853977284154084,0.09030749009635,0.4106259047985077,0.17639675736427307,0.07450167834758759,0.5870226621627808,0.7775789499282837,0.8706300854682922,3,"[0.4106, 0.1764, 0.0745, 0.063, 0.0531, 0.0359, 0.0234, 0.0142, 0.011, 0.0085]","[0.556, 0.18, 0.56, 0.134, 0.424, 0.172, 0.076, 0.018, 0.157, 0.087]",2000,0.24212683737277985,0.8232616385300733,
29,R2,1927,0.5594402144623296,-0.14504429702978985,0.1517557856777156,-0.0006054359010662751,-0.04519965958755293,-0.01599834421784363,-0.0926276043625661,0.34108880162239075,0.22318938374519348,0.09056299179792404,0.5642781853675842,0.752531886100769,0.8516842722892761,3,"[0.3411, 0.2232, 0.0906, 0.0533, 0.0443, 0.0362, 0.0271, 0.0129, 0.0125, 0.0104]","[0.559, 0.145, 0.152, 0.469, 0.308, 0.23, 0.199, 0.254, 0.035, 0.025]",2000,0.2036685198545456,-0.8329616776696964,
29,R3,1927,-0.07073147187542518,-0.029572284865054928,-0.4673712576975079,-0.025732907357468547,0.045572506180275536,0.3349324764488348,0.01523287116446128,0.4696579575538635,0.35200798511505127,0.06347237527370453,0.8216659426689148,0.9134527444839478,0.9424055218696594,2,"[0.4697, 0.352, 0.0635, 0.0166, 0.0117, 0.0086, 0.0067, 0.0059, 0.004, 0.0037]","[0.071, 0.03, 0.467, 0.294, 0.226, 0.133, 0.549, 0.007, 0.037, 0.175]",2000,0.16157937049865723,0.19966235590799197,
29,R4,1927,0.016018406175367584,-0.09433167572865747,-0.055220990791033986,-0.03588754163322263,0.07494280520798459,0.033107321194845975,0.12625722692331182,0.39527955651283264,0.28306737542152405,0.1706702709197998,0.6783469319343567,0.9011619687080383,0.948107123374939,1,"[0.3953, 0.2831, 0.1707, 0.0334, 0.0188, 0.0145, 0.0123, 0.0111, 0.005, 0.0041]","[0.016, 0.094, 0.055, 0.477, 0.246, 0.112, 0.069, 0.014, 0.123, 0.154]",2000,0.08346283435821533,0.23036213077368065,
29,R5,1927,0.21134372439746632,0.26664427782422795,-0.31075683072831584,0.2566392574542442,-0.0008289237444740556,-0.08767024574313408,0.11751575168356325,0.39783769845962524,0.11902587115764618,0.09545747935771942,0.5168635845184326,0.7227662205696106,0.8257610201835632,4,"[0.3978, 0.119, 0.0955, 0.0711, 0.0393, 0.0296, 0.0227, 0.0193, 0.0169, 0.0144]","[0.211, 0.267, 0.311, 0.455, 0.082, 0.035, 0.445, 0.324, 0.052, 0.04]",2000,0.11302467435598373,-0.1456581696372294,
29,R6,1927,0.10989102828848066,0.2601916698535136,0.21958342104843195,0.107087792771719,-0.31462749778740334,0.004083624162604622,-0.004213957488988458,0.19848230481147766,0.15027280151844025,0.0971468836069107,0.3487551212310791,0.5630822777748108,0.7000346183776855,1,"[0.1985, 0.1503, 0.0971, 0.0638, 0.0533, 0.0408, 0.0309, 0.026, 0.0224, 0.0169]","[0.11, 0.26, 0.22, 0.412, 0.074, 0.024, 0.015, 0.011, 0.075, 0.134]",2000,0.08500588685274124,-0.05613752352642358,
29,R7,1927,0.17208706189547926,0.30607701906538354,-0.4269248028119028,0.04804845098808699,0.2381249627436199,0.009280126830573955,-0.0679868958446693,0.2608037292957306,0.14788982272148132,0.05791597440838814,0.4086935520172119,0.5586562156677246,0.6888482570648193,2,"[0.2608, 0.1479, 0.0579, 0.0482, 0.0438, 0.0321, 0.0314, 0.027, 0.022, 0.0177]","[0.172, 0.306, 0.427, 0.046, 0.135, 0.004, 0.088, 0.109, 0.006, 0.218]",2000,0.10288557410240173,-0.28759902326288417,
30,T0,1927,0.8859406603435697,-0.10310693227363281,-0.26935709544011016,0.0883669583587676,0.15217420359542935,-0.04574493017916738,0.06910047251628344,0.23818586766719818,0.18662218749523163,0.09151395410299301,0.4248080551624298,0.6407237648963928,0.769990861415863,1,"[0.2382, 0.1866, 0.0915, 0.0661, 0.0583, 0.0482, 0.0254, 0.024, 0.017, 0.0147]","[0.886, 0.103, 0.269, 0.085, 0.056, 0.139, 0.005, 0.075, 0.02, 0.094]",2000,0.13048474490642548,-0.4377535918736961,
30,T1,1927,0.712914259520479,0.4730102603438988,-0.08633716237345505,0.022368420926011476,0.010571232229606908,-0.02263471682246099,-0.03950226200622327,0.40191560983657837,0.13958224654197693,0.11171997338533401,0.5414978265762329,0.7596386671066284,0.855105996131897,2,"[0.4019, 0.1396, 0.1117, 0.0711, 0.0354, 0.029, 0.0281, 0.0141, 0.0134, 0.011]","[0.713, 0.473, 0.086, 0.237, 0.125, 0.197, 0.065, 0.147, 0.022, 0.064]",2000,0.2283383458852768,-0.7567683161855779,
30,T2,1927,0.7140271814139206,0.07146299442430103,0.040682496803098704,-0.0007284303932504841,-0.006710805379580618,0.06159126801823766,-0.047793984435312874,0.37074047327041626,0.12769532203674316,0.06317026913166046,0.4984357953071594,0.6319471597671509,0.7364406585693359,2,"[0.3707, 0.1277, 0.0632, 0.0379, 0.0325, 0.027, 0.0233, 0.0216, 0.0178, 0.0148]","[0.714, 0.071, 0.041, 0.24, 0.067, 0.028, 0.166, 0.335, 0.046, 0.044]",2000,0.24350832402706146,-0.7233016308284562,
30,T3,1927,-0.09751634125210322,0.9314543226636068,0.4296298283661522,-0.07002519086024095,-0.012580967832095797,0.20433812023204287,-0.2273863017727699,0.26770901679992676,0.23153455555438995,0.08659536391496658,0.4992435574531555,0.7063049077987671,0.8053157925605774,2,"[0.2677, 0.2315, 0.0866, 0.0678, 0.0527, 0.0295, 0.0212, 0.019, 0.0165, 0.0128]","[0.098, 0.931, 0.43, 0.043, 0.119, 0.024, 0.007, 0.026, 0.081, 0.039]",2000,0.12499716132879257,0.32656290336593,
30,T4,1927,-0.2926965515681275,-0.7449768813900502,0.16382466264084136,-0.061165093317882537,-0.23418703638660834,-0.04484434155686932,0.14134268934408561,0.9968767166137695,0.0005425872514024377,0.00042442086851224303,0.9974192976951599,0.998313844203949,0.9988552927970886,1,"[0.9969, 0.0005, 0.0004, 0.0003, 0.0002, 0.0002, 0.0001, 0.0001, 0.0001, 0.0001]","[0.293, 0.745, 0.164, 0.044, 0.001, 0.027, 0.175, 0.28, 0.267, 0.021]",2000,0.03431854024529457,-0.07359949346240714,
30,T5,1927,0.19790350411076704,-0.5775636451617998,-0.5639441143863941,-0.22115187562373317,-0.5347404208721737,0.10365200789819524,-0.17610850588149826,0.3239403963088989,0.17134200036525726,0.11158257722854614,0.4952824115753174,0.7035327553749084,0.8084214925765991,2,"[0.3239, 0.1713, 0.1116, 0.0522, 0.0444, 0.0317, 0.0268, 0.0177, 0.0172, 0.0115]","[0.198, 0.578, 0.564, 0.048, 0.157, 0.009, 0.048, 0.122, 0.003, 0.063]",2000,0.11294423043727875,0.08191161054019701,
30,T6,1927,0.30781551233652293,0.7271787328692675,0.23158228188043586,0.1270668172007319,0.13661129432811447,-0.06224864517556533,0.15260703983641158,0.4757249653339386,0.154362753033638,0.06970954686403275,0.6300877332687378,0.7816696166992188,0.8648254871368408,2,"[0.4757, 0.1544, 0.0697, 0.0494, 0.0325, 0.0297, 0.0193, 0.0133, 0.0113, 0.0096]","[0.308, 0.727, 0.232, 0.181, 0.191, 0.13, 0.009, 0.056, 0.032, 0.035]",2000,0.1847182959318161,-0.5208732772426404,
30,T7,1927,0.7164775330687678,0.4025237074466816,0.20519089875047777,0.18891855629280263,0.4023661488006066,-0.044277605072281304,0.09435252008071304,0.26620328426361084,0.17972929775714874,0.10111293941736221,0.4459325671195984,0.6665886640548706,0.7824497818946838,2,"[0.2662, 0.1797, 0.1011, 0.0645, 0.0551, 0.0345, 0.0297, 0.0205, 0.016, 0.0152]","[0.716, 0.403, 0.205, 0.218, 0.043, 0.054, 0.059, 0.01, 0.031, 0.064]",2000,0.1408301442861557,-0.4746077808306202,
30,T8,1927,-0.5836583933072256,0.568619922238097,-0.3060881628971951,-0.001923830425746981,-0.010636235058321192,0.018757670500265812,0.05972001850307186,0.42159131169319153,0.10170920193195343,0.09030533581972122,0.5233005285263062,0.7383078932762146,0.8395488262176514,3,"[0.4216, 0.1017, 0.0903, 0.0771, 0.0476, 0.0272, 0.0253, 0.0191, 0.0172, 0.0124]","[0.584, 0.569, 0.306, 0.122, 0.225, 0.019, 0.096, 0.04, 0.088, 0.04]",2000,0.24225470423698425,0.8028352247215353,
30,R0,1927,-0.5821974578926575,-0.4658902822468545,0.23813989957223855,0.0041355335029836775,-0.018686464552608913,0.0315396944880377,0.02723604083250665,0.3939208984375,0.13375744223594666,0.09204080700874329,0.527678370475769,0.7538399696350098,0.8548292517662048,3,"[0.3939, 0.1338, 0.092, 0.0742, 0.0599, 0.0329, 0.0246, 0.0175, 0.0141, 0.012]","[0.582, 0.466, 0.238, 0.166, 0.499, 0.103, 0.087, 0.04, 0.054, 0.027]",2000,0.2326798141002655,0.8012818692988285,
30,R1,1927,0.5424697211102649,-0.3652714706695624,0.4440126302395681,-0.0042806136510605735,-0.017288440288687458,-0.04082995713123271,-0.09171324084652704,0.3614566922187805,0.2573229968547821,0.07462632656097412,0.6187796592712402,0.7963814735412598,0.8814220428466797,5,"[0.3615, 0.2573, 0.0746, 0.0565, 0.0465, 0.0358, 0.0197, 0.0121, 0.0099, 0.0075]","[0.542, 0.365, 0.444, 0.328, 0.458, 0.197, 0.067, 0.001, 0.161, 0.05]",2000,0.20501479506492615,-0.7769395829246839,
30,R2,1927,0.2636483847411997,-0.5344396736157007,0.12033837324632941,-0.009014393192475696,-0.013822813145600465,-0.12547489174642962,-0.046047860323943875,0.3541244566440582,0.25499844551086426,0.09054236114025116,0.6091228723526001,0.782803475856781,0.8686856031417847,3,"[0.3541, 0.255, 0.0905, 0.0446, 0.0386, 0.0344, 0.0217, 0.0109, 0.0104, 0.0086]","[0.264, 0.534, 0.12, 0.473, 0.07, 0.401, 0.162, 0.249, 0.119, 0.033]",2000,0.17357362806797028,-0.32649779734821305,
30,R3,1927,-0.06501027951041817,-0.036906220546021246,-0.47599145927842035,-0.0361021159718951,0.03221400719241109,0.3162084524694295,0.016447319511044327,0.4963528513908386,0.3292003870010376,0.05827772989869118,0.8255532383918762,0.9116496443748474,0.9402086138725281,2,"[0.4964, 0.3292, 0.0583, 0.0171, 0.0108, 0.0088, 0.0064, 0.0056, 0.004, 0.0038]","[0.065, 0.037, 0.476, 0.272, 0.233, 0.076, 0.559, 0.114, 0.161, 0.054]",2000,0.15480121970176697,0.1582282886765443,
30,R4,1927,-0.022240364510715403,-0.0926153506984405,0.05043559046058539,-0.05841918772387737,0.040319232634876606,-0.03980509667641843,0.19339651533124705,0.3943437337875366,0.267331600189209,0.14797388017177582,0.6616753339767456,0.8760150074958801,0.9409905672073364,1,"[0.3943, 0.2673, 0.148, 0.0378, 0.0286, 0.0207, 0.0152, 0.012, 0.0111, 0.0059]","[0.022, 0.093, 0.05, 0.412, 0.237, 0.013, 0.188, 0.138, 0.151, 0.05]",2000,0.07581811398267746,0.3947283762115057,
30,R5,1927,0.2531003151044926,0.2906628073900253,-0.3111986942224544,0.21139663217292468,0.06067161556030685,-0.07204835671494866,0.11217200736420939,0.3788328170776367,0.11884980648756027,0.09817774593830109,0.4976826310157776,0.706601619720459,0.8066509962081909,4,"[0.3788, 0.1188, 0.0982, 0.0718, 0.0389, 0.0288, 0.0214, 0.019, 0.0169, 0.0139]","[0.253, 0.291, 0.311, 0.383, 0.094, 0.04, 0.444, 0.355, 0.014, 0.054]",2000,0.121306411921978,-0.16464772705476272,
30,R6,1927,0.034705154904257594,0.2938491820623587,0.21696613191347253,0.11624711291795997,-0.3311002966932048,-0.011783448315693074,-0.005274793311985489,0.197330042719841,0.1551186740398407,0.09364546835422516,0.3524487018585205,0.5553482174873352,0.7028017640113831,1,"[0.1973, 0.1551, 0.0936, 0.0604, 0.0488, 0.0421, 0.0385, 0.0285, 0.0224, 0.016]","[0.035, 0.294, 0.217, 0.391, 0.108, 0.028, 0.008, 0.02, 0.038, 0.065]",2000,0.08125408738851547,0.038262033662055904,
30,R7,1927,0.15519296992219347,0.3122167456787349,-0.4153384948232689,0.03946840988400162,0.22886232229979564,0.0008796067533069778,-0.06816001115494313,0.280193030834198,0.13873392343521118,0.06051301583647728,0.4189269542694092,0.5719107985496521,0.6923271417617798,2,"[0.2802, 0.1387, 0.0605, 0.0492, 0.0433, 0.0306, 0.0285, 0.0238, 0.0206, 0.0169]","[0.155, 0.312, 0.415, 0.102, 0.017, 0.057, 0.161, 0.103, 0.077, 0.197]",2000,0.09686065465211868,-0.2684783508096712,
31,T0,1927,0.8382507604300555,-0.16649383327623546,-0.30705489574891065,0.07699650255332667,0.1394728675915887,-0.03854820195958159,0.06320864793118831,0.23308409750461578,0.185625821352005,0.09378186613321304,0.418709933757782,0.6358073949813843,0.768790602684021,2,"[0.2331, 0.1856, 0.0938, 0.0684, 0.0549, 0.0476, 0.0255, 0.0251, 0.0176, 0.0173]","[0.838, 0.166, 0.307, 0.102, 0.06, 0.13, 0.093, 0.039, 0.02, 0.059]",2000,0.12422408908605576,-0.3932993420265834,
31,T1,1927,0.7453850829944294,0.3987835040937551,-0.11161484404229728,0.02232992550626207,0.0031081022653920436,-0.020758109158134284,-0.0358232448589096,0.4120796024799347,0.14048536121845245,0.10182742774486542,0.5525649785995483,0.7529760003089905,0.8492494225502014,2,"[0.4121, 0.1405, 0.1018, 0.0648, 0.0338, 0.0292, 0.0282, 0.0151, 0.0128, 0.011]","[0.745, 0.399, 0.112, 0.184, 0.249, 0.151, 0.146, 0.186, 0.064, 0.001]",2000,0.2276250422000885,-0.7365846774431053,
31,T2,1927,0.7214538039525747,0.10018798017337031,-0.032190609557319956,-2.0236198309795388e-05,-0.013137075749964333,0.0646743857147693,-0.06020851410343467,0.37982240319252014,0.1264796257019043,0.06434661149978638,0.506301999092102,0.6399680972099304,0.7410383224487305,2,"[0.3798, 0.1265, 0.0643, 0.0368, 0.0325, 0.0255, 0.0232, 0.0208, 0.0175, 0.0141]","[0.721, 0.1, 0.032, 0.209, 0.074, 0.011, 0.171, 0.319, 0.083, 0.03]",2000,0.24613432586193085,-0.715529587963489,
31,T3,1927,-0.014768815935330207,0.9302737627402697,0.44210220134727307,-0.061349228721249094,-0.01466890813599554,0.20180117845416068,-0.2049244988380825,0.2696860730648041,0.2337920218706131,0.0850256010890007,0.5034781098365784,0.7076953649520874,0.8062729835510254,2,"[0.2697, 0.2338, 0.085, 0.0674, 0.0518, 0.0281, 0.0212, 0.0192, 0.0166, 0.0134]","[0.015, 0.93, 0.442, 0.075, 0.118, 0.046, 0.003, 0.044, 0.069, 0.041]",2000,0.12226289510726929,0.28915681493679823,
31,T4,1927,-0.2930311014747495,0.7481617105570066,0.15604849064360024,-0.0612450125915845,-0.2347091956655618,-0.044594162083233954,0.14100830899789496,0.9965341091156006,0.0005774928140453994,0.0004276618710719049,0.9971116185188293,0.9980568289756775,0.9986819624900818,2,"[0.9965, 0.0006, 0.0004, 0.0003, 0.0002, 0.0002, 0.0001, 0.0001, 0.0001, 0.0001]","[0.293, 0.748, 0.156, 0.04, 0.011, 0.021, 0.026, 0.346, 0.049, 0.085]",2000,0.03431839868426323,-0.07390112125677431,
31,T5,1927,0.21200494740217474,-0.5752996833464801,-0.5615854481108642,-0.22295485542182403,-0.531092230520061,0.10805690214551796,-0.1779182697493751,0.31813687086105347,0.17387081682682037,0.109809510409832,0.49200767278671265,0.7019404768943787,0.8068956732749939,2,"[0.3181, 0.1739, 0.1098, 0.0543, 0.0458, 0.0319, 0.0277, 0.0172, 0.0169, 0.0112]","[0.212, 0.575, 0.562, 0.088, 0.141, 0.008, 0.046, 0.042, 0.135, 0.052]",2000,0.11373049020767212,0.07613571871843246,
31,T6,1927,0.3055066635258041,-0.7294308091305223,-0.2349527709043158,0.12357895244626609,0.13507570099272503,-0.0666447318869864,0.1509575524248469,0.4841342270374298,0.15619371831417084,0.06753154844045639,0.6403279304504395,0.7861075401306152,0.8670749664306641,2,"[0.4841, 0.1562, 0.0675, 0.0468, 0.0315, 0.0288, 0.0185, 0.0131, 0.0112, 0.0094]","[0.306, 0.729, 0.235, 0.181, 0.189, 0.123, 0.005, 0.06, 0.003, 0.04]",2000,0.1868501901626587,-0.5246957972828438,
31,T7,1927,-0.6688028160354743,0.4505262772397909,0.19160175195943155,-0.19018466483506696,-0.42743405674951734,0.05867636989260074,-0.10953221192790405,0.27460888028144836,0.1752387434244156,0.1015622466802597,0.44984763860702515,0.6707935929298401,0.7816575169563293,2,"[0.2746, 0.1752, 0.1016, 0.0645, 0.0549, 0.0329, 0.0291, 0.0194, 0.0157, 0.0137]","[0.669, 0.451, 0.192, 0.226, 0.004, 0.065, 0.034, 0.005, 0.049, 0.071]",2000,0.1432165950536728,0.49130164144545907,
31,T8,1927,-0.5808246323402629,-0.5561332510101242,0.3968733034631778,-0.0028758072646355905,-0.013889129214122203,0.02032219475661801,0.0623103984696015,0.4123052656650543,0.10146629810333252,0.08764083683490753,0.5137715339660645,0.7278066873550415,0.8278670907020569,3,"[0.4123, 0.1015, 0.0876, 0.0787, 0.0477, 0.0272, 0.0254, 0.0187, 0.0163, 0.0125]","[0.581, 0.556, 0.397, 0.043, 0.216, 0.019, 0.088, 0.03, 0.087, 0.031]",2000,0.24054951965808868,0.8001505089909571,
31,R0,1927,-0.5803827193334725,-0.4651319489868815,-0.1868502023381778,0.00808876748684818,-0.02042941930084613,0.030595386451412385,0.026633044188972742,0.37759560346603394,0.14090080559253693,0.09324966371059418,0.5184963941574097,0.7540732622146606,0.854092538356781,3,"[0.3776, 0.1409, 0.0932, 0.0812, 0.0611, 0.0326, 0.0242, 0.0169, 0.0145, 0.0118]","[0.58, 0.465, 0.187, 0.188, 0.521, 0.099, 0.077, 0.039, 0.046, 0.013]",2000,0.22464358806610107,0.7980335809148881,
31,R1,1927,0.5449828171631355,-0.3990716853513651,0.346461315432027,-0.002277793157256884,-0.01338362084966044,-0.05502632109783061,-0.08764157725369144,0.3637310862541199,0.24698446691036224,0.0848541110754013,0.6107155680656433,0.800804853439331,0.8844867944717407,5,"[0.3637, 0.247, 0.0849, 0.0568, 0.0484, 0.0342, 0.0195, 0.0121, 0.0105, 0.0074]","[0.545, 0.399, 0.346, 0.463, 0.435, 0.125, 0.015, 0.04, 0.187, 0.055]",2000,0.19859503209590912,-0.7467680444642539,
31,R2,1927,0.08986169784557456,-0.5348236207341946,0.0913218074898115,-0.014045075291422683,-0.002918566176614551,-0.1253488911771896,-0.02684844113840288,0.40280425548553467,0.23099873960018158,0.09413586556911469,0.6338030099868774,0.803257167339325,0.8814928531646729,2,"[0.4028, 0.231, 0.0941, 0.0412, 0.0341, 0.0323, 0.0187, 0.0103, 0.009, 0.0079]","[0.09, 0.535, 0.091, 0.545, 0.13, 0.251, 0.095, 0.277, 0.135, 0.065]",2000,0.15243449807167053,-0.18491291931942813,
31,R3,1927,-0.061079105016351415,-0.019088771749744674,-0.46916665756681103,-0.03537577595292971,0.029525284244641847,0.3256990379929483,0.024451464715504526,0.5425819158554077,0.29651743173599243,0.05128830298781395,0.8390993475914001,0.9158331155776978,0.9429518580436707,2,"[0.5426, 0.2965, 0.0513, 0.0154, 0.01, 0.0082, 0.0059, 0.0051, 0.0041, 0.0038]","[0.061, 0.019, 0.469, 0.249, 0.194, 0.038, 0.559, 0.221, 0.187, 0.079]",2000,0.1454336941242218,0.17705773756463014,
31,R4,1927,-0.05214189048129606,-0.08148142722288998,0.050901066454528465,-0.06857271756497241,0.07363356576018106,-0.031082517414893065,0.20279373274866916,0.37405744194984436,0.28273534774780273,0.1404654085636139,0.6567927598953247,0.8731981515884399,0.939662516117096,1,"[0.3741, 0.2827, 0.1405, 0.0453, 0.0307, 0.0222, 0.0149, 0.012, 0.0116, 0.0058]","[0.052, 0.081, 0.051, 0.224, 0.404, 0.053, 0.162, 0.166, 0.164, 0.037]",2000,0.0709279477596283,0.40748396569218714,
31,R5,1927,0.24032097207313544,0.26951307444724276,-0.2728257175880674,0.20700088401044864,0.06390320981368251,-0.07605232535511246,0.11912742503015421,0.38454583287239075,0.11886059492826462,0.09636865556240082,0.5034064054489136,0.7042255401611328,0.8043156862258911,3,"[0.3845, 0.1189, 0.0964, 0.0689, 0.0356, 0.0291, 0.022, 0.0178, 0.017, 0.0142]","[0.24, 0.27, 0.273, 0.374, 0.101, 0.047, 0.283, 0.379, 0.337, 0.12]",2000,0.12240215390920639,-0.10658170400354619,
31,R6,1927,-0.026769419780522948,0.32287110723045576,0.20700687344756713,0.10721273599824667,-0.3661099185936849,-0.024327884507917574,-0.006525215701527912,0.2097623497247696,0.15235739946365356,0.08900782465934753,0.36211973428726196,0.5595846176147461,0.711214005947113,2,"[0.2098, 0.1524, 0.089, 0.0602, 0.0483, 0.0433, 0.0425, 0.0284, 0.0212, 0.0162]","[0.027, 0.323, 0.207, 0.358, 0.012, 0.065, 0.201, 0.03, 0.047, 0.021]",2000,0.07638946175575256,0.08217579211208742,
31,R7,1927,0.14794931509491163,0.3019024966037627,0.3855938304139841,0.04521324877436315,0.20557742570993634,-0.008398563607820746,-0.06295764221277828,0.27953386306762695,0.13980591297149658,0.06237795948982239,0.41933977603912354,0.5759825706481934,0.6986415386199951,2,"[0.2795, 0.1398, 0.0624, 0.0504, 0.0439, 0.0307, 0.0289, 0.024, 0.0213, 0.0178]","[0.148, 0.302, 0.386, 0.119, 0.014, 0.004, 0.219, 0.014, 0.127, 0.166]",2000,0.08930045366287231,-0.25814761699842026,
32,T0,1927,0.8113958129980389,0.2014184618219217,-0.325020972163696,0.07484075134485291,0.13937099491984165,-0.03839274052081068,0.06596947440011344,0.23289382457733154,0.18562640249729156,0.09166785329580307,0.4185202121734619,0.6317139267921448,0.7672879695892334,2,"[0.2329, 0.1856, 0.0917, 0.0681, 0.0534, 0.0487, 0.0266, 0.0251, 0.0182, 0.0169]","[0.811, 0.201, 0.325, 0.079, 0.031, 0.126, 0.079, 0.06, 0.061, 0.026]",2000,0.12101025134325027,-0.361774416197863,
32,T1,1927,0.7699609194180186,0.33434262726867686,-0.12338396276557767,0.01917293478979798,-0.008709425889789553,-0.02223971625378686,-0.038585496733189784,0.418558806180954,0.14053617417812347,0.09572042524814606,0.5590949654579163,0.7534735202789307,0.8517181873321533,2,"[0.4186, 0.1405, 0.0957, 0.0637, 0.0349, 0.0302, 0.0283, 0.0154, 0.0128, 0.0115]","[0.77, 0.334, 0.123, 0.13, 0.287, 0.075, 0.156, 0.159, 0.112, 0.045]",2000,0.22379326820373535,-0.7147142357416113,
32,T2,1927,0.7207976857862041,0.1590166281088108,-0.022244873080587164,0.007091638550246388,-0.013073689477090443,0.049338871264420416,-0.052460728398982644,0.37758904695510864,0.14028134942054749,0.062154654413461685,0.5178704261779785,0.6469902992248535,0.7458319664001465,2,"[0.3776, 0.1403, 0.0622, 0.0351, 0.0319, 0.0249, 0.0233, 0.0195, 0.0177, 0.0133]","[0.721, 0.159, 0.022, 0.201, 0.091, 0.03, 0.099, 0.311, 0.133, 0.031]",2000,0.24283966422080994,-0.7049010178211894,
32,T3,1927,0.002750566284494013,0.9219023036912406,0.44724914809758826,-0.06587977846374533,-0.02288767543816538,0.19916342115795463,-0.20388283029461207,0.27576079964637756,0.22587399184703827,0.0849633514881134,0.5016347765922546,0.7029568552970886,0.8044767379760742,2,"[0.2758, 0.2259, 0.085, 0.0657, 0.0507, 0.0281, 0.0221, 0.0197, 0.018, 0.0136]","[0.003, 0.922, 0.447, 0.084, 0.128, 0.029, 0.005, 0.049, 0.063, 0.023]",2000,0.11963555961847305,0.27530908341848426,
32,T4,1927,-0.29362528707534324,-0.7463628171985643,0.16194505104025403,-0.061610818833777926,-0.23482316470143533,-0.044770251438987545,0.14098440513969626,0.9964814782142639,0.0005801480729132891,0.00042498085531406105,0.9970616102218628,0.9980065822601318,0.9986391067504883,2,"[0.9965, 0.0006, 0.0004, 0.0003, 0.0002, 0.0002, 0.0001, 0.0001, 0.0001, 0.0001]","[0.294, 0.746, 0.162, 0.04, 0.009, 0.009, 0.022, 0.34, 0.053, 0.098]",2000,0.034323181957006454,-0.0732688107166458,
32,T5,1927,0.21733798595876166,-0.5518183215770852,-0.5831138439296922,-0.21922017127977156,-0.5281656205570574,0.11349741670230597,-0.18803158383662807,0.3085949420928955,0.1781533658504486,0.1110987737774849,0.4867483079433441,0.698174238204956,0.8062642216682434,2,"[0.3086, 0.1782, 0.1111, 0.0529, 0.0475, 0.0333, 0.0288, 0.0175, 0.0168, 0.0117]","[0.217, 0.552, 0.583, 0.094, 0.102, 0.024, 0.063, 0.099, 0.084, 0.046]",2000,0.1136646717786789,0.0695494622283095,
32,T6,1927,0.29722476531141057,-0.7407260557357569,-0.22665237342043046,0.12302553414440767,0.1348011635510945,-0.0743364075074425,0.15084356422143064,0.48802658915519714,0.15389865636825562,0.06477518379688263,0.6419252157211304,0.7848605513572693,0.8658750057220459,1,"[0.488, 0.1539, 0.0648, 0.0469, 0.0313, 0.0281, 0.0189, 0.0129, 0.0112, 0.01]","[0.297, 0.741, 0.227, 0.178, 0.227, 0.029, 0.003, 0.048, 0.008, 0.033]",2000,0.18770605325698853,-0.5270595909260911,
32,T7,1927,-0.6387948181670906,0.4843367303340437,0.18351522563452494,-0.19090837102384842,-0.4227936654295416,0.06217575256719455,-0.11366576073593038,0.2664385735988617,0.17810380458831787,0.10314477980136871,0.44454237818717957,0.6635558605194092,0.774277925491333,2,"[0.2664, 0.1781, 0.1031, 0.0629, 0.053, 0.0326, 0.0296, 0.0193, 0.0156, 0.0135]","[0.639, 0.484, 0.184, 0.211, 0.022, 0.083, 0.013, 0.004, 0.062, 0.074]",2000,0.1421283781528473,0.505939333178741,
32,T8,1927,-0.588898474195093,-0.5671910181525631,0.3222546075776357,-0.00662177875909967,-0.013994417156620106,0.019238617932981494,0.055789129848176675,0.41151291131973267,0.09880261868238449,0.08866728097200394,0.5103155374526978,0.7245078086853027,0.8242101073265076,3,"[0.4115, 0.0988, 0.0887, 0.0781, 0.0474, 0.0274, 0.0249, 0.0188, 0.0158, 0.0128]","[0.589, 0.567, 0.322, 0.054, 0.19, 0.036, 0.09, 0.002, 0.103, 0.03]",2000,0.2409994900226593,0.7959619041011331,
32,R0,1927,0.57518325896096,-0.4932204193837726,-0.17377540060142446,-0.010085931772801184,0.022760065807946785,-0.033503472879620355,-0.027487038896591976,0.3720090985298157,0.13744911551475525,0.09178431332111359,0.5094581842422485,0.7464489936828613,0.8504669666290283,3,"[0.372, 0.1374, 0.0918, 0.0853, 0.06, 0.0368, 0.0238, 0.0167, 0.0151, 0.0117]","[0.575, 0.493, 0.174, 0.202, 0.507, 0.095, 0.067, 0.045, 0.043, 0.012]",2000,0.22236782312393188,-0.792807985242873,
32,R1,1927,0.4930299364459739,-0.5100829709585563,0.3140501446333301,-0.006474307413141776,-0.011393780411405546,-0.10230108162165728,-0.06305172834793149,0.3625313341617584,0.2629430294036865,0.08313780277967453,0.6254743337631226,0.8077224493026733,0.8884493708610535,5,"[0.3625, 0.2629, 0.0831, 0.0528, 0.0463, 0.0325, 0.0191, 0.0116, 0.0101, 0.0073]","[0.493, 0.51, 0.314, 0.476, 0.454, 0.091, 0.002, 0.07, 0.154, 0.023]",2000,0.18903374671936035,-0.5729895713896582,
32,R2,1927,0.08922530082024267,-0.5115509925567385,0.21524365220885655,-0.014764013628193826,-9.402797021338667e-06,-0.12746354622765538,-0.023303582190567662,0.4067858159542084,0.22985900938510895,0.1054227352142334,0.6366448402404785,0.8137339353561401,0.8893958330154419,2,"[0.4068, 0.2299, 0.1054, 0.04, 0.0317, 0.03, 0.0196, 0.0102, 0.0082, 0.0078]","[0.089, 0.512, 0.215, 0.53, 0.22, 0.265, 0.02, 0.271, 0.156, 0.018]",2000,0.15127770602703094,-0.18432553340958574,
32,R3,1927,-0.009265008008625227,-0.025047112950590065,-0.49814213979385824,-0.0329143648481931,0.02269877945740412,0.3006192879495477,0.025569366496031146,0.5493013858795166,0.2885168790817261,0.049515653401613235,0.8378182649612427,0.9127779006958008,0.9401978850364685,3,"[0.5493, 0.2885, 0.0495, 0.0156, 0.0099, 0.0081, 0.0059, 0.0051, 0.0044, 0.004]","[0.009, 0.025, 0.498, 0.27, 0.201, 0.089, 0.536, 0.094, 0.308, 0.104]",2000,0.1417965143918991,0.16537583256491437,
32,R4,1927,-0.028274868339862244,-0.11027388696782887,0.055404516195596054,-0.007986048136775446,0.06513978397936045,0.007007072216712023,0.1729959564613428,0.37250006198883057,0.25748345255851746,0.1339855194091797,0.6299835443496704,0.8613751530647278,0.9351522922515869,1,"[0.3725, 0.2575, 0.134, 0.0553, 0.0421, 0.029, 0.0148, 0.013, 0.0105, 0.0065]","[0.028, 0.11, 0.055, 0.196, 0.139, 0.401, 0.034, 0.232, 0.128, 0.083]",2000,0.0651358962059021,0.2855607350653003,
32,R5,1927,0.1984416948889111,0.2494133076413238,-0.2366657399837662,0.21083037036808314,0.07636485498237047,-0.08345396165487601,0.1673830426385393,0.4012691378593445,0.11599960178136826,0.0926036685705185,0.517268717288971,0.7117448449134827,0.8079766631126404,3,"[0.4013, 0.116, 0.0926, 0.0676, 0.0343, 0.0286, 0.0205, 0.0178, 0.0154, 0.0139]","[0.198, 0.249, 0.237, 0.397, 0.134, 0.027, 0.297, 0.321, 0.378, 0.199]",2000,0.11929749697446823,-0.08639809376108125,
32,R6,1927,-0.056840464038813585,-0.31657308782956023,0.14542319973216544,0.09017853586665839,-0.39411213524418887,-0.009207646741132782,-0.0022561555795124707,0.21745441854000092,0.14469334483146667,0.08767273277044296,0.3621477484703064,0.569473922252655,0.7180857062339783,1,"[0.2175, 0.1447, 0.0877, 0.0641, 0.0555, 0.0472, 0.0386, 0.0275, 0.0194, 0.0159]","[0.057, 0.317, 0.145, 0.278, 0.155, 0.199, 0.229, 0.073, 0.043, 0.006]",2000,0.06699874997138977,0.09228449586291843,
32,R7,1927,0.13996316098591716,0.2545185219396085,0.37273100401622133,0.04216046955814817,0.21627167800844768,-0.005391232143105971,-0.0633682661155764,0.27873173356056213,0.14283306896686554,0.06062927097082138,0.42156481742858887,0.5876600742340088,0.7070642113685608,1,"[0.2787, 0.1428, 0.0606, 0.0554, 0.05, 0.032, 0.0266, 0.0247, 0.0195, 0.0167]","[0.14, 0.255, 0.373, 0.059, 0.112, 0.065, 0.227, 0.118, 0.104, 0.137]",2000,0.07694002985954285,-0.24629012127169922,
33,T0,1927,0.8243715936996965,0.16504473229388109,-0.333004512462533,0.08603525792051527,0.15151882999864444,-0.038156378300174494,0.065026737152896,0.23029151558876038,0.18747085332870483,0.09470491111278534,0.4177623689174652,0.6305033564567566,0.7669009566307068,2,"[0.2303, 0.1875, 0.0947, 0.0678, 0.0502, 0.0499, 0.027, 0.0246, 0.0188, 0.0161]","[0.824, 0.165, 0.333, 0.074, 0.014, 0.123, 0.091, 0.072, 0.039, 0.006]",2000,0.11916398257017136,-0.3767553192745412,
33,T1,1927,0.786168175239973,0.3124111432599347,-0.11433493901909786,0.019276695265453773,-0.007999712124275346,-0.01531993886528677,-0.04066108594257427,0.42764270305633545,0.14125365018844604,0.09276420623064041,0.5688963532447815,0.7572175860404968,0.8555062413215637,3,"[0.4276, 0.1413, 0.0928, 0.0611, 0.0344, 0.0303, 0.0289, 0.0157, 0.0126, 0.0107]","[0.786, 0.312, 0.114, 0.1, 0.302, 0.096, 0.074, 0.157, 0.096, 0.063]",2000,0.22185981273651123,-0.703610102469899,
33,T2,1927,0.7243371774360083,0.16479269065651694,0.029681432556732293,0.013898518829449216,-0.026926752042591148,0.0469189727464063,-0.046050712835615,0.40291452407836914,0.13278789818286896,0.06164277717471123,0.5357024073600769,0.6615011692047119,0.7558079957962036,2,"[0.4029, 0.1328, 0.0616, 0.0328, 0.0314, 0.0247, 0.0215, 0.0183, 0.0171, 0.0127]","[0.724, 0.165, 0.03, 0.2, 0.007, 0.063, 0.074, 0.321, 0.112, 0.123]",2000,0.248101145029068,-0.6999990104872307,
33,T3,1927,-0.08361264729667442,0.9216989971894765,0.456669529321802,-0.07242872830478331,-0.020010973652109344,0.21438393525857027,-0.2345054990242974,0.27892032265663147,0.21990106999874115,0.08534678816795349,0.4988213777542114,0.702078104019165,0.8025082945823669,2,"[0.2789, 0.2199, 0.0853, 0.0678, 0.0501, 0.0276, 0.0216, 0.0194, 0.018, 0.0139]","[0.084, 0.922, 0.457, 0.059, 0.14, 0.04, 0.012, 0.064, 0.092, 0.016]",2000,0.12176087498664856,0.303190247255646,
33,T4,1927,-0.2943451617976987,0.7708452606988591,0.15976430775663544,-0.061438717430607526,-0.2347248497475172,-0.04511020400227062,0.14175392245423188,0.996059238910675,0.0006246865377761424,0.00044092669850215316,0.9966839551925659,0.9977300763130188,0.9984506964683533,2,"[0.9961, 0.0006, 0.0004, 0.0003, 0.0003, 0.0002, 0.0002, 0.0002, 0.0001, 0.0001]","[0.294, 0.771, 0.16, 0.0, 0.07, 0.143, 0.053, 0.342, 0.015, 0.065]",2000,0.03438219800591469,-0.07251576735802769,
33,T5,1927,0.24855525422188912,-0.5372471097965679,-0.5743909851976605,-0.21553135862431155,-0.5326635312694408,0.10342495217307889,-0.18443759927520953,0.30161479115486145,0.18645447492599487,0.11197526752948761,0.4880692660808563,0.6998598575592041,0.8073897957801819,2,"[0.3016, 0.1865, 0.112, 0.053, 0.0468, 0.0317, 0.0287, 0.0181, 0.0167, 0.0124]","[0.249, 0.537, 0.574, 0.176, 0.096, 0.013, 0.082, 0.062, 0.099, 0.042]",2000,0.11525188386440277,0.04704096080102146,
33,T6,1927,-0.300880633512478,0.7440567827433152,0.21964046801547576,-0.1217441330505555,-0.13282281607450666,0.07405753272914985,-0.14805119257946026,0.49201902747154236,0.15015162527561188,0.06492073833942413,0.6421706676483154,0.7847920060157776,0.8663443326950073,2,"[0.492, 0.1502, 0.0649, 0.0464, 0.0313, 0.0279, 0.019, 0.0133, 0.0116, 0.0097]","[0.301, 0.744, 0.22, 0.183, 0.205, 0.061, 0.008, 0.048, 0.001, 0.035]",2000,0.18945074081420898,0.5360628108760924,
33,T7,1927,0.6025395295469456,0.5086361995192414,0.18442718406559708,0.19430964162389747,0.43703038465040256,-0.05640417968268677,0.12133412091490384,0.2696540057659149,0.17600633203983307,0.10545427352190018,0.4456603527069092,0.6648738980293274,0.7735183238983154,2,"[0.2697, 0.176, 0.1055, 0.0633, 0.0505, 0.0316, 0.0293, 0.0192, 0.0155, 0.0131]","[0.603, 0.509, 0.184, 0.217, 0.046, 0.069, 0.049, 0.008, 0.065, 0.044]",2000,0.14243215322494507,-0.5028749785948535,
33,T8,1927,-0.590306911932216,-0.5809465920724339,0.2771464593029292,-0.0060159303459764975,-0.015031946926378801,0.023816402971775282,0.0467974007147996,0.4113917052745819,0.09966481477022171,0.09040626883506775,0.5110565423965454,0.7245339751243591,0.8234439492225647,2,"[0.4114, 0.0997, 0.0904, 0.0763, 0.0467, 0.0273, 0.0246, 0.019, 0.0151, 0.0129]","[0.59, 0.581, 0.277, 0.04, 0.181, 0.039, 0.093, 0.003, 0.103, 0.043]",2000,0.2410917431116104,0.7927200162189343,
33,R0,1927,0.5710457333599278,-0.4884846584241147,-0.1850155370345687,-0.011744552035163478,0.025956068720786103,-0.03659330813025674,-0.024257110334649525,0.36691907048225403,0.13729937374591827,0.09280060976743698,0.5042184591293335,0.742382287979126,0.8473609089851379,3,"[0.3669, 0.1373, 0.0928, 0.0857, 0.0597, 0.0367, 0.0238, 0.0171, 0.0151, 0.0123]","[0.571, 0.488, 0.185, 0.175, 0.518, 0.097, 0.071, 0.053, 0.029, 0.016]",2000,0.21934129297733307,-0.7905537651294433,
33,R1,1927,0.4059404748554007,-0.5271250344294444,0.38958837858168305,-0.0026907964629515843,-0.008504385946020758,-0.1303505625240625,-0.050335713514056205,0.3849462866783142,0.2494572550058365,0.0881873145699501,0.6344035267829895,0.8176196217536926,0.89299076795578,5,"[0.3849, 0.2495, 0.0882, 0.0512, 0.0439, 0.0294, 0.0182, 0.0114, 0.0094, 0.0069]","[0.406, 0.527, 0.39, 0.431, 0.464, 0.102, 0.012, 0.089, 0.146, 0.023]",2000,0.1801842898130417,-0.46517002033439175,
33,R2,1927,0.12056045007837518,-0.48832245308299943,0.2759457330152008,-0.019853411940185438,-0.007596017123956426,-0.1357585205124824,-0.03082230712552145,0.43119126558303833,0.21656204760074615,0.11031963676214218,0.6477532982826233,0.826291561126709,0.8959763646125793,3,"[0.4312, 0.2166, 0.1103, 0.0385, 0.0297, 0.0276, 0.0179, 0.0093, 0.0076, 0.0073]","[0.121, 0.488, 0.276, 0.514, 0.308, 0.189, 0.006, 0.289, 0.134, 0.074]",2000,0.1466151475906372,-0.22255506506279704,
33,R3,1927,0.04344869700833147,-0.0613282698333955,-0.5068360311068952,0.034909789710631314,-0.021508871119352867,-0.2967508686473502,-0.03603744228110736,0.5512384176254272,0.293280690908432,0.04698788747191429,0.8445191383361816,0.9154861569404602,0.9419130086898804,2,"[0.5512, 0.2933, 0.047, 0.0146, 0.0094, 0.0075, 0.0054, 0.0048, 0.0044, 0.0043]","[0.043, 0.061, 0.507, 0.264, 0.209, 0.116, 0.518, 0.054, 0.236, 0.188]",2000,0.13469795882701874,-0.22220433388398744,
33,R4,1927,-0.06572195123738582,-0.15197520477130733,0.0543732829982685,-0.04336939348177139,0.07655326761567398,-0.020402952611800196,0.20209594690422136,0.38037335872650146,0.25057536363601685,0.12835049629211426,0.6309487223625183,0.862454891204834,0.936396598815918,1,"[0.3804, 0.2506, 0.1284, 0.0584, 0.0447, 0.0285, 0.0158, 0.0129, 0.0103, 0.0064]","[0.066, 0.152, 0.054, 0.167, 0.169, 0.395, 0.1, 0.232, 0.132, 0.085]",2000,0.06315155327320099,0.35587807659332155,
33,R5,1927,0.21614785393751929,0.27460169865032774,-0.211863466257968,0.21535724515876958,0.0760059990725868,-0.10101729656645075,0.16962788172422466,0.39775633811950684,0.11044231057167053,0.09189500659704208,0.508198618888855,0.7071604132652283,0.8039724826812744,2,"[0.3978, 0.1104, 0.0919, 0.0705, 0.0366, 0.0285, 0.0208, 0.0181, 0.0156, 0.0138]","[0.216, 0.275, 0.212, 0.371, 0.167, 0.026, 0.26, 0.357, 0.266, 0.292]",2000,0.12403402477502823,-0.09241690764895098,
33,R6,1927,-0.08594307019649218,-0.36443347983052626,0.1359032527608284,0.08237386252355886,-0.4048754232885005,-0.0026130729166048993,-0.0009165237365652124,0.23137089610099792,0.13411995768547058,0.09107418358325958,0.3654908537864685,0.5783818364143372,0.7267130613327026,1,"[0.2314, 0.1341, 0.0911, 0.0703, 0.0515, 0.0501, 0.0371, 0.0267, 0.0187, 0.0157]","[0.086, 0.364, 0.136, 0.274, 0.15, 0.054, 0.296, 0.088, 0.032, 0.006]",2000,0.06567110866308212,0.1159655993071387,
33,R7,1927,0.1284377271783328,0.28458031656315325,0.35238827667683403,0.05073664744818383,0.1976902193464732,-0.009424204205781102,-0.06260116077674345,0.2754759192466736,0.13857324421405792,0.06479357928037643,0.4140491485595703,0.5875887274742126,0.7088119983673096,1,"[0.2755, 0.1386, 0.0648, 0.0588, 0.0499, 0.0357, 0.0282, 0.023, 0.0185, 0.0158]","[0.128, 0.285, 0.352, 0.017, 0.072, 0.092, 0.282, 0.111, 0.165, 0.106]",2000,0.07629546523094177,-0.2294313557700444,
34,T0,1927,0.8439496079279253,0.1320264155791083,-0.31869694072218585,0.0949316144679968,0.16030326221547508,-0.030077350828210055,0.057665292431375054,0.22486792504787445,0.19896280765533447,0.09409423917531967,0.4238307476043701,0.6337364315986633,0.7682757377624512,2,"[0.2249, 0.199, 0.0941, 0.0668, 0.049, 0.0479, 0.0265, 0.0252, 0.0192, 0.0157]","[0.844, 0.132, 0.319, 0.056, 0.154, 0.019, 0.117, 0.045, 0.052, 0.012]",2000,0.11900582164525986,-0.39716081182738583,
34,T1,1927,0.8088986575015099,0.25811914073465786,-0.08323896775948288,0.0165500624594349,-0.012798338674030798,-0.011145483511812224,-0.044476028587891306,0.44075605273246765,0.13836583495140076,0.08971185982227325,0.5791218876838684,0.7642609477043152,0.8604756593704224,1,"[0.4408, 0.1384, 0.0897, 0.0616, 0.0338, 0.0303, 0.0279, 0.0149, 0.0129, 0.0102]","[0.809, 0.258, 0.083, 0.065, 0.284, 0.203, 0.056, 0.145, 0.115, 0.084]",2000,0.22058914601802826,-0.6787365159511743,
34,T2,1927,0.7258760986342185,0.17273606198873115,-0.013065963381633898,0.017358285693168166,-0.02874810212382417,0.05354616723276408,-0.049972243653325504,0.4061972498893738,0.12182311713695526,0.06295556575059891,0.5280203819274902,0.6539620757102966,0.7502638101577759,1,"[0.4062, 0.1218, 0.063, 0.0322, 0.0308, 0.0254, 0.0219, 0.0183, 0.0179, 0.0128]","[0.726, 0.173, 0.013, 0.046, 0.185, 0.107, 0.043, 0.191, 0.266, 0.133]",2000,0.24765631556510925,-0.6965331335440789,
34,T3,1927,0.14596959702257406,0.892513986034168,0.4680346315653858,0.0828372727486044,0.01930807517757005,-0.21894392292985115,0.25051409389182167,0.2778799831867218,0.2168164998292923,0.08705663681030273,0.4946964979171753,0.6986497044563293,0.7990160584449768,2,"[0.2779, 0.2168, 0.0871, 0.0677, 0.0492, 0.0284, 0.0212, 0.0189, 0.0181, 0.0138]","[0.146, 0.893, 0.468, 0.03, 0.153, 0.052, 0.012, 0.046, 0.112, 0.0]",2000,0.12379611283540726,-0.33236900894591653,
34,T4,1927,-0.29459812813571584,0.7656475315907705,0.1770490196045797,-0.06134800369249203,-0.2343421236346363,-0.044959633166824005,0.14136001990480154,0.995940089225769,0.0006298725493252277,0.00044572498882189393,0.9965699911117554,0.9976392388343811,0.9983789324760437,2,"[0.9959, 0.0006, 0.0004, 0.0003, 0.0003, 0.0002, 0.0002, 0.0002, 0.0001, 0.0001]","[0.295, 0.766, 0.177, 0.014, 0.077, 0.149, 0.011, 0.336, 0.003, 0.063]",2000,0.034382447600364685,-0.07239756783008225,
34,T5,1927,0.220884332411032,-0.4961443370155894,0.6251613592309267,-0.21999099566139213,-0.5331694717321618,0.1098921774671341,-0.18954846756944302,0.2993500828742981,0.19732363522052765,0.10828615725040436,0.49667370319366455,0.702074408531189,0.8085935711860657,2,"[0.2994, 0.1973, 0.1083, 0.0529, 0.0442, 0.0316, 0.028, 0.0179, 0.0161, 0.0129]","[0.221, 0.496, 0.625, 0.187, 0.085, 0.013, 0.076, 0.006, 0.123, 0.041]",2000,0.11640740931034088,0.06931100486125719,
34,T6,1927,-0.3052725769384645,0.743208490869096,0.21246434089270297,-0.121473511447885,-0.12589380531027466,0.08161633018261005,-0.14550041949084488,0.4874310791492462,0.15003903210163116,0.06546727567911148,0.6374701261520386,0.7793957591056824,0.8613083362579346,2,"[0.4874, 0.15, 0.0655, 0.0448, 0.0316, 0.027, 0.0194, 0.0139, 0.0116, 0.01]","[0.305, 0.743, 0.212, 0.187, 0.212, 0.038, 0.012, 0.028, 0.003, 0.032]",2000,0.18959741294384003,0.5423651518411168,
34,T7,1927,-0.6198716372938736,0.4934937309010395,0.20063102099697303,-0.18948231256398598,-0.4259659724127457,0.06243321487432568,-0.11704624901422003,0.2631232440471649,0.1785740852355957,0.10257776081562042,0.4416973292827606,0.6571009159088135,0.7684206962585449,2,"[0.2631, 0.1786, 0.1026, 0.0646, 0.0482, 0.0332, 0.0299, 0.0193, 0.0158, 0.0131]","[0.62, 0.493, 0.201, 0.205, 0.034, 0.094, 0.032, 0.004, 0.065, 0.042]",2000,0.14215365052223206,0.5132470861673633,
34,T8,1927,-0.5958951918038554,-0.5907598545116309,0.22069186750165398,-0.005682437455497413,-0.012520613872299882,0.020831681310135994,0.04732926912082856,0.4000155031681061,0.10064096748828888,0.08912774920463562,0.5006564855575562,0.7133575677871704,0.8134335875511169,2,"[0.4, 0.1006, 0.0891, 0.0771, 0.0465, 0.0275, 0.0244, 0.0201, 0.0151, 0.0129]","[0.596, 0.591, 0.221, 0.108, 0.161, 0.049, 0.077, 0.001, 0.107, 0.048]",2000,0.23861342668533325,0.7916885424382445,
34,R0,1927,0.5688922401455345,-0.4576033950033769,0.03642050898297747,-0.01702535080655028,0.027972389161844993,-0.03173610656113203,-0.027307608768441526,0.3614811897277832,0.14149339497089386,0.0911877453327179,0.5029745697975159,0.7390170693397522,0.8425058126449585,3,"[0.3615, 0.1415, 0.0912, 0.086, 0.0588, 0.0347, 0.0237, 0.0179, 0.0148, 0.0125]","[0.569, 0.458, 0.036, 0.285, 0.514, 0.109, 0.083, 0.06, 0.063, 0.003]",2000,0.21570464968681335,-0.7893933378136619,
34,R1,1927,0.42781569043213497,0.5153644142123606,0.3855451275875934,-0.004926215134271527,-0.007808290056957709,-0.13057893074744847,-0.0518446156665729,0.3836050033569336,0.24308575689792633,0.09216569364070892,0.6266907453536987,0.8165201544761658,0.8919150233268738,5,"[0.3836, 0.2431, 0.0922, 0.0523, 0.0454, 0.029, 0.0181, 0.0119, 0.0092, 0.0071]","[0.428, 0.515, 0.386, 0.469, 0.429, 0.107, 0.009, 0.093, 0.156, 0.004]",2000,0.17869442701339722,-0.4896631971832212,
34,R2,1927,-0.13971787279046757,-0.4835202211833417,0.26920832491356766,0.021395144942807538,0.007827363379197158,0.14140089281057633,0.02894519880798249,0.42066606879234314,0.21522419154644012,0.11246638000011444,0.6358902454376221,0.8177547454833984,0.8893714547157288,2,"[0.4207, 0.2152, 0.1125, 0.0396, 0.0297, 0.0285, 0.0179, 0.0097, 0.008, 0.0076]","[0.14, 0.484, 0.269, 0.532, 0.251, 0.219, 0.011, 0.267, 0.166, 0.103]",2000,0.14731721580028534,0.2386004134291375,
34,R3,1927,0.05884584309203125,-0.06475083153548525,-0.5043952142947278,0.06539880823375498,-0.02916311640403182,-0.3411215388900461,0.039284193697473206,0.608694851398468,0.2550726532936096,0.04008979722857475,0.8637675046920776,0.924909770488739,0.9483399391174316,2,"[0.6087, 0.2551, 0.0401, 0.0128, 0.0083, 0.0063, 0.0048, 0.0043, 0.0041, 0.0039]","[0.059, 0.065, 0.504, 0.241, 0.226, 0.141, 0.511, 0.19, 0.101, 0.158]",2000,0.12179103493690491,-0.1723481606502432,
34,R4,1927,0.0642245031791814,0.06293481356543112,0.05868459884691126,0.028764386134828374,-0.055898387068427466,0.03999544759775527,-0.21068106300094253,0.3690946400165558,0.29764115810394287,0.11025893688201904,0.6667357683181763,0.8741037249565125,0.9400675296783447,1,"[0.3691, 0.2976, 0.1103, 0.0549, 0.0422, 0.0252, 0.0141, 0.0114, 0.0093, 0.0058]","[0.064, 0.063, 0.059, 0.136, 0.186, 0.391, 0.07, 0.249, 0.119, 0.064]",2000,0.058160196989774704,-0.3594183235567112,
34,R5,1927,0.19716761686608608,0.2975498578314651,-0.2139585605581595,0.2277840570468403,0.06614899900068322,-0.11761312053538232,0.16677509279644467,0.38884636759757996,0.10891428589820862,0.09005183726549149,0.4977606534957886,0.6972228288650513,0.7964984178543091,2,"[0.3888, 0.1089, 0.0901, 0.0713, 0.0381, 0.0292, 0.0216, 0.0181, 0.0157, 0.0147]","[0.197, 0.298, 0.214, 0.328, 0.146, 0.079, 0.239, 0.348, 0.279, 0.208]",2000,0.12561006844043732,-0.09564680752788748,
34,R6,1927,-0.10133550385776119,0.37585695944077535,0.1302911317626932,0.07423468554985743,-0.4097771366213863,-0.00035531402243999075,-0.0021705564159239577,0.23072731494903564,0.12755151093006134,0.08882679045200348,0.3582788109779358,0.5701760649681091,0.7170103788375854,2,"[0.2307, 0.1276, 0.0888, 0.0707, 0.0523, 0.049, 0.0362, 0.0258, 0.0196, 0.0163]","[0.101, 0.376, 0.13, 0.26, 0.154, 0.038, 0.342, 0.066, 0.034, 0.019]",2000,0.06797007471323013,0.130849451607407,
34,R7,1927,0.11732816177570965,0.2617757650526647,0.3513568436492207,0.048446454088758396,0.20745837146088292,-0.004275086008543659,-0.06734699174839825,0.27266618609428406,0.14943236112594604,0.06665728986263275,0.4220985472202301,0.5897830128669739,0.7060354351997375,1,"[0.2727, 0.1494, 0.0667, 0.054, 0.047, 0.0335, 0.0265, 0.0243, 0.0172, 0.0148]","[0.117, 0.262, 0.351, 0.043, 0.096, 0.116, 0.265, 0.169, 0.177, 0.092]",2000,0.0749959945678711,-0.21362034263143573,
35,T0,1927,0.8581687943439016,0.07768099302020684,-0.3326618493841926,0.10941658941059759,0.18367183174485818,-0.0301641103329554,0.06331531309861417,0.22412416338920593,0.1946677416563034,0.09369214624166489,0.41879189014434814,0.6305288076400757,0.7647956609725952,2,"[0.2241, 0.1947, 0.0937, 0.0671, 0.0509, 0.0477, 0.0264, 0.0248, 0.0198, 0.0155]","[0.858, 0.078, 0.333, 0.071, 0.14, 0.076, 0.097, 0.086, 0.026, 0.012]",2000,0.11654452979564667,-0.4107094059183131,
35,T1,1927,0.810448922132206,0.2542014546651604,-0.03140249905277346,0.019451882802845124,-0.010051106235211,-0.00913183996895429,-0.047200647549548995,0.42320114374160767,0.14286671578884125,0.09292858839035034,0.5660678744316101,0.7549858689308167,0.8520488142967224,1,"[0.4232, 0.1429, 0.0929, 0.0633, 0.0327, 0.0307, 0.0274, 0.0154, 0.0131, 0.0104]","[0.81, 0.254, 0.031, 0.042, 0.226, 0.27, 0.036, 0.138, 0.116, 0.092]",2000,0.2157769352197647,-0.6724255004837892,
35,T2,1927,0.7135708711349744,0.1967935403884813,0.026393205027711066,0.015039999599272262,-0.022218405222463173,0.03530138785095813,-0.04523188974998729,0.38819900155067444,0.1254233568906784,0.061965156346559525,0.5136223435401917,0.641715407371521,0.7372501492500305,2,"[0.3882, 0.1254, 0.062, 0.0368, 0.0293, 0.0254, 0.0223, 0.0179, 0.017, 0.013]","[0.714, 0.197, 0.026, 0.023, 0.206, 0.109, 0.02, 0.139, 0.316, 0.096]",2000,0.24171759188175201,-0.692501787947049,
35,T3,1927,0.1836166040482288,0.859429727656635,-0.4729862651700384,0.07617182847569783,-0.0072216709152052826,-0.23466040032338992,0.2615466658528528,0.2853125333786011,0.212325781583786,0.08802635967731476,0.4976383149623871,0.6978577375411987,0.7980596423149109,2,"[0.2853, 0.2123, 0.088, 0.0657, 0.0465, 0.0276, 0.0209, 0.0197, 0.018, 0.014]","[0.184, 0.859, 0.473, 0.008, 0.144, 0.05, 0.001, 0.033, 0.12, 0.015]",2000,0.12566781044006348,-0.34097389178752024,
35,T4,1927,-0.2948553943687717,0.7717065483854241,0.20415885535442968,-0.05912471514813021,-0.23535394025976095,-0.0426342936152786,0.13827634024328123,0.9934806227684021,0.0011321631027385592,0.000705162005033344,0.9946128129959106,0.9962741732597351,0.997665524482727,1,"[0.9935, 0.0011, 0.0007, 0.0005, 0.0004, 0.0003, 0.0003, 0.0003, 0.0002, 0.0002]","[0.295, 0.772, 0.204, 0.072, 0.097, 0.019, 0.196, 0.184, 0.132, 0.121]",2000,0.03491152822971344,-0.07488251661956015,
35,T5,1927,0.2404989499162262,-0.47540159365572393,0.6406810286589926,-0.21498339883261677,-0.5454569219947777,0.09494176398699718,-0.17267784775720985,0.28765755891799927,0.21101883053779602,0.10801415890455246,0.4986763894557953,0.702761709690094,0.8079249262809753,2,"[0.2877, 0.211, 0.108, 0.0526, 0.0435, 0.0312, 0.0278, 0.0174, 0.0156, 0.0132]","[0.24, 0.475, 0.641, 0.174, 0.089, 0.004, 0.075, 0.008, 0.128, 0.022]",2000,0.11994625627994537,0.04173954160837275,
35,T6,1927,-0.3153357935111611,0.7344196930334057,-0.22402785375988854,-0.11900050337845786,-0.1283149569158988,0.08413083418294547,-0.145732534335898,0.5027897953987122,0.14363721013069153,0.06031182408332825,0.6464270353317261,0.7796446681022644,0.8610559701919556,2,"[0.5028, 0.1436, 0.0603, 0.042, 0.0309, 0.026, 0.0206, 0.0133, 0.0116, 0.01]","[0.315, 0.734, 0.224, 0.186, 0.202, 0.055, 0.005, 0.034, 0.01, 0.04]",2000,0.19235637784004211,0.5538946859785914,
35,T7,1927,0.5740564533842271,0.521639741713099,0.2035468101618919,0.1904484551696085,0.40345415976349613,-0.06068399510949809,0.12458892688259829,0.26263296604156494,0.17368479073047638,0.10320166498422623,0.4363177418708801,0.6540472507476807,0.7652568817138672,2,"[0.2626, 0.1737, 0.1032, 0.0665, 0.048, 0.0328, 0.0302, 0.0191, 0.0158, 0.0133]","[0.574, 0.522, 0.204, 0.217, 0.019, 0.108, 0.015, 0.014, 0.078, 0.051]",2000,0.14047127962112427,-0.5124138441906173,
35,T8,1927,-0.6092406784425847,0.637229158458422,0.025828933669941448,-0.009850324056586618,-0.018591335155460242,0.025580867964181922,0.04244894823604594,0.3804835379123688,0.10135941952466965,0.08674903213977814,0.481842964887619,0.686022162437439,0.7887489199638367,2,"[0.3805, 0.1014, 0.0867, 0.0735, 0.044, 0.0277, 0.0233, 0.0217, 0.0166, 0.0134]","[0.609, 0.637, 0.026, 0.137, 0.117, 0.087, 0.011, 0.062, 0.062, 0.102]",2000,0.23427826166152954,0.7869228183913718,
35,R0,1927,0.5662923089714791,-0.43169571943285406,0.16155186303069174,-0.019054930666501248,0.032873626339394134,-0.03444859482807566,-0.02391764953905777,0.3505953252315521,0.14042487740516663,0.09044533222913742,0.49102020263671875,0.722179114818573,0.8249156475067139,3,"[0.3506, 0.1404, 0.0904, 0.0827, 0.058, 0.0329, 0.0231, 0.0179, 0.0154, 0.0134]","[0.566, 0.432, 0.162, 0.283, 0.506, 0.109, 0.084, 0.069, 0.055, 0.029]",2000,0.21174663305282593,-0.7849683433595104,
35,R1,1927,0.3719800582117617,0.4952945513698362,0.4144220013689554,-0.00586161317999486,0.001344685546451786,-0.13821600446890456,-0.04335373619188667,0.39587515592575073,0.22998562455177307,0.09867261350154877,0.6258608102798462,0.8175060153007507,0.8901540637016296,5,"[0.3959, 0.23, 0.0987, 0.049, 0.044, 0.027, 0.0178, 0.012, 0.0088, 0.007]","[0.372, 0.495, 0.414, 0.44, 0.469, 0.098, 0.015, 0.108, 0.148, 0.028]",2000,0.16955295205116272,-0.4427961514959026,
35,R2,1927,0.12041790315335488,-0.4717936237109384,0.2638145936786765,-0.01854611758433865,-0.0038658534958112664,-0.13922738106552723,-0.02572397406370323,0.43761205673217773,0.19615612924098969,0.10734577476978302,0.6337682008743286,0.8064169883728027,0.8854095935821533,3,"[0.4376, 0.1962, 0.1073, 0.037, 0.0283, 0.0275, 0.0163, 0.0135, 0.0127, 0.0089]","[0.12, 0.472, 0.264, 0.548, 0.32, 0.068, 0.028, 0.039, 0.014, 0.263]",2000,0.13317029178142548,-0.21856207822620552,
35,R3,1927,0.10551892605301331,-0.04343872431386707,-0.5081537977511023,0.07513522550450487,-0.024898047760586593,-0.34428521303380394,0.036368185591051004,0.6199129223823547,0.23398034274578094,0.03580709919333458,0.8538932800292969,0.9125939607620239,0.9420414566993713,2,"[0.6199, 0.234, 0.0358, 0.0129, 0.01, 0.008, 0.0072, 0.0057, 0.0043, 0.0042]","[0.106, 0.043, 0.508, 0.165, 0.185, 0.203, 0.067, 0.186, 0.497, 0.128]",2000,0.10168704390525818,-0.1896315794246054,
35,R4,1927,0.08003783130688111,-0.08772442799707741,0.06812037430990005,0.01698785500107983,-0.023395434949832556,0.08866147994762333,-0.22742956656740973,0.3547927141189575,0.29601728916168213,0.09680908173322678,0.6508100032806396,0.8708175420761108,0.9364349842071533,1,"[0.3548, 0.296, 0.0968, 0.0669, 0.0563, 0.024, 0.0168, 0.0106, 0.0079, 0.0064]","[0.08, 0.088, 0.068, 0.115, 0.138, 0.367, 0.154, 0.252, 0.107, 0.144]",2000,0.047090135514736176,-0.43873544414088267,
35,R5,1927,0.17273064378254832,-0.2050967080632844,-0.2162042639536674,0.228358110461459,0.046767718348718776,-0.12498961163358273,0.15830675667182417,0.3795987367630005,0.10303977131843567,0.08430752158164978,0.48263850808143616,0.6684346795082092,0.78465336561203,1,"[0.3796, 0.103, 0.0843, 0.0634, 0.0381, 0.0332, 0.027, 0.0241, 0.0166, 0.0153]","[0.173, 0.205, 0.216, 0.355, 0.152, 0.09, 0.131, 0.147, 0.091, 0.076]",2000,0.10419673472642899,-0.11734905722761808,
35,R6,1927,-0.09955513463182038,0.3430062680297556,0.009626146574626746,0.06856689826321885,-0.43052325175068806,0.0014567840686103553,0.0017002262290327253,0.2368375062942505,0.11660405248403549,0.09291328489780426,0.3534415662288666,0.5771421194076538,0.7195655703544617,2,"[0.2368, 0.1166, 0.0929, 0.0721, 0.0587, 0.0488, 0.0354, 0.0234, 0.0195, 0.0154]","[0.1, 0.343, 0.01, 0.229, 0.134, 0.136, 0.375, 0.029, 0.002, 0.074]",2000,0.06413446366786957,0.1316994815887214,
35,R7,1927,0.10761743253108304,0.17047996009711217,0.3383370000441003,0.04264926598133948,0.18157410949801644,-0.0030597312123144178,-0.06317007186215107,0.2760319709777832,0.14197075366973877,0.07886509597301483,0.418002724647522,0.5952762365341187,0.7091224193572998,1,"[0.276, 0.142, 0.0789, 0.054, 0.0444, 0.0325, 0.0271, 0.0242, 0.0161, 0.0139]","[0.108, 0.17, 0.338, 0.035, 0.105, 0.09, 0.035, 0.291, 0.174, 0.061]",2000,0.07202795147895813,-0.20030439658294805,
36,T0,1927,0.8429266077240404,0.13151220056257745,-0.3278893138078099,0.10036968902399737,0.1658133410907995,-0.026332616957217253,0.05988529578485401,0.22030533850193024,0.19559930264949799,0.09157329052686691,0.4159046411514282,0.6284747123718262,0.7633761763572693,2,"[0.2203, 0.1956, 0.0916, 0.0707, 0.0503, 0.0478, 0.0266, 0.0246, 0.0201, 0.0157]","[0.843, 0.132, 0.328, 0.067, 0.145, 0.074, 0.106, 0.08, 0.003, 0.012]",2000,0.11573923379182816,-0.3909321501324113,
36,T1,1927,0.8121179063535602,-0.24503759009882597,0.19609268040787753,0.011866727494072894,-0.00804585428760019,-0.016309899567354305,-0.03437168552685112,0.3890499472618103,0.16089902818202972,0.1317501962184906,0.5499489903450012,0.7710995078086853,0.8611510396003723,1,"[0.389, 0.1609, 0.1318, 0.0601, 0.0293, 0.0281, 0.0252, 0.0149, 0.0122, 0.0096]","[0.812, 0.245, 0.196, 0.032, 0.239, 0.233, 0.132, 0.163, 0.114, 0.067]",2000,0.1905755251646042,-0.6537708376573891,
36,T2,1927,0.7064952692582576,0.1965103867630399,-0.0012688380736911673,0.01898591877667697,-0.025025238001371616,0.01921828426678759,-0.026398784017870415,0.3916051387786865,0.12595157325267792,0.06304178386926651,0.5175567269325256,0.6479123830795288,0.7432395219802856,1,"[0.3916, 0.126, 0.063, 0.038, 0.0293, 0.0265, 0.0223, 0.0178, 0.0162, 0.0125]","[0.706, 0.197, 0.001, 0.002, 0.249, 0.091, 0.039, 0.159, 0.288, 0.029]",2000,0.23788964748382568,-0.6830013976178808,
36,T3,1927,-0.1670635157794271,0.8624715139328539,0.4851976519274429,-0.07864744256009024,0.0001580759464999335,0.2273297061534897,-0.2565971813405713,0.2897760570049286,0.20591753721237183,0.08974923193454742,0.4956935942173004,0.6976572871208191,0.796637237071991,2,"[0.2898, 0.2059, 0.0897, 0.0682, 0.044, 0.0261, 0.0209, 0.0193, 0.018, 0.0147]","[0.167, 0.862, 0.485, 0.024, 0.139, 0.058, 0.002, 0.008, 0.121, 0.015]",2000,0.12533451616764069,0.33766720838768904,
36,T4,1927,-0.26645410006864007,0.8028747661570401,0.2473135163527751,-0.06114215520338028,-0.23071211884891346,-0.039694829964753785,0.13816642160433915,0.9911046624183655,0.0018150379182770848,0.0011890687746927142,0.9929196834564209,0.9953248500823975,0.997094452381134,1,"[0.9911, 0.0018, 0.0012, 0.0006, 0.0006, 0.0005, 0.0004, 0.0004, 0.0003, 0.0002]","[0.266, 0.803, 0.247, 0.038, 0.08, 0.199, 0.102, 0.113, 0.115, 0.136]",2000,0.035519346594810486,-0.09319033943739666,
36,T5,1927,-0.3669663010686952,-0.3998996577367346,0.6722701543241991,0.1826198703250363,0.5298869960127904,-0.05896432011206576,0.13448824040815738,0.2891756594181061,0.2202317863702774,0.10777119547128677,0.5094074606895447,0.7098351120948792,0.8114609718322754,3,"[0.2892, 0.2202, 0.1078, 0.0512, 0.0414, 0.0297, 0.0264, 0.0171, 0.0154, 0.0131]","[0.367, 0.4, 0.672, 0.203, 0.073, 0.004, 0.073, 0.025, 0.127, 0.036]",2000,0.11965043842792511,0.08427124171391336,
36,T6,1927,-0.3252751353030124,0.732301010570137,0.2126827067934435,-0.11957460547988283,-0.13271855754256748,0.08438047232398846,-0.1476871129241952,0.507253885269165,0.13915356993675232,0.0592462457716465,0.6464074850082397,0.7780007719993591,0.8586024045944214,2,"[0.5073, 0.1392, 0.0592, 0.0419, 0.0305, 0.0251, 0.0207, 0.0131, 0.0119, 0.0098]","[0.325, 0.732, 0.213, 0.21, 0.208, 0.044, 0.021, 0.021, 0.01, 0.042]",2000,0.1939709484577179,0.5580636018630576,
36,T7,1927,0.5759166856785972,0.5287638469834043,0.1842496006453271,0.19168447822553375,0.40030047790976775,-0.06218957537473003,0.11852955678416856,0.2668260931968689,0.17092612385749817,0.099511057138443,0.43775221705436707,0.6510738134384155,0.7631368637084961,2,"[0.2668, 0.1709, 0.0995, 0.066, 0.0478, 0.033, 0.0303, 0.0192, 0.0161, 0.0135]","[0.576, 0.529, 0.184, 0.216, 0.028, 0.096, 0.031, 0.016, 0.079, 0.048]",2000,0.14121697843074799,-0.502904459602876,
36,T8,1927,-0.6161782208794659,0.6223408809231713,-0.044304035952401455,-0.013796273180226424,-0.021728775198150713,0.02218437281689245,0.03749751697384934,0.3650483191013336,0.09944414347410202,0.08836386352777481,0.46449247002601624,0.6689856648445129,0.7736350297927856,2,"[0.365, 0.0994, 0.0884, 0.0729, 0.0433, 0.0291, 0.0224, 0.0211, 0.0171, 0.0149]","[0.616, 0.622, 0.044, 0.145, 0.091, 0.104, 0.037, 0.077, 0.059, 0.03]",2000,0.22978802025318146,0.7848504523274292,
36,R0,1927,-0.5640712544846771,-0.40089195841800346,0.20515767350145267,0.01899996985367584,-0.030938802171779606,0.032924543642638755,0.02654410859029602,0.33533647656440735,0.1472947746515274,0.09201550483703613,0.48263126611709595,0.7151157259941101,0.8162822723388672,3,"[0.3353, 0.1473, 0.092, 0.0823, 0.0582, 0.0322, 0.0228, 0.0175, 0.0156, 0.0131]","[0.564, 0.401, 0.205, 0.289, 0.512, 0.092, 0.081, 0.056, 0.064, 0.011]",2000,0.20496438443660736,0.7864555592642191,
36,R1,1927,0.167011441896715,0.5078569719201373,0.4228701748174275,5.9874156640020524e-05,6.847740706935079e-05,-0.13181926171412098,-0.02538718887983401,0.4650053381919861,0.21160446107387543,0.08790018409490585,0.6766098141670227,0.8432877063751221,0.9054993987083435,4,"[0.465, 0.2116, 0.0879, 0.0414, 0.0374, 0.0228, 0.0153, 0.0106, 0.0075, 0.0061]","[0.167, 0.508, 0.423, 0.529, 0.359, 0.084, 0.05, 0.145, 0.127, 0.079]",2000,0.1415894776582718,-0.25524796770935315,
36,R2,1927,-0.07297954093900585,-0.459564069167051,0.24746604804954342,0.014907289677897409,0.0005833800960375624,0.12939105718736862,0.01893808097926795,0.5276104211807251,0.16218961775302887,0.09300973266363144,0.6898000240325928,0.8367640376091003,0.9026963114738464,3,"[0.5276, 0.1622, 0.093, 0.0316, 0.0224, 0.022, 0.0131, 0.0121, 0.0113, 0.0075]","[0.073, 0.46, 0.247, 0.592, 0.309, 0.018, 0.043, 0.047, 0.007, 0.233]",2000,0.10788528621196747,0.1713453196273451,
36,R3,1927,0.16192725124186355,-0.06073163818117508,-0.516106132201209,0.07632526074117528,-0.0428704038617445,-0.3321021254459919,-0.004196357646823419,0.6218963265419006,0.2381715029478073,0.031810734421014786,0.8600678443908691,0.9150445461273193,0.9438227415084839,1,"[0.6219, 0.2382, 0.0318, 0.0131, 0.0101, 0.0079, 0.0074, 0.0052, 0.0043, 0.004]","[0.162, 0.061, 0.516, 0.113, 0.222, 0.171, 0.116, 0.145, 0.279, 0.246]",2000,0.09053822606801987,-0.3657881706772765,
36,R4,1927,0.07386677356489162,-0.048926250973933355,0.06334873010472408,0.008582213247121348,-0.018867156685822978,0.0966555340604102,-0.2354471363115983,0.340982049703598,0.2972366511821747,0.09340167045593262,0.6382187008857727,0.860131025314331,0.9312862157821655,1,"[0.341, 0.2972, 0.0934, 0.0718, 0.0567, 0.0258, 0.0187, 0.011, 0.0082, 0.0074]","[0.074, 0.049, 0.063, 0.129, 0.133, 0.256, 0.305, 0.205, 0.248, 0.194]",2000,0.042314283549785614,-0.4439835731504621,
36,R5,1927,0.13404824452703992,-0.145641374295878,-0.20949723815799887,0.22889926038110528,0.03695557896814964,-0.1312014286592752,0.1667246304550461,0.37480366230010986,0.10617635399103165,0.08653457462787628,0.4809800088405609,0.6659427285194397,0.783720076084137,1,"[0.3748, 0.1062, 0.0865, 0.0605, 0.038, 0.0337, 0.0278, 0.0235, 0.0169, 0.0158]","[0.134, 0.146, 0.209, 0.354, 0.105, 0.066, 0.107, 0.133, 0.031, 0.19]",2000,0.09945302456617355,-0.09352574473576544,
36,R6,1927,-0.10984196292877385,0.2923776411663008,-0.020370578353860122,0.07334001878851659,-0.4345118203048678,0.00283396824492599,0.006119860525564222,0.23823750019073486,0.11281153559684753,0.09201478213071823,0.3510490357875824,0.5752855539321899,0.7159909605979919,1,"[0.2382, 0.1128, 0.092, 0.0736, 0.0587, 0.0484, 0.0342, 0.0236, 0.0196, 0.015]","[0.11, 0.292, 0.02, 0.231, 0.102, 0.091, 0.354, 0.062, 0.018, 0.112]",2000,0.06709571927785873,0.13509810301357128,
36,R7,1927,0.10844040661107708,0.15687979212541653,0.3110511297356353,0.02831548144267152,0.21043413728000102,-0.0015578460712739161,-0.07117729917482758,0.28293830156326294,0.14565721154212952,0.07717995345592499,0.42859551310539246,0.6095277667045593,0.7200212478637695,2,"[0.2829, 0.1457, 0.0772, 0.0623, 0.0414, 0.0325, 0.0252, 0.0236, 0.0156, 0.0136]","[0.108, 0.157, 0.311, 0.093, 0.144, 0.108, 0.044, 0.311, 0.103, 0.105]",2000,0.06848165392875671,-0.21174915737223943,
37,T0,1927,0.8038442213650112,0.22685662033809387,-0.3118531390290279,0.08071901648976693,0.13827675267718537,-0.022434757257741706,0.06206266454976001,0.21968181431293488,0.1890188455581665,0.09042201191186905,0.4087006449699402,0.6214160919189453,0.7582935094833374,2,"[0.2197, 0.189, 0.0904, 0.0733, 0.049, 0.0472, 0.0269, 0.0256, 0.0212, 0.016]","[0.804, 0.227, 0.312, 0.063, 0.149, 0.018, 0.092, 0.104, 0.007, 0.007]",2000,0.11472457647323608,-0.33871415617258976,
37,T1,1927,0.816801026133002,0.278390123130285,-0.13254688927582925,0.010915041638792883,-0.01003293607978483,-0.013748800612486416,-0.03850005065609524,0.38205674290657043,0.15613460540771484,0.13751330971717834,0.5381913185119629,0.766961395740509,0.8586443066596985,1,"[0.3821, 0.1561, 0.1375, 0.0615, 0.0298, 0.028, 0.0249, 0.0158, 0.0126, 0.0104]","[0.817, 0.278, 0.133, 0.027, 0.259, 0.231, 0.036, 0.132, 0.137, 0.104]",2000,0.19089987874031067,-0.6555990464048904,
37,T2,1927,0.7082839227456291,0.19117594734848098,-0.02017723312631405,0.01936307717300305,-0.02146290598650085,0.0163729456398638,-0.021779390120960633,0.38446301221847534,0.12033381313085556,0.06284452974796295,0.5047968029975891,0.6387710571289062,0.734410285949707,2,"[0.3845, 0.1203, 0.0628, 0.0401, 0.031, 0.0264, 0.0225, 0.0177, 0.0163, 0.0128]","[0.708, 0.191, 0.02, 0.003, 0.221, 0.115, 0.043, 0.117, 0.326, 0.025]",2000,0.23701617121696472,-0.6798287824984073,
37,T3,1927,0.1454125729743368,0.8849115977770096,-0.4655115406703972,0.08575717173245005,0.015346998239694876,-0.20782398135773858,0.23509662551118435,0.30447420477867126,0.2034526914358139,0.08751268684864044,0.507926881313324,0.7036759853363037,0.7998680472373962,2,"[0.3045, 0.2035, 0.0875, 0.0655, 0.0428, 0.0263, 0.0199, 0.0182, 0.0174, 0.0145]","[0.145, 0.885, 0.466, 0.053, 0.105, 0.055, 0.017, 0.013, 0.131, 0.031]",2000,0.1276477873325348,-0.356275531701479,
37,T4,1927,-0.2683582731243498,0.5185876408605181,0.5552602548401647,-0.0625298198115492,-0.23124402652740045,-0.0364132962049642,0.13676784322096378,0.9817790389060974,0.0035645272582769394,0.002737251343205571,0.9853435754776001,0.9911794662475586,0.9943122267723083,2,"[0.9818, 0.0036, 0.0027, 0.0019, 0.0012, 0.0009, 0.0008, 0.0006, 0.0005, 0.0004]","[0.268, 0.519, 0.555, 0.119, 0.219, 0.005, 0.007, 0.084, 0.035, 0.167]",2000,0.03657709062099457,-0.09444013435355572,
37,T5,1927,-0.47181830954433396,-0.3527702511138855,0.6662591354300437,0.14191296865496017,0.47621573380616267,-0.02236491917231651,0.07646998489603705,0.30801549553871155,0.21369513869285583,0.1073729619383812,0.5217106342315674,0.7179766893386841,0.8173419833183289,3,"[0.308, 0.2137, 0.1074, 0.0487, 0.0402, 0.0281, 0.0256, 0.0173, 0.0147, 0.0137]","[0.472, 0.353, 0.666, 0.106, 0.18, 0.004, 0.072, 0.009, 0.128, 0.025]",2000,0.11796845495700836,0.1789174626879145,
37,T6,1927,-0.3197208999951883,0.7325557665916801,0.22649369460204047,-0.11431752786343588,-0.12579873437347874,0.0865940857017465,-0.15384525783046185,0.5104427933692932,0.13438643515110016,0.058487020432949066,0.6448292136192322,0.7748664617538452,0.8567636013031006,2,"[0.5104, 0.1344, 0.0585, 0.0407, 0.0308, 0.0246, 0.0237, 0.0122, 0.0115, 0.0099]","[0.32, 0.733, 0.226, 0.208, 0.207, 0.04, 0.015, 0.023, 0.01, 0.055]",2000,0.19241417944431305,0.555418965393386,
37,T7,1927,0.6006869272361637,-0.5066600740513629,0.20998994694972267,0.19674502123356205,0.39594386246165514,-0.05766665535357412,0.10898353377435575,0.26460984349250793,0.17031127214431763,0.09880676865577698,0.43492111563682556,0.6466544270515442,0.7582384943962097,2,"[0.2646, 0.1703, 0.0988, 0.0663, 0.0466, 0.0328, 0.0305, 0.0184, 0.0163, 0.0136]","[0.601, 0.507, 0.21, 0.21, 0.044, 0.076, 0.051, 0.018, 0.078, 0.045]",2000,0.14120708405971527,-0.501422791449677,
37,T8,1927,-0.6206703913401986,0.6196947200366218,-0.09471719382485468,-0.00913433492427204,-0.01897322359696359,0.0214540012052342,0.03560736228510134,0.35515639185905457,0.09927108883857727,0.08580928295850754,0.45442748069763184,0.6600254774093628,0.7673493027687073,2,"[0.3552, 0.0993, 0.0858, 0.0744, 0.0454, 0.031, 0.0228, 0.0212, 0.017, 0.0153]","[0.621, 0.62, 0.095, 0.143, 0.063, 0.124, 0.046, 0.077, 0.044, 0.037]",2000,0.22590099275112152,0.7830119520771274,
37,R0,1927,-0.5589254574349246,-0.4082202379202787,0.17609934650215073,0.023108480393596215,-0.03248739912301727,0.03287002952284557,0.02352044706937895,0.3327126204967499,0.145242840051651,0.09547486901283264,0.4779554605484009,0.7135852575302124,0.8140576481819153,4,"[0.3327, 0.1452, 0.0955, 0.0831, 0.057, 0.0323, 0.0229, 0.017, 0.0152, 0.013]","[0.559, 0.408, 0.176, 0.312, 0.507, 0.08, 0.093, 0.038, 0.067, 0.004]",2000,0.20372244715690613,0.7810962033058042,
37,R1,1927,0.1740739911918571,0.5067742795987169,0.3993395110346333,-0.0017551669120272548,-9.98291011563589e-05,-0.1324536892965577,-0.02529262224962045,0.46114856004714966,0.20894965529441833,0.08795399218797684,0.6700981855392456,0.8393601775169373,0.903439998626709,4,"[0.4611, 0.2089, 0.088, 0.0429, 0.0384, 0.0225, 0.0159, 0.0114, 0.0081, 0.0062]","[0.174, 0.507, 0.399, 0.536, 0.363, 0.059, 0.105, 0.149, 0.115, 0.098]",2000,0.140779048204422,-0.25920159753523464,
37,R2,1927,0.0759147197619545,-0.4272861033469045,0.30283019082698875,-0.017107654664408445,0.0011852895821324934,-0.13059639813065685,-0.0182303519118398,0.5258259773254395,0.16484671831130981,0.09846930205821991,0.6906726956367493,0.8443285226821899,0.9067564010620117,3,"[0.5258, 0.1648, 0.0985, 0.0335, 0.0216, 0.0212, 0.0127, 0.0109, 0.01, 0.0076]","[0.076, 0.427, 0.303, 0.612, 0.137, 0.245, 0.133, 0.038, 0.015, 0.255]",2000,0.10400557518005371,-0.17678191510677863,
37,R3,1927,0.17301421456179839,-0.08497318451583345,-0.5145903225019014,0.13469406725268349,0.019539340960303218,-0.2574697866061906,-0.025252607162230024,0.637114942073822,0.23304010927677155,0.028912721201777458,0.8701550364494324,0.9200126528739929,0.9469088912010193,1,"[0.6371, 0.233, 0.0289, 0.0119, 0.009, 0.0076, 0.0061, 0.0051, 0.0042, 0.004]","[0.173, 0.085, 0.515, 0.151, 0.218, 0.216, 0.047, 0.082, 0.236, 0.282]",2000,0.08556132763624191,-0.3788770303860697,
37,R4,1927,0.10060562526711583,-0.05171424294893391,0.06340807059851084,-0.004369149693147625,-0.0272799517014364,0.08861042944631173,-0.2221216402352442,0.3430093228816986,0.3008948266506195,0.09101635962724686,0.6439041495323181,0.8589264750480652,0.9301032423973083,1,"[0.343, 0.3009, 0.091, 0.0698, 0.0542, 0.0248, 0.0189, 0.0116, 0.0082, 0.0076]","[0.101, 0.052, 0.063, 0.138, 0.125, 0.304, 0.248, 0.2, 0.223, 0.251]",2000,0.04523984342813492,-0.44940193654350197,
37,R5,1927,0.14074290972666323,-0.12196619986593453,-0.19784769496002247,0.24919216616524506,0.0017377204285401694,-0.12719825376349733,0.2033076333079041,0.3934871256351471,0.1010453999042511,0.08336491882801056,0.4945325255393982,0.6728584170341492,0.7881622314453125,1,"[0.3935, 0.101, 0.0834, 0.0584, 0.0365, 0.0335, 0.0265, 0.023, 0.0171, 0.0152]","[0.141, 0.122, 0.198, 0.352, 0.069, 0.026, 0.08, 0.082, 0.055, 0.194]",2000,0.09558496624231339,-0.08192253129316882,
37,R6,1927,-0.1194367747082838,0.20080556820072049,-0.1579365507267723,0.07252168301855035,-0.4517076932849083,0.009293062979165295,0.009425275187206872,0.2481592744588852,0.11054380983114243,0.1002926453948021,0.358703076839447,0.5871888399124146,0.7251099348068237,1,"[0.2482, 0.1105, 0.1003, 0.068, 0.0602, 0.048, 0.0311, 0.0242, 0.0189, 0.0157]","[0.119, 0.201, 0.158, 0.233, 0.13, 0.059, 0.332, 0.097, 0.04, 0.159]",2000,0.06014837697148323,0.15311872241743232,
37,R7,1927,0.10258034675759194,0.1881252336893526,-0.12852327533631708,0.010532012212286338,0.27207262353041384,-0.003561506998374696,-0.07221269627492803,0.2749842703342438,0.1648494005203247,0.10293632000684738,0.4398336708545685,0.6444348692893982,0.7495627999305725,1,"[0.275, 0.1648, 0.1029, 0.0655, 0.0362, 0.0332, 0.0229, 0.0214, 0.0154, 0.0123]","[0.103, 0.188, 0.129, 0.238, 0.113, 0.09, 0.06, 0.333, 0.076, 0.223]",2000,0.06089697405695915,-0.1885648758132168,
38,T0,1927,-0.8101639138803094,0.2042665336236986,-0.31928433490827024,-0.08245273790984041,-0.14713460093001288,0.02468071229075069,-0.07230088855362843,0.2162684202194214,0.18830707669258118,0.08949961513280869,0.40457549691200256,0.6151565313339233,0.7538854479789734,2,"[0.2163, 0.1883, 0.0895, 0.0724, 0.0487, 0.0466, 0.0269, 0.0259, 0.0219, 0.0174]","[0.81, 0.204, 0.319, 0.07, 0.147, 0.08, 0.128, 0.082, 0.029, 0.012]",2000,0.11321528255939484,0.3451170886649877,
38,T1,1927,0.818495834978747,-0.359972778550528,-0.05163878986331978,0.01130526691877326,-0.01229882461385143,-0.014371082850254945,-0.041041953232865074,0.3743644654750824,0.15743859112262726,0.13596805930137634,0.5318030714988708,0.7591545581817627,0.8544612526893616,2,"[0.3744, 0.1574, 0.136, 0.0608, 0.0306, 0.0286, 0.026, 0.0161, 0.0137, 0.0109]","[0.818, 0.36, 0.052, 0.027, 0.217, 0.258, 0.0, 0.126, 0.135, 0.141]",2000,0.1896710842847824,-0.6538423464268485,
38,T2,1927,0.705528755141292,0.18366752655198323,-0.06707535608144347,0.0177404678438732,-0.025187662455645275,0.023451728535366152,-0.030675319427367096,0.37440335750579834,0.1199745237827301,0.06567032635211945,0.49437788128852844,0.6326360702514648,0.7273821830749512,2,"[0.3744, 0.12, 0.0657, 0.0401, 0.0324, 0.0259, 0.0227, 0.0181, 0.0156, 0.0125]","[0.706, 0.184, 0.067, 0.001, 0.208, 0.125, 0.035, 0.008, 0.36, 0.065]",2000,0.23421050608158112,-0.6802950606252933,
38,T3,1927,0.15403215334954498,0.8738364189650273,0.4410332718647052,0.08547732594938696,0.013072381320791924,-0.1841785392392886,0.2291108058187865,0.342014342546463,0.19239407777786255,0.08176951110363007,0.534408450126648,0.7161465883255005,0.8081744313240051,2,"[0.342, 0.1924, 0.0818, 0.0601, 0.0398, 0.0247, 0.0185, 0.0174, 0.0166, 0.0149]","[0.154, 0.874, 0.441, 0.068, 0.111, 0.042, 0.031, 0.018, 0.119, 0.029]",2000,0.135074645280838,-0.3816791531144395,
38,T4,1927,-0.2739829800682433,0.2078605580048636,0.7830124900517647,-0.06079749607741894,-0.23436528829768968,-0.0392125158001147,0.13453576187058855,0.9620261788368225,0.009194361977279186,0.006316949613392353,0.9712205529212952,0.9834538698196411,0.9890074729919434,2,"[0.962, 0.0092, 0.0063, 0.0036, 0.0024, 0.0015, 0.0014, 0.0011, 0.0009, 0.0007]","[0.274, 0.208, 0.783, 0.348, 0.118, 0.042, 0.13, 0.002, 0.087, 0.09]",2000,0.04034527763724327,-0.09474557473676701,
38,T5,1927,0.4117947150469318,-0.3672986646615588,-0.6984112241441315,-0.14627383136742747,-0.4955041165251232,0.042870270212032976,-0.08601084467466051,0.3415190577507019,0.19320693612098694,0.1029585525393486,0.5347260236740112,0.7261650562286377,0.8205934166908264,3,"[0.3415, 0.1932, 0.103, 0.0476, 0.0409, 0.0265, 0.0241, 0.0168, 0.0146, 0.0124]","[0.412, 0.367, 0.698, 0.129, 0.116, 0.034, 0.057, 0.066, 0.092, 0.005]",2000,0.11074476689100266,-0.15382408416706292,
38,T6,1927,-0.30947389329757824,-0.7405702503295761,0.20959201292664595,-0.11425786937699989,-0.12374261090473326,0.08923847154382354,-0.1562130236698508,0.522153913974762,0.12724146246910095,0.0570351742208004,0.6493953466415405,0.7752955555915833,0.8563984632492065,2,"[0.5222, 0.1272, 0.057, 0.0397, 0.0292, 0.025, 0.0236, 0.0116, 0.011, 0.0099]","[0.309, 0.741, 0.21, 0.236, 0.198, 0.032, 0.041, 0.018, 0.023, 0.057]",2000,0.19063648581504822,0.5434149226267857,
38,T7,1927,0.5360192539323502,-0.5457204577201703,0.25019920266449397,0.19368301783695446,0.3925971335089802,-0.05495679625292044,0.10970375725113408,0.27096909284591675,0.17126516997814178,0.09477430582046509,0.4422342777252197,0.6459887623786926,0.7559458613395691,2,"[0.271, 0.1713, 0.0948, 0.0626, 0.0464, 0.0326, 0.0302, 0.0173, 0.0162, 0.0137]","[0.536, 0.546, 0.25, 0.188, 0.047, 0.096, 0.041, 0.033, 0.073, 0.05]",2000,0.14264245331287384,-0.5140838778950751,
38,T8,1927,-0.6224466753527532,0.6307128858736782,-0.03675992660420358,-0.0035045663577652425,-0.018412391404794195,0.02022587158655453,0.029552746372790165,0.3512943387031555,0.09804677218198776,0.08578824251890182,0.4493411183357239,0.6561809182167053,0.76314777135849,2,"[0.3513, 0.098, 0.0858, 0.0754, 0.0457, 0.0315, 0.0217, 0.0211, 0.0173, 0.0154]","[0.622, 0.631, 0.037, 0.057, 0.107, 0.142, 0.076, 0.059, 0.014, 0.043]",2000,0.22388967871665955,0.7779993452130717,
38,R0,1927,-0.5540081193141371,-0.42076569325410157,0.14744613815368496,0.036999556033504286,-0.02974690063902948,0.020543981878973647,0.0279681123534384,0.3305946886539459,0.13729408383369446,0.10422974079847336,0.4678887724876404,0.7121418118476868,0.8119006156921387,4,"[0.3306, 0.1373, 0.1042, 0.0828, 0.0572, 0.0301, 0.023, 0.019, 0.0147, 0.013]","[0.554, 0.421, 0.147, 0.328, 0.508, 0.058, 0.063, 0.072, 0.082, 0.056]",2000,0.2009570151567459,0.7738521065845044,
38,R1,1927,0.17572010812077876,0.5067956027677659,0.3972999321660645,-0.0037010059685940577,-0.0023095524867870624,-0.13537292400604592,-0.02772726307342332,0.47001588344573975,0.20727501809597015,0.08441264182329178,0.6772909164428711,0.8416251540184021,0.9045957326889038,4,"[0.47, 0.2073, 0.0844, 0.0432, 0.0367, 0.0219, 0.0153, 0.0112, 0.0084, 0.0062]","[0.176, 0.507, 0.397, 0.515, 0.401, 0.043, 0.117, 0.148, 0.11, 0.099]",2000,0.1401645988225937,-0.2590778925015714,
38,R2,1927,-0.08407695344931504,-0.4120529569222064,0.2857879444110477,0.01641201384467639,-6.789026178769755e-06,0.13167557503766034,0.020138553797266805,0.5245494842529297,0.1662152111530304,0.0980314314365387,0.6907646656036377,0.8438157439231873,0.9077237844467163,2,"[0.5245, 0.1662, 0.098, 0.0335, 0.0215, 0.0211, 0.0126, 0.012, 0.0104, 0.0078]","[0.084, 0.412, 0.286, 0.613, 0.242, 0.19, 0.055, 0.157, 0.048, 0.234]",2000,0.10286448895931244,0.18363676472215457,
38,R3,1927,0.19236450443339226,0.1304359163531983,0.5138255114764952,0.11387346034585492,-0.008192950702058357,-0.0814799943880714,-0.037724972036121844,0.6541674137115479,0.22370876371860504,0.026558656245470047,0.8778761625289917,0.9234570860862732,0.9499086737632751,2,"[0.6542, 0.2237, 0.0266, 0.0109, 0.0081, 0.0075, 0.006, 0.005, 0.0041, 0.0039]","[0.192, 0.13, 0.514, 0.141, 0.24, 0.172, 0.063, 0.053, 0.079, 0.354]",2000,0.07864535599946976,-0.32761010840090066,
38,R4,1927,0.13557731768649284,-0.035526213141498605,0.054898890849232336,0.0034919137057960307,-0.033888969134418835,0.12802329932534903,-0.20072567564998486,0.3381305932998657,0.2975092828273773,0.09567494690418243,0.6356399059295654,0.8657718896865845,0.9324677586555481,1,"[0.3381, 0.2975, 0.0957, 0.0738, 0.0607, 0.0233, 0.0174, 0.0109, 0.0081, 0.007]","[0.136, 0.036, 0.055, 0.149, 0.032, 0.335, 0.2, 0.243, 0.162, 0.264]",2000,0.04141886904835701,-0.5009546068222723,
38,R5,1927,0.09250030931038551,-0.10562823483876806,-0.18079882727587737,0.2906077065595351,-0.02750987457417615,-0.11362210858417153,0.245749269112421,0.41366735100746155,0.09418954700231552,0.07835058867931366,0.5078569054603577,0.6815062165260315,0.7976368069648743,1,"[0.4137, 0.0942, 0.0784, 0.0533, 0.042, 0.0331, 0.0282, 0.0241, 0.0166, 0.0142]","[0.093, 0.106, 0.181, 0.34, 0.106, 0.084, 0.071, 0.099, 0.05, 0.187]",2000,0.08735156804323196,-0.016319835691035282,
38,R6,1927,-0.08420465206883124,-0.16652804616896508,0.1663730925481727,0.08778342671355918,-0.4945624405521412,0.005152939130635988,0.012710518582395497,0.2608717381954193,0.11012241989374161,0.10368595272302628,0.3709941506385803,0.5984062552452087,0.7425068020820618,0,"[0.2609, 0.1101, 0.1037, 0.0666, 0.0571, 0.0498, 0.0297, 0.0266, 0.0201, 0.0178]","[0.084, 0.167, 0.166, 0.171, 0.205, 0.022, 0.288, 0.1, 0.23, 0.077]",2000,0.06091294810175896,0.1333598583405614,
38,R7,1927,0.10425005105410055,0.2531265349909017,-0.09289708188413463,0.010568332106075195,0.2566276708410733,-0.012931836404589257,-0.06333656448066911,0.2766432464122772,0.17573541402816772,0.10565367341041565,0.45237866044044495,0.6642554998397827,0.7589433193206787,1,"[0.2766, 0.1757, 0.1057, 0.0654, 0.0408, 0.0287, 0.0207, 0.0192, 0.0144, 0.0117]","[0.104, 0.253, 0.093, 0.242, 0.036, 0.198, 0.012, 0.352, 0.086, 0.252]",2000,0.05474862828850746,-0.15723592659678998,
39,T0,1927,0.8713520041648068,0.0400453567019668,-0.3197649710050899,0.1144412138696076,0.2064831977061879,-0.04001614372380461,0.08426242252886046,0.20559735596179962,0.19218690693378448,0.09116310626268387,0.3977842628955841,0.6146537065505981,0.7579970359802246,2,"[0.2056, 0.1922, 0.0912, 0.0701, 0.0556, 0.0468, 0.0286, 0.0264, 0.0234, 0.0181]","[0.871, 0.04, 0.32, 0.067, 0.085, 0.153, 0.129, 0.019, 0.121, 0.053]",2000,0.10883578658103943,-0.4082023028320516,
39,T1,1927,-0.8513273791022328,-0.1284989226643255,0.1182146841308293,-0.020064908241090983,0.020077257525074506,0.011380661238260491,0.036857030298420655,0.36596229672431946,0.17171825468540192,0.1175445094704628,0.5376805663108826,0.747917890548706,0.8457697033882141,1,"[0.366, 0.1717, 0.1175, 0.0624, 0.0303, 0.0281, 0.0258, 0.0188, 0.0143, 0.0109]","[0.851, 0.128, 0.118, 0.016, 0.196, 0.237, 0.132, 0.043, 0.166, 0.166]",2000,0.1843811273574829,0.5937577210763197,
39,T2,1927,0.7052555896443885,0.20084162851690915,0.13163200109479106,0.01930947456896248,-0.023945099520129697,0.01982512399586315,-0.037323628576780905,0.35383230447769165,0.12334510684013367,0.061426740139722824,0.4771774113178253,0.6127044558525085,0.7131564021110535,2,"[0.3538, 0.1233, 0.0614, 0.0404, 0.0337, 0.0276, 0.0239, 0.019, 0.0153, 0.0147]","[0.705, 0.201, 0.132, 0.039, 0.196, 0.115, 0.076, 0.034, 0.245, 0.307]",2000,0.2284635603427887,-0.6812474266344559,
39,T3,1927,-0.12025577103728938,0.8866384488613563,-0.4589734386160888,-0.08073406804483879,-0.017463601061456568,0.17332138591891075,-0.21684023358671886,0.3494127094745636,0.18523338437080383,0.08124908059835434,0.5346460938453674,0.7130582928657532,0.808968186378479,2,"[0.3494, 0.1852, 0.0812, 0.0596, 0.0375, 0.0268, 0.0198, 0.0176, 0.0167, 0.0151]","[0.12, 0.887, 0.459, 0.079, 0.141, 0.025, 0.002, 0.046, 0.043, 0.054]",2000,0.13349685072898865,0.37648548795111336,
39,T4,1927,-0.3517530237495412,0.08973029798082732,-0.8376433006126086,0.0039453663005884635,-0.15800337517367086,0.03374739395334015,-0.06749272413730198,0.5486657619476318,0.12075065076351166,0.06856857985258102,0.6694164276123047,0.8007127642631531,0.8805683851242065,3,"[0.5487, 0.1208, 0.0686, 0.0333, 0.0294, 0.0241, 0.0208, 0.0133, 0.0132, 0.0085]","[0.352, 0.09, 0.838, 0.129, 0.338, 0.027, 0.133, 0.057, 0.029, 0.02]",2000,0.06563054025173187,0.0730619726319893,
39,T5,1927,0.43557268194832055,0.30819242698004234,-0.7293017223998223,-0.1484692547685176,-0.4814222337787914,0.02661605898166433,-0.07219229582891123,0.3378905951976776,0.19427591562271118,0.09963367134332657,0.5321664810180664,0.7194624543190002,0.8159182667732239,3,"[0.3379, 0.1943, 0.0996, 0.0471, 0.0406, 0.0274, 0.0237, 0.0183, 0.0146, 0.0125]","[0.436, 0.308, 0.729, 0.048, 0.177, 0.057, 0.09, 0.034, 0.094, 0.022]",2000,0.11015838384628296,-0.18732991579740205,
39,T6,1927,0.3062378411941655,-0.7672662411688332,-0.16439977790253782,0.11203265439031446,0.10109676137547209,-0.09182097355552055,0.16113826438436926,0.5124667882919312,0.12532173097133636,0.05733247846364975,0.6377885341644287,0.7706138491630554,0.8523146510124207,2,"[0.5125, 0.1253, 0.0573, 0.0438, 0.0317, 0.0278, 0.023, 0.0106, 0.0103, 0.0099]","[0.306, 0.767, 0.164, 0.252, 0.098, 0.116, 0.058, 0.012, 0.049, 0.012]",2000,0.18868869543075562,-0.5509126011670916,
39,T7,1927,0.32279134527171904,-0.7144195700199767,0.2570020706880182,0.16213518497837232,0.32727692183329116,-0.06997285938441376,0.09140384295139456,0.2939065098762512,0.1686926782131195,0.09111401438713074,0.4625991880893707,0.6581027507781982,0.7641428112983704,2,"[0.2939, 0.1687, 0.0911, 0.0606, 0.0438, 0.0313, 0.0293, 0.0161, 0.0157, 0.0136]","[0.323, 0.714, 0.257, 0.164, 0.048, 0.132, 0.013, 0.034, 0.066, 0.052]",2000,0.1405227929353714,-0.4715771188584478,
39,T8,1927,-0.6169173381952899,0.5477673189157709,-0.3254977441862674,0.0016568863423886985,-0.022482984070095774,0.02640225135072285,0.021854889828349183,0.338256299495697,0.1073853075504303,0.08855856955051422,0.4456416070461273,0.6571128368377686,0.7655943036079407,3,"[0.3383, 0.1074, 0.0886, 0.0759, 0.0471, 0.0328, 0.0217, 0.0206, 0.0175, 0.016]","[0.617, 0.548, 0.325, 0.261, 0.17, 0.163, 0.071, 0.047, 0.005, 0.043]",2000,0.21493256092071533,0.7712152251169431,
39,R0,1927,-0.5554704880780198,-0.04002821480083842,0.4305789783516309,0.03654021615564258,-0.026044538721233766,0.019973083067544965,0.02650211186211463,0.31998422741889954,0.13816967606544495,0.1258409470319748,0.4581539034843445,0.716518759727478,0.8130648732185364,4,"[0.32, 0.1382, 0.1258, 0.0797, 0.0528, 0.0292, 0.0221, 0.0191, 0.0138, 0.0124]","[0.555, 0.04, 0.431, 0.37, 0.509, 0.055, 0.049, 0.07, 0.059, 0.087]",2000,0.19599616527557373,0.7779153534402155,
39,R1,1927,-0.19387208496210312,0.513064760284056,0.3549851257503638,0.0030880267453919173,0.00241984768558305,0.13747611325547446,0.03104134753350827,0.4437533915042877,0.21457898616790771,0.08359313756227493,0.658332347869873,0.8287723064422607,0.8962899446487427,4,"[0.4438, 0.2146, 0.0836, 0.0488, 0.038, 0.0236, 0.0154, 0.0113, 0.0103, 0.0069]","[0.194, 0.513, 0.355, 0.469, 0.447, 0.114, 0.108, 0.167, 0.108, 0.017]",2000,0.14667241275310516,0.2760245191131722,
39,R2,1927,-0.07306736715242743,-0.41308287043502234,0.21706170652833243,0.013033006914021745,-0.0018680268602472218,0.12761450419213669,0.017518508219645724,0.5404303669929504,0.1503937691450119,0.10160134732723236,0.6908241510391235,0.8460118174552917,0.9095151424407959,3,"[0.5404, 0.1504, 0.1016, 0.0316, 0.022, 0.0203, 0.0124, 0.012, 0.0111, 0.0077]","[0.073, 0.413, 0.217, 0.64, 0.039, 0.329, 0.045, 0.054, 0.201, 0.221]",2000,0.09390626847743988,0.17247490618473382,
39,R3,1927,0.1944267080663186,0.11662123612453468,0.5176670689063982,0.10065747694790693,0.021024516884972096,0.018127546979441127,-0.04001855301100941,0.6940268874168396,0.1962626576423645,0.02182050421833992,0.8902895450592041,0.9311220049858093,0.9563491940498352,1,"[0.694, 0.1963, 0.0218, 0.0114, 0.0076, 0.0069, 0.0068, 0.0042, 0.0037, 0.0036]","[0.194, 0.117, 0.518, 0.04, 0.23, 0.134, 0.203, 0.079, 0.022, 0.267]",2000,0.06122897192835808,-0.29867934627811704,
39,R4,1927,0.1436669944190136,-0.015525645353399332,0.04313601738688515,-0.011512944492559848,-0.010311468740133318,0.13895111839481222,-0.18086183351578777,0.3105394244194031,0.2784651219844818,0.11509432643651962,0.5890045166015625,0.8718985915184021,0.9369215965270996,2,"[0.3105, 0.2785, 0.1151, 0.0874, 0.0804, 0.0217, 0.0155, 0.0107, 0.0094, 0.0076]","[0.144, 0.016, 0.043, 0.063, 0.111, 0.379, 0.12, 0.183, 0.311, 0.164]",2000,0.03840666636824608,-0.5564293546269992,
39,R5,1927,0.12010262840474761,0.12485022372742373,-0.16283047271996826,0.3344074134483764,-0.01323383186997126,-0.12118436537687129,0.3120560474895222,0.44690969586372375,0.0949992761015892,0.06897804886102676,0.5419089794158936,0.704124927520752,0.8182666301727295,0,"[0.4469, 0.095, 0.069, 0.0476, 0.0457, 0.0407, 0.0277, 0.0196, 0.0141, 0.012]","[0.12, 0.125, 0.163, 0.17, 0.162, 0.215, 0.112, 0.118, 0.039, 0.175]",2000,0.06941816210746765,-0.031031553944461616,
39,R6,1927,-0.0784389393775685,-0.09008432183438446,0.14803053346728898,0.10684742062683067,-0.4750483822325486,-0.007193334780673138,0.01286450530467756,0.25837472081184387,0.1362135112285614,0.09821050614118576,0.3945882320404053,0.6340756416320801,0.7728021740913391,1,"[0.2584, 0.1362, 0.0982, 0.0883, 0.0529, 0.0488, 0.0302, 0.0244, 0.0194, 0.016]","[0.078, 0.09, 0.148, 0.042, 0.157, 0.231, 0.152, 0.174, 0.323, 0.046]",2000,0.05421663075685501,0.11913033241834169,
39,R7,1927,0.1458121107038188,0.15028814927118178,-0.08170305592347554,0.08695427059572029,0.2740251306838486,-0.052453560352641475,-0.008419482463600277,0.2945641577243805,0.1856728345155716,0.10034073889255524,0.4802370071411133,0.7143703103065491,0.7943543195724487,1,"[0.2946, 0.1857, 0.1003, 0.0782, 0.0556, 0.0264, 0.0174, 0.0151, 0.0116, 0.0096]","[0.146, 0.15, 0.082, 0.17, 0.049, 0.288, 0.107, 0.223, 0.13, 0.318]",2000,0.04685237258672714,-0.10983213438806956,
40,T0,1927,0.856927426201091,-0.06367063031752287,-0.30879462083323317,0.13175164474083917,0.23472114598563787,-0.04397871840017292,0.13075660822695925,0.21352407336235046,0.1756669133901596,0.08712230622768402,0.3891909718513489,0.6088237166404724,0.7559962868690491,2,"[0.2135, 0.1757, 0.0871, 0.0805, 0.052, 0.0477, 0.0306, 0.027, 0.0249, 0.017]","[0.857, 0.064, 0.309, 0.149, 0.165, 0.141, 0.109, 0.022, 0.082, 0.005]",2000,0.10237216204404831,-0.35719757145238906,
40,T1,1927,0.8696384669486549,-0.057704439674942286,-0.11493920820768395,0.03625212269894399,-0.010121698381996091,-0.0011844488279549037,-0.017908677215406763,0.350522518157959,0.18767522275447845,0.11554079502820969,0.5381977558135986,0.744972825050354,0.8442773818969727,2,"[0.3505, 0.1877, 0.1155, 0.0601, 0.0311, 0.0276, 0.0254, 0.0206, 0.0141, 0.0117]","[0.87, 0.058, 0.115, 0.01, 0.147, 0.321, 0.204, 0.031, 0.147, 0.206]",2000,0.1683328002691269,-0.46675926026686365,
40,T2,1927,-0.6428074040456614,-0.02658761519687323,0.1674584144251788,-0.027009467414702566,-0.032959323285719364,0.013415399732522948,0.0468185377072154,0.3369130492210388,0.12309164553880692,0.0670478343963623,0.46000468730926514,0.6078816056251526,0.7140876054763794,2,"[0.3369, 0.1231, 0.067, 0.0474, 0.0334, 0.0272, 0.0235, 0.0211, 0.0179, 0.0165]","[0.643, 0.027, 0.167, 0.201, 0.302, 0.118, 0.091, 0.087, 0.031, 0.262]",2000,0.22626087069511414,0.7101313069944818,
40,T3,1927,-0.14709232242110562,-0.8767080327740194,0.43149263196163484,-0.07502331103755153,-0.0029246960411351305,0.17621748447855642,-0.2199876544817706,0.33832618594169617,0.18590034544467926,0.08323930948972702,0.5242265462875366,0.7030049562454224,0.8051339983940125,2,"[0.3383, 0.1859, 0.0832, 0.0581, 0.0374, 0.0281, 0.0243, 0.0176, 0.0167, 0.0155]","[0.147, 0.877, 0.431, 0.049, 0.13, 0.018, 0.022, 0.006, 0.049, 0.06]",2000,0.13313892483711243,0.390406445739354,
40,T4,1927,-0.4950380884205963,-0.23902149657744254,0.6586633281596098,-0.04314317169860245,-0.17513464522769975,0.013053104554670483,-0.07293877786154261,0.3197815418243408,0.14646396040916443,0.10917346924543381,0.46624550223350525,0.6736602187156677,0.8016251921653748,2,"[0.3198, 0.1465, 0.1092, 0.0559, 0.0423, 0.0391, 0.0309, 0.0258, 0.019, 0.0132]","[0.495, 0.239, 0.659, 0.06, 0.249, 0.103, 0.196, 0.139, 0.038, 0.034]",2000,0.09979461878538132,0.24665096961989505,
40,T5,1927,0.36286650857019825,-0.3720928530681333,0.6966935471667564,-0.1822439112957377,-0.4898368087470458,0.07687309595419779,-0.16653867962283284,0.3509882390499115,0.18948736786842346,0.08924604952335358,0.540475606918335,0.7149714827537537,0.8198094367980957,3,"[0.351, 0.1895, 0.0892, 0.0463, 0.0389, 0.0296, 0.0266, 0.0191, 0.015, 0.0145]","[0.363, 0.372, 0.697, 0.116, 0.165, 0.176, 0.031, 0.058, 0.031, 0.081]",2000,0.101416677236557,-0.08851599158741419,
40,T6,1927,0.3376088434867064,0.741028366561523,-0.20432996100926654,0.05228044641315548,0.036685234558642844,-0.09015482243655969,0.14478924427634118,0.7212677597999573,0.06865233927965164,0.030987756326794624,0.7899200916290283,0.8670307397842407,0.9148608446121216,2,"[0.7213, 0.0687, 0.031, 0.0277, 0.0184, 0.0165, 0.0126, 0.0072, 0.006, 0.0055]","[0.338, 0.741, 0.204, 0.284, 0.006, 0.147, 0.042, 0.035, 0.028, 0.028]",2000,0.2100372314453125,-0.600491006158615,
40,T7,1927,-0.40306731776222254,0.6547036327029099,0.28876586524060843,-0.17559929973753852,-0.35715168628997596,0.066856082793932,-0.13837157438827463,0.26412856578826904,0.1692069172859192,0.0953517034649849,0.43333548307418823,0.6339046955108643,0.7462946176528931,2,"[0.2641, 0.1692, 0.0954, 0.059, 0.0462, 0.0331, 0.0312, 0.0178, 0.016, 0.0142]","[0.403, 0.655, 0.289, 0.13, 0.059, 0.049, 0.105, 0.052, 0.062, 0.045]",2000,0.13934694230556488,0.4900090963437253,
40,T8,1927,-0.6020669489070436,0.5277027707109573,0.41831061763736427,0.015301897684523775,-0.03325536820638993,0.027264538299925107,0.02906012509141465,0.35118961334228516,0.09765855222940445,0.08516860008239746,0.448848158121109,0.6514771580696106,0.7708650827407837,3,"[0.3512, 0.0977, 0.0852, 0.0722, 0.0453, 0.0348, 0.0252, 0.0231, 0.0193, 0.0171]","[0.602, 0.528, 0.418, 0.168, 0.044, 0.057, 0.076, 0.087, 0.008, 0.053]",2000,0.21965067088603973,0.7634465625028957,
40,R0,1927,-0.5507086180060217,0.33133714551511645,0.17159747995360697,0.05501649596224912,-0.03623810859976285,0.017878553292244595,0.029507755102690457,0.33703944087028503,0.1501612365245819,0.13342992961406708,0.48720067739486694,0.74213707447052,0.8321391940116882,4,"[0.337, 0.1502, 0.1334, 0.0732, 0.0483, 0.0266, 0.0202, 0.0177, 0.0142, 0.0113]","[0.551, 0.331, 0.172, 0.36, 0.535, 0.067, 0.027, 0.049, 0.022, 0.056]",2000,0.19628632068634033,0.7508506308252277,
40,R1,1927,0.24427524043966098,0.47897703087194576,0.3298489697499902,-0.005143344961357636,-0.004695090723336132,-0.1366210265588755,-0.03965934150625288,0.42683547735214233,0.21540170907974243,0.09099563956260681,0.6422371864318848,0.8229246139526367,0.894167423248291,3,"[0.4268, 0.2154, 0.091, 0.0514, 0.0383, 0.0214, 0.0184, 0.0136, 0.0105, 0.0074]","[0.244, 0.479, 0.33, 0.271, 0.57, 0.01, 0.021, 0.141, 0.101, 0.099]",2000,0.1491023600101471,-0.3203390304222586,
40,R2,1927,-0.08963343277123009,-0.3786299019295904,0.17848756920399325,0.016861426046480006,-0.004807396449914751,0.12962477825983723,0.018818311209262428,0.5183219909667969,0.17532867193222046,0.10125350952148438,0.6936506628990173,0.8511106967926025,0.9119531512260437,2,"[0.5183, 0.1753, 0.1013, 0.0311, 0.0251, 0.0194, 0.0126, 0.011, 0.0101, 0.0078]","[0.09, 0.379, 0.178, 0.756, 0.062, 0.105, 0.079, 0.206, 0.125, 0.158]",2000,0.10164754092693329,0.18227959510283478,
40,R3,1927,-0.1946290808676708,-0.11651606789491734,0.5119322903287534,-0.1565905244689702,0.0924006379126375,0.12881020635881732,0.03212630176226753,0.6684697270393372,0.2139654904603958,0.020951509475708008,0.8824352025985718,0.9248250722885132,0.954613983631134,2,"[0.6685, 0.214, 0.021, 0.0123, 0.0092, 0.009, 0.0073, 0.0052, 0.0042, 0.0041]","[0.195, 0.117, 0.512, 0.013, 0.141, 0.209, 0.176, 0.305, 0.041, 0.014]",2000,0.05294973775744438,0.4051833223682866,
40,R4,1927,0.1954991286104491,-0.008726430356553452,-0.04015665062004741,-0.014250212744646188,-0.007273692156610057,0.18636358782079226,-0.1423605253484137,0.361068457365036,0.2622198760509491,0.09549537301063538,0.6232883334159851,0.8752304911613464,0.9380779266357422,2,"[0.3611, 0.2622, 0.0955, 0.0843, 0.0721, 0.0225, 0.0149, 0.0101, 0.0078, 0.0075]","[0.195, 0.009, 0.04, 0.11, 0.071, 0.413, 0.061, 0.276, 0.352, 0.161]",2000,0.04123849794268608,-0.556572564707309,
40,R5,1927,-0.06852939164297167,-0.030438373588067717,-0.0408251754821251,0.2644285447219845,0.040069319269878535,-0.04544301469718112,0.20923588193528236,0.308281809091568,0.13810910284519196,0.11029120534658432,0.44639092683792114,0.7265795469284058,0.831148087978363,1,"[0.3083, 0.1381, 0.1103, 0.0968, 0.0731, 0.0386, 0.0252, 0.017, 0.0125, 0.0113]","[0.069, 0.03, 0.041, 0.064, 0.107, 0.365, 0.135, 0.122, 0.051, 0.162]",2000,0.05619174614548683,0.19574742834117423,
40,R6,1927,0.04073370379480259,-0.13569217492758795,-0.036497522975924866,-0.12917173699611995,0.48480216928084996,0.035990073654515925,-0.07501846043367998,0.2738226652145386,0.15458524227142334,0.10917738080024719,0.4284079074859619,0.650138258934021,0.7894130945205688,0,"[0.2738, 0.1546, 0.1092, 0.0629, 0.0496, 0.0475, 0.0391, 0.0206, 0.0169, 0.0153]","[0.041, 0.136, 0.036, 0.076, 0.056, 0.241, 0.248, 0.042, 0.274, 0.077]",2000,0.0586225800216198,-0.13835298689930653,
40,R7,1927,-0.03914768767259454,-0.022023300606233503,0.0487855007707413,-0.022114010533676533,-0.10396571419941268,0.02337717558109612,0.018218901892570746,0.27549394965171814,0.16968460381031036,0.13084834814071655,0.4451785683631897,0.7186828851699829,0.8005009293556213,0,"[0.2755, 0.1697, 0.1308, 0.1022, 0.0404, 0.0234, 0.019, 0.0185, 0.0115, 0.0094]","[0.039, 0.022, 0.049, 0.207, 0.206, 0.278, 0.04, 0.059, 0.174, 0.246]",2000,0.04985319450497627,0.023632461430983565,
