cell,decoder,tier,family,n,rmse,bias,within2x,rho,pull,pull_lo,pull_hi,shift,rho_paired,rho_resid_unpaired,within2x_twin
L14:T0,baseline,clean,-,432,0.3363033626749339,-0.04476889641583945,0.6481481481481481,0.9694238903505689,,,,,,,
L14:T0,rad_all,clean,-,432,0.3009752807565268,-0.0231691712641878,0.6712962962962963,0.9746504169159573,,,,,,,
L14:T0,lofo_entity_age,clean,-,432,0.29566271187860976,-0.03040423225488851,0.6944444444444444,0.9754623567424733,,,,,,,
L14:T0,lofo_prep_time,clean,-,432,0.34128806965937664,0.009013733838791511,0.6226851851851852,0.9686603442885471,,,,,,,
L14:T0,lofo_tenure,clean,-,432,0.33843068292048967,-0.011910870083732993,0.6226851851851852,0.9685312942498954,,,,,,,
L14:T0,lofo_background_event,clean,-,432,0.30289786089923476,-0.026699048272328715,0.6689814814814815,0.9745858918966315,,,,,,,
L14:T0,lofo_other_horizon,clean,-,432,0.294529327397697,-0.07185916161589555,0.7268518518518519,0.9770647280557302,,,,,,,
L14:T0,rad_all,A,entity_age,144,,,0.7361111111111112,,0.03466443818729434,,,0.01267582956540377,0.3020480403148156,0.2536629525973016,0.6666666666666666
L14:T0,baseline,pre-A,entity_age,144,,,0.25,,0.3399346735758059,,,0.21024131436489338,0.8001346729233336,0.8030951794535279,0.6875
L14:T0,rad_all,B,entity_age,144,,,0.5208333333333334,,0.0698296920268817,,,0.13856825687277435,0.33861311368609537,0.36710621739411864,0.6666666666666666
L14:T0,baseline,pre-B,entity_age,144,,,0.2222222222222222,,0.30246344478497217,,,-0.07086375432505664,0.7741272996849957,0.7942314484041435,0.6875
L14:T0,lofo_entity_age,C,entity_age,288,,,0.4583333333333333,,0.06844433173518437,,,-0.04079583942828754,0.2786176328099303,0.2915417039843277,0.75
L14:T0,baseline,pre-C,entity_age,288,,,0.2361111111111111,,0.32282342966304167,,,0.06968878001991836,0.7827046402563029,0.7949805987027043,0.6875
L14:T0,rad_all,A,prep_time,144,,,0.6736111111111112,,0.03998997849920382,,,0.033432575718532385,0.2705540489270011,0.301765484948956,0.6666666666666666
L14:T0,baseline,pre-A,prep_time,144,,,0.22916666666666666,,0.08686180271510119,,,-0.2221246225870022,0.1830579162498316,0.29205575171294185,0.6875
L14:T0,rad_all,B,prep_time,144,,,0.3055555555555556,,0.03488846450381271,,,-0.25069542991038685,0.10679816730176302,0.09764725445901828,0.6666666666666666
L14:T0,baseline,pre-B,prep_time,144,,,0.2361111111111111,,0.0716692518356916,,,0.16770685638193522,0.18390661694197866,0.23829756869914054,0.6875
L14:T0,lofo_prep_time,C,prep_time,288,,,0.19444444444444445,,-0.07020134725873069,,,0.49271152893563275,-0.10914742346718222,-0.07536255474385598,0.6388888888888888
L14:T0,baseline,pre-C,prep_time,288,,,0.2326388888888889,,0.07604067460944623,,,-0.02720888310253348,0.16379863380288764,0.23636043679642862,0.6875
L14:T0,rad_all,A,tenure,144,,,0.7152777777777778,,0.013054664427286651,,,0.008235035741504046,0.10562110126048614,-0.005090633612269269,0.6666666666666666
L14:T0,baseline,pre-A,tenure,144,,,0.22916666666666666,,0.3930125161782315,,,0.43446071014904386,0.7685831794738891,0.7790036039822256,0.6875
L14:T0,rad_all,B,tenure,144,,,0.4861111111111111,,0.05261094175582772,,,0.10376425477845419,0.22195624336293382,0.25041330582474075,0.6666666666666666
L14:T0,baseline,pre-B,tenure,144,,,0.1875,,0.3659857593948934,,,0.5060165576605612,0.6411461797087884,0.6568399742914829,0.6875
L14:T0,lofo_tenure,C,tenure,288,,,0.2986111111111111,,0.029425623318779192,,,0.45587214960037375,0.08324653141705847,0.09119020380053341,0.6388888888888888
L14:T0,baseline,pre-C,tenure,288,,,0.20833333333333334,,0.37906143790620506,,,0.4702386339048026,0.7106871233957474,0.7224363328400427,0.6875
L14:T0,rad_all,A,background_event,144,,,0.7777777777777778,,0.022018580748766933,,,0.005473494282291467,0.14650920843909965,0.17564705178116755,0.6666666666666666
L14:T0,baseline,pre-A,background_event,144,,,0.3055555555555556,,0.2660891461348204,,,0.1665496549308666,0.5667368813758027,0.6163966255570108,0.6875
L14:T0,rad_all,B,background_event,144,,,0.6111111111111112,,0.05502762739275161,,,-0.14043498972522428,0.4045143482877436,0.3115705475439069,0.6666666666666666
L14:T0,baseline,pre-B,background_event,144,,,0.2916666666666667,,0.2862252791254971,,,-0.022672391189862404,0.697936677159401,0.7366287597594172,0.6875
L14:T0,lofo_background_event,C,background_event,288,,,0.5972222222222222,,0.06111001165896256,,,0.17572625684723803,0.3648169192863345,0.34810293998319425,0.6666666666666666
L14:T0,baseline,pre-C,background_event,288,,,0.2986111111111111,,0.2783772173222817,,,0.0719386318705021,0.6280052579937812,0.6768770992720048,0.6875
L14:T0,rad_all,A,other_horizon,144,,,0.7083333333333334,,0.060337311104667064,,,-0.017253847252024994,0.3788687160044352,0.37356489162436557,0.6666666666666666
L14:T0,baseline,pre-A,other_horizon,144,,,0.2638888888888889,,0.30157101588511953,,,0.15743089687476589,0.6813273906652286,0.6891092807749785,0.6875
L14:T0,rad_all,B,other_horizon,144,,,0.4236111111111111,,0.04671975551669034,,,-0.31239505122582323,0.15525549352503776,0.15309093260481269,0.6666666666666666
L14:T0,baseline,pre-B,other_horizon,144,,,0.2777777777777778,,0.24968122397926962,,,0.14961863938828127,0.5997501887894156,0.6260987437236314,0.6875
L14:T0,lofo_other_horizon,C,other_horizon,288,,,0.3888888888888889,,0.20706333909850383,,,-0.14392024244990176,0.6766603739916334,0.6540387027063699,0.75
L14:T0,baseline,pre-C,other_horizon,288,,,0.2708333333333333,,0.27471522186939024,,,0.15352476813152358,0.6397609298977018,0.6561415078047436,0.6875
L14:T1,baseline,clean,-,432,0.26553934156425196,-0.03764596383623498,0.7592592592592593,0.9805813416089855,,,,,,,
L14:T1,rad_all,clean,-,432,0.24323648231880715,0.009471296702716694,0.7962962962962963,0.9830601777680844,,,,,,,
L14:T1,lofo_entity_age,clean,-,432,0.23988972532607586,0.019632650496887255,0.8148148148148148,0.9831892278067359,,,,,,,
L14:T1,lofo_prep_time,clean,-,432,0.24819284805284608,0.010255521740441718,0.7986111111111112,0.9825493546984219,,,,,,,
L14:T1,lofo_tenure,clean,-,432,0.24124532820059663,0.003941273126897967,0.7986111111111112,0.98312470278741,,,,,,,
L14:T1,lofo_background_event,clean,-,432,0.2466172177353227,0.010512922596026342,0.7939814814814815,0.9828558485402193,,,,,,,
L14:T1,lofo_other_horizon,clean,-,432,0.25002479122161,-0.03406272882757809,0.7800925925925926,0.9827483068413431,,,,,,,
L14:T1,rad_all,A,entity_age,144,,,0.8680555555555556,,0.002858944433726664,,,0.0038168851740531897,0.037708773604552506,0.15166918145828515,0.8402777777777778
L14:T1,baseline,pre-A,entity_age,144,,,0.3125,,0.28150564820518115,,,0.09856082851220553,0.7466104031299833,0.7555220704449063,0.7638888888888888
L14:T1,rad_all,B,entity_age,144,,,0.6319444444444444,,0.013837268164293696,,,0.0865768736841917,0.104371543250431,0.2714813756558071,0.8402777777777778
L14:T1,baseline,pre-B,entity_age,144,,,0.2777777777777778,,0.23479307678703845,,,-0.21447847444375562,0.691769226485632,0.7467737593403391,0.7638888888888888
L14:T1,lofo_entity_age,C,entity_age,288,,,0.13194444444444445,,0.039011731760759116,,,-0.7015894614791437,0.26882183597729103,0.3685796987595337,0.8541666666666666
L14:T1,baseline,pre-C,entity_age,288,,,0.2951388888888889,,0.2600232230693237,,,-0.057958822965775036,0.7100087495521874,0.7438718859705344,0.7638888888888888
L14:T1,rad_all,A,prep_time,144,,,0.8472222222222222,,0.016082157960610924,,,-0.0123230629561862,0.21400203815040592,0.34341825074965115,0.8402777777777778
L14:T1,baseline,pre-A,prep_time,144,,,0.3541666666666667,,0.17519319839119546,,,-0.30233917329710824,0.5282428520573292,0.6170494268934474,0.7638888888888888
L14:T1,rad_all,B,prep_time,144,,,0.3263888888888889,,0.011768605908071196,,,0.12223735431850885,0.055016019601241306,0.08613877061593542,0.8402777777777778
L14:T1,baseline,pre-B,prep_time,144,,,0.2847222222222222,,0.11682730279027026,,,0.10726344851821976,0.2570315152414695,0.29668212111927933,0.7638888888888888
L14:T1,lofo_prep_time,C,prep_time,288,,,0.2465277777777778,,0.001784534099176126,,,0.3054854496361225,0.0253193082933446,0.08711420663010012,0.8472222222222222
L14:T1,baseline,pre-C,prep_time,288,,,0.3194444444444444,,0.14201073645180481,,,-0.09753786238944423,0.34924387067088364,0.4167417617635501,0.7638888888888888
L14:T1,rad_all,A,tenure,144,,,0.8333333333333334,,0.0024695734366496926,,,-0.0026295636898705354,0.050444099355688374,0.055251361732533255,0.8402777777777778
L14:T1,baseline,pre-A,tenure,144,,,0.22916666666666666,,0.3671430867113944,,,0.29824449638555134,0.7648390616611541,0.7865541410849872,0.7638888888888888
L14:T1,rad_all,B,tenure,144,,,0.4652777777777778,,0.00742918836867673,,,-0.08972894079110125,-0.008206680748097031,0.085144061516076,0.8402777777777778
L14:T1,baseline,pre-B,tenure,144,,,0.2152777777777778,,0.3183157958023022,,,0.20402432426051753,0.7313151498386883,0.752518254225579,0.7638888888888888
L14:T1,lofo_tenure,C,tenure,288,,,0.4027777777777778,,0.004164780769775545,,,0.18154681131490133,0.01900733752524341,0.07895867663514924,0.8402777777777778
L14:T1,baseline,pre-C,tenure,288,,,0.2222222222222222,,0.33957307158556327,,,0.2511344103230344,0.741282395377297,0.7665349937692019,0.7638888888888888
L14:T1,rad_all,A,background_event,144,,,0.8263888888888888,,0.008757503740328272,,,-0.025738358620669758,0.08565094976609934,0.22834759862319437,0.8402777777777778
L14:T1,baseline,pre-A,background_event,144,,,0.24305555555555555,,0.24841110511686407,,,0.5952695933928079,0.6803821075877334,0.7383925028302116,0.7638888888888888
L14:T1,rad_all,B,background_event,144,,,0.2361111111111111,,0.018968129970752486,,,0.5425116803620872,0.14122650344396068,0.1976869582789,0.8402777777777778
L14:T1,baseline,pre-B,background_event,144,,,0.16666666666666666,,0.310695943233269,,,0.5094376696237325,0.6784579910717553,0.7024948344073149,0.7638888888888888
L14:T1,lofo_background_event,C,background_event,288,,,0.2951388888888889,,0.04575713954605945,,,0.49509593224918036,0.20788437238139984,0.2870451043261424,0.8472222222222222
L14:T1,baseline,pre-C,background_event,288,,,0.2048611111111111,,0.2836767054803553,,,0.5523536315082702,0.6763410260498978,0.7146225323245626,0.7638888888888888
L14:T1,rad_all,A,other_horizon,144,,,0.8125,,0.015015374072085454,,,0.0007746960802660013,0.15402997365992568,0.28821331384005283,0.8402777777777778
L14:T1,baseline,pre-A,other_horizon,144,,,0.2013888888888889,,0.31503915667342963,,,0.4600811620729529,0.7993198974971777,0.8325738111738104,0.7638888888888888
L14:T1,rad_all,B,other_horizon,144,,,0.3472222222222222,,0.007481777944437374,,,0.14656304441153528,0.039046508410522256,0.10473299360617279,0.8402777777777778
L14:T1,baseline,pre-B,other_horizon,144,,,0.2569444444444444,,0.22223590820022315,,,0.3050015028733876,0.5142651059845385,0.5718681519776401,0.7638888888888888
L14:T1,lofo_other_horizon,C,other_horizon,288,,,0.28125,,0.1431848302791628,,,0.4859089919724211,0.4464214278054486,0.48636743984025627,0.8194444444444444
L14:T1,baseline,pre-C,other_horizon,288,,,0.22916666666666666,,0.2675442940584104,,,0.3825413324731703,0.6491430428614047,0.6970704700665177,0.7638888888888888
L14:T2,baseline,clean,-,432,0.19969775153266356,0.0016328588504896215,0.8680555555555556,0.9870338435415639,,,,,,,
L14:T2,rad_all,clean,-,432,0.2231689450639174,0.04922543881327987,0.8495370370370371,0.9862487891397667,,,,,,,
L14:T2,lofo_entity_age,clean,-,432,0.22702065191899595,0.05343980726935605,0.8449074074074074,0.9857110806453853,,,,,,,
L14:T2,lofo_prep_time,clean,-,432,0.23006571449989968,0.056205979409110034,0.8518518518518519,0.9858939015334751,,,,,,,
L14:T2,lofo_tenure,clean,-,432,0.21727500643697023,0.054471528823635144,0.8495370370370371,0.9868563997384179,,,,,,,
L14:T2,lofo_background_event,clean,-,432,0.22712450325941558,0.048455500879685205,0.8495370370370371,0.9859853119775198,,,,,,,
L14:T2,lofo_other_horizon,clean,-,432,0.19304795984148007,0.007570860890556384,0.8958333333333334,0.9876360770552711,,,,,,,
L14:T2,rad_all,A,entity_age,144,,,0.8541666666666666,,-0.0016455375490513585,,,-0.02440768138945533,0.028264496492955014,0.09789971017363568,0.875
L14:T2,baseline,pre-A,entity_age,144,,,0.4097222222222222,,0.16072058276023038,,,0.09126950382091001,0.7760888479896981,0.7839473548010083,0.8819444444444444
L14:T2,rad_all,B,entity_age,144,,,0.7847222222222222,,0.022242241897899192,,,0.0014656546823346083,0.22108534155277507,0.3343020670998141,0.875
L14:T2,baseline,pre-B,entity_age,144,,,0.3541666666666667,,0.19009631087626103,,,-0.009801904166127121,0.7960302300800044,0.7995996560647297,0.8819444444444444
L14:T2,lofo_entity_age,C,entity_age,288,,,0.4791666666666667,,0.027654615140460297,,,-0.11248874975901829,0.10834862211247989,0.20346067218481537,0.8611111111111112
L14:T2,baseline,pre-C,entity_age,288,,,0.3819444444444444,,0.17634834923233308,,,0.04073379982739145,0.7913431288184468,0.7970136127754456,0.8819444444444444
L14:T2,rad_all,A,prep_time,144,,,0.8333333333333334,,0.011463643980674188,,,-0.031250078510780294,0.14791716363164237,0.16034425545492445,0.875
L14:T2,baseline,pre-A,prep_time,144,,,0.5347222222222222,,0.08560940238799133,,,-0.18358954321053025,0.49252325382291723,0.5345759858653775,0.8819444444444444
L14:T2,rad_all,B,prep_time,144,,,0.7013888888888888,,0.012483604604327046,,,0.055732405608080744,0.04151776995224644,0.09531581169653557,0.875
L14:T2,baseline,pre-B,prep_time,144,,,0.5,,0.09624357886334486,,,-0.1525737022943656,0.45964796035237215,0.4576340761730551,0.8819444444444444
L14:T2,lofo_prep_time,C,prep_time,288,,,0.6076388888888888,,0.017840563484123797,,,0.13065706611326772,0.10863017996068848,0.1510805730922232,0.8888888888888888
L14:T2,baseline,pre-C,prep_time,288,,,0.5173611111111112,,0.09076946484258096,,,-0.16808162275244792,0.4783334303787159,0.4966042596505931,0.8819444444444444
L14:T2,rad_all,A,tenure,144,,,0.875,,0.006229941914677555,,,-0.037336485796471676,0.058882934941128035,0.17944031295107538,0.875
L14:T2,baseline,pre-A,tenure,144,,,0.4722222222222222,,0.17106988315523997,,,-0.1654068202439524,0.8155263377507882,0.8046818612518523,0.8819444444444444
L14:T2,rad_all,B,tenure,144,,,0.7638888888888888,,0.01951775422630327,,,-0.08529709098433816,0.16826408984250374,0.15842732874008228,0.875
L14:T2,baseline,pre-B,tenure,144,,,0.4583333333333333,,0.19471638121980073,,,-0.040591680621735966,0.8074786946801382,0.8093941898437279,0.8819444444444444
L14:T2,lofo_tenure,C,tenure,288,,,0.6527777777777778,,0.034740477047217166,,,-0.22662127591878722,0.2641141695825018,0.29713961949832934,0.8541666666666666
L14:T2,baseline,pre-C,tenure,288,,,0.4652777777777778,,0.183699614849076,,,-0.10299925043284418,0.8144535105665265,0.8092341796857643,0.8819444444444444
L14:T2,rad_all,A,background_event,144,,,0.8263888888888888,,0.013395991690215126,,,0.020413830682856023,0.1896230872757696,0.2593344429222703,0.875
L14:T2,baseline,pre-A,background_event,144,,,0.4375,,0.13939826303572073,,,-0.06882740884032462,0.6292170354534828,0.6283608676190423,0.8819444444444444
L14:T2,rad_all,B,background_event,144,,,0.5416666666666666,,0.04477808267931814,,,0.17882059749897702,0.2066585693700319,0.2094561685274817,0.875
L14:T2,baseline,pre-B,background_event,144,,,0.3055555555555556,,0.17223659796164245,,,-0.08888414375033984,0.7404995758350266,0.7440930437183023,0.8819444444444444
L14:T2,lofo_background_event,C,background_event,288,,,0.3784722222222222,,0.004395026516918192,,,0.18813622367968466,-0.007985079433514944,0.06674011132905959,0.8819444444444444
L14:T2,baseline,pre-C,background_event,288,,,0.3715277777777778,,0.15782934704739005,,,-0.07885577629533223,0.6874935596809522,0.6847920922814486,0.8819444444444444
L14:T2,rad_all,A,other_horizon,144,,,0.7916666666666666,,0.025606267558674903,,,-0.1027038883380199,0.21231576784196518,0.25435445467709916,0.875
L14:T2,baseline,pre-A,other_horizon,144,,,0.22916666666666666,,0.38156170865722355,,,-0.03619404755980057,0.8739331904528762,0.895743384531132,0.8819444444444444
L14:T2,rad_all,B,other_horizon,144,,,0.625,,0.06854512087066943,,,0.11975829559737712,0.46146750582268853,0.49976435664431207,0.875
L14:T2,baseline,pre-B,other_horizon,144,,,0.20833333333333334,,0.3375395271998616,,,0.14474309300436397,0.8603898530219751,0.877491291155861,0.8819444444444444
L14:T2,lofo_other_horizon,C,other_horizon,288,,,0.3020833333333333,,0.23167951330331044,,,0.16677236864605938,0.8047795082770367,0.8249941698319672,0.9097222222222222
L14:T2,baseline,pre-C,other_horizon,288,,,0.21875,,0.3580995803211045,,,0.054274522722281705,0.857741258379833,0.8779830496624689,0.8819444444444444
L14:T3,baseline,clean,-,432,0.2823009549214476,-0.05219575378320336,0.75,0.9775056490211231,,,,,,,
L14:T3,rad_all,clean,-,432,0.29843433938866437,-0.0636946314627863,0.7106481481481481,0.9773497135577526,,,,,,,
L14:T3,lofo_entity_age,clean,-,432,0.29590312088003734,-0.07852847781170631,0.7222222222222222,0.9782907034229202,,,,,,,
L14:T3,lofo_prep_time,clean,-,432,0.29766067329106805,-0.05092217284599577,0.7152777777777778,0.9764947570516859,,,,,,,
L14:T3,lofo_tenure,clean,-,432,0.307202359344363,-0.07889238110381057,0.6990740740740741,0.9765216424764049,,,,,,,
L14:T3,lofo_background_event,clean,-,432,0.3047896780853307,-0.06541168859099239,0.7245370370370371,0.9765807904107869,,,,,,,
L14:T3,lofo_other_horizon,clean,-,432,0.2835739257484033,-0.061489464045030626,0.7337962962962963,0.978414376376628,,,,,,,
L14:T3,rad_all,A,entity_age,144,,,0.6944444444444444,,0.034053866886181686,,,0.030316691011950794,0.31288715213921336,0.1984142329716996,0.7083333333333334
L14:T3,baseline,pre-A,entity_age,144,,,0.20833333333333334,,0.29948134918691316,,,0.6722278721524563,0.7285298079191019,0.7475650810674187,0.75
L14:T3,rad_all,B,entity_age,144,,,0.5625,,0.02365550738537569,,,-0.012155170480024223,0.13874334684883796,0.1616893696346532,0.7083333333333334
L14:T3,baseline,pre-B,entity_age,144,,,0.25,,0.2941765284496844,,,0.15592224534215118,0.714379610679415,0.7335009613656063,0.75
L14:T3,lofo_entity_age,C,entity_age,288,,,0.3055555555555556,,0.03490756188983563,,,-0.2748759738761268,0.18133566113122632,0.19248093919440643,0.75
L14:T3,baseline,pre-C,entity_age,288,,,0.22916666666666666,,0.30077877275298914,,,0.4140750587473037,0.7096568092684964,0.7238693184978908,0.75
L14:T3,rad_all,A,prep_time,144,,,0.7013888888888888,,0.03513571856007499,,,0.02330564117049426,0.22793252067137762,0.32708194113625355,0.7083333333333334
L14:T3,baseline,pre-A,prep_time,144,,,0.3263888888888889,,0.2374765222665299,,,-0.07656084851337958,0.6055308011067371,0.6712719860408685,0.75
L14:T3,rad_all,B,prep_time,144,,,0.5625,,0.054347346214395645,,,0.29327504247528685,0.23409494213332038,0.2513235002022876,0.7083333333333334
L14:T3,baseline,pre-B,prep_time,144,,,0.4236111111111111,,0.1625374338967862,,,0.32907801947613025,0.609883318156529,0.647254737747567,0.75
L14:T3,lofo_prep_time,C,prep_time,288,,,0.34375,,0.006203380110374295,,,0.5126829310586843,0.056830214791910645,0.08465359461159302,0.7152777777777778
L14:T3,baseline,pre-C,prep_time,288,,,0.375,,0.19577824359501572,,,0.1262585854813753,0.5586305233440659,0.6137884263230923,0.75
L14:T3,rad_all,A,tenure,144,,,0.7291666666666666,,0.026489101266909173,,,0.03194206081208638,0.2554521346973242,0.11554512367556141,0.7083333333333334
L14:T3,baseline,pre-A,tenure,144,,,0.2152777777777778,,0.4369563374641475,,,0.02840790547271536,0.7378625219937675,0.7623228858685914,0.75
L14:T3,rad_all,B,tenure,144,,,0.4652777777777778,,0.0028267537796934183,,,0.20730444295905734,-0.008130302137166909,0.07731525389573851,0.7083333333333334
L14:T3,baseline,pre-B,tenure,144,,,0.1736111111111111,,0.3693477101637315,,,0.5948537666055951,0.7736449800015398,0.7951435490149236,0.75
L14:T3,lofo_tenure,C,tenure,288,,,0.4166666666666667,,0.09778144471842429,,,0.05720449044498298,0.2993334115078444,0.2870669665491106,0.7083333333333334
L14:T3,baseline,pre-C,tenure,288,,,0.19444444444444445,,0.4139844742813423,,,0.31163083603915526,0.7476934529605828,0.7730249303964575,0.75
L14:T3,rad_all,A,background_event,144,,,0.7291666666666666,,0.010438387914369178,,,0.025709858333878448,0.12079603643479443,0.09720117639645277,0.7083333333333334
L14:T3,baseline,pre-A,background_event,144,,,0.2847222222222222,,0.2797487587354921,,,0.17105528539011358,0.7848345833894961,0.8046872262735453,0.75
L14:T3,rad_all,B,background_event,144,,,0.5972222222222222,,0.019157797505948163,,,0.1931245677583104,0.1341862808516141,0.14168473089216366,0.7083333333333334
L14:T3,baseline,pre-B,background_event,144,,,0.24305555555555555,,0.30828746963896,,,0.27430460975357335,0.7844472057028091,0.7871563750018338,0.75
L14:T3,lofo_background_event,C,background_event,288,,,0.3715277777777778,,0.0217182658606362,,,-0.2964376738182431,0.1164321396129909,0.1337301724500576,0.7222222222222222
L14:T3,baseline,pre-C,background_event,288,,,0.2638888888888889,,0.2949166155844422,,,0.22267994757184345,0.781734930680409,0.7951267130002467,0.75
L14:T3,rad_all,A,other_horizon,144,,,0.6527777777777778,,0.06947368985047044,,,0.034806993756702216,0.4230538539338907,0.4093611841720812,0.7083333333333334
L14:T3,baseline,pre-A,other_horizon,144,,,0.09027777777777778,,0.33231792645313574,,,1.417988932255727,0.6888439890666916,0.7044801215702697,0.75
L14:T3,rad_all,B,other_horizon,144,,,0.5486111111111112,,0.03703196812915159,,,-0.034635978527362284,0.2641950108136907,0.3278797293644533,0.7083333333333334
L14:T3,baseline,pre-B,other_horizon,144,,,0.2013888888888889,,0.28641998932615353,,,0.9305056108072147,0.7779194790196399,0.7917047374707297,0.75
L14:T3,lofo_other_horizon,C,other_horizon,288,,,0.2326388888888889,,0.1991179330051179,,,0.7418856305494321,0.5975656624751463,0.6120519322652562,0.7361111111111112
L14:T3,baseline,pre-C,other_horizon,288,,,0.14583333333333334,,0.3102244923629417,,,1.174247271531471,0.7000130407178554,0.7222322877088179,0.75
L14:T4,baseline,clean,-,432,0.327712574016495,-0.07740291736883544,0.6620370370370371,0.9715048222238254,,,,,,,
L14:T4,rad_all,clean,-,432,0.33742883079585656,-0.11862769282882006,0.5995370370370371,0.9729888976683183,,,,,,,
L14:T4,lofo_entity_age,clean,-,432,0.3259792741597564,-0.11413064050768919,0.6296296296296297,0.974279398054834,,,,,,,
L14:T4,lofo_prep_time,clean,-,432,0.3316502417471907,-0.10906735980054523,0.6412037037037037,0.9733384081896663,,,,,,,
L14:T4,lofo_tenure,clean,-,432,0.33569408719076127,-0.11121396222646102,0.6319444444444444,0.9722145974364089,,,,,,,
L14:T4,lofo_background_event,clean,-,432,0.3346827797319723,-0.11926650798027126,0.6203703703703703,0.9728168309501163,,,,,,,
L14:T4,lofo_other_horizon,clean,-,432,0.34348164507200396,-0.13313268879217935,0.6203703703703703,0.9726071246373075,,,,,,,
L14:T4,rad_all,A,entity_age,144,,,0.6875,,0.02925029293469938,,,0.041657271793533096,0.2528067572260437,0.12413827959093836,0.6041666666666666
L14:T4,baseline,pre-A,entity_age,144,,,0.18055555555555555,,0.31755218574338173,,,0.7846496853846721,0.7540126743796137,0.769265413047397,0.6944444444444444
L14:T4,rad_all,B,entity_age,144,,,0.3680555555555556,,0.017583069414100694,,,-0.19666636373961377,0.06933047227988809,0.16181397797421004,0.6041666666666666
L14:T4,baseline,pre-B,entity_age,144,,,0.3194444444444444,,0.26133384849341046,,,0.4428466329042833,0.6675308946298965,0.7040371184961965,0.6944444444444444
L14:T4,lofo_entity_age,C,entity_age,288,,,0.2673611111111111,,0.0403199716182275,,,-0.3274284920426729,0.1351533587512783,0.19011105722699728,0.6597222222222222
L14:T4,baseline,pre-C,entity_age,288,,,0.25,,0.2914286811184472,,,0.6137481591444777,0.711186405547864,0.733918582672603,0.6944444444444444
L14:T4,rad_all,A,prep_time,144,,,0.6666666666666666,,0.017628032820409457,,,0.05440478991283171,0.1163178206515937,0.10988017305172755,0.6041666666666666
L14:T4,baseline,pre-A,prep_time,144,,,0.3958333333333333,,0.14496674531488174,,,-0.013177538995610052,0.352054707738919,0.44372737232758447,0.6944444444444444
L14:T4,rad_all,B,prep_time,144,,,0.5763888888888888,,-0.044038897183831464,,,0.10125762915274046,-0.18051195588522578,-0.1364235693008971,0.6041666666666666
L14:T4,baseline,pre-B,prep_time,144,,,0.4583333333333333,,0.09541324866562716,,,-0.009245048118357876,0.2988507648612784,0.3479055265025854,0.6944444444444444
L14:T4,lofo_prep_time,C,prep_time,288,,,0.3541666666666667,,0.013440564952959954,,,-0.2973143931816478,0.05333863271480702,0.08955346571123375,0.625
L14:T4,baseline,pre-C,prep_time,288,,,0.4270833333333333,,0.11941325998407416,,,-0.011211293556983963,0.3294017164193471,0.3983516072534093,0.6944444444444444
L14:T4,rad_all,A,tenure,144,,,0.6944444444444444,,0.0011664089820110455,,,0.023902339101621466,0.0006169855976970648,-0.06823619543520666,0.6041666666666666
L14:T4,baseline,pre-A,tenure,144,,,0.20833333333333334,,0.340912467375733,,,0.6073257932723379,0.7327819370068678,0.7463174353797986,0.6944444444444444
L14:T4,rad_all,B,tenure,144,,,0.6041666666666666,,-0.0027451054229253283,,,-0.04129721755254287,-0.011133187524788011,0.05087016484290662,0.6041666666666666
L14:T4,baseline,pre-B,tenure,144,,,0.1736111111111111,,0.291043031185068,,,0.7762033427228661,0.6990351369034841,0.731124203311363,0.6944444444444444
L14:T4,lofo_tenure,C,tenure,288,,,0.2986111111111111,,0.028135608474843456,,,0.57247396158435,0.12288500946187779,0.12313897988688866,0.6666666666666666
L14:T4,baseline,pre-C,tenure,288,,,0.1909722222222222,,0.31858467357073184,,,0.691764567997602,0.7180507584781837,0.7471845072819754,0.6944444444444444
L14:T4,rad_all,A,background_event,144,,,0.6805555555555556,,0.003390342762026606,,,0.0003661716687376224,0.0362343894064107,0.06551693717120098,0.6041666666666666
L14:T4,baseline,pre-A,background_event,144,,,0.16666666666666666,,0.24215757438781918,,,1.0294921382799518,0.5116667996116971,0.5508857177367567,0.6944444444444444
L14:T4,rad_all,B,background_event,144,,,0.5902777777777778,,0.0061310189286809,,,-0.066911132238447,0.06375591815501301,0.09422000438247219,0.6041666666666666
L14:T4,baseline,pre-B,background_event,144,,,0.20833333333333334,,0.2821127547067139,,,0.745377391927286,0.6705113624305511,0.7250042529155312,0.6944444444444444
L14:T4,lofo_background_event,C,background_event,288,,,0.3888888888888889,,0.02503950601297149,,,-0.24639394306574433,0.13446419585914718,0.16674339024579485,0.6527777777777778
L14:T4,baseline,pre-C,background_event,288,,,0.1875,,0.2661520653602996,,,0.887434765103619,0.5930856392221435,0.6361807514396473,0.6944444444444444
L14:T4,rad_all,A,other_horizon,144,,,0.625,,0.06699659144281972,,,0.019806437082824195,0.35284400137862126,0.3237945593212027,0.6041666666666666
L14:T4,baseline,pre-A,other_horizon,144,,,0.14583333333333334,,0.2925506828922809,,,1.2591780511698571,0.7124609804612346,0.729063819871525,0.6944444444444444
L14:T4,rad_all,B,other_horizon,144,,,0.4583333333333333,,0.05287785284936556,,,-0.01094297128164269,0.26626913046983947,0.3057296588892441,0.6041666666666666
L14:T4,baseline,pre-B,other_horizon,144,,,0.14583333333333334,,0.2666994406498437,,,1.1142221337430842,0.7205113841957693,0.7550941137726613,0.6944444444444444
L14:T4,lofo_other_horizon,C,other_horizon,288,,,0.3645833333333333,,0.19970294013680942,,,0.30653965888219553,0.7164212507549679,0.7152818021913289,0.6527777777777778
L14:T4,baseline,pre-C,other_horizon,288,,,0.14583333333333334,,0.27963458862151597,,,1.1867000924564708,0.7141576768998198,0.740401669236158,0.6944444444444444
L14:T5,baseline,clean,-,432,0.27976026188804803,-0.01002867516871895,0.7361111111111112,0.9782423096584258,,,,,,,
L14:T5,rad_all,clean,-,432,0.2866767072447481,-0.025511238671733754,0.7384259259259259,0.9782423096584258,,,,,,,
L14:T5,lofo_entity_age,clean,-,432,0.2983326239258468,-0.025953319055499295,0.7129629629629629,0.976199017379776,,,,,,,
L14:T5,lofo_prep_time,clean,-,432,0.2894330008874256,-0.014337080177160325,0.7106481481481481,0.978124013789662,,,,,,,
L14:T5,lofo_tenure,clean,-,432,0.2956866451976776,-0.026154304468688452,0.7268518518518519,0.9764409862022478,,,,,,,
L14:T5,lofo_background_event,clean,-,432,0.2891511608590691,-0.01852374888106489,0.7361111111111112,0.9781885388089878,,,,,,,
L14:T5,lofo_other_horizon,clean,-,432,0.27549648358422324,-0.033774659171021154,0.7407407407407407,0.9794575308557281,,,,,,,
L14:T5,rad_all,A,entity_age,144,,,0.7777777777777778,,0.02219719799474147,,,-0.019981330279951484,0.14369008374961476,0.16112149796303998,0.7916666666666666
L14:T5,baseline,pre-A,entity_age,144,,,0.1597222222222222,,0.39524706742188054,,,-0.11347080367603334,0.7428660557669473,0.7504351444245928,0.8055555555555556
L14:T5,rad_all,B,entity_age,144,,,0.6527777777777778,,0.038461703386334964,,,-0.06918510960524048,0.22444172747309668,0.28519231263091716,0.7916666666666666
L14:T5,baseline,pre-B,entity_age,144,,,0.1597222222222222,,0.36509124239849294,,,-0.3532445577597551,0.7228127815307139,0.7226600358241605,0.8055555555555556
L14:T5,lofo_entity_age,C,entity_age,288,,,0.5034722222222222,,0.037571692626878754,,,0.017170315660591035,0.1602147223930638,0.17730028017675736,0.7847222222222222
L14:T5,baseline,pre-C,entity_age,288,,,0.1597222222222222,,0.381450579547464,,,-0.2333576807178942,0.7324023003368726,0.7378477032844587,0.8055555555555556
L14:T5,rad_all,A,prep_time,144,,,0.7430555555555556,,0.024936139409099597,,,-0.01640927084922328,0.1357473365266815,0.23807437823894698,0.7916666666666666
L14:T5,baseline,pre-A,prep_time,144,,,0.08333333333333333,,0.20894003872649458,,,-1.167663395725402,0.5659642913811781,0.6011472514922168,0.8055555555555556
L14:T5,rad_all,B,prep_time,144,,,0.4444444444444444,,0.038255145623745546,,,0.17768547110060426,0.15101317534646794,0.1254979461484349,0.7916666666666666
L14:T5,baseline,pre-B,prep_time,144,,,0.14583333333333334,,0.1810258488176148,,,-0.6000029354292402,0.5301298868995657,0.5442552142570904,0.8055555555555556
L14:T5,lofo_prep_time,C,prep_time,288,,,0.4166666666666667,,0.06861336421025076,,,-0.03412993114422064,0.25310867602806386,0.27658836596392733,0.75
L14:T5,baseline,pre-C,prep_time,288,,,0.11458333333333333,,0.19015411181735034,,,-0.8838331655773211,0.4806410548812178,0.5068923560881572,0.8055555555555556
L14:T5,rad_all,A,tenure,144,,,0.8055555555555556,,0.011660638486113256,,,0.011036603900531261,0.08350809627201446,0.09448320490075607,0.7916666666666666
L14:T5,baseline,pre-A,tenure,144,,,0.18055555555555555,,0.4502150047779564,,,-0.217046702309799,0.7468459930742426,0.7474609689468658,0.8055555555555556
L14:T5,rad_all,B,tenure,144,,,0.6041666666666666,,0.026418944104188966,,,0.12931624994546473,0.12423182064128857,0.1279924622478743,0.7916666666666666
L14:T5,baseline,pre-B,tenure,144,,,0.20833333333333334,,0.36693788368917546,,,-0.04993346385867487,0.6579092748445046,0.6831885850989293,0.8055555555555556
L14:T5,lofo_tenure,C,tenure,288,,,0.4826388888888889,,0.07444354651831725,,,0.18321456901692065,0.27837946980514394,0.29893700663082456,0.7777777777777778
L14:T5,baseline,pre-C,tenure,288,,,0.19444444444444445,,0.41132116111703776,,,-0.13349008308423693,0.705088720931067,0.7219550199475394,0.8055555555555556
L14:T5,rad_all,A,background_event,144,,,0.7847222222222222,,0.02686674603768562,,,-0.016320860315335313,0.16768830853143735,0.13538907550961546,0.7916666666666666
L14:T5,baseline,pre-A,background_event,144,,,0.24305555555555555,,0.3038304427676782,,,-0.032103047877073534,0.6824963999863991,0.6925191910435722,0.8055555555555556
L14:T5,rad_all,B,background_event,144,,,0.4861111111111111,,0.028211391442799178,,,-0.2262916510451539,0.17312355533180898,0.15899286590937425,0.7916666666666666
L14:T5,baseline,pre-B,background_event,144,,,0.22916666666666666,,0.35196271682037006,,,-0.08729550043125363,0.7806246240954317,0.8061929117973539,0.8055555555555556
L14:T5,lofo_background_event,C,background_event,288,,,0.4722222222222222,,0.051483612136451404,,,-0.1453129638548557,0.21833227368442693,0.20484302350602426,0.7847222222222222
L14:T5,baseline,pre-C,background_event,288,,,0.2361111111111111,,0.3309432952709469,,,-0.05969927415416359,0.7335368234142242,0.7553776623190446,0.8055555555555556
L14:T5,rad_all,A,other_horizon,144,,,0.6597222222222222,,0.07530819684363423,,,-0.005245391095095241,0.47184542061632834,0.43916630564098397,0.7916666666666666
L14:T5,baseline,pre-A,other_horizon,144,,,0.2569444444444444,,0.3312909863966535,,,0.49393420561135787,0.677557032750484,0.6930484606859055,0.8055555555555556
L14:T5,rad_all,B,other_horizon,144,,,0.4027777777777778,,0.09027268195313191,,,0.1446493295415087,0.3611580949327789,0.3172036405917184,0.7916666666666666
L14:T5,baseline,pre-B,other_horizon,144,,,0.16666666666666666,,0.3510511361636974,,,0.4002921188046077,0.7816034531763459,0.8085408812299919,0.8055555555555556
L14:T5,lofo_other_horizon,C,other_horizon,288,,,0.2916666666666667,,0.22800224968245167,,,0.4692742905094194,0.689403809977835,0.6954793617768152,0.8472222222222222
L14:T5,baseline,pre-C,other_horizon,288,,,0.21180555555555555,,0.3417664406347386,,,0.4471131622079828,0.7279491242192452,0.7535957601436931,0.8055555555555556
L14:T6,baseline,clean,-,432,0.25990912899412494,-0.07599041602298709,0.7824074074074074,0.981877219080445,,,,,,,
L14:T6,rad_all,clean,-,432,0.2381396705385448,-0.05595926007912149,0.8101851851851852,0.9849260262435884,,,,,,,
L14:T6,lofo_entity_age,clean,-,432,0.23849929342104828,-0.060921732193936116,0.8101851851851852,0.9850013054328016,,,,,,,
L14:T6,lofo_prep_time,clean,-,432,0.23967447193271174,-0.050176980321801366,0.8078703703703703,0.9846625490813412,,,,,,,
L14:T6,lofo_tenure,clean,-,432,0.2396744649377183,-0.0589649545131577,0.8078703703703703,0.9846571719963975,,,,,,,
L14:T6,lofo_background_event,clean,-,432,0.2379037088882886,-0.0536998381424959,0.8101851851851852,0.9849098949887568,,,,,,,
L14:T6,lofo_other_horizon,clean,-,432,0.2477437563453696,-0.0741982942789201,0.8009259259259259,0.9831515882121291,,,,,,,
L14:T6,rad_all,A,entity_age,144,,,0.8263888888888888,,0.012223999105798591,,,0.03714557871646059,0.11895488085273662,0.15978896854720914,0.8888888888888888
L14:T6,baseline,pre-A,entity_age,144,,,0.2847222222222222,,0.286678176588196,,,0.136952161412378,0.7751301503556843,0.7864134386520256,0.8125
L14:T6,rad_all,B,entity_age,144,,,0.6458333333333334,,0.03629427429426349,,,0.1707438070657763,0.2236639302568305,0.3023058612007006,0.8888888888888888
L14:T6,baseline,pre-B,entity_age,144,,,0.2361111111111111,,0.27203098664814324,,,-0.004035837640235012,0.7527750577583512,0.7573534093311012,0.8125
L14:T6,lofo_entity_age,C,entity_age,288,,,0.6041666666666666,,0.032933729537032504,,,0.13410421373516673,0.16587967980742074,0.21949518204062682,0.8819444444444444
L14:T6,baseline,pre-C,entity_age,288,,,0.2604166666666667,,0.28007451255776006,,,0.06645816188607151,0.7632474420598143,0.7740583642931638,0.8125
L14:T6,rad_all,A,prep_time,144,,,0.8194444444444444,,0.007333239070691953,,,0.0034660128205208857,0.10897773665699138,0.2039807734195496,0.8888888888888888
L14:T6,baseline,pre-A,prep_time,144,,,0.06944444444444445,,0.23668780729272165,,,-1.2266458890949379,0.593174055104871,0.6562099407354057,0.8125
L14:T6,rad_all,B,prep_time,144,,,0.3888888888888889,,0.04684362577024918,,,0.4653657505220592,0.22569973832393211,0.24790472077212974,0.8888888888888888
L14:T6,baseline,pre-B,prep_time,144,,,0.3611111111111111,,0.14500718690850095,,,-0.27936816680434057,0.47112227649979793,0.5008381223992008,0.8125
L14:T6,lofo_prep_time,C,prep_time,288,,,0.3506944444444444,,-0.0027756332782706327,,,0.3868206546770652,0.07512767243274786,0.11850277335806761,0.8888888888888888
L14:T6,baseline,pre-C,prep_time,288,,,0.2152777777777778,,0.18227961090562722,,,-0.7530070279496393,0.40403500554914223,0.44342238261721023,0.8125
L14:T6,rad_all,A,tenure,144,,,0.8194444444444444,,0.00017887579248788009,,,0.0360697959966115,1.4068075517522653e-05,-0.020627818158836072,0.8888888888888888
L14:T6,baseline,pre-A,tenure,144,,,0.2222222222222222,,0.4058261773113568,,,-0.1500405543163344,0.7564504692025626,0.7805993256909274,0.8125
L14:T6,rad_all,B,tenure,144,,,0.4583333333333333,,0.036386859814233265,,,0.33962629650037307,0.18224137564271606,0.24057252479542826,0.8888888888888888
L14:T6,baseline,pre-B,tenure,144,,,0.20833333333333334,,0.3823386768560087,,,0.2207823292326316,0.7132777378785063,0.7326377057858467,0.8125
L14:T6,lofo_tenure,C,tenure,288,,,0.2465277777777778,,0.054460680332962155,,,0.7089041695799632,0.21559853339818352,0.2449872574555718,0.8680555555555556
L14:T6,baseline,pre-C,tenure,288,,,0.2152777777777778,,0.3997768531915477,,,0.03537088745814861,0.739369704164604,0.7646886212431587,0.8125
L14:T6,rad_all,A,background_event,144,,,0.8680555555555556,,0.010821961292825841,,,0.013459928018430026,0.053807937632582716,0.1314720071778669,0.8888888888888888
L14:T6,baseline,pre-A,background_event,144,,,0.2916666666666667,,0.2532943366329742,,,0.11058532142596744,0.6379796921627818,0.6651338790433641,0.8125
L14:T6,rad_all,B,background_event,144,,,0.3958333333333333,,-0.00812890274174849,,,-0.073870687403933,-0.03932114045654035,-0.029678266349181262,0.8888888888888888
L14:T6,baseline,pre-B,background_event,144,,,0.2777777777777778,,0.26136648863016904,,,0.010034758186687802,0.7706682259445653,0.7938227804653831,0.8125
L14:T6,lofo_background_event,C,background_event,288,,,0.4340277777777778,,0.0077623336396609845,,,-0.1676090741678865,0.022669566908443357,0.03485907816876611,0.8958333333333334
L14:T6,baseline,pre-C,background_event,288,,,0.2847222222222222,,0.2582816827090435,,,0.060310039806327626,0.7025345082159417,0.7338573620418759,0.8125
L14:T6,rad_all,A,other_horizon,144,,,0.7847222222222222,,0.053043861064886684,,,0.007749063901996774,0.36947095821693765,0.43178034330799553,0.8888888888888888
L14:T6,baseline,pre-A,other_horizon,144,,,0.22916666666666666,,0.28272750632887456,,,0.4845668412236413,0.6316635770025143,0.6523784378912519,0.8125
L14:T6,rad_all,B,other_horizon,144,,,0.5694444444444444,,0.04817787571137714,,,0.28291830693259845,0.37386810724429537,0.366972463309948,0.8888888888888888
L14:T6,baseline,pre-B,other_horizon,144,,,0.2916666666666667,,0.2474158674015763,,,0.3488655839257594,0.695652095410009,0.7269829590918925,0.8125
L14:T6,lofo_other_horizon,C,other_horizon,288,,,0.3229166666666667,,0.18899482479502622,,,0.3584332478715302,0.6777711856204719,0.6843802887309975,0.8333333333333334
L14:T6,baseline,pre-C,other_horizon,288,,,0.2604166666666667,,0.26489073433698024,,,0.4167162125747004,0.6613936221276197,0.688213116372974,0.8125
L14:T7,baseline,clean,-,432,0.29571396764996377,0.003230021776800791,0.7430555555555556,0.9744998585375304,,,,,,,
L14:T7,rad_all,clean,-,432,0.32603832421695494,0.028544665248836094,0.6828703703703703,0.9736502791164076,,,,,,,
L14:T7,lofo_entity_age,clean,-,432,0.3264530494400389,0.017619196435869358,0.6689814814814815,0.9732792602552843,,,,,,,
L14:T7,lofo_prep_time,clean,-,432,0.3358421858075547,0.03306279735687867,0.6805555555555556,0.971219836721803,,,,,,,
L14:T7,lofo_tenure,clean,-,432,0.3131253777125217,0.03745925624089789,0.6805555555555556,0.9747902211244965,,,,,,,
L14:T7,lofo_background_event,clean,-,432,0.32019741688835085,0.02941752910610456,0.6759259259259259,0.973725558305621,,,,,,,
L14:T7,lofo_other_horizon,clean,-,432,0.2898662050046228,-0.010312832667449453,0.7337962962962963,0.9778712907973026,,,,,,,
L14:T7,rad_all,A,entity_age,144,,,0.7083333333333334,,0.028610418566281028,,,0.023468348315569924,0.22396744412233816,0.08887750120279908,0.7430555555555556
L14:T7,baseline,pre-A,entity_age,144,,,0.19444444444444445,,0.3472326468955257,,,0.7614106874936519,0.7148387213721341,0.7465079008672271,0.8055555555555556
L14:T7,rad_all,B,entity_age,144,,,0.4791666666666667,,0.022625292723105987,,,0.11111830726970101,0.06203686479195574,0.11473212374100451,0.7430555555555556
L14:T7,baseline,pre-B,entity_age,144,,,0.18055555555555555,,0.34703501599249975,,,0.38646042880865267,0.7296803088898391,0.7564871803899883,0.8055555555555556
L14:T7,lofo_entity_age,C,entity_age,288,,,0.3541666666666667,,0.03591562025228981,,,-0.06089287652203509,0.10073781927523222,0.11342575635493334,0.75
L14:T7,baseline,pre-C,entity_age,288,,,0.1875,,0.3498873300296677,,,0.5739355581511523,0.7194857653569867,0.7493378878497855,0.8055555555555556
L14:T7,rad_all,A,prep_time,144,,,0.6805555555555556,,0.044971197062438156,,,0.08715068877152676,0.26271953430187517,0.27492553925784996,0.7430555555555556
L14:T7,baseline,pre-A,prep_time,144,,,0.1597222222222222,,0.2284804732773124,,,-0.5799020226962803,0.5041202649534909,0.5991413906415562,0.8055555555555556
L14:T7,rad_all,B,prep_time,144,,,0.4930555555555556,,0.05667819896113067,,,-0.05637993069496177,0.24653600308139637,0.22362555821110267,0.7430555555555556
L14:T7,baseline,pre-B,prep_time,144,,,0.2361111111111111,,0.1701820081445394,,,-0.3231894847083482,0.35521339364429855,0.379962864486723,0.8055555555555556
L14:T7,lofo_prep_time,C,prep_time,288,,,0.3333333333333333,,0.061110711398005946,,,-0.214485689219037,0.2281146860158797,0.2597964160134335,0.7569444444444444
L14:T7,baseline,pre-C,prep_time,288,,,0.19791666666666666,,0.19645888476051865,,,-0.4515457537023142,0.41866453097127376,0.4809284402971618,0.8055555555555556
L14:T7,rad_all,A,tenure,144,,,0.6805555555555556,,0.02816632461640361,,,0.011699657147380218,0.16387298252839957,0.09193688323208447,0.7430555555555556
L14:T7,baseline,pre-A,tenure,144,,,0.14583333333333334,,0.48507085082487866,,,0.08896784204667041,0.7495289760479416,0.7685650919482236,0.8055555555555556
L14:T7,rad_all,B,tenure,144,,,0.4583333333333333,,0.050030356141075615,,,0.2651026740460473,0.19051237522107003,0.28334454691629646,0.7430555555555556
L14:T7,baseline,pre-B,tenure,144,,,0.2013888888888889,,0.42384499410076293,,,0.5360102526020911,0.6825735362845974,0.7219286205480654,0.8055555555555556
L14:T7,lofo_tenure,C,tenure,288,,,0.34375,,0.16250700271452712,,,0.08766526066728546,0.43914300004415957,0.47303461220077586,0.7083333333333334
L14:T7,baseline,pre-C,tenure,288,,,0.1736111111111111,,0.4622626768302157,,,0.3124890473243808,0.7210737852779667,0.7507968660472139,0.8055555555555556
L14:T7,rad_all,A,background_event,144,,,0.7291666666666666,,-0.005286977687889184,,,0.009541880291576642,-0.05097816225490086,-0.03295040292407252,0.7430555555555556
L14:T7,baseline,pre-A,background_event,144,,,0.1875,,0.28558166607197283,,,0.7380968005034102,0.7146991633930728,0.7651025275243821,0.8055555555555556
L14:T7,rad_all,B,background_event,144,,,0.4097222222222222,,0.009352680789114238,,,-0.049229092849756365,0.10183703082409182,0.07433735462338434,0.7430555555555556
L14:T7,baseline,pre-B,background_event,144,,,0.2222222222222222,,0.3513476044926944,,,0.5534564739948125,0.778021972580419,0.8166658207122034,0.8055555555555556
L14:T7,lofo_background_event,C,background_event,288,,,0.4409722222222222,,-0.0034726120009384567,,,0.3176801115548448,0.016777031964222137,0.009240606127091176,0.7708333333333334
L14:T7,baseline,pre-C,background_event,288,,,0.2048611111111111,,0.3233880678350148,,,0.6457766372491113,0.750701968371959,0.7939181617952056,0.8055555555555556
L14:T7,rad_all,A,other_horizon,144,,,0.6527777777777778,,0.09514519094319518,,,-0.010895562505077486,0.5004527098266021,0.44021541376011863,0.7430555555555556
L14:T7,baseline,pre-A,other_horizon,144,,,0.1875,,0.3528459076708681,,,1.0327667904911033,0.7145451281998222,0.7280287802520722,0.8055555555555556
L14:T7,rad_all,B,other_horizon,144,,,0.5625,,0.04972968697538605,,,0.06250065413133866,0.26944261393598185,0.3808320845781671,0.7430555555555556
L14:T7,baseline,pre-B,other_horizon,144,,,0.13194444444444445,,0.3194616843338527,,,0.8511913747691333,0.7065171059343699,0.7364189976438484,0.8055555555555556
L14:T7,lofo_other_horizon,C,other_horizon,288,,,0.2152777777777778,,0.24099268677334162,,,0.7797656821106629,0.6908055125759625,0.6819388644386676,0.7777777777777778
L14:T7,baseline,pre-C,other_horizon,288,,,0.1597222222222222,,0.33615144642813505,,,0.9419790826301183,0.7074807494700298,0.7313079352299193,0.8055555555555556
L14:T8,baseline,clean,-,432,0.2805634864906802,-0.05599747096927245,0.7453703703703703,0.9795381871298854,,,,,,,
L14:T8,rad_all,clean,-,432,0.2744943896139269,-0.02984627972552801,0.7546296296296297,0.9785541805851672,,,,,,,
L14:T8,lofo_entity_age,clean,-,432,0.2775534928537959,-0.029519351550881354,0.7546296296296297,0.9784036222067403,,,,,,,
L14:T8,lofo_prep_time,clean,-,432,0.2751793001341848,-0.04857992323413439,0.7754629629629629,0.9790381182301106,,,,,,,
L14:T8,lofo_tenure,clean,-,432,0.27407043190459446,-0.029941021368750338,0.7638888888888888,0.9789735932107847,,,,,,,
L14:T8,lofo_background_event,clean,-,432,0.27473173583401606,-0.037362103859238306,0.7476851851851852,0.9786187056044928,,,,,,,
L14:T8,lofo_other_horizon,clean,-,432,0.2700710418094515,-0.0328219452033885,0.7800925925925926,0.9796779913384246,,,,,,,
L14:T8,rad_all,A,entity_age,144,,,0.7152777777777778,,0.019434748519858807,,,-0.001285992296320747,0.15126721180041763,0.2526077822453993,0.75
L14:T8,baseline,pre-A,entity_age,144,,,0.22916666666666666,,0.24531759783451138,,,0.46775780754682217,0.5830951758543422,0.6636539149875729,0.7291666666666666
L14:T8,rad_all,B,entity_age,144,,,0.5347222222222222,,0.00570495737648405,,,-0.1951896734252726,0.016607075963842626,0.12316127496844682,0.75
L14:T8,baseline,pre-B,entity_age,144,,,0.25,,0.2929473424358526,,,0.03058731809995023,0.6500113640505892,0.6772925511658258,0.7291666666666666
L14:T8,lofo_entity_age,C,entity_age,288,,,0.3645833333333333,,0.03096877167742119,,,-0.2539273408872535,0.14922117304605026,0.22127422635832783,0.7708333333333334
L14:T8,baseline,pre-C,entity_age,288,,,0.23958333333333334,,0.2729730720718318,,,0.24917256282338618,0.609378446651987,0.6615527772880948,0.7291666666666666
L14:T8,rad_all,A,prep_time,144,,,0.6597222222222222,,0.027187583627030918,,,0.04349755490077355,0.17381447531577462,0.30641433880424496,0.75
L14:T8,baseline,pre-A,prep_time,144,,,0.1736111111111111,,0.22170477741136538,,,-0.7799555534676974,0.47692859015530514,0.5965144766818231,0.7291666666666666
L14:T8,rad_all,B,prep_time,144,,,0.4583333333333333,,0.017127900076859513,,,0.04580425373256804,0.06075619247162985,0.14969068453809412,0.75
L14:T8,baseline,pre-B,prep_time,144,,,0.14583333333333334,,0.2072889859866337,,,-0.19150023225007023,0.4155173666145847,0.4426786747975086,0.7291666666666666
L14:T8,lofo_prep_time,C,prep_time,288,,,0.2326388888888889,,0.06480090701232753,,,-0.542701074636259,0.24251385092540576,0.333873021505351,0.7638888888888888
L14:T8,baseline,pre-C,prep_time,288,,,0.1597222222222222,,0.2096768582947644,,,-0.4857278928588838,0.41403420930459456,0.48339910075678577,0.7291666666666666
L14:T8,rad_all,A,tenure,144,,,0.7708333333333334,,0.010634179790858242,,,0.010494196319020507,0.03878568420180995,0.09777312484678244,0.75
L14:T8,baseline,pre-A,tenure,144,,,0.1875,,0.39036109528858726,,,-0.08223864657735759,0.7342992794376864,0.7411504322147199,0.7291666666666666
L14:T8,rad_all,B,tenure,144,,,0.5902777777777778,,0.04481457737650291,,,0.10262774536089658,0.15538625404699613,0.2844439969210011,0.75
L14:T8,baseline,pre-B,tenure,144,,,0.2222222222222222,,0.3453741557685001,,,0.28179198465286637,0.6328631203497612,0.6615452987174675,0.7291666666666666
L14:T8,lofo_tenure,C,tenure,288,,,0.4791666666666667,,0.06970030797769337,,,0.2790933122434458,0.264340758428555,0.3347104115211266,0.7569444444444444
L14:T8,baseline,pre-C,tenure,288,,,0.2048611111111111,,0.37412007804409103,,,0.0997766690377544,0.69143511010991,0.7138166620256042,0.7291666666666666
L14:T8,rad_all,A,background_event,144,,,0.7430555555555556,,0.020898451520870175,,,0.0010607186501360106,0.11422404390282023,0.24212667532020207,0.75
L14:T8,baseline,pre-A,background_event,144,,,0.24305555555555555,,0.2664632000467341,,,0.2196609199332303,0.5645100410927973,0.6314901007604135,0.7291666666666666
L14:T8,rad_all,B,background_event,144,,,0.6805555555555556,,0.015404022247666297,,,0.13521336104276258,0.10896568327486351,0.19510641422849379,0.75
L14:T8,baseline,pre-B,background_event,144,,,0.2013888888888889,,0.24952033932012613,,,0.12215699565180718,0.5865974560936266,0.6559746995671646,0.7291666666666666
L14:T8,lofo_background_event,C,background_event,288,,,0.5416666666666666,,0.013583648871364038,,,-0.1558623945991691,0.06541022771245442,0.14538511772319943,0.75
L14:T8,baseline,pre-C,background_event,288,,,0.2222222222222222,,0.257411418247118,,,0.17090895779251875,0.578211491352327,0.6481248346128101,0.7291666666666666
L14:T8,rad_all,A,other_horizon,144,,,0.6666666666666666,,0.07917879975152728,,,-0.02604442061734054,0.4991342904278428,0.5970008035720245,0.75
L14:T8,baseline,pre-A,other_horizon,144,,,0.25,,0.3318551992063721,,,0.2961732192544245,0.6459230063229365,0.6867236651860649,0.7291666666666666
L14:T8,rad_all,B,other_horizon,144,,,0.4305555555555556,,0.03915299852331131,,,-0.2388020485688953,0.18964327193269864,0.30676470891145013,0.75
L14:T8,baseline,pre-B,other_horizon,144,,,0.2638888888888889,,0.281126385613278,,,0.020608186711262844,0.6185720207466187,0.6785345788291764,0.7291666666666666
L14:T8,lofo_other_horizon,C,other_horizon,288,,,0.3298611111111111,,0.19511920987546655,,,0.00831479537253266,0.6282684758001514,0.6706591777426612,0.7986111111111112
L14:T8,baseline,pre-C,other_horizon,288,,,0.2569444444444444,,0.3065263547862564,,,0.15839070298284366,0.6342689184455763,0.6760308638283882,0.7291666666666666
L14:R0,baseline,clean,-,432,0.25223621647551586,-0.054625761393237625,0.7962962962962963,0.9827751922660621,,,,,,,
L14:R0,rad_all,clean,-,432,0.24717637659479624,0.0034761428556598054,0.8032407407407407,0.9821514504125796,,,,,,,
L14:R0,lofo_entity_age,clean,-,432,0.24675206680323927,-0.0025599835359998106,0.8101851851851852,0.9828020776907812,,,,,,,
L14:R0,lofo_prep_time,clean,-,432,0.2518136978792142,0.0053227468043529,0.8055555555555556,0.9821138108179728,,,,,,,
L14:R0,lofo_tenure,clean,-,432,0.2478338704877277,0.0002697900837615596,0.7986111111111112,0.9823987963199952,,,,,,,
L14:R0,lofo_background_event,clean,-,432,0.24374288098215008,-0.008060470586012232,0.8101851851851852,0.9825654859532533,,,,,,,
L14:R0,lofo_other_horizon,clean,-,432,0.25359022225120187,-0.009525872104529445,0.7685185185185185,0.9808501958561762,,,,,,,
L14:R0,rad_all,A,entity_age,144,,,0.8194444444444444,,0.013902717204088439,,,0.010303959835628682,0.15312833131634426,0.2575278908576978,0.8402777777777778
L14:R0,baseline,pre-A,entity_age,144,,,0.18055555555555555,,0.33216853418091746,,,0.015273848861466741,0.7310642266119568,0.7638327931213175,0.7708333333333334
L14:R0,rad_all,B,entity_age,144,,,0.5347222222222222,,0.004675351266748444,,,-0.24164054933906184,0.02192302851429207,0.1875355510330577,0.8402777777777778
L14:R0,baseline,pre-B,entity_age,144,,,0.22916666666666666,,0.2930915145078487,,,-0.38966301168711354,0.7830689529541638,0.8018405963648246,0.7708333333333334
L14:R0,lofo_entity_age,C,entity_age,288,,,0.4340277777777778,,0.012736251892999815,,,-0.3539073320251476,0.0922771849035617,0.22301634332292214,0.8402777777777778
L14:R0,baseline,pre-C,entity_age,288,,,0.2048611111111111,,0.3152900656251642,,,-0.1871945814128234,0.7478092963963529,0.7722102381924401,0.7708333333333334
L14:R0,rad_all,A,prep_time,144,,,0.8055555555555556,,0.004563428382206085,,,-0.035441177353937196,0.031906854713667,0.28161844169542544,0.8402777777777778
L14:R0,baseline,pre-A,prep_time,144,,,0.1527777777777778,,0.26993370822441426,,,-0.866574277336744,0.6229484264893285,0.6716317546703958,0.7708333333333334
L14:R0,rad_all,B,prep_time,144,,,0.3402777777777778,,0.02233372692604532,,,-0.10828643960460006,0.10119868494290364,0.12917398822824605,0.8402777777777778
L14:R0,baseline,pre-B,prep_time,144,,,0.3958333333333333,,0.2304681514996281,,,-0.011114102260592248,0.6822203495914566,0.7479790946801723,0.7708333333333334
L14:R0,lofo_prep_time,C,prep_time,288,,,0.2951388888888889,,0.12446473093183937,,,-0.31080985136332395,0.42974117882548846,0.4871883679019783,0.8402777777777778
L14:R0,baseline,pre-C,prep_time,288,,,0.2743055555555556,,0.24298910883572247,,,-0.4388441897986681,0.5278760132505764,0.5827296996747878,0.7708333333333334
L14:R0,rad_all,A,tenure,144,,,0.8055555555555556,,-0.004808063915077209,,,-0.045980629107451404,-0.06752073330888694,-0.004489725815163658,0.8402777777777778
L14:R0,baseline,pre-A,tenure,144,,,0.13194444444444445,,0.44841476603966096,,,-0.2169459267755601,0.7693589333524268,0.7932304477805887,0.7708333333333334
L14:R0,rad_all,B,tenure,144,,,0.3541666666666667,,-0.0010410079897926394,,,0.3023604475609527,-0.052918317593901205,0.03412716934164572,0.8402777777777778
L14:R0,baseline,pre-B,tenure,144,,,0.11805555555555555,,0.3927563700552099,,,0.26765737152387536,0.652391925186526,0.6791063493410588,0.7708333333333334
L14:R0,lofo_tenure,C,tenure,288,,,0.3541666666666667,,0.051818849512324724,,,0.24459963607702814,0.11842130967748826,0.1773580231230827,0.8333333333333334
L14:R0,baseline,pre-C,tenure,288,,,0.125,,0.4292806606908782,,,0.025355722374157643,0.7167258919880678,0.7451615361320127,0.7708333333333334
L14:R0,rad_all,A,background_event,144,,,0.8263888888888888,,-0.0060354207391177484,,,-0.021993511105808175,-0.07991904679937444,0.08139623778133193,0.8402777777777778
L14:R0,baseline,pre-A,background_event,144,,,0.2222222222222222,,0.32097160304658356,,,-0.1435789982281108,0.6189008159835674,0.6626739038570838,0.7708333333333334
L14:R0,rad_all,B,background_event,144,,,0.6388888888888888,,0.01579361493399827,,,-0.011806341797360002,0.11912506814620578,0.24389356907554297,0.8402777777777778
L14:R0,baseline,pre-B,background_event,144,,,0.19444444444444445,,0.3485607564124965,,,-0.3764841590713018,0.7824153287285407,0.8254967479376589,0.7708333333333334
L14:R0,lofo_background_event,C,background_event,288,,,0.4722222222222222,,0.04759584410425491,,,-0.0645251270055984,0.2182242551813781,0.3133546435815084,0.8541666666666666
L14:R0,baseline,pre-C,background_event,288,,,0.20833333333333334,,0.33767146346257076,,,-0.2600315786497063,0.6989297046839651,0.7454891963794819,0.7708333333333334
L14:R0,rad_all,A,other_horizon,144,,,0.7638888888888888,,0.029401288470122054,,,-0.056011840568921535,0.2674662963806137,0.36888611058730514,0.8402777777777778
L14:R0,baseline,pre-A,other_horizon,144,,,0.2847222222222222,,0.2999182294858189,,,0.20457967607521965,0.7593754073289753,0.7921952073011385,0.7708333333333334
L14:R0,rad_all,B,other_horizon,144,,,0.4583333333333333,,0.022881712082989756,,,0.3194596968710215,0.17397080577121765,0.2823395381932559,0.8402777777777778
L14:R0,baseline,pre-B,other_horizon,144,,,0.2638888888888889,,0.25579469037457775,,,0.37800821963004805,0.703874211217475,0.7467172429133315,0.7708333333333334
L14:R0,lofo_other_horizon,C,other_horizon,288,,,0.2881944444444444,,0.191200341478376,,,0.29898851041658986,0.6615044018490845,0.6803284136579159,0.8263888888888888
L14:R0,baseline,pre-C,other_horizon,288,,,0.2743055555555556,,0.27644598482160226,,,0.29129394785263385,0.7220157522895372,0.7632192774437402,0.7708333333333334
L18:T0,baseline,clean,-,432,0.238574199922818,-0.02864376400646286,0.7685185185185185,0.982662273482242,,,,,,,
L18:T0,rad_all,clean,-,432,0.23259709692822503,0.011062082086568883,0.8402777777777778,0.9844528427685325,,,,,,,
L18:T0,lofo_entity_age,clean,-,432,0.23071669965010969,0.013942207495136482,0.8310185185185185,0.9841624801815665,,,,,,,
L18:T0,lofo_prep_time,clean,-,432,0.23575697252058495,0.006927635179907683,0.8217592592592593,0.983592509177522,,,,,,,
L18:T0,lofo_tenure,clean,-,432,0.23702439474007536,0.010092901329390391,0.8194444444444444,0.9840280530579711,,,,,,,
L18:T0,lofo_background_event,clean,-,432,0.22966118265601915,0.003724674415519495,0.8356481481481481,0.9847485824404424,,,,,,,
L18:T0,lofo_other_horizon,clean,-,432,0.22796360108095062,-0.00012492578414794822,0.8310185185185185,0.984409826088982,,,,,,,
L18:T0,rad_all,A,entity_age,144,,,0.875,,0.006831215257607011,,,-0.015162364667297867,0.08152547616040205,0.18563561754809096,0.8888888888888888
L18:T0,baseline,pre-A,entity_age,144,,,0.3125,,0.17931646006577373,,,0.4600501199648615,0.6772947553273073,0.673214763299952,0.7777777777777778
L18:T0,rad_all,B,entity_age,144,,,0.7152777777777778,,0.02533868422579993,,,0.11689901732612284,0.228985912243065,0.3412379280645025,0.8888888888888888
L18:T0,baseline,pre-B,entity_age,144,,,0.2986111111111111,,0.20752534285904606,,,0.43591674783985856,0.7159995190936541,0.7202140947073752,0.7777777777777778
L18:T0,lofo_entity_age,C,entity_age,288,,,0.5590277777777778,,0.04065381472190018,,,-0.1292475727424861,0.23667770552703604,0.3017394311909181,0.8819444444444444
L18:T0,baseline,pre-C,entity_age,288,,,0.3055555555555556,,0.19368129783213436,,,0.44798343390236006,0.6984278794462377,0.6967643901110477,0.7777777777777778
L18:T0,rad_all,A,prep_time,144,,,0.8611111111111112,,0.00020293427524057671,,,0.015967100137257433,0.006122096343800294,0.1851100043545657,0.8888888888888888
L18:T0,baseline,pre-A,prep_time,144,,,0.2638888888888889,,0.20899401786398364,,,-0.6301263394847867,0.4126586378290733,0.4869418153637139,0.7777777777777778
L18:T0,rad_all,B,prep_time,144,,,0.4375,,-0.041295031048032574,,,0.176261959235433,-0.17631133918385603,-0.07275106351171343,0.8888888888888888
L18:T0,baseline,pre-B,prep_time,144,,,0.2986111111111111,,0.20164254599996242,,,-0.4950672706779864,0.6439565501844341,0.695875368667584,0.7777777777777778
L18:T0,lofo_prep_time,C,prep_time,288,,,0.4583333333333333,,-0.020284150548580415,,,0.03940633803424302,-0.055054655246549955,0.041527192603917185,0.875
L18:T0,baseline,pre-C,prep_time,288,,,0.28125,,0.20404921702986276,,,-0.5625968050813865,0.5061638441071801,0.5793622158454783,0.7777777777777778
L18:T0,rad_all,A,tenure,144,,,0.8888888888888888,,-0.004178639422055346,,,-0.005264883476302825,-0.06671483355424028,0.05585628897978673,0.8888888888888888
L18:T0,baseline,pre-A,tenure,144,,,0.14583333333333334,,0.24944784677156645,,,0.8264396107615847,0.656360131345537,0.7187018031389015,0.7777777777777778
L18:T0,rad_all,B,tenure,144,,,0.5763888888888888,,-0.060126898497086814,,,0.06704207150346288,-0.3203921931442965,-0.20418414657756184,0.8888888888888888
L18:T0,baseline,pre-B,tenure,144,,,0.1111111111111111,,0.1459803549436965,,,0.9049159539907703,0.5292032755734672,0.6131976379987005,0.7777777777777778
L18:T0,lofo_tenure,C,tenure,288,,,0.5555555555555556,,-0.027938212788751717,,,0.17915457904274965,-0.13989625500182326,-0.0414918843709618,0.875
L18:T0,baseline,pre-C,tenure,288,,,0.1284722222222222,,0.2005241958078542,,,0.8656777823761774,0.5953436036759574,0.6688942928633979,0.7777777777777778
L18:T0,rad_all,A,background_event,144,,,0.875,,0.00015271696340955128,,,-0.0039337652809834246,-0.013087711121778606,0.17875015773510275,0.8888888888888888
L18:T0,baseline,pre-A,background_event,144,,,0.24305555555555555,,0.144311448504261,,,0.5766376819946617,0.5858660021462403,0.6346695784930078,0.7777777777777778
L18:T0,rad_all,B,background_event,144,,,0.5833333333333334,,0.023984678399955797,,,0.16680378648517985,0.2192055604188529,0.31428172661244114,0.8888888888888888
L18:T0,baseline,pre-B,background_event,144,,,0.3055555555555556,,0.13951073539785291,,,0.4864536847264206,0.6645343079088157,0.7019903822603896,0.7777777777777778
L18:T0,lofo_background_event,C,background_event,288,,,0.4201388888888889,,0.006144210721541106,,,-0.09334064911675426,0.03644318207626745,0.14072550094866051,0.8958333333333334
L18:T0,baseline,pre-C,background_event,288,,,0.2743055555555556,,0.14209228034589824,,,0.5315456833605412,0.6198975901195969,0.6695790677590443,0.7777777777777778
L18:T0,rad_all,A,other_horizon,144,,,0.8611111111111112,,0.010076975937451367,,,-0.015154784779691729,0.06309923085891216,0.22628176845473694,0.8888888888888888
L18:T0,baseline,pre-A,other_horizon,144,,,0.2916666666666667,,0.22176460414347818,,,0.49585688630193775,0.7668437708743862,0.7961725731397736,0.7777777777777778
L18:T0,rad_all,B,other_horizon,144,,,0.7013888888888888,,-0.007747027510258299,,,0.04188964303863288,-0.06490266090698965,0.07446129761691574,0.8888888888888888
L18:T0,baseline,pre-B,other_horizon,144,,,0.3958333333333333,,0.16562383265320552,,,0.17320863997446148,0.6467233715447546,0.6851789970299786,0.7777777777777778
L18:T0,lofo_other_horizon,C,other_horizon,288,,,0.5,,0.13513173848570048,,,0.1148607321077812,0.6416745805056829,0.6879051437232778,0.8958333333333334
L18:T0,baseline,pre-C,other_horizon,288,,,0.34375,,0.19382391207792982,,,0.33453276313819963,0.6752111943700209,0.7144068684728201,0.7777777777777778
L18:T1,baseline,clean,-,432,0.22161267061524925,0.005392634354878951,0.8449074074074074,0.9843399239847124,,,,,,,
L18:T1,rad_all,clean,-,432,0.23720856305452329,0.042462773037222824,0.8356481481481481,0.9848830095640377,,,,,,,
L18:T1,lofo_entity_age,clean,-,432,0.23993405551958094,0.04639101820852626,0.8402777777777778,0.9844797281932516,,,,,,,
L18:T1,lofo_prep_time,clean,-,432,0.2428735159560508,0.05352574523113349,0.8541666666666666,0.9843506781546,,,,,,,
L18:T1,lofo_tenure,clean,-,432,0.22975868589530155,0.04406467541453639,0.8495370370370371,0.9855927847766213,,,,,,,
L18:T1,lofo_background_event,clean,-,432,0.23888403444782194,0.02756579065422459,0.8356481481481481,0.9841732343514541,,,,,,,
L18:T1,lofo_other_horizon,clean,-,432,0.24084280183021883,0.024711928249506125,0.8541666666666666,0.9844582198534763,,,,,,,
L18:T1,rad_all,A,entity_age,144,,,0.8611111111111112,,0.0020641047255607003,,,-0.020937740161293687,0.04576625539650704,0.114915085791168,0.9027777777777778
L18:T1,baseline,pre-A,entity_age,144,,,0.3680555555555556,,0.18317931375335814,,,0.3542424338540448,0.6859933787235605,0.7216099002589126,0.8958333333333334
L18:T1,rad_all,B,entity_age,144,,,0.7708333333333334,,0.022256670243074,,,0.11406681028403765,0.21824547729803592,0.35538700403998985,0.9027777777777778
L18:T1,baseline,pre-B,entity_age,144,,,0.3402777777777778,,0.20765738211943505,,,0.1946137310095463,0.7145424054456103,0.7349520455778651,0.8958333333333334
L18:T1,lofo_entity_age,C,entity_age,288,,,0.6215277777777778,,0.031715618294741454,,,-0.1456946616780874,0.2988384987169261,0.3525544835436199,0.9166666666666666
L18:T1,baseline,pre-C,entity_age,288,,,0.3541666666666667,,0.196779332374369,,,0.27442808243179556,0.6998100175196621,0.7313412041496417,0.8958333333333334
L18:T1,rad_all,A,prep_time,144,,,0.8680555555555556,,0.0017137233285853205,,,-0.0015824841733158475,0.047340727932328346,0.19702256674120536,0.9027777777777778
L18:T1,baseline,pre-A,prep_time,144,,,0.3819444444444444,,0.18384385657878247,,,-0.160489562118725,0.5899924140962578,0.6672843829068894,0.8958333333333334
L18:T1,rad_all,B,prep_time,144,,,0.5555555555555556,,-0.012077421957722677,,,0.1524187976267901,-0.07916052124409054,-0.014215771257793436,0.9027777777777778
L18:T1,baseline,pre-B,prep_time,144,,,0.4583333333333333,,0.20397349557718927,,,0.03253570592632526,0.6776860953913179,0.71874762611332,0.8958333333333334
L18:T1,lofo_prep_time,C,prep_time,288,,,0.4097222222222222,,0.0384641221108992,,,-0.1887682538915839,0.1479954504582992,0.2353299691598879,0.9027777777777778
L18:T1,baseline,pre-C,prep_time,288,,,0.4201388888888889,,0.19257421993764634,,,-0.06397692809619987,0.623593946376016,0.6809823520719717,0.8958333333333334
L18:T1,rad_all,A,tenure,144,,,0.8888888888888888,,0.0013615831302666293,,,0.006282752632946472,0.048958912526052764,0.0982454102391564,0.9027777777777778
L18:T1,baseline,pre-A,tenure,144,,,0.3125,,0.24729957445402886,,,-0.15036730861628503,0.7855412396477256,0.8031283437697029,0.8958333333333334
L18:T1,rad_all,B,tenure,144,,,0.7847222222222222,,0.007269645136909466,,,0.058626378884655744,0.02908216109336663,0.20774379183959457,0.9027777777777778
L18:T1,baseline,pre-B,tenure,144,,,0.3402777777777778,,0.2646176603404635,,,0.0028615953624342777,0.6455198601662606,0.6705117456479747,0.8958333333333334
L18:T1,lofo_tenure,C,tenure,288,,,0.5833333333333334,,0.004138271856497814,,,0.2063213948607331,-0.03319802922540466,0.10951275064468921,0.9097222222222222
L18:T1,baseline,pre-C,tenure,288,,,0.3263888888888889,,0.25701713090135325,,,-0.07375285662692538,0.7161184731080714,0.740448638858394,0.8958333333333334
L18:T1,rad_all,A,background_event,144,,,0.8958333333333334,,-0.0028143969797775332,,,-0.006133808666627639,-0.037990940315568336,0.11995996643684298,0.9027777777777778
L18:T1,baseline,pre-A,background_event,144,,,0.2986111111111111,,0.1804273252176934,,,0.5879635657299976,0.4595551193788044,0.5556468952010524,0.8958333333333334
L18:T1,rad_all,B,background_event,144,,,0.5486111111111112,,0.024206109236656153,,,0.13287923365475532,0.14358999238732337,0.2473865484833358,0.9027777777777778
L18:T1,baseline,pre-B,background_event,144,,,0.2222222222222222,,0.21713845883959532,,,0.5777781174066682,0.5174392774966415,0.5546401111204883,0.8958333333333334
L18:T1,lofo_background_event,C,background_event,288,,,0.5486111111111112,,0.026039736763779468,,,0.07000875099497013,0.16303433629808517,0.2611123738023418,0.9097222222222222
L18:T1,baseline,pre-C,background_event,288,,,0.2604166666666667,,0.20094054753082471,,,0.5828708415683328,0.500134461319567,0.5582145031739673,0.8958333333333334
L18:T1,rad_all,A,other_horizon,144,,,0.8402777777777778,,0.004626920029948684,,,-0.008071395675621004,0.04037056472999645,0.1697525269472639,0.9027777777777778
L18:T1,baseline,pre-A,other_horizon,144,,,0.3263888888888889,,0.271032830458212,,,0.011616121152968015,0.7607219637270984,0.7656841245434652,0.8958333333333334
L18:T1,rad_all,B,other_horizon,144,,,0.5277777777777778,,0.026809376540537944,,,0.2130684044497589,0.1292365467532331,0.2650351096666656,0.9027777777777778
L18:T1,baseline,pre-B,other_horizon,144,,,0.3680555555555556,,0.2124888757239492,,,0.2215619755574002,0.6310549249950104,0.6716067780009352,0.8958333333333334
L18:T1,lofo_other_horizon,C,other_horizon,288,,,0.4583333333333333,,0.1530957001214871,,,0.10291043963690776,0.6318880336382193,0.6694247751320521,0.9166666666666666
L18:T1,baseline,pre-C,other_horizon,288,,,0.3472222222222222,,0.2399847060361277,,,0.1165890483551841,0.685275318544103,0.7110457966515038,0.8958333333333334
L18:T2,baseline,clean,-,432,0.22330367711131094,0.02527732985816881,0.8472222222222222,0.9845980240620155,,,,,,,
L18:T2,rad_all,clean,-,432,0.2257742267663244,0.02091069878679928,0.8240740740740741,0.984468974023364,,,,,,,
L18:T2,lofo_entity_age,clean,-,432,0.216006906275761,0.01855167907012621,0.8564814814814815,0.9857540973249358,,,,,,,
L18:T2,lofo_prep_time,clean,-,432,0.22296893021379333,0.007266806063957942,0.8333333333333334,0.9851411096413409,,,,,,,
L18:T2,lofo_tenure,clean,-,432,0.2207923357314211,0.021334874849039967,0.8402777777777778,0.9846679261662851,,,,,,,
L18:T2,lofo_background_event,clean,-,432,0.23135875196074784,0.0319740595825661,0.8240740740740741,0.9842592677105552,,,,,,,
L18:T2,lofo_other_horizon,clean,-,432,0.22379782539069665,0.03767247186387488,0.8449074074074074,0.984409826088982,,,,,,,
L18:T2,rad_all,A,entity_age,144,,,0.8819444444444444,,0.005059698639026612,,,-0.029554257517015823,0.07674404708006785,0.2428258506211931,0.8541666666666666
L18:T2,baseline,pre-A,entity_age,144,,,0.3125,,0.13907674598943645,,,0.47547436543391,0.6607577236026374,0.6240056377838096,0.8611111111111112
L18:T2,rad_all,B,entity_age,144,,,0.7847222222222222,,0.013041121021329545,,,-0.03895555898234774,0.10062324400408386,0.3784596449772903,0.8541666666666666
L18:T2,baseline,pre-B,entity_age,144,,,0.3819444444444444,,0.16095368829609624,,,0.3684120475086662,0.7157543220383971,0.7334125296407595,0.8611111111111112
L18:T2,lofo_entity_age,C,entity_age,288,,,0.6944444444444444,,0.03164321725759001,,,0.001699107221437167,0.22502549277971012,0.39329314142136784,0.8611111111111112
L18:T2,baseline,pre-C,entity_age,288,,,0.3472222222222222,,0.15096036718715128,,,0.4219432064712881,0.6933449674546587,0.6839438160079427,0.8611111111111112
L18:T2,rad_all,A,prep_time,144,,,0.875,,0.013144962818404396,,,0.00023892834891936344,0.17419233287080887,0.19594527073323526,0.8541666666666666
L18:T2,baseline,pre-A,prep_time,144,,,0.6388888888888888,,0.08687562690361748,,,0.023711760667609636,0.5794948076603847,0.5314285128271662,0.8611111111111112
L18:T2,rad_all,B,prep_time,144,,,0.8055555555555556,,0.0023031104246300296,,,-0.020981607304070855,0.010768853725329737,0.12347200278241542,0.8541666666666666
L18:T2,baseline,pre-B,prep_time,144,,,0.5416666666666666,,0.08338307613658255,,,0.08842205979115504,0.5102261992470946,0.5135364459969299,0.8611111111111112
L18:T2,lofo_prep_time,C,prep_time,288,,,0.7708333333333334,,0.021136674292355752,,,-0.0019244062405150049,0.19100302964976743,0.27556744434644775,0.8819444444444444
L18:T2,baseline,pre-C,prep_time,288,,,0.5902777777777778,,0.08453093050723964,,,0.05606691022938234,0.534093486191674,0.5166830546904333,0.8611111111111112
L18:T2,rad_all,A,tenure,144,,,0.8958333333333334,,0.004160433321996064,,,-0.012379155539062613,0.044796771897939985,0.18627940737766532,0.8541666666666666
L18:T2,baseline,pre-A,tenure,144,,,0.5763888888888888,,0.09933702958592722,,,0.08279553014564328,0.6412871932910483,0.6024693534880555,0.8611111111111112
L18:T2,rad_all,B,tenure,144,,,0.8263888888888888,,0.015608156390509404,,,-0.055599051280963124,0.1253373005363298,0.2937400778565751,0.8541666666666666
L18:T2,baseline,pre-B,tenure,144,,,0.5069444444444444,,0.1301284581325621,,,0.1910845092938781,0.5709743358984618,0.6190948707478839,0.8611111111111112
L18:T2,lofo_tenure,C,tenure,288,,,0.8125,,0.016385923639196966,,,-0.05872524347265314,0.11610819427343294,0.20533019008191886,0.8402777777777778
L18:T2,baseline,pre-C,tenure,288,,,0.5416666666666666,,0.11548469900459306,,,0.1369400197197607,0.6096269908131404,0.6141582653199117,0.8611111111111112
L18:T2,rad_all,A,background_event,144,,,0.8541666666666666,,0.004501384818934335,,,-0.02126491303571204,0.05760240916174702,0.2684608704720241,0.8541666666666666
L18:T2,baseline,pre-A,background_event,144,,,0.2777777777777778,,0.1239225798476197,,,0.4695873726587554,0.52996587973513,0.637794792067081,0.8611111111111112
L18:T2,rad_all,B,background_event,144,,,0.6041666666666666,,-0.013542377921203271,,,-0.2538298419666267,-0.06765487100375762,-0.011270787410185449,0.8541666666666666
L18:T2,baseline,pre-B,background_event,144,,,0.3333333333333333,,0.1313216434607202,,,0.19693188912214804,0.5837938276276478,0.6148548153994766,0.8611111111111112
L18:T2,lofo_background_event,C,background_event,288,,,0.59375,,0.004961840821988504,,,-0.13135319159221578,-0.03401904590319609,0.02792956559527664,0.8541666666666666
L18:T2,baseline,pre-C,background_event,288,,,0.3055555555555556,,0.12968420817758236,,,0.3332596308904517,0.5355461922946292,0.6017160664099196,0.8611111111111112
L18:T2,rad_all,A,other_horizon,144,,,0.8263888888888888,,0.021110576265609828,,,-0.029140659491165486,0.15028775274454495,0.22701735000953246,0.8541666666666666
L18:T2,baseline,pre-A,other_horizon,144,,,0.2013888888888889,,0.3306688047377308,,,0.3579906753398443,0.8284738484093761,0.835423687252226,0.8611111111111112
L18:T2,rad_all,B,other_horizon,144,,,0.6736111111111112,,0.0325127640258762,,,0.09946610464874757,0.24957769273309932,0.28691184654377777,0.8541666666666666
L18:T2,baseline,pre-B,other_horizon,144,,,0.3055555555555556,,0.2442443669641287,,,0.31439724458030416,0.7692391274741877,0.7901833144283802,0.8611111111111112
L18:T2,lofo_other_horizon,C,other_horizon,288,,,0.3819444444444444,,0.20616080801675735,,,0.14348863980045257,0.7831837426209405,0.7906411521246339,0.8611111111111112
L18:T2,baseline,pre-C,other_horizon,288,,,0.2534722222222222,,0.28607987392749623,,,0.33619395996007423,0.7989853018024116,0.8121640694378166,0.8611111111111112
L18:T3,baseline,clean,-,432,0.2430000335387024,-0.017414049944415436,0.7939814814814815,0.9821514504125796,,,,,,,
L18:T3,rad_all,clean,-,432,0.2281029860502014,-0.014570777071612882,0.8333333333333334,0.9844259573438134,,,,,,,
L18:T3,lofo_entity_age,clean,-,432,0.2322622229663154,-0.01706818710575107,0.7986111111111112,0.9835494924979714,,,,,,,
L18:T3,lofo_prep_time,clean,-,432,0.22657939857096418,-0.020707520412988917,0.8287037037037037,0.9846087782319032,,,,,,,
L18:T3,lofo_tenure,clean,-,432,0.23130119820826658,-0.003538829580313703,0.8217592592592593,0.9839473967838138,,,,,,,
L18:T3,lofo_background_event,clean,-,432,0.23063363056620517,-0.014287996003554508,0.8287037037037037,0.9840065447181958,,,,,,,
L18:T3,lofo_other_horizon,clean,-,432,0.22509805446136652,-0.014045601855941184,0.8333333333333334,0.9850228137725769,,,,,,,
L18:T3,rad_all,A,entity_age,144,,,0.8263888888888888,,-0.013734285777257977,,,-0.0375392725968232,-0.14070344919165906,-0.039585971906793846,0.8611111111111112
L18:T3,baseline,pre-A,entity_age,144,,,0.2361111111111111,,0.20419271568751401,,,0.6692632264728084,0.47858708450536447,0.48835494719154526,0.7916666666666666
L18:T3,rad_all,B,entity_age,144,,,0.75,,-0.007254159716979396,,,-0.07298910991237739,-0.11532903788372037,0.11339961843251754,0.8611111111111112
L18:T3,baseline,pre-B,entity_age,144,,,0.2638888888888889,,0.23006406991567213,,,0.4176261217999811,0.5009215053946761,0.5068404015236264,0.7916666666666666
L18:T3,lofo_entity_age,C,entity_age,288,,,0.5763888888888888,,-0.002853172482743214,,,-0.08287308242119927,-0.038561451283351596,0.03819167533931659,0.7916666666666666
L18:T3,baseline,pre-C,entity_age,288,,,0.25,,0.21925226963960348,,,0.5434446741363947,0.49521012393117914,0.5052237167852032,0.7916666666666666
L18:T3,rad_all,A,prep_time,144,,,0.8125,,0.022666670705511482,,,-0.007645172026741698,0.244670806407152,0.3679106558860761,0.8611111111111112
L18:T3,baseline,pre-A,prep_time,144,,,0.2986111111111111,,0.2799593313967089,,,0.1887062591836215,0.6434492087305508,0.6625430745434538,0.7916666666666666
L18:T3,rad_all,B,prep_time,144,,,0.3958333333333333,,0.003263827244414886,,,0.2558323040515032,0.015375463045683557,0.07760689602391886,0.8611111111111112
L18:T3,baseline,pre-B,prep_time,144,,,0.3888888888888889,,0.20070988851827004,,,0.4107675829792631,0.7076431250247706,0.6918556397667518,0.7916666666666666
L18:T3,lofo_prep_time,C,prep_time,288,,,0.3229166666666667,,0.06695581859615328,,,0.4146505121518648,0.2586209996137811,0.32789796720619924,0.8472222222222222
L18:T3,baseline,pre-C,prep_time,288,,,0.34375,,0.23741701008514737,,,0.29973692108144223,0.6568294165812743,0.6630114687674346,0.7916666666666666
L18:T3,rad_all,A,tenure,144,,,0.8541666666666666,,-0.014265066631537149,,,-0.014229235083310044,-0.17478377995477537,-0.05143891326728461,0.8611111111111112
L18:T3,baseline,pre-A,tenure,144,,,0.2361111111111111,,0.34238335315807167,,,0.14327611822061423,0.7426195412437641,0.7637960143477834,0.7916666666666666
L18:T3,rad_all,B,tenure,144,,,0.7847222222222222,,-0.02807004584129234,,,0.010002229591741586,-0.2517217920277805,-0.05081991575676838,0.8611111111111112
L18:T3,baseline,pre-B,tenure,144,,,0.2708333333333333,,0.27616751710414067,,,0.3756003408660836,0.6302220283823355,0.638563376681283,0.7916666666666666
L18:T3,lofo_tenure,C,tenure,288,,,0.5972222222222222,,0.047704959573029476,,,-0.19964299698369534,0.21441409170290543,0.337522926732226,0.8402777777777778
L18:T3,baseline,pre-C,tenure,288,,,0.2534722222222222,,0.31366435845084106,,,0.25943822954334894,0.6946912571415524,0.7089452530426067,0.7916666666666666
L18:T3,rad_all,A,background_event,144,,,0.875,,-0.010639682659967523,,,-0.007401619705983464,-0.12827243160878346,0.11206352648022933,0.8611111111111112
L18:T3,baseline,pre-A,background_event,144,,,0.2013888888888889,,0.19395475451090122,,,0.9582549616481322,0.38952018856482723,0.40831367546589475,0.7916666666666666
L18:T3,rad_all,B,background_event,144,,,0.7083333333333334,,0.002617475001043191,,,0.09260371375695864,0.017372447641519795,0.1516793146637136,0.8611111111111112
L18:T3,baseline,pre-B,background_event,144,,,0.1597222222222222,,0.1921133627010826,,,0.9735464785858087,0.4055935945144321,0.4303117497137671,0.7916666666666666
L18:T3,lofo_background_event,C,background_event,288,,,0.6666666666666666,,0.020549393197264322,,,-0.07344689431596266,0.13757362151202565,0.23482167498355405,0.8333333333333334
L18:T3,baseline,pre-C,background_event,288,,,0.18055555555555555,,0.19270627758759715,,,0.9659007201169705,0.39835641327715826,0.4242278495806241,0.7916666666666666
L18:T3,rad_all,A,other_horizon,144,,,0.7708333333333334,,0.03872149198048786,,,-0.06346326164500717,0.3034133228534925,0.39180168678342303,0.8611111111111112
L18:T3,baseline,pre-A,other_horizon,144,,,0.2638888888888889,,0.2536554378661614,,,0.7150332798700131,0.5405800904906689,0.5374086487052387,0.7916666666666666
L18:T3,rad_all,B,other_horizon,144,,,0.6666666666666666,,0.028964167359901944,,,-0.023343285724507317,0.18650194536045,0.2400652815581455,0.8611111111111112
L18:T3,baseline,pre-B,other_horizon,144,,,0.2986111111111111,,0.18397095529969612,,,0.531471491811598,0.5396610129371512,0.5805927192521962,0.7916666666666666
L18:T3,lofo_other_horizon,C,other_horizon,288,,,0.4618055555555556,,0.1321049589798015,,,0.16366223937265112,0.5600771516083458,0.6035987612742908,0.8541666666666666
L18:T3,baseline,pre-C,other_horizon,288,,,0.28125,,0.21822273685574764,,,0.6232523858408057,0.5292957123132305,0.551220802719532,0.7916666666666666
L18:T4,baseline,clean,-,432,0.24761826396136355,-0.011380555966743157,0.7986111111111112,0.9810652792539288,,,,,,,
L18:T4,rad_all,clean,-,432,0.25157683643602885,-0.01123339207366478,0.8171296296296297,0.9813556418408949,,,,,,,
L18:T4,lofo_entity_age,clean,-,432,0.25585937777322537,-0.019132219096248782,0.7939814814814815,0.9806297353734799,,,,,,,
L18:T4,lofo_prep_time,clean,-,432,0.2459116457419788,-0.0022422629375378304,0.8217592592592593,0.9818610878256134,,,,,,,
L18:T4,lofo_tenure,clean,-,432,0.2442746578234692,-0.003634693998553696,0.8217592592592593,0.9820600399685347,,,,,,,
L18:T4,lofo_background_event,clean,-,432,0.2515917047776842,-0.02244408511730982,0.8240740740740741,0.9814416751999959,,,,,,,
L18:T4,lofo_other_horizon,clean,-,432,0.2440909715653719,-0.008777670917943492,0.8263888888888888,0.9818019398912314,,,,,,,
L18:T4,rad_all,A,entity_age,144,,,0.8472222222222222,,-0.011947833777530767,,,-0.05377393742677133,-0.13700331849098848,0.09468797260727416,0.8819444444444444
L18:T4,baseline,pre-A,entity_age,144,,,0.25,,0.24272397636898005,,,0.48858477579126564,0.7400964848242401,0.764759333182702,0.8402777777777778
L18:T4,rad_all,B,entity_age,144,,,0.6458333333333334,,0.016297907823516575,,,0.16347154492274837,0.14471851771178168,0.2215797552871458,0.8819444444444444
L18:T4,baseline,pre-B,entity_age,144,,,0.375,,0.2241470306803435,,,0.2708552491540241,0.7245090627982298,0.7327090954658418,0.8402777777777778
L18:T4,lofo_entity_age,C,entity_age,288,,,0.4305555555555556,,0.036222993809414156,,,-0.04813160902113633,0.16968746768763993,0.2518116401387133,0.8680555555555556
L18:T4,baseline,pre-C,entity_age,288,,,0.3125,,0.23481483376463297,,,0.37972001247264486,0.7353097641794413,0.7439535280777433,0.8402777777777778
L18:T4,rad_all,A,prep_time,144,,,0.8402777777777778,,0.00482676016867677,,,-0.017983636054080505,0.056234449639917417,0.25153856845796146,0.8819444444444444
L18:T4,baseline,pre-A,prep_time,144,,,0.4236111111111111,,0.18509857966339877,,,-0.45119620168362595,0.6966607979301938,0.7111138494102555,0.8402777777777778
L18:T4,rad_all,B,prep_time,144,,,0.5902777777777778,,0.01935827584203725,,,-0.09010209474665791,0.0912136783532362,0.16951598747699903,0.8819444444444444
L18:T4,baseline,pre-B,prep_time,144,,,0.4027777777777778,,0.1615256633171214,,,-0.3308674206352697,0.7201042846173507,0.6545123582780197,0.8402777777777778
L18:T4,lofo_prep_time,C,prep_time,288,,,0.5381944444444444,,0.08842667069380084,,,-0.10021796176113226,0.4258353497633396,0.453420079106495,0.8958333333333334
L18:T4,baseline,pre-C,prep_time,288,,,0.4131944444444444,,0.171960361139514,,,-0.3910318111594478,0.7005439036053182,0.6780100231895853,0.8402777777777778
L18:T4,rad_all,A,tenure,144,,,0.7847222222222222,,-0.010830725195697475,,,-0.015495724874753682,-0.15379421128263157,-0.02926360680152105,0.8819444444444444
L18:T4,baseline,pre-A,tenure,144,,,0.25,,0.2994049059008445,,,-0.22811544758128344,0.773563278207092,0.7798898927398293,0.8402777777777778
L18:T4,rad_all,B,tenure,144,,,0.7152777777777778,,5.847747518684025e-05,,,-0.009627624253112844,-0.012753218061884805,0.10108709156601615,0.8819444444444444
L18:T4,baseline,pre-B,tenure,144,,,0.2638888888888889,,0.24563882358721223,,,0.17892075835852644,0.6995476775820941,0.7132033692310217,0.8402777777777778
L18:T4,lofo_tenure,C,tenure,288,,,0.6215277777777778,,0.003144302739287379,,,-0.03123091991402886,0.002710273902514421,0.0620107352960967,0.8888888888888888
L18:T4,baseline,pre-C,tenure,288,,,0.2569444444444444,,0.2805494406025277,,,-0.0245973446113785,0.7340149726319322,0.7419933116016102,0.8402777777777778
L18:T4,rad_all,A,background_event,144,,,0.8125,,-0.00578787584507594,,,-0.0427021976840842,-0.06389705155017003,0.09543859613634839,0.8819444444444444
L18:T4,baseline,pre-A,background_event,144,,,0.3541666666666667,,0.1815880452640005,,,0.3075088793130552,0.6916047394833127,0.7084668242977664,0.8402777777777778
L18:T4,rad_all,B,background_event,144,,,0.5416666666666666,,-0.028269357419065808,,,0.22112144297961678,-0.19010811745796394,-0.03344055487126884,0.8819444444444444
L18:T4,baseline,pre-B,background_event,144,,,0.2986111111111111,,0.2001498244362622,,,0.48165663499905315,0.7713073326486379,0.7766091046151268,0.8402777777777778
L18:T4,lofo_background_event,C,background_event,288,,,0.5104166666666666,,-0.017867044453595594,,,-0.08050541666398368,-0.042089284110044846,0.05937023495128056,0.8958333333333334
L18:T4,baseline,pre-C,background_event,288,,,0.3263888888888889,,0.1907883937766687,,,0.3945827571560542,0.7246157510915007,0.7350350149309288,0.8402777777777778
L18:T4,rad_all,A,other_horizon,144,,,0.7986111111111112,,0.004577567459795561,,,-0.05154374585541298,0.009544472141322901,0.1531979223930258,0.8819444444444444
L18:T4,baseline,pre-A,other_horizon,144,,,0.3541666666666667,,0.2440698069164687,,,0.42261168869941174,0.7440528013897364,0.7290135752298039,0.8402777777777778
L18:T4,rad_all,B,other_horizon,144,,,0.75,,0.025942255745195215,,,0.02057083208220531,0.20142475393303222,0.3573334343652874,0.8819444444444444
L18:T4,baseline,pre-B,other_horizon,144,,,0.3333333333333333,,0.20820079500483846,,,0.3662363617579134,0.7604160797120817,0.7685799111493652,0.8402777777777778
L18:T4,lofo_other_horizon,C,other_horizon,288,,,0.4583333333333333,,0.13518063241828537,,,0.23767241146108217,0.643538995681902,0.6375244857702596,0.8958333333333334
L18:T4,baseline,pre-C,other_horizon,288,,,0.34375,,0.22567619279577453,,,0.39442402522866254,0.7510239624376664,0.7519511460021268,0.8402777777777778
L18:T5,baseline,clean,-,432,0.26565443150750806,-0.06467544298457602,0.75,0.9806189812035921,,,,,,,
L18:T5,rad_all,clean,-,432,0.27750352068651857,-0.033344104425768115,0.7453703703703703,0.9777529949285386,,,,,,,
L18:T5,lofo_entity_age,clean,-,432,0.2679324851168201,-0.02967329098483424,0.7592592592592593,0.9781078825348305,,,,,,,
L18:T5,lofo_prep_time,clean,-,432,0.27500322499454016,-0.03312703998927849,0.7569444444444444,0.9791779224386498,,,,,,,
L18:T5,lofo_tenure,clean,-,432,0.26652584366138504,-0.02182511551881004,0.7847222222222222,0.9785004097357289,,,,,,,
L18:T5,lofo_background_event,clean,-,432,0.277111380648129,-0.025792722786803366,0.7523148148148148,0.9776508303146061,,,,,,,
L18:T5,lofo_other_horizon,clean,-,432,0.27823736421426964,-0.047081031577249306,0.7453703703703703,0.9788768056817961,,,,,,,
L18:T5,rad_all,A,entity_age,144,,,0.8125,,0.00783961831844543,,,-0.012743927730811741,0.04416440630990495,0.0932750492598698,0.7986111111111112
L18:T5,baseline,pre-A,entity_age,144,,,0.2222222222222222,,0.36708485142174707,,,-0.1770958530578205,0.7374153472062637,0.760472326781545,0.7638888888888888
L18:T5,rad_all,B,entity_age,144,,,0.5625,,0.0029672775069938782,,,0.1980188317253118,-0.010231952527159967,0.0527254061279738,0.7986111111111112
L18:T5,baseline,pre-B,entity_age,144,,,0.1875,,0.298975214859783,,,-0.37389357850825716,0.7190785509678652,0.7216350317407089,0.7638888888888888
L18:T5,lofo_entity_age,C,entity_age,288,,,0.4479166666666667,,0.05591013884433679,,,0.16172408817738523,0.19571924197603363,0.20804217603489042,0.8055555555555556
L18:T5,baseline,pre-C,entity_age,288,,,0.2048611111111111,,0.3336278894994742,,,-0.2754947157830388,0.7346156806649246,0.7448312435318589,0.7638888888888888
L18:T5,rad_all,A,prep_time,144,,,0.7361111111111112,,0.01865771634317489,,,-0.0003749965506062467,0.12204397051485275,0.2387858759755541,0.7986111111111112
L18:T5,baseline,pre-A,prep_time,144,,,0.08333333333333333,,0.24629707074623663,,,-1.1091994675843588,0.4166482508436642,0.453744617297217,0.7638888888888888
L18:T5,rad_all,B,prep_time,144,,,0.24305555555555555,,0.026367723919439465,,,0.6065680308226492,0.13732197871023313,0.17737254761367577,0.7986111111111112
L18:T5,baseline,pre-B,prep_time,144,,,0.24305555555555555,,0.19705942867798534,,,-0.5735465791361515,0.48512500212584725,0.501515446718991,0.7638888888888888
L18:T5,lofo_prep_time,C,prep_time,288,,,0.2916666666666667,,0.02320103060484965,,,-0.015061339308521937,0.0497709336962427,0.09991265486969995,0.8125
L18:T5,baseline,pre-C,prep_time,288,,,0.16319444444444445,,0.21678903722953144,,,-0.8413730233602552,0.4181588431720645,0.43647916101644274,0.7638888888888888
L18:T5,rad_all,A,tenure,144,,,0.7708333333333334,,-0.0015281790155991248,,,0.03152335245850995,0.0017122857629899,0.035196315219767745,0.7986111111111112
L18:T5,baseline,pre-A,tenure,144,,,0.16666666666666666,,0.39582825712661807,,,0.02346192744854839,0.6946192675779767,0.7143808942299482,0.7638888888888888
L18:T5,rad_all,B,tenure,144,,,0.6458333333333334,,-0.0150496312261973,,,-0.013798205699125324,-0.07078287269776758,-0.027060137867163925,0.7986111111111112
L18:T5,baseline,pre-B,tenure,144,,,0.2361111111111111,,0.31734072496061355,,,-0.033381001926704935,0.653135611661372,0.6838217235842712,0.7638888888888888
L18:T5,lofo_tenure,C,tenure,288,,,0.4930555555555556,,0.02522612318945191,,,0.19163308686701536,0.11680278203323016,0.11146965431514869,0.8472222222222222
L18:T5,baseline,pre-C,tenure,288,,,0.2013888888888889,,0.35484166592796323,,,-0.0049595372390782745,0.6665540470875313,0.6897366985930966,0.7638888888888888
L18:T5,rad_all,A,background_event,144,,,0.8125,,0.0019009373727002722,,,-0.018203269021871717,-0.02892681605893113,0.11507619216996305,0.7986111111111112
L18:T5,baseline,pre-A,background_event,144,,,0.2916666666666667,,0.2788038600228173,,,0.2809714981711399,0.6162800581053733,0.6482094909357936,0.7638888888888888
L18:T5,rad_all,B,background_event,144,,,0.7013888888888888,,0.0029556642992810437,,,0.07654904328638706,0.019872600911539536,0.11058957703867055,0.7986111111111112
L18:T5,baseline,pre-B,background_event,144,,,0.2777777777777778,,0.3144486763793152,,,0.2664494961693658,0.7075272972595089,0.733565871026692,0.7638888888888888
L18:T5,lofo_background_event,C,background_event,288,,,0.5763888888888888,,-0.006686078975692289,,,-0.07425380178374837,-0.03250201394991341,0.0348774161937023,0.8125
L18:T5,baseline,pre-C,background_event,288,,,0.2847222222222222,,0.2986848875533511,,,0.27371049717025286,0.6669622567212325,0.6971112257454299,0.7638888888888888
L18:T5,rad_all,A,other_horizon,144,,,0.7569444444444444,,0.04547376207078871,,,-0.02267481288685117,0.29122397277197565,0.3312548837239381,0.7986111111111112
L18:T5,baseline,pre-A,other_horizon,144,,,0.3611111111111111,,0.28100671567422236,,,0.27810346131914654,0.7017488228463156,0.7176401981298364,0.7638888888888888
L18:T5,rad_all,B,other_horizon,144,,,0.5625,,0.04343985239294195,,,0.05191083566708949,0.21358407943661778,0.322808989158578,0.7986111111111112
L18:T5,baseline,pre-B,other_horizon,144,,,0.3541666666666667,,0.264532449767279,,,0.20039722529738804,0.7148698591232793,0.757001419541736,0.7638888888888888
L18:T5,lofo_other_horizon,C,other_horizon,288,,,0.3993055555555556,,0.18230549689203576,,,0.20607209026178508,0.6616289976355848,0.6928517974082825,0.7847222222222222
L18:T5,baseline,pre-C,other_horizon,288,,,0.3576388888888889,,0.27270587367882687,,,0.23925034330826728,0.7064437909888345,0.7395993326593804,0.7638888888888888
L18:T6,baseline,clean,-,432,0.24232442545963057,-0.02799357335049458,0.8125,0.9823396483856132,,,,,,,
L18:T6,rad_all,clean,-,432,0.26055642643477667,0.0321033410769976,0.7986111111111112,0.9816836440224677,,,,,,,
L18:T6,lofo_entity_age,clean,-,432,0.2632381471504234,0.030385195109254012,0.7870370370370371,0.9811835751226927,,,,,,,
L18:T6,lofo_prep_time,clean,-,432,0.2561713760173437,0.03177515305347751,0.7986111111111112,0.9817804315514563,,,,,,,
L18:T6,lofo_tenure,clean,-,432,0.2533348943967945,0.02844795163778522,0.7986111111111112,0.9823073858759501,,,,,,,
L18:T6,lofo_background_event,clean,-,432,0.25720793514122126,0.028658028288164567,0.7870370370370371,0.981844956570782,,,,,,,
L18:T6,lofo_other_horizon,clean,-,432,0.24687156115968098,0.008053793379099979,0.8217592592592593,0.9824525671694332,,,,,,,
L18:T6,rad_all,A,entity_age,144,,,0.7986111111111112,,0.0032637587771401854,,,-0.018121092492315614,0.05164707149110893,0.1596583284084022,0.8888888888888888
L18:T6,baseline,pre-A,entity_age,144,,,0.2361111111111111,,0.29762046370485434,,,0.051435405275156325,0.7789790098297659,0.7991920540756342,0.8472222222222222
L18:T6,rad_all,B,entity_age,144,,,0.6041666666666666,,0.03440458093528675,,,0.09864965374847423,0.2502899186834295,0.4409185702741967,0.8888888888888888
L18:T6,baseline,pre-B,entity_age,144,,,0.2361111111111111,,0.26217538160281634,,,-0.09146833638279661,0.7399886342702757,0.7879045604537409,0.8472222222222222
L18:T6,lofo_entity_age,C,entity_age,288,,,0.5,,0.030911499164872232,,,0.22818213735345516,0.13985066879034797,0.27127888659455074,0.8680555555555556
L18:T6,baseline,pre-C,entity_age,288,,,0.2361111111111111,,0.2804272016216257,,,-0.020016465553820143,0.7630967181695827,0.7995595904879421,0.8472222222222222
L18:T6,rad_all,A,prep_time,144,,,0.8263888888888888,,0.0010300883742734425,,,-0.0016140136190513725,0.041069900423248595,0.18991160913635785,0.8888888888888888
L18:T6,baseline,pre-A,prep_time,144,,,0.2638888888888889,,0.32750393008198947,,,-0.7586598085579978,0.6776151692519758,0.7219471059083131,0.8472222222222222
L18:T6,rad_all,B,prep_time,144,,,0.625,,0.05065066371659237,,,-0.03126146524388322,0.3085986074457967,0.41248850088780753,0.8888888888888888
L18:T6,baseline,pre-B,prep_time,144,,,0.3333333333333333,,0.20578180636645194,,,-0.48851919434692953,0.5965217392901625,0.6329887198785131,0.8472222222222222
L18:T6,lofo_prep_time,C,prep_time,288,,,0.3784722222222222,,0.17439843728400622,,,-0.24220115527952324,0.46382775199335047,0.5345886231277105,0.8888888888888888
L18:T6,baseline,pre-C,prep_time,288,,,0.2986111111111111,,0.2627727372319314,,,-0.6235895014524636,0.6248924561793506,0.6650460268825841,0.8472222222222222
L18:T6,rad_all,A,tenure,144,,,0.7986111111111112,,-0.005726707772058312,,,0.04658373925971784,-0.07312585654008275,0.09695315701661827,0.8888888888888888
L18:T6,baseline,pre-A,tenure,144,,,0.19444444444444445,,0.3964369884771161,,,-0.12852514009920923,0.7578492378540193,0.8058876962962113,0.8472222222222222
L18:T6,rad_all,B,tenure,144,,,0.5138888888888888,,0.01556844146956001,,,0.22278279290798578,0.0663931125327311,0.22351597499666476,0.8888888888888888
L18:T6,baseline,pre-B,tenure,144,,,0.1875,,0.29695068822794396,,,-0.03550057387769685,0.7201035737395246,0.7522991682100164,0.8472222222222222
L18:T6,lofo_tenure,C,tenure,288,,,0.3958333333333333,,0.06868905256733003,,,0.31495123717738444,0.2618322038646002,0.35688069822669805,0.8819444444444444
L18:T6,baseline,pre-C,tenure,288,,,0.1909722222222222,,0.34869224358888146,,,-0.08201285698845305,0.7438728434709785,0.7836223550745067,0.8472222222222222
L18:T6,rad_all,A,background_event,144,,,0.8472222222222222,,-0.008393844608161371,,,-0.0327181518774385,-0.08385621296761218,0.1724032609718078,0.8888888888888888
L18:T6,baseline,pre-A,background_event,144,,,0.375,,0.20545906649711718,,,-0.1765396889593857,0.6936888851272446,0.7162265989662533,0.8472222222222222
L18:T6,rad_all,B,background_event,144,,,0.6666666666666666,,0.0020980635178273386,,,0.0731262895825529,-0.005896663741348806,0.15828944658099248,0.8888888888888888
L18:T6,baseline,pre-B,background_event,144,,,0.2916666666666667,,0.24204194596983966,,,-0.014872639119046401,0.7347938401970956,0.7865876102305993,0.8472222222222222
L18:T6,lofo_background_event,C,background_event,288,,,0.53125,,-0.01714199660208416,,,-0.24284970199962272,-0.10419690889323821,0.06640701241035568,0.8819444444444444
L18:T6,baseline,pre-C,background_event,288,,,0.3333333333333333,,0.22481632983633099,,,-0.09570616403921606,0.7047508971750098,0.7454469938015464,0.8472222222222222
L18:T6,rad_all,A,other_horizon,144,,,0.7986111111111112,,0.03435551925906943,,,-0.03651786109105562,0.22631794459677607,0.4131134540158062,0.8888888888888888
L18:T6,baseline,pre-A,other_horizon,144,,,0.2708333333333333,,0.23223689721529803,,,0.46427142594484105,0.6980869933576883,0.7456626397104776,0.8472222222222222
L18:T6,rad_all,B,other_horizon,144,,,0.5833333333333334,,0.023732951663029425,,,0.06837274820202405,0.1397096451332635,0.26667310144938006,0.8888888888888888
L18:T6,baseline,pre-B,other_horizon,144,,,0.375,,0.18900447554320216,,,-0.06914639551913365,0.6216671217838949,0.6823311021145108,0.8472222222222222
L18:T6,lofo_other_horizon,C,other_horizon,288,,,0.4097222222222222,,0.1436406344843695,,,0.1657845524524692,0.5453188309376314,0.6131087356398659,0.9027777777777778
L18:T6,baseline,pre-C,other_horizon,288,,,0.3229166666666667,,0.21170113713028127,,,0.19756251521285373,0.6180777462301095,0.6701251240287509,0.8472222222222222
L18:T7,baseline,clean,-,432,0.29718489137018206,-0.03815107765227349,0.6944444444444444,0.9742094959505644,,,,,,,
L18:T7,rad_all,clean,-,432,0.27550373198273387,-0.006262521926738084,0.75,0.9788875598516837,,,,,,,
L18:T7,lofo_entity_age,clean,-,432,0.27998193019971446,-0.01047561027832127,0.7430555555555556,0.9783337201024708,,,,,,,
L18:T7,lofo_prep_time,clean,-,432,0.2909971216786537,-0.014457759896282653,0.7245370370370371,0.9768603988278654,,,,,,,
L18:T7,lofo_tenure,clean,-,432,0.2769104011545737,0.003918638851307733,0.7569444444444444,0.9785810660098861,,,,,,,
L18:T7,lofo_background_event,clean,-,432,0.28104858470763405,-0.003521725969078834,0.7337962962962963,0.977424992746966,,,,,,,
L18:T7,lofo_other_horizon,clean,-,432,0.2640728827897859,-0.03586954171379329,0.7615740740740741,0.9803124873617948,,,,,,,
L18:T7,rad_all,A,entity_age,144,,,0.7291666666666666,,0.009919353573156221,,,0.023428335644279288,0.10158175223970221,0.0674364396521453,0.8541666666666666
L18:T7,baseline,pre-A,entity_age,144,,,0.2152777777777778,,0.3182191588801885,,,0.5431904114247028,0.7730921641902959,0.8016420591403368,0.7708333333333334
L18:T7,rad_all,B,entity_age,144,,,0.6388888888888888,,0.03403427803186496,,,0.15650070347930795,0.18604829020608885,0.2659825302198791,0.8541666666666666
L18:T7,baseline,pre-B,entity_age,144,,,0.2152777777777778,,0.30085396652013346,,,0.16056612127266656,0.7747824983736333,0.792285950457514,0.7708333333333334
L18:T7,lofo_entity_age,C,entity_age,288,,,0.5902777777777778,,0.04710442269171574,,,0.24931920224528387,0.218945291047765,0.27314736042045595,0.8263888888888888
L18:T7,baseline,pre-C,entity_age,288,,,0.2152777777777778,,0.31222765513587064,,,0.35187826634868474,0.7692080695055089,0.7898725660627532,0.7708333333333334
L18:T7,rad_all,A,prep_time,144,,,0.7361111111111112,,0.03893441266632723,,,0.03643507583864071,0.2792045750805521,0.3095376932751135,0.8541666666666666
L18:T7,baseline,pre-A,prep_time,144,,,0.14583333333333334,,0.1573215603595096,,,-0.7938383761623595,0.4426862541706283,0.5066024675091684,0.7708333333333334
L18:T7,rad_all,B,prep_time,144,,,0.4444444444444444,,0.024855805329143915,,,0.33939869655891436,0.1286453938777866,0.1262817932840972,0.8541666666666666
L18:T7,baseline,pre-B,prep_time,144,,,0.375,,0.14105343764801087,,,-0.3715789452559104,0.41102330970345413,0.4399352098226906,0.7708333333333334
L18:T7,lofo_prep_time,C,prep_time,288,,,0.4131944444444444,,0.03536846840473105,,,-0.08253852592599051,0.1582785226753047,0.18902122585048184,0.7361111111111112
L18:T7,baseline,pre-C,prep_time,288,,,0.2604166666666667,,0.14565280557932028,,,-0.582708660709135,0.39823680381364845,0.4420681039656766,0.7708333333333334
L18:T7,rad_all,A,tenure,144,,,0.8194444444444444,,0.025862792020631034,,,-0.0018247830929301993,0.20451766242359648,0.19101230992677473,0.8541666666666666
L18:T7,baseline,pre-A,tenure,144,,,0.125,,0.4419807061846949,,,-0.25573781626489317,0.7528892363715555,0.7731050608902356,0.7708333333333334
L18:T7,rad_all,B,tenure,144,,,0.625,,0.034552332914480795,,,0.17812313659390222,0.1791882411689567,0.208314621458125,0.8541666666666666
L18:T7,baseline,pre-B,tenure,144,,,0.20833333333333334,,0.36785169862467787,,,0.06878257913096768,0.6970854723613205,0.7295363321893945,0.7708333333333334
L18:T7,lofo_tenure,C,tenure,288,,,0.4236111111111111,,0.12271128601658193,,,0.23711695506912978,0.45764842569089487,0.4752369452532686,0.8541666666666666
L18:T7,baseline,pre-C,tenure,288,,,0.16666666666666666,,0.41078725421691126,,,-0.09347761856696275,0.7336997076631995,0.7585543939352061,0.7708333333333334
L18:T7,rad_all,A,background_event,144,,,0.7222222222222222,,-0.012387053018903662,,,0.03428403638919116,-0.10989496992304273,0.042462708934419294,0.8541666666666666
L18:T7,baseline,pre-A,background_event,144,,,0.2638888888888889,,0.22786160949604536,,,0.3780685619759954,0.6320769575858987,0.6590583030726734,0.7708333333333334
L18:T7,rad_all,B,background_event,144,,,0.7291666666666666,,0.015686796961501822,,,0.01359331235914089,0.12771683280001156,0.1674499760060327,0.8541666666666666
L18:T7,baseline,pre-B,background_event,144,,,0.3055555555555556,,0.27312374680292034,,,0.468609987120593,0.793858956316557,0.8187238246900974,0.7708333333333334
L18:T7,lofo_background_event,C,background_event,288,,,0.5173611111111112,,0.0015207978763114938,,,-0.10880221614974442,-0.02432928376807885,0.028173737653331074,0.8472222222222222
L18:T7,baseline,pre-C,background_event,288,,,0.2847222222222222,,0.2525085579227771,,,0.4233392745482942,0.7209855757715986,0.7476081174799852,0.7708333333333334
L18:T7,rad_all,A,other_horizon,144,,,0.7638888888888888,,0.08970050893137958,,,0.015829292040943996,0.5041647839569503,0.497066220974606,0.8541666666666666
L18:T7,baseline,pre-A,other_horizon,144,,,0.24305555555555555,,0.3023729272733548,,,0.19163947008330404,0.7217783468219787,0.7201906161435947,0.7708333333333334
L18:T7,rad_all,B,other_horizon,144,,,0.5208333333333334,,0.04733888531671417,,,0.25579886363322646,0.2435362162928054,0.2804764481532851,0.8541666666666666
L18:T7,baseline,pre-B,other_horizon,144,,,0.2777777777777778,,0.26227927668480056,,,0.5996255154995608,0.7235240831924429,0.7404205211277558,0.7708333333333334
L18:T7,lofo_other_horizon,C,other_horizon,288,,,0.3472222222222222,,0.1642569850228625,,,0.21813292888769176,0.5439726438008278,0.5610962748055864,0.8125
L18:T7,baseline,pre-C,other_horizon,288,,,0.2604166666666667,,0.2801662348754092,,,0.3956324927914324,0.6831413644991042,0.6926111466754857,0.7708333333333334
L18:T8,baseline,clean,-,432,0.28686475199040135,-0.0546170997042366,0.7199074074074074,0.9784197534615718,,,,,,,
L18:T8,rad_all,clean,-,432,0.2694204277946134,-0.03286454274852873,0.7546296296296297,0.9806512437132552,,,,,,,
L18:T8,lofo_entity_age,clean,-,432,0.27152650641578874,-0.03291360685924502,0.7314814814814815,0.9801673060683118,,,,,,,
L18:T8,lofo_prep_time,clean,-,432,0.27789829215884787,-0.055931307404429635,0.7361111111111112,0.9805867186939293,,,,,,,
L18:T8,lofo_tenure,clean,-,432,0.27048569599986205,-0.033241996287438305,0.7592592592592593,0.9805544561842664,,,,,,,
L18:T8,lofo_background_event,clean,-,432,0.26468520254943967,-0.03840385116729161,0.7638888888888888,0.981844956570782,,,,,,,
L18:T8,lofo_other_horizon,clean,-,432,0.26947843790770704,-0.047073071512180514,0.7453703703703703,0.9801242893887613,,,,,,,
L18:T8,rad_all,A,entity_age,144,,,0.7638888888888888,,-0.01984809666590299,,,0.026979002593723073,-0.19752989972439108,0.058148930707116145,0.8263888888888888
L18:T8,baseline,pre-A,entity_age,144,,,0.3819444444444444,,0.2196086885337407,,,-0.01265169228307262,0.7024640854546823,0.7901798943462442,0.7569444444444444
L18:T8,rad_all,B,entity_age,144,,,0.6805555555555556,,0.03175438873496195,,,-0.05516914277373714,0.2658116962059705,0.43093784423807874,0.8263888888888888
L18:T8,baseline,pre-B,entity_age,144,,,0.2986111111111111,,0.23924531638263233,,,-0.24930305079706658,0.738931473195971,0.7752487747410073,0.7569444444444444
L18:T8,lofo_entity_age,C,entity_age,288,,,0.5,,0.01838363881374025,,,-0.11416675291267644,0.10406806362990073,0.23247552346737738,0.7569444444444444
L18:T8,baseline,pre-C,entity_age,288,,,0.3402777777777778,,0.2313488834399368,,,-0.1309773715400696,0.7225032576394246,0.783241719718495,0.7569444444444444
L18:T8,rad_all,A,prep_time,144,,,0.7569444444444444,,-0.0006498561012430504,,,0.06600408417064796,0.045023335586825475,0.22725117114394874,0.8263888888888888
L18:T8,baseline,pre-A,prep_time,144,,,0.2916666666666667,,0.25131358463746595,,,-0.5068422600875514,0.6755831799533607,0.7491407905871109,0.7569444444444444
L18:T8,rad_all,B,prep_time,144,,,0.4652777777777778,,0.018273428090855394,,,0.056257404434301335,0.08414498508112259,0.15890792290770256,0.8263888888888888
L18:T8,baseline,pre-B,prep_time,144,,,0.3194444444444444,,0.18575703880464814,,,-0.3706250629654017,0.5727309737905865,0.5925582865939418,0.7569444444444444
L18:T8,lofo_prep_time,C,prep_time,288,,,0.4791666666666667,,0.09683288182079496,,,0.14048699928916206,0.4324844032504091,0.5034804079069052,0.7986111111111112
L18:T8,baseline,pre-C,prep_time,288,,,0.3055555555555556,,0.21646934276290478,,,-0.4387336615264765,0.6196275754561376,0.6693005368514903,0.7569444444444444
L18:T8,rad_all,A,tenure,144,,,0.7430555555555556,,-0.010017167470263731,,,0.018066329847635718,-0.05380234995422842,0.014381592629056014,0.8263888888888888
L18:T8,baseline,pre-A,tenure,144,,,0.1736111111111111,,0.3743622720684411,,,-0.3540171441111303,0.7684746543198967,0.7907645151148742,0.7569444444444444
L18:T8,rad_all,B,tenure,144,,,0.6388888888888888,,0.023763125867987015,,,-0.08619348435066275,0.09490846393445841,0.2302071433068325,0.8263888888888888
L18:T8,baseline,pre-B,tenure,144,,,0.2222222222222222,,0.2900799432192704,,,-0.0863725319052415,0.6868185790815556,0.7413368275780983,0.7569444444444444
L18:T8,lofo_tenure,C,tenure,288,,,0.5763888888888888,,0.040165120142082206,,,0.12847827900179393,0.1749517098677128,0.24677434509506455,0.8055555555555556
L18:T8,baseline,pre-C,tenure,288,,,0.19791666666666666,,0.33763652730449967,,,-0.22019483800818587,0.7350557238394692,0.7710484325685787,0.7569444444444444
L18:T8,rad_all,A,background_event,144,,,0.7986111111111112,,-0.012579034406430784,,,0.009717571723533889,-0.1380882149501174,0.14565103082101005,0.8263888888888888
L18:T8,baseline,pre-A,background_event,144,,,0.3611111111111111,,0.21130505865201313,,,0.0660508126724771,0.6290341451414311,0.6672119953363491,0.7569444444444444
L18:T8,rad_all,B,background_event,144,,,0.5833333333333334,,-0.0036372932036161042,,,0.29781217292582707,-0.04652616414867923,0.17190362523944405,0.8263888888888888
L18:T8,baseline,pre-B,background_event,144,,,0.3125,,0.2338649057849147,,,0.2110702706170676,0.692309322532347,0.7582920653040656,0.7569444444444444
L18:T8,lofo_background_event,C,background_event,288,,,0.625,,-0.0019395560540759048,,,0.1967638156137825,-0.017009146142866482,0.13408135818787664,0.8194444444444444
L18:T8,baseline,pre-C,background_event,288,,,0.3368055555555556,,0.22290728128175888,,,0.13856054164477236,0.6603281621932904,0.716914031824123,0.7569444444444444
L18:T8,rad_all,A,other_horizon,144,,,0.75,,0.03561836203672952,,,-0.018271744176330262,0.24235402444845333,0.35808351261728816,0.8263888888888888
L18:T8,baseline,pre-A,other_horizon,144,,,0.2777777777777778,,0.23062772086444386,,,-0.19219590929627933,0.49593069207171125,0.5366228225087222,0.7569444444444444
L18:T8,rad_all,B,other_horizon,144,,,0.4166666666666667,,0.033589021601906695,,,-0.20018434243023908,0.15378431562939732,0.2802111537786614,0.8263888888888888
L18:T8,baseline,pre-B,other_horizon,144,,,0.2569444444444444,,0.20232815933898413,,,-0.1593271760214692,0.5609287786361498,0.64578479220423,0.7569444444444444
L18:T8,lofo_other_horizon,C,other_horizon,288,,,0.3784722222222222,,0.15722443518262247,,,-0.023905933544218525,0.5304982123736671,0.5781349998106737,0.7916666666666666
L18:T8,baseline,pre-C,other_horizon,288,,,0.2673611111111111,,0.21583874396345168,,,-0.17576154265887425,0.5248313648985493,0.5883289949960877,0.7569444444444444
L18:R0,baseline,clean,-,432,0.2948051950937194,-0.09631659369340374,0.7222222222222222,0.9769249238471912,,,,,,,
L18:R0,rad_all,clean,-,432,0.25166892730071994,-0.029146761223812524,0.7777777777777778,0.9815223314741531,,,,,,,
L18:R0,lofo_entity_age,clean,-,432,0.2552443287121373,-0.03272735881685091,0.7754629629629629,0.9807802937519067,,,,,,,
L18:R0,lofo_prep_time,clean,-,432,0.2610650393289239,-0.021400724435840048,0.7615740740740741,0.980129666473705,,,,,,,
L18:R0,lofo_tenure,clean,-,432,0.23911213394155037,-0.013095594689443126,0.7870370370370371,0.9831999819766235,,,,,,,
L18:R0,lofo_background_event,clean,-,432,0.2627240115522338,-0.045827497252820266,0.7708333333333334,0.9802372081725813,,,,,,,
L18:R0,lofo_other_horizon,clean,-,432,0.25444206478600123,-0.053673292541623376,0.7893518518518519,0.9811190501033671,,,,,,,
L18:R0,rad_all,A,entity_age,144,,,0.7916666666666666,,0.0062688707556625475,,,0.01081233700496798,0.03503567537973346,0.038747865170140054,0.7986111111111112
L18:R0,baseline,pre-A,entity_age,144,,,0.2569444444444444,,0.25549096222895634,,,0.7449731661709827,0.7831132677609332,0.8185870900677424,0.7222222222222222
L18:R0,rad_all,B,entity_age,144,,,0.6319444444444444,,0.005556476790028608,,,0.07048379190325907,0.009984745659974604,0.12619408116830627,0.7986111111111112
L18:R0,baseline,pre-B,entity_age,144,,,0.3194444444444444,,0.2373969373986119,,,0.3730804173290092,0.749929164067827,0.7715507207928687,0.7222222222222222
L18:R0,lofo_entity_age,C,entity_age,288,,,0.6527777777777778,,0.01808879454788765,,,-0.07979821291977499,0.13085647184725738,0.1798100841555982,0.7986111111111112
L18:R0,baseline,pre-C,entity_age,288,,,0.2881944444444444,,0.24911002751992903,,,0.559026791749996,0.754033690649953,0.7788496255571447,0.7222222222222222
L18:R0,rad_all,A,prep_time,144,,,0.7916666666666666,,0.003857145809899778,,,0.0008148192320498043,0.08054395564066086,0.21998545273198616,0.7986111111111112
L18:R0,baseline,pre-A,prep_time,144,,,0.2569444444444444,,0.2124606304738554,,,-0.2594032693108161,0.44459966051314237,0.526052082190375,0.7222222222222222
L18:R0,rad_all,B,prep_time,144,,,0.5416666666666666,,-0.0006206710381697533,,,0.1996885028862354,0.014276067191305922,0.08250694555403343,0.7986111111111112
L18:R0,baseline,pre-B,prep_time,144,,,0.3055555555555556,,0.21872530276937693,,,-0.009563320434891177,0.5730806902049589,0.5983487060755908,0.7222222222222222
L18:R0,lofo_prep_time,C,prep_time,288,,,0.4513888888888889,,0.07227084767025041,,,-0.16930186714075418,0.25705243795542915,0.3160666814241035,0.7847222222222222
L18:R0,baseline,pre-C,prep_time,288,,,0.28125,,0.21362555116395854,,,-0.13448329487285365,0.5032834584610134,0.5476649107641932,0.7222222222222222
L18:R0,rad_all,A,tenure,144,,,0.7638888888888888,,-0.01280620485431571,,,0.003017974092371529,-0.1960908851886004,-0.0740262133732042,0.7986111111111112
L18:R0,baseline,pre-A,tenure,144,,,0.2013888888888889,,0.3285549031265128,,,-0.18112289828401928,0.6739653229931796,0.6874425393389663,0.7222222222222222
L18:R0,rad_all,B,tenure,144,,,0.5833333333333334,,0.021990063710106887,,,-0.02639634036698611,0.13131091189644353,0.2243702094610148,0.7986111111111112
L18:R0,baseline,pre-B,tenure,144,,,0.2152777777777778,,0.28206911185213085,,,0.21213926025792343,0.7281434275216426,0.749203824503901,0.7222222222222222
L18:R0,lofo_tenure,C,tenure,288,,,0.6319444444444444,,0.036403032028469916,,,0.0935738845819395,0.17846182732436625,0.22532200841390562,0.8194444444444444
L18:R0,baseline,pre-C,tenure,288,,,0.20833333333333334,,0.3126471846389462,,,0.015508180986952082,0.6994606760231113,0.7206952161083412,0.7222222222222222
L18:R0,rad_all,A,background_event,144,,,0.8194444444444444,,-0.007827952646768067,,,-0.010619996857089989,-0.09159388001596103,0.18272350000902113,0.7986111111111112
L18:R0,baseline,pre-A,background_event,144,,,0.14583333333333334,,0.23539023280606663,,,1.03138094114133,0.5996109125212162,0.6668220973084582,0.7222222222222222
L18:R0,rad_all,B,background_event,144,,,0.6944444444444444,,-0.0059070326263137825,,,0.21592534366045335,-0.043792877615538676,0.10061308119270757,0.7986111111111112
L18:R0,baseline,pre-B,background_event,144,,,0.10416666666666667,,0.25054712573625504,,,1.0769776434155243,0.7249560184472992,0.758093098122609,0.7222222222222222
L18:R0,lofo_background_event,C,background_event,288,,,0.5381944444444444,,0.008967789887316011,,,0.3605613804472245,0.05401628528737696,0.20214582660547842,0.7916666666666666
L18:R0,baseline,pre-C,background_event,288,,,0.125,,0.24344871258726647,,,1.0541792922784272,0.6624699430235087,0.7189864798477332,0.7222222222222222
L18:R0,rad_all,A,other_horizon,144,,,0.7569444444444444,,0.017093472648177267,,,-0.015186031291878658,0.15081230680411228,0.1899508729191096,0.7986111111111112
L18:R0,baseline,pre-A,other_horizon,144,,,0.2986111111111111,,0.27770902071466025,,,0.3419707190403112,0.602937710437779,0.6367885304580572,0.7222222222222222
L18:R0,rad_all,B,other_horizon,144,,,0.7013888888888888,,0.040759306567864334,,,0.08146742780923516,0.3586980925499047,0.41903045491224084,0.7986111111111112
L18:R0,baseline,pre-B,other_horizon,144,,,0.2986111111111111,,0.20827173653459483,,,0.4100812724449481,0.6776281563825455,0.7216991794639709,0.7222222222222222
L18:R0,lofo_other_horizon,C,other_horizon,288,,,0.4270833333333333,,0.15845495092719086,,,-0.04409520866855124,0.6109039428614135,0.6242796522238674,0.8055555555555556
L18:R0,baseline,pre-C,other_horizon,288,,,0.2986111111111111,,0.24152259204009532,,,0.3760259957426297,0.6300597914322745,0.6742885324268449,0.7222222222222222
L22:T0,baseline,clean,-,432,0.2089073826585123,0.005852568720000597,0.8657407407407407,0.9855121285024641,,,,,,,
L22:T0,rad_all,clean,-,432,0.19818171111988372,0.015940785006182796,0.8726851851851852,0.9870661060512267,,,,,,,
L22:T0,lofo_entity_age,clean,-,432,0.19946749892462676,0.021386355605316428,0.875,0.987173647750103,,,,,,,
L22:T0,lofo_prep_time,clean,-,432,0.19898407328803266,0.014841308654241948,0.8796296296296297,0.9867757434642606,,,,,,,
L22:T0,lofo_tenure,clean,-,432,0.19750206239405982,0.017396803977605665,0.8773148148148148,0.9868456455685304,,,,,,,
L22:T0,lofo_background_event,clean,-,432,0.20326458432431968,0.011413563137856738,0.8680555555555556,0.9863509537536992,,,,,,,
L22:T0,lofo_other_horizon,clean,-,432,0.20567762030567693,-0.004785897386801445,0.8680555555555556,0.9871575164952717,,,,,,,
L22:T0,rad_all,A,entity_age,144,,,0.8819444444444444,,-0.012035406143395558,,,0.008113995487621685,-0.17741533804470008,0.06378454531041884,0.9236111111111112
L22:T0,baseline,pre-A,entity_age,144,,,0.5486111111111112,,0.1157797961799637,,,0.08639968322102543,0.5599296644714368,0.6323143506119313,0.9097222222222222
L22:T0,rad_all,B,entity_age,144,,,0.7152777777777778,,-0.010565786195201234,,,0.11702208229522935,-0.09229860299691502,0.1593238209950014,0.9236111111111112
L22:T0,baseline,pre-B,entity_age,144,,,0.4513888888888889,,0.1109612352126575,,,0.09710276053403856,0.4913990164782188,0.535017964758901,0.9097222222222222
L22:T0,lofo_entity_age,C,entity_age,288,,,0.6006944444444444,,-0.016276093531581316,,,0.1904707242607759,-0.14320452655448612,0.0437787587437205,0.9166666666666666
L22:T0,baseline,pre-C,entity_age,288,,,0.5,,0.11310246022166558,,,0.09175122187753199,0.520680200521976,0.5813636483811121,0.9097222222222222
L22:T0,rad_all,A,prep_time,144,,,0.8472222222222222,,-0.0025226893023748225,,,-0.0266052315682525,-0.0002793734050519504,0.20915420611454036,0.9236111111111112
L22:T0,baseline,pre-A,prep_time,144,,,0.3333333333333333,,0.16205260803587523,,,-0.08801151564831476,0.517767354308187,0.566227585741335,0.9097222222222222
L22:T0,rad_all,B,prep_time,144,,,0.4722222222222222,,-0.007620085753784163,,,-0.04300079477193197,-0.018130987207204102,0.06489048364613587,0.9236111111111112
L22:T0,baseline,pre-B,prep_time,144,,,0.4513888888888889,,0.10849929634101563,,,-0.1402065759058185,0.35899394867553125,0.3857311754594173,0.9097222222222222
L22:T0,lofo_prep_time,C,prep_time,288,,,0.4826388888888889,,0.03726668209115876,,,0.1315586604676613,0.158133825123221,0.23975454899469803,0.9166666666666666
L22:T0,baseline,pre-C,prep_time,288,,,0.3923611111111111,,0.134862276808984,,,-0.11410904577706663,0.44435739006314007,0.479375453722541,0.9097222222222222
L22:T0,rad_all,A,tenure,144,,,0.8680555555555556,,-0.025256095596890665,,,0.004516057563060876,-0.26774361324949114,-0.04206957497261453,0.9236111111111112
L22:T0,baseline,pre-A,tenure,144,,,0.3125,,0.224237193514622,,,-0.012231681022376213,0.6488035650675533,0.6705186444913864,0.9097222222222222
L22:T0,rad_all,B,tenure,144,,,0.7222222222222222,,-0.04795769301697321,,,-0.012679086913422467,-0.40292129221773865,-0.2594641712199602,0.9236111111111112
L22:T0,baseline,pre-B,tenure,144,,,0.3819444444444444,,0.16398001887922195,,,-0.32271156520151195,0.5790986081452921,0.607445122617595,0.9097222222222222
L22:T0,lofo_tenure,C,tenure,288,,,0.6111111111111112,,0.02497726447485116,,,-0.16895957846772994,0.13232411798787458,0.2672776211771226,0.9166666666666666
L22:T0,baseline,pre-C,tenure,288,,,0.3472222222222222,,0.18768367680493656,,,-0.16747162311194408,0.570581864048119,0.6000102788346384,0.9097222222222222
L22:T0,rad_all,A,background_event,144,,,0.9305555555555556,,0.005198090499646769,,,-0.019555139785923995,0.017939328850275774,0.2868162245376267,0.9236111111111112
L22:T0,baseline,pre-A,background_event,144,,,0.3888888888888889,,0.14933214061833516,,,0.1742057733254031,0.5376392337067133,0.58605291202559,0.9097222222222222
L22:T0,rad_all,B,background_event,144,,,0.7638888888888888,,-0.0007045963072166875,,,-0.1397261889574314,-0.035796004736592904,0.17532023340586972,0.9236111111111112
L22:T0,baseline,pre-B,background_event,144,,,0.3680555555555556,,0.1900435822616012,,,0.07668607085054999,0.6825679697190145,0.7071796071343373,0.9097222222222222
L22:T0,lofo_background_event,C,background_event,288,,,0.4305555555555556,,0.044007465167595045,,,-0.43390184370660234,0.1808468386566493,0.3284611568357902,0.9027777777777778
L22:T0,baseline,pre-C,background_event,288,,,0.3784722222222222,,0.17264859184528045,,,0.12544592208797656,0.6165206302673069,0.6545717808040749,0.9097222222222222
L22:T0,rad_all,A,other_horizon,144,,,0.8888888888888888,,-7.633034912025893e-05,,,-0.0039060907324746236,-0.035910850330839676,0.1228019239374841,0.9236111111111112
L22:T0,baseline,pre-A,other_horizon,144,,,0.3819444444444444,,0.1550471400005269,,,0.12205714457300385,0.479390156017155,0.5008506473890325,0.9097222222222222
L22:T0,rad_all,B,other_horizon,144,,,0.5694444444444444,,0.0073874311870274,,,0.16836731292781523,0.025036151702176015,0.1951119537005096,0.9236111111111112
L22:T0,baseline,pre-B,other_horizon,144,,,0.4166666666666667,,0.15264998864021656,,,0.20770238546543804,0.5203729060184883,0.594818125188457,0.9097222222222222
L22:T0,lofo_other_horizon,C,other_horizon,288,,,0.4930555555555556,,0.09910990101915111,,,-0.09849459925838391,0.37295085956306107,0.48405136493797407,0.9236111111111112
L22:T0,baseline,pre-C,other_horizon,288,,,0.3993055555555556,,0.1534789965340628,,,0.16487976501922097,0.488379058909397,0.5434647150098934,0.9097222222222222
L22:T1,baseline,clean,-,432,0.18804684548827033,0.014697013533044433,0.8958333333333334,0.9869047935029124,,,,,,,
L22:T1,rad_all,clean,-,432,0.18851525748219264,0.03079076864078409,0.9050925925925926,0.9873564686381927,,,,,,,
L22:T1,lofo_entity_age,clean,-,432,0.18510324615690346,0.021789492058080877,0.8981481481481481,0.9874317478274063,,,,,,,
L22:T1,lofo_prep_time,clean,-,432,0.18500817839074327,0.018092797129844688,0.9050925925925926,0.9874532561671814,,,,,,,
L22:T1,lofo_tenure,clean,-,432,0.19406365725808788,0.03851166580397763,0.9027777777777778,0.9871682706651592,,,,,,,
L22:T1,lofo_background_event,clean,-,432,0.1896430644506911,0.031822459886065566,0.8958333333333334,0.9872543040242603,,,,,,,
L22:T1,lofo_other_horizon,clean,-,432,0.19060048349277078,0.029263632900250827,0.9027777777777778,0.9876790937348217,,,,,,,
L22:T1,rad_all,A,entity_age,144,,,0.9097222222222222,,0.003278577870420354,,,0.02216779374647696,0.0520088441831897,0.13231434243196383,0.9166666666666666
L22:T1,baseline,pre-A,entity_age,144,,,0.3055555555555556,,0.1003404158629083,,,0.44975886420670325,0.5198191221611258,0.5456436628308249,0.9305555555555556
L22:T1,rad_all,B,entity_age,144,,,0.8402777777777778,,0.001506850064206351,,,0.053640036682425056,0.024304655649370552,0.28421554403374577,0.9166666666666666
L22:T1,baseline,pre-B,entity_age,144,,,0.3819444444444444,,0.09043235331695135,,,0.2763985055215577,0.504219606769076,0.5561631960569269,0.9305555555555556
L22:T1,lofo_entity_age,C,entity_age,288,,,0.6979166666666666,,0.011592051690692511,,,-0.07979852740564591,0.06840905205944349,0.19671226120617655,0.9027777777777778
L22:T1,baseline,pre-C,entity_age,288,,,0.34375,,0.09663698949120327,,,0.3630786848641305,0.515273232166399,0.5554077384508017,0.9305555555555556
L22:T1,rad_all,A,prep_time,144,,,0.8819444444444444,,0.010847246520971524,,,0.0060862362973445015,0.14118205370121728,0.24556520327944062,0.9166666666666666
L22:T1,baseline,pre-A,prep_time,144,,,0.4166666666666667,,0.13524331725608724,,,0.023423503152565323,0.48712471449939543,0.564973420239519,0.9305555555555556
L22:T1,rad_all,B,prep_time,144,,,0.7013888888888888,,0.042103448846796336,,,0.04098845890980205,0.31102853356634985,0.41184735412812484,0.9166666666666666
L22:T1,baseline,pre-B,prep_time,144,,,0.3680555555555556,,0.11877710340523553,,,0.22093117703163237,0.44578391537340156,0.47975263444988486,0.9305555555555556
L22:T1,lofo_prep_time,C,prep_time,288,,,0.5486111111111112,,0.04551206448012684,,,-0.07222994684802425,0.23883662389866694,0.3106251993482605,0.9236111111111112
L22:T1,baseline,pre-C,prep_time,288,,,0.3923611111111111,,0.12519851643256902,,,0.12217734009209885,0.4286373575687942,0.48877350948817333,0.9305555555555556
L22:T1,rad_all,A,tenure,144,,,0.875,,-0.009846382002429085,,,0.0032123431019928095,-0.1260278496611897,0.0017846358656514452,0.9166666666666666
L22:T1,baseline,pre-A,tenure,144,,,0.375,,0.18714978192567136,,,0.19182733387506468,0.5224822955455696,0.5656210442575158,0.9305555555555556
L22:T1,rad_all,B,tenure,144,,,0.7708333333333334,,0.019371508505816874,,,-0.011643646499776682,0.1544315214103696,0.30921076649681584,0.9166666666666666
L22:T1,baseline,pre-B,tenure,144,,,0.2986111111111111,,0.16100459797685981,,,0.20237109990612318,0.567957380766722,0.6146990806925109,0.9305555555555556
L22:T1,lofo_tenure,C,tenure,288,,,0.6319444444444444,,0.030635485756945253,,,0.07284888962711397,0.12382201211795145,0.24397464144843162,0.9166666666666666
L22:T1,baseline,pre-C,tenure,288,,,0.3368055555555556,,0.17373957101470322,,,0.19709921689059393,0.5434293860079875,0.5950037204068775,0.9305555555555556
L22:T1,rad_all,A,background_event,144,,,0.9097222222222222,,-0.00886941344291379,,,0.013915326830902193,-0.15792678934862425,0.06511699022506555,0.9166666666666666
L22:T1,baseline,pre-A,background_event,144,,,0.04861111111111111,,0.0911407507669285,,,0.8594705965298246,0.3015620071697658,0.4462724592430804,0.9305555555555556
L22:T1,rad_all,B,background_event,144,,,0.6736111111111112,,0.0014001425155300586,,,0.12532373537427127,0.10256858692560883,0.21983260850586744,0.9166666666666666
L22:T1,baseline,pre-B,background_event,144,,,0.16666666666666666,,0.10781538376535055,,,0.9890288044970935,0.29220239877929255,0.3352476421372369,0.9305555555555556
L22:T1,lofo_background_event,C,background_event,288,,,0.5798611111111112,,0.016439771174021015,,,0.2222177293741959,0.14750931414594465,0.2566107654892394,0.9166666666666666
L22:T1,baseline,pre-C,background_event,288,,,0.1076388888888889,,0.09961811980558499,,,0.924249700513459,0.2942675228869688,0.372149365996778,0.9305555555555556
L22:T1,rad_all,A,other_horizon,144,,,0.8333333333333334,,0.009079670508857449,,,0.01457417476405801,0.03409802365754566,0.1457999013460244,0.9166666666666666
L22:T1,baseline,pre-A,other_horizon,144,,,0.4166666666666667,,0.18326943967868126,,,0.3139991597250878,0.5133374457495377,0.5586782104385764,0.9305555555555556
L22:T1,rad_all,B,other_horizon,144,,,0.6041666666666666,,0.011190662209717884,,,0.22638982850980163,0.05174647169269696,0.23759523014592956,0.9166666666666666
L22:T1,baseline,pre-B,other_horizon,144,,,0.4583333333333333,,0.1319584710542414,,,0.25465323304670445,0.5575683832242498,0.6405512577230172,0.9305555555555556
L22:T1,lofo_other_horizon,C,other_horizon,288,,,0.4826388888888889,,0.11306468721775524,,,0.12516032645587222,0.3803010061618441,0.4667089377032925,0.9166666666666666
L22:T1,baseline,pre-C,other_horizon,288,,,0.4375,,0.15691574664593752,,,0.2843261963858961,0.5328368953823708,0.5954623549744077,0.9305555555555556
L22:T2,baseline,clean,-,432,0.21535059840694387,0.05075461421589763,0.8634259259259259,0.986071345336621,,,,,,,
L22:T2,rad_all,clean,-,432,0.2239292964116547,0.012309705937877677,0.8263888888888888,0.9858992786184188,,,,,,,
L22:T2,lofo_entity_age,clean,-,432,0.22734016942167976,0.02082825912781223,0.8217592592592593,0.9855766535217899,,,,,,,
L22:T2,lofo_prep_time,clean,-,432,0.23437180644683206,0.016977847471420487,0.8194444444444444,0.9844044490040381,,,,,,,
L22:T2,lofo_tenure,clean,-,432,0.22243005546381886,0.024473405204667568,0.8263888888888888,0.9858401306840369,,,,,,,
L22:T2,lofo_background_event,clean,-,432,0.22375418412111797,0.021518382279469946,0.8194444444444444,0.9854583576530259,,,,,,,
L22:T2,lofo_other_horizon,clean,-,432,0.20550238072791213,0.025093019418935544,0.8680555555555556,0.9878511604530237,,,,,,,
L22:T2,rad_all,A,entity_age,144,,,0.7986111111111112,,0.0033717762918091206,,,0.003894250015816145,0.01190232156945741,-0.05764043908991373,0.875
L22:T2,baseline,pre-A,entity_age,144,,,0.4236111111111111,,0.04625658307254254,,,0.29502073597192235,0.2322862061919066,0.2045583391922047,0.8680555555555556
L22:T2,rad_all,B,entity_age,144,,,0.7291666666666666,,0.013443094848543138,,,0.03279125723849371,0.1269437410175757,0.2426506235438233,0.875
L22:T2,baseline,pre-B,entity_age,144,,,0.4513888888888889,,0.05222999079942411,,,0.24764541268438528,0.2704423028888573,0.357091324555219,0.8680555555555556
L22:T2,lofo_entity_age,C,entity_age,288,,,0.5972222222222222,,0.012526468377887302,,,-0.004266808387564967,0.09213349479487419,0.13881770772929367,0.8680555555555556
L22:T2,baseline,pre-C,entity_age,288,,,0.4375,,0.04964446445914681,,,0.2713330743281538,0.257708712344027,0.2873739372129386,0.8680555555555556
L22:T2,rad_all,A,prep_time,144,,,0.8055555555555556,,0.011521818210781198,,,0.013194740242456217,0.057685583441698045,0.11186794497688135,0.875
L22:T2,baseline,pre-A,prep_time,144,,,0.5763888888888888,,0.058524187590514455,,,0.112354066333637,0.39067054393505646,0.3431569662701061,0.8680555555555556
L22:T2,rad_all,B,prep_time,144,,,0.7777777777777778,,0.0067287381254252,,,0.007760399977565456,0.02887773242357926,0.052847375859242283,0.875
L22:T2,baseline,pre-B,prep_time,144,,,0.5972222222222222,,0.05371106264192946,,,0.05598149383430625,0.35938788210781286,0.2985151174980589,0.8680555555555556
L22:T2,lofo_prep_time,C,prep_time,288,,,0.7326388888888888,,0.02493442311180933,,,0.015656986408376986,0.14803916117715785,0.15805946665895573,0.8402777777777778
L22:T2,baseline,pre-C,prep_time,288,,,0.5868055555555556,,0.05644309341236055,,,0.08416778008397162,0.3735995334611152,0.31796458074006273,0.8680555555555556
L22:T2,rad_all,A,tenure,144,,,0.8402777777777778,,-4.788158792949748e-05,,,0.009793976079838056,-0.048906659674130534,-0.015159356232667622,0.875
L22:T2,baseline,pre-A,tenure,144,,,0.6458333333333334,,0.03637081563284197,,,0.10239837937772402,0.22663267713714205,0.2319142346314349,0.8680555555555556
L22:T2,rad_all,B,tenure,144,,,0.7777777777777778,,0.013774053405059775,,,0.018275130495645713,0.038888772744105154,0.09403412983565305,0.875
L22:T2,baseline,pre-B,tenure,144,,,0.5347222222222222,,0.05011947536343965,,,0.209170658076632,0.2065719831508509,0.2264424817733557,0.8680555555555556
L22:T2,lofo_tenure,C,tenure,288,,,0.7638888888888888,,0.0035557195680800484,,,0.02257978034662979,-0.041750125317461466,0.026375996750607717,0.8541666666666666
L22:T2,baseline,pre-C,tenure,288,,,0.5902777777777778,,0.04486903785904091,,,0.155784518727178,0.22338871821520775,0.23806624936509307,0.8680555555555556
L22:T2,rad_all,A,background_event,144,,,0.8125,,-0.0007752091688892295,,,0.01842657739948,-0.007355808155053701,0.08835410877389913,0.875
L22:T2,baseline,pre-A,background_event,144,,,0.4375,,0.05039670758902617,,,0.21464151378041219,0.272112647362115,0.3245820690845158,0.8680555555555556
L22:T2,rad_all,B,background_event,144,,,0.6875,,-0.006101106953515979,,,-0.13309063953655906,-0.03225881039958749,0.01305948227378478,0.875
L22:T2,baseline,pre-B,background_event,144,,,0.5069444444444444,,0.05140973591491197,,,0.004355484831197386,0.2188317432900557,0.22673214723253768,0.8680555555555556
L22:T2,lofo_background_event,C,background_event,288,,,0.5381944444444444,,0.0034777117338788163,,,-0.05762624733516744,0.002221915487131207,0.057765029754811556,0.8402777777777778
L22:T2,baseline,pre-C,background_event,288,,,0.4722222222222222,,0.05223976246785336,,,0.1094984993058048,0.23137889920615065,0.2603379062560642,0.8680555555555556
L22:T2,rad_all,A,other_horizon,144,,,0.7847222222222222,,0.03132500380405576,,,-0.027800833276738744,0.16931238388578784,0.23273720002305215,0.875
L22:T2,baseline,pre-A,other_horizon,144,,,0.3125,,0.18000191582913444,,,0.3394026471890233,0.6758647932173205,0.6670418341311113,0.8680555555555556
L22:T2,rad_all,B,other_horizon,144,,,0.6388888888888888,,0.06332518544951167,,,0.009294704148717586,0.4042603915856541,0.3772023751799067,0.875
L22:T2,baseline,pre-B,other_horizon,144,,,0.4236111111111111,,0.15991474133277056,,,0.14915124804687052,0.6607216694178907,0.6569150971032145,0.8680555555555556
L22:T2,lofo_other_horizon,C,other_horizon,288,,,0.4270833333333333,,0.14222407379556842,,,0.14093569882470577,0.6640910204248764,0.6539992641207236,0.9236111111111112
L22:T2,baseline,pre-C,other_horizon,288,,,0.3680555555555556,,0.17024547022715927,,,0.24427694761794694,0.6652467970653754,0.6578222949165843,0.8680555555555556
L22:T3,baseline,clean,-,432,0.20568864252181812,0.021185328157411584,0.8680555555555556,0.9858939015334751,,,,,,,
L22:T3,rad_all,clean,-,432,0.1931865569724489,0.02499732340254769,0.8935185185185185,0.9880716209357202,,,,,,,
L22:T3,lofo_entity_age,clean,-,432,0.18923335878970363,0.019057019243381636,0.8981481481481481,0.9880232271712259,,,,,,,
L22:T3,lofo_prep_time,clean,-,432,0.19465835840935627,0.02427183978482738,0.8958333333333334,0.9877543729240351,,,,,,,
L22:T3,lofo_tenure,clean,-,432,0.19800648008109056,0.027286138026103992,0.8981481481481481,0.9876790937348217,,,,,,,
L22:T3,lofo_background_event,clean,-,432,0.1934846237188516,0.01832426103332335,0.9004629629629629,0.9877812583487542,,,,,,,
L22:T3,lofo_other_horizon,clean,-,432,0.18929912951211875,0.022669225050708567,0.8958333333333334,0.9882974585033605,,,,,,,
L22:T3,rad_all,A,entity_age,144,,,0.9166666666666666,,-0.012480463335156636,,,-0.019012294021812814,-0.12741634215084802,0.027138981450925942,0.9166666666666666
L22:T3,baseline,pre-A,entity_age,144,,,0.19444444444444445,,0.09719226481261396,,,0.8359684761937903,0.3016963168641814,0.318981012152485,0.875
L22:T3,rad_all,B,entity_age,144,,,0.8472222222222222,,-0.014459319959954756,,,-0.004448182582536875,-0.15724366564917333,0.10792489073972955,0.9166666666666666
L22:T3,baseline,pre-B,entity_age,144,,,0.2777777777777778,,0.12294773457468858,,,0.6952561150474285,0.36461405060298174,0.4271131721384548,0.875
L22:T3,lofo_entity_age,C,entity_age,288,,,0.7326388888888888,,-0.018524477018537114,,,0.007874881461375176,-0.1531588346783524,-0.004371997642653015,0.9166666666666666
L22:T3,baseline,pre-C,entity_age,288,,,0.2361111111111111,,0.1113825699274149,,,0.7656122956206093,0.3437077448064726,0.38450593862086213,0.875
L22:T3,rad_all,A,prep_time,144,,,0.875,,0.006244001458675987,,,-0.019750851432566954,0.12088225952118349,0.23206684509002407,0.9166666666666666
L22:T3,baseline,pre-A,prep_time,144,,,0.3402777777777778,,0.28979742558244825,,,0.16581143424612596,0.614653649204081,0.6435095051489074,0.875
L22:T3,rad_all,B,prep_time,144,,,0.4583333333333333,,0.03233317205859761,,,0.0986349567826652,0.1230318424677743,0.1701490947788801,0.9166666666666666
L22:T3,baseline,pre-B,prep_time,144,,,0.1875,,0.17395510372147746,,,0.5725259336317864,0.5567023047985177,0.5746222562384281,0.875
L22:T3,lofo_prep_time,C,prep_time,288,,,0.3680555555555556,,0.1488158769833094,,,-0.11773764773567191,0.4432590954490601,0.492336937919263,0.9166666666666666
L22:T3,baseline,pre-C,prep_time,288,,,0.2638888888888889,,0.22706979386095577,,,0.3691686839389562,0.5519596144975671,0.5726573935102098,0.875
L22:T3,rad_all,A,tenure,144,,,0.8958333333333334,,-0.017153207452562123,,,-0.027320104471328925,-0.1956105608959307,0.07862446434236017,0.9166666666666666
L22:T3,baseline,pre-A,tenure,144,,,0.08333333333333333,,0.21720298809898642,,,0.9431159440133183,0.662871640585076,0.6936184244911586,0.875
L22:T3,rad_all,B,tenure,144,,,0.6736111111111112,,-0.04038773185635978,,,-0.12761837593557546,-0.2616128221432313,-0.19396348245704417,0.9166666666666666
L22:T3,baseline,pre-B,tenure,144,,,0.11805555555555555,,0.1645804264451627,,,0.8988561480762876,0.537420006138792,0.5606250341174303,0.875
L22:T3,lofo_tenure,C,tenure,288,,,0.6076388888888888,,0.02999361138866658,,,0.034073515941149615,0.13669939285673116,0.22905318815939146,0.9236111111111112
L22:T3,baseline,pre-C,tenure,288,,,0.10069444444444445,,0.18992401679539164,,,0.9209860460448029,0.5860112581871808,0.6085362493834697,0.875
L22:T3,rad_all,A,background_event,144,,,0.9097222222222222,,-0.01790486914156329,,,-0.020960757793128528,-0.18955877419900408,0.05803853221356305,0.9166666666666666
L22:T3,baseline,pre-A,background_event,144,,,0.2222222222222222,,0.13510244263821145,,,0.6088428805517032,0.47073956538505407,0.5139077083802449,0.875
L22:T3,rad_all,B,background_event,144,,,0.6597222222222222,,0.0027536472151371504,,,0.08203630777120235,-0.008921366853390372,0.16261045102676616,0.9166666666666666
L22:T3,baseline,pre-B,background_event,144,,,0.16666666666666666,,0.16381748517185585,,,0.6862841513648815,0.5804696688586665,0.5910189490148833,0.875
L22:T3,lofo_background_event,C,background_event,288,,,0.6493055555555556,,0.016802993965864776,,,-0.24221245695677077,0.09096288382901592,0.23403012544144547,0.9305555555555556
L22:T3,baseline,pre-C,background_event,288,,,0.19444444444444445,,0.1506204799259788,,,0.6475635159582924,0.5367497193832492,0.5624279784103327,0.875
L22:T3,rad_all,A,other_horizon,144,,,0.8263888888888888,,0.006054593554038615,,,-0.033623470661075135,-0.004915935745983537,0.13003916213097824,0.9166666666666666
L22:T3,baseline,pre-A,other_horizon,144,,,0.06944444444444445,,0.18136601317901654,,,0.8651085776750906,0.6085771690245448,0.6402594303081446,0.875
L22:T3,rad_all,B,other_horizon,144,,,0.6736111111111112,,-0.0019080667707276932,,,0.16005819581874986,-0.012874816392722132,0.13204424555133373,0.9166666666666666
L22:T3,baseline,pre-B,other_horizon,144,,,0.19444444444444445,,0.12510138418643202,,,0.6530106513031455,0.4799356119470601,0.5228329084013624,0.875
L22:T3,lofo_other_horizon,C,other_horizon,288,,,0.3715277777777778,,0.09321292952738608,,,0.3822117103914371,0.4444635657893544,0.546562779193174,0.9097222222222222
L22:T3,baseline,pre-C,other_horizon,288,,,0.13194444444444445,,0.15298414261665483,,,0.7590596144891182,0.5351645255390463,0.5737005453367052,0.875
L22:T4,baseline,clean,-,432,0.26608546526273,0.00981937987044925,0.7546296296296297,0.979199430778425,,,,,,,
L22:T4,rad_all,clean,-,432,0.2645184701392959,0.03642870151454371,0.7916666666666666,0.9806942603928057,,,,,,,
L22:T4,lofo_entity_age,clean,-,432,0.27419848001454533,0.03740651328214608,0.7685185185185185,0.9788983140215713,,,,,,,
L22:T4,lofo_prep_time,clean,-,432,0.26799165950864323,0.024117957215444984,0.7731481481481481,0.9805437020143788,,,,,,,
L22:T4,lofo_tenure,clean,-,432,0.273995455050388,0.05926693436356703,0.7847222222222222,0.9789251994462904,,,,,,,
L22:T4,lofo_background_event,clean,-,432,0.27326433364714137,0.05083560005107285,0.7870370370370371,0.9787853952377512,,,,,,,
L22:T4,lofo_other_horizon,clean,-,432,0.2582796277131304,0.03903677614842357,0.7962962962962963,0.9816298731730294,,,,,,,
L22:T4,rad_all,A,entity_age,144,,,0.7777777777777778,,0.001558670470376607,,,0.00019430448243974564,0.00781629999723402,0.09221384936309955,0.8680555555555556
L22:T4,baseline,pre-A,entity_age,144,,,0.4375,,0.1265810587187893,,,0.2872966449328018,0.5660114653949724,0.5595397539033052,0.8263888888888888
L22:T4,rad_all,B,entity_age,144,,,0.7847222222222222,,0.007144660172642639,,,0.06672599303382502,0.07574981157899414,0.2121698158386754,0.8680555555555556
L22:T4,baseline,pre-B,entity_age,144,,,0.4791666666666667,,0.14291329259914265,,,0.2164541392124721,0.6544229012332874,0.6418354491261172,0.8263888888888888
L22:T4,lofo_entity_age,C,entity_age,288,,,0.6215277777777778,,-0.0021782778825996147,,,0.10855752349045827,-0.016139765372489862,0.08894794537482807,0.7986111111111112
L22:T4,baseline,pre-C,entity_age,288,,,0.4583333333333333,,0.13535020853627913,,,0.2518753920726369,0.6081909936034453,0.6033037714626837,0.8263888888888888
L22:T4,rad_all,A,prep_time,144,,,0.7361111111111112,,0.042735121025781475,,,0.013443203566260338,0.3628216381767844,0.36632285020268723,0.8680555555555556
L22:T4,baseline,pre-A,prep_time,144,,,0.5,,0.13820022320360262,,,-0.04356053651918877,0.6503672177966573,0.608491355248043,0.8263888888888888
L22:T4,rad_all,B,prep_time,144,,,0.6944444444444444,,0.05847015499207584,,,-0.015432660217839548,0.3851603739554992,0.29806490786116563,0.8680555555555556
L22:T4,baseline,pre-B,prep_time,144,,,0.5416666666666666,,0.11542010395785574,,,-0.00468839400677892,0.5425468294742367,0.4399553084671947,0.8263888888888888
L22:T4,lofo_prep_time,C,prep_time,288,,,0.6076388888888888,,0.09238951670040593,,,-0.04580288965911797,0.5127669259761396,0.48607977363575355,0.8472222222222222
L22:T4,baseline,pre-C,prep_time,288,,,0.5208333333333334,,0.12612122494470615,,,-0.024124465262983848,0.5963920626394154,0.5215954863414701,0.8263888888888888
L22:T4,rad_all,A,tenure,144,,,0.7638888888888888,,-0.002094700211805873,,,0.011497113009753658,-0.008872936201408931,0.007132514287383984,0.8680555555555556
L22:T4,baseline,pre-A,tenure,144,,,0.5625,,0.12278876957397665,,,0.03282830735748935,0.5840663009860619,0.5360921537462358,0.8263888888888888
L22:T4,rad_all,B,tenure,144,,,0.7361111111111112,,-0.018441640874122492,,,0.02573445185546667,-0.19083597933580027,-0.04593570458413165,0.8680555555555556
L22:T4,baseline,pre-B,tenure,144,,,0.5694444444444444,,0.10741867265016333,,,0.07666936571575228,0.5027923558992095,0.5087398377345312,0.8263888888888888
L22:T4,lofo_tenure,C,tenure,288,,,0.5625,,-0.008679731245480058,,,-0.042904420129345304,-0.08914085590019856,0.0004006753985087127,0.8472222222222222
L22:T4,baseline,pre-C,tenure,288,,,0.5659722222222222,,0.11561233464672406,,,0.05474883653662081,0.5462130123972508,0.528313247180487,0.8263888888888888
L22:T4,rad_all,A,background_event,144,,,0.8194444444444444,,-0.006474590949389989,,,0.002044352342587177,-0.08152888350216075,0.03499033332772812,0.8680555555555556
L22:T4,baseline,pre-A,background_event,144,,,0.4375,,0.14146453936280073,,,0.13712938376783088,0.6328125384014041,0.6465735270455714,0.8263888888888888
L22:T4,rad_all,B,background_event,144,,,0.7361111111111112,,0.003733047563137322,,,-0.07798464472120889,0.029853116296521872,0.07384898063253643,0.8680555555555556
L22:T4,baseline,pre-B,background_event,144,,,0.5138888888888888,,0.13867412640923968,,,-0.044637082358869484,0.6132449900222371,0.6329286725998684,0.8263888888888888
L22:T4,lofo_background_event,C,background_event,288,,,0.5243055555555556,,0.01385845383085389,,,-0.05243404159985851,0.04214957350709532,0.11861034528726053,0.8680555555555556
L22:T4,baseline,pre-C,background_event,288,,,0.4756944444444444,,0.1409425628595339,,,0.046246150704480696,0.6144810902062533,0.6321132267853081,0.8263888888888888
L22:T4,rad_all,A,other_horizon,144,,,0.6875,,0.05490738168122075,,,-0.06668360186233283,0.2830763016704968,0.32880294520795283,0.8680555555555556
L22:T4,baseline,pre-A,other_horizon,144,,,0.24305555555555555,,0.2270166631305521,,,0.4361989068637169,0.7187295019623479,0.7070687255117359,0.8263888888888888
L22:T4,rad_all,B,other_horizon,144,,,0.6388888888888888,,0.03008825205122518,,,0.11901316311761992,0.15149916635707059,0.22451742336050295,0.8680555555555556
L22:T4,baseline,pre-B,other_horizon,144,,,0.4097222222222222,,0.20387161973772533,,,0.35433250756134765,0.6241190849432956,0.6634027504462846,0.8263888888888888
L22:T4,lofo_other_horizon,C,other_horizon,288,,,0.4722222222222222,,0.1337696476569271,,,0.22938246170155308,0.5702713979949423,0.5762454645162087,0.875
L22:T4,baseline,pre-C,other_horizon,288,,,0.3263888888888889,,0.21529263990828876,,,0.39526570721253224,0.6655959667089949,0.6812402739502461,0.8263888888888888
L22:T5,baseline,clean,-,432,0.23387162907291303,-0.03196774687273517,0.8078703703703703,0.9834580820539267,,,,,,,
L22:T5,rad_all,clean,-,432,0.22687786677366453,-0.029443418269624617,0.8263888888888888,0.9846786803361727,,,,,,,
L22:T5,lofo_entity_age,clean,-,432,0.22987811592433208,-0.03333513638214468,0.8310185185185185,0.9839581509537014,,,,,,,
L22:T5,lofo_prep_time,clean,-,432,0.23123145955521823,-0.023495848567948202,0.8263888888888888,0.9845711386372965,,,,,,,
L22:T5,lofo_tenure,clean,-,432,0.22506394573625954,-0.04098664020349613,0.8333333333333334,0.9854529805680822,,,,,,,
L22:T5,lofo_background_event,clean,-,432,0.23368945629210966,-0.03786008816744845,0.8333333333333334,0.9843184156449372,,,,,,,
L22:T5,lofo_other_horizon,clean,-,432,0.22159898818716242,-0.012634334327647469,0.8449074074074074,0.9849045179038131,,,,,,,
L22:T5,rad_all,A,entity_age,144,,,0.8125,,-0.013166416375880938,,,-0.0012594257308997411,-0.1530861245022682,-0.027124912512900577,0.9027777777777778
L22:T5,baseline,pre-A,entity_age,144,,,0.3611111111111111,,0.2017510866083864,,,0.2544134054119553,0.6854848871063581,0.6942297370132661,0.8402777777777778
L22:T5,rad_all,B,entity_age,144,,,0.6875,,0.010361725131642576,,,0.1422900626263542,0.10652204201375082,0.20632528275107348,0.9027777777777778
L22:T5,baseline,pre-B,entity_age,144,,,0.3402777777777778,,0.21205826950054427,,,0.23563135231326418,0.7259822549417003,0.7225716040993136,0.8402777777777778
L22:T5,lofo_entity_age,C,entity_age,288,,,0.6631944444444444,,0.01977587439851399,,,0.12516558925289767,0.14794881220601133,0.20356944459226595,0.8888888888888888
L22:T5,baseline,pre-C,entity_age,288,,,0.3506944444444444,,0.2069271266447073,,,0.24502237886260975,0.7071105803495163,0.7125640219045815,0.8402777777777778
L22:T5,rad_all,A,prep_time,144,,,0.8125,,0.016621572827887104,,,-0.03140302419526611,0.18709375651849572,0.22943189160784347,0.9027777777777778
L22:T5,baseline,pre-A,prep_time,144,,,0.2847222222222222,,0.2597055324371487,,,-0.44420156962311413,0.6315024783735091,0.6450430440557752,0.8402777777777778
L22:T5,rad_all,B,prep_time,144,,,0.3125,,0.020785334383706146,,,0.10297496099405977,0.0749498552204687,0.08366261761302271,0.9027777777777778
L22:T5,baseline,pre-B,prep_time,144,,,0.4236111111111111,,0.20869806584354927,,,-0.20590681639781255,0.6863445914437106,0.6551193373420453,0.8402777777777778
L22:T5,lofo_prep_time,C,prep_time,288,,,0.3715277777777778,,0.15642192198894156,,,-0.3469534723366757,0.46654233836108777,0.4760936328537531,0.9097222222222222
L22:T5,baseline,pre-C,prep_time,288,,,0.3541666666666667,,0.23154287268303111,,,-0.32505419301046334,0.6344889686570422,0.6376813583998893,0.8402777777777778
L22:T5,rad_all,A,tenure,144,,,0.8125,,-0.002189567282576129,,,0.019051288470129404,-0.02772616711996322,0.06721927454779716,0.9027777777777778
L22:T5,baseline,pre-A,tenure,144,,,0.3194444444444444,,0.2831538419151731,,,0.04150865458623386,0.7531585395314623,0.7605462889032357,0.8402777777777778
L22:T5,rad_all,B,tenure,144,,,0.75,,0.006799335177204711,,,0.029450456433203948,0.04436391316972756,0.06591273126924954,0.9027777777777778
L22:T5,baseline,pre-B,tenure,144,,,0.3263888888888889,,0.2570848201137472,,,0.03569731102374686,0.7178966338763331,0.7573401565314045,0.8402777777777778
L22:T5,lofo_tenure,C,tenure,288,,,0.6597222222222222,,0.03818122350197427,,,-0.033969207851562024,0.21804981273275909,0.2445386014921006,0.9097222222222222
L22:T5,baseline,pre-C,tenure,288,,,0.3229166666666667,,0.2687755699270459,,,0.03860298280499036,0.7324341260596341,0.7525982724940516,0.8402777777777778
L22:T5,rad_all,A,background_event,144,,,0.7638888888888888,,0.0013876851685973044,,,-0.03461579090728152,-0.05253775436646416,0.1091734575930798,0.9027777777777778
L22:T5,baseline,pre-A,background_event,144,,,0.3819444444444444,,0.19832851051697187,,,0.19496525936163234,0.6649831452696948,0.6523998898437956,0.8402777777777778
L22:T5,rad_all,B,background_event,144,,,0.6736111111111112,,0.016022380221398905,,,0.06683954633173557,0.10844515297186103,0.1469724344720848,0.9027777777777778
L22:T5,baseline,pre-B,background_event,144,,,0.3333333333333333,,0.22090360890435026,,,0.2384377708811168,0.7783696627055908,0.7769005211940276,0.8402777777777778
L22:T5,lofo_background_event,C,background_event,288,,,0.4930555555555556,,0.03758036044985883,,,-0.25655558132166145,0.20480207695719413,0.2406534181190827,0.8958333333333334
L22:T5,baseline,pre-C,background_event,288,,,0.3576388888888889,,0.21057873616726885,,,0.2167015151213746,0.7290733983859204,0.718341885710935,0.8402777777777778
L22:T5,rad_all,A,other_horizon,144,,,0.7986111111111112,,0.024347179735126456,,,0.003805031345962483,0.10626540745426555,0.19628571734729441,0.9027777777777778
L22:T5,baseline,pre-A,other_horizon,144,,,0.3402777777777778,,0.24056137638542,,,0.271988556980402,0.6516127095514238,0.6783689861606956,0.8402777777777778
L22:T5,rad_all,B,other_horizon,144,,,0.6736111111111112,,0.020060157491479085,,,0.1154520268412381,0.13528606241700042,0.25554279655039547,0.9027777777777778
L22:T5,baseline,pre-B,other_horizon,144,,,0.2708333333333333,,0.19614597323333824,,,0.5016027328501738,0.5698141303801749,0.6441608690625941,0.8402777777777778
L22:T5,lofo_other_horizon,C,other_horizon,288,,,0.4791666666666667,,0.12330939720940295,,,0.13461737366855642,0.5426947833856531,0.600228646210406,0.8888888888888888
L22:T5,baseline,pre-C,other_horizon,288,,,0.3055555555555556,,0.21675424153085734,,,0.38679564491528784,0.60415517189344,0.6527111044570683,0.8402777777777778
L22:T6,baseline,clean,-,432,0.18525102796344936,0.029854947291437898,0.8958333333333334,0.9890878899901012,,,,,,,
L22:T6,rad_all,clean,-,432,0.19454909101846737,0.02307570392820435,0.8888888888888888,0.9879855875766191,,,,,,,
L22:T6,lofo_entity_age,clean,-,432,0.19394130747379112,0.024911892178964105,0.8935185185185185,0.9880716209357202,,,,,,,
L22:T6,lofo_prep_time,clean,-,432,0.19083814103192537,0.0210605716943599,0.8912037037037037,0.9881791626345965,,,,,,,
L22:T6,lofo_tenure,clean,-,432,0.1939394642939012,0.027492238713396316,0.8981481481481481,0.9877812583487542,,,,,,,
L22:T6,lofo_background_event,clean,-,432,0.1963162181830785,0.023949462696279192,0.8935185185185185,0.9875769291208891,,,,,,,
L22:T6,lofo_other_horizon,clean,-,432,0.19488698604307392,0.019987270086179613,0.8773148148148148,0.9877436187541474,,,,,,,
L22:T6,rad_all,A,entity_age,144,,,0.8958333333333334,,-0.0095073244904866,,,-0.012246873840249355,-0.14945633849172443,0.04114762402760918,0.9305555555555556
L22:T6,baseline,pre-A,entity_age,144,,,0.4861111111111111,,0.1709861971707953,,,0.09121336784528072,0.6502120496284828,0.7273138497040528,0.8819444444444444
L22:T6,rad_all,B,entity_age,144,,,0.6805555555555556,,0.0015306223208605364,,,0.18676593171724556,0.020797533834423756,0.2715718171925823,0.9305555555555556
L22:T6,baseline,pre-B,entity_age,144,,,0.4375,,0.1743701776710833,,,0.09663874956833554,0.7034804005920474,0.7314027177124233,0.8819444444444444
L22:T6,lofo_entity_age,C,entity_age,288,,,0.5,,0.008324606889038078,,,0.25629175017082784,0.08166119890157847,0.19886057905494514,0.9236111111111112
L22:T6,baseline,pre-C,entity_age,288,,,0.4618055555555556,,0.17246769224061156,,,0.09392605870680813,0.6783238245541715,0.7309762011287972,0.8819444444444444
L22:T6,rad_all,A,prep_time,144,,,0.8611111111111112,,-0.00921394772062711,,,0.02551560378867261,-0.09024966911545128,0.057838334368201266,0.9305555555555556
L22:T6,baseline,pre-A,prep_time,144,,,0.2152777777777778,,0.4564702657773994,,,-1.2322553559079614,0.6803566464065864,0.7129749988568607,0.8819444444444444
L22:T6,rad_all,B,prep_time,144,,,0.5347222222222222,,0.005507423996510418,,,0.13470607317362462,0.04756947181244947,0.11214842646877084,0.9305555555555556
L22:T6,baseline,pre-B,prep_time,144,,,0.2013888888888889,,0.26740155537624005,,,-0.9623574439726084,0.5903172877317279,0.6311336149907789,0.8819444444444444
L22:T6,lofo_prep_time,C,prep_time,288,,,0.4201388888888889,,0.15668718619700076,,,-0.05864188798631176,0.4941255604380756,0.5574618896421675,0.9236111111111112
L22:T6,baseline,pre-C,prep_time,288,,,0.20833333333333334,,0.35710004790206207,,,-1.0973063999402848,0.6324870679755227,0.6692791839141168,0.8819444444444444
L22:T6,rad_all,A,tenure,144,,,0.8472222222222222,,-0.007836028026940538,,,-0.013021121781947007,-0.07016955095632905,0.048546918885896746,0.9305555555555556
L22:T6,baseline,pre-A,tenure,144,,,0.3402777777777778,,0.26576115887843277,,,-0.243628902521564,0.7151908134347428,0.7726327754978616,0.8819444444444444
L22:T6,rad_all,B,tenure,144,,,0.6597222222222222,,-0.008309369929354311,,,0.13237312877345542,-0.09724806138505476,0.07411137216356446,0.9305555555555556
L22:T6,baseline,pre-B,tenure,144,,,0.3958333333333333,,0.17154196495627436,,,-0.06078462978227977,0.5743651442310701,0.613617720358816,0.8819444444444444
L22:T6,lofo_tenure,C,tenure,288,,,0.5625,,0.05927548736988393,,,-0.09036183934729368,0.25635639048736325,0.330880256159959,0.9375
L22:T6,baseline,pre-C,tenure,288,,,0.3680555555555556,,0.22329702951619496,,,-0.15220676615192186,0.6538389461653262,0.70365784502517,0.8819444444444444
L22:T6,rad_all,A,background_event,144,,,0.9097222222222222,,-0.014594569747375009,,,-0.033163485795429666,-0.15680332028887697,0.11348846308731486,0.9305555555555556
L22:T6,baseline,pre-A,background_event,144,,,0.5,,0.13849411951480253,,,-0.21910800722849955,0.5663610518334543,0.6461454431283511,0.8819444444444444
L22:T6,rad_all,B,background_event,144,,,0.7569444444444444,,-0.004936622970880061,,,-0.05953685329896501,-0.04629102111604876,0.12283108312202283,0.9305555555555556
L22:T6,baseline,pre-B,background_event,144,,,0.4722222222222222,,0.14902625264708097,,,-0.04940824093974978,0.6075533227708738,0.6479798364577285,0.8819444444444444
L22:T6,lofo_background_event,C,background_event,288,,,0.3402777777777778,,-0.014538492238483898,,,-0.47292558540933766,-0.1413243756260286,0.053397062938504325,0.9305555555555556
L22:T6,baseline,pre-C,background_event,288,,,0.4861111111111111,,0.14325149671407397,,,-0.13425812408412463,0.5801832058416988,0.6366143326867685,0.8819444444444444
L22:T6,rad_all,A,other_horizon,144,,,0.8055555555555556,,0.01565095905281253,,,0.0030155813008753973,0.10699294986638576,0.2674160517388927,0.9305555555555556
L22:T6,baseline,pre-A,other_horizon,144,,,0.1597222222222222,,0.16293354730466236,,,0.5733570276003905,0.5424873770903984,0.5689783619913833,0.8819444444444444
L22:T6,rad_all,B,other_horizon,144,,,0.7222222222222222,,-0.00037512337098187753,,,0.09483619119816962,-0.0019294136336267943,0.18040620416171035,0.9305555555555556
L22:T6,baseline,pre-B,other_horizon,144,,,0.4583333333333333,,0.1481666710479281,,,0.15000591814858238,0.6677720684041019,0.6952380754011266,0.8819444444444444
L22:T6,lofo_other_horizon,C,other_horizon,288,,,0.4444444444444444,,0.09808360749928557,,,0.20121635368606747,0.4761947967553514,0.5536355996865211,0.9027777777777778
L22:T6,baseline,pre-C,other_horizon,288,,,0.3090277777777778,,0.15674276178399754,,,0.3616814728744865,0.5472164046699353,0.5842901823844939,0.8819444444444444
L22:T7,baseline,clean,-,432,0.27013512054152455,0.03514010911283961,0.7546296296296297,0.9790434953150542,,,,,,,
L22:T7,rad_all,clean,-,432,0.23728977437766186,0.008813208182202286,0.7870370370370371,0.9842969073051618,,,,,,,
L22:T7,lofo_entity_age,clean,-,432,0.23772027804710907,0.008953709772495919,0.7870370370370371,0.983624771687185,,,,,,,
L22:T7,lofo_prep_time,clean,-,432,0.24890808145065452,0.02020454465339573,0.7777777777777778,0.9829203735595451,,,,,,,
L22:T7,lofo_tenure,clean,-,432,0.24672331537039874,0.015661176603639946,0.7754629629629629,0.98312470278741,,,,,,,
L22:T7,lofo_background_event,clean,-,432,0.24461420898009523,0.00984397503653758,0.7962962962962963,0.983506475818421,,,,,,,
L22:T7,lofo_other_horizon,clean,-,432,0.23285551315911487,0.0002990180318954088,0.8194444444444444,0.984205496861117,,,,,,,
L22:T7,rad_all,A,entity_age,144,,,0.8194444444444444,,-0.011795069978895843,,,0.022589249982037003,-0.0851713409572605,-0.09081700480200988,0.8472222222222222
L22:T7,baseline,pre-A,entity_age,144,,,0.3611111111111111,,0.24376015653867225,,,-0.03765751208767806,0.756199389318413,0.7533996706513658,0.8055555555555556
L22:T7,rad_all,B,entity_age,144,,,0.5347222222222222,,0.018252423010104338,,,0.28133805442149284,0.10496644758121854,0.19905378319435282,0.8472222222222222
L22:T7,baseline,pre-B,entity_age,144,,,0.2708333333333333,,0.23187251748208018,,,-0.19373645077983254,0.7588547388415684,0.7654489317784396,0.8055555555555556
L22:T7,lofo_entity_age,C,entity_age,288,,,0.5694444444444444,,0.018506730942977657,,,0.26157369360283145,0.10873673612982641,0.1480206572603551,0.8541666666666666
L22:T7,baseline,pre-C,entity_age,288,,,0.3159722222222222,,0.23873829788506165,,,-0.1156969814337553,0.7592831525402379,0.7596966384124402,0.8055555555555556
L22:T7,rad_all,A,prep_time,144,,,0.7708333333333334,,0.00783253633460113,,,0.015000522140526502,0.09773044475288552,0.1434049816579616,0.8472222222222222
L22:T7,baseline,pre-A,prep_time,144,,,0.2013888888888889,,0.17200747648067763,,,-0.7507816020437575,0.4492565538908789,0.5033565103209748,0.8055555555555556
L22:T7,rad_all,B,prep_time,144,,,0.4375,,0.007604802040307563,,,0.3237717322680917,0.05200524265451792,0.07992225987079826,0.8472222222222222
L22:T7,baseline,pre-B,prep_time,144,,,0.4027777777777778,,0.13803311173550595,,,-0.39949592688112306,0.4321912020952371,0.45327066045120173,0.8055555555555556
L22:T7,lofo_prep_time,C,prep_time,288,,,0.4444444444444444,,0.049094587298907935,,,0.13252482208896355,0.19600840938113587,0.23762201857865858,0.8472222222222222
L22:T7,baseline,pre-C,prep_time,288,,,0.3020833333333333,,0.1517846592358022,,,-0.5751387644624404,0.4140533013427168,0.44144585424951094,0.8055555555555556
L22:T7,rad_all,A,tenure,144,,,0.8472222222222222,,0.011978649994313096,,,-0.0032231746920263976,0.10063497335206134,0.13785709144635233,0.8472222222222222
L22:T7,baseline,pre-A,tenure,144,,,0.1875,,0.3412318193365107,,,-0.313399471282615,0.7586089139319654,0.7764874281896629,0.8055555555555556
L22:T7,rad_all,B,tenure,144,,,0.7013888888888888,,0.0009760484110037932,,,0.07971636157885313,-0.03632003946071843,0.0896584394147353,0.8472222222222222
L22:T7,baseline,pre-B,tenure,144,,,0.3055555555555556,,0.27211235322386446,,,-0.20980957160180766,0.7155791460236377,0.7361551418155233,0.8055555555555556
L22:T7,lofo_tenure,C,tenure,288,,,0.6631944444444444,,0.06984355933282342,,,-0.08243235285824436,0.3499192457856488,0.4169340274380425,0.8541666666666666
L22:T7,baseline,pre-C,tenure,288,,,0.2465277777777778,,0.30843150475532805,,,-0.26160452144221136,0.7367584058777714,0.7591701026510337,0.8055555555555556
L22:T7,rad_all,A,background_event,144,,,0.7916666666666666,,-0.018232232726672824,,,0.015131274724043818,-0.18748065790601895,-0.009512306010346768,0.8472222222222222
L22:T7,baseline,pre-A,background_event,144,,,0.375,,0.18113366029582992,,,-0.16581941261204222,0.619246498771182,0.647146315385514,0.8055555555555556
L22:T7,rad_all,B,background_event,144,,,0.7013888888888888,,0.02312109341055371,,,0.08285968155991379,0.1864764639540044,0.24145169912130343,0.8472222222222222
L22:T7,baseline,pre-B,background_event,144,,,0.3472222222222222,,0.23854141876889834,,,-0.10312185021212206,0.7654428252194437,0.7701557347196015,0.8055555555555556
L22:T7,lofo_background_event,C,background_event,288,,,0.5173611111111112,,0.007267422312870791,,,-0.269509665438043,0.01785294649575215,0.06942675758512155,0.8819444444444444
L22:T7,baseline,pre-C,background_event,288,,,0.3611111111111111,,0.21278634217570488,,,-0.13447063141208215,0.6968693145397648,0.7104231246141757,0.8055555555555556
L22:T7,rad_all,A,other_horizon,144,,,0.7222222222222222,,0.051165532158924235,,,0.0008924025167863164,0.3260053235569271,0.30973208899632665,0.8472222222222222
L22:T7,baseline,pre-A,other_horizon,144,,,0.3680555555555556,,0.2702599121588453,,,0.0018055892538129054,0.7880429901093142,0.7574299348015379,0.8055555555555556
L22:T7,rad_all,B,other_horizon,144,,,0.5,,0.028079839537690086,,,0.2614958511543122,0.19657107276093982,0.33046433971116596,0.8472222222222222
L22:T7,baseline,pre-B,other_horizon,144,,,0.2777777777777778,,0.22416984069310472,,,0.35635178894758646,0.7191346671759419,0.7410757178408416,0.8055555555555556
L22:T7,lofo_other_horizon,C,other_horizon,288,,,0.4791666666666667,,0.13547848024218237,,,0.06455541012366389,0.5032421304731971,0.5473538117167409,0.8680555555555556
L22:T7,baseline,pre-C,other_horizon,288,,,0.3229166666666667,,0.24514599299137488,,,0.17907868910069968,0.7186207683085886,0.7226517936835261,0.8055555555555556
L22:T8,baseline,clean,-,432,0.2079672423232671,-0.01371810467887632,0.8726851851851852,0.9866036767460585,,,,,,,
L22:T8,rad_all,clean,-,432,0.20640729830029272,-0.013843503093900466,0.8611111111111112,0.9869370560125752,,,,,,,
L22:T8,lofo_entity_age,clean,-,432,0.2053571432046625,-0.023727080861712106,0.8634259259259259,0.9868725309932493,,,,,,,
L22:T8,lofo_prep_time,clean,-,432,0.20704957995467063,-0.017096594888984948,0.8541666666666666,0.986738103869654,,,,,,,
L22:T8,lofo_tenure,clean,-,432,0.2081529143363752,-0.005319110562374602,0.8611111111111112,0.986415478773025,,,,,,,
L22:T8,lofo_background_event,clean,-,432,0.21088699008302864,-0.015636668444992372,0.8541666666666666,0.9869316789276313,,,,,,,
L22:T8,lofo_other_horizon,clean,-,432,0.20615282787472416,-0.022087168121943765,0.8449074074074074,0.9871467623253839,,,,,,,
L22:T8,rad_all,A,entity_age,144,,,0.875,,-0.018126887285862,,,0.008900169813340072,-0.20586273073198483,-0.10926741209812928,0.9236111111111112
L22:T8,baseline,pre-A,entity_age,144,,,0.6319444444444444,,0.11512917536556531,,,0.06792389323299967,0.5148588165830406,0.5515325183185842,0.9166666666666666
L22:T8,rad_all,B,entity_age,144,,,0.8611111111111112,,0.010416281499603143,,,0.01462895731639369,0.06883605854551736,0.269789114012148,0.9236111111111112
L22:T8,baseline,pre-B,entity_age,144,,,0.5277777777777778,,0.14638673788886322,,,-0.10640306360366858,0.6006584223383636,0.6384368571553005,0.9166666666666666
L22:T8,lofo_entity_age,C,entity_age,288,,,0.6041666666666666,,-0.014254441493670457,,,-0.07507556164568935,-0.08172977827163387,-0.0013670656844011553,0.9305555555555556
L22:T8,baseline,pre-C,entity_age,288,,,0.5798611111111112,,0.13238407800079083,,,-0.019239585185334456,0.5582805357986171,0.5931442276416188,0.9166666666666666
L22:T8,rad_all,A,prep_time,144,,,0.8125,,0.018433394820848614,,,0.03112519442370852,0.16336711589519878,0.3073670222142782,0.9236111111111112
L22:T8,baseline,pre-A,prep_time,144,,,0.1875,,0.35615367793429864,,,-0.8155037365663527,0.7391516839460448,0.7642169050568568,0.9166666666666666
L22:T8,rad_all,B,prep_time,144,,,0.6111111111111112,,0.040238776885732436,,,0.09141348213658278,0.21162867730656867,0.30383723856276085,0.9236111111111112
L22:T8,baseline,pre-B,prep_time,144,,,0.3472222222222222,,0.2671846682586756,,,-0.45733075066351414,0.7077295491961385,0.7188842968959481,0.9166666666666666
L22:T8,lofo_prep_time,C,prep_time,288,,,0.4270833333333333,,0.16910048698014635,,,0.03295795375308402,0.6248713544530051,0.6726833445535031,0.9027777777777778
L22:T8,baseline,pre-C,prep_time,288,,,0.2673611111111111,,0.30753611507036327,,,-0.6364172436149335,0.6977044653567029,0.7156391742732191,0.9166666666666666
L22:T8,rad_all,A,tenure,144,,,0.8819444444444444,,0.0023117831726772115,,,0.013517945911309242,0.02579281159884082,0.11743225551998338,0.9236111111111112
L22:T8,baseline,pre-A,tenure,144,,,0.2638888888888889,,0.2955016661920547,,,-0.2631445074105987,0.7377439482144054,0.7679179604744176,0.9166666666666666
L22:T8,rad_all,B,tenure,144,,,0.7430555555555556,,0.011266894769516563,,,-0.017516995632758586,0.04511965942524667,0.19146308793080546,0.9236111111111112
L22:T8,baseline,pre-B,tenure,144,,,0.3680555555555556,,0.2207303374501702,,,-0.2175207749950002,0.6239107431633728,0.6545546458539159,0.9166666666666666
L22:T8,lofo_tenure,C,tenure,288,,,0.6354166666666666,,0.07617587174974527,,,-0.11891476738142022,0.353268590668606,0.4509869145826479,0.9166666666666666
L22:T8,baseline,pre-C,tenure,288,,,0.3159722222222222,,0.2591219353784523,,,-0.24033264120279943,0.6885972229770242,0.7207130518157356,0.9166666666666666
L22:T8,rad_all,A,background_event,144,,,0.9305555555555556,,-0.018078117816299907,,,0.013912099103537627,-0.20081758220026388,-0.00924500478504017,0.9236111111111112
L22:T8,baseline,pre-A,background_event,144,,,0.5347222222222222,,0.1246837125779384,,,0.024040768977080757,0.4522555851659205,0.5015334704538336,0.9166666666666666
L22:T8,rad_all,B,background_event,144,,,0.7291666666666666,,-0.0052381478162006325,,,-0.028696099843222213,-0.02217981630863171,0.09044364747381696,0.9236111111111112
L22:T8,baseline,pre-B,background_event,144,,,0.4583333333333333,,0.16778059181906846,,,-0.06063268874970652,0.7263809450296498,0.7363895971877674,0.9166666666666666
L22:T8,lofo_background_event,C,background_event,288,,,0.6979166666666666,,0.00427426499566779,,,-0.1045008665994702,0.006142987147801757,0.1219229964493633,0.9305555555555556
L22:T8,baseline,pre-C,background_event,288,,,0.4965277777777778,,0.1492719806922744,,,-0.01829595988631288,0.5968620163298929,0.6307418942082308,0.9166666666666666
L22:T8,rad_all,A,other_horizon,144,,,0.8402777777777778,,0.011929139429518421,,,-0.00977347494853381,0.048459952047078925,0.1583007682062115,0.9236111111111112
L22:T8,baseline,pre-A,other_horizon,144,,,0.14583333333333334,,0.19275914872316113,,,0.13413374700616018,0.3939843140197837,0.4082336944118618,0.9166666666666666
L22:T8,rad_all,B,other_horizon,144,,,0.7083333333333334,,-0.0037048998907914877,,,0.0520466793580783,-0.03575444639814653,0.1450215620433423,0.9236111111111112
L22:T8,baseline,pre-B,other_horizon,144,,,0.4236111111111111,,0.15087562061877685,,,0.03363761770930521,0.4413111627688936,0.5080809333275909,0.9166666666666666
L22:T8,lofo_other_horizon,C,other_horizon,288,,,0.5104166666666666,,0.0905986017687245,,,-0.12840236904613053,0.34903248777393864,0.44838054582745507,0.9236111111111112
L22:T8,baseline,pre-C,other_horizon,288,,,0.2847222222222222,,0.17142027919260167,,,0.0838856823577327,0.3899431123493932,0.4278717276878638,0.9166666666666666
L22:R0,baseline,clean,-,432,0.19300301887037535,-0.03429112222906531,0.8888888888888888,0.9877489958390913,,,,,,,
L22:R0,rad_all,clean,-,432,0.18971673609992712,-0.01426931134063298,0.9027777777777778,0.988281327248529,,,,,,,
L22:R0,lofo_entity_age,clean,-,432,0.19532247707269618,-0.007649519894639611,0.8888888888888888,0.9878457833680799,,,,,,,
L22:R0,lofo_prep_time,clean,-,432,0.19027297494350998,-0.027067314782250277,0.9027777777777778,0.9884426397968434,,,,,,,
L22:R0,lofo_tenure,clean,-,432,0.1866084774262363,-0.012257586141588993,0.9143518518518519,0.9887383794687533,,,,,,,
L22:R0,lofo_background_event,clean,-,432,0.19056404160793008,-0.02483823377807717,0.8912037037037037,0.9883297210130233,,,,,,,
L22:R0,lofo_other_horizon,clean,-,432,0.18633737120002786,-0.007571634095283022,0.9097222222222222,0.9886093294301017,,,,,,,
L22:R0,rad_all,A,entity_age,144,,,0.875,,-0.005686547164607694,,,0.01517864117156468,-0.13358255670253585,-0.03963219841744862,0.9444444444444444
L22:R0,baseline,pre-A,entity_age,144,,,0.4097222222222222,,0.12519887789380463,,,0.3533560640137295,0.6292010956117474,0.6734780534258551,0.9166666666666666
L22:R0,rad_all,B,entity_age,144,,,0.8611111111111112,,0.010779211319319297,,,0.07922112221650686,0.11952753500201484,0.24161758021265844,0.9444444444444444
L22:R0,baseline,pre-B,entity_age,144,,,0.4652777777777778,,0.1353255849148226,,,0.19744203229596183,0.678890351648853,0.715939224735804,0.9166666666666666
L22:R0,lofo_entity_age,C,entity_age,288,,,0.6805555555555556,,-0.01086495222018188,,,0.14559617679210687,-0.12075118862667573,-0.016697192559863284,0.9305555555555556
L22:R0,baseline,pre-C,entity_age,288,,,0.4375,,0.13152457831851933,,,0.27539904815484567,0.6544197691828814,0.6932618181085476,0.9166666666666666
L22:R0,rad_all,A,prep_time,144,,,0.8611111111111112,,0.007267409324021159,,,0.012311367082676224,0.10297422326929227,0.21868505997609683,0.9444444444444444
L22:R0,baseline,pre-A,prep_time,144,,,0.4444444444444444,,0.19079247800145022,,,0.17992498319365632,0.49542552142647844,0.520707809643374,0.9166666666666666
L22:R0,rad_all,B,prep_time,144,,,0.4097222222222222,,0.027357102579458708,,,-0.22964964937769997,0.09689556515456264,0.15429729385844793,0.9444444444444444
L22:R0,baseline,pre-B,prep_time,144,,,0.3819444444444444,,0.1634908950466053,,,-0.3864186393240979,0.47980891065449655,0.49022000850765224,0.9166666666666666
L22:R0,lofo_prep_time,C,prep_time,288,,,0.4826388888888889,,0.10181789727009195,,,0.11930075285204146,0.3658519341489378,0.4139879864754567,0.9097222222222222
L22:R0,baseline,pre-C,prep_time,288,,,0.4131944444444444,,0.18096246749990186,,,-0.10324682806522081,0.4598749464689799,0.47615995256512494,0.9166666666666666
L22:R0,rad_all,A,tenure,144,,,0.9236111111111112,,-0.0070415665601008485,,,0.006580459780577388,-0.07793914809214944,-0.016718902890038707,0.9444444444444444
L22:R0,baseline,pre-A,tenure,144,,,0.4097222222222222,,0.19441550447399752,,,-0.15304117164854147,0.5537295009950612,0.5945751533976514,0.9166666666666666
L22:R0,rad_all,B,tenure,144,,,0.8194444444444444,,-6.180534028284705e-05,,,0.051872842518912526,-0.00502691857726933,0.11825619931772931,0.9444444444444444
L22:R0,baseline,pre-B,tenure,144,,,0.2638888888888889,,0.15855381064396784,,,0.3368012542529748,0.5853556243512256,0.658138410677295,0.9166666666666666
L22:R0,lofo_tenure,C,tenure,288,,,0.6423611111111112,,0.041135448488449355,,,0.11359625946813928,0.21788225756611,0.30497451918741286,0.9444444444444444
L22:R0,baseline,pre-C,tenure,288,,,0.3368055555555556,,0.18648505835269416,,,0.09188004130221666,0.5614517403121948,0.6159737393669478,0.9166666666666666
L22:R0,rad_all,A,background_event,144,,,0.9027777777777778,,-0.01139419750610615,,,0.0020837829383471315,-0.1788084414609215,0.057262755725079245,0.9444444444444444
L22:R0,baseline,pre-A,background_event,144,,,0.3333333333333333,,0.1358928580548294,,,-0.08381871265329277,0.4126869646859486,0.45982041082046216,0.9166666666666666
L22:R0,rad_all,B,background_event,144,,,0.7638888888888888,,0.0013602288211106515,,,0.022384825713428966,0.012432434186770184,0.16324955773083874,0.9444444444444444
L22:R0,baseline,pre-B,background_event,144,,,0.4166666666666667,,0.19063453968400637,,,-0.21871872657706654,0.4575421168001799,0.5324221091911729,0.9166666666666666
L22:R0,lofo_background_event,C,background_event,288,,,0.5451388888888888,,0.05098395188948454,,,-0.21220346264755147,0.24662684133767995,0.3385267228791888,0.9305555555555556
L22:R0,baseline,pre-C,background_event,288,,,0.375,,0.16730904451935114,,,-0.15126871961517965,0.4313377279336229,0.4847418246351165,0.9166666666666666
L22:R0,rad_all,A,other_horizon,144,,,0.8541666666666666,,0.0033038721157467948,,,-0.001057908511972988,-0.02741146673731376,0.09014290681882814,0.9444444444444444
L22:R0,baseline,pre-A,other_horizon,144,,,0.3819444444444444,,0.17394689972689284,,,0.14018818405920938,0.5050109037235321,0.5150156167830193,0.9166666666666666
L22:R0,rad_all,B,other_horizon,144,,,0.7361111111111112,,0.00850980241783541,,,0.16153257337681565,0.019028841961644262,0.19927225184801733,0.9444444444444444
L22:R0,baseline,pre-B,other_horizon,144,,,0.4722222222222222,,0.15823092762688845,,,0.17546887703767322,0.6099117672598501,0.6583259808228041,0.9166666666666666
L22:R0,lofo_other_horizon,C,other_horizon,288,,,0.5659722222222222,,0.07148035301373976,,,-0.13489676645920082,0.3086049230723549,0.3798583896783494,0.9305555555555556
L22:R0,baseline,pre-C,other_horizon,288,,,0.4270833333333333,,0.1656655647594745,,,0.1578285305484413,0.5524501813064918,0.5820715735410062,0.9166666666666666
L26:T0,baseline,clean,-,432,0.19621779680241225,0.03129006104866384,0.875,0.9876629624799903,,,,,,,
L26:T0,rad_all,clean,-,432,0.19349936295009482,0.02544057650563545,0.8981481481481481,0.9877651270939226,,,,,,,
L26:T0,lofo_entity_age,clean,-,432,0.19171712023863635,0.017313825465501267,0.9027777777777778,0.9879049313024619,,,,,,,
L26:T0,lofo_prep_time,clean,-,432,0.1930446751479336,0.03097696380115678,0.9004629629629629,0.9875607978660578,,,,,,,
L26:T0,lofo_tenure,clean,-,432,0.19677052616301227,0.026153882693643264,0.8935185185185185,0.9874908957617881,,,,,,,
L26:T0,lofo_background_event,clean,-,432,0.19996208879296518,0.024046938093984588,0.8773148148148148,0.9867649892943731,,,,,,,
L26:T0,lofo_other_horizon,clean,-,432,0.18294806135650413,0.03338458875187417,0.9212962962962963,0.9890878899901012,,,,,,,
L26:T0,rad_all,A,entity_age,144,,,0.9444444444444444,,-0.018870647232199337,,,-0.011337663458309173,-0.2696352169526677,-0.10656617599725951,0.9236111111111112
L26:T0,baseline,pre-A,entity_age,144,,,0.5833333333333334,,0.09021676488544841,,,-0.08139079620893436,0.3458305754497463,0.4313295216781689,0.8680555555555556
L26:T0,rad_all,B,entity_age,144,,,0.8611111111111112,,-0.01255683115038175,,,0.000255526093501481,-0.15436561496779583,0.08770216311680995,0.9236111111111112
L26:T0,baseline,pre-B,entity_age,144,,,0.5902777777777778,,0.057461113187537584,,,-0.1433205939764724,0.24602308795957153,0.29503436164397995,0.8680555555555556
L26:T0,lofo_entity_age,C,entity_age,288,,,0.7881944444444444,,-0.016796080293020103,,,-0.020930750941517976,-0.1642398038817003,0.0009372513907572053,0.9375
L26:T0,baseline,pre-C,entity_age,288,,,0.5868055555555556,,0.07395042453168936,,,-0.11235569509270338,0.3014769204154313,0.37508368582951357,0.8680555555555556
L26:T0,rad_all,A,prep_time,144,,,0.8472222222222222,,0.021288248665976145,,,-0.022082086914908938,0.16746325258221947,0.29478918934510473,0.9236111111111112
L26:T0,baseline,pre-A,prep_time,144,,,0.3333333333333333,,0.16457380490820542,,,-0.48401015017745824,0.5155725646800091,0.547740703873221,0.8680555555555556
L26:T0,rad_all,B,prep_time,144,,,0.6458333333333334,,-0.008713166878023365,,,0.16497632404294388,-0.06172293727228,0.1008590178507833,0.9236111111111112
L26:T0,baseline,pre-B,prep_time,144,,,0.3541666666666667,,0.1516785949294093,,,-0.34022518052264306,0.4932187262676731,0.5055713531799308,0.8680555555555556
L26:T0,lofo_prep_time,C,prep_time,288,,,0.5486111111111112,,0.0410801587679929,,,-0.19753354815321822,0.21874401225229098,0.3243654377315442,0.9375
L26:T0,baseline,pre-C,prep_time,288,,,0.34375,,0.156749416182065,,,-0.4121176653500506,0.49496209316105966,0.5197611434155754,0.8680555555555556
L26:T0,rad_all,A,tenure,144,,,0.8819444444444444,,-0.018529451260980566,,,-0.037554001565774875,-0.21577614228776243,0.06071580420855384,0.9236111111111112
L26:T0,baseline,pre-A,tenure,144,,,0.3958333333333333,,0.17198238150259135,,,-0.15247923130774158,0.571806978035078,0.5824303847758814,0.8680555555555556
L26:T0,rad_all,B,tenure,144,,,0.7638888888888888,,0.001973480240464352,,,-0.07400866031418214,0.023285426516459488,0.1539672198544523,0.9236111111111112
L26:T0,baseline,pre-B,tenure,144,,,0.5208333333333334,,0.1197666494403172,,,-0.38495000209229596,0.3988933254728975,0.4427607776715792,0.8680555555555556
L26:T0,lofo_tenure,C,tenure,288,,,0.5659722222222222,,0.07440656883942814,,,-0.08024731290600062,0.33425848986475215,0.42890254072114536,0.9166666666666666
L26:T0,baseline,pre-C,tenure,288,,,0.4583333333333333,,0.14123238723292553,,,-0.2687146167000188,0.450640751134908,0.47069788332495893,0.8680555555555556
L26:T0,rad_all,A,background_event,144,,,0.9027777777777778,,-0.00897675361530554,,,-0.09383458619152006,-0.1157173131539691,0.15001829069011705,0.9236111111111112
L26:T0,baseline,pre-A,background_event,144,,,0.4097222222222222,,0.12300923627632523,,,-0.5397553838232159,0.1699754423239103,0.23221040279642202,0.8680555555555556
L26:T0,rad_all,B,background_event,144,,,0.7361111111111112,,-0.015120223185966791,,,-0.10978702275319913,-0.1594249663539516,0.04197001667027509,0.9236111111111112
L26:T0,baseline,pre-B,background_event,144,,,0.4097222222222222,,0.13366864978182016,,,-0.5572930628560739,0.15059805866751536,0.19361516525232447,0.8680555555555556
L26:T0,lofo_background_event,C,background_event,288,,,0.6041666666666666,,-0.02831271398459775,,,-0.004683854420604279,-0.13868520727014386,-0.0051313813064589224,0.9166666666666666
L26:T0,baseline,pre-C,background_event,288,,,0.4097222222222222,,0.12901166861731556,,,-0.5485242233396449,0.14677956123581282,0.20623997907684805,0.8680555555555556
L26:T0,rad_all,A,other_horizon,144,,,0.8333333333333334,,-0.006976165237388648,,,-0.06652169612022887,-0.10262568560799566,0.04438410671067066,0.9236111111111112
L26:T0,baseline,pre-A,other_horizon,144,,,0.4513888888888889,,0.12989915258820112,,,-0.2927059302619555,0.44148559830282574,0.48127734476019607,0.8680555555555556
L26:T0,rad_all,B,other_horizon,144,,,0.6736111111111112,,0.008198751328149548,,,0.07065407241553007,0.051008872939008375,0.1915284698372215,0.9236111111111112
L26:T0,baseline,pre-B,other_horizon,144,,,0.5416666666666666,,0.12523988379181045,,,-0.234339347346576,0.455761666962411,0.5501562191817335,0.8680555555555556
L26:T0,lofo_other_horizon,C,other_horizon,288,,,0.5173611111111112,,0.09575614724848892,,,-0.25418786052592846,0.403101532689019,0.48214525036546674,0.9375
L26:T0,baseline,pre-C,other_horizon,288,,,0.4965277777777778,,0.127261646960088,,,-0.26352263880426574,0.4503821168492973,0.5214069903792531,0.8680555555555556
L26:T1,baseline,clean,-,432,0.20490942923788005,0.031094137955257322,0.8912037037037037,0.9855927847766213,,,,,,,
L26:T1,rad_all,clean,-,432,0.2137981437598581,0.05382438740091851,0.8634259259259259,0.9857325889851606,,,,,,,
L26:T1,lofo_entity_age,clean,-,432,0.1993029213637153,0.0524988613520664,0.9004629629629629,0.9873457144683051,,,,,,,
L26:T1,lofo_prep_time,clean,-,432,0.20440724866176235,0.034958202258960416,0.8912037037037037,0.9860767224215646,,,,,,,
L26:T1,lofo_tenure,clean,-,432,0.2127049901359499,0.04780060434388654,0.875,0.985544391012127,,,,,,,
L26:T1,lofo_background_event,clean,-,432,0.2162752543993489,0.06323634905718942,0.8888888888888888,0.9859691807226884,,,,,,,
L26:T1,lofo_other_horizon,clean,-,432,0.20620703069549273,0.05831428007444351,0.8842592592592593,0.987259681109204,,,,,,,
L26:T1,rad_all,A,entity_age,144,,,0.9513888888888888,,-0.005819308260176022,,,-0.007973167505398865,-0.09091749721647677,0.11221585953858758,0.9513888888888888
L26:T1,baseline,pre-A,entity_age,144,,,0.5347222222222222,,0.11643117061130066,,,-0.14380208713960294,0.4985066909009896,0.5616340158207951,0.9305555555555556
L26:T1,rad_all,B,entity_age,144,,,0.875,,-0.0016412822851050717,,,0.0343419774582348,-0.029540215722686548,0.20311561310152046,0.9513888888888888
L26:T1,baseline,pre-B,entity_age,144,,,0.5555555555555556,,0.08850646797700758,,,-0.11112519835460517,0.4401628809891422,0.5430552026603177,0.9305555555555556
L26:T1,lofo_entity_age,C,entity_age,288,,,0.8923611111111112,,0.00699370533272222,,,0.018834510664554074,0.05541388945015349,0.24792748548744345,0.9375
L26:T1,baseline,pre-C,entity_age,288,,,0.5451388888888888,,0.10179941034641396,,,-0.12746364274710403,0.47061022659998614,0.5555604719929031,0.9305555555555556
L26:T1,rad_all,A,prep_time,144,,,0.9097222222222222,,0.013163621592273824,,,-0.016848519853025365,0.11687656746169761,0.24153338277200023,0.9513888888888888
L26:T1,baseline,pre-A,prep_time,144,,,0.3333333333333333,,0.27857228867636086,,,-0.40471068916613806,0.8151533094038466,0.8498679673323163,0.9305555555555556
L26:T1,rad_all,B,prep_time,144,,,0.7013888888888888,,0.035504276839694426,,,-0.04690952859380226,0.19564824506130984,0.28607606641443334,0.9513888888888888
L26:T1,baseline,pre-B,prep_time,144,,,0.4027777777777778,,0.219975631071603,,,-0.26729292624356243,0.7523465301309267,0.7691288982919016,0.9305555555555556
L26:T1,lofo_prep_time,C,prep_time,288,,,0.3368055555555556,,0.17592190501850694,,,-0.5271801848398385,0.648303565504591,0.6974256211157083,0.9444444444444444
L26:T1,baseline,pre-C,prep_time,288,,,0.3680555555555556,,0.24727058486057013,,,-0.3360018077048503,0.7747576703184818,0.8045013072356085,0.9305555555555556
L26:T1,rad_all,A,tenure,144,,,0.9097222222222222,,-0.008667937218991876,,,-0.02797566257128363,-0.1358071718709419,0.02120259952998057,0.9513888888888888
L26:T1,baseline,pre-A,tenure,144,,,0.6319444444444444,,0.09290232941586332,,,-0.021592520909099352,0.40446119057892416,0.48627307888854016,0.9305555555555556
L26:T1,rad_all,B,tenure,144,,,0.8333333333333334,,0.002325645504760015,,,0.044895515200399,0.001851176333332688,0.12362079175384759,0.9513888888888888
L26:T1,baseline,pre-B,tenure,144,,,0.5972222222222222,,0.1030280448703167,,,-0.10740502484835589,0.5835185177620116,0.6221319255140791,0.9305555555555556
L26:T1,lofo_tenure,C,tenure,288,,,0.75,,-0.014266376114275997,,,-0.010835385537043626,-0.1359957616396635,-0.014967926611124227,0.9375
L26:T1,baseline,pre-C,tenure,288,,,0.6145833333333334,,0.09523569532702245,,,-0.06449877287872761,0.46147506415201295,0.5275430460696232,0.9305555555555556
L26:T1,rad_all,A,background_event,144,,,0.9375,,-0.0034472522841457395,,,-0.021491551077136056,-0.06817387115507557,0.12364389986531658,0.9513888888888888
L26:T1,baseline,pre-A,background_event,144,,,0.6388888888888888,,0.10355227976680974,,,-0.16493318019165232,0.49359281525694365,0.5726014300633565,0.9305555555555556
L26:T1,rad_all,B,background_event,144,,,0.8194444444444444,,-0.006422220320682759,,,0.04569867772225527,-0.01977613197507575,0.10886921433839973,0.9513888888888888
L26:T1,baseline,pre-B,background_event,144,,,0.5069444444444444,,0.12965129961068203,,,-0.1615642187867058,0.5590756724283128,0.6017893038171628,0.9305555555555556
L26:T1,lofo_background_event,C,background_event,288,,,0.7083333333333334,,-0.009182238230382667,,,0.11784693403820794,-0.03977643211569582,0.0769762461249468,0.9583333333333334
L26:T1,baseline,pre-C,background_event,288,,,0.5729166666666666,,0.11808531436452635,,,-0.16324869948917906,0.5220868356089307,0.5886011129048719,0.9305555555555556
L26:T1,rad_all,A,other_horizon,144,,,0.875,,-0.003165630728170287,,,-0.04986946888262865,-0.0653622495220264,0.07135744017217723,0.9513888888888888
L26:T1,baseline,pre-A,other_horizon,144,,,0.4305555555555556,,0.11590405062947401,,,-0.051320598251891315,0.4226056717297393,0.48864320923649607,0.9305555555555556
L26:T1,rad_all,B,other_horizon,144,,,0.75,,0.011274001245448698,,,0.03890617052366246,0.07621987775173183,0.18546689533824398,0.9513888888888888
L26:T1,baseline,pre-B,other_horizon,144,,,0.5486111111111112,,0.11585184947754305,,,0.046219809570743925,0.5819794853013655,0.6459254786150153,0.9305555555555556
L26:T1,lofo_other_horizon,C,other_horizon,288,,,0.6597222222222222,,0.041709534099898624,,,-0.16498214559067087,0.2193880599086375,0.2909356830992928,0.9375
L26:T1,baseline,pre-C,other_horizon,288,,,0.4895833333333333,,0.11551437471323948,,,-0.002550394340573698,0.4877565823792607,0.555607528968833,0.9305555555555556
L26:T2,baseline,clean,-,432,0.235450350028355,0.013596246521688391,0.8194444444444444,0.9826461422274105,,,,,,,
L26:T2,rad_all,clean,-,432,0.23852612448458593,0.03303893985883856,0.8287037037037037,0.9828719797950507,,,,,,,
L26:T2,lofo_entity_age,clean,-,432,0.2309965571374624,0.02633363488022499,0.8495370370370371,0.9834795903937019,,,,,,,
L26:T2,lofo_prep_time,clean,-,432,0.2432964589907394,0.03941125794288659,0.8148148148148148,0.9822805004512312,,,,,,,
L26:T2,lofo_tenure,clean,-,432,0.2411665920156393,0.026402904158863375,0.8287037037037037,0.9826085026328039,,,,,,,
L26:T2,lofo_background_event,clean,-,432,0.23486765652014724,0.026551861594590664,0.8240740740740741,0.983302146590556,,,,,,,
L26:T2,lofo_other_horizon,clean,-,432,0.25099537045260956,0.030167743558233664,0.8148148148148148,0.9816943981923553,,,,,,,
L26:T2,rad_all,A,entity_age,144,,,0.8263888888888888,,0.006600085361353273,,,0.04732553821025715,0.00010652195933489408,0.0010210029309835132,0.8611111111111112
L26:T2,baseline,pre-A,entity_age,144,,,0.6944444444444444,,0.052798105760329915,,,0.028793133274352685,0.2508511748405182,0.2559381008608318,0.8472222222222222
L26:T2,rad_all,B,entity_age,144,,,0.8125,,0.012694823726201229,,,0.03726255860072895,0.08542504620200496,0.10995882041120586,0.8611111111111112
L26:T2,baseline,pre-B,entity_age,144,,,0.7152777777777778,,0.05985207262656894,,,-0.004333274835343365,0.3247574702521451,0.41275306591049216,0.8472222222222222
L26:T2,lofo_entity_age,C,entity_age,288,,,0.7569444444444444,,0.02304743763639979,,,-0.013748438949571944,0.15794632784507734,0.14845901257444552,0.9027777777777778
L26:T2,baseline,pre-C,entity_age,288,,,0.7048611111111112,,0.056608970692130514,,,0.01222992921950466,0.2875354629819702,0.3372660569444552,0.8472222222222222
L26:T2,rad_all,A,prep_time,144,,,0.8055555555555556,,0.0323551582043355,,,0.03899923473987991,0.21424121394322015,0.07501276419675462,0.8611111111111112
L26:T2,baseline,pre-A,prep_time,144,,,0.6597222222222222,,0.08044197383636399,,,0.08730935305075385,0.42948736819238253,0.3585707406826486,0.8472222222222222
L26:T2,rad_all,B,prep_time,144,,,0.7916666666666666,,0.044106943868090706,,,0.045748227919088245,0.39431329666269427,0.31433275072283395,0.8611111111111112
L26:T2,baseline,pre-B,prep_time,144,,,0.6527777777777778,,0.07482557583436386,,,0.09816463766503811,0.43307554245342017,0.3736860578080734,0.8472222222222222
L26:T2,lofo_prep_time,C,prep_time,288,,,0.75,,0.04922319441018708,,,0.08457457369327069,0.34646623033513757,0.25651434393361777,0.8472222222222222
L26:T2,baseline,pre-C,prep_time,288,,,0.65625,,0.07742195245216812,,,0.09273699535789598,0.42964571863487766,0.3633335435940084,0.8472222222222222
L26:T2,rad_all,A,tenure,144,,,0.8333333333333334,,0.021594561966398747,,,0.021245525891334147,0.20604907292993252,0.10044203974496389,0.8611111111111112
L26:T2,baseline,pre-A,tenure,144,,,0.6805555555555556,,0.06257712178614933,,,0.027026980388790995,0.3797757374958198,0.37319991705391486,0.8472222222222222
L26:T2,rad_all,B,tenure,144,,,0.8125,,0.02544799313398697,,,0.023200581196496723,0.15035732550628125,0.03433821550342632,0.8611111111111112
L26:T2,baseline,pre-B,tenure,144,,,0.6875,,0.06608699773059647,,,0.048133600684169955,0.3297224434584446,0.26490916219389965,0.8472222222222222
L26:T2,lofo_tenure,C,tenure,288,,,0.7777777777777778,,0.01953875608235181,,,0.03155727764652861,0.14051673665343237,0.04320637314514486,0.8541666666666666
L26:T2,baseline,pre-C,tenure,288,,,0.6840277777777778,,0.06425108729668323,,,0.03758029053648047,0.36178451293158115,0.3253639984321516,0.8472222222222222
L26:T2,rad_all,A,background_event,144,,,0.8263888888888888,,0.005655116825711823,,,0.03779806186266968,0.01670130212253996,-0.045811008493522966,0.8611111111111112
L26:T2,baseline,pre-A,background_event,144,,,0.6041666666666666,,0.04542958792982148,,,0.023094239887093904,0.2168295285312237,0.18486793916242064,0.8472222222222222
L26:T2,rad_all,B,background_event,144,,,0.6597222222222222,,0.0040238388083609225,,,-0.06805861252899703,-0.013250410377202686,-0.15985706679852899,0.8611111111111112
L26:T2,baseline,pre-B,background_event,144,,,0.4652777777777778,,0.04824042020767791,,,-0.1384402622575804,0.1812289557642765,0.15014385075833173,0.8472222222222222
L26:T2,lofo_background_event,C,background_event,288,,,0.6666666666666666,,0.002967572862622278,,,7.680259369224279e-05,0.00894744893393322,-0.08087772373157592,0.8472222222222222
L26:T2,baseline,pre-C,background_event,288,,,0.5347222222222222,,0.04797970858551285,,,-0.05767301118524325,0.2013268956288761,0.16864853519259,0.8472222222222222
L26:T2,rad_all,A,other_horizon,144,,,0.7638888888888888,,0.028027382677842685,,,-0.015452411711726918,0.18528013102472457,0.10080281000635744,0.8611111111111112
L26:T2,baseline,pre-A,other_horizon,144,,,0.4513888888888889,,0.11358679192117849,,,0.1727868385049952,0.4431135246945864,0.4525414292671166,0.8472222222222222
L26:T2,rad_all,B,other_horizon,144,,,0.6736111111111112,,0.05692289554069231,,,0.04546652443025382,0.35077945742856137,0.3055929920901955,0.8611111111111112
L26:T2,baseline,pre-B,other_horizon,144,,,0.625,,0.12375428860759854,,,0.013229807264386318,0.6099037280363765,0.6027709270095626,0.8472222222222222
L26:T2,lofo_other_horizon,C,other_horizon,288,,,0.5173611111111112,,0.11628452473118826,,,0.0791952616340943,0.5739884218918047,0.5326761266255964,0.8402777777777778
L26:T2,baseline,pre-C,other_horizon,288,,,0.5381944444444444,,0.1193761191501763,,,0.09300832288469076,0.5280442280222143,0.5202778410640948,0.8472222222222222
L26:T3,baseline,clean,-,432,0.24840464347849442,0.07008658266593794,0.8101851851851852,0.9831623423820168,,,,,,,
L26:T3,rad_all,clean,-,432,0.22063179151142787,0.03958899694597945,0.8541666666666666,0.985254028425161,,,,,,,
L26:T3,lofo_entity_age,clean,-,432,0.2193858022230888,0.03764098349774581,0.8564814814814815,0.9851518638112284,,,,,,,
L26:T3,lofo_prep_time,clean,-,432,0.22200547526133027,0.042244109932836664,0.8449074074074074,0.9851411096413409,,,,,,,
L26:T3,lofo_tenure,clean,-,432,0.2247381439908447,0.04045368797129324,0.8402777777777778,0.9849797970930264,,,,,,,
L26:T3,lofo_background_event,clean,-,432,0.22327695208542717,0.041761910977916934,0.8541666666666666,0.985044322112352,,,,,,,
L26:T3,lofo_other_horizon,clean,-,432,0.22079184190949913,0.048924505381918094,0.8541666666666666,0.9856142931163966,,,,,,,
L26:T3,rad_all,A,entity_age,144,,,0.8055555555555556,,-0.00011835654296577564,,,-0.014481710021100137,0.010053261143266797,0.1454225729750238,0.9097222222222222
L26:T3,baseline,pre-A,entity_age,144,,,0.1111111111111111,,0.14091456832311086,,,0.7554801074283122,0.54617426277921,0.5684373522802029,0.8125
L26:T3,rad_all,B,entity_age,144,,,0.7569444444444444,,0.003420337874009513,,,0.02964165598669455,0.0429959065828979,0.24884888353081236,0.9097222222222222
L26:T3,baseline,pre-B,entity_age,144,,,0.2847222222222222,,0.14162448268720126,,,0.6375519667017274,0.504046762943239,0.5326122198806824,0.8125
L26:T3,lofo_entity_age,C,entity_age,288,,,0.5,,0.021054909709303925,,,0.22844220272634297,0.15800586378171882,0.2712017662040489,0.9305555555555556
L26:T3,baseline,pre-C,entity_age,288,,,0.19791666666666666,,0.14210633027918848,,,0.6965160370650199,0.5291905737774232,0.5508742150391172,0.8125
L26:T3,rad_all,A,prep_time,144,,,0.8402777777777778,,0.011953260301771549,,,-0.014747341390213827,0.127052592999669,0.2089069907992786,0.9097222222222222
L26:T3,baseline,pre-A,prep_time,144,,,0.2361111111111111,,0.28450836297653426,,,0.33395603525559303,0.5998991156322366,0.631241193893964,0.8125
L26:T3,rad_all,B,prep_time,144,,,0.6805555555555556,,0.012934208250278814,,,0.13496284905792802,0.04830307233685136,0.10856885788257967,0.9097222222222222
L26:T3,baseline,pre-B,prep_time,144,,,0.2013888888888889,,0.1763994723455519,,,0.5266715443508161,0.5567585810031292,0.5683816271198859,0.8125
L26:T3,lofo_prep_time,C,prep_time,288,,,0.46875,,0.13887295069516642,,,-0.010427125186128853,0.4612400271947142,0.4990186488399624,0.9166666666666666
L26:T3,baseline,pre-C,prep_time,288,,,0.21875,,0.22738030945791934,,,0.43031378980320456,0.5562191486870318,0.5808732501784358,0.8125
L26:T3,rad_all,A,tenure,144,,,0.8402777777777778,,-0.01574840432771407,,,-0.023300513607469084,-0.18908096413072625,0.09242926587519777,0.9097222222222222
L26:T3,baseline,pre-A,tenure,144,,,0.11805555555555555,,0.2331481841843336,,,0.5891197509889564,0.6814515488935755,0.7158238768330313,0.8125
L26:T3,rad_all,B,tenure,144,,,0.75,,-0.026563103536559326,,,-0.05766380511357413,-0.2129737167248624,-0.1352765697744733,0.9097222222222222
L26:T3,baseline,pre-B,tenure,144,,,0.2222222222222222,,0.18246716163534765,,,0.562868414729687,0.5685442900928166,0.5761218522824628,0.8125
L26:T3,lofo_tenure,C,tenure,288,,,0.6319444444444444,,0.014188207406069929,,,-0.20751634117289128,0.04900900701984878,0.13908209264033938,0.9166666666666666
L26:T3,baseline,pre-C,tenure,288,,,0.1701388888888889,,0.20705700167612925,,,0.5759940828593216,0.6208712738931708,0.6360303691427058,0.8125
L26:T3,rad_all,A,background_event,144,,,0.8888888888888888,,-0.013619941941052777,,,-0.03763423787543709,-0.11823758184971701,0.07444841570700934,0.9097222222222222
L26:T3,baseline,pre-A,background_event,144,,,0.2777777777777778,,0.20179348343789144,,,0.4608408376002845,0.6007645283356973,0.6191821856944164,0.8125
L26:T3,rad_all,B,background_event,144,,,0.7013888888888888,,-0.016003825879869368,,,-0.11819564307276277,-0.12907342721903353,-0.008310396922453072,0.9097222222222222
L26:T3,baseline,pre-B,background_event,144,,,0.24305555555555555,,0.18240786891429384,,,0.349335344204726,0.6518184962211833,0.6511834090561299,0.8125
L26:T3,lofo_background_event,C,background_event,288,,,0.4236111111111111,,0.013663323293943614,,,-0.35205757484891287,0.10951167044905902,0.21382438522579833,0.9166666666666666
L26:T3,baseline,pre-C,background_event,288,,,0.2604166666666667,,0.19150113298687207,,,0.40508809090250525,0.6312963054552743,0.6421936139721484,0.8125
L26:T3,rad_all,A,other_horizon,144,,,0.7361111111111112,,0.01848265613276791,,,-0.0420962788680944,0.04151413277556662,0.14196724007554584,0.9097222222222222
L26:T3,baseline,pre-A,other_horizon,144,,,0.11805555555555555,,0.17330182915431902,,,0.7587596916245593,0.5194250865404552,0.569609434691399,0.8125
L26:T3,rad_all,B,other_horizon,144,,,0.6180555555555556,,-0.00796470651428489,,,0.1670184928029073,-0.05559926954234547,0.09417749318553953,0.9097222222222222
L26:T3,baseline,pre-B,other_horizon,144,,,0.10416666666666667,,0.10553177992630475,,,0.7970377038941696,0.37538953028664485,0.4866463537415182,0.8125
L26:T3,lofo_other_horizon,C,other_horizon,288,,,0.5034722222222222,,0.07978229041685012,,,0.07021439014800485,0.29956243410733807,0.39717067277113577,0.9097222222222222
L26:T3,baseline,pre-C,other_horizon,288,,,0.1111111111111111,,0.13810179095990863,,,0.7778986977593644,0.44831020949636624,0.5247391740645865,0.8125
L26:T4,baseline,clean,-,432,0.2573834867129244,0.022521828914572682,0.7731481481481481,0.9816782669375238,,,,,,,
L26:T4,rad_all,clean,-,432,0.24122428589495418,0.04048051196943575,0.8333333333333334,0.9843399239847124,,,,,,,
L26:T4,lofo_entity_age,clean,-,432,0.243029805225715,0.03458657013892991,0.8125,0.9836301487721287,,,,,,,
L26:T4,lofo_prep_time,clean,-,432,0.24189473013058796,0.03225830987143177,0.8287037037037037,0.9845980240620155,,,,,,,
L26:T4,lofo_tenure,clean,-,432,0.23764196718304562,0.043425325701002666,0.8402777777777778,0.98475933661033,,,,,,,
L26:T4,lofo_background_event,clean,-,432,0.24789779480944218,0.039766321952934634,0.8055555555555556,0.9831354569572979,,,,,,,
L26:T4,lofo_other_horizon,clean,-,432,0.250095814736731,0.0403650547355009,0.7986111111111112,0.9829687673240395,,,,,,,
L26:T4,rad_all,A,entity_age,144,,,0.8333333333333334,,-0.000770845504014273,,,-0.03304805799773398,-0.03385991413047096,0.09979298726219171,0.8958333333333334
L26:T4,baseline,pre-A,entity_age,144,,,0.4722222222222222,,0.11058531390024014,,,0.2826794774129253,0.5842749568001835,0.5546598422567934,0.8125
L26:T4,rad_all,B,entity_age,144,,,0.8055555555555556,,-0.008769057102940651,,,0.002399623270996209,-0.05947636439525534,0.11424976887820379,0.8958333333333334
L26:T4,baseline,pre-B,entity_age,144,,,0.4722222222222222,,0.115226767180333,,,0.22060972561491102,0.6413792218183849,0.6446893820643548,0.8125
L26:T4,lofo_entity_age,C,entity_age,288,,,0.5798611111111112,,0.00828063614509088,,,0.16517311008774152,0.03947182358035082,0.143275366782895,0.8819444444444444
L26:T4,baseline,pre-C,entity_age,288,,,0.4722222222222222,,0.11334448969598036,,,0.25164460151391815,0.6214195270361107,0.6048002084862004,0.8125
L26:T4,rad_all,A,prep_time,144,,,0.7847222222222222,,0.045470211193656,,,0.0008909484294476065,0.33258901401281726,0.3830229482068359,0.8958333333333334
L26:T4,baseline,pre-A,prep_time,144,,,0.5416666666666666,,0.13774707395790278,,,-0.0624312604753344,0.6625692029914083,0.6265320436203187,0.8125
L26:T4,rad_all,B,prep_time,144,,,0.7430555555555556,,0.038526412899201765,,,0.021098775087736873,0.24008433819556052,0.24083602750001618,0.8958333333333334
L26:T4,baseline,pre-B,prep_time,144,,,0.5555555555555556,,0.10549570301281584,,,-0.046897925973651576,0.5929783482640787,0.4689275045199435,0.8125
L26:T4,lofo_prep_time,C,prep_time,288,,,0.6770833333333334,,0.08447456619593195,,,-0.03803723714172889,0.4772381502969709,0.4904294925842426,0.8958333333333334
L26:T4,baseline,pre-C,prep_time,288,,,0.5486111111111112,,0.12098691338921491,,,-0.05466459322449299,0.6262982330916085,0.5451447617320684,0.8125
L26:T4,rad_all,A,tenure,144,,,0.8333333333333334,,-0.009063156373725532,,,-0.014831171608976047,-0.09616132533748913,0.015185482658628737,0.8958333333333334
L26:T4,baseline,pre-A,tenure,144,,,0.5972222222222222,,0.09634990378168119,,,0.06253925459934517,0.5187241096573171,0.4914782668300235,0.8125
L26:T4,rad_all,B,tenure,144,,,0.7916666666666666,,-0.015027955451148507,,,0.003948214241937886,-0.12303790235464404,0.012713018792974215,0.8958333333333334
L26:T4,baseline,pre-B,tenure,144,,,0.5138888888888888,,0.09474830499850413,,,0.08137035164905106,0.4974760025857839,0.4942600610729366,0.8125
L26:T4,lofo_tenure,C,tenure,288,,,0.7083333333333334,,-0.006618927335640487,,,-0.10422030360763698,-0.06530406098540656,0.030174500011328872,0.9027777777777778
L26:T4,baseline,pre-C,tenure,288,,,0.5555555555555556,,0.09532988752977133,,,0.07195480312419811,0.5106646891101235,0.4979073853873233,0.8125
L26:T4,rad_all,A,background_event,144,,,0.8055555555555556,,-0.02332109700481992,,,-0.03460631519912456,-0.23830607660360173,-0.05322911994169324,0.8958333333333334
L26:T4,baseline,pre-A,background_event,144,,,0.5208333333333334,,0.12235447652819445,,,0.03552152865563921,0.5643572975354794,0.5698359677624402,0.8125
L26:T4,rad_all,B,background_event,144,,,0.7638888888888888,,-0.00828658790282284,,,-0.13358275607769293,-0.1245273285881777,0.010412615829559702,0.8958333333333334
L26:T4,baseline,pre-B,background_event,144,,,0.5416666666666666,,0.12220201651690786,,,-0.08275211498105113,0.5802626625991714,0.6082627714077847,0.8125
L26:T4,lofo_background_event,C,background_event,288,,,0.6215277777777778,,0.003288699468604315,,,-0.2257974645601092,-0.03408888112144623,0.05846162349656563,0.8611111111111112
L26:T4,baseline,pre-C,background_event,288,,,0.53125,,0.12292741700030729,,,-0.02361529316270596,0.5688543257242716,0.5849083873355301,0.8125
L26:T4,rad_all,A,other_horizon,144,,,0.7569444444444444,,0.04633039004982196,,,-0.09511655225761598,0.1939041213297186,0.24797137539286215,0.8958333333333334
L26:T4,baseline,pre-A,other_horizon,144,,,0.3472222222222222,,0.216723037935119,,,0.23174278014633964,0.6781599684511361,0.6863538646229983,0.8125
L26:T4,rad_all,B,other_horizon,144,,,0.6944444444444444,,0.012644393355191812,,,0.11304447311546856,0.10807128115352083,0.22544193405994914,0.8958333333333334
L26:T4,baseline,pre-B,other_horizon,144,,,0.3541666666666667,,0.16986386160734293,,,0.27220951163984464,0.5748044783513159,0.6126511326584263,0.8125
L26:T4,lofo_other_horizon,C,other_horizon,288,,,0.53125,,0.12405396593686945,,,0.11227103458264298,0.5653146962626392,0.5979376914263697,0.8541666666666666
L26:T4,baseline,pre-C,other_horizon,288,,,0.3506944444444444,,0.19231628873919349,,,0.25197614589309214,0.6254479889234893,0.6489938293590235,0.8125
L26:T5,baseline,clean,-,432,0.22360858278130405,0.024271957181472806,0.8356481481481481,0.9837054279613422,,,,,,,
L26:T5,rad_all,clean,-,432,0.2227926325631482,0.034780715330040984,0.8587962962962963,0.9834096882894324,,,,,,,
L26:T5,lofo_entity_age,clean,-,432,0.22000077287956515,0.03247841977143469,0.8564814814814815,0.9835602466678592,,,,,,,
L26:T5,lofo_prep_time,clean,-,432,0.22890280594933549,0.03675181618002147,0.8287037037037037,0.9830440465132528,,,,,,,
L26:T5,lofo_tenure,clean,-,432,0.22381599141288025,0.03159029656886902,0.8564814814814815,0.9833828028647132,,,,,,,
L26:T5,lofo_background_event,clean,-,432,0.22481826836427418,0.02238045808650099,0.8564814814814815,0.9828558485402193,,,,,,,
L26:T5,lofo_other_horizon,clean,-,432,0.21955329551594047,0.03279340677038036,0.8472222222222222,0.9842001197761732,,,,,,,
L26:T5,rad_all,A,entity_age,144,,,0.8333333333333334,,-0.010500206271216376,,,-0.019290377921004093,-0.07137373245095771,0.013566475953028963,0.8958333333333334
L26:T5,baseline,pre-A,entity_age,144,,,0.2569444444444444,,0.2276887411689395,,,0.39815795566065115,0.7616320092444927,0.7695246834767215,0.8611111111111112
L26:T5,rad_all,B,entity_age,144,,,0.6458333333333334,,-0.0032239531318600805,,,0.13114357222110437,-0.04900122462476668,0.16825341539259947,0.8958333333333334
L26:T5,baseline,pre-B,entity_age,144,,,0.3958333333333333,,0.20232327408032552,,,0.3266223503497151,0.7524554976617457,0.752391183680039,0.8611111111111112
L26:T5,lofo_entity_age,C,entity_age,288,,,0.6180555555555556,,0.017018580634041238,,,0.1264758059536789,0.10824914434492701,0.20715315628900735,0.9027777777777778
L26:T5,baseline,pre-C,entity_age,288,,,0.3263888888888889,,0.21510936130300495,,,0.36239015300518307,0.7598631883111461,0.76260485587446,0.8611111111111112
L26:T5,rad_all,A,prep_time,144,,,0.8055555555555556,,0.013693003289863554,,,-0.013806406619971944,0.1593895621642793,0.1839000562262112,0.8958333333333334
L26:T5,baseline,pre-A,prep_time,144,,,0.25,,0.3737610056974828,,,-0.4119333064402298,0.6403600222300843,0.6461504882729237,0.8611111111111112
L26:T5,rad_all,B,prep_time,144,,,0.22916666666666666,,-0.0010454094876566895,,,0.19066934826470103,0.0012260173147538524,-0.002737435381466798,0.8958333333333334
L26:T5,baseline,pre-B,prep_time,144,,,0.375,,0.2629605474132796,,,-0.003975034383864299,0.5701603571585042,0.5604788401008496,0.8611111111111112
L26:T5,lofo_prep_time,C,prep_time,288,,,0.3368055555555556,,0.14418200508057893,,,-0.5341446070902411,0.3465154676966105,0.37311494738825135,0.8819444444444444
L26:T5,baseline,pre-C,prep_time,288,,,0.3125,,0.31355208322645023,,,-0.20795417041204706,0.586951552210064,0.5894749669855518,0.8611111111111112
L26:T5,rad_all,A,tenure,144,,,0.8194444444444444,,-0.002887042107525015,,,-0.01210956836750935,0.0011053487906624942,0.11308722991014282,0.8958333333333334
L26:T5,baseline,pre-A,tenure,144,,,0.2361111111111111,,0.3099153327881329,,,0.3046115823635422,0.7248636202155766,0.7489803211027581,0.8611111111111112
L26:T5,rad_all,B,tenure,144,,,0.6805555555555556,,0.004707408949274709,,,0.026687788593365847,-0.02097195859065501,0.10122979897064875,0.8958333333333334
L26:T5,baseline,pre-B,tenure,144,,,0.22916666666666666,,0.25116644700309965,,,0.1592917366752927,0.6905691708709139,0.7253917875647128,0.8611111111111112
L26:T5,lofo_tenure,C,tenure,288,,,0.5451388888888888,,0.03347124447440141,,,-0.07921824105755722,0.10690195477214937,0.18412001708988993,0.8958333333333334
L26:T5,baseline,pre-C,tenure,288,,,0.2326388888888889,,0.27697311801501967,,,0.23195165951941743,0.6863963971674097,0.7161775067874756,0.8611111111111112
L26:T5,rad_all,A,background_event,144,,,0.7916666666666666,,0.0030785130394350275,,,-0.03651309448800787,0.03553498469658592,0.17304840152311166,0.8958333333333334
L26:T5,baseline,pre-A,background_event,144,,,0.3055555555555556,,0.2304898902351532,,,0.26967816601482436,0.66734062148988,0.6431970905153828,0.8611111111111112
L26:T5,rad_all,B,background_event,144,,,0.7013888888888888,,-0.027253704730963453,,,0.05903779789407758,-0.1839119980596755,-0.08342151280705734,0.8958333333333334
L26:T5,baseline,pre-B,background_event,144,,,0.2916666666666667,,0.24726555469142128,,,0.1715024705078523,0.7089622726894077,0.7001333552334619,0.8611111111111112
L26:T5,lofo_background_event,C,background_event,288,,,0.4513888888888889,,0.015821475086585882,,,-0.34944209426397244,0.10709155356912436,0.1717622313444262,0.8888888888888888
L26:T5,baseline,pre-C,background_event,288,,,0.2986111111111111,,0.2403519978216921,,,0.22059031826133835,0.6902857123818524,0.6722011541190981,0.8611111111111112
L26:T5,rad_all,A,other_horizon,144,,,0.7361111111111112,,0.016058342996756274,,,-0.035710514401306556,0.06247418751590281,0.1605055030849294,0.8958333333333334
L26:T5,baseline,pre-A,other_horizon,144,,,0.3125,,0.2604854834017861,,,0.41898641667323216,0.6991039449061217,0.6798903939120078,0.8611111111111112
L26:T5,rad_all,B,other_horizon,144,,,0.5347222222222222,,0.016498951459659805,,,0.13006014553201176,0.08527807280043595,0.2656119239508853,0.8958333333333334
L26:T5,baseline,pre-B,other_horizon,144,,,0.2569444444444444,,0.2019110769273653,,,0.5066492455563222,0.6263760969334653,0.6485603341084367,0.8611111111111112
L26:T5,lofo_other_horizon,C,other_horizon,288,,,0.4791666666666667,,0.103806919170789,,,0.027126288454500144,0.38360178969937003,0.46135106768260076,0.9097222222222222
L26:T5,baseline,pre-C,other_horizon,288,,,0.2847222222222222,,0.229849703280046,,,0.46281783111477715,0.6612147668857081,0.6621924418878429,0.8611111111111112
L26:T6,baseline,clean,-,432,0.20167028942193216,0.026188246840718157,0.875,0.9867058413599911,,,,,,,
L26:T6,rad_all,clean,-,432,0.20064951110514279,0.017342911751173636,0.9027777777777778,0.986942433097519,,,,,,,
L26:T6,lofo_entity_age,clean,-,432,0.20026974862537933,0.009168046738980444,0.8912037037037037,0.9870392206265077,,,,,,,
L26:T6,lofo_prep_time,clean,-,432,0.20305984278107414,0.010557815845805433,0.8773148148148148,0.986738103869654,,,,,,,
L26:T6,lofo_tenure,clean,-,432,0.19793196720156206,0.01820753755105514,0.8865740740740741,0.9870822373060583,,,,,,,
L26:T6,lofo_background_event,clean,-,432,0.19985474953785257,0.02480061818268186,0.9097222222222222,0.9867327267847101,,,,,,,
L26:T6,lofo_other_horizon,clean,-,432,0.20332469822553412,0.022759344568588007,0.9004629629629629,0.986533774641789,,,,,,,
L26:T6,rad_all,A,entity_age,144,,,0.8888888888888888,,-0.007153901226842859,,,-0.03715364537705436,-0.10955884010008325,0.03234046882373171,0.9375
L26:T6,baseline,pre-A,entity_age,144,,,0.4722222222222222,,0.17412788464742554,,,-0.08728216949505925,0.7145312145838656,0.7397728992496567,0.8472222222222222
L26:T6,rad_all,B,entity_age,144,,,0.6805555555555556,,-0.008715123265396923,,,0.16664523883171256,-0.0860038720373658,0.08612848037692265,0.9375
L26:T6,baseline,pre-B,entity_age,144,,,0.4722222222222222,,0.13728715463881302,,,-0.09916533825361085,0.6896770122682339,0.7145363760098252,0.8472222222222222
L26:T6,lofo_entity_age,C,entity_age,288,,,0.5451388888888888,,-0.00440000989123224,,,0.2592283886454468,-0.0651943626872859,0.06662649085097039,0.9305555555555556
L26:T6,baseline,pre-C,entity_age,288,,,0.4722222222222222,,0.15526343347778557,,,-0.09322375387433506,0.7109221363269912,0.7321194418362045,0.8472222222222222
L26:T6,rad_all,A,prep_time,144,,,0.8472222222222222,,-0.0013264048615239375,,,-0.004820488147698438,-0.02501095433429116,0.09551555631858875,0.9375
L26:T6,baseline,pre-A,prep_time,144,,,0.2222222222222222,,0.36553354331431354,,,-0.8873913521823431,0.6901668736731948,0.7301212903568477,0.8472222222222222
L26:T6,rad_all,B,prep_time,144,,,0.4444444444444444,,0.028809133676746534,,,-0.22938718920408943,0.19966797396214214,0.2567159665227542,0.9375
L26:T6,baseline,pre-B,prep_time,144,,,0.24305555555555555,,0.23569223958224367,,,-0.8005802507117367,0.6138728990906052,0.6336640343338529,0.8472222222222222
L26:T6,lofo_prep_time,C,prep_time,288,,,0.4444444444444444,,0.11592722998423657,,,-0.1458006421668462,0.40258551791802577,0.4478841416841529,0.9097222222222222
L26:T6,baseline,pre-C,prep_time,288,,,0.2326388888888889,,0.29800546628028035,,,-0.8439858014470398,0.6487034934610446,0.6813001340222945,0.8472222222222222
L26:T6,rad_all,A,tenure,144,,,0.8611111111111112,,-0.010630720952536178,,,-0.023359019869131855,-0.11662836549041067,0.13431394614101055,0.9375
L26:T6,baseline,pre-A,tenure,144,,,0.4236111111111111,,0.1928149636771277,,,-0.2697371091966821,0.6272010302478602,0.6913273379068764,0.8472222222222222
L26:T6,rad_all,B,tenure,144,,,0.6805555555555556,,-0.011880099538399585,,,0.07648314719012655,-0.11759492134415009,0.08459333153200091,0.9375
L26:T6,baseline,pre-B,tenure,144,,,0.4652777777777778,,0.13074712185871812,,,-0.2432529885550188,0.49576351373019273,0.5645685823975592,0.8472222222222222
L26:T6,lofo_tenure,C,tenure,288,,,0.5833333333333334,,0.02600136213423865,,,-0.1377838930188623,0.07901595186452856,0.2279546593081823,0.9236111111111112
L26:T6,baseline,pre-C,tenure,288,,,0.4444444444444444,,0.16273575641500557,,,-0.25649504887585045,0.5619395845905044,0.6298062096763419,0.8472222222222222
L26:T6,rad_all,A,background_event,144,,,0.875,,-0.004239098732610319,,,-0.027259956555656755,-0.03801706750300431,0.14609720279107066,0.9375
L26:T6,baseline,pre-A,background_event,144,,,0.4444444444444444,,0.15776713058440767,,,-0.33363206206680096,0.6850126491148493,0.7363947778831835,0.8472222222222222
L26:T6,rad_all,B,background_event,144,,,0.7083333333333334,,-0.01206524107438162,,,-0.03070469743807945,-0.13726524774041654,0.008529461799006249,0.9375
L26:T6,baseline,pre-B,background_event,144,,,0.4652777777777778,,0.17502334864200256,,,-0.20102423398162192,0.73387537553118,0.7156789223906987,0.8472222222222222
L26:T6,lofo_background_event,C,background_event,288,,,0.4479166666666667,,0.0034844740153842616,,,-0.37396202442664994,-0.0453039650019406,0.0829330897593552,0.9305555555555556
L26:T6,baseline,pre-C,background_event,288,,,0.4548611111111111,,0.16650940929097424,,,-0.26732814802421145,0.6977465252668493,0.7160091884567237,0.8472222222222222
L26:T6,rad_all,A,other_horizon,144,,,0.8680555555555556,,0.0037515641552648463,,,-0.011911572998481706,-0.008628009876331695,0.22474026284673634,0.9375
L26:T6,baseline,pre-A,other_horizon,144,,,0.3402777777777778,,0.1425912106356571,,,0.20257533974298714,0.5456970048035363,0.5891746981775601,0.8472222222222222
L26:T6,rad_all,B,other_horizon,144,,,0.6458333333333334,,0.003640320450687158,,,0.08852067787099893,0.02795037021129982,0.15194735306571514,0.9375
L26:T6,baseline,pre-B,other_horizon,144,,,0.4583333333333333,,0.1303887028873637,,,-0.11444953426141488,0.6144820658045036,0.6678203037449426,0.8472222222222222
L26:T6,lofo_other_horizon,C,other_horizon,288,,,0.5208333333333334,,0.06865493020081816,,,0.12316837584746053,0.33817130224791064,0.4250447095804576,0.9375
L26:T6,baseline,pre-C,other_horizon,288,,,0.3993055555555556,,0.13735963066210413,,,0.044062902740786135,0.5483154098431983,0.6003843909435312,0.8472222222222222
L26:T7,baseline,clean,-,432,0.2554873786024129,0.030085727469835816,0.7893518518518519,0.9806566207981988,,,,,,,
L26:T7,rad_all,clean,-,432,0.2405059557908805,0.011358758240154922,0.8101851851851852,0.9828504714552755,,,,,,,
L26:T7,lofo_entity_age,clean,-,432,0.24164558826864166,0.007711046634941848,0.8055555555555556,0.9825977484629161,,,,,,,
L26:T7,lofo_prep_time,clean,-,432,0.24185418625925886,-0.001518524220039995,0.8055555555555556,0.9821460733276358,,,,,,,
L26:T7,lofo_tenure,clean,-,432,0.245036351408103,0.016790408114275564,0.8032407407407407,0.9825708630381972,,,,,,,
L26:T7,lofo_background_event,clean,-,432,0.24244488743436313,0.002511996835807376,0.8125,0.9829633902390956,,,,,,,
L26:T7,lofo_other_horizon,clean,-,432,0.24038137248724087,0.014065300041537597,0.8125,0.982635388057523,,,,,,,
L26:T7,rad_all,A,entity_age,144,,,0.8194444444444444,,-0.015235513243110326,,,0.002890238077485082,-0.12531002114362222,-0.05384785536793363,0.8472222222222222
L26:T7,baseline,pre-A,entity_age,144,,,0.4097222222222222,,0.24163429190944252,,,-0.10951950778298455,0.7231172864759158,0.7573651013262289,0.8263888888888888
L26:T7,rad_all,B,entity_age,144,,,0.6319444444444444,,-0.002016132265449413,,,0.14413711521513997,-0.03116816338463893,0.15978808755044707,0.8472222222222222
L26:T7,baseline,pre-B,entity_age,144,,,0.3611111111111111,,0.20561605251458293,,,-0.3279468895368233,0.7396570153021003,0.7703187060807986,0.8263888888888888
L26:T7,lofo_entity_age,C,entity_age,288,,,0.5486111111111112,,0.003993486893965617,,,0.23274824932946597,0.007373161503649084,0.10503998151541123,0.8194444444444444
L26:T7,baseline,pre-C,entity_age,288,,,0.3854166666666667,,0.22484877042076495,,,-0.21873319865990393,0.7308181922505378,0.7630477329052573,0.8263888888888888
L26:T7,rad_all,A,prep_time,144,,,0.7708333333333334,,0.011321383444545318,,,0.006043960179305234,0.10076737435744305,0.18989352021085087,0.8472222222222222
L26:T7,baseline,pre-A,prep_time,144,,,0.3680555555555556,,0.24584079548422852,,,0.02863197026882136,0.5186597412998637,0.5617475618574443,0.8263888888888888
L26:T7,rad_all,B,prep_time,144,,,0.6875,,0.0044505753640512275,,,0.08535624330294916,0.03200106177952596,0.1278374283687193,0.8472222222222222
L26:T7,baseline,pre-B,prep_time,144,,,0.3402777777777778,,0.22443226601565203,,,-0.1698827839012641,0.6661173156147225,0.6746954170890986,0.8263888888888888
L26:T7,lofo_prep_time,C,prep_time,288,,,0.3194444444444444,,0.1180494547755579,,,0.35753089871699006,0.37747772931019247,0.41542868172059594,0.8263888888888888
L26:T7,baseline,pre-C,prep_time,288,,,0.3541666666666667,,0.23619685939905033,,,-0.07062540681622137,0.586601866459195,0.6136329266968078,0.8263888888888888
L26:T7,rad_all,A,tenure,144,,,0.8541666666666666,,-0.00646276527722477,,,-0.008586416961739599,-0.08316443328437213,0.028640592028602186,0.8472222222222222
L26:T7,baseline,pre-A,tenure,144,,,0.3194444444444444,,0.2928283639093127,,,-0.2899377736997967,0.7545673568082886,0.7987592014589752,0.8263888888888888
L26:T7,rad_all,B,tenure,144,,,0.6458333333333334,,-0.02463355690254243,,,0.16270464813952115,-0.19077166050554334,0.010015647849073599,0.8472222222222222
L26:T7,baseline,pre-B,tenure,144,,,0.4027777777777778,,0.21523930454856843,,,-0.21987314333503535,0.6488061503997015,0.709237711352992,0.8263888888888888
L26:T7,lofo_tenure,C,tenure,288,,,0.6319444444444444,,0.04960940216331777,,,-0.15393111263098938,0.19674518585368359,0.32304359802085064,0.8680555555555556
L26:T7,baseline,pre-C,tenure,288,,,0.3611111111111111,,0.25565212232999096,,,-0.25490545851741603,0.7052813968123562,0.759297715881405,0.8263888888888888
L26:T7,rad_all,A,background_event,144,,,0.7847222222222222,,-0.013722317328432347,,,0.033427205365803694,-0.10586535370695456,0.05431239332846208,0.8472222222222222
L26:T7,baseline,pre-A,background_event,144,,,0.3263888888888889,,0.211842519160457,,,-0.3822383559039182,0.6869118946630803,0.7099621033325642,0.8263888888888888
L26:T7,rad_all,B,background_event,144,,,0.7222222222222222,,-0.001321942779733286,,,0.03786438628867913,-0.009797626359603078,0.10786633935307832,0.8472222222222222
L26:T7,baseline,pre-B,background_event,144,,,0.3472222222222222,,0.2502074475193667,,,-0.2655075191604358,0.763209971294209,0.7842442189823332,0.8263888888888888
L26:T7,lofo_background_event,C,background_event,288,,,0.4930555555555556,,0.02120466914116968,,,-0.2935369950091777,0.1186234079899548,0.21606237788547636,0.8611111111111112
L26:T7,baseline,pre-C,background_event,288,,,0.3368055555555556,,0.23247332515218744,,,-0.32387293753217705,0.7202673783292348,0.7466861921167549,0.8263888888888888
L26:T7,rad_all,A,other_horizon,144,,,0.7152777777777778,,0.01918578970172845,,,-0.02278394500548992,0.08274890534316443,0.15137705657705644,0.8472222222222222
L26:T7,baseline,pre-A,other_horizon,144,,,0.4236111111111111,,0.21096778497413526,,,-0.12419025176550488,0.6126510045752844,0.6594126877321933,0.8263888888888888
L26:T7,rad_all,B,other_horizon,144,,,0.6875,,0.020825474961170053,,,0.06607206129929649,0.0919707263420789,0.2866967973158631,0.8472222222222222
L26:T7,baseline,pre-B,other_horizon,144,,,0.3680555555555556,,0.20026635947278382,,,0.12083752928433625,0.691250620558298,0.7424906211721679,0.8263888888888888
L26:T7,lofo_other_horizon,C,other_horizon,288,,,0.6006944444444444,,0.10337878161120297,,,-0.11715456297268728,0.45602409540735145,0.56368816860621,0.8611111111111112
L26:T7,baseline,pre-C,other_horizon,288,,,0.3958333333333333,,0.20454061107671012,,,-0.0016763612405843206,0.6217430226833851,0.6741672022557166,0.8263888888888888
L26:T8,baseline,clean,-,432,0.19009721864994641,-0.006635499535569295,0.8935185185185185,0.98836736060763,,,,,,,
L26:T8,rad_all,clean,-,432,0.18488437918703096,-0.006695390833640695,0.9004629629629629,0.9888459211676296,,,,,,,
L26:T8,lofo_entity_age,clean,-,432,0.18741174233843835,-0.008658999802232746,0.8935185185185185,0.9887222482139219,,,,,,,
L26:T8,lofo_prep_time,clean,-,432,0.1901415448753165,-0.01065640881390205,0.8935185185185185,0.9877006020745969,,,,,,,
L26:T8,lofo_tenure,clean,-,432,0.1853434177128867,-0.005984538941517971,0.9097222222222222,0.9888728065923487,,,,,,,
L26:T8,lofo_background_event,clean,-,432,0.18872778954570874,-0.004722149220710459,0.9004629629629629,0.9883189668431357,,,,,,,
L26:T8,lofo_other_horizon,clean,-,432,0.18143028494473504,-0.003745543713114859,0.9189814814814815,0.9887276252988657,,,,,,,
L26:T8,rad_all,A,entity_age,144,,,0.9236111111111112,,-0.0048632120579612855,,,0.024540209046378127,-0.03356245658364898,0.024204602948493005,0.9444444444444444
L26:T8,baseline,pre-A,entity_age,144,,,0.5416666666666666,,0.1351649042925779,,,-0.1791075856899078,0.6500211140409958,0.6684715213371152,0.9097222222222222
L26:T8,rad_all,B,entity_age,144,,,0.8888888888888888,,0.00314987770279516,,,0.04389404716805626,0.038206524757672555,0.1755470228805318,0.9444444444444444
L26:T8,baseline,pre-B,entity_age,144,,,0.5555555555555556,,0.11377754596560298,,,-0.22227808210447808,0.6851569452414056,0.7418637887994136,0.9097222222222222
L26:T8,lofo_entity_age,C,entity_age,288,,,0.8333333333333334,,-0.007266369374239534,,,0.10975389713619685,-0.06648129350338056,0.03862726738208608,0.9236111111111112
L26:T8,baseline,pre-C,entity_age,288,,,0.5486111111111112,,0.12447940397427797,,,-0.20069283389719295,0.6641469866454653,0.7028347947901278,0.9097222222222222
L26:T8,rad_all,A,prep_time,144,,,0.875,,0.0238317838546927,,,0.05106062429744391,0.22986200605878673,0.2784910674633331,0.9444444444444444
L26:T8,baseline,pre-A,prep_time,144,,,0.3194444444444444,,0.24692609616579012,,,-0.44465314892216146,0.7566074970602619,0.7831339013759141,0.9097222222222222
L26:T8,rad_all,B,prep_time,144,,,0.6597222222222222,,0.07166052904709058,,,-0.06330181193309586,0.5025645959621082,0.47035450827973896,0.9444444444444444
L26:T8,baseline,pre-B,prep_time,144,,,0.3472222222222222,,0.22228786316446789,,,-0.351724109291268,0.7803017347717649,0.7634148536593683,0.9097222222222222
L26:T8,lofo_prep_time,C,prep_time,288,,,0.53125,,0.12674794598231556,,,0.0669710754025587,0.5779823136690965,0.5969906985189563,0.9097222222222222
L26:T8,baseline,pre-C,prep_time,288,,,0.3333333333333333,,0.23340677123647727,,,-0.3981886291067147,0.7680385289546217,0.7692179647307206,0.9097222222222222
L26:T8,rad_all,A,tenure,144,,,0.9236111111111112,,-0.002827615756102225,,,0.02528100886703212,-0.015279939737103532,0.11286214070186246,0.9444444444444444
L26:T8,baseline,pre-A,tenure,144,,,0.4444444444444444,,0.1838995741037653,,,-0.1683523191755163,0.6829769302246896,0.7368938345081323,0.9097222222222222
L26:T8,rad_all,B,tenure,144,,,0.8541666666666666,,0.005184122061235449,,,0.012993313701868663,0.046570853032918975,0.12756835996086757,0.9444444444444444
L26:T8,baseline,pre-B,tenure,144,,,0.4652777777777778,,0.13874549554607704,,,-0.1653070224018392,0.5931623223736622,0.6563234136859818,0.9097222222222222
L26:T8,lofo_tenure,C,tenure,288,,,0.7465277777777778,,0.036776771328436215,,,0.003214561222916662,0.26004310656793617,0.32738345268206476,0.9652777777777778
L26:T8,baseline,pre-C,tenure,288,,,0.4548611111111111,,0.16137525670354227,,,-0.16682967078867772,0.638392972354602,0.6951424251764877,0.9097222222222222
L26:T8,rad_all,A,background_event,144,,,0.9444444444444444,,-0.011102665854531776,,,0.028820053022220595,-0.18575425375159516,-0.1005715835756946,0.9444444444444444
L26:T8,baseline,pre-A,background_event,144,,,0.5138888888888888,,0.11611384688686278,,,-0.3088339709978379,0.5231969284055614,0.5357761642641629,0.9097222222222222
L26:T8,rad_all,B,background_event,144,,,0.7222222222222222,,0.011198888089910897,,,-0.01421439975321271,-0.026820374106441655,0.05088334444562682,0.9444444444444444
L26:T8,baseline,pre-B,background_event,144,,,0.4444444444444444,,0.16479027680242653,,,-0.37566958135430273,0.5311398762440086,0.543017614046112,0.9097222222222222
L26:T8,lofo_background_event,C,background_event,288,,,0.6979166666666666,,0.01879188506133496,,,-0.1459009507672476,0.011770751156642958,0.08083602356528269,0.9375
L26:T8,baseline,pre-C,background_event,288,,,0.4791666666666667,,0.14372193845929176,,,-0.34225177617607033,0.5220860819914676,0.5380871391744858,0.9097222222222222
L26:T8,rad_all,A,other_horizon,144,,,0.8263888888888888,,0.0008755372099378728,,,0.02489917640514395,-0.03954052324876537,0.06693792148639727,0.9444444444444444
L26:T8,baseline,pre-A,other_horizon,144,,,0.375,,0.08538569392982066,,,-0.3043478747030274,0.23724112970692343,0.2868165128002087,0.9097222222222222
L26:T8,rad_all,B,other_horizon,144,,,0.7847222222222222,,0.014588605129038673,,,0.019578797822711276,0.13269542265268278,0.20064092964437136,0.9444444444444444
L26:T8,baseline,pre-B,other_horizon,144,,,0.3680555555555556,,0.11995028279850822,,,-0.3346732745791931,0.552656417681975,0.5834928691202416,0.9097222222222222
L26:T8,lofo_other_horizon,C,other_horizon,288,,,0.6145833333333334,,0.04175137543935745,,,-0.15905101599750027,0.19048962467724323,0.2522665266749298,0.9444444444444444
L26:T8,baseline,pre-C,other_horizon,288,,,0.3715277777777778,,0.10334200294929687,,,-0.3195105746411102,0.3853230202015867,0.4251569965090172,0.9097222222222222
L26:R0,baseline,clean,-,432,0.18879228711539103,0.030660522298034724,0.9166666666666666,0.9886899857042589,,,,,,,
L26:R0,rad_all,clean,-,432,0.19069806796256744,0.0031498500415030367,0.9004629629629629,0.9881845397195403,,,,,,,
L26:R0,lofo_entity_age,clean,-,432,0.19134211651788333,0.009562797458291031,0.9027777777777778,0.9880877521905517,,,,,,,
L26:R0,lofo_prep_time,clean,-,432,0.1957429819365734,0.0028293354008869643,0.8935185185185185,0.9877059791595407,,,,,,,
L26:R0,lofo_tenure,clean,-,432,0.19573969831169508,-0.0024026364680346493,0.8912037037037037,0.9874586332521252,,,,,,,
L26:R0,lofo_background_event,clean,-,432,0.19465814010388352,0.0046354072238950494,0.8958333333333334,0.9876790937348217,,,,,,,
L26:R0,lofo_other_horizon,clean,-,432,0.19203821019224374,0.011788823550260473,0.8912037037037037,0.987931816727181,,,,,,,
L26:R0,rad_all,A,entity_age,144,,,0.8819444444444444,,-0.002417305279634517,,,0.00944188267997672,-0.0560205013687076,0.08433122437231738,0.9236111111111112
L26:R0,baseline,pre-A,entity_age,144,,,0.5486111111111112,,0.12687927210032277,,,0.02100683182183028,0.663083118073401,0.6998573122234115,0.9513888888888888
L26:R0,rad_all,B,entity_age,144,,,0.8958333333333334,,-0.0026264068954350763,,,0.07113498415125576,-0.05454026629926145,0.16517036389453163,0.9236111111111112
L26:R0,baseline,pre-B,entity_age,144,,,0.6041666666666666,,0.11152083901710837,,,-0.07899880453171128,0.6441487426556324,0.7032191250413636,0.9513888888888888
L26:R0,lofo_entity_age,C,entity_age,288,,,0.6354166666666666,,-0.006043963913179978,,,0.20163912539242448,-0.07418278188125092,0.052663932072876854,0.9375
L26:R0,baseline,pre-C,entity_age,288,,,0.5763888888888888,,0.1197521767165563,,,-0.028995986354940495,0.6473661423265235,0.7027277808280633,0.9513888888888888
L26:R0,rad_all,A,prep_time,144,,,0.8680555555555556,,0.003450940759792886,,,0.02220119449016398,0.02469942283944905,0.2134392715790782,0.9236111111111112
L26:R0,baseline,pre-A,prep_time,144,,,0.4861111111111111,,0.16227927989605298,,,0.008159546982167556,0.5820955931721634,0.6237121811218446,0.9513888888888888
L26:R0,rad_all,B,prep_time,144,,,0.6736111111111112,,0.0352000582249428,,,-0.10348240409011852,0.2862549443505204,0.31044165314682837,0.9236111111111112
L26:R0,baseline,pre-B,prep_time,144,,,0.3611111111111111,,0.11871732394057566,,,-0.4081380193356792,0.5008783196882091,0.5366518970411661,0.9513888888888888
L26:R0,lofo_prep_time,C,prep_time,288,,,0.5694444444444444,,0.10115612935058904,,,-0.08318995732280725,0.4757956965746364,0.5272861697570129,0.9375
L26:R0,baseline,pre-C,prep_time,288,,,0.4236111111111111,,0.14298526128026642,,,-0.19998923617675585,0.5061691195387664,0.542031503463017,0.9513888888888888
L26:R0,rad_all,A,tenure,144,,,0.9513888888888888,,-0.015630406027863534,,,-0.001307603135314508,-0.18852828973539498,-0.13047738097487474,0.9236111111111112
L26:R0,baseline,pre-A,tenure,144,,,0.4375,,0.13108840405099056,,,-0.2942747532826353,0.47335255638823254,0.5402281679483875,0.9513888888888888
L26:R0,rad_all,B,tenure,144,,,0.7569444444444444,,0.010725276662746063,,,0.11979503491622312,0.08356021032099874,0.17013737577373728,0.9236111111111112
L26:R0,baseline,pre-B,tenure,144,,,0.4097222222222222,,0.12272726620376437,,,0.03586843146056836,0.47990691210841036,0.5427825886114648,0.9513888888888888
L26:R0,lofo_tenure,C,tenure,288,,,0.7569444444444444,,0.007630980538812318,,,-0.07764634798800185,0.014776506765567085,0.09093472613264415,0.9375
L26:R0,baseline,pre-C,tenure,288,,,0.4236111111111111,,0.13320976261445405,,,-0.12920316091103345,0.4851910284293863,0.5467965665983391,0.9513888888888888
L26:R0,rad_all,A,background_event,144,,,0.9166666666666666,,-0.011459803020219563,,,-0.01136700685386538,-0.20474469945025706,0.037976871830025884,0.9236111111111112
L26:R0,baseline,pre-A,background_event,144,,,0.4583333333333333,,0.15019203481599316,,,-0.26840533252285337,0.5253554360445033,0.56901597603368,0.9513888888888888
L26:R0,rad_all,B,background_event,144,,,0.8402777777777778,,-0.0078042532773420275,,,0.021967000404122135,-0.07662246255587023,0.09316487538989954,0.9236111111111112
L26:R0,baseline,pre-B,background_event,144,,,0.4027777777777778,,0.18123665694466673,,,-0.3961406983513361,0.4926326924388814,0.5222928708624758,0.9513888888888888
L26:R0,lofo_background_event,C,background_event,288,,,0.5729166666666666,,0.03230999009882915,,,-0.27529700002865,0.13170796559065612,0.25689487927283977,0.9305555555555556
L26:R0,baseline,pre-C,background_event,288,,,0.4305555555555556,,0.16828101976758886,,,-0.33227301543709475,0.5025083563284296,0.5386792312946858,0.9513888888888888
L26:R0,rad_all,A,other_horizon,144,,,0.8611111111111112,,-0.005418035236079693,,,-0.005716977053927563,-0.09748264408143316,0.021930781218386083,0.9236111111111112
L26:R0,baseline,pre-A,other_horizon,144,,,0.4305555555555556,,0.10355436592435469,,,-0.2849170369024915,0.2146169724327874,0.27301129504094424,0.9513888888888888
L26:R0,rad_all,B,other_horizon,144,,,0.7569444444444444,,0.02176320453623244,,,0.05611404404273104,0.13872484025776652,0.2779802692647804,0.9236111111111112
L26:R0,baseline,pre-B,other_horizon,144,,,0.5416666666666666,,0.1096572571024678,,,-0.12390607779482551,0.46519971532023546,0.5442694977933035,0.9513888888888888
L26:R0,lofo_other_horizon,C,other_horizon,288,,,0.5451388888888888,,0.025457296693996948,,,-0.15129875207398338,0.07009919717259025,0.1427576319920842,0.9166666666666666
L26:R0,baseline,pre-C,other_horizon,288,,,0.4861111111111111,,0.10612777379152344,,,-0.20441155734865848,0.32854276092421436,0.39709481001403274,0.9513888888888888
L29:T0,baseline,clean,-,432,0.21952752058732664,0.04595169298441329,0.8657407407407407,0.9854744889078574,,,,,,,
L29:T0,rad_all,clean,-,432,0.20526636994195635,0.031187192202795148,0.875,0.9871467623253839,,,,,,,
L29:T0,lofo_entity_age,clean,-,432,0.20205791527426212,0.028161258347870026,0.8726851851851852,0.9876575853950463,,,,,,,
L29:T0,lofo_prep_time,clean,-,432,0.2092659372393811,0.039106029132719294,0.8773148148148148,0.9867058413599911,,,,,,,
L29:T0,lofo_tenure,clean,-,432,0.2023985613389897,0.03430284485500913,0.8703703703703703,0.9875016499316758,,,,,,,
L29:T0,lofo_background_event,clean,-,432,0.2051333517162569,0.021575866188621815,0.8657407407407407,0.9872059102597659,,,,,,,
L29:T0,lofo_other_horizon,clean,-,432,0.19858671060025937,0.027499933410143784,0.875,0.9880070959163945,,,,,,,
L29:T0,rad_all,A,entity_age,144,,,0.8888888888888888,,-0.010323786565890301,,,-0.010067770250350161,-0.12004019892897895,-0.05586775289871794,0.9305555555555556
L29:T0,baseline,pre-A,entity_age,144,,,0.4722222222222222,,0.11229726703589811,,,-0.17206866753145242,0.46191740279359816,0.5237503854150701,0.875
L29:T0,rad_all,B,entity_age,144,,,0.7638888888888888,,-0.0049904443739176504,,,0.06727878195720634,-0.0786399211319417,0.08078841008333318,0.9305555555555556
L29:T0,baseline,pre-B,entity_age,144,,,0.5277777777777778,,0.09486429629422198,,,-0.19789959343166716,0.42625297263312684,0.41916235614995645,0.875
L29:T0,lofo_entity_age,C,entity_age,288,,,0.7152777777777778,,-0.006183849842571901,,,0.10726415080568809,-0.08043556246751135,0.02351217325668779,0.9305555555555556
L29:T0,baseline,pre-C,entity_age,288,,,0.5,,0.1035062870587863,,,-0.1849841304815598,0.44103593847818096,0.4780175521854211,0.875
L29:T0,rad_all,A,prep_time,144,,,0.8194444444444444,,0.012663810412709564,,,0.005815914469242438,0.0938071577984869,0.17936174580457592,0.9305555555555556
L29:T0,baseline,pre-A,prep_time,144,,,0.2708333333333333,,0.17477330346855363,,,-0.7993067625763219,0.5012561850815556,0.5226895519266922,0.875
L29:T0,rad_all,B,prep_time,144,,,0.7152777777777778,,0.016903924126126978,,,-0.04943770672417727,0.074091643100141,0.18507635805212086,0.9305555555555556
L29:T0,baseline,pre-B,prep_time,144,,,0.2361111111111111,,0.17326962710196922,,,-0.8072693990526747,0.5784309493719667,0.5683534890175801,0.875
L29:T0,lofo_prep_time,C,prep_time,288,,,0.5590277777777778,,0.07001663621279366,,,-0.08743044551669191,0.2956690995898289,0.36234678667632636,0.9236111111111112
L29:T0,baseline,pre-C,prep_time,288,,,0.2534722222222222,,0.17394074595498604,,,-0.8032880808144983,0.5320225024774756,0.5461053927028465,0.875
L29:T0,rad_all,A,tenure,144,,,0.8611111111111112,,-0.016040829378276854,,,-0.021506777680204054,-0.19918787152752934,-0.02053537080543521,0.9305555555555556
L29:T0,baseline,pre-A,tenure,144,,,0.3402777777777778,,0.23963822521921713,,,-0.3625849419066969,0.6548548472651621,0.6463155254260257,0.875
L29:T0,rad_all,B,tenure,144,,,0.7152777777777778,,0.00805874212319346,,,-0.13500286646493784,0.06121946662393812,0.1066607202004695,0.9305555555555556
L29:T0,baseline,pre-B,tenure,144,,,0.4861111111111111,,0.1780805150120593,,,-0.4798639019062022,0.583781822973376,0.6145423035437597,0.875
L29:T0,lofo_tenure,C,tenure,288,,,0.6527777777777778,,0.06444596279378002,,,-0.04265323556231133,0.3073393832636267,0.3376234095907861,0.9166666666666666
L29:T0,baseline,pre-C,tenure,288,,,0.4131944444444444,,0.20644358333802623,,,-0.42122442190644954,0.6065682925985686,0.6139334349238833,0.875
L29:T0,rad_all,A,background_event,144,,,0.9027777777777778,,-0.011158750916853854,,,-0.06177816436172656,-0.15826041343434527,0.04131713225453387,0.9305555555555556
L29:T0,baseline,pre-A,background_event,144,,,0.3472222222222222,,0.1517366149824481,,,-0.5168593941749207,0.19710350201705643,0.24462081682851397,0.875
L29:T0,rad_all,B,background_event,144,,,0.6944444444444444,,0.022321449916538026,,,-0.017714425514784797,0.17389932636253855,0.23267302590309905,0.9305555555555556
L29:T0,baseline,pre-B,background_event,144,,,0.3055555555555556,,0.19785376620761752,,,-0.6002321046362441,0.2704345852201416,0.2824831534305663,0.875
L29:T0,lofo_background_event,C,background_event,288,,,0.5347222222222222,,0.03368546554915992,,,-0.27482073068149826,0.06215409786008645,0.13253418153606872,0.9375
L29:T0,baseline,pre-C,background_event,288,,,0.3263888888888889,,0.177991558135523,,,-0.5585457494055823,0.22995581822993827,0.26015050671356565,0.875
L29:T0,rad_all,A,other_horizon,144,,,0.8055555555555556,,0.007227720666254137,,,-0.07871958573384137,-0.03575810662000781,0.09185323442301128,0.9305555555555556
L29:T0,baseline,pre-A,other_horizon,144,,,0.2916666666666667,,0.1504929783104722,,,-0.5175929287758207,0.4909162768279545,0.5256694906135422,0.875
L29:T0,rad_all,B,other_horizon,144,,,0.6736111111111112,,0.020603243052491105,,,0.0035122679911695365,0.1313468429150124,0.2577113770823573,0.9305555555555556
L29:T0,baseline,pre-B,other_horizon,144,,,0.4513888888888889,,0.15589239746169026,,,-0.3802172048664435,0.5527026432169473,0.6220932006279876,0.875
L29:T0,lofo_other_horizon,C,other_horizon,288,,,0.4652777777777778,,0.09044309409877946,,,-0.33913428696991055,0.37078073254778815,0.43357148251788374,0.9375
L29:T0,baseline,pre-C,other_horizon,288,,,0.3715277777777778,,0.15277581049676595,,,-0.4489050668211321,0.5222279158435327,0.5719989085267204,0.875
L29:T1,baseline,clean,-,432,0.20414587463553338,0.02276148595119353,0.8842592592592593,0.9861197391011152,,,,,,,
L29:T1,rad_all,clean,-,432,0.2184039186245382,0.051993572405821115,0.8888888888888888,0.9852755367649363,,,,,,,
L29:T1,lofo_entity_age,clean,-,432,0.21475170432144525,0.04422305422498591,0.8888888888888888,0.9857540973249358,,,,,,,
L29:T1,lofo_prep_time,clean,-,432,0.21320618093179006,0.0516318742072034,0.875,0.9858347535990931,,,,,,,
L29:T1,lofo_tenure,clean,-,432,0.2140378362792753,0.042283933759657506,0.8819444444444444,0.9856734410507786,,,,,,,
L29:T1,lofo_background_event,clean,-,432,0.21691431132355618,0.053375186973571916,0.8935185185185185,0.9854529805680822,,,,,,,
L29:T1,lofo_other_horizon,clean,-,432,0.2142694538399403,0.039853042795075753,0.8888888888888888,0.9855282597572956,,,,,,,
L29:T1,rad_all,A,entity_age,144,,,0.8958333333333334,,-0.00116822809622881,,,-0.0008229254986875147,-0.0324409612381986,0.11087931042617806,0.9305555555555556
L29:T1,baseline,pre-A,entity_age,144,,,0.6527777777777778,,0.09264827246281895,,,0.0704845933938197,0.49830771592034523,0.5767641537429287,0.9166666666666666
L29:T1,rad_all,B,entity_age,144,,,0.8333333333333334,,0.007889372929647368,,,0.06703754469742901,0.08611843131728097,0.272998783661701,0.9305555555555556
L29:T1,baseline,pre-B,entity_age,144,,,0.6458333333333334,,0.08445395262113763,,,0.07949042534240168,0.5203423180581894,0.6273668130540243,0.9166666666666666
L29:T1,lofo_entity_age,C,entity_age,288,,,0.8194444444444444,,0.015476607330616093,,,0.049489688749760216,0.12583334699880358,0.22550102665339103,0.9305555555555556
L29:T1,baseline,pre-C,entity_age,288,,,0.6493055555555556,,0.0882923912302073,,,0.07498750936811069,0.5133992317978521,0.6035750744651007,0.9166666666666666
L29:T1,rad_all,A,prep_time,144,,,0.9166666666666666,,0.010223649540862183,,,-0.016278222136133495,0.11646052217503751,0.16380325998797773,0.9305555555555556
L29:T1,baseline,pre-A,prep_time,144,,,0.3472222222222222,,0.27540361970356003,,,-0.16817239078943405,0.7876219647822521,0.8230903279401786,0.9166666666666666
L29:T1,rad_all,B,prep_time,144,,,0.7708333333333334,,0.011644326436338764,,,-0.11561402265003465,0.1441615474349993,0.19016935456947542,0.9305555555555556
L29:T1,baseline,pre-B,prep_time,144,,,0.3888888888888889,,0.20407226793085614,,,-0.06492040213825287,0.6591531352940306,0.6839468231543642,0.9166666666666666
L29:T1,lofo_prep_time,C,prep_time,288,,,0.3923611111111111,,0.15188640344113621,,,-0.47760941875645396,0.5993008351317374,0.6360492403514728,0.9166666666666666
L29:T1,baseline,pre-C,prep_time,288,,,0.3680555555555556,,0.23783077484759096,,,-0.11654639646384347,0.7186243149180298,0.7504525009448627,0.9166666666666666
L29:T1,rad_all,A,tenure,144,,,0.9027777777777778,,-0.009972064689785193,,,-0.024270133554186765,-0.13636587544149495,0.03859677004486037,0.9305555555555556
L29:T1,baseline,pre-A,tenure,144,,,0.4652777777777778,,0.09680091811273861,,,0.14622827830477614,0.48118646472641874,0.5838773868291123,0.9166666666666666
L29:T1,rad_all,B,tenure,144,,,0.7847222222222222,,0.007510604134031896,,,0.0705253841163713,0.08495311498875069,0.16820379093913787,0.9305555555555556
L29:T1,baseline,pre-B,tenure,144,,,0.6458333333333334,,0.09675891704253442,,,0.04656767556954438,0.5036847796690245,0.6176577468843304,0.9166666666666666
L29:T1,lofo_tenure,C,tenure,288,,,0.7986111111111112,,0.004761859270663816,,,-0.021655085403866625,0.027570737938888246,0.14482393438561442,0.9375
L29:T1,baseline,pre-C,tenure,288,,,0.5555555555555556,,0.09401285528963357,,,0.09639797693716026,0.4670920559455269,0.5759798032099718,0.9166666666666666
L29:T1,rad_all,A,background_event,144,,,0.9305555555555556,,-0.0112362828972089,,,-0.0029553949405680094,-0.1823336019811303,-0.03929729968736749,0.9305555555555556
L29:T1,baseline,pre-A,background_event,144,,,0.6944444444444444,,0.07005823496432782,,,0.034828911826014455,0.3665282636211622,0.49598646758280945,0.9166666666666666
L29:T1,rad_all,B,background_event,144,,,0.7152777777777778,,-0.00765703102886902,,,0.09477217663968819,-0.012928847255656737,0.06704792061183965,0.9305555555555556
L29:T1,baseline,pre-B,background_event,144,,,0.6111111111111112,,0.08312874803987853,,,0.0664423728754075,0.49479922397029724,0.5949359897892148,0.9166666666666666
L29:T1,lofo_background_event,C,background_event,288,,,0.7083333333333334,,-0.011437676394648913,,,0.05770855786911506,-0.08306070231644538,-0.017665798159074618,0.9375
L29:T1,baseline,pre-C,background_event,288,,,0.6527777777777778,,0.07713895644159684,,,0.050635642350710976,0.43894474260646715,0.5486315035127936,0.9166666666666666
L29:T1,rad_all,A,other_horizon,144,,,0.7777777777777778,,-0.004340559227083751,,,-0.05724185953007842,-0.07173527987791922,-0.010326278766501806,0.9305555555555556
L29:T1,baseline,pre-A,other_horizon,144,,,0.5833333333333334,,0.08317180041899609,,,-0.08513715604981235,0.252732557642345,0.3535554655053908,0.9166666666666666
L29:T1,rad_all,B,other_horizon,144,,,0.6666666666666666,,0.012259510947121566,,,0.1210110450791006,0.10143490217619199,0.1876696425699679,0.9305555555555556
L29:T1,baseline,pre-B,other_horizon,144,,,0.6180555555555556,,0.09805821900879311,,,0.08649601855230757,0.47885232658401333,0.6039426438308171,0.9166666666666666
L29:T1,lofo_other_horizon,C,other_horizon,288,,,0.59375,,0.029665869408707746,,,-0.19941530144005978,0.1390300576455585,0.21033753250578197,0.9444444444444444
L29:T1,baseline,pre-C,other_horizon,288,,,0.6006944444444444,,0.09025270913797376,,,0.0006794312512476111,0.36213740226170044,0.469751235224067,0.9166666666666666
L29:T2,baseline,clean,-,432,0.2643088677232869,0.030508610743520827,0.7847222222222222,0.9797747788674132,,,,,,,
L29:T2,rad_all,clean,-,432,0.25831527937080706,0.027253092911964122,0.7708333333333334,0.9811566896979738,,,,,,,
L29:T2,lofo_entity_age,clean,-,432,0.2598727409333496,0.02233187326957433,0.7916666666666666,0.9805221936746036,,,,,,,
L29:T2,lofo_prep_time,clean,-,432,0.2605769393786419,0.02375341362755857,0.7708333333333334,0.9808340646013447,,,,,,,
L29:T2,lofo_tenure,clean,-,432,0.2589026334583747,0.024777185887459006,0.7754629629629629,0.9810437709141535,,,,,,,
L29:T2,lofo_background_event,clean,-,432,0.2593871349879512,0.026244523164938173,0.7638888888888888,0.9804254061456148,,,,,,,
L29:T2,lofo_other_horizon,clean,-,432,0.2461127160726427,0.01580461012178643,0.8240740740740741,0.982839717285388,,,,,,,
L29:T2,rad_all,A,entity_age,144,,,0.8055555555555556,,0.015728189633723865,,,0.010070707439422745,0.07029243407129407,0.022855994746347464,0.8888888888888888
L29:T2,baseline,pre-A,entity_age,144,,,0.5833333333333334,,0.0471527862080485,,,-0.04692103442996561,0.22450206376730197,0.1998975010092308,0.8611111111111112
L29:T2,rad_all,B,entity_age,144,,,0.7708333333333334,,0.040273108318848116,,,0.029866963790050563,0.3019621833609551,0.168860378594957,0.8888888888888888
L29:T2,baseline,pre-B,entity_age,144,,,0.625,,0.06533704595032726,,,-0.09375175664243895,0.38942919848214963,0.29811339351819105,0.8611111111111112
L29:T2,lofo_entity_age,C,entity_age,288,,,0.71875,,0.032587330255892145,,,0.008588900400605493,0.19271154674646085,0.135361357719798,0.9236111111111112
L29:T2,baseline,pre-C,entity_age,288,,,0.6041666666666666,,0.05675449893838485,,,-0.07033639553620229,0.30963560459367107,0.24806389060810308,0.8611111111111112
L29:T2,rad_all,A,prep_time,144,,,0.7708333333333334,,0.02039481530491233,,,0.028583466682289543,0.08890304910548864,-0.011814078236657298,0.8888888888888888
L29:T2,baseline,pre-A,prep_time,144,,,0.6180555555555556,,0.06998430630112212,,,0.0822593564268007,0.3088302152997301,0.31006227211481535,0.8611111111111112
L29:T2,rad_all,B,prep_time,144,,,0.7430555555555556,,0.05301196253675603,,,0.06080236098983083,0.3227581024989785,0.24170026921369508,0.8888888888888888
L29:T2,baseline,pre-B,prep_time,144,,,0.6527777777777778,,0.08217191318717935,,,0.06345443897682365,0.40969478930172915,0.32592363900838395,0.8611111111111112
L29:T2,lofo_prep_time,C,prep_time,288,,,0.6944444444444444,,0.05753040493695533,,,0.12016741203779027,0.3089762501609731,0.21083463303813116,0.8611111111111112
L29:T2,baseline,pre-C,prep_time,288,,,0.6354166666666666,,0.07633131363649491,,,0.07285689770181218,0.35863539494978997,0.31821805266723713,0.8611111111111112
L29:T2,rad_all,A,tenure,144,,,0.8125,,0.026953218605240893,,,-0.023516887051467428,0.24271248745367047,0.1071223658907132,0.8888888888888888
L29:T2,baseline,pre-A,tenure,144,,,0.5694444444444444,,0.06897486781041144,,,-0.05269132891178885,0.4151288112713542,0.339362175984125,0.8611111111111112
L29:T2,rad_all,B,tenure,144,,,0.7222222222222222,,0.024167812773378847,,,-0.021041702827657407,0.16187441604916544,0.11120122762392069,0.8888888888888888
L29:T2,baseline,pre-B,tenure,144,,,0.6597222222222222,,0.07765337451709703,,,-0.04253331841284206,0.4003827083860349,0.3292139227067256,0.8611111111111112
L29:T2,lofo_tenure,C,tenure,288,,,0.75,,0.01763004769901131,,,-0.06280576224659455,0.12417520936579049,0.06196576921689103,0.875
L29:T2,baseline,pre-C,tenure,288,,,0.6145833333333334,,0.07281498898337348,,,-0.04761232366231546,0.41305840358337637,0.3340271280829174,0.8611111111111112
L29:T2,rad_all,A,background_event,144,,,0.7847222222222222,,0.02559297464122723,,,0.029812027698595072,0.15221297443473963,0.026921051977307188,0.8888888888888888
L29:T2,baseline,pre-A,background_event,144,,,0.5972222222222222,,0.06286362612801621,,,0.01040542369311295,0.26210794435778234,0.22509777846288784,0.8611111111111112
L29:T2,rad_all,B,background_event,144,,,0.7013888888888888,,0.031042379605912898,,,-0.08179773294880875,0.1904136024234326,0.04027980051264921,0.8888888888888888
L29:T2,baseline,pre-B,background_event,144,,,0.5138888888888888,,0.04715698557401002,,,-0.21336436935143463,0.19937918420603554,0.1593305071869975,0.8611111111111112
L29:T2,lofo_background_event,C,background_event,288,,,0.6701388888888888,,0.03826463198443922,,,-0.0625396644868817,0.23163462673197305,0.13024343565397153,0.8680555555555556
L29:T2,baseline,pre-C,background_event,288,,,0.5555555555555556,,0.05541731391795369,,,-0.10147947282916084,0.2318159973347666,0.20081016525498926,0.8611111111111112
L29:T2,rad_all,A,other_horizon,144,,,0.6666666666666666,,0.021820726003796923,,,0.004832606486253406,0.08425021523778818,0.05173791247295756,0.8888888888888888
L29:T2,baseline,pre-A,other_horizon,144,,,0.4236111111111111,,0.13426749214262332,,,0.14978176995149226,0.515940118190686,0.5321610983238965,0.8611111111111112
L29:T2,rad_all,B,other_horizon,144,,,0.625,,0.08107842254180943,,,0.07372168578247607,0.48493801875341114,0.34692866938478123,0.8888888888888888
L29:T2,baseline,pre-B,other_horizon,144,,,0.5208333333333334,,0.12570704217697454,,,-0.043284195098329675,0.5446192040143983,0.49751940348935253,0.8611111111111112
L29:T2,lofo_other_horizon,C,other_horizon,288,,,0.4861111111111111,,0.10792583744972874,,,0.19640074460579945,0.5305230812907307,0.4803139937453325,0.9236111111111112
L29:T2,baseline,pre-C,other_horizon,288,,,0.4722222222222222,,0.13048840830945793,,,0.0532487874265813,0.5221417538379489,0.5045287829297578,0.8611111111111112
L29:T3,baseline,clean,-,432,0.25059599333769556,0.07728208378970149,0.7986111111111112,0.9828773568799946,,,,,,,
L29:T3,rad_all,clean,-,432,0.20729941822710404,0.041496878608114726,0.8773148148148148,0.9868994164179684,,,,,,,
L29:T3,lofo_entity_age,clean,-,432,0.20860942801311258,0.040523126836915134,0.8842592592592593,0.9865122663020137,,,,,,,
L29:T3,lofo_prep_time,clean,-,432,0.20970471427996049,0.04473144800120198,0.8611111111111112,0.986791874719092,,,,,,,
L29:T3,lofo_tenure,clean,-,432,0.20856594166454487,0.045997016316035824,0.8680555555555556,0.9868779080781932,,,,,,,
L29:T3,lofo_background_event,clean,-,432,0.21067119662233694,0.04949327808027008,0.875,0.9867703663793169,,,,,,,
L29:T3,lofo_other_horizon,clean,-,432,0.21378150903832016,0.04470480363370885,0.8611111111111112,0.9858777702786437,,,,,,,
L29:T3,rad_all,A,entity_age,144,,,0.8402777777777778,,-0.003437884910420782,,,-0.02625796826733827,-0.030195960699008467,0.024697015779380726,0.9027777777777778
L29:T3,baseline,pre-A,entity_age,144,,,0.22916666666666666,,0.14422598553051472,,,0.487504023016966,0.5539744839901294,0.5588503759400624,0.7638888888888888
L29:T3,rad_all,B,entity_age,144,,,0.7430555555555556,,0.009348871162760437,,,0.006817523995258614,0.09449934705844323,0.22511903409294598,0.9027777777777778
L29:T3,baseline,pre-B,entity_age,144,,,0.2916666666666667,,0.1465676878954059,,,0.37796879508516873,0.5207945257420651,0.5595798763350985,0.7638888888888888
L29:T3,lofo_entity_age,C,entity_age,288,,,0.4548611111111111,,0.020709138477303816,,,0.24255706654937045,0.12340694357255759,0.19415447678894526,0.9236111111111112
L29:T3,baseline,pre-C,entity_age,288,,,0.2604166666666667,,0.1461744675656586,,,0.43273640905106736,0.5407053765781544,0.5593074679040622,0.7638888888888888
L29:T3,rad_all,A,prep_time,144,,,0.7986111111111112,,0.017963352803673702,,,-0.011465998620100552,0.10887925250700904,0.16503129704183916,0.9027777777777778
L29:T3,baseline,pre-A,prep_time,144,,,0.3055555555555556,,0.24218757914687206,,,0.14130015667024418,0.4768200566022634,0.5102182427299488,0.7638888888888888
L29:T3,rad_all,B,prep_time,144,,,0.6527777777777778,,0.007606468997497195,,,0.09425117622315375,-0.021648249995432366,-0.01214762073831522,0.9027777777777778
L29:T3,baseline,pre-B,prep_time,144,,,0.2222222222222222,,0.153687137888846,,,0.3320372710329984,0.4211610659913532,0.42662789729648526,0.7638888888888888
L29:T3,lofo_prep_time,C,prep_time,288,,,0.4375,,0.14646578970438198,,,-0.10592256511745536,0.3828667082811995,0.4092782821239539,0.9166666666666666
L29:T3,baseline,pre-C,prep_time,288,,,0.2638888888888889,,0.1951638447665313,,,0.2366687138516213,0.4340592451844592,0.4529608653474515,0.7638888888888888
L29:T3,rad_all,A,tenure,144,,,0.7916666666666666,,-0.009895214168294704,,,-0.028303466943839135,-0.1321997153632343,0.001213873944654812,0.9027777777777778
L29:T3,baseline,pre-A,tenure,144,,,0.14583333333333334,,0.2379836544924841,,,0.47436815241366087,0.6687480767012526,0.6721565704266408,0.7638888888888888
L29:T3,rad_all,B,tenure,144,,,0.6111111111111112,,-0.028061931781024944,,,0.044460415868969615,-0.1560033128247737,-0.14217878424642166,0.9027777777777778
L29:T3,baseline,pre-B,tenure,144,,,0.20833333333333334,,0.1768719778007157,,,0.5756965554417399,0.47043998427996625,0.4767713691333843,0.7638888888888888
L29:T3,lofo_tenure,C,tenure,288,,,0.5347222222222222,,0.031085305388011655,,,-0.2439581524630087,0.14126005859963128,0.1782701562716627,0.8888888888888888
L29:T3,baseline,pre-C,tenure,288,,,0.17708333333333334,,0.2096262147280124,,,0.5250323539277004,0.5702979999726865,0.5696556632993405,0.7638888888888888
L29:T3,rad_all,A,background_event,144,,,0.8680555555555556,,-0.003446227859803775,,,-0.013583363457893707,-0.057708927695139876,0.06712074452304055,0.9027777777777778
L29:T3,baseline,pre-A,background_event,144,,,0.3958333333333333,,0.20962193749899016,,,0.20221950629267313,0.7191488243917857,0.6894221144405837,0.7638888888888888
L29:T3,rad_all,B,background_event,144,,,0.625,,0.00014198172646592413,,,-0.2114163466537121,-0.021359830348689542,0.050861236981020526,0.9027777777777778
L29:T3,baseline,pre-B,background_event,144,,,0.3541666666666667,,0.19020153470656923,,,-0.005698236541159264,0.6614493117114844,0.6673298972967557,0.7638888888888888
L29:T3,lofo_background_event,C,background_event,288,,,0.4791666666666667,,0.019803379868674545,,,-0.31858707537881803,0.10894218685275302,0.2042526898265716,0.8888888888888888
L29:T3,baseline,pre-C,background_event,288,,,0.375,,0.1999045554710295,,,0.09826063487575692,0.6815510347783433,0.6772903328476216,0.7638888888888888
L29:T3,rad_all,A,other_horizon,144,,,0.7638888888888888,,0.005399907989091587,,,-0.02363982318185763,-0.02043751046643769,0.07432187403371676,0.9027777777777778
L29:T3,baseline,pre-A,other_horizon,144,,,0.19444444444444445,,0.1760264607499426,,,0.5154740813994035,0.5489669260867397,0.5985141721806613,0.7638888888888888
L29:T3,rad_all,B,other_horizon,144,,,0.6180555555555556,,-0.002843233672738418,,,0.07823080621201775,-0.038158174216706586,0.08355164955951364,0.9027777777777778
L29:T3,baseline,pre-B,other_horizon,144,,,0.24305555555555555,,0.12290035380536826,,,0.48953015572483527,0.5194644737659889,0.5588647080093427,0.7638888888888888
L29:T3,lofo_other_horizon,C,other_horizon,288,,,0.5625,,0.08273493785131499,,,0.029319246913681794,0.3573407156826245,0.4230981516175741,0.8958333333333334
L29:T3,baseline,pre-C,other_horizon,288,,,0.21875,,0.14861953166005354,,,0.5025021185621195,0.5278510543129025,0.57332525077011,0.7638888888888888
L29:T4,baseline,clean,-,432,0.26146519447471034,0.007009115318958228,0.7731481481481481,0.9805490790993227,,,,,,,
L29:T4,rad_all,clean,-,432,0.2460671702846694,0.02606586701790599,0.8032407407407407,0.9831462111271854,,,,,,,
L29:T4,lofo_entity_age,clean,-,432,0.2480983499076482,0.015377091049596182,0.8055555555555556,0.9826568963972981,,,,,,,
L29:T4,lofo_prep_time,clean,-,432,0.24977368721874235,0.00916545591051582,0.7870370370370371,0.9826784047370735,,,,,,,
L29:T4,lofo_tenure,clean,-,432,0.24513625705816905,0.0409901066739306,0.8171296296296297,0.9834096882894324,,,,,,,
L29:T4,lofo_background_event,clean,-,432,0.2482788638468388,0.019612031152731507,0.8009259259259259,0.9825654859532533,,,,,,,
L29:T4,lofo_other_horizon,clean,-,432,0.24712229597860685,0.027768597967484234,0.8055555555555556,0.9829687673240395,,,,,,,
L29:T4,rad_all,A,entity_age,144,,,0.8263888888888888,,-0.00033568660522077017,,,-0.02626490551908569,0.014040800149312643,0.047995177149382465,0.875
L29:T4,baseline,pre-A,entity_age,144,,,0.5,,0.1042935840834492,,,0.20255252997223477,0.5874786549733876,0.5274364471777154,0.7986111111111112
L29:T4,rad_all,B,entity_age,144,,,0.7847222222222222,,-0.009510668802652906,,,0.015587816880313694,-0.03697852966945909,0.016327712105803888,0.875
L29:T4,baseline,pre-B,entity_age,144,,,0.5555555555555556,,0.10856657958740051,,,0.14834312863926385,0.6151310780343131,0.609971890814274,0.7986111111111112
L29:T4,lofo_entity_age,C,entity_age,288,,,0.6458333333333334,,0.0038420223057643193,,,0.10420714044456468,0.05166538630009211,0.07800112043378633,0.8888888888888888
L29:T4,baseline,pre-C,entity_age,288,,,0.5277777777777778,,0.1068061937084265,,,0.17544782930574931,0.6021364149328395,0.568976656668907,0.7986111111111112
L29:T4,rad_all,A,prep_time,144,,,0.7777777777777778,,0.04366369922514263,,,-0.019828933990196605,0.31185910538184014,0.33003847551633575,0.875
L29:T4,baseline,pre-A,prep_time,144,,,0.4375,,0.14008615314093434,,,-0.16919132253340005,0.6463856443045141,0.6018728183931072,0.7986111111111112
L29:T4,rad_all,B,prep_time,144,,,0.7222222222222222,,0.05148599921433288,,,0.014990441280545644,0.3391123695320147,0.25815301960480175,0.875
L29:T4,baseline,pre-B,prep_time,144,,,0.5625,,0.11536328501750512,,,-0.042715511199405864,0.6229333680330811,0.49044913305499965,0.7986111111111112
L29:T4,lofo_prep_time,C,prep_time,288,,,0.6666666666666666,,0.09008085694124043,,,-0.025862778686154702,0.5261838557664862,0.47799027611457284,0.8402777777777778
L29:T4,baseline,pre-C,prep_time,288,,,0.5,,0.126342542495082,,,-0.10595341686640297,0.6181145314349565,0.5348933421045812,0.7986111111111112
L29:T4,rad_all,A,tenure,144,,,0.7777777777777778,,-0.0018139253645573436,,,-0.00783796347971238,-0.006931541779990805,-0.015420620492278759,0.875
L29:T4,baseline,pre-A,tenure,144,,,0.5694444444444444,,0.09158126289819293,,,0.033389262387074486,0.45922820856863983,0.4186458301507348,0.7986111111111112
L29:T4,rad_all,B,tenure,144,,,0.75,,-0.01128628806240663,,,-0.016246940106572,-0.10241969733040221,0.0245798429753805,0.875
L29:T4,baseline,pre-B,tenure,144,,,0.4652777777777778,,0.09254274599817261,,,-0.006739443752048485,0.4762186291858636,0.45113026545876417,0.7986111111111112
L29:T4,lofo_tenure,C,tenure,288,,,0.6979166666666666,,0.0007409667416345075,,,-0.06754151482915918,-0.0007154379529484727,0.045598618800316314,0.8958333333333334
L29:T4,baseline,pre-C,tenure,288,,,0.5173611111111112,,0.09055979400421296,,,0.013324909317513,0.4614858660593081,0.4409094886976475,0.7986111111111112
L29:T4,rad_all,A,background_event,144,,,0.7291666666666666,,-0.009566297531500373,,,-0.020926665195427394,-0.13995932352726356,-0.02671605404511717,0.875
L29:T4,baseline,pre-A,background_event,144,,,0.5069444444444444,,0.1307576256098116,,,0.03240917311076985,0.5081215412549992,0.514367948835848,0.7986111111111112
L29:T4,rad_all,B,background_event,144,,,0.5763888888888888,,0.01903019423467895,,,-0.22248383307373068,0.11894619865984585,0.17339085467659404,0.875
L29:T4,baseline,pre-B,background_event,144,,,0.4652777777777778,,0.13774863378607463,,,-0.25650257799317544,0.6175659944680107,0.6267225043540318,0.7986111111111112
L29:T4,lofo_background_event,C,background_event,288,,,0.5381944444444444,,0.026459238898053187,,,-0.30520103993120196,0.1351432051934282,0.1560478000032188,0.8611111111111112
L29:T4,baseline,pre-C,background_event,288,,,0.4861111111111111,,0.13638744970673328,,,-0.1120467024412028,0.5430605120195082,0.556262885150279,0.7986111111111112
L29:T4,rad_all,A,other_horizon,144,,,0.7222222222222222,,0.058630604794706956,,,-0.08402896868212868,0.23935542423054346,0.23065104249879584,0.875
L29:T4,baseline,pre-A,other_horizon,144,,,0.3402777777777778,,0.22752143184068066,,,0.16812720443987067,0.6843581474538398,0.6690154436579124,0.7986111111111112
L29:T4,rad_all,B,other_horizon,144,,,0.6180555555555556,,0.023103686743325857,,,0.05376553512978806,0.13934185065935342,0.20473691400409158,0.875
L29:T4,baseline,pre-B,other_horizon,144,,,0.3541666666666667,,0.1785414476848891,,,0.21242807901825236,0.5924304758168439,0.6179871672389255,0.7986111111111112
L29:T4,lofo_other_horizon,C,other_horizon,288,,,0.4722222222222222,,0.13828263994342338,,,0.13846368228716516,0.6062413977137713,0.5971725326245961,0.8541666666666666
L29:T4,baseline,pre-C,other_horizon,288,,,0.3472222222222222,,0.20200288107653103,,,0.19027764172906153,0.636301889615226,0.6420229965457552,0.7986111111111112
L29:T5,baseline,clean,-,432,0.2646353556342539,0.018822981671455106,0.7638888888888888,0.9775325344458422,,,,,,,
L29:T5,rad_all,clean,-,432,0.2541252295796004,0.04419586571981001,0.7893518518518519,0.9805974728638168,,,,,,,
L29:T5,lofo_entity_age,clean,-,432,0.26274164075606427,0.014517440191224498,0.7638888888888888,0.9787853952377512,,,,,,,
L29:T5,lofo_prep_time,clean,-,432,0.26208945301480757,0.04852280775510715,0.7685185185185185,0.9795274329599977,,,,,,,
L29:T5,lofo_tenure,clean,-,432,0.26012058757024475,0.04143328169300903,0.7662037037037037,0.979226316203144,,,,,,,
L29:T5,lofo_background_event,clean,-,432,0.26442751465856545,0.0353770018356174,0.7685185185185185,0.9793069724773013,,,,,,,
L29:T5,lofo_other_horizon,clean,-,432,0.24941009525570235,0.03124301450085749,0.8055555555555556,0.9808932125357267,,,,,,,
L29:T5,rad_all,A,entity_age,144,,,0.7916666666666666,,0.0021832766972188465,,,-0.03766214477463313,-0.006399356953250996,0.15108632545437722,0.8888888888888888
L29:T5,baseline,pre-A,entity_age,144,,,0.24305555555555555,,0.23527449163565128,,,0.3229150283311973,0.6991619047153006,0.7053562571430392,0.8402777777777778
L29:T5,rad_all,B,entity_age,144,,,0.6319444444444444,,0.007340820033928188,,,0.13231988961738314,0.02648329177968707,0.17844919130504938,0.8888888888888888
L29:T5,baseline,pre-B,entity_age,144,,,0.3958333333333333,,0.2030674342284235,,,0.21797803803778143,0.7178545755035084,0.7106654782358496,0.8402777777777778
L29:T5,lofo_entity_age,C,entity_age,288,,,0.6076388888888888,,0.05238779845855531,,,0.146084778895933,0.3197233033603923,0.3431282114485319,0.9097222222222222
L29:T5,baseline,pre-C,entity_age,288,,,0.3194444444444444,,0.21948271007709516,,,0.2704465331844894,0.7048251037606369,0.7085258776787916,0.8402777777777778
L29:T5,rad_all,A,prep_time,144,,,0.7291666666666666,,-0.0014178340144004313,,,0.005532719855907418,0.03385040926535934,0.14397377787112492,0.8888888888888888
L29:T5,baseline,pre-A,prep_time,144,,,0.18055555555555555,,0.4112960884613174,,,-0.9421150661171163,0.6585132639166252,0.6704318559451006,0.8402777777777778
L29:T5,rad_all,B,prep_time,144,,,0.22916666666666666,,0.012622017585782457,,,0.2649958219246911,0.010714587385168502,0.02329633884477361,0.8888888888888888
L29:T5,baseline,pre-B,prep_time,144,,,0.3611111111111111,,0.2947319841182572,,,-0.270071344606752,0.6534812978149561,0.659908844327387,0.8402777777777778
L29:T5,lofo_prep_time,C,prep_time,288,,,0.2847222222222222,,0.1711202555903208,,,-0.6029171565538497,0.34364663775772836,0.37606717938840406,0.8611111111111112
L29:T5,baseline,pre-C,prep_time,288,,,0.2708333333333333,,0.34609457427608326,,,-0.6060932053619341,0.6112157741861315,0.6176804387787054,0.8402777777777778
L29:T5,rad_all,A,tenure,144,,,0.75,,0.001981065860227243,,,-0.017665892385156503,-0.0025503411188194636,0.12712716927663043,0.8888888888888888
L29:T5,baseline,pre-A,tenure,144,,,0.2847222222222222,,0.32854078389405766,,,-0.10447690233306015,0.7400109180978005,0.7681691761086592,0.8402777777777778
L29:T5,rad_all,B,tenure,144,,,0.5416666666666666,,0.00022465834688225215,,,0.1670237371316623,-0.048653175162487565,0.12311227100212861,0.8888888888888888
L29:T5,baseline,pre-B,tenure,144,,,0.3055555555555556,,0.24545169207146378,,,-0.1351072403491215,0.6445389980048423,0.6753436977710277,0.8402777777777778
L29:T5,lofo_tenure,C,tenure,288,,,0.5173611111111112,,0.03523707466627451,,,0.04837921236043129,0.11875893208225044,0.21481979124434214,0.8541666666666666
L29:T5,baseline,pre-C,tenure,288,,,0.2951388888888889,,0.2863959253449857,,,-0.11979207134109084,0.6887150391286859,0.7180695990141637,0.8402777777777778
L29:T5,rad_all,A,background_event,144,,,0.7847222222222222,,0.0012110909380938896,,,-0.027721522868035267,0.02364711441321362,0.17879839254267688,0.8888888888888888
L29:T5,baseline,pre-A,background_event,144,,,0.3402777777777778,,0.23596175734968503,,,0.130056349280121,0.6717058715753381,0.6609274018661707,0.8402777777777778
L29:T5,rad_all,B,background_event,144,,,0.6875,,-0.028903849395685608,,,0.022669370365147743,-0.16697768017126205,0.008016970574042395,0.8888888888888888
L29:T5,baseline,pre-B,background_event,144,,,0.2916666666666667,,0.22624812208815726,,,0.07471248827281207,0.6553275537850535,0.6584125499823847,0.8402777777777778
L29:T5,lofo_background_event,C,background_event,288,,,0.4027777777777778,,0.012715749337298224,,,-0.4478025751727201,0.056683839901039625,0.15558105958771967,0.8680555555555556
L29:T5,baseline,pre-C,background_event,288,,,0.3159722222222222,,0.23071643314598453,,,0.10238441877646653,0.6601570910291596,0.6596649788257352,0.8402777777777778
L29:T5,rad_all,A,other_horizon,144,,,0.7291666666666666,,0.009377044623250034,,,-0.04560753270129909,-0.010726226114601037,0.11631835536980509,0.8888888888888888
L29:T5,baseline,pre-A,other_horizon,144,,,0.4583333333333333,,0.25161862672539254,,,0.20474355851307743,0.7185667093231717,0.6980729248580065,0.8402777777777778
L29:T5,rad_all,B,other_horizon,144,,,0.5347222222222222,,0.011398013398896002,,,0.13360999123932366,0.04383788560069546,0.2049017180852972,0.8888888888888888
L29:T5,baseline,pre-B,other_horizon,144,,,0.2638888888888889,,0.1855659694415542,,,0.4274798876061862,0.5975112650520612,0.6427017500021638,0.8402777777777778
L29:T5,lofo_other_horizon,C,other_horizon,288,,,0.4652777777777778,,0.10137967962218401,,,-0.1277005917197872,0.36435400149572855,0.4428684382807327,0.9166666666666666
L29:T5,baseline,pre-C,other_horizon,288,,,0.3611111111111111,,0.2166482925000515,,,0.3161117230596318,0.6426376858392351,0.6553808706242543,0.8402777777777778
L29:T6,baseline,clean,-,432,0.2149250432920714,0.042562558220704504,0.8541666666666666,0.9849152720737006,,,,,,,
L29:T6,rad_all,clean,-,432,0.20899315929819318,0.010316238292861714,0.8680555555555556,0.9856465556260594,,,,,,,
L29:T6,lofo_entity_age,clean,-,432,0.2081196721340831,0.004803547132532843,0.8541666666666666,0.9857702285797673,,,,,,,
L29:T6,lofo_prep_time,clean,-,432,0.20658361337423584,0.010677295914330517,0.875,0.9862595433096545,,,,,,,
L29:T6,lofo_tenure,clean,-,432,0.21004307874763165,0.014488422008118824,0.8657407407407407,0.9854529805680822,,,,,,,
L29:T6,lofo_background_event,clean,-,432,0.21475183098137193,0.016201930364364608,0.8634259259259259,0.9850174366876331,,,,,,,
L29:T6,lofo_other_horizon,clean,-,432,0.2106225815571431,0.016769719426881144,0.8634259259259259,0.9853400617842619,,,,,,,
L29:T6,rad_all,A,entity_age,144,,,0.8611111111111112,,-0.009695197292506903,,,-0.018057850311068095,-0.12289016380325969,0.008823233990192171,0.8958333333333334
L29:T6,baseline,pre-A,entity_age,144,,,0.4513888888888889,,0.18315804976444094,,,-0.10562153420182516,0.6955883944568584,0.7224439872989876,0.8472222222222222
L29:T6,rad_all,B,entity_age,144,,,0.75,,-0.003149822026907707,,,0.1305653306325599,-0.02135626155050124,0.16014784388561926,0.8958333333333334
L29:T6,baseline,pre-B,entity_age,144,,,0.4583333333333333,,0.15137206563959144,,,-0.09082419880352452,0.6904950057230667,0.722818810966499,0.8472222222222222
L29:T6,lofo_entity_age,C,entity_age,288,,,0.6597222222222222,,0.019659504234244896,,,0.1174162077747546,0.10988399614097306,0.22020936207384118,0.8819444444444444
L29:T6,baseline,pre-C,entity_age,288,,,0.4548611111111111,,0.16663334301458319,,,-0.09822286650267484,0.6967905155853545,0.7255064311522904,0.8472222222222222
L29:T6,rad_all,A,prep_time,144,,,0.7708333333333334,,0.0025381001822751305,,,-0.0022450012413383624,0.034009189833698224,0.1279630689168527,0.8958333333333334
L29:T6,baseline,pre-A,prep_time,144,,,0.2222222222222222,,0.42314100726517395,,,-0.9079725532964882,0.7222646670449909,0.749625171814575,0.8472222222222222
L29:T6,rad_all,B,prep_time,144,,,0.5,,0.029049783330864793,,,-0.3360706736394946,0.20830436150558032,0.30984070367615385,0.8958333333333334
L29:T6,baseline,pre-B,prep_time,144,,,0.2777777777777778,,0.273325730405302,,,-0.7695435605180672,0.715449438550187,0.7254364550043048,0.8472222222222222
L29:T6,lofo_prep_time,C,prep_time,288,,,0.2534722222222222,,0.17845063779881307,,,-0.6150471007759667,0.6177658505281993,0.6625429602003579,0.8888888888888888
L29:T6,baseline,pre-C,prep_time,288,,,0.25,,0.34493271716260654,,,-0.8387580569072777,0.7113304027222817,0.7316355388982806,0.8472222222222222
L29:T6,rad_all,A,tenure,144,,,0.8680555555555556,,-0.012361803739133377,,,-0.025983496957616543,-0.15202967266771944,0.13783297474546516,0.8958333333333334
L29:T6,baseline,pre-A,tenure,144,,,0.3194444444444444,,0.20961140787690558,,,0.04922819348464154,0.6577448319214758,0.7243652083972414,0.8472222222222222
L29:T6,rad_all,B,tenure,144,,,0.7708333333333334,,0.00043950970478259024,,,0.004559817021167151,-0.020332790214976627,0.147376549716561,0.8958333333333334
L29:T6,baseline,pre-B,tenure,144,,,0.3611111111111111,,0.16437070635011602,,,-0.002010363312185157,0.5977972980790532,0.6532541995046581,0.8472222222222222
L29:T6,lofo_tenure,C,tenure,288,,,0.6006944444444444,,0.011221990898039326,,,0.06628509016252335,0.02291159899459916,0.1615593544788122,0.8680555555555556
L29:T6,baseline,pre-C,tenure,288,,,0.3402777777777778,,0.18572372454855665,,,0.02360891508622819,0.6193100214782921,0.6817043500869422,0.8472222222222222
L29:T6,rad_all,A,background_event,144,,,0.8611111111111112,,-0.009148818987387147,,,-0.02241678897779513,-0.0615496242482294,0.09320371671874737,0.8958333333333334
L29:T6,baseline,pre-A,background_event,144,,,0.5,,0.1746612089852547,,,-0.2725925599258744,0.6592432031683741,0.6931884489986629,0.8472222222222222
L29:T6,rad_all,B,background_event,144,,,0.7916666666666666,,-0.007109869159476832,,,0.0088895786907953,-0.07757710307295976,0.023297248156003873,0.8958333333333334
L29:T6,baseline,pre-B,background_event,144,,,0.4652777777777778,,0.19170876271436407,,,-0.26443820755184017,0.7467379003930178,0.7108615048760385,0.8472222222222222
L29:T6,lofo_background_event,C,background_event,288,,,0.5347222222222222,,0.010307047507469221,,,-0.3043930653208252,0.05578829114901896,0.1626457208929306,0.8680555555555556
L29:T6,baseline,pre-C,background_event,288,,,0.4826388888888889,,0.18404968731334148,,,-0.2685153837388573,0.7015985153267329,0.7045315944932388,0.8472222222222222
L29:T6,rad_all,A,other_horizon,144,,,0.8333333333333334,,0.0058942320610791184,,,-0.016581612134943063,0.005766075083903013,0.13286291099569897,0.8958333333333334
L29:T6,baseline,pre-A,other_horizon,144,,,0.3263888888888889,,0.14724057998869416,,,0.293595900912318,0.5234125013074344,0.5508661735437939,0.8472222222222222
L29:T6,rad_all,B,other_horizon,144,,,0.7916666666666666,,0.0017775958401641024,,,-0.08307158927333563,0.009616921080108552,0.14873769309394222,0.8958333333333334
L29:T6,baseline,pre-B,other_horizon,144,,,0.5,,0.13442035878402872,,,-0.04260081295949638,0.6319553180240362,0.6693015306699248,0.8472222222222222
L29:T6,lofo_other_horizon,C,other_horizon,288,,,0.59375,,0.06554171917115155,,,0.0077107890904003235,0.3590421012914269,0.4344451602304801,0.8958333333333334
L29:T6,baseline,pre-C,other_horizon,288,,,0.4131944444444444,,0.14175555633939207,,,0.12549754397641083,0.5420288490509514,0.5794829453557547,0.8472222222222222
L29:T7,baseline,clean,-,432,0.2763652803703765,0.035859507062114195,0.7638888888888888,0.9777637490984262,,,,,,,
L29:T7,rad_all,clean,-,432,0.25908499913512706,0.020166730771025935,0.7962962962962963,0.9805114395047159,,,,,,,
L29:T7,lofo_entity_age,clean,-,432,0.26031318522324975,0.024836167131291782,0.7800925925925926,0.9799522226705591,,,,,,,
L29:T7,lofo_prep_time,clean,-,432,0.2577102490253247,0.011250372146500933,0.8009259259259259,0.9802103227478622,,,,,,,
L29:T7,lofo_tenure,clean,-,432,0.264464141785257,0.025203253176113473,0.7800925925925926,0.9795812038094359,,,,,,,
L29:T7,lofo_background_event,clean,-,432,0.2638261220644883,0.013117232653364693,0.7870370370370371,0.9796564829986494,,,,,,,
L29:T7,lofo_other_horizon,clean,-,432,0.26618129935458534,0.03361562529317875,0.7777777777777778,0.9792424474579755,,,,,,,
L29:T7,rad_all,A,entity_age,144,,,0.7986111111111112,,-0.011910963715498742,,,-0.015174714916014027,-0.08972364733261022,-0.08260275484348702,0.8333333333333334
L29:T7,baseline,pre-A,entity_age,144,,,0.375,,0.2446392155865112,,,-0.011550663731894641,0.7048819329467556,0.7374334358408677,0.7916666666666666
L29:T7,rad_all,B,entity_age,144,,,0.6736111111111112,,0.017903243970655687,,,0.08623063974665698,0.0976447027262895,0.14677857493832638,0.8333333333333334
L29:T7,baseline,pre-B,entity_age,144,,,0.3472222222222222,,0.21329663032664598,,,-0.300205428643746,0.7360695010100201,0.7523931934919672,0.7916666666666666
L29:T7,lofo_entity_age,C,entity_age,288,,,0.6354166666666666,,0.021070184436593063,,,0.15799491775897348,0.09647484524651344,0.13672465530694333,0.8055555555555556
L29:T7,baseline,pre-C,entity_age,288,,,0.3611111111111111,,0.23082251850083896,,,-0.1558780461878203,0.7084786508598523,0.7357531436232061,0.7916666666666666
L29:T7,rad_all,A,prep_time,144,,,0.7638888888888888,,0.04346845177780529,,,0.0016055455513502724,0.28775661708412076,0.27403918190800886,0.8333333333333334
L29:T7,baseline,pre-A,prep_time,144,,,0.2569444444444444,,0.1905909419660633,,,0.07503497245872265,0.3991642994008805,0.43958701826710234,0.7916666666666666
L29:T7,rad_all,B,prep_time,144,,,0.7361111111111112,,0.0346718166120622,,,0.02345215415020405,0.2697157697880458,0.18657772679658177,0.8333333333333334
L29:T7,baseline,pre-B,prep_time,144,,,0.3541666666666667,,0.1395927636586077,,,-0.2590707832210218,0.4073934945060026,0.43269969780119244,0.7916666666666666
L29:T7,lofo_prep_time,C,prep_time,288,,,0.4895833333333333,,0.13066107205194993,,,0.054628298910714905,0.46027713532468484,0.4449301512068048,0.8402777777777778
L29:T7,baseline,pre-C,prep_time,288,,,0.3055555555555556,,0.16683675238354675,,,-0.09201790538114957,0.39983174262993243,0.42998510473360185,0.7916666666666666
L29:T7,rad_all,A,tenure,144,,,0.75,,0.007057704518166807,,,-0.01433213921989867,0.027267949803106765,0.0418846802658128,0.8333333333333334
L29:T7,baseline,pre-A,tenure,144,,,0.3541666666666667,,0.26165709939644205,,,-0.38971483831371245,0.6432406460629101,0.6719013353422515,0.7916666666666666
L29:T7,rad_all,B,tenure,144,,,0.7083333333333334,,0.017521378257600872,,,0.05219683243142946,0.12936526728117098,0.20584839631046026,0.8333333333333334
L29:T7,baseline,pre-B,tenure,144,,,0.4027777777777778,,0.21199692660412028,,,-0.3817157043433286,0.6250885817424531,0.6672154055973063,0.7916666666666666
L29:T7,lofo_tenure,C,tenure,288,,,0.6493055555555556,,0.06863897425381822,,,-0.015632090561336645,0.36093844726250446,0.3942439931465685,0.8194444444444444
L29:T7,baseline,pre-C,tenure,288,,,0.3784722222222222,,0.2365755433803691,,,-0.3857152713285205,0.6255256399016782,0.6660380676088248,0.7916666666666666
L29:T7,rad_all,A,background_event,144,,,0.7708333333333334,,-0.0034829602144079695,,,-0.005471817043485933,-0.0038808922260679495,0.09596917901966373,0.8333333333333334
L29:T7,baseline,pre-A,background_event,144,,,0.3194444444444444,,0.19201576335593515,,,-0.5724202721881999,0.582837258187315,0.5879320597373319,0.7916666666666666
L29:T7,rad_all,B,background_event,144,,,0.7152777777777778,,0.01502284326256439,,,0.077848479726262,0.1308179071534203,0.12402890574978148,0.8333333333333334
L29:T7,baseline,pre-B,background_event,144,,,0.3888888888888889,,0.24639115697229869,,,-0.4540428378026404,0.5841314689052709,0.5995805671260441,0.7916666666666666
L29:T7,lofo_background_event,C,background_event,288,,,0.4236111111111111,,0.04780147927624186,,,-0.3448074785709296,0.25239578301794774,0.256050827714133,0.8333333333333334
L29:T7,baseline,pre-C,background_event,288,,,0.3541666666666667,,0.22161690128440736,,,-0.5132315549954202,0.5721624551815957,0.5851302020755117,0.7916666666666666
L29:T7,rad_all,A,other_horizon,144,,,0.7013888888888888,,0.04100165454070123,,,-0.029651268651837773,0.22381375165340095,0.22806042877166063,0.8333333333333334
L29:T7,baseline,pre-A,other_horizon,144,,,0.4652777777777778,,0.18761973888744757,,,-0.27578621242137635,0.6111416555379853,0.6403900663766192,0.7916666666666666
L29:T7,rad_all,B,other_horizon,144,,,0.7152777777777778,,0.035388029762468506,,,-0.0003378284180918419,0.17917620297027326,0.26082456637244883,0.8333333333333334
L29:T7,baseline,pre-B,other_horizon,144,,,0.4027777777777778,,0.18803440483371045,,,-0.005748050492721892,0.6716992290708798,0.7249590845824528,0.7916666666666666
L29:T7,lofo_other_horizon,C,other_horizon,288,,,0.5208333333333334,,0.08395127181871169,,,-0.31151745800860486,0.3171613377493114,0.36143504375554203,0.8263888888888888
L29:T7,baseline,pre-C,other_horizon,288,,,0.4340277777777778,,0.1868563023139586,,,-0.14076713145704914,0.6099232534450892,0.6543358737052203,0.7916666666666666
L29:T8,baseline,clean,-,432,0.20581516578833892,0.016461726035470362,0.8587962962962963,0.9853454388692059,,,,,,,
L29:T8,rad_all,clean,-,432,0.1857511374092518,0.004506797757769098,0.9050925925925926,0.9877382416692037,,,,,,,
L29:T8,lofo_entity_age,clean,-,432,0.18596628630190185,0.005543044332307839,0.9074074074074074,0.9881253917851583,,,,,,,
L29:T8,lofo_prep_time,clean,-,432,0.18829441093067498,-0.0014678273880850228,0.9050925925925926,0.9873672228080803,,,,,,,
L29:T8,lofo_tenure,clean,-,432,0.18761725841171162,0.00548297319314404,0.9004629629629629,0.9876360770552711,,,,,,,
L29:T8,lofo_background_event,clean,-,432,0.18858947696444306,0.009003202701976474,0.9074074074074074,0.9875339124413386,,,,,,,
L29:T8,lofo_other_horizon,clean,-,432,0.1847574821632047,0.0014286525686078165,0.9143518518518519,0.988195293889428,,,,,,,
L29:T8,rad_all,A,entity_age,144,,,0.8958333333333334,,-0.006314789309002434,,,0.0567631930844521,-0.05227213430909293,-0.024023716602452626,0.9444444444444444
L29:T8,baseline,pre-A,entity_age,144,,,0.5972222222222222,,0.11244647569222177,,,-0.07013005230009156,0.5979077577467605,0.614245814490786,0.8680555555555556
L29:T8,rad_all,B,entity_age,144,,,0.8472222222222222,,0.0040814308099114925,,,0.10750670781680946,0.030910907457811884,0.10526791937046898,0.9444444444444444
L29:T8,baseline,pre-B,entity_age,144,,,0.5902777777777778,,0.11116575693847594,,,-0.09257196036487496,0.6363285644424759,0.6752043565722844,0.8680555555555556
L29:T8,lofo_entity_age,C,entity_age,288,,,0.8125,,0.0010849355249761838,,,0.14000409848207002,-0.02188108955789751,0.05863460777792034,0.9305555555555556
L29:T8,baseline,pre-C,entity_age,288,,,0.59375,,0.11185375854461509,,,-0.08135100633248325,0.6183997738953194,0.6493109829234794,0.8680555555555556
L29:T8,rad_all,A,prep_time,144,,,0.8611111111111112,,0.015662782048152555,,,0.0668531864707581,0.15051794914342095,0.11958789640712984,0.9444444444444444
L29:T8,baseline,pre-A,prep_time,144,,,0.4166666666666667,,0.1998615720245736,,,-0.2571031571115191,0.6578077958218539,0.6889328069774978,0.8680555555555556
L29:T8,rad_all,B,prep_time,144,,,0.6944444444444444,,0.05988530745021609,,,-0.0677977893347098,0.49387394207850877,0.44965893403380386,0.9444444444444444
L29:T8,baseline,pre-B,prep_time,144,,,0.3819444444444444,,0.18111799146403945,,,-0.30992606362617114,0.6829398810647057,0.6270113830029754,0.8680555555555556
L29:T8,lofo_prep_time,C,prep_time,288,,,0.5763888888888888,,0.10604251187583481,,,0.04015505739909283,0.53313235279884,0.5387230542252693,0.9305555555555556
L29:T8,baseline,pre-C,prep_time,288,,,0.3993055555555556,,0.190508249218126,,,-0.2835146103688451,0.6683167944661432,0.6621395152895134,0.8680555555555556
L29:T8,rad_all,A,tenure,144,,,0.8958333333333334,,-0.0019361902610927858,,,0.03407889175834722,-0.034975245461635246,0.06900592013852254,0.9444444444444444
L29:T8,baseline,pre-A,tenure,144,,,0.4444444444444444,,0.19469861921225945,,,-0.029426072014771272,0.6204764901504844,0.6464602256313489,0.8680555555555556
L29:T8,rad_all,B,tenure,144,,,0.8055555555555556,,0.009508836858022335,,,0.10464205033286625,0.05454035809444352,0.06703831079874607,0.9444444444444444
L29:T8,baseline,pre-B,tenure,144,,,0.4513888888888889,,0.14917532098758593,,,0.04484468348284189,0.5646751104601724,0.5960345601373239,0.8680555555555556
L29:T8,lofo_tenure,C,tenure,288,,,0.6666666666666666,,0.043474539224403023,,,0.08536344310331413,0.24634653932474462,0.28320189339459334,0.9375
L29:T8,baseline,pre-C,tenure,288,,,0.4479166666666667,,0.17342950957344985,,,0.007709305734035308,0.5967430786885544,0.622989201344473,0.8680555555555556
L29:T8,rad_all,A,background_event,144,,,0.8819444444444444,,-0.017852417195467388,,,0.05198232716970423,-0.1935401556075181,-0.1410425969140324,0.9444444444444444
L29:T8,baseline,pre-A,background_event,144,,,0.5138888888888888,,0.09701645271010134,,,-0.20453170201328966,0.47575598537276287,0.4716198506232819,0.8680555555555556
L29:T8,rad_all,B,background_event,144,,,0.7638888888888888,,0.0014591910469836868,,,0.04374427858273998,-0.04881127208116512,0.017249851701430403,0.9444444444444444
L29:T8,baseline,pre-B,background_event,144,,,0.5069444444444444,,0.12128302233151231,,,-0.15659042707615325,0.549263977682142,0.5697897536843217,0.8680555555555556
L29:T8,lofo_background_event,C,background_event,288,,,0.6631944444444444,,0.004830823230740147,,,-0.13836975795575743,-0.028520150480550288,0.018814562378707295,0.9375
L29:T8,baseline,pre-C,background_event,288,,,0.5104166666666666,,0.11025007098312453,,,-0.18056106454472146,0.5214357101207855,0.5275897503247131,0.8680555555555556
L29:T8,rad_all,A,other_horizon,144,,,0.8055555555555556,,-0.009990332760620179,,,0.04933355576592795,-0.11082561113686436,0.005854505653331989,0.9444444444444444
L29:T8,baseline,pre-A,other_horizon,144,,,0.4305555555555556,,0.06661494612600097,,,-0.14991765005425348,0.091202063866307,0.121581984036498,0.8680555555555556
L29:T8,rad_all,B,other_horizon,144,,,0.7847222222222222,,-0.004542807186533638,,,0.03701820917262679,-0.003915101831567703,0.044808621835113936,0.9444444444444444
L29:T8,baseline,pre-B,other_horizon,144,,,0.5,,0.08426800130486661,,,-0.26815097631479445,0.41718746293095366,0.4246096760028117,0.8680555555555556
L29:T8,lofo_other_horizon,C,other_horizon,288,,,0.6666666666666666,,-0.0022543672942842495,,,-0.21463197625206265,-0.005274220026932605,0.0541514389029273,0.9513888888888888
L29:T8,baseline,pre-C,other_horizon,288,,,0.4652777777777778,,0.07613910711283957,,,-0.20903431318452392,0.22929970496496627,0.2517739211561255,0.8680555555555556
L29:R0,baseline,clean,-,432,0.19686846710085484,-0.0028803259668346037,0.8981481481481481,0.9874855186768443,,,,,,,
L29:R0,rad_all,clean,-,432,0.1928202259103478,0.005719380996233084,0.8865740740740741,0.9870983685608897,,,,,,,
L29:R0,lofo_entity_age,clean,-,432,0.19636124527442902,-0.0068661301406090685,0.8865740740740741,0.9867058413599911,,,,,,,
L29:R0,lofo_prep_time,clean,-,432,0.1892457345097981,-0.005535709389253979,0.9027777777777778,0.9877866354336979,,,,,,,
L29:R0,lofo_tenure,clean,-,432,0.18724672736863643,-0.0028205087551895604,0.8912037037037037,0.9886308377698769,,,,,,,
L29:R0,lofo_background_event,clean,-,432,0.1877236891845989,-0.0033822057322019927,0.9027777777777778,0.9886846086193151,,,,,,,
L29:R0,lofo_other_horizon,clean,-,432,0.18731317519536847,0.017856003017570295,0.9166666666666666,0.9885609356656073,,,,,,,
L29:R0,rad_all,A,entity_age,144,,,0.8958333333333334,,-0.008349577784162449,,,0.02400856176378839,-0.08814390657719084,0.05848256552314619,0.9027777777777778
L29:R0,baseline,pre-A,entity_age,144,,,0.5138888888888888,,0.11533143977668985,,,0.23697668262517796,0.5977128024626948,0.6496392428660216,0.9513888888888888
L29:R0,rad_all,B,entity_age,144,,,0.875,,-0.0021250279989055527,,,0.06488355360528911,-0.028706143772426994,0.235417310413741,0.9027777777777778
L29:R0,baseline,pre-B,entity_age,144,,,0.5138888888888888,,0.11652303469780657,,,0.14722778442778667,0.6661441243993445,0.7247884266562685,0.9513888888888888
L29:R0,lofo_entity_age,C,entity_age,288,,,0.6215277777777778,,-0.0037098264840395925,,,0.16833796603811552,-0.017804008327131107,0.06785690020822817,0.9166666666666666
L29:R0,baseline,pre-C,entity_age,288,,,0.5138888888888888,,0.1165608733884231,,,0.1921022335264823,0.6285218879503103,0.6871203219945748,0.9513888888888888
L29:R0,rad_all,A,prep_time,144,,,0.8680555555555556,,-0.0007393003289019243,,,0.00855584851516588,-0.01556451545843384,0.10995252875375537,0.9027777777777778
L29:R0,baseline,pre-A,prep_time,144,,,0.3958333333333333,,0.16959608092938505,,,0.32554511525759805,0.6791587575619034,0.7002544644642434,0.9513888888888888
L29:R0,rad_all,B,prep_time,144,,,0.4861111111111111,,0.010444516137206929,,,-0.24604475696883477,0.0680439609688388,0.11306492465816059,0.9027777777777778
L29:R0,baseline,pre-B,prep_time,144,,,0.5625,,0.12126858051696714,,,-0.041788904331365166,0.49301572995818105,0.5018189362510038,0.9513888888888888
L29:R0,lofo_prep_time,C,prep_time,288,,,0.5972222222222222,,0.09168748308151643,,,-0.03418966328544701,0.38803864092408097,0.42253895865493224,0.9513888888888888
L29:R0,baseline,pre-C,prep_time,288,,,0.4791666666666667,,0.14747950371551755,,,0.14187810546311644,0.5490832482278473,0.5634484996486037,0.9513888888888888
L29:R0,rad_all,A,tenure,144,,,0.8888888888888888,,-0.012419571094865103,,,-0.025457652955198497,-0.19136200208963886,-0.08180585913439423,0.9027777777777778
L29:R0,baseline,pre-A,tenure,144,,,0.4930555555555556,,0.14653208161562603,,,0.09519659144965459,0.5777215989276592,0.6313551319756773,0.9513888888888888
L29:R0,rad_all,B,tenure,144,,,0.6319444444444444,,0.011841870032253888,,,0.03556500795164821,0.05862058388886845,0.13846638176252862,0.9027777777777778
L29:R0,baseline,pre-B,tenure,144,,,0.2916666666666667,,0.13282610283399462,,,0.27589259785277964,0.5200880913479909,0.5836170059708424,0.9513888888888888
L29:R0,lofo_tenure,C,tenure,288,,,0.6875,,0.011465069398567949,,,0.05771200554425534,0.029249555298282433,0.08937045923200858,0.9583333333333334
L29:R0,baseline,pre-C,tenure,288,,,0.3923611111111111,,0.14286795511479292,,,0.18554459465121712,0.5475629996020068,0.6038009946738213,0.9513888888888888
L29:R0,rad_all,A,background_event,144,,,0.9097222222222222,,-0.006857763317078583,,,-0.02379316859968071,-0.0740102828715444,0.04607429015153172,0.9027777777777778
L29:R0,baseline,pre-A,background_event,144,,,0.5069444444444444,,0.1251413915745109,,,0.052793412214788026,0.528036487432165,0.5815148205463245,0.9513888888888888
L29:R0,rad_all,B,background_event,144,,,0.7916666666666666,,-0.0017651267217892374,,,-0.06805918259360598,-0.05649864045562292,0.09892487480459132,0.9027777777777778
L29:R0,baseline,pre-B,background_event,144,,,0.4583333333333333,,0.1420130575393899,,,-0.011785378850082252,0.5011078904611268,0.49552073122426593,0.9513888888888888
L29:R0,lofo_background_event,C,background_event,288,,,0.5659722222222222,,0.034873770975042614,,,-0.29782603215007425,0.16861411999510703,0.23562151431775705,0.9652777777777778
L29:R0,baseline,pre-C,background_event,288,,,0.4826388888888889,,0.1349146595459442,,,0.020504016682352886,0.5157019372554639,0.5328618068909565,0.9513888888888888
L29:R0,rad_all,A,other_horizon,144,,,0.8333333333333334,,-0.011871460475021932,,,-0.007438693462715973,-0.07988295097939806,0.06878893408739924,0.9027777777777778
L29:R0,baseline,pre-A,other_horizon,144,,,0.4375,,0.08707514494654553,,,-0.5695111378391656,0.11190486604103163,0.16637407723794323,0.9513888888888888
L29:R0,rad_all,B,other_horizon,144,,,0.7916666666666666,,0.011148140475442665,,,0.10898433633297919,0.10586049469832345,0.21653849406310882,0.9027777777777778
L29:R0,baseline,pre-B,other_horizon,144,,,0.5694444444444444,,0.07695732542229254,,,0.053767491844571275,0.4081252482705128,0.47588786292818047,0.9513888888888888
L29:R0,lofo_other_horizon,C,other_horizon,288,,,0.4826388888888889,,0.005726913148386609,,,-0.3897314460398703,-0.01816209669304888,0.036917530579068554,0.9583333333333334
L29:R0,baseline,pre-C,other_horizon,288,,,0.5034722222222222,,0.07965638759595489,,,-0.25787182299729716,0.2427070656764101,0.30725974074028095,0.9513888888888888
L33:T0,baseline,clean,-,432,0.2247227558063449,0.0440686267820615,0.8333333333333334,0.9849690429231388,,,,,,,
L33:T0,rad_all,clean,-,432,0.21409810716988198,0.03271364205277257,0.8703703703703703,0.9861466245258343,,,,,,,
L33:T0,lofo_entity_age,clean,-,432,0.21581802938637024,0.02508376491463451,0.8657407407407407,0.9858616390238121,,,,,,,
L33:T0,lofo_prep_time,clean,-,432,0.22071057351796536,0.04039639121223006,0.8518518518518519,0.9854045868035878,,,,,,,
L33:T0,lofo_tenure,clean,-,432,0.2118200631340484,0.03036417751433076,0.875,0.9860874765914523,,,,,,,
L33:T0,lofo_background_event,clean,-,432,0.21395704729873177,0.023330989307353313,0.8587962962962963,0.9860283286570704,,,,,,,
L33:T0,lofo_other_horizon,clean,-,432,0.2057729451898641,0.031236298271523234,0.875,0.9871198769006649,,,,,,,
L33:T0,rad_all,A,entity_age,144,,,0.875,,-0.006904400447051939,,,-0.0025973969446788044,-0.08628680675784288,0.06291830069771433,0.9305555555555556
L33:T0,baseline,pre-A,entity_age,144,,,0.4513888888888889,,0.11246371891781348,,,-0.22845580952342123,0.45682444722841664,0.501008952021215,0.9097222222222222
L33:T0,rad_all,B,entity_age,144,,,0.7708333333333334,,-0.004713720281242112,,,0.06105733051342313,-0.055398455992661036,0.12858173773916975,0.9305555555555556
L33:T0,baseline,pre-B,entity_age,144,,,0.5069444444444444,,0.08068866764107455,,,-0.30974204477753586,0.3826440734120864,0.4253947829397273,0.9097222222222222
L33:T0,lofo_entity_age,C,entity_age,288,,,0.625,,-0.008289548009314206,,,0.1431635911762355,-0.0768194451343701,0.07219598980151394,0.9236111111111112
L33:T0,baseline,pre-C,entity_age,288,,,0.4791666666666667,,0.09683411186018795,,,-0.26909892715047856,0.4191950419576786,0.4685794733855983,0.9097222222222222
L33:T0,rad_all,A,prep_time,144,,,0.8194444444444444,,0.006298159238563692,,,-0.0037893028871259274,0.037850071683009565,0.18763441440309267,0.9305555555555556
L33:T0,baseline,pre-A,prep_time,144,,,0.25,,0.21493987914367274,,,-0.5383385682037907,0.5168548685103914,0.5460926017714758,0.9097222222222222
L33:T0,rad_all,B,prep_time,144,,,0.6597222222222222,,0.009964496734334924,,,0.07998994428882017,0.06998950975684164,0.1708063204541662,0.9305555555555556
L33:T0,baseline,pre-B,prep_time,144,,,0.2916666666666667,,0.1525550248859599,,,-0.6159506286951865,0.467201030957036,0.49492711105052684,0.9097222222222222
L33:T0,lofo_prep_time,C,prep_time,288,,,0.5069444444444444,,0.09132541068923437,,,0.023256311661500773,0.35370638337091015,0.43136274601073227,0.9097222222222222
L33:T0,baseline,pre-C,prep_time,288,,,0.2708333333333333,,0.18337524549197437,,,-0.5771445984494886,0.49031041855700697,0.5157905019082224,0.9097222222222222
L33:T0,rad_all,A,tenure,144,,,0.8472222222222222,,-0.007560520222657379,,,-0.019607110960348947,-0.11820599967344712,0.086675422988531,0.9305555555555556
L33:T0,baseline,pre-A,tenure,144,,,0.3125,,0.22432233493032705,,,-0.5234331855686073,0.5873461723067186,0.5988357705543867,0.9097222222222222
L33:T0,rad_all,B,tenure,144,,,0.6944444444444444,,0.011456373153889744,,,-0.10635635036230778,0.0744671356934232,0.15077740786639696,0.9305555555555556
L33:T0,baseline,pre-B,tenure,144,,,0.3402777777777778,,0.14220229613839672,,,-0.6256492271254346,0.45930277682828713,0.48863618335234504,0.9097222222222222
L33:T0,lofo_tenure,C,tenure,288,,,0.5694444444444444,,0.07420654071089983,,,-0.1408963886676658,0.3308084109160884,0.38074663317047247,0.9375
L33:T0,baseline,pre-C,tenure,288,,,0.3263888888888889,,0.18183898420620417,,,-0.5745412063470209,0.5136161218731824,0.5334479212529122,0.9097222222222222
L33:T0,rad_all,A,background_event,144,,,0.9166666666666666,,-0.012162423297142743,,,-0.05996296208435042,-0.12407399356618584,0.08610717065440458,0.9305555555555556
L33:T0,baseline,pre-A,background_event,144,,,0.3680555555555556,,0.11933204310617374,,,-0.5196927057110079,0.2034584379149471,0.2558896737480184,0.9097222222222222
L33:T0,rad_all,B,background_event,144,,,0.5902777777777778,,0.016096847871800803,,,0.05234121033244779,0.14946856820308524,0.19749803994499174,0.9305555555555556
L33:T0,baseline,pre-B,background_event,144,,,0.4236111111111111,,0.17400411201110097,,,-0.7219183173816468,0.28838986601946337,0.3030672127485262,0.9097222222222222
L33:T0,lofo_background_event,C,background_event,288,,,0.4861111111111111,,0.0417390393864393,,,-0.27270633035372793,0.11064913040674473,0.17166526589750336,0.9305555555555556
L33:T0,baseline,pre-C,background_event,288,,,0.3958333333333333,,0.15113820290891636,,,-0.6208055115463273,0.24436372809589765,0.2779695404234769,0.9097222222222222
L33:T0,rad_all,A,other_horizon,144,,,0.8055555555555556,,0.003816295641413126,,,-0.07238554254877605,-0.046992808508825465,0.09574015990654855,0.9305555555555556
L33:T0,baseline,pre-A,other_horizon,144,,,0.2708333333333333,,0.13828273484492312,,,-0.5966346799527131,0.5053927630006116,0.5050068841521944,0.9097222222222222
L33:T0,rad_all,B,other_horizon,144,,,0.6666666666666666,,0.010652793943027707,,,-0.040281753888547385,0.039693665900134574,0.1954214638042372,0.9305555555555556
L33:T0,baseline,pre-B,other_horizon,144,,,0.4166666666666667,,0.14881271152497788,,,-0.5096964465618564,0.493232487572138,0.5536713696454973,0.9097222222222222
L33:T0,lofo_other_horizon,C,other_horizon,288,,,0.4027777777777778,,0.09219430095831911,,,-0.42058993547496404,0.3840825887625987,0.4378584818977482,0.9375
L33:T0,baseline,pre-C,other_horizon,288,,,0.34375,,0.14339583588994265,,,-0.5531655632572847,0.5072854647060752,0.5376893486239529,0.9097222222222222
L33:T1,baseline,clean,-,432,0.20946985472860374,0.03470769016459328,0.8611111111111112,0.9859422952979693,,,,,,,
L33:T1,rad_all,clean,-,432,0.22309603382949156,0.02194232795345268,0.8657407407407407,0.9837591988107803,,,,,,,
L33:T1,lofo_entity_age,clean,-,432,0.22374220304511275,0.02252537184442649,0.8518518518518519,0.9844205802588697,,,,,,,
L33:T1,lofo_prep_time,clean,-,432,0.20695650752578135,0.023800396105640838,0.8796296296296297,0.9859207869581941,,,,,,,
L33:T1,lofo_tenure,clean,-,432,0.2186999541396127,0.02599280070366023,0.8495370370370371,0.984522744872802,,,,,,,
L33:T1,lofo_background_event,clean,-,432,0.22415680824616468,0.022245381200699427,0.8310185185185185,0.9836785425366231,,,,,,,
L33:T1,lofo_other_horizon,clean,-,432,0.22602890640967688,0.015091778938003479,0.8356481481481481,0.98312470278741,,,,,,,
L33:T1,rad_all,A,entity_age,144,,,0.8888888888888888,,0.000591131880859777,,,0.02497447035786813,0.01105818528793561,0.027006331463829653,0.9375
L33:T1,baseline,pre-A,entity_age,144,,,0.5972222222222222,,0.09769375529405012,,,0.016409946888919835,0.48597126712039085,0.5369671477657544,0.8888888888888888
L33:T1,rad_all,B,entity_age,144,,,0.8125,,0.009129389434409253,,,0.13392050961076288,0.11434824966269226,0.26165138551431444,0.9375
L33:T1,baseline,pre-B,entity_age,144,,,0.6111111111111112,,0.09905664117687567,,,0.05873263786366984,0.5571660922091667,0.6357155718043332,0.8888888888888888
L33:T1,lofo_entity_age,C,entity_age,288,,,0.8298611111111112,,0.016383060149852788,,,0.05105417747409654,0.1260350658052303,0.19537458668037058,0.9375
L33:T1,baseline,pre-C,entity_age,288,,,0.6041666666666666,,0.09791963867661611,,,0.037571292376294835,0.5192282270460777,0.5894547580152314,0.8888888888888888
L33:T1,rad_all,A,prep_time,144,,,0.8541666666666666,,0.010781705593419602,,,-0.004259790411943007,0.09108778933060714,0.16122458316292987,0.9375
L33:T1,baseline,pre-A,prep_time,144,,,0.3680555555555556,,0.27020200992498483,,,-0.20121537343828066,0.7912297004805849,0.8239063394686037,0.8888888888888888
L33:T1,rad_all,B,prep_time,144,,,0.6180555555555556,,0.02629745609125121,,,-0.2405900787271733,0.17638972389742225,0.19380318949582778,0.9375
L33:T1,baseline,pre-B,prep_time,144,,,0.3888888888888889,,0.222797431749641,,,-0.05913538961761909,0.6906557506898533,0.7273860235212084,0.8888888888888888
L33:T1,lofo_prep_time,C,prep_time,288,,,0.4131944444444444,,0.127943482867609,,,-0.3738208823894659,0.5645118759298022,0.5988780469717426,0.9444444444444444
L33:T1,baseline,pre-C,prep_time,288,,,0.3784722222222222,,0.24461257139020964,,,-0.13017538152794988,0.7294811531228117,0.7648355883486017,0.8888888888888888
L33:T1,rad_all,A,tenure,144,,,0.875,,-0.008161143002605648,,,0.00517147887655886,-0.09463192455622702,0.021385484511708363,0.9375
L33:T1,baseline,pre-A,tenure,144,,,0.5763888888888888,,0.12922247833536807,,,-0.017099159862132635,0.5339236603914633,0.6355293309542336,0.8888888888888888
L33:T1,rad_all,B,tenure,144,,,0.8472222222222222,,0.0024660018262568965,,,-0.007598613918938503,-0.0013326057643860717,0.06770762862610741,0.9375
L33:T1,baseline,pre-B,tenure,144,,,0.5694444444444444,,0.1328349015062734,,,-0.057961946590177,0.5638369557033865,0.6458615539520006,0.8888888888888888
L33:T1,lofo_tenure,C,tenure,288,,,0.7152777777777778,,0.015409630231245548,,,-0.08752731974836508,0.07310630374545804,0.13157024534152686,0.9375
L33:T1,baseline,pre-C,tenure,288,,,0.5729166666666666,,0.12917929715975332,,,-0.03753055322615481,0.5332042503209037,0.6256748569466402,0.8888888888888888
L33:T1,rad_all,A,background_event,144,,,0.9166666666666666,,-0.011226260565070416,,,0.029356241287180777,-0.14978113621954428,-0.03458435703064592,0.9375
L33:T1,baseline,pre-A,background_event,144,,,0.5972222222222222,,0.0939080565003756,,,0.16265456361955716,0.26434483355903227,0.3846163164614581,0.8888888888888888
L33:T1,rad_all,B,background_event,144,,,0.7708333333333334,,0.0020271865817944753,,,0.08888116461059964,0.04919915759652992,0.0985972823745164,0.9375
L33:T1,baseline,pre-B,background_event,144,,,0.5,,0.09115892248706256,,,0.14619000995972956,0.3899435193426929,0.4631915788918403,0.8888888888888888
L33:T1,lofo_background_event,C,background_event,288,,,0.6875,,0.00432375686149576,,,0.05816661492001697,0.04318378787233208,0.0823560699884179,0.9166666666666666
L33:T1,baseline,pre-C,background_event,288,,,0.5486111111111112,,0.09241145677195976,,,0.15442228678964334,0.33395754020022556,0.4326806742529223,0.8888888888888888
L33:T1,rad_all,A,other_horizon,144,,,0.7361111111111112,,0.01306121650183714,,,-0.04750914454153024,0.007874340250516558,0.020355109254015236,0.9375
L33:T1,baseline,pre-A,other_horizon,144,,,0.4930555555555556,,0.12126009021836451,,,0.02431962280424227,0.33323050303640817,0.4095119180972443,0.8888888888888888
L33:T1,rad_all,B,other_horizon,144,,,0.7222222222222222,,-0.000326692974866683,,,0.024560571410879847,0.04934073406826854,0.1408773423427814,0.9375
L33:T1,baseline,pre-B,other_horizon,144,,,0.4930555555555556,,0.11048012163594763,,,0.1305133194356271,0.43826027746072127,0.5427259668864021,0.8888888888888888
L33:T1,lofo_other_horizon,C,other_horizon,288,,,0.5590277777777778,,0.034705929911465504,,,-0.05158833027335615,0.13303991424861458,0.16504344729639833,0.9305555555555556
L33:T1,baseline,pre-C,other_horizon,288,,,0.4930555555555556,,0.11529369068192927,,,0.0774164711199347,0.38752329135875485,0.46877280661838483,0.8888888888888888
L33:T2,baseline,clean,-,432,0.3145921680307227,0.0022590011930227367,0.7129629629629629,0.9707627845015787,,,,,,,
L33:T2,rad_all,clean,-,432,0.27453134977638793,0.01791809652068092,0.7754629629629629,0.9777261095038196,,,,,,,
L33:T2,lofo_entity_age,clean,-,432,0.2754357888981856,0.009204254183052691,0.7847222222222222,0.9776024365501118,,,,,,,
L33:T2,lofo_prep_time,clean,-,432,0.2830676784938801,0.0190599282966554,0.7615740740740741,0.9766345612602251,,,,,,,
L33:T2,lofo_tenure,clean,-,432,0.27141818685786606,0.01295833525862249,0.7777777777777778,0.9779035533069654,,,,,,,
L33:T2,lofo_background_event,clean,-,432,0.28260619253774777,0.011154582826677707,0.7685185185185185,0.9759301631325853,,,,,,,
L33:T2,lofo_other_horizon,clean,-,432,0.2700476908161795,0.02928808458721561,0.7731481481481481,0.9785057868206728,,,,,,,
L33:T2,rad_all,A,entity_age,144,,,0.7291666666666666,,0.00615852019153765,,,0.03974432629777081,-0.027681640489047102,0.025080896802644217,0.875
L33:T2,baseline,pre-A,entity_age,144,,,0.5625,,0.049035700851466905,,,-0.0053363986677388495,0.28676716377098155,0.22628680904823378,0.7986111111111112
L33:T2,rad_all,B,entity_age,144,,,0.6944444444444444,,0.024870470971810242,,,0.05800815156726177,0.134888527570289,0.1266121220494002,0.875
L33:T2,baseline,pre-B,entity_age,144,,,0.5486111111111112,,0.08537453247655247,,,-0.05369045996997754,0.47468341067024605,0.3102044220790621,0.7986111111111112
L33:T2,lofo_entity_age,C,entity_age,288,,,0.71875,,0.02501194010760935,,,0.04733648063421831,0.12457530492833668,0.12343005456905977,0.8958333333333334
L33:T2,baseline,pre-C,entity_age,288,,,0.5555555555555556,,0.06789486620676348,,,-0.029513429318858198,0.382577426445348,0.27607768405304317,0.7986111111111112
L33:T2,rad_all,A,prep_time,144,,,0.7152777777777778,,0.023703696090398022,,,0.03950795426205827,0.1255069948091298,0.1349293151176445,0.875
L33:T2,baseline,pre-A,prep_time,144,,,0.6111111111111112,,0.06692766356997569,,,0.002590312342744236,0.26685586860113353,0.2676718801295586,0.7986111111111112
L33:T2,rad_all,B,prep_time,144,,,0.6944444444444444,,0.047892724699930694,,,0.11189102868499629,0.2633967559559375,0.26191749572043116,0.875
L33:T2,baseline,pre-B,prep_time,144,,,0.6111111111111112,,0.09488782639137396,,,0.024522716738326625,0.45094926701097104,0.37028134742906843,0.7986111111111112
L33:T2,lofo_prep_time,C,prep_time,288,,,0.6597222222222222,,0.05373281633975385,,,0.11773503968082129,0.2548950376476253,0.28970007435534734,0.8472222222222222
L33:T2,baseline,pre-C,prep_time,288,,,0.6111111111111112,,0.08105866735817865,,,0.013556514540535431,0.35542692770115575,0.32121500023036015,0.7986111111111112
L33:T2,rad_all,A,tenure,144,,,0.7569444444444444,,0.017241087392336752,,,0.016869822714918055,0.09416164888892697,0.1360222124538526,0.875
L33:T2,baseline,pre-A,tenure,144,,,0.5694444444444444,,0.059722669254907226,,,-0.07456603576751931,0.3141823305328334,0.2859115279178347,0.7986111111111112
L33:T2,rad_all,B,tenure,144,,,0.6805555555555556,,0.035319660614981395,,,-0.0051605530488935,0.22605254886492301,0.2350390954298855,0.875
L33:T2,baseline,pre-B,tenure,144,,,0.5277777777777778,,0.0902086153868158,,,-0.01661672664640518,0.405465905939779,0.2960615856361617,0.7986111111111112
L33:T2,lofo_tenure,C,tenure,288,,,0.6944444444444444,,0.026794507707124625,,,0.009500517216342513,0.1585313035361012,0.1696519927001026,0.8541666666666666
L33:T2,baseline,pre-C,tenure,288,,,0.5486111111111112,,0.0749351186262557,,,-0.045591381206962246,0.3631113890788683,0.29188386358133916,0.7986111111111112
L33:T2,rad_all,A,background_event,144,,,0.7152777777777778,,0.03892392192205104,,,0.03244640969801259,0.13180764104723686,0.17685091218687168,0.875
L33:T2,baseline,pre-A,background_event,144,,,0.5972222222222222,,0.05569630626566743,,,0.0460723134327679,0.242178929695074,0.17988367571309466,0.7986111111111112
L33:T2,rad_all,B,background_event,144,,,0.7222222222222222,,0.04223252908241585,,,0.004795434295396164,0.2756499370977149,0.29496784162458767,0.875
L33:T2,baseline,pre-B,background_event,144,,,0.5138888888888888,,0.06335339732141647,,,-0.09076216974622171,0.32131391012674904,0.26861976335291665,0.7986111111111112
L33:T2,lofo_background_event,C,background_event,288,,,0.6701388888888888,,0.04462307174987832,,,-0.024986735268925506,0.23901329531348864,0.24522737370864572,0.875
L33:T2,baseline,pre-C,background_event,288,,,0.5555555555555556,,0.06080099739750145,,,-0.02234492815672691,0.289965623201596,0.2368614662504286,0.7986111111111112
L33:T2,rad_all,A,other_horizon,144,,,0.6527777777777778,,0.03052965198002056,,,0.005652937416578898,0.1382853127302303,0.2005364140368918,0.875
L33:T2,baseline,pre-A,other_horizon,144,,,0.5208333333333334,,0.10016508728246629,,,0.09069326948123353,0.3793088590659113,0.372867495997278,0.7986111111111112
L33:T2,rad_all,B,other_horizon,144,,,0.5694444444444444,,0.06662825375138115,,,0.03280714851003235,0.35108092830881554,0.38329610657277796,0.875
L33:T2,baseline,pre-B,other_horizon,144,,,0.4444444444444444,,0.11949471137677549,,,-0.06737467453052985,0.5270072751899487,0.4998849449964138,0.7986111111111112
L33:T2,lofo_other_horizon,C,other_horizon,288,,,0.4965277777777778,,0.09235805246586143,,,0.14893219693443865,0.42225687885751517,0.44050212314195836,0.8819444444444444
L33:T2,baseline,pre-C,other_horizon,288,,,0.4826388888888889,,0.11068806868649508,,,0.011659297475351845,0.4505908650319216,0.42944399588888166,0.7986111111111112
L33:T3,baseline,clean,-,432,0.26058668063517454,0.0797568392386245,0.7731481481481481,0.9818395794858383,,,,,,,
L33:T3,rad_all,clean,-,432,0.24005391146692062,0.05558631979894396,0.8356481481481481,0.9827913235208935,,,,,,,
L33:T3,lofo_entity_age,clean,-,432,0.24115419079541142,0.049428017570711316,0.8263888888888888,0.9827859464359497,,,,,,,
L33:T3,lofo_prep_time,clean,-,432,0.24351126665222697,0.06920358374340409,0.8125,0.9832537528260616,,,,,,,
L33:T3,lofo_tenure,clean,-,432,0.2373273243506221,0.05220971813475219,0.8449074074074074,0.9835763779226906,,,,,,,
L33:T3,lofo_background_event,clean,-,432,0.24210055012777593,0.06402468218427089,0.8240740740740741,0.9827698151811183,,,,,,,
L33:T3,lofo_other_horizon,clean,-,432,0.24147173354188625,0.0509998201808929,0.8310185185185185,0.9830816861078596,,,,,,,
L33:T3,rad_all,A,entity_age,144,,,0.7708333333333334,,0.015613202356975102,,,-0.02183116934652803,0.16257260842794174,0.1976826481943807,0.8819444444444444
L33:T3,baseline,pre-A,entity_age,144,,,0.22916666666666666,,0.12508964355742752,,,0.48893672411768274,0.5161471293365059,0.5240317641755774,0.75
L33:T3,rad_all,B,entity_age,144,,,0.7222222222222222,,0.010486180380553376,,,0.0012816186371557214,0.09724675996447893,0.18969609885601915,0.8819444444444444
L33:T3,baseline,pre-B,entity_age,144,,,0.3333333333333333,,0.1273760536525196,,,0.4345034947817536,0.5120397849822323,0.5357254185576753,0.75
L33:T3,lofo_entity_age,C,entity_age,288,,,0.4444444444444444,,0.035341859789171884,,,0.3003246281090875,0.22146715293782437,0.254717345535896,0.875
L33:T3,baseline,pre-C,entity_age,288,,,0.28125,,0.12656840087064233,,,0.4617201094497182,0.5115300043524957,0.5273808822687083,0.75
L33:T3,rad_all,A,prep_time,144,,,0.75,,0.02560344207041445,,,-0.0030228361234054457,0.21120428433866262,0.21993319583607718,0.8819444444444444
L33:T3,baseline,pre-A,prep_time,144,,,0.22916666666666666,,0.21606859394628122,,,0.3256141511252084,0.5417693485753121,0.5701910703079713,0.75
L33:T3,rad_all,B,prep_time,144,,,0.7152777777777778,,0.018299679471238638,,,-0.15053823760120846,0.10204483787652882,0.112072051619655,0.8819444444444444
L33:T3,baseline,pre-B,prep_time,144,,,0.2847222222222222,,0.14556759884166026,,,0.1332613477101067,0.4244773423345399,0.4182527921316011,0.75
L33:T3,lofo_prep_time,C,prep_time,288,,,0.4548611111111111,,0.129965456957645,,,-0.2207956223615478,0.40754517724231215,0.44002977768510826,0.8541666666666666
L33:T3,baseline,pre-C,prep_time,288,,,0.2569444444444444,,0.18121241957004167,,,0.22943774941765754,0.48179813287583173,0.49326867962182985,0.75
L33:T3,rad_all,A,tenure,144,,,0.7361111111111112,,0.0009199926464565273,,,-0.05983255130880335,-0.03242490434281579,0.05613765049013718,0.8819444444444444
L33:T3,baseline,pre-A,tenure,144,,,0.1597222222222222,,0.18556623094234811,,,0.4177775602459598,0.5513419476072302,0.5557211385433277,0.75
L33:T3,rad_all,B,tenure,144,,,0.6527777777777778,,-0.011110214698275656,,,0.046349109541152594,-0.05499661979657873,-0.0815080376431131,0.8819444444444444
L33:T3,baseline,pre-B,tenure,144,,,0.24305555555555555,,0.16355508844172464,,,0.47395793466893443,0.4359490115546797,0.4424210938492848,0.75
L33:T3,lofo_tenure,C,tenure,288,,,0.5277777777777778,,0.0055544168207439775,,,-0.3013926174025529,0.01145178018295717,0.03598140440752161,0.9097222222222222
L33:T3,baseline,pre-C,tenure,288,,,0.2013888888888889,,0.17508290585557895,,,0.4458677474574471,0.4931570582488908,0.49259385182666104,0.75
L33:T3,rad_all,A,background_event,144,,,0.8402777777777778,,0.006088652276582392,,,-0.008013463614124756,0.04385950857041992,0.15911658126878597,0.8819444444444444
L33:T3,baseline,pre-A,background_event,144,,,0.4305555555555556,,0.2073899096302753,,,0.1135023930923026,0.5857373759927091,0.6282020947107775,0.75
L33:T3,rad_all,B,background_event,144,,,0.7222222222222222,,-0.004529537899699683,,,-0.13592167006707204,-0.05586154352106001,0.03722294108845304,0.8819444444444444
L33:T3,baseline,pre-B,background_event,144,,,0.4166666666666667,,0.16792652490865365,,,-0.0512240265233013,0.6371049736409465,0.6173268318963611,0.75
L33:T3,lofo_background_event,C,background_event,288,,,0.53125,,0.016969107478501,,,-0.18975223863526736,0.06269067349383572,0.15607744229010195,0.8611111111111112
L33:T3,baseline,pre-C,background_event,288,,,0.4236111111111111,,0.18617854535227546,,,0.031139183284500653,0.6084589330583736,0.620962702800822,0.75
L33:T3,rad_all,A,other_horizon,144,,,0.7013888888888888,,0.00581039564144741,,,-0.03575965847827568,-0.010310200481151081,0.040768502292426845,0.8819444444444444
L33:T3,baseline,pre-A,other_horizon,144,,,0.2013888888888889,,0.1668374884784445,,,0.41945061940465045,0.5118803511396284,0.5254283163332814,0.75
L33:T3,rad_all,B,other_horizon,144,,,0.5763888888888888,,0.004024905223159768,,,0.10891418417883385,-0.0062766237268921665,0.08654425049750354,0.8819444444444444
L33:T3,baseline,pre-B,other_horizon,144,,,0.2569444444444444,,0.09652556827101487,,,0.4214555756073161,0.4239645283190678,0.5040171058617645,0.75
L33:T3,lofo_other_horizon,C,other_horizon,288,,,0.5590277777777778,,0.07663740847417737,,,-0.06474554502093827,0.28632915581533913,0.33097715158343527,0.8680555555555556
L33:T3,baseline,pre-C,other_horizon,288,,,0.22916666666666666,,0.13045111983206747,,,0.42045309750598325,0.4699439065310139,0.5128967967198692,0.75
L33:T4,baseline,clean,-,432,0.2380087152287448,-0.007584476661208654,0.7986111111111112,0.9837000508763983,,,,,,,
L33:T4,rad_all,clean,-,432,0.22916795500414405,0.03918587715654141,0.8217592592592593,0.984990551262914,,,,,,,
L33:T4,lofo_entity_age,clean,-,432,0.22913606763425481,0.0278324216357326,0.8240740740740741,0.9850066825177454,,,,,,,
L33:T4,lofo_prep_time,clean,-,432,0.23681665268085125,0.03438245283880769,0.8078703703703703,0.983624771687185,,,,,,,
L33:T4,lofo_tenure,clean,-,432,0.22492680501106604,0.04961275529488291,0.8379629629629629,0.9853938326337002,,,,,,,
L33:T4,lofo_background_event,clean,-,432,0.22814836853949083,0.038553085691910356,0.8379629629629629,0.9848507470543748,,,,,,,
L33:T4,lofo_other_horizon,clean,-,432,0.2236622214130091,0.023698820336089478,0.8333333333333334,0.9854744889078574,,,,,,,
L33:T4,rad_all,A,entity_age,144,,,0.8402777777777778,,0.007952553331402065,,,-0.002468570687075742,0.06546075878372642,0.02857803282609168,0.875
L33:T4,baseline,pre-A,entity_age,144,,,0.2708333333333333,,0.1477145122916467,,,0.423389358533056,0.6610571909977487,0.6313013870741051,0.7847222222222222
L33:T4,rad_all,B,entity_age,144,,,0.7361111111111112,,-0.0014481490809759236,,,0.08638402702114661,-0.016655311450122695,0.0679356628016227,0.875
L33:T4,baseline,pre-B,entity_age,144,,,0.4027777777777778,,0.14161913515668953,,,0.36654007844355313,0.7070076205262775,0.6936785478175514,0.7847222222222222
L33:T4,lofo_entity_age,C,entity_age,288,,,0.6319444444444444,,0.0083186195557393,,,0.19794601901046172,0.06196309368720283,0.10055268009673099,0.8958333333333334
L33:T4,baseline,pre-C,entity_age,288,,,0.3368055555555556,,0.14491844342971133,,,0.39496471848830456,0.6861149936467298,0.6640419823352707,0.7847222222222222
L33:T4,rad_all,A,prep_time,144,,,0.7916666666666666,,0.03407012929291477,,,0.002966396816354022,0.32446105681835613,0.29557505266435163,0.875
L33:T4,baseline,pre-A,prep_time,144,,,0.4583333333333333,,0.17100299354611181,,,-0.00046812762677139123,0.6871058255012947,0.6571626241454388,0.7847222222222222
L33:T4,rad_all,B,prep_time,144,,,0.6527777777777778,,0.052632937219993126,,,-0.19152791917398654,0.4468129659720146,0.32414892869866646,0.875
L33:T4,baseline,pre-B,prep_time,144,,,0.5555555555555556,,0.14089511298029858,,,0.05341828012358299,0.7172442475044086,0.5951449821416275,0.7847222222222222
L33:T4,lofo_prep_time,C,prep_time,288,,,0.5798611111111112,,0.10439988293470777,,,-0.21939279760878583,0.6015642464933247,0.5426602846659085,0.8611111111111112
L33:T4,baseline,pre-C,prep_time,288,,,0.5069444444444444,,0.15502751577317925,,,0.026475076248405796,0.6988391855698318,0.6193911858788619,0.7847222222222222
L33:T4,rad_all,A,tenure,144,,,0.7847222222222222,,0.0024414398992453246,,,0.008520323767391076,0.015906973960170257,0.02377906707476115,0.875
L33:T4,baseline,pre-A,tenure,144,,,0.4444444444444444,,0.12065137967042806,,,0.28238871143970834,0.5851676303265765,0.5241463479067852,0.7847222222222222
L33:T4,rad_all,B,tenure,144,,,0.7638888888888888,,-0.0036994806660316532,,,-0.06055378835686501,-0.032320212204114684,0.02032877028808557,0.875
L33:T4,baseline,pre-B,tenure,144,,,0.4027777777777778,,0.1332272721391174,,,0.25918094893541865,0.6257217202277948,0.6002655331901634,0.7847222222222222
L33:T4,lofo_tenure,C,tenure,288,,,0.7326388888888888,,-0.002766637317047327,,,-0.001538094094802025,-0.04039863086982706,-0.004788259417538918,0.8819444444444444
L33:T4,baseline,pre-C,tenure,288,,,0.4236111111111111,,0.1252732805536982,,,0.2707848301875635,0.6001635151939428,0.5606943507657974,0.7847222222222222
L33:T4,rad_all,A,background_event,144,,,0.7986111111111112,,-0.0012573783400760593,,,-0.010390805475755181,-0.005378181044514673,-0.0060695466197437644,0.875
L33:T4,baseline,pre-A,background_event,144,,,0.4722222222222222,,0.15096995455964196,,,0.12512089601057017,0.5578315300274302,0.5508053263907998,0.7847222222222222
L33:T4,rad_all,B,background_event,144,,,0.6736111111111112,,0.02312729051377821,,,-0.1868684796776313,0.19122956884435544,0.20603755059154633,0.875
L33:T4,baseline,pre-B,background_event,144,,,0.4652777777777778,,0.15114240234235526,,,-0.005002593439957872,0.6287704594843775,0.6659813419557725,0.7847222222222222
L33:T4,lofo_background_event,C,background_event,288,,,0.5868055555555556,,0.03303752519378973,,,-0.25994855933183225,0.2422056188873115,0.21447626433140665,0.8680555555555556
L33:T4,baseline,pre-C,background_event,288,,,0.46875,,0.15178056137992615,,,0.060059151285306145,0.5937113929223633,0.6098136860512622,0.7847222222222222
L33:T4,rad_all,A,other_horizon,144,,,0.7569444444444444,,0.04255755563622577,,,-0.05936627277958115,0.17059060757117037,0.15884140055112955,0.875
L33:T4,baseline,pre-A,other_horizon,144,,,0.2986111111111111,,0.235907730211274,,,0.4183481795186225,0.6543379789183713,0.6401026670259751,0.7847222222222222
L33:T4,rad_all,B,other_horizon,144,,,0.6388888888888888,,0.034227298300518474,,,0.0342090280122138,0.19321067734903985,0.23197581293799152,0.875
L33:T4,baseline,pre-B,other_horizon,144,,,0.3819444444444444,,0.18567560102884542,,,0.19167289972698473,0.627859333664316,0.6227423679234682,0.7847222222222222
L33:T4,lofo_other_horizon,C,other_horizon,288,,,0.5972222222222222,,0.14261940821399077,,,-0.01462425100361037,0.6387928005405006,0.6378585833429313,0.8680555555555556
L33:T4,baseline,pre-C,other_horizon,288,,,0.3402777777777778,,0.2106842629316791,,,0.30501053962280367,0.6365086281883906,0.6303032053780785,0.7847222222222222
L33:T5,baseline,clean,-,432,0.26980128887642807,0.027359968181512734,0.7615740740740741,0.9771722697546067,,,,,,,
L33:T5,rad_all,clean,-,432,0.28118842367189195,0.008055026326529912,0.7453703703703703,0.9760592131712369,,,,,,,
L33:T5,lofo_entity_age,clean,-,432,0.2795594464681274,0.005634338354310104,0.7523148148148148,0.9757903589240461,,,,,,,
L33:T5,lofo_prep_time,clean,-,432,0.2780460210962379,0.009531545454328048,0.7523148148148148,0.9764141007775287,,,,,,,
L33:T5,lofo_tenure,clean,-,432,0.27872381004461594,0.007819507277705381,0.7546296296296297,0.97579573600899,,,,,,,
L33:T5,lofo_background_event,clean,-,432,0.2891518688793116,-0.0025564147217483697,0.7453703703703703,0.9748547461438223,,,,,,,
L33:T5,lofo_other_horizon,clean,-,432,0.27972226118640486,0.018124234419100087,0.7754629629629629,0.9763334445033715,,,,,,,
L33:T5,rad_all,A,entity_age,144,,,0.7361111111111112,,0.02331290386033664,,,-0.035049266926003644,0.21658326150731172,0.2154396578306786,0.8402777777777778
L33:T5,baseline,pre-A,entity_age,144,,,0.2013888888888889,,0.24917479098236192,,,0.21208707169681607,0.6988564077753213,0.7193568603265652,0.8055555555555556
L33:T5,rad_all,B,entity_age,144,,,0.6805555555555556,,0.021393764095667095,,,0.07755062734741881,0.1454119028270577,0.22957277732613915,0.8402777777777778
L33:T5,baseline,pre-B,entity_age,144,,,0.3958333333333333,,0.20250933844159053,,,0.1555054331466103,0.6750757286088709,0.6899784840574843,0.8055555555555556
L33:T5,lofo_entity_age,C,entity_age,288,,,0.5555555555555556,,0.057768257819170436,,,0.1554281794376472,0.2995072103765872,0.3577532017241936,0.8541666666666666
L33:T5,baseline,pre-C,entity_age,288,,,0.2986111111111111,,0.22559604681045384,,,0.18379625242171319,0.6881766452586151,0.7078071759288702,0.8055555555555556
L33:T5,rad_all,A,prep_time,144,,,0.6527777777777778,,0.010441077164253765,,,-0.03359729018117706,0.09728023149582339,0.14048864489011711,0.8402777777777778
L33:T5,baseline,pre-A,prep_time,144,,,0.13194444444444445,,0.4309705507146629,,,-1.2221401276214803,0.6082963968286903,0.6304091033206439,0.8055555555555556
L33:T5,rad_all,B,prep_time,144,,,0.3541666666666667,,0.03983907443053873,,,0.12133957229641146,0.11431506034631943,0.10160869729078853,0.8402777777777778
L33:T5,baseline,pre-B,prep_time,144,,,0.2777777777777778,,0.32116151463128967,,,-0.6094976779179659,0.6060826644807922,0.622816795894957,0.8055555555555556
L33:T5,lofo_prep_time,C,prep_time,288,,,0.3506944444444444,,0.1784587211922895,,,-0.22896658857700014,0.40603590138655,0.4253083090267568,0.8125
L33:T5,baseline,pre-C,prep_time,288,,,0.2048611111111111,,0.3696729149695223,,,-0.9158189027697231,0.5817768562458754,0.597942537103757,0.8055555555555556
L33:T5,rad_all,A,tenure,144,,,0.7777777777777778,,0.007292681044620504,,,-0.026533711120248004,0.019526488818321443,0.12330869163615998,0.8402777777777778
L33:T5,baseline,pre-A,tenure,144,,,0.25,,0.3496817309461695,,,-0.2810779740453635,0.7178999228344027,0.7570312797489289,0.8055555555555556
L33:T5,rad_all,B,tenure,144,,,0.5277777777777778,,0.0076867575685372475,,,0.15591798511414384,0.03133533011580522,0.1642361230976626,0.8402777777777778
L33:T5,baseline,pre-B,tenure,144,,,0.3333333333333333,,0.2547518364078343,,,-0.17645345316823252,0.5880931945640367,0.6420828226744052,0.8055555555555556
L33:T5,lofo_tenure,C,tenure,288,,,0.5,,0.05054342918767658,,,-0.11944276630996027,0.18632712307816424,0.2445941182714551,0.8611111111111112
L33:T5,baseline,pre-C,tenure,288,,,0.2916666666666667,,0.3046547393325138,,,-0.228765713606798,0.6597038794123375,0.7070348226942312,0.8055555555555556
L33:T5,rad_all,A,background_event,144,,,0.7361111111111112,,0.005372024765921537,,,-0.022969688815378485,0.0557815451758239,0.1314619582596223,0.8402777777777778
L33:T5,baseline,pre-A,background_event,144,,,0.2708333333333333,,0.23631790173774353,,,0.2665796324918148,0.6189390018728969,0.6135507719101376,0.8055555555555556
L33:T5,rad_all,B,background_event,144,,,0.5972222222222222,,-0.030359262046277074,,,0.006782791109315777,-0.17136701678036423,-0.06250986105902247,0.8402777777777778
L33:T5,baseline,pre-B,background_event,144,,,0.2847222222222222,,0.2392500368515381,,,0.1214803393823512,0.5966864990321304,0.6117617801241064,0.8055555555555556
L33:T5,lofo_background_event,C,background_event,288,,,0.4722222222222222,,0.018020692758893547,,,-0.2517107863530968,0.09693027810790814,0.153937671106452,0.8333333333333334
L33:T5,baseline,pre-C,background_event,288,,,0.2777777777777778,,0.2387137472845572,,,0.19402998593708298,0.6019898807548572,0.6100186700012337,0.8055555555555556
L33:T5,rad_all,A,other_horizon,144,,,0.6944444444444444,,0.02130885851475488,,,-0.018268968140834035,0.06824026259980583,0.09147137514593161,0.8402777777777778
L33:T5,baseline,pre-A,other_horizon,144,,,0.3541666666666667,,0.24770959184538105,,,0.02344936789377981,0.6720281123755042,0.6657374832320339,0.8055555555555556
L33:T5,rad_all,B,other_horizon,144,,,0.5625,,0.012201901580477218,,,0.07483951886457059,0.06849619379961956,0.22222624467057112,0.8402777777777778
L33:T5,baseline,pre-B,other_horizon,144,,,0.2638888888888889,,0.18249019459546412,,,0.3734536914335061,0.606667940588315,0.6800499724539207,0.8055555555555556
L33:T5,lofo_other_horizon,C,other_horizon,288,,,0.4722222222222222,,0.07880644920122949,,,-0.18322549491823445,0.2684795533932706,0.3543157510434398,0.8611111111111112
L33:T5,baseline,pre-C,other_horizon,288,,,0.3090277777777778,,0.2127273982134766,,,0.19845152966364296,0.6112779814220967,0.6424153727927578,0.8055555555555556
L33:T6,baseline,clean,-,432,0.24144525790664292,0.03954671779495254,0.8240740740740741,0.9822751233662873,,,,,,,
L33:T6,rad_all,clean,-,432,0.25333125160945136,0.03627299340342254,0.7962962962962963,0.9798823205662894,,,,,,,
L33:T6,lofo_entity_age,clean,-,432,0.25240656768772984,0.029010431466567538,0.7824074074074074,0.9807695395820191,,,,,,,
L33:T6,lofo_prep_time,clean,-,432,0.24296832273767194,0.03306623547080028,0.8171296296296297,0.9815384627289846,,,,,,,
L33:T6,lofo_tenure,clean,-,432,0.26216393603446736,0.04382940527155904,0.7731481481481481,0.9784251305465155,,,,,,,
L33:T6,lofo_background_event,clean,-,432,0.26376390139971645,0.03599901943532847,0.7824074074074074,0.9790112328053914,,,,,,,
L33:T6,lofo_other_horizon,clean,-,432,0.25290569532971063,0.03581084566032169,0.7893518518518519,0.979984485180222,,,,,,,
L33:T6,rad_all,A,entity_age,144,,,0.7847222222222222,,-0.014342356744799977,,,-0.00945360936376728,-0.12530399159875416,-0.0036981208523812286,0.8472222222222222
L33:T6,baseline,pre-A,entity_age,144,,,0.3263888888888889,,0.20085526982402058,,,0.05825947342197541,0.6696392431932204,0.7286182412438329,0.8611111111111112
L33:T6,rad_all,B,entity_age,144,,,0.7361111111111112,,-0.008175372021755941,,,0.05773975337231106,-0.04318884852801818,0.10894788501125272,0.8472222222222222
L33:T6,baseline,pre-B,entity_age,144,,,0.4444444444444444,,0.15523364759932837,,,0.0563879607481143,0.6258393559884888,0.6797726590853927,0.8611111111111112
L33:T6,lofo_entity_age,C,entity_age,288,,,0.6354166666666666,,0.020757124057391704,,,0.13905165949043624,0.13089741850410364,0.25869193452130484,0.8333333333333334
L33:T6,baseline,pre-C,entity_age,288,,,0.3854166666666667,,0.17740345114367256,,,0.05732371708504486,0.6494664797369017,0.7102865839231811,0.8611111111111112
L33:T6,rad_all,A,prep_time,144,,,0.7569444444444444,,0.010617023424786858,,,0.010622143651918643,0.05806344099673233,0.1815324168654112,0.8472222222222222
L33:T6,baseline,pre-A,prep_time,144,,,0.2013888888888889,,0.4063622227648398,,,-1.0110537207415418,0.7004956501376695,0.7367800248240209,0.8611111111111112
L33:T6,rad_all,B,prep_time,144,,,0.3472222222222222,,0.027084315815593663,,,-0.476762745271927,0.17448035266952694,0.2846611218413403,0.8472222222222222
L33:T6,baseline,pre-B,prep_time,144,,,0.25,,0.2635183216072498,,,-0.8127267304961584,0.696223075217506,0.7244053945412413,0.8611111111111112
L33:T6,lofo_prep_time,C,prep_time,288,,,0.1701388888888889,,0.185195349921601,,,-0.7500584067453491,0.5538291269673711,0.6102202248824721,0.8541666666666666
L33:T6,baseline,pre-C,prep_time,288,,,0.22569444444444445,,0.33128638460479415,,,-0.91189022561885,0.6854039173744468,0.7212848909147637,0.8611111111111112
L33:T6,rad_all,A,tenure,144,,,0.8055555555555556,,-0.0058658462182797815,,,0.003121683977048805,-0.05273719566504456,0.19109068920465805,0.8472222222222222
L33:T6,baseline,pre-A,tenure,144,,,0.3402777777777778,,0.24676776841093506,,,-0.019122834198396638,0.6862648404456422,0.7464762036606392,0.8611111111111112
L33:T6,rad_all,B,tenure,144,,,0.6597222222222222,,0.010023213272093493,,,0.09747532721646965,0.05110332060258804,0.19138871928332088,0.8472222222222222
L33:T6,baseline,pre-B,tenure,144,,,0.3541666666666667,,0.1941524433465609,,,0.00790093931049306,0.6733679037040722,0.7380746569060039,0.8611111111111112
L33:T6,lofo_tenure,C,tenure,288,,,0.6111111111111112,,0.02464570464396956,,,-0.01753661610061314,0.10202351198905267,0.2325168322939608,0.7847222222222222
L33:T6,baseline,pre-C,tenure,288,,,0.3472222222222222,,0.22079427164859378,,,-0.005610947443951789,0.6717851847041743,0.7365813048395591,0.8611111111111112
L33:T6,rad_all,A,background_event,144,,,0.8541666666666666,,0.004401480398856829,,,-0.032610876506432476,0.05504395457666961,0.17945961136317218,0.8472222222222222
L33:T6,baseline,pre-A,background_event,144,,,0.4583333333333333,,0.20487517373182879,,,-0.042758514995598365,0.6197670327362528,0.6797610844402168,0.8611111111111112
L33:T6,rad_all,B,background_event,144,,,0.6944444444444444,,0.010078038057334425,,,-0.023375035810400135,0.06468041212945762,0.10770957733132466,0.8472222222222222
L33:T6,baseline,pre-B,background_event,144,,,0.3680555555555556,,0.22283334565370258,,,-0.18686161786656588,0.7810004509937385,0.7939172396323373,0.8611111111111112
L33:T6,lofo_background_event,C,background_event,288,,,0.6805555555555556,,0.02332728983154046,,,-0.19200874650623473,0.15629548894276785,0.22792682881336856,0.8194444444444444
L33:T6,baseline,pre-C,background_event,288,,,0.4131944444444444,,0.21570128218357063,,,-0.11481006643108212,0.7070233050321708,0.7422257815583037,0.8611111111111112
L33:T6,rad_all,A,other_horizon,144,,,0.7291666666666666,,0.0006038177555729747,,,-0.045656045476281534,-0.03039599845554171,0.01768812367146407,0.8472222222222222
L33:T6,baseline,pre-A,other_horizon,144,,,0.3958333333333333,,0.1481716232795359,,,0.20511683266421699,0.49461227267295194,0.5189588162652842,0.8611111111111112
L33:T6,rad_all,B,other_horizon,144,,,0.6875,,-0.014371704775129699,,,-0.16929025409831178,-0.09245910916809068,0.0508159315756457,0.8472222222222222
L33:T6,baseline,pre-B,other_horizon,144,,,0.4375,,0.13098156668693514,,,-0.031000514527672114,0.5858463517920925,0.6642488787168647,0.8611111111111112
L33:T6,lofo_other_horizon,C,other_horizon,288,,,0.5729166666666666,,0.03496633025247642,,,-0.16887133672436522,0.16317149608470555,0.23979036874686563,0.8472222222222222
L33:T6,baseline,pre-C,other_horizon,288,,,0.4166666666666667,,0.14007885928563393,,,0.08705815906827244,0.5196699342025414,0.5788589616185238,0.8611111111111112
L33:T7,baseline,clean,-,432,0.3064058394738207,0.056406979977578646,0.7083333333333334,0.972359778729892,,,,,,,
L33:T7,rad_all,clean,-,432,0.3036783253579553,0.043760445167402476,0.7106481481481481,0.9725264683631502,,,,,,,
L33:T7,lofo_entity_age,clean,-,432,0.30902666074244445,0.047721795195840896,0.6898148148148148,0.9718274473204542,,,,,,,
L33:T7,lofo_prep_time,clean,-,432,0.30012062140086915,0.03782338372673593,0.7013888888888888,0.9728383392898915,,,,,,,
L33:T7,lofo_tenure,clean,-,432,0.3059282714623924,0.046868156869508834,0.7013888888888888,0.9725641079577569,,,,,,,
L33:T7,lofo_background_event,clean,-,432,0.30492110360625413,0.03582089790430196,0.6851851851851852,0.9722737453707909,,,,,,,
L33:T7,lofo_other_horizon,clean,-,432,0.31285980672203745,0.0593716118366197,0.7013888888888888,0.971338132590567,,,,,,,
L33:T7,rad_all,A,entity_age,144,,,0.7430555555555556,,0.0010166718621268823,,,-0.013133658897592299,-0.008644357492441121,-0.04082604830131516,0.7638888888888888
L33:T7,baseline,pre-A,entity_age,144,,,0.3819444444444444,,0.2539145827791283,,,-0.13532187706497695,0.7223354554913635,0.7657441588444776,0.75
L33:T7,rad_all,B,entity_age,144,,,0.5763888888888888,,0.027624558006187495,,,0.19208742292892445,0.16988136305455184,0.19035330735658512,0.7638888888888888
L33:T7,baseline,pre-B,entity_age,144,,,0.3055555555555556,,0.23496579220127858,,,-0.28590610908567277,0.7289768747149213,0.745756794504601,0.75
L33:T7,lofo_entity_age,C,entity_age,288,,,0.5555555555555556,,0.03344479944551566,,,0.17963904698404606,0.16368363272674546,0.18203552239486867,0.7430555555555556
L33:T7,baseline,pre-C,entity_age,288,,,0.34375,,0.24523832496510398,,,-0.21061399307532486,0.7286274205060207,0.7600443081859077,0.75
L33:T7,rad_all,A,prep_time,144,,,0.7291666666666666,,0.05518246813435232,,,-0.006818247402308008,0.29752061709665584,0.2640339962220476,0.7638888888888888
L33:T7,baseline,pre-A,prep_time,144,,,0.2222222222222222,,0.18538009747084322,,,0.18752302560002546,0.4021087744972914,0.4586487259902153,0.75
L33:T7,rad_all,B,prep_time,144,,,0.4305555555555556,,0.04973049664758477,,,0.2298059440468532,0.22470284555652575,0.1556479227691276,0.7638888888888888
L33:T7,baseline,pre-B,prep_time,144,,,0.2777777777777778,,0.15424771694138012,,,0.19826576262562104,0.3828048128196115,0.40331748940055867,0.75
L33:T7,lofo_prep_time,C,prep_time,288,,,0.4201388888888889,,0.16704484397131183,,,-0.02924772153462377,0.5104304122054265,0.4743537452743576,0.7569444444444444
L33:T7,baseline,pre-C,prep_time,288,,,0.25,,0.16919729831563318,,,0.19289439411282328,0.3948617836535011,0.43012502927615504,0.75
L33:T7,rad_all,A,tenure,144,,,0.6944444444444444,,0.013955911476890997,,,-0.015110635954528752,0.07198634242316342,0.05151126336994616,0.7638888888888888
L33:T7,baseline,pre-A,tenure,144,,,0.3263888888888889,,0.2800138670160042,,,-0.15538475515690078,0.6698333282411757,0.7269316273166524,0.75
L33:T7,rad_all,B,tenure,144,,,0.6319444444444444,,0.03307561402697007,,,-0.004133015035253133,0.1867517336144843,0.2262595750998125,0.7638888888888888
L33:T7,baseline,pre-B,tenure,144,,,0.3402777777777778,,0.2402753839315437,,,-0.2353937230576875,0.6366800409328219,0.6785696891011026,0.75
L33:T7,lofo_tenure,C,tenure,288,,,0.6388888888888888,,0.05871037794590811,,,-0.011861399011996565,0.31179906373367383,0.29878301665008106,0.7777777777777778
L33:T7,baseline,pre-C,tenure,288,,,0.3333333333333333,,0.25763446769053705,,,-0.19538923910729414,0.6431842462578978,0.695415487344625,0.75
L33:T7,rad_all,A,background_event,144,,,0.7291666666666666,,0.023645156151584548,,,-0.005750906599627056,0.14052407273261058,0.18714904360394685,0.7638888888888888
L33:T7,baseline,pre-A,background_event,144,,,0.375,,0.23695582494351547,,,-0.5359432589770151,0.6581418417287651,0.6838831507041553,0.75
L33:T7,rad_all,B,background_event,144,,,0.6111111111111112,,0.03749095619505155,,,0.0022506533237702303,0.24364636742585452,0.20139900256324603,0.7638888888888888
L33:T7,baseline,pre-B,background_event,144,,,0.2916666666666667,,0.26737449198262775,,,-0.5978014203730648,0.7004127131953048,0.7044141642890422,0.75
L33:T7,lofo_background_event,C,background_event,288,,,0.46875,,0.06885224272964004,,,-0.32592943319012996,0.32529797313720843,0.30946070214951055,0.7777777777777778
L33:T7,baseline,pre-C,background_event,288,,,0.3333333333333333,,0.25423007607803366,,,-0.5668723396750399,0.6800546017023862,0.6952563219628436,0.75
L33:T7,rad_all,A,other_horizon,144,,,0.7083333333333334,,0.04739963948619814,,,-0.0188642995625916,0.26975142268608515,0.2878776796333565,0.7638888888888888
L33:T7,baseline,pre-A,other_horizon,144,,,0.3680555555555556,,0.1881898887183101,,,-0.38001071065564307,0.5669947035362378,0.6187708019369034,0.75
L33:T7,rad_all,B,other_horizon,144,,,0.625,,0.03304662967067644,,,0.0077177777405147245,0.14200685324080042,0.23021924260904378,0.7638888888888888
L33:T7,baseline,pre-B,other_horizon,144,,,0.4236111111111111,,0.18042051872376946,,,-0.10078959974574928,0.666170253127018,0.7104342175718061,0.75
L33:T7,lofo_other_horizon,C,other_horizon,288,,,0.5451388888888888,,0.08357303691833978,,,-0.16170961732652023,0.33078096345993396,0.36207761638027497,0.7430555555555556
L33:T7,baseline,pre-C,other_horizon,288,,,0.3958333333333333,,0.18316376306490267,,,-0.24040015520069616,0.5864243876306752,0.6415590279617512,0.75
L33:T8,baseline,clean,-,432,0.20813100363835277,0.028427742094043775,0.8888888888888888,0.9863939704332498,,,,,,,
L33:T8,rad_all,clean,-,432,0.20145140034138426,0.028962227674066792,0.8912037037037037,0.9867703663793169,,,,,,,
L33:T8,lofo_entity_age,clean,-,432,0.20008997549188648,0.026830698256011323,0.9027777777777778,0.9869370560125752,,,,,,,
L33:T8,lofo_prep_time,clean,-,432,0.2004101787967897,0.02259030630282757,0.8935185185185185,0.9866897101051596,,,,,,,
L33:T8,lofo_tenure,clean,-,432,0.20880884094945704,0.03358912038651686,0.8958333333333334,0.986039082826958,,,,,,,
L33:T8,lofo_background_event,clean,-,432,0.19741498716238448,0.02618808547297824,0.8958333333333334,0.9874048624026871,,,,,,,
L33:T8,lofo_other_horizon,clean,-,432,0.19713321442241086,0.031269314415789215,0.9143518518518519,0.987173647750103,,,,,,,
L33:T8,rad_all,A,entity_age,144,,,0.9236111111111112,,-0.00329167601721623,,,0.021307410549627166,-0.03525273899498193,0.038106723565841355,0.9097222222222222
L33:T8,baseline,pre-A,entity_age,144,,,0.5486111111111112,,0.14254922569993997,,,-0.11812699362829375,0.6779680545042355,0.6474364491409076,0.875
L33:T8,rad_all,B,entity_age,144,,,0.7847222222222222,,0.006328613670859698,,,0.10532940394966943,0.08575264554632378,0.13413685790909122,0.9097222222222222
L33:T8,baseline,pre-B,entity_age,144,,,0.4722222222222222,,0.13032941917485227,,,-0.12139317979911343,0.702461425944381,0.6984779787024185,0.875
L33:T8,lofo_entity_age,C,entity_age,288,,,0.8194444444444444,,0.015957046436395377,,,0.022431760593267472,0.15207538111407046,0.18651855330332567,0.9305555555555556
L33:T8,baseline,pre-C,entity_age,288,,,0.5104166666666666,,0.13618892025664917,,,-0.11976008671370358,0.6869728637886316,0.6765432729975682,0.875
L33:T8,rad_all,A,prep_time,144,,,0.8333333333333334,,0.005081232177468042,,,0.028582664586654854,0.014822869512648449,0.047328668648657035,0.9097222222222222
L33:T8,baseline,pre-A,prep_time,144,,,0.3611111111111111,,0.20665784118474173,,,-0.40312473953662065,0.6669929502181661,0.70664990457126,0.875
L33:T8,rad_all,B,prep_time,144,,,0.7291666666666666,,0.038611094723483105,,,-0.09097557493282214,0.29403512963808126,0.32032214678507415,0.9097222222222222
L33:T8,baseline,pre-B,prep_time,144,,,0.3819444444444444,,0.17132158797947525,,,-0.36989471840060417,0.6254296196804979,0.6333826533107947,0.875
L33:T8,lofo_prep_time,C,prep_time,288,,,0.5555555555555556,,0.08510555955313752,,,-0.0969891907020469,0.4371898370144372,0.46701160056124813,0.9236111111111112
L33:T8,baseline,pre-C,prep_time,288,,,0.3715277777777778,,0.18813238372267815,,,-0.3865097289686124,0.6470181186747084,0.6677915122067559,0.875
L33:T8,rad_all,A,tenure,144,,,0.8680555555555556,,0.0021345498868711515,,,0.0014147766413422928,0.01976966555226719,0.0612443619029979,0.9097222222222222
L33:T8,baseline,pre-A,tenure,144,,,0.3819444444444444,,0.20829704133794358,,,-0.20502717677180687,0.6674739110043797,0.6885519075797767,0.875
L33:T8,rad_all,B,tenure,144,,,0.7430555555555556,,0.010082094029626641,,,0.08194115001039877,0.06370579140605814,0.11018217615703722,0.9097222222222222
L33:T8,baseline,pre-B,tenure,144,,,0.4722222222222222,,0.16577090719149576,,,-0.19112669114244846,0.6557365043598872,0.6743065566331343,0.875
L33:T8,lofo_tenure,C,tenure,288,,,0.6666666666666666,,0.029287049093840542,,,0.0879992899279569,0.2139639284965558,0.23900450805689874,0.9097222222222222
L33:T8,baseline,pre-C,tenure,288,,,0.4270833333333333,,0.18707569450716335,,,-0.19807693395712767,0.6612538275056283,0.6807171060015885,0.875
L33:T8,rad_all,A,background_event,144,,,0.875,,-0.004925326452607484,,,0.027430425453759698,-0.10158853410204903,-0.02143836218304859,0.9097222222222222
L33:T8,baseline,pre-A,background_event,144,,,0.5555555555555556,,0.11395751493997483,,,-0.04006143024223821,0.5223186529509826,0.5030830136471522,0.875
L33:T8,rad_all,B,background_event,144,,,0.75,,0.012767167125473225,,,0.008967295017720117,0.03306472797296202,0.04669699455700052,0.9097222222222222
L33:T8,baseline,pre-B,background_event,144,,,0.5555555555555556,,0.12380929786196013,,,-0.14484065294860146,0.6635796673917261,0.6282901245715682,0.875
L33:T8,lofo_background_event,C,background_event,288,,,0.8194444444444444,,0.004183558934855948,,,-0.04178274268859548,0.0010425041573312052,0.03187425060312529,0.9097222222222222
L33:T8,baseline,pre-C,background_event,288,,,0.5555555555555556,,0.12005561895554397,,,-0.09245104159541984,0.5996232707148048,0.565681093792848,0.875
L33:T8,rad_all,A,other_horizon,144,,,0.7708333333333334,,0.008238999940013828,,,0.04546304248934566,0.006650380778192773,0.08769498787418058,0.9097222222222222
L33:T8,baseline,pre-A,other_horizon,144,,,0.6041666666666666,,0.12867524773367056,,,-0.010364676184441615,0.4328314612127991,0.44548306199814913,0.875
L33:T8,rad_all,B,other_horizon,144,,,0.7569444444444444,,0.005001494094588814,,,0.026939973207258675,0.06392790506083446,0.09525072951924445,0.9097222222222222
L33:T8,baseline,pre-B,other_horizon,144,,,0.5486111111111112,,0.11683144907265808,,,-0.11246033665421325,0.6254254587577305,0.6188031484214802,0.875
L33:T8,lofo_other_horizon,C,other_horizon,288,,,0.6180555555555556,,0.029868724708435778,,,-0.1425680457791063,0.15824493849429772,0.18576754484935795,0.9444444444444444
L33:T8,baseline,pre-C,other_horizon,288,,,0.5763888888888888,,0.12288308437961627,,,-0.06141250641932743,0.5234294110992395,0.520412233696711,0.875
L33:R0,baseline,clean,-,432,0.2024576932895675,0.025156573417957385,0.8703703703703703,0.9864907579622385,,,,,,,
L33:R0,rad_all,clean,-,432,0.19458733906251938,0.021507207485572305,0.8773148148148148,0.9870015810319009,,,,,,,
L33:R0,lofo_entity_age,clean,-,432,0.1980471426414575,0.030182907498974926,0.8773148148148148,0.9870177122867324,,,,,,,
L33:R0,lofo_prep_time,clean,-,432,0.20281840074463187,0.027749932362775936,0.8819444444444444,0.9860283286570704,,,,,,,
L33:R0,lofo_tenure,clean,-,432,0.19248921240689645,0.021859162184878423,0.8888888888888888,0.9874962728467319,,,,,,,
L33:R0,lofo_background_event,clean,-,432,0.19445090837657608,0.008868553152261108,0.8680555555555556,0.9872220415145974,,,,,,,
L33:R0,lofo_other_horizon,clean,-,432,0.1989577443197216,0.034805544901878906,0.8796296296296297,0.9869854497770695,,,,,,,
L33:R0,rad_all,A,entity_age,144,,,0.8888888888888888,,-0.008757592723195994,,,0.03642420449348676,-0.12892171851956188,0.07129534836767354,0.9166666666666666
L33:R0,baseline,pre-A,entity_age,144,,,0.6111111111111112,,0.13172111036587186,,,-0.03187205531185624,0.7221063327863789,0.7331484392879999,0.9097222222222222
L33:R0,rad_all,B,entity_age,144,,,0.8472222222222222,,0.005905944850287293,,,0.06094814768797047,0.05273143556375881,0.2637677174748525,0.9166666666666666
L33:R0,baseline,pre-B,entity_age,144,,,0.5763888888888888,,0.12705365997419013,,,-0.10838200248283689,0.7636360814190805,0.7683772277580256,0.9097222222222222
L33:R0,lofo_entity_age,C,entity_age,288,,,0.7777777777777778,,0.007058326024497838,,,0.07273669956987089,0.055323203909530765,0.19536428721453805,0.9236111111111112
L33:R0,baseline,pre-C,entity_age,288,,,0.59375,,0.12983610961572326,,,-0.07012702889734657,0.7415899262724271,0.7516944558735575,0.9097222222222222
L33:R0,rad_all,A,prep_time,144,,,0.8611111111111112,,0.013681353632055429,,,0.026030256181889803,0.12501055429799432,0.1707373480989794,0.9166666666666666
L33:R0,baseline,pre-A,prep_time,144,,,0.4513888888888889,,0.18324067849685968,,,-0.09201076605284202,0.6155038287029081,0.6604769172744366,0.9097222222222222
L33:R0,rad_all,B,prep_time,144,,,0.4583333333333333,,0.017341876322804626,,,-0.2836791850340073,0.07583620544310221,0.15022932821080565,0.9166666666666666
L33:R0,baseline,pre-B,prep_time,144,,,0.4375,,0.11503265801646106,,,-0.26231287429542127,0.5054145837527984,0.4971339422170838,0.9097222222222222
L33:R0,lofo_prep_time,C,prep_time,288,,,0.5243055555555556,,0.06640260365335669,,,-0.0848171420380943,0.2428469567484318,0.30592403617170694,0.8958333333333334
L33:R0,baseline,pre-C,prep_time,288,,,0.4444444444444444,,0.14941594767377556,,,-0.17716182017413165,0.5567708081043509,0.5761351589807777,0.9097222222222222
L33:R0,rad_all,A,tenure,144,,,0.8888888888888888,,-0.015659360729832702,,,-0.005166264061341717,-0.23893018486453083,-0.077362356995931,0.9166666666666666
L33:R0,baseline,pre-A,tenure,144,,,0.4375,,0.17437871778876482,,,0.003282215707779047,0.6542800658940175,0.6824463628051717,0.9097222222222222
L33:R0,rad_all,B,tenure,144,,,0.6180555555555556,,0.02373838016526634,,,0.1181690336772685,0.18844010290872912,0.26462374738463446,0.9166666666666666
L33:R0,baseline,pre-B,tenure,144,,,0.4444444444444444,,0.1558693615551288,,,-0.009795928876404328,0.6277216338560967,0.6550671865325258,0.9097222222222222
L33:R0,lofo_tenure,C,tenure,288,,,0.4861111111111111,,0.02659988367574572,,,0.21718299686341647,0.14227719633540667,0.22982137961308402,0.9305555555555556
L33:R0,baseline,pre-C,tenure,288,,,0.4409722222222222,,0.16416392044666633,,,-0.0032568565843126406,0.6358967269408208,0.6686775010960543,0.9097222222222222
L33:R0,rad_all,A,background_event,144,,,0.9097222222222222,,-0.011685197737096482,,,-0.00841086618258172,-0.1640867762325695,0.012012476869605458,0.9166666666666666
L33:R0,baseline,pre-A,background_event,144,,,0.5208333333333334,,0.1328508018529498,,,-0.21709057293186104,0.6114123621076849,0.6754842648353111,0.9097222222222222
L33:R0,rad_all,B,background_event,144,,,0.7847222222222222,,-0.007807793284551478,,,0.0802308925702489,-0.07909246928324504,0.002236873464253995,0.9166666666666666
L33:R0,baseline,pre-B,background_event,144,,,0.4652777777777778,,0.15278400740210435,,,-0.2634198067132061,0.5578296153323221,0.5732204302373151,0.9097222222222222
L33:R0,lofo_background_event,C,background_event,288,,,0.5625,,0.011074582678404889,,,-0.26339451971142214,0.027199310273502707,0.11499222784676862,0.9236111111111112
L33:R0,baseline,pre-C,background_event,288,,,0.4930555555555556,,0.1442206575734356,,,-0.24025518982253358,0.5821777800607855,0.6151595971288923,0.9097222222222222
L33:R0,rad_all,A,other_horizon,144,,,0.7916666666666666,,0.0033904651226688842,,,-0.0009858394922429446,-0.017350479679098887,0.10037874523023212,0.9166666666666666
L33:R0,baseline,pre-A,other_horizon,144,,,0.5,,0.11875376767553902,,,-0.49726900308927063,0.24578271879949498,0.27409054994511156,0.9097222222222222
L33:R0,rad_all,B,other_horizon,144,,,0.7152777777777778,,0.015544282533951763,,,0.04423455233969857,0.056493633153766216,0.16748516223401594,0.9166666666666666
L33:R0,baseline,pre-B,other_horizon,144,,,0.5902777777777778,,0.1068964194820045,,,-0.1378838961601889,0.5417471914285101,0.6048088701600809,0.9097222222222222
L33:R0,lofo_other_horizon,C,other_horizon,288,,,0.5173611111111112,,0.02293898584222914,,,-0.3399449057058112,0.0663992549561352,0.13770396660335157,0.9027777777777778
L33:R0,baseline,pre-C,other_horizon,288,,,0.5451388888888888,,0.11134887669572156,,,-0.3175764496247298,0.37642019909401775,0.41591279299448497,0.9097222222222222
L37:T0,baseline,clean,-,432,0.23380960868796047,0.030267389803146746,0.8101851851851852,0.983447327884039,,,,,,,
L37:T0,rad_all,clean,-,432,0.22961626192742318,0.015911677434995084,0.8240740740740741,0.9841355947568473,,,,,,,
L37:T0,lofo_entity_age,clean,-,432,0.23441021476131538,0.008523056879066007,0.8333333333333334,0.9835441154130278,,,,,,,
L37:T0,lofo_prep_time,clean,-,432,0.23847338646292918,0.018339764505144903,0.8217592592592593,0.983302146590556,,,,,,,
L37:T0,lofo_tenure,clean,-,432,0.23060566752467,0.016424973630023754,0.8148148148148148,0.9839957905483081,,,,,,,
L37:T0,lofo_background_event,clean,-,432,0.23061287457156324,0.009826934220399394,0.8240740740740741,0.9840388072278587,,,,,,,
L37:T0,lofo_other_horizon,clean,-,432,0.22387948410895003,0.025414444979626732,0.8587962962962963,0.9846571719963975,,,,,,,
L37:T0,rad_all,A,entity_age,144,,,0.875,,0.00038824551581618665,,,0.007994294521253976,-0.011090342860565011,0.05867350111063326,0.8819444444444444
L37:T0,baseline,pre-A,entity_age,144,,,0.5347222222222222,,0.10907478435923973,,,-0.20450948316706807,0.4383459020562465,0.47779922397594404,0.8958333333333334
L37:T0,rad_all,B,entity_age,144,,,0.7083333333333334,,0.00624332880383662,,,0.11936023594350426,0.09501988834788234,0.16135373104262102,0.8819444444444444
L37:T0,baseline,pre-B,entity_age,144,,,0.5694444444444444,,0.08286822583942541,,,-0.23146401110318948,0.39922301200893234,0.4390474353689156,0.8958333333333334
L37:T0,lofo_entity_age,C,entity_age,288,,,0.75,,0.00030488341814571536,,,0.10012718233978742,0.02171780534347988,0.07192091870184117,0.9027777777777778
L37:T0,baseline,pre-C,entity_age,288,,,0.5520833333333334,,0.09582824356441676,,,-0.21798674713512878,0.41788022722189105,0.4614793733297522,0.8958333333333334
L37:T0,rad_all,A,prep_time,144,,,0.8194444444444444,,0.015806563577890044,,,-0.0045887927739783835,0.1025561681020203,0.19463080881306272,0.8819444444444444
L37:T0,baseline,pre-A,prep_time,144,,,0.1875,,0.19672879347325048,,,-0.7356540352202461,0.5092595296780797,0.5140269664894699,0.8958333333333334
L37:T0,rad_all,B,prep_time,144,,,0.7291666666666666,,0.02559030884085963,,,-0.01005953118892982,0.13530407480201528,0.21326068724030656,0.8819444444444444
L37:T0,baseline,pre-B,prep_time,144,,,0.2777777777777778,,0.14585610087335502,,,-0.6472115348390728,0.46281550672622795,0.4718960743132081,0.8958333333333334
L37:T0,lofo_prep_time,C,prep_time,288,,,0.5104166666666666,,0.07604946158214451,,,-0.104268573202441,0.27822475459981866,0.32900002998569805,0.8888888888888888
L37:T0,baseline,pre-C,prep_time,288,,,0.2326388888888889,,0.1698194064904418,,,-0.6914327850296594,0.4765520929797129,0.48804851446158715,0.8958333333333334
L37:T0,rad_all,A,tenure,144,,,0.8402777777777778,,0.0015541183095114479,,,0.009988978284492987,0.015119161731188989,0.07169091283729544,0.8819444444444444
L37:T0,baseline,pre-A,tenure,144,,,0.3055555555555556,,0.23332241067995968,,,-0.7168226070792681,0.6210874465729597,0.626264498363408,0.8958333333333334
L37:T0,rad_all,B,tenure,144,,,0.6458333333333334,,0.024504068529154283,,,-0.06576121683052251,0.1509723743206133,0.18879184651169675,0.8819444444444444
L37:T0,baseline,pre-B,tenure,144,,,0.3819444444444444,,0.1607317396173141,,,-0.6211934322802226,0.5186328778134275,0.5458457729024517,0.8958333333333334
L37:T0,lofo_tenure,C,tenure,288,,,0.6076388888888888,,0.07331465998328968,,,-0.15740293485287163,0.33769148672746074,0.36842843953958015,0.8958333333333334
L37:T0,baseline,pre-C,tenure,288,,,0.34375,,0.19945498337487466,,,-0.6690080196797453,0.5738131415722679,0.5908879425202527,0.8958333333333334
L37:T0,rad_all,A,background_event,144,,,0.8541666666666666,,-0.01171425920033994,,,-0.025450103249293362,-0.07307573347479578,0.00684532310822757,0.8819444444444444
L37:T0,baseline,pre-A,background_event,144,,,0.2986111111111111,,0.14117458176714515,,,-0.37256938040276,0.22849431282956567,0.2638785637524824,0.8958333333333334
L37:T0,rad_all,B,background_event,144,,,0.5902777777777778,,0.016443751386962684,,,0.10905115277847383,0.14240824791564202,0.17572218730780217,0.8819444444444444
L37:T0,baseline,pre-B,background_event,144,,,0.3263888888888889,,0.20826612559825078,,,-0.7395349823260721,0.30595525153391073,0.3158212100568424,0.8958333333333334
L37:T0,lofo_background_event,C,background_event,288,,,0.4618055555555556,,0.0623831893555997,,,-0.10206155982511185,0.20103976737542315,0.23425570826874265,0.9166666666666666
L37:T0,baseline,pre-C,background_event,288,,,0.3125,,0.18094780748834732,,,-0.556052181364416,0.2596913024726978,0.2823204252439532,0.8958333333333334
L37:T0,rad_all,A,other_horizon,144,,,0.7638888888888888,,0.007281766399463575,,,-0.05442324735861954,0.005709801085175483,0.06055082263082257,0.8819444444444444
L37:T0,baseline,pre-A,other_horizon,144,,,0.16666666666666666,,0.15503109059670497,,,-0.7241434904252269,0.5644784518788496,0.5627641047033288,0.8958333333333334
L37:T0,rad_all,B,other_horizon,144,,,0.6666666666666666,,0.024052342880474684,,,0.023268135076421205,0.1218042846520332,0.2682005539093346,0.8819444444444444
L37:T0,baseline,pre-B,other_horizon,144,,,0.3541666666666667,,0.1525294987892351,,,-0.5982566559927291,0.5222118783880387,0.5704733467049974,0.8958333333333334
L37:T0,lofo_other_horizon,C,other_horizon,288,,,0.4895833333333333,,0.0926463889784969,,,-0.27892223437309593,0.35320167379922923,0.41382480876587646,0.9236111111111112
L37:T0,baseline,pre-C,other_horizon,288,,,0.2604166666666667,,0.15326877019991247,,,-0.661200073208978,0.5411679825986605,0.5671045046876676,0.8958333333333334
L37:T1,baseline,clean,-,432,0.2164637679269249,0.05156020889718512,0.8634259259259259,0.9857272119002167,,,,,,,
L37:T1,rad_all,clean,-,432,0.21641011376822739,0.04176549852975397,0.8726851851851852,0.9855497680970707,,,,,,,
L37:T1,lofo_entity_age,clean,-,432,0.2180365775488519,0.045228729826243354,0.8726851851851852,0.9856734410507786,,,,,,,
L37:T1,lofo_prep_time,clean,-,432,0.22262898378071852,0.052442925214739936,0.8310185185185185,0.9851196013015656,,,,,,,
L37:T1,lofo_tenure,clean,-,432,0.21646774467528543,0.04529167714460479,0.8726851851851852,0.985603538946509,,,,,,,
L37:T1,lofo_background_event,clean,-,432,0.21529477821202841,0.03714862350125494,0.8796296296296297,0.9855121285024641,,,,,,,
L37:T1,lofo_other_horizon,clean,-,432,0.2217943690654001,0.03332911211587048,0.8611111111111112,0.9847862220350491,,,,,,,
L37:T1,rad_all,A,entity_age,144,,,0.8819444444444444,,-0.001059817944908152,,,0.009487487921508159,-0.04448397218790964,0.061961612911989615,0.9097222222222222
L37:T1,baseline,pre-A,entity_age,144,,,0.5694444444444444,,0.12340849596319842,,,0.014806081768381489,0.57554618567959,0.6067832477924755,0.8888888888888888
L37:T1,rad_all,B,entity_age,144,,,0.7361111111111112,,0.018851072939465054,,,0.12833251068491622,0.18505343330156238,0.2798944483878228,0.9097222222222222
L37:T1,baseline,pre-B,entity_age,144,,,0.5486111111111112,,0.11962096712752181,,,0.04279090849879649,0.5926412825562303,0.6552288358165501,0.8888888888888888
L37:T1,lofo_entity_age,C,entity_age,288,,,0.7395833333333334,,0.020936599718689063,,,0.12427792123089085,0.13704921408390885,0.206576888615355,0.8958333333333334
L37:T1,baseline,pre-C,entity_age,288,,,0.5590277777777778,,0.12110215462096346,,,0.028798495133588994,0.5855721106028638,0.6319980832720197,0.8888888888888888
L37:T1,rad_all,A,prep_time,144,,,0.8472222222222222,,0.021499022382511366,,,-0.02061974214839116,0.16579505167435532,0.17907433287707644,0.9097222222222222
L37:T1,baseline,pre-A,prep_time,144,,,0.3819444444444444,,0.2730252867022339,,,-0.219000589865964,0.7604081812973357,0.803709049199776,0.8888888888888888
L37:T1,rad_all,B,prep_time,144,,,0.5555555555555556,,0.03814907263527183,,,-0.2600488154488032,0.22849947950336183,0.3019962027261796,0.9097222222222222
L37:T1,baseline,pre-B,prep_time,144,,,0.3819444444444444,,0.2355198003860944,,,-0.20750452695754276,0.699483075356081,0.7443110920581629,0.8888888888888888
L37:T1,lofo_prep_time,C,prep_time,288,,,0.3819444444444444,,0.13778169040677438,,,-0.43484895752687625,0.561480261244826,0.6246023074420993,0.8888888888888888
L37:T1,baseline,pre-C,prep_time,288,,,0.3819444444444444,,0.2535061023317778,,,-0.2132525584117534,0.7286722536128992,0.774390902217714,0.8888888888888888
L37:T1,rad_all,A,tenure,144,,,0.8472222222222222,,-0.0017305865684579236,,,-0.010107339595899496,-0.04684870119842437,0.07219937328100018,0.9097222222222222
L37:T1,baseline,pre-A,tenure,144,,,0.5277777777777778,,0.14876565881486878,,,-0.07364403889663396,0.6096480914521399,0.7015126245815628,0.8888888888888888
L37:T1,rad_all,B,tenure,144,,,0.7361111111111112,,-0.009281949346836127,,,-0.057754957524750954,-0.08456318208031796,-0.06456002587040818,0.9097222222222222
L37:T1,baseline,pre-B,tenure,144,,,0.5277777777777778,,0.13040517300344415,,,-0.12842802112124022,0.5664961373418221,0.6382659020913446,0.8888888888888888
L37:T1,lofo_tenure,C,tenure,288,,,0.7222222222222222,,0.004294990897792879,,,-0.09751913795445671,0.0020342754715508187,0.049991980583713735,0.9027777777777778
L37:T1,baseline,pre-C,tenure,288,,,0.5277777777777778,,0.1379164400080751,,,-0.10103603000893709,0.5796609927333239,0.657599517146941,0.8888888888888888
L37:T1,rad_all,A,background_event,144,,,0.875,,-0.007270126962330447,,,0.007611745777341281,-0.12903012004442696,0.032287174319928336,0.9097222222222222
L37:T1,baseline,pre-A,background_event,144,,,0.6041666666666666,,0.10666644482026442,,,0.21205873486442706,0.3031396873341693,0.426035947682087,0.8888888888888888
L37:T1,rad_all,B,background_event,144,,,0.7847222222222222,,-0.008162749418813044,,,0.037315446298089965,-0.08469570667618316,-0.04130277319306725,0.9097222222222222
L37:T1,baseline,pre-B,background_event,144,,,0.5208333333333334,,0.10025211209555096,,,0.1308740459262358,0.4611576921480621,0.507776305694186,0.8888888888888888
L37:T1,lofo_background_event,C,background_event,288,,,0.7256944444444444,,0.013490511596838896,,,0.016642244443265092,0.06178733736136271,0.11175619446008415,0.9166666666666666
L37:T1,baseline,pre-C,background_event,288,,,0.5625,,0.10351115127604651,,,0.17146639039533143,0.3856785579007265,0.4736113971163138,0.8888888888888888
L37:T1,rad_all,A,other_horizon,144,,,0.8055555555555556,,0.01789696086168606,,,-0.03696722387647991,0.050787283851596074,0.10619506495585614,0.9097222222222222
L37:T1,baseline,pre-A,other_horizon,144,,,0.3402777777777778,,0.1569618158567743,,,-0.09150227444204967,0.4252806964549659,0.48915369479638154,0.8888888888888888
L37:T1,rad_all,B,other_horizon,144,,,0.7361111111111112,,0.013304472967725465,,,0.03972409239898512,0.14104013661811868,0.19267003957045065,0.9097222222222222
L37:T1,baseline,pre-B,other_horizon,144,,,0.5069444444444444,,0.12866627942208927,,,0.0291583077598173,0.49988293519054533,0.5997321005366003,0.8888888888888888
L37:T1,lofo_other_horizon,C,other_horizon,288,,,0.6180555555555556,,0.06545286402999016,,,-0.06957592563120175,0.31189138814248063,0.3429961233594221,0.9166666666666666
L37:T1,baseline,pre-C,other_horizon,288,,,0.4236111111111111,,0.14188362041577865,,,-0.031171983341116188,0.44907587070050464,0.5225537237771835,0.8888888888888888
L37:T2,baseline,clean,-,432,0.33953586301646044,-0.01327929467012891,0.6689814814814815,0.9676064356395592,,,,,,,
L37:T2,rad_all,clean,-,432,0.32036690408812857,0.011155065256936967,0.7129629629629629,0.9698648113159617,,,,,,,
L37:T2,lofo_entity_age,clean,-,432,0.35166203115882627,-0.015086195510172384,0.6851851851851852,0.9652727807739435,,,,,,,
L37:T2,lofo_prep_time,clean,-,432,0.35318178405855716,-0.006563818356091528,0.6643518518518519,0.9642027408701241,,,,,,,
L37:T2,lofo_tenure,clean,-,432,0.3231582104113655,0.010079002106522227,0.7013888888888888,0.9692088069528162,,,,,,,
L37:T2,lofo_background_event,clean,-,432,0.3275843784288372,0.011986862332705062,0.6967592592592593,0.9683323421069743,,,,,,,
L37:T2,lofo_other_horizon,clean,-,432,0.33655618411796745,-0.0014962743631571805,0.6712962962962963,0.9669934479559642,,,,,,,
L37:T2,rad_all,A,entity_age,144,,,0.6388888888888888,,0.01807912144189176,,,0.032521163624274485,0.09725655872104765,0.07151040213463267,0.8194444444444444
L37:T2,baseline,pre-A,entity_age,144,,,0.5277777777777778,,0.05113112757927985,,,0.027805966514389602,0.22166817767933594,0.23328309094341804,0.7916666666666666
L37:T2,rad_all,B,entity_age,144,,,0.6875,,0.02293625055790741,,,0.019710264983358317,0.10834695124468015,0.10415046393831401,0.8194444444444444
L37:T2,baseline,pre-B,entity_age,144,,,0.5416666666666666,,0.07387977821091739,,,-0.06249600418873069,0.3649215518280171,0.30804990369188556,0.7916666666666666
L37:T2,lofo_entity_age,C,entity_age,288,,,0.6388888888888888,,0.03280546586834905,,,0.07216060044933051,0.15622179533434344,0.16309706558726061,0.7777777777777778
L37:T2,baseline,pre-C,entity_age,288,,,0.5347222222222222,,0.0634187883355353,,,-0.017345018837170545,0.29059314830180316,0.2729813129347174,0.7916666666666666
L37:T2,rad_all,A,prep_time,144,,,0.6527777777777778,,0.021946575104547176,,,0.01745749243828791,0.04138746155992635,0.07953097581227106,0.8194444444444444
L37:T2,baseline,pre-A,prep_time,144,,,0.5347222222222222,,0.0657843922870684,,,-0.03857019442432677,0.20786788252293428,0.24684750710982298,0.7916666666666666
L37:T2,rad_all,B,prep_time,144,,,0.6388888888888888,,0.05627039290226029,,,0.07802240229499363,0.30329256529669807,0.2744891978577842,0.8194444444444444
L37:T2,baseline,pre-B,prep_time,144,,,0.6111111111111112,,0.08126830668387973,,,0.006841589672976172,0.3883701274828137,0.33827626592064164,0.7916666666666666
L37:T2,lofo_prep_time,C,prep_time,288,,,0.6041666666666666,,0.029359315348985372,,,0.09266024320891343,0.09181436496254192,0.13086285835394157,0.7847222222222222
L37:T2,baseline,pre-C,prep_time,288,,,0.5729166666666666,,0.07333679595499187,,,-0.015864302375675297,0.2891026945309461,0.29278695546646677,0.7916666666666666
L37:T2,rad_all,A,tenure,144,,,0.6666666666666666,,0.025775573885533226,,,-0.0015790090107382939,0.18853632863569075,0.13430188779056698,0.8194444444444444
L37:T2,baseline,pre-A,tenure,144,,,0.5277777777777778,,0.051641510035215665,,,-0.1448854306197771,0.2504499289883079,0.22366431320294478,0.7916666666666666
L37:T2,rad_all,B,tenure,144,,,0.6805555555555556,,0.023725437450530042,,,-0.03912153927296783,0.1531371049514486,0.14121802171945855,0.8194444444444444
L37:T2,baseline,pre-B,tenure,144,,,0.5972222222222222,,0.06755083230417938,,,-0.1235417046425268,0.32879987023694657,0.3068410195945365,0.7916666666666666
L37:T2,lofo_tenure,C,tenure,288,,,0.6458333333333334,,0.025447085987835016,,,-0.03457101168096429,0.1655010458129816,0.11545882379998777,0.8125
L37:T2,baseline,pre-C,tenure,288,,,0.5625,,0.05925190788684991,,,-0.13421356763115194,0.2910789958842722,0.2658751316787689,0.7916666666666666
L37:T2,rad_all,A,background_event,144,,,0.75,,0.028729590349612037,,,0.04725993557008772,0.12938987131758395,0.11551231522177909,0.8194444444444444
L37:T2,baseline,pre-A,background_event,144,,,0.6180555555555556,,0.06208861450618225,,,0.011113048656187015,0.267616761339477,0.27077614123558197,0.7916666666666666
L37:T2,rad_all,B,background_event,144,,,0.6805555555555556,,0.026177387938555226,,,0.001400096324263948,0.17074599800187862,0.11227778342678679,0.8194444444444444
L37:T2,baseline,pre-B,background_event,144,,,0.6041666666666666,,0.06446023240363259,,,-0.10745667968243727,0.28318657275894804,0.2956672414139501,0.7916666666666666
L37:T2,lofo_background_event,C,background_event,288,,,0.6458333333333334,,0.025354146668466082,,,0.04688921727288907,0.15016481088019723,0.09987742480039241,0.8055555555555556
L37:T2,baseline,pre-C,background_event,288,,,0.6111111111111112,,0.06411513265413073,,,-0.04817181551312513,0.2727273773499377,0.276152317514047,0.7916666666666666
L37:T2,rad_all,A,other_horizon,144,,,0.6041666666666666,,0.051381836846055795,,,-0.030255846511945263,0.24056129563184772,0.24416685112174732,0.8194444444444444
L37:T2,baseline,pre-A,other_horizon,144,,,0.4097222222222222,,0.11216295094934944,,,0.015757552919292483,0.45020002896291755,0.42745729433431995,0.7916666666666666
L37:T2,rad_all,B,other_horizon,144,,,0.5763888888888888,,0.07736498724406866,,,-0.005287532217506375,0.38309512598594186,0.40780970874918004,0.8194444444444444
L37:T2,baseline,pre-B,other_horizon,144,,,0.4375,,0.1310699891259818,,,-0.20665188241833163,0.5475836676702311,0.5649684884315559,0.7916666666666666
L37:T2,lofo_other_horizon,C,other_horizon,288,,,0.4965277777777778,,0.08362163188267226,,,0.035742808545420834,0.37373410484997177,0.4192675847862399,0.8194444444444444
L37:T2,baseline,pre-C,other_horizon,288,,,0.4236111111111111,,0.12268926492801405,,,-0.09544716474951957,0.49006009722242,0.484713028852574,0.7916666666666666
L37:T3,baseline,clean,-,432,0.28482553543611494,0.07197385762878249,0.7523148148148148,0.9775432886157299,,,,,,,
L37:T3,rad_all,clean,-,432,0.26226392266765347,0.02471118145297697,0.7847222222222222,0.9791402828440431,,,,,,,
L37:T3,lofo_entity_age,clean,-,432,0.2662304018966267,0.025298514169226433,0.7708333333333334,0.9788122806624702,,,,,,,
L37:T3,lofo_prep_time,clean,-,432,0.2706693435956272,0.0327071763087531,0.7546296296296297,0.9777906345231454,,,,,,,
L37:T3,lofo_tenure,clean,-,432,0.2622537230429371,0.027833324606096794,0.7777777777777778,0.9787692639829197,,,,,,,
L37:T3,lofo_background_event,clean,-,432,0.2620650255375481,0.0513611389700559,0.7754629629629629,0.9795919579793234,,,,,,,
L37:T3,lofo_other_horizon,clean,-,432,0.27325223465851906,0.03190929200692252,0.7615740740740741,0.9781186367047181,,,,,,,
L37:T3,rad_all,A,entity_age,144,,,0.7361111111111112,,0.015752691207261287,,,0.006684144992244585,0.15962215113919412,0.1168103727280134,0.8472222222222222
L37:T3,baseline,pre-A,entity_age,144,,,0.2638888888888889,,0.14812014195198908,,,0.4304953102172796,0.6347703852215019,0.6118561048747637,0.7291666666666666
L37:T3,rad_all,B,entity_age,144,,,0.6319444444444444,,-0.00801990260418936,,,0.0321476390976098,-0.03626906605875639,0.037205638417361096,0.8472222222222222
L37:T3,baseline,pre-B,entity_age,144,,,0.2916666666666667,,0.14467508858118255,,,0.40898692825127897,0.5884789620526458,0.6120098401096069,0.7291666666666666
L37:T3,lofo_entity_age,C,entity_age,288,,,0.5486111111111112,,0.04256779369683367,,,0.19629997797169604,0.2629506380398004,0.2689353813079322,0.8402777777777778
L37:T3,baseline,pre-C,entity_age,288,,,0.2777777777777778,,0.14637620855881098,,,0.41974111923427926,0.6100602210488016,0.6123007316770953,0.7291666666666666
L37:T3,rad_all,A,prep_time,144,,,0.7430555555555556,,0.03286409371463509,,,-0.024914242923660443,0.18203287713777047,0.1897226803588407,0.8472222222222222
L37:T3,baseline,pre-A,prep_time,144,,,0.2847222222222222,,0.2826770285326548,,,0.2726681703934795,0.5522890636979157,0.5850420781491862,0.7291666666666666
L37:T3,rad_all,B,prep_time,144,,,0.6388888888888888,,0.04371322365818604,,,-0.08140871637711126,0.19966998382659254,0.1974852611689902,0.8472222222222222
L37:T3,baseline,pre-B,prep_time,144,,,0.3680555555555556,,0.21211102455048977,,,0.12003182276318736,0.5921643531616603,0.5720476198774449,0.7291666666666666
L37:T3,lofo_prep_time,C,prep_time,288,,,0.21180555555555555,,0.20495715589024138,,,-0.7674197594403541,0.5109840813109692,0.5315125440907916,0.8472222222222222
L37:T3,baseline,pre-C,prep_time,288,,,0.3263888888888889,,0.2474389017537383,,,0.19634999657833344,0.5692193193820538,0.5802092994316351,0.7291666666666666
L37:T3,rad_all,A,tenure,144,,,0.7152777777777778,,0.006524481197041738,,,-0.041955730780613903,0.05261862188568258,0.12133112216341109,0.8472222222222222
L37:T3,baseline,pre-A,tenure,144,,,0.1736111111111111,,0.19310227913262365,,,0.44937656783426405,0.553972677729007,0.5951720417446091,0.7291666666666666
L37:T3,rad_all,B,tenure,144,,,0.6666666666666666,,-0.03315132073231685,,,-0.04782939673696915,-0.15284767021529233,-0.14984277486422573,0.8472222222222222
L37:T3,baseline,pre-B,tenure,144,,,0.2708333333333333,,0.18269843840833075,,,0.45018716112725177,0.43638718358580514,0.4675134775032753,0.7291666666666666
L37:T3,lofo_tenure,C,tenure,288,,,0.6076388888888888,,-0.024088000910958373,,,-0.12210134203570083,-0.14845312402966168,-0.08272050365249595,0.8611111111111112
L37:T3,baseline,pre-C,tenure,288,,,0.2222222222222222,,0.18688054329251788,,,0.44978186448075796,0.4870698066773152,0.5156393442302917,0.7291666666666666
L37:T3,rad_all,A,background_event,144,,,0.7777777777777778,,-0.0029999784783234346,,,0.025787056804492354,-0.010611657666306977,0.016888212001889683,0.8472222222222222
L37:T3,baseline,pre-A,background_event,144,,,0.3055555555555556,,0.21614087914784028,,,0.06411923042824379,0.5921767228038547,0.6175321533186517,0.7291666666666666
L37:T3,rad_all,B,background_event,144,,,0.6944444444444444,,-0.0016170419797230779,,,-0.1131944016378888,-0.0015595811394978436,0.03404750526318682,0.8472222222222222
L37:T3,baseline,pre-B,background_event,144,,,0.3472222222222222,,0.19059272819763085,,,-0.08260829854947427,0.6302436205349599,0.6165992953338634,0.7291666666666666
L37:T3,lofo_background_event,C,background_event,288,,,0.59375,,0.05102146053707216,,,-0.08763285820077335,0.2185842331229337,0.2650266629058442,0.8263888888888888
L37:T3,baseline,pre-C,background_event,288,,,0.3263888888888889,,0.20260659270269607,,,-0.009244534060615242,0.6057614849520068,0.6134669723067001,0.7291666666666666
L37:T3,rad_all,A,other_horizon,144,,,0.6736111111111112,,0.011839950998919645,,,-0.04043727154972332,0.029194146625575172,0.04071423807936815,0.8472222222222222
L37:T3,baseline,pre-A,other_horizon,144,,,0.2569444444444444,,0.17417290510340247,,,0.2984397210748475,0.48659925721128544,0.5093721386249157,0.7291666666666666
L37:T3,rad_all,B,other_horizon,144,,,0.5555555555555556,,0.02505409725891682,,,0.06926511049585787,0.11540908237890772,0.17598262144544724,0.8472222222222222
L37:T3,baseline,pre-B,other_horizon,144,,,0.2916666666666667,,0.10999600346660271,,,0.39089502012627925,0.44989102402092773,0.5009501421066452,0.7291666666666666
L37:T3,lofo_other_horizon,C,other_horizon,288,,,0.5833333333333334,,0.09191754689962474,,,-0.1290894436246802,0.3188082127015199,0.3597713383241087,0.8263888888888888
L37:T3,baseline,pre-C,other_horizon,288,,,0.2743055555555556,,0.14064136586311982,,,0.34466737060056335,0.46448379762906084,0.49765315536464194,0.7291666666666666
L37:T4,baseline,clean,-,432,0.26486771278613946,0.03685698361378051,0.7430555555555556,0.9795865808943797,,,,,,,
L37:T4,rad_all,clean,-,432,0.25083191256792203,0.10895559867751953,0.7939814814814815,0.9850389450274084,,,,,,,
L37:T4,lofo_entity_age,clean,-,432,0.24489426067306497,0.08776118914094598,0.7847222222222222,0.9849367804134759,,,,,,,
L37:T4,lofo_prep_time,clean,-,432,0.2474978374963904,0.08973455591840332,0.8032407407407407,0.9841087093321284,,,,,,,
L37:T4,lofo_tenure,clean,-,432,0.25386139805696367,0.10909335828954772,0.7962962962962963,0.9845657615523526,,,,,,,
L37:T4,lofo_background_event,clean,-,432,0.2517705597963264,0.11144106521219481,0.7847222222222222,0.9853884555487564,,,,,,,
L37:T4,lofo_other_horizon,clean,-,432,0.23632570712291023,0.07087433786745342,0.8194444444444444,0.9851679950660599,,,,,,,
L37:T4,rad_all,A,entity_age,144,,,0.8055555555555556,,0.01022705499521005,,,-0.009751387452742035,0.06732187829965305,0.03561652153535204,0.8611111111111112
L37:T4,baseline,pre-A,entity_age,144,,,0.25,,0.17452339416807286,,,0.5651626380451851,0.6102864133607909,0.6386493924199235,0.7569444444444444
L37:T4,rad_all,B,entity_age,144,,,0.6388888888888888,,-0.004158485847556975,,,0.1305273050737502,-0.030687818333766558,0.07875247059992854,0.8611111111111112
L37:T4,baseline,pre-B,entity_age,144,,,0.2986111111111111,,0.1565150550535128,,,0.44778715322182744,0.6025677436702831,0.6298489307855197,0.7569444444444444
L37:T4,lofo_entity_age,C,entity_age,288,,,0.5277777777777778,,0.006900374605635186,,,0.1962141866299831,0.04348082785402925,0.06997281242059696,0.8611111111111112
L37:T4,baseline,pre-C,entity_age,288,,,0.2743055555555556,,0.166137987842054,,,0.5064748956335063,0.6067430394312865,0.6359189140699127,0.7569444444444444
L37:T4,rad_all,A,prep_time,144,,,0.7291666666666666,,0.02954488801258112,,,0.03595006909983673,0.2273637244582143,0.13580361318381426,0.8611111111111112
L37:T4,baseline,pre-A,prep_time,144,,,0.3680555555555556,,0.2524841972020144,,,-0.1864093556613936,0.7010584167089973,0.7023346908975439,0.7569444444444444
L37:T4,rad_all,B,prep_time,144,,,0.6527777777777778,,0.03743449604413148,,,-0.18409853948983115,0.24821624976194426,0.17560587676175998,0.8611111111111112
L37:T4,baseline,pre-B,prep_time,144,,,0.4513888888888889,,0.19550231676069357,,,-0.019364390602988946,0.6630261440899824,0.6285127517474364,0.7569444444444444
L37:T4,lofo_prep_time,C,prep_time,288,,,0.5833333333333334,,0.11704439345435641,,,-0.13669035707220506,0.5209368110262557,0.4735938319148901,0.8333333333333334
L37:T4,baseline,pre-C,prep_time,288,,,0.4097222222222222,,0.22180365328721197,,,-0.10288687313219128,0.6705272003008388,0.6555685884321281,0.7569444444444444
L37:T4,rad_all,A,tenure,144,,,0.7916666666666666,,0.012151267477619476,,,-0.005109116417115024,0.1117467432858303,0.07155224180719415,0.8611111111111112
L37:T4,baseline,pre-A,tenure,144,,,0.3888888888888889,,0.19202090722440424,,,0.18668717601360987,0.6661756286066198,0.6606086901518287,0.7569444444444444
L37:T4,rad_all,B,tenure,144,,,0.7361111111111112,,-0.016140261638614716,,,-0.08950134492737176,-0.158578075998497,-0.15712889235427022,0.8611111111111112
L37:T4,baseline,pre-B,tenure,144,,,0.3194444444444444,,0.1506191529032469,,,0.23344744751313287,0.5551217542035705,0.588450968057341,0.7569444444444444
L37:T4,lofo_tenure,C,tenure,288,,,0.7118055555555556,,0.0006127287117995802,,,-0.13357703271435842,-0.02336427427241276,-0.015753200150772022,0.8472222222222222
L37:T4,baseline,pre-C,tenure,288,,,0.3541666666666667,,0.17213602578918683,,,0.21006731176337137,0.6209715055445847,0.6315676741869017,0.7569444444444444
L37:T4,rad_all,A,background_event,144,,,0.7708333333333334,,0.011780412888976664,,,-0.0055367882377374954,0.0698198839635425,-0.014713626093756323,0.8611111111111112
L37:T4,baseline,pre-A,background_event,144,,,0.3333333333333333,,0.20722651364859013,,,0.2324440268003981,0.542629526506986,0.5935112191467387,0.7569444444444444
L37:T4,rad_all,B,background_event,144,,,0.5277777777777778,,0.03712316735692756,,,-0.14103453714361894,0.229704596337328,0.20333843014007003,0.8611111111111112
L37:T4,baseline,pre-B,background_event,144,,,0.3333333333333333,,0.2003465893466649,,,0.041789197121586207,0.6797804194091129,0.7027098797448487,0.7569444444444444
L37:T4,lofo_background_event,C,background_event,288,,,0.7118055555555556,,0.04637404813582761,,,-0.10134265422575152,0.28915046031230934,0.23953228653976483,0.8472222222222222
L37:T4,baseline,pre-C,background_event,288,,,0.3333333333333333,,0.2044277394672435,,,0.13711661196099215,0.6081471866344583,0.6444205535757004,0.7569444444444444
L37:T4,rad_all,A,other_horizon,144,,,0.7291666666666666,,0.029098842402178013,,,-0.06866910676868275,0.07261757578654013,0.105151986193728,0.8611111111111112
L37:T4,baseline,pre-A,other_horizon,144,,,0.2361111111111111,,0.2300421369912636,,,0.43451040306762145,0.6199907418378894,0.6417868674164631,0.7569444444444444
L37:T4,rad_all,B,other_horizon,144,,,0.6388888888888888,,0.02552179843678215,,,-0.056654185150093114,0.13572420009630318,0.14537528787617388,0.8611111111111112
L37:T4,baseline,pre-B,other_horizon,144,,,0.2777777777777778,,0.1965418372736714,,,0.32049879178680585,0.6228287895758077,0.6415762587158814,0.7569444444444444
L37:T4,lofo_other_horizon,C,other_horizon,288,,,0.53125,,0.12865791609841437,,,0.014865750571963265,0.5383135835623662,0.5555620615548077,0.8888888888888888
L37:T4,baseline,pre-C,other_horizon,288,,,0.2569444444444444,,0.21307654469418763,,,0.37750459742721365,0.623104533092319,0.6475609778142709,0.7569444444444444
L37:T5,baseline,clean,-,432,0.28446182088789074,0.0014677365603814258,0.7361111111111112,0.9756881943101136,,,,,,,
L37:T5,rad_all,clean,-,432,0.30130206718770863,-0.0018264524202377531,0.7476851851851852,0.9733975561240482,,,,,,,
L37:T5,lofo_entity_age,clean,-,432,0.29665723006849165,-0.005563312276565315,0.7314814814814815,0.9740912000818005,,,,,,,
L37:T5,lofo_prep_time,clean,-,432,0.29715019257390657,0.006047249059378512,0.7314814814814815,0.9744245793483169,,,,,,,
L37:T5,lofo_tenure,clean,-,432,0.2920104586788052,0.0009538998418722517,0.7268518518518519,0.9751935024952827,,,,,,,
L37:T5,lofo_background_event,clean,-,432,0.30852989526768126,-0.010111061729787764,0.7291666666666666,0.972967389328543,,,,,,,
L37:T5,lofo_other_horizon,clean,-,432,0.30071962733148727,-0.0067193729261004346,0.7384259259259259,0.9738653625141602,,,,,,,
L37:T5,rad_all,A,entity_age,144,,,0.7291666666666666,,0.03286864789612712,,,-0.02225063093284909,0.2434348346528624,0.23697920194750993,0.8125
L37:T5,baseline,pre-A,entity_age,144,,,0.2847222222222222,,0.23419467860737833,,,0.10570085777273341,0.6310983923968819,0.6664094169922548,0.7986111111111112
L37:T5,rad_all,B,entity_age,144,,,0.6944444444444444,,0.0278241361806686,,,0.059256650992533424,0.1892941364703519,0.28432005425401924,0.8125
L37:T5,baseline,pre-B,entity_age,144,,,0.3819444444444444,,0.19379577618371904,,,0.01261876177921157,0.5981682653591549,0.6473885594841103,0.7986111111111112
L37:T5,lofo_entity_age,C,entity_age,288,,,0.4652777777777778,,0.047035719867715424,,,0.31021463001167504,0.24747355537136242,0.2960506091606078,0.8125
L37:T5,baseline,pre-C,entity_age,288,,,0.3333333333333333,,0.21413199542690628,,,0.05915980977597249,0.617789593346365,0.6590434757222213,0.7986111111111112
L37:T5,rad_all,A,prep_time,144,,,0.7152777777777778,,-0.004125641212612231,,,-0.020948919400684808,0.014491239211687499,0.048659209613724594,0.8125
L37:T5,baseline,pre-A,prep_time,144,,,0.1527777777777778,,0.35907628237105566,,,-1.1224060639111297,0.6592026529665018,0.6989842199175323,0.7986111111111112
L37:T5,rad_all,B,prep_time,144,,,0.5833333333333334,,0.03182449643758794,,,-0.03678551446450012,0.1303638279828924,0.11095456698522363,0.8125
L37:T5,baseline,pre-B,prep_time,144,,,0.2222222222222222,,0.2845465116580606,,,-0.7462745756253591,0.5913322692791879,0.5832083971706059,0.7986111111111112
L37:T5,lofo_prep_time,C,prep_time,288,,,0.4166666666666667,,0.1246187621784609,,,-0.28685628023668563,0.454537716969725,0.45853599169014964,0.7847222222222222
L37:T5,baseline,pre-C,prep_time,288,,,0.1875,,0.3177278468047044,,,-0.9343403197682445,0.6062327522362482,0.621126049237699,0.7986111111111112
L37:T5,rad_all,A,tenure,144,,,0.6944444444444444,,0.016014937870043804,,,-0.036099892498117354,0.09309046542452132,0.13258357285235528,0.8125
L37:T5,baseline,pre-A,tenure,144,,,0.2569444444444444,,0.3484713266704216,,,-0.3813056094341112,0.6955075660606544,0.726999957969166,0.7986111111111112
L37:T5,rad_all,B,tenure,144,,,0.5763888888888888,,0.0019753648961184115,,,0.15540906169097665,0.013756189821204036,0.12591617000864233,0.8125
L37:T5,baseline,pre-B,tenure,144,,,0.3958333333333333,,0.22347936148987474,,,-0.21273956543764816,0.5416871585336511,0.6037146304626921,0.7986111111111112
L37:T5,lofo_tenure,C,tenure,288,,,0.4861111111111111,,0.06102186538651121,,,-0.14358064574587764,0.2056256096860858,0.265117993339518,0.7777777777777778
L37:T5,baseline,pre-C,tenure,288,,,0.3263888888888889,,0.2906039226149232,,,-0.29702258743587967,0.6242989954058049,0.6733524660905666,0.7986111111111112
L37:T5,rad_all,A,background_event,144,,,0.7638888888888888,,0.01953279454159038,,,-0.00016680055175842534,0.17425427171246477,0.1951640607958469,0.8125
L37:T5,baseline,pre-A,background_event,144,,,0.2847222222222222,,0.2210472700064824,,,0.04495321577127681,0.5442554414789638,0.5446513688578013,0.7986111111111112
L37:T5,rad_all,B,background_event,144,,,0.6319444444444444,,-0.008898081959615037,,,-0.02263716790874394,-0.08985880454650529,0.016693145547253985,0.8125
L37:T5,baseline,pre-B,background_event,144,,,0.3125,,0.21617630804235177,,,-0.12279006340498182,0.47241642094118963,0.503336724847342,0.7986111111111112
L37:T5,lofo_background_event,C,background_event,288,,,0.5694444444444444,,0.038208069540191035,,,-0.21201720750219316,0.2501208631025763,0.25321195073051855,0.7986111111111112
L37:T5,baseline,pre-C,background_event,288,,,0.2986111111111111,,0.21922266697711573,,,-0.038918423816852496,0.507303624246332,0.5194348557561727,0.7986111111111112
L37:T5,rad_all,A,other_horizon,144,,,0.6666666666666666,,0.02782455589463084,,,-0.01861457174830565,0.10196446612294717,0.15109769636908763,0.8125
L37:T5,baseline,pre-A,other_horizon,144,,,0.3194444444444444,,0.22608095975453052,,,-0.01707563426426694,0.6366257378188811,0.622388416140816,0.7986111111111112
L37:T5,rad_all,B,other_horizon,144,,,0.5347222222222222,,0.011891836197110603,,,0.14281073709392425,0.06534079858629241,0.2060754447124202,0.8125
L37:T5,baseline,pre-B,other_horizon,144,,,0.3472222222222222,,0.16330825967705123,,,0.23929663556589154,0.53670659831066,0.6251722232183169,0.7986111111111112
L37:T5,lofo_other_horizon,C,other_horizon,288,,,0.4861111111111111,,0.07296970536112717,,,-0.10554032921205944,0.25080604300010667,0.3236747332093197,0.7916666666666666
L37:T5,baseline,pre-C,other_horizon,288,,,0.3333333333333333,,0.1926940018193479,,,0.1111105006508123,0.5688413096631968,0.6000083427733884,0.7986111111111112
L37:T6,baseline,clean,-,432,0.22146595374607178,0.04378671594383756,0.8680555555555556,0.9853024221896552,,,,,,,
L37:T6,rad_all,clean,-,432,0.2237416629128818,0.036935157233709826,0.8541666666666666,0.9840818239074093,,,,,,,
L37:T6,lofo_entity_age,clean,-,432,0.22517073700255805,0.04359788302274497,0.8356481481481481,0.9839420196988701,,,,,,,
L37:T6,lofo_prep_time,clean,-,432,0.2224102343909088,0.03498639292495745,0.8356481481481481,0.9840549384826901,,,,,,,
L37:T6,lofo_tenure,clean,-,432,0.22923128435279136,0.030307123137170232,0.8310185185185185,0.9829472589842642,,,,,,,
L37:T6,lofo_background_event,clean,-,432,0.22978196569566053,0.04586611183276412,0.8425925925925926,0.9837161821312298,,,,,,,
L37:T6,lofo_other_horizon,clean,-,432,0.228305421719408,0.034224349162969646,0.8287037037037037,0.9836032633474098,,,,,,,
L37:T6,rad_all,A,entity_age,144,,,0.8263888888888888,,0.007566993838128876,,,0.003246707016604048,0.03849261443739418,0.05111446169443446,0.875
L37:T6,baseline,pre-A,entity_age,144,,,0.3819444444444444,,0.2076848265470232,,,-0.05248314913009837,0.707229435748702,0.7300030267151865,0.8680555555555556
L37:T6,rad_all,B,entity_age,144,,,0.7916666666666666,,0.014267499755488676,,,0.06275553420483306,0.10523777219154394,0.18509764916398574,0.875
L37:T6,baseline,pre-B,entity_age,144,,,0.4236111111111111,,0.17681795110955176,,,-0.12151164918153531,0.7120200914755482,0.7111639115940769,0.8680555555555556
L37:T6,lofo_entity_age,C,entity_age,288,,,0.7013888888888888,,0.05054034328259032,,,0.05327557588806273,0.3191005624872519,0.35624646523484443,0.875
L37:T6,baseline,pre-C,entity_age,288,,,0.4027777777777778,,0.19230526608792986,,,-0.08699739915581685,0.714410640766403,0.7263334028966948,0.8680555555555556
L37:T6,rad_all,A,prep_time,144,,,0.8402777777777778,,0.01907272635221231,,,0.00870384583916833,0.11969040031833597,0.18283883926313618,0.875
L37:T6,baseline,pre-A,prep_time,144,,,0.2152777777777778,,0.33493074825278163,,,-0.9150104184329655,0.7231068070213705,0.7539725435780814,0.8680555555555556
L37:T6,rad_all,B,prep_time,144,,,0.4652777777777778,,0.03089483047473574,,,-0.3805406912662533,0.16807893439495147,0.1850904271032738,0.875
L37:T6,baseline,pre-B,prep_time,144,,,0.22916666666666666,,0.235865957918097,,,-0.7964337700622655,0.7051629522929571,0.7154755667880424,0.8680555555555556
L37:T6,lofo_prep_time,C,prep_time,288,,,0.3298611111111111,,0.14877213449174156,,,-0.4998751032065674,0.5108413934471088,0.5412720925256053,0.8680555555555556
L37:T6,baseline,pre-C,prep_time,288,,,0.2222222222222222,,0.28297165368305244,,,-0.8557220942476155,0.6998829673908523,0.7240434392123876,0.8680555555555556
L37:T6,rad_all,A,tenure,144,,,0.8333333333333334,,-0.00013041998576675777,,,0.00960430781914759,-0.016964089349058388,0.1046202581736681,0.875
L37:T6,baseline,pre-A,tenure,144,,,0.3472222222222222,,0.2504007740337191,,,-0.08252284987288469,0.7296126005652773,0.7603493358459904,0.8680555555555556
L37:T6,rad_all,B,tenure,144,,,0.7013888888888888,,0.002308894520240007,,,0.09476297818733537,0.007856947108574893,0.0851038622471654,0.875
L37:T6,baseline,pre-B,tenure,144,,,0.3333333333333333,,0.19395260346122026,,,-0.0010269765924096033,0.7110647681249783,0.7281353876678605,0.8680555555555556
L37:T6,lofo_tenure,C,tenure,288,,,0.5451388888888888,,0.010927647223593004,,,0.16884116187054207,0.03800839487182681,0.12893131426859014,0.875
L37:T6,baseline,pre-C,tenure,288,,,0.3402777777777778,,0.22374205619471432,,,-0.04177491323264715,0.717062258357098,0.7438808820996633,0.8680555555555556
L37:T6,rad_all,A,background_event,144,,,0.8055555555555556,,0.0017978164047895001,,,0.004508954887689083,0.019864701585942838,0.16002701326174748,0.875
L37:T6,baseline,pre-A,background_event,144,,,0.4097222222222222,,0.1986258677041451,,,0.009284464861279575,0.6055035981798549,0.631092163597927,0.8680555555555556
L37:T6,rad_all,B,background_event,144,,,0.8333333333333334,,0.0029144773171722502,,,0.005087105823439138,0.03360937551008047,0.053755305074934055,0.875
L37:T6,baseline,pre-B,background_event,144,,,0.375,,0.21700808755720005,,,-0.17076434593300785,0.8125940276856278,0.804223337677885,0.8680555555555556
L37:T6,lofo_background_event,C,background_event,288,,,0.6631944444444444,,0.014292120947481264,,,-0.17180262587123463,0.09742314392879581,0.15599002266437875,0.875
L37:T6,baseline,pre-C,background_event,288,,,0.3923611111111111,,0.20991690051730189,,,-0.08073994053586414,0.7143087762540791,0.7200985680174935,0.8680555555555556
L37:T6,rad_all,A,other_horizon,144,,,0.7638888888888888,,0.0234120167475376,,,-0.029141918317087692,0.08143249573007398,0.11350465543342855,0.875
L37:T6,baseline,pre-A,other_horizon,144,,,0.4444444444444444,,0.16531553041395677,,,0.05930844533416805,0.5689703228487079,0.5473691464800116,0.8680555555555556
L37:T6,rad_all,B,other_horizon,144,,,0.7083333333333334,,-0.008758403194461958,,,-0.08573892289599397,-0.10244784433384606,0.045704995252403055,0.875
L37:T6,baseline,pre-B,other_horizon,144,,,0.4722222222222222,,0.13738803891843668,,,-0.096688485448721,0.5968600879507121,0.6311574250942967,0.8680555555555556
L37:T6,lofo_other_horizon,C,other_horizon,288,,,0.5277777777777778,,0.06250244562405494,,,-0.28053538749645823,0.2946022155584806,0.33422417806791477,0.875
L37:T6,baseline,pre-C,other_horizon,288,,,0.4583333333333333,,0.15138974443092273,,,-0.018690020057276473,0.5823380979955964,0.5911233569497741,0.8680555555555556
L37:T7,baseline,clean,-,432,0.2987136901409116,0.03892335886444607,0.7291666666666666,0.97270928925124,,,,,,,
L37:T7,rad_all,clean,-,432,0.29503099559716256,0.04034111044471927,0.7175925925925926,0.9743600543289912,,,,,,,
L37:T7,lofo_entity_age,clean,-,432,0.29653734681644145,0.03928628334604099,0.7106481481481481,0.9739298875334861,,,,,,,
L37:T7,lofo_prep_time,clean,-,432,0.2984175497639594,0.03889288186875583,0.7314814814814815,0.973316899849891,,,,,,,
L37:T7,lofo_tenure,clean,-,432,0.29666507976870077,0.04642281861438827,0.7222222222222222,0.9742148730355081,,,,,,,
L37:T7,lofo_background_event,clean,-,432,0.29939011318240905,0.036462566318462106,0.7083333333333334,0.9737148041357333,,,,,,,
L37:T7,lofo_other_horizon,clean,-,432,0.2932542422487011,0.04343984270052016,0.7175925925925926,0.974166479271014,,,,,,,
L37:T7,rad_all,A,entity_age,144,,,0.7430555555555556,,0.0010358766179307333,,,-0.04112821426109633,0.016524972634933948,-0.06066928046194553,0.7638888888888888
L37:T7,baseline,pre-A,entity_age,144,,,0.375,,0.2572305113201039,,,-0.12566460991136946,0.7190654323246111,0.7336468816637556,0.7916666666666666
L37:T7,rad_all,B,entity_age,144,,,0.5902777777777778,,0.005013023233448532,,,0.1456378489794972,0.018954536296139395,0.07240146490638591,0.7638888888888888
L37:T7,baseline,pre-B,entity_age,144,,,0.3611111111111111,,0.21701668122145495,,,-0.30564984711099014,0.7240166588757875,0.7214400799836603,0.7916666666666666
L37:T7,lofo_entity_age,C,entity_age,288,,,0.6145833333333334,,0.02581268812703172,,,0.07841167782149,0.13117022874542295,0.14702236269405408,0.7430555555555556
L37:T7,baseline,pre-C,entity_age,288,,,0.3680555555555556,,0.23796670332023742,,,-0.2156572285111798,0.7226710635705491,0.7349191380972575,0.7916666666666666
L37:T7,rad_all,A,prep_time,144,,,0.75,,0.05738314508587104,,,-0.035958429851763105,0.2942043140870464,0.3249595072101036,0.7638888888888888
L37:T7,baseline,pre-A,prep_time,144,,,0.22916666666666666,,0.271695229364422,,,-0.07595461035874486,0.6065256920096199,0.637944145734599,0.7916666666666666
L37:T7,rad_all,B,prep_time,144,,,0.5347222222222222,,0.05725594371384918,,,0.08027429436599737,0.26871083756283776,0.20969920743416917,0.7638888888888888
L37:T7,baseline,pre-B,prep_time,144,,,0.3055555555555556,,0.21669327796957977,,,0.19376827344027012,0.5390074581770539,0.5386858798649873,0.7916666666666666
L37:T7,lofo_prep_time,C,prep_time,288,,,0.3923611111111111,,0.19275240514140174,,,-0.19570881465148113,0.5820881067094722,0.5681381071178727,0.7777777777777778
L37:T7,baseline,pre-C,prep_time,288,,,0.2673611111111111,,0.24123576877384414,,,0.05890683154076263,0.5596657639901371,0.5809179657414063,0.7916666666666666
L37:T7,rad_all,A,tenure,144,,,0.6805555555555556,,0.005258979969555957,,,-0.047997045169714335,0.014070085242596586,-0.008181590775976388,0.7638888888888888
L37:T7,baseline,pre-A,tenure,144,,,0.3055555555555556,,0.2838548617183153,,,-0.19151931605261774,0.7016693831373295,0.7370948070155254,0.7916666666666666
L37:T7,rad_all,B,tenure,144,,,0.6805555555555556,,0.03721460704721036,,,-0.06174309837336524,0.1986868965540386,0.22066182690401281,0.7638888888888888
L37:T7,baseline,pre-B,tenure,144,,,0.3263888888888889,,0.25243649391588774,,,-0.27781661664012847,0.6387201538300343,0.6672937941716819,0.7916666666666666
L37:T7,lofo_tenure,C,tenure,288,,,0.6631944444444444,,0.059207034056364134,,,-0.09395635956846234,0.2969338808454274,0.3133766446130687,0.75
L37:T7,baseline,pre-C,tenure,288,,,0.3159722222222222,,0.26524602779345846,,,-0.2346679663463731,0.6642062650972727,0.696045263660651,0.7916666666666666
L37:T7,rad_all,A,background_event,144,,,0.6666666666666666,,0.009313461945845359,,,-0.029737944126250002,0.05500174912004225,0.15323595431204082,0.7638888888888888
L37:T7,baseline,pre-A,background_event,144,,,0.3958333333333333,,0.22909994234081987,,,-0.4075655428408436,0.6225747004937964,0.633662676884898,0.7916666666666666
L37:T7,rad_all,B,background_event,144,,,0.5555555555555556,,0.034508713255226676,,,0.06108387514217005,0.20989228851107836,0.19646702818653508,0.7638888888888888
L37:T7,baseline,pre-B,background_event,144,,,0.3125,,0.26704056965000555,,,-0.5100322371581129,0.6705857239024086,0.6768903708542188,0.7916666666666666
L37:T7,lofo_background_event,C,background_event,288,,,0.53125,,0.05215443976483532,,,-0.24742025036603543,0.21667682732374915,0.2558707131404447,0.7361111111111112
L37:T7,baseline,pre-C,background_event,288,,,0.3541666666666667,,0.2508449397803835,,,-0.45879888999947815,0.6447903285442765,0.6584639637953253,0.7916666666666666
L37:T7,rad_all,A,other_horizon,144,,,0.6666666666666666,,0.0337253392093629,,,-0.035347877948011606,0.1883832400974141,0.22182406384124898,0.7638888888888888
L37:T7,baseline,pre-A,other_horizon,144,,,0.4513888888888889,,0.18313716739709482,,,-0.24113830832220529,0.6055986666633236,0.6057473908028177,0.7916666666666666
L37:T7,rad_all,B,other_horizon,144,,,0.6319444444444444,,0.026765634992646524,,,0.054179540546134886,0.13919513483096305,0.22741556342267988,0.7638888888888888
L37:T7,baseline,pre-B,other_horizon,144,,,0.4375,,0.18135292918689397,,,-0.0731405116153435,0.6880409605865251,0.709059510357847,0.7916666666666666
L37:T7,lofo_other_horizon,C,other_horizon,288,,,0.5416666666666666,,0.08914929431454474,,,-0.2746672413598612,0.382197575089418,0.42920610836909184,0.75
L37:T7,baseline,pre-C,other_horizon,288,,,0.4444444444444444,,0.1815934160971666,,,-0.1571394099687744,0.6389897422675492,0.6526447873448987,0.7916666666666666
L37:T8,baseline,clean,-,432,0.2252569133845382,0.04040491116996155,0.8611111111111112,0.9851518638112284,,,,,,,
L37:T8,rad_all,clean,-,432,0.18896242498213559,0.03435095496944306,0.9166666666666666,0.9881415230399897,,,,,,,
L37:T8,lofo_entity_age,clean,-,432,0.1922140538666904,0.03892416096851735,0.9120370370370371,0.988340475182911,,,,,,,
L37:T8,lofo_prep_time,clean,-,432,0.18891799114338043,0.03627226919473508,0.9120370370370371,0.9882383105689785,,,,,,,
L37:T8,lofo_tenure,clean,-,432,0.19212368441269326,0.03697549067448988,0.9143518518518519,0.9878242750283046,,,,,,,
L37:T8,lofo_background_event,clean,-,432,0.19272088976488672,0.03030768936885804,0.9050925925925926,0.9875285353563948,,,,,,,
L37:T8,lofo_other_horizon,clean,-,432,0.18895820655608744,0.015693871722196828,0.9097222222222222,0.988453393966731,,,,,,,
L37:T8,rad_all,A,entity_age,144,,,0.8541666666666666,,-0.0007117410888458737,,,0.03982241347117776,-0.016625465049400826,0.05771681332490855,0.9305555555555556
L37:T8,baseline,pre-A,entity_age,144,,,0.5069444444444444,,0.14734167458383574,,,0.019757500057731622,0.7543221910161718,0.7039312747058988,0.8541666666666666
L37:T8,rad_all,B,entity_age,144,,,0.7986111111111112,,0.006624471082841144,,,0.1181629449203552,0.06575300704744952,0.16655311450122695,0.9305555555555556
L37:T8,baseline,pre-B,entity_age,144,,,0.5138888888888888,,0.14206844194926344,,,-0.007949665605682823,0.7394077986229867,0.7422577119373674,0.8541666666666666
L37:T8,lofo_entity_age,C,entity_age,288,,,0.7916666666666666,,0.005680425476882203,,,0.06466094177514532,0.027122261634219765,0.127987191390214,0.9236111111111112
L37:T8,baseline,pre-C,entity_age,288,,,0.5104166666666666,,0.14471962330013213,,,0.0059039172260244,0.74975288096089,0.7256870486140846,0.8541666666666666
L37:T8,rad_all,A,prep_time,144,,,0.8611111111111112,,0.020178405416398225,,,0.02970276154368679,0.1716578734192225,0.19574629255265863,0.9305555555555556
L37:T8,baseline,pre-A,prep_time,144,,,0.2777777777777778,,0.13986694387332682,,,-0.6115872994080414,0.5418175857099974,0.6205606883224096,0.8541666666666666
L37:T8,rad_all,B,prep_time,144,,,0.6597222222222222,,0.049777379631213814,,,-0.20502611674707577,0.3823686722338711,0.37275549056753066,0.9305555555555556
L37:T8,baseline,pre-B,prep_time,144,,,0.3958333333333333,,0.13823017487399267,,,-0.4113165864005086,0.5617289757890085,0.5438150539424492,0.8541666666666666
L37:T8,lofo_prep_time,C,prep_time,288,,,0.5,,0.10719431037405427,,,-0.2465526942441015,0.5477126408594987,0.5731708688512848,0.9305555555555556
L37:T8,baseline,pre-C,prep_time,288,,,0.3368055555555556,,0.13740590150481946,,,-0.511451942904275,0.514265650968729,0.553081020526216,0.8541666666666666
L37:T8,rad_all,A,tenure,144,,,0.875,,0.005303873944159368,,,0.028149272029455615,0.07261337664623013,0.15291998087547123,0.9305555555555556
L37:T8,baseline,pre-A,tenure,144,,,0.3888888888888889,,0.2148307542813735,,,-0.19169970358212352,0.7790397790335563,0.7992415354767187,0.8541666666666666
L37:T8,rad_all,B,tenure,144,,,0.8125,,0.019675056247609693,,,0.034670704450205175,0.18413878113529591,0.16222213972524202,0.9305555555555556
L37:T8,baseline,pre-B,tenure,144,,,0.4513888888888889,,0.19223738379149136,,,-0.1997822132243147,0.7224733206418039,0.706892084012059,0.8541666666666666
L37:T8,lofo_tenure,C,tenure,288,,,0.7256944444444444,,0.04228821270432716,,,0.1117859953621399,0.34833915283479006,0.3511878418749711,0.9236111111111112
L37:T8,baseline,pre-C,tenure,288,,,0.4201388888888889,,0.2025149316317359,,,-0.19574095840321912,0.7474477723714031,0.7523063697899343,0.8541666666666666
L37:T8,rad_all,A,background_event,144,,,0.8958333333333334,,0.001056509866347933,,,0.028839182443834814,-0.005790186692543637,0.037980891397323725,0.9305555555555556
L37:T8,baseline,pre-A,background_event,144,,,0.5972222222222222,,0.12232080398793893,,,0.11801596623613436,0.547565555148738,0.5432947648947791,0.8541666666666666
L37:T8,rad_all,B,background_event,144,,,0.8402777777777778,,-0.004257311295701852,,,-0.03331498047750331,-0.13839875774386598,-0.040979200302011645,0.9305555555555556
L37:T8,baseline,pre-B,background_event,144,,,0.5833333333333334,,0.11077921455103894,,,-0.02477876926664064,0.5530785202114807,0.5364778240616713,0.8541666666666666
L37:T8,lofo_background_event,C,background_event,288,,,0.7743055555555556,,0.006119739691443864,,,-0.0017644285791068581,-0.05207320826160421,0.027139523288094314,0.9305555555555556
L37:T8,baseline,pre-C,background_event,288,,,0.5902777777777778,,0.11666670355659814,,,0.046618598484746865,0.545866732246387,0.5318582396358871,0.8541666666666666
L37:T8,rad_all,A,other_horizon,144,,,0.7847222222222222,,0.01624638246389581,,,0.03703422474118033,0.09090461558731863,0.14050411610863003,0.9305555555555556
L37:T8,baseline,pre-A,other_horizon,144,,,0.4097222222222222,,0.16235496117073,,,-0.30903522976632797,0.5378487917667149,0.5401399474291928,0.8541666666666666
L37:T8,rad_all,B,other_horizon,144,,,0.7222222222222222,,0.013151031159072488,,,0.016727790212317725,0.1023734815167167,0.14064018525031477,0.9305555555555556
L37:T8,baseline,pre-B,other_horizon,144,,,0.4305555555555556,,0.14559207226113338,,,-0.2467068671763949,0.6876470386363261,0.6787978633979317,0.8541666666666666
L37:T8,lofo_other_horizon,C,other_horizon,288,,,0.5173611111111112,,0.07344413830994552,,,-0.2754319268314298,0.29829286333118465,0.31123600425744213,0.9166666666666666
L37:T8,baseline,pre-C,other_horizon,288,,,0.4201388888888889,,0.15344050358419034,,,-0.27787104847136146,0.6035110920616122,0.6046460190039671,0.8541666666666666
L37:R0,baseline,clean,-,432,0.24778582727598703,0.046879161267516935,0.8472222222222222,0.9821138108179728,,,,,,,
L37:R0,rad_all,clean,-,432,0.21609373963481007,0.027077874880432867,0.8518518518518519,0.9853615701240372,,,,,,,
L37:R0,lofo_entity_age,clean,-,432,0.2085601300613379,0.028697564508608383,0.8611111111111112,0.9864369871128004,,,,,,,
L37:R0,lofo_prep_time,clean,-,432,0.22514110534264223,0.028008924977996705,0.8634259259259259,0.9836946737914545,,,,,,,
L37:R0,lofo_tenure,clean,-,432,0.22223120543357266,0.035286627368468125,0.8611111111111112,0.9846517949114537,,,,,,,
L37:R0,lofo_background_event,clean,-,432,0.21101696212937107,0.025071158853566103,0.8680555555555556,0.9856949493905538,,,,,,,
L37:R0,lofo_other_horizon,clean,-,432,0.22102566608117874,0.03412574644589078,0.8379629629629629,0.9851196013015656,,,,,,,
L37:R0,rad_all,A,entity_age,144,,,0.875,,-0.01028675957733979,,,0.01612906873800702,-0.11408300859938222,-0.07658526906521017,0.9027777777777778
L37:R0,baseline,pre-A,entity_age,144,,,0.5138888888888888,,0.16000751751222467,,,0.07259977689518482,0.7704632826278421,0.7917837532811358,0.875
L37:R0,rad_all,B,entity_age,144,,,0.8333333333333334,,-0.003455239819639092,,,0.07027334565677928,-0.06167911826871189,0.14614347436897213,0.9027777777777778
L37:R0,baseline,pre-B,entity_age,144,,,0.5069444444444444,,0.15717698928218718,,,-0.019474245405074222,0.8339935675943482,0.8197620893297991,0.875
L37:R0,lofo_entity_age,C,entity_age,288,,,0.7534722222222222,,0.01931775191299354,,,-0.09603669842676615,0.18471237868538296,0.24874943310217343,0.9166666666666666
L37:R0,baseline,pre-C,entity_age,288,,,0.5104166666666666,,0.15915656430315492,,,0.026562765745055297,0.7971889549010818,0.8040486503520082,0.875
L37:R0,rad_all,A,prep_time,144,,,0.8472222222222222,,0.02385678662995399,,,0.02276814871984135,0.2460757129548593,0.23147393030951816,0.9027777777777778
L37:R0,baseline,pre-A,prep_time,144,,,0.3263888888888889,,0.16097850602363503,,,-0.4821771140553678,0.5885392704138652,0.6501099530783361,0.875
L37:R0,rad_all,B,prep_time,144,,,0.3263888888888889,,0.03647435945762344,,,-0.4224916341512326,0.19427349777722516,0.2000357791565683,0.9027777777777778
L37:R0,baseline,pre-B,prep_time,144,,,0.2847222222222222,,0.11788019901826967,,,-0.5587116601056085,0.4798913150969636,0.5137896889176824,0.875
L37:R0,lofo_prep_time,C,prep_time,288,,,0.4618055555555556,,0.07500107152855705,,,0.01942565848698536,0.26876640818748476,0.297776508903076,0.9097222222222222
L37:R0,baseline,pre-C,prep_time,288,,,0.3055555555555556,,0.1393378979944924,,,-0.5204443870804881,0.5424676058074915,0.5862961426382126,0.875
L37:R0,rad_all,A,tenure,144,,,0.8611111111111112,,-0.011489500250990861,,,-0.021163211248930572,-0.1337793592713447,-0.07387950344280718,0.9027777777777778
L37:R0,baseline,pre-A,tenure,144,,,0.4722222222222222,,0.1969058524467151,,,-0.15332206494386513,0.7092138910648695,0.7342651141114295,0.875
L37:R0,rad_all,B,tenure,144,,,0.5555555555555556,,0.019890153716886565,,,0.22732470358690465,0.14813832586241668,0.18667133507666311,0.9027777777777778
L37:R0,baseline,pre-B,tenure,144,,,0.4305555555555556,,0.17225681473934742,,,-0.013755200172550972,0.6787807352628831,0.7201678925697814,0.875
L37:R0,lofo_tenure,C,tenure,288,,,0.5868055555555556,,0.031691248504993774,,,0.14530379175199323,0.19109277385252713,0.258709950241989,0.9097222222222222
L37:R0,baseline,pre-C,tenure,288,,,0.4513888888888889,,0.18685924692125677,,,-0.08353863255820805,0.6984161567083783,0.7357510652207055,0.875
L37:R0,rad_all,A,background_event,144,,,0.8680555555555556,,-0.015888639201533997,,,-0.00884235789710075,-0.16233223510706077,-0.05138212876833413,0.9027777777777778
L37:R0,baseline,pre-A,background_event,144,,,0.5138888888888888,,0.14031013774151313,,,-0.022289648824235477,0.662746256068445,0.6920187549149907,0.875
L37:R0,rad_all,B,background_event,144,,,0.7222222222222222,,-0.002798772575534078,,,0.055274525682642225,-0.014868274832480731,0.030819815430669372,0.9027777777777778
L37:R0,baseline,pre-B,background_event,144,,,0.4861111111111111,,0.15828561820291456,,,-0.038363743854353455,0.6583020126593535,0.6757729390068467,0.875
L37:R0,lofo_background_event,C,background_event,288,,,0.6423611111111112,,0.0013324634163594147,,,-0.07034814577281377,-0.024418210628728305,0.05255476982054492,0.9097222222222222
L37:R0,baseline,pre-C,background_event,288,,,0.5,,0.15039061168401718,,,-0.030326696339294468,0.6621973847076762,0.681640715256456,0.875
L37:R0,rad_all,A,other_horizon,144,,,0.7916666666666666,,0.011655137737309034,,,0.003185799050865665,0.04988087051494906,0.14517083843167736,0.9027777777777778
L37:R0,baseline,pre-A,other_horizon,144,,,0.4375,,0.1396005612962019,,,-0.4312264285779165,0.3376058064374736,0.34876413647087534,0.875
L37:R0,rad_all,B,other_horizon,144,,,0.7569444444444444,,0.015818117305078944,,,-0.026285044167210007,0.052560443069383254,0.1689603597413931,0.9027777777777778
L37:R0,baseline,pre-B,other_horizon,144,,,0.5486111111111112,,0.12629228223072586,,,-0.11923194921946687,0.6902336587889071,0.6900748841253066,0.875
L37:R0,lofo_other_horizon,C,other_horizon,288,,,0.5451388888888888,,0.049631548939816084,,,-0.342427618886194,0.1912191129111074,0.25777084698499586,0.8958333333333334
L37:R0,baseline,pre-C,other_horizon,288,,,0.4930555555555556,,0.1316066193028121,,,-0.27522918889869163,0.47972216375945637,0.4881120320524418,0.875
