layer,position,n_horizon,rho_pc1_horizon,rho_pc2_horizon,rho_pc3_horizon,rho_pc1_reward_ratio,rho_pc1_short_reward,rho_pc1_short_delay,rho_pc1_long_delay,evr_pc1,evr_pc2,evr_pc3,cum_evr_2,cum_evr_5,cum_evr_10,n_pc_horizon,n_pc_90,n_pc_95,evr_top10,rho_top10,n_choice,silhouette_choice_pc3,rho_pc1_p_short,ridge_r2_horizon
0,T0,1890,,,,,,,,,,,,,,0,1,1,"[NaN, NaN, NaN, NaN, NaN, NaN, NaN, NaN, NaN, NaN]","[null, null, null, null, null, null, null, null, null, null]",2000,0.0,,
0,T1,1890,,,,,,,,,,,,,,0,1,1,"[NaN, NaN, NaN, NaN, NaN, NaN, NaN, NaN, NaN, NaN]","[null, null, null, null, null, null, null, null, null, null]",2000,0.0,,
0,T2,1890,,,,,,,,,,,,,,0,1,1,"[NaN, NaN, NaN, NaN, NaN, NaN, NaN, NaN, NaN, NaN]","[null, null, null, null, null, null, null, null, null, null]",2000,0.0,,
0,T3,1890,,,,,,,,,,,,,,0,1,1,"[NaN, NaN, NaN, NaN, NaN, NaN, NaN, NaN, NaN, NaN]","[null, null, null, null, null, null, null, null, null, null]",2000,0.0,,
0,T4,1890,,,,,,,,,,,,,,0,1,1,"[NaN, NaN, NaN, NaN, NaN, NaN, NaN, NaN, NaN, NaN]","[null, null, null, null, null, null, null, null, null, null]",2000,0.0,,
0,T5,1890,,,,,,,,,,,,,,0,1,1,"[NaN, NaN, NaN, NaN, NaN, NaN, NaN, NaN, NaN, NaN]","[null, null, null, null, null, null, null, null, null, null]",2000,0.0,,
0,T6,1890,,,,,,,,,,,,,,0,1,1,"[NaN, NaN, NaN, NaN, NaN, NaN, NaN, NaN, NaN, NaN]","[null, null, null, null, null, null, null, null, null, null]",2000,0.0,,
0,T7,1890,,,,,,,,,,,,,,0,1,1,"[NaN, NaN, NaN, NaN, NaN, NaN, NaN, NaN, NaN, NaN]","[null, null, null, null, null, null, null, null, null, null]",2000,0.0,,
0,T8,1890,,,,,,,,,,,,,,0,1,1,"[NaN, NaN, NaN, NaN, NaN, NaN, NaN, NaN, NaN, NaN]","[null, null, null, null, null, null, null, null, null, null]",2000,0.0,,
0,R0,1890,,,,,,,,,,,,,,0,1,1,"[NaN, NaN, NaN, NaN, NaN, NaN, NaN, NaN, NaN, NaN]","[null, null, null, null, null, null, null, null, null, null]",2000,0.0,,
0,R1,1890,,,,,,,,,,,,,,0,1,1,"[NaN, NaN, NaN, NaN, NaN, NaN, NaN, NaN, NaN, NaN]","[null, null, null, null, null, null, null, null, null, null]",2000,0.0,,
0,R2,1890,,,,,,,,,,,,,,0,1,1,"[NaN, NaN, NaN, NaN, NaN, NaN, NaN, NaN, NaN, NaN]","[null, null, null, null, null, null, null, null, null, null]",2000,0.0,,
0,R3,1890,-0.06936083163852616,0.06233289876529763,0.06108002464710387,-0.0011790018697928086,-0.023719410482099215,-0.01805838395485653,-0.041001212985756874,1.0,3.862514908609116e-12,1.1663060521359866e-17,1.0,1.0,1.0,0,1,1,"[1.0, 0.0, 0.0, 0.0, 0.0, 0.0, 0.0, 0.0, 0.0, 0.0]","[0.069, 0.062, 0.061, 0.069, 0.072, 0.064, 0.065, 0.061, null, 0.064]",2000,-0.0007056319736875594,-0.09441815361174215,
0,R4,1890,0.0088955681697171,0.005948311821086137,0.005948311821086137,-0.008561527572077671,0.004545428812388038,0.024938383274491497,0.02506679372327759,1.0000001192092896,3.275665329260935e-13,4.726580702065108e-21,1.0000001192092896,1.0000001192092896,1.0000001192092896,0,1,1,"[1.0, 0.0, 0.0, 0.0, 0.0, 0.0, 0.0, 0.0, 0.0, 0.0]","[0.009, 0.006, 0.006, 0.006, 0.007, 0.007, 0.006, 0.006, 0.007, 0.007]",2000,-0.485447496175766,-0.00634803982107212,
0,R5,1890,0.005948311821086137,0.006845168997509485,0.0088955681697171,0.016154153147923483,0.007719425968203964,0.00915292881278825,0.04283299281868695,0.9999995231628418,3.4300009664131603e-13,3.953609500202714e-21,0.9999995231628418,0.9999995231628418,0.9999995231628418,0,1,1,"[1.0, 0.0, 0.0, 0.0, 0.0, 0.0, 0.0, 0.0, 0.0, 0.0]","[0.006, 0.007, 0.009, 0.009, 0.009, 0.006, 0.006, 0.006, 0.007, 0.007]",2000,-0.4854467809200287,0.030760116220688444,
0,R6,1890,0.005949508391725722,-0.004716508565709809,-0.005949508391725722,0.016154152938001477,0.007717813791024506,0.009151849634122003,0.042833922422187705,0.897278368473053,0.10272156447172165,2.95951441521905e-13,0.9999999403953552,0.9999999403953552,0.9999999403953552,0,2,2,"[0.8973, 0.1027, 0.0, 0.0, 0.0, 0.0, 0.0, 0.0, 0.0, 0.0]","[0.006, 0.005, 0.006, 0.005, 0.007, 0.008, 0.006, 0.006, 0.005, 0.007]",2000,-0.4854671061038971,0.03074781537858773,
0,R7,1890,-0.008897961349994758,-0.003917571007402344,-0.006074264151086035,0.008561527460821264,-0.004537801527034934,-0.0249394620101437,-0.025068653717761038,0.73405522108078,0.26594462990760803,4.42733631873804e-13,0.9999998807907104,0.9999998807907104,0.9999998807907104,0,2,2,"[0.7341, 0.2659, 0.0, 0.0, 0.0, 0.0, 0.0, 0.0, 0.0, 0.0]","[0.009, 0.004, 0.006, 0.009, 0.006, 0.006, 0.011, 0.009, 0.007, 0.007]",2000,-0.4854784607887268,0.006347668665098202,
1,T0,1890,0.5281378677568641,0.2034849747132784,0.6534524671285811,-0.10609839226036522,0.11141769487959338,-0.043740381554268,0.22692274085984884,0.6476182341575623,0.06000184640288353,0.04624556377530098,0.7076200842857361,0.8170040845870972,0.8856195211410522,3,12,27,"[0.6476, 0.06, 0.0462, 0.0391, 0.0241, 0.0183, 0.0167, 0.0129, 0.011, 0.0099]","[0.528, 0.203, 0.653, 0.497, 0.126, 0.024, 0.109, 0.048, 0.054, 0.147]",2000,0.10998693853616714,-0.32977047424250316,
1,T1,1890,0.058551108483230675,-0.5648079682253014,-0.11033038995264635,0.031764145814764194,0.08143097008507834,0.002636539073363844,-0.05160392193258024,0.19610466063022614,0.11690525710582733,0.08754604309797287,0.31300991773605347,0.5482890605926514,0.738959550857544,2,26,53,"[0.1961, 0.1169, 0.0875, 0.0827, 0.065, 0.0536, 0.0435, 0.038, 0.0302, 0.0254]","[0.059, 0.565, 0.11, 0.57, 0.043, 0.273, 0.057, 0.02, 0.061, 0.015]",2000,0.045951806008815765,0.0512368067500163,
1,T2,1890,-0.11498670120239475,-0.2603246453857478,0.11198488605091939,-0.13014544346141546,0.27344060436803747,-0.23378425814256898,-0.07065097730882551,0.22862224280834198,0.14834639430046082,0.08962483704090118,0.3769686222076416,0.6089915037155151,0.7645819783210754,1,27,114,"[0.2286, 0.1483, 0.0896, 0.0745, 0.0679, 0.0503, 0.034, 0.0271, 0.0242, 0.02]","[0.115, 0.26, 0.112, 0.702, 0.105, 0.272, 0.036, 0.003, 0.226, 0.115]",2000,0.053190406411886215,0.06432277683308103,
1,T3,1890,0.48693031313895785,0.19745723710564123,-0.24385622134921225,-0.08178470216145559,0.040407478981512944,-0.16168764379447415,0.12423389760790868,0.8878825902938843,0.01418245118111372,0.010252770967781544,0.9020650386810303,0.9271430969238281,0.947719395160675,3,2,11,"[0.8879, 0.0142, 0.0103, 0.0077, 0.0072, 0.0053, 0.0049, 0.0038, 0.0036, 0.003]","[0.487, 0.197, 0.244, 0.52, 0.449, 0.017, 0.233, 0.053, 0.1, 0.201]",2000,-0.03159714490175247,-0.4161343327273767,
1,T4,1890,-0.16691048167304526,0.3626358574571972,-0.27618652175003783,0.013789222953705426,0.18206481527339777,0.008093220920808707,0.008537193948393411,0.7279002070426941,0.049359776079654694,0.03450977802276611,0.7772600054740906,0.8653044104576111,0.9200519323348999,3,8,16,"[0.7279, 0.0494, 0.0345, 0.0281, 0.0255, 0.0153, 0.0128, 0.0105, 0.0089, 0.0072]","[0.167, 0.363, 0.276, 0.633, 0.304, 0.24, 0.159, 0.027, 0.016, 0.033]",2000,0.01905200257897377,0.10059849985888047,
1,T5,1890,-0.3715996118716477,0.3913203574745923,-0.07902299118439926,0.033365841440052856,0.1298948301293956,-0.10104194496937731,-0.07212488060887821,0.5646482110023499,0.056473277509212494,0.039284151047468185,0.6211214661598206,0.7146665453910828,0.7927553653717041,3,87,392,"[0.5646, 0.0565, 0.0393, 0.0321, 0.0222, 0.0214, 0.0202, 0.0143, 0.0126, 0.0095]","[0.372, 0.391, 0.079, 0.663, 0.207, 0.126, 0.276, 0.059, 0.121, 0.117]",2000,0.12366935610771179,0.26152927755124633,
1,T6,1890,-0.4391907317394166,0.7032786123969471,-0.07867788646550927,0.08799121185942928,-0.1048990826974457,-0.060568116872183005,-0.14994264404354243,0.5338487029075623,0.09485634416341782,0.0678439512848854,0.6287050247192383,0.7640321254730225,0.8561184406280518,2,17,78,"[0.5338, 0.0949, 0.0678, 0.0376, 0.0299, 0.0272, 0.0229, 0.0168, 0.0138, 0.0114]","[0.439, 0.703, 0.079, 0.172, 0.084, 0.167, 0.177, 0.045, 0.038, 0.092]",2000,0.06749846041202545,0.14951911536058635,
1,T7,1890,-0.18354819079220822,0.023835654937970758,0.2419623488161759,-0.012593495917424395,0.06906775237497594,-0.02463449160543153,0.06241583459880161,0.4140501618385315,0.15116570889949799,0.041078437119722366,0.5652158856391907,0.6624478697776794,0.744007408618927,2,211,576,"[0.4141, 0.1512, 0.0411, 0.0294, 0.0268, 0.0199, 0.0181, 0.0164, 0.0151, 0.0121]","[0.184, 0.024, 0.242, 0.444, 0.399, 0.251, 0.005, 0.271, 0.109, 0.13]",2000,0.01550078485161066,0.1540330090913382,
1,T8,1890,0.27884173474388957,-0.18257117147323285,-0.38256365105372464,-0.12402320446170666,0.18903779854167213,0.08635591768896886,-0.0596091335699722,0.8063626885414124,0.033776186406612396,0.0210235845297575,0.840138852596283,0.892612099647522,0.9334574937820435,3,6,15,"[0.8064, 0.0338, 0.021, 0.0172, 0.0142, 0.0122, 0.0089, 0.0071, 0.007, 0.0057]","[0.279, 0.183, 0.383, 0.461, 0.369, 0.112, 0.225, 0.168, 0.21, 0.029]",2000,0.10640998929738998,-0.23544135752359185,
1,R0,1890,-0.3342736316781697,-0.4228107256073799,-0.2667209092259297,-0.07179603492453884,-0.33436507212232686,-0.20886780576951797,-0.07588400249838782,0.7283169031143188,0.0438787117600441,0.03338591381907463,0.7721956372261047,0.8522765636444092,0.9105395078659058,5,9,22,"[0.7283, 0.0439, 0.0334, 0.026, 0.0207, 0.0162, 0.0142, 0.0109, 0.0094, 0.0075]","[0.334, 0.423, 0.267, 0.133, 0.322, 0.38, 0.353, 0.107, 0.053, 0.076]",2000,0.08055209368467331,0.12302946912123222,
1,R1,1890,0.45263324052339055,-0.43865277460656177,0.44477795695197014,-0.0998930049579269,0.14500278890384735,-0.07983077029465462,-0.027973019006641175,0.18604527413845062,0.15985926985740662,0.08328837156295776,0.34590452909469604,0.5305987596511841,0.6537838578224182,3,353,721,"[0.186, 0.1599, 0.0833, 0.0585, 0.0429, 0.0348, 0.0293, 0.0235, 0.0203, 0.0153]","[0.453, 0.439, 0.445, 0.246, 0.192, 0.012, 0.155, 0.054, 0.024, 0.148]",2000,0.03803489729762077,-0.2785606319218636,
1,R2,1890,-0.02613937865047236,-0.17934691431073366,-0.23547665929145337,0.11989600103305406,-0.0665613091279023,-0.21524506064227084,-0.09450806983196702,0.48336970806121826,0.10563799738883972,0.06536991149187088,0.5890077352523804,0.7379027605056763,0.8499065637588501,2,16,39,"[0.4834, 0.1056, 0.0654, 0.0456, 0.0379, 0.0281, 0.0256, 0.0222, 0.0201, 0.0161]","[0.026, 0.179, 0.235, 0.484, 0.533, 0.198, 0.146, 0.241, 0.099, 0.218]",2000,0.07559123635292053,-0.08444474726165484,
1,R3,1890,-0.03113430094103969,-0.49916375578349964,0.4013465853948885,0.006692058717962205,-0.014160060884467083,-0.025079704826775705,0.001488839190920024,0.9998018741607666,9.045335900736973e-05,1.8266006009071134e-05,0.9998923540115356,0.9999347925186157,0.9999610185623169,3,1,1,"[0.9998, 0.0001, 0.0, 0.0, 0.0, 0.0, 0.0, 0.0, 0.0, 0.0]","[0.031, 0.499, 0.401, 0.509, 0.116, 0.18, 0.104, 0.1, 0.157, 0.043]",2000,-0.0004694080271292478,-0.11532933515384595,
1,R4,1890,-0.11835116134094428,0.151131212260983,0.24601376327136293,0.003624367761221684,0.06446809576276057,-0.12955555769847862,-0.09386113718860196,0.810021698474884,0.17840395867824554,0.006039722822606564,0.9884256720542908,0.9967599511146545,0.9981733560562134,3,2,2,"[0.81, 0.1784, 0.006, 0.0016, 0.0007, 0.0005, 0.0003, 0.0002, 0.0002, 0.0001]","[0.118, 0.151, 0.246, 0.527, 0.476, 0.166, 0.345, 0.023, 0.295, 0.047]",2000,-0.03736116737127304,0.12250648586054791,
1,R5,1890,0.09797966189983481,-0.08660866385161761,-0.046686845828382124,-0.010935536464582127,0.06972046318620898,-0.09573836727486139,0.1608548194737213,0.6940693259239197,0.2882195711135864,0.0046286131255328655,0.9822888970375061,0.9910841584205627,0.9943179488182068,3,2,2,"[0.6941, 0.2882, 0.0046, 0.0027, 0.0014, 0.0008, 0.0008, 0.0007, 0.0005, 0.0005]","[0.098, 0.087, 0.047, 0.505, 0.39, 0.223, 0.259, 0.521, 0.169, 0.116]",2000,-0.09540954232215881,0.08776359030544707,
1,R6,1890,0.12233041959228304,-0.11076763153303973,-0.08727037241359716,-0.0012246938774153984,0.12054747112946104,0.06755070839625596,0.04996332588571439,0.8702568411827087,0.09777573496103287,0.022074701264500618,0.9680325984954834,0.9947299957275391,0.996311366558075,1,2,2,"[0.8703, 0.0978, 0.0221, 0.004, 0.0007, 0.0005, 0.0004, 0.0003, 0.0002, 0.0002]","[0.122, 0.111, 0.087, 0.205, 0.281, 0.716, 0.04, 0.028, 0.1, 0.04]",2000,-0.14948569238185883,-0.03386074253607028,
1,R7,1890,0.019544839248157184,0.0019726509740642276,-0.005727437714310463,0.013056641204887226,-0.05934212980205908,-0.17296447763356387,-0.06463094659059311,0.784540057182312,0.1484275758266449,0.05854205787181854,0.9329676628112793,0.9950169324874878,0.9973474144935608,2,2,3,"[0.7845, 0.1484, 0.0585, 0.0024, 0.0012, 0.0008, 0.0005, 0.0004, 0.0003, 0.0003]","[0.02, 0.002, 0.006, 0.235, 0.171, 0.368, 0.611, 0.113, 0.23, 0.22]",2000,-0.13852035999298096,-0.19238334821338496,
2,T0,1890,-0.12678617087081429,-0.5580100909171849,0.4953713408932828,-0.0930167049027141,0.2640648663798019,-0.022723410618609347,0.02480909088810329,0.34238457679748535,0.11372523754835129,0.07102376222610474,0.45610982179641724,0.6446678042411804,0.7547646760940552,3,36,182,"[0.3424, 0.1137, 0.071, 0.0699, 0.0476, 0.032, 0.0246, 0.0191, 0.0186, 0.0158]","[0.127, 0.558, 0.495, 0.075, 0.439, 0.176, 0.088, 0.057, 0.035, 0.019]",2000,0.06126066669821739,0.04333057843843527,
2,T1,1890,0.519671229465808,-0.3514013893539722,-0.22383477306869287,-0.027392055613564798,0.22508999150678938,0.28760801283060583,0.0050276656985354445,0.15335020422935486,0.12075186520814896,0.09341582655906677,0.2741020619869232,0.5079222917556763,0.6735982894897461,3,38,122,"[0.1534, 0.1208, 0.0934, 0.0867, 0.0537, 0.0415, 0.0389, 0.0308, 0.0282, 0.0263]","[0.52, 0.351, 0.224, 0.572, 0.069, 0.018, 0.029, 0.015, 0.086, 0.154]",2000,0.04672282561659813,-0.24056943733115072,
2,T2,1890,-0.2414057825074358,-0.2550543550010866,0.12744119049102562,-0.1556368038283064,-0.009516531451732793,-0.2865600852912056,-0.02430708387163284,0.8239021301269531,0.024313217028975487,0.01950661651790142,0.8482153415679932,0.8958033323287964,0.9369341135025024,3,6,14,"[0.8239, 0.0243, 0.0195, 0.0156, 0.0125, 0.0113, 0.0092, 0.0076, 0.0071, 0.0059]","[0.241, 0.255, 0.127, 0.369, 0.563, 0.019, 0.343, 0.034, 0.049, 0.097]",2000,0.07537191361188889,0.1045531299304482,
2,T3,1890,-0.2739915518417474,0.3934031249389143,0.030075246751759963,-0.02005239308947916,-0.24738937054538504,0.2209380816390843,-0.3124138942552379,0.7255738377571106,0.0414501428604126,0.03545641899108887,0.7670239806175232,0.8434579968452454,0.887539803981781,3,13,52,"[0.7256, 0.0415, 0.0355, 0.0245, 0.0165, 0.0124, 0.0095, 0.0085, 0.007, 0.0066]","[0.274, 0.393, 0.03, 0.482, 0.036, 0.423, 0.207, 0.231, 0.063, 0.084]",2000,0.0054356129840016365,0.015802857927510437,
2,T4,1890,0.12070752788237485,0.09550496132331988,0.6806004678644877,5.1210669967273444e-05,0.40873885823617684,-0.2336643342034924,0.09555407551865874,0.6429395079612732,0.055483173578977585,0.04053115472197533,0.6984226703643799,0.7975797057151794,0.8693886995315552,2,15,36,"[0.6429, 0.0555, 0.0405, 0.0326, 0.026, 0.0204, 0.0178, 0.0136, 0.0105, 0.0095]","[0.121, 0.096, 0.681, 0.484, 0.111, 0.104, 0.073, 0.044, 0.065, 0.092]",2000,0.026653392240405083,-0.05122677613707639,
2,T5,1890,0.21170915733309448,0.39563325200695904,0.36669952642237214,-0.053992178296126854,0.1432724059938952,0.026251851370585045,-0.03601622574848858,0.46256154775619507,0.06832867860794067,0.05071774497628212,0.5308902263641357,0.6523578763008118,0.7412940263748169,3,168,521,"[0.4626, 0.0683, 0.0507, 0.042, 0.0287, 0.0235, 0.0202, 0.0185, 0.0146, 0.0121]","[0.212, 0.396, 0.367, 0.496, 0.177, 0.199, 0.213, 0.258, 0.1, 0.103]",2000,0.048946794122457504,-0.04905236477437233,
2,T6,1890,-0.1690896900244374,0.5490806405703988,-0.06372066266115123,0.04859393439034885,0.013650714573642484,-0.20184450592555395,-0.03422426582894527,0.3984733819961548,0.08193328976631165,0.06952973455190659,0.48040667176246643,0.6524713039398193,0.7768322229385376,1,37,213,"[0.3985, 0.0819, 0.0695, 0.0528, 0.0498, 0.0354, 0.0278, 0.0242, 0.0201, 0.0168]","[0.169, 0.549, 0.064, 0.275, 0.28, 0.205, 0.174, 0.127, 0.2, 0.245]",2000,0.04700082540512085,0.0061095053489597685,
2,T7,1890,0.11020918649763387,0.2640772610629466,-0.442530324477443,-0.00838629626341113,-0.13080058402021996,0.05470529740866868,-0.07607044366579507,0.9088759422302246,0.011772223748266697,0.007721432950347662,0.9206481575965881,0.9387683868408203,0.9534626603126526,3,1,9,"[0.9089, 0.0118, 0.0077, 0.0053, 0.0051, 0.0037, 0.0032, 0.003, 0.0025, 0.0023]","[0.11, 0.264, 0.443, 0.298, 0.133, 0.355, 0.067, 0.135, 0.351, 0.04]",2000,0.012757907621562481,-0.1507385671310301,
2,T8,1890,0.15051449125923788,0.08956096488595541,-0.1551484438925712,-0.012285491289076474,0.314462522438317,-0.13573845442855373,0.08077720691924616,0.18040044605731964,0.14912542700767517,0.12179849296808243,0.329525887966156,0.5525636672973633,0.705026388168335,2,97,415,"[0.1804, 0.1491, 0.1218, 0.0523, 0.0489, 0.0422, 0.0357, 0.0265, 0.0249, 0.0232]","[0.151, 0.09, 0.155, 0.093, 0.525, 0.139, 0.028, 0.019, 0.489, 0.125]",2000,0.05221619829535484,-0.19969923730541023,
2,R0,1890,-0.09391371032533877,0.3632981859132503,0.43189483114443084,-0.020326505791440734,-0.3467507709079733,-0.08141043378511646,-0.0836023414093667,0.8397597670555115,0.02453327365219593,0.01811137981712818,0.8642930388450623,0.9061309099197388,0.9391416907310486,3,5,14,"[0.8398, 0.0245, 0.0181, 0.0139, 0.0098, 0.009, 0.0079, 0.0063, 0.0051, 0.0047]","[0.094, 0.363, 0.432, 0.382, 0.004, 0.294, 0.274, 0.034, 0.148, 0.289]",2000,0.024507690221071243,-0.08284455755947194,
2,R1,1890,0.4614463785441127,-0.6796462209542472,0.022388277056876092,-0.07358713394526012,0.15501403514519463,0.009683432155420106,-0.011143331175113297,0.16709858179092407,0.10701195150613785,0.08159958571195602,0.2741105258464813,0.4440596401691437,0.5713252425193787,2,449,815,"[0.1671, 0.107, 0.0816, 0.0492, 0.0391, 0.0362, 0.0331, 0.0213, 0.0188, 0.0178]","[0.461, 0.68, 0.022, 0.271, 0.203, 0.232, 0.052, 0.022, 0.058, 0.019]",2000,0.03874531760811806,-0.2845127148674823,
2,R2,1890,0.023620794687759256,-0.014628008793672636,-0.21589176173215185,0.08850072811974767,-0.39594053740976753,-0.08380421688407923,0.13593149268617574,0.24610595405101776,0.16246427595615387,0.07914729416370392,0.40857023000717163,0.5831987261772156,0.7261694669723511,2,62,278,"[0.2461, 0.1625, 0.0791, 0.0492, 0.0463, 0.0417, 0.0342, 0.0259, 0.0227, 0.0186]","[0.024, 0.015, 0.216, 0.554, 0.014, 0.278, 0.295, 0.451, 0.009, 0.008]",2000,0.05132371559739113,-0.01710278402774781,
2,R3,1890,0.006595660010975127,-0.6523300699893105,0.27446523746988266,0.024485219950005053,-0.05210711604034721,0.004549024949542648,-0.06794272214855827,0.9998450875282288,2.09312802326167e-05,1.583854464115575e-05,0.9998660087585449,0.9999042749404907,0.9999324679374695,2,1,1,"[0.9998, 0.0, 0.0, 0.0, 0.0, 0.0, 0.0, 0.0, 0.0, 0.0]","[0.007, 0.652, 0.274, 0.565, 0.019, 0.169, 0.006, 0.137, 0.089, 0.103]",2000,-0.00024615394067950547,-0.18699015802480817,
2,R4,1890,0.024187783077588593,0.2836758066705648,-0.31698141836937793,-0.028865039188293355,0.0578712959097815,-0.036313264109278785,-0.033352015446550094,0.9622639417648315,0.036166176199913025,0.00030046948813833296,0.9984301328659058,0.9990863800048828,0.9993880987167358,4,1,1,"[0.9623, 0.0362, 0.0003, 0.0003, 0.0001, 0.0001, 0.0001, 0.0001, 0.0, 0.0]","[0.024, 0.284, 0.317, 0.338, 0.265, 0.397, 0.436, 0.118, 0.238, 0.252]",2000,-0.015843821689486504,0.09410078909225007,
2,R5,1890,-0.02203630456329668,-0.08228298420762735,-0.23207086465917912,0.0002053633923789774,0.037861859602109395,-0.09221544821662775,0.08741336998874029,0.6327582001686096,0.33620384335517883,0.017218075692653656,0.9689620733261108,0.9902539253234863,0.9933461546897888,3,2,2,"[0.6328, 0.3362, 0.0172, 0.0023, 0.0018, 0.0009, 0.0007, 0.0005, 0.0005, 0.0004]","[0.022, 0.082, 0.232, 0.321, 0.574, 0.077, 0.049, 0.549, 0.214, 0.142]",2000,-0.07395823299884796,0.1421532995031299,
2,R6,1890,0.12510425521386367,0.021020716896584083,-0.0921056464395726,-0.017772009942976834,0.09838088431140635,0.055812532812162315,0.04820441960400229,0.8288783431053162,0.13489829003810883,0.024533068761229515,0.9637766480445862,0.9912089705467224,0.993585467338562,2,2,2,"[0.8289, 0.1349, 0.0245, 0.0019, 0.001, 0.0008, 0.0005, 0.0004, 0.0004, 0.0003]","[0.125, 0.021, 0.092, 0.575, 0.265, 0.478, 0.255, 0.12, 0.186, 0.051]",2000,-0.13465476036071777,-0.015963268725401204,
2,R7,1890,0.09525161294427037,0.14296317741157963,-0.04966387075627558,0.03185440633201787,-0.04283736806853247,-0.08983680902111399,-0.05200199077699291,0.6191965937614441,0.2317383885383606,0.13189677894115448,0.8509349822998047,0.9890639781951904,0.9940628409385681,2,3,3,"[0.6192, 0.2317, 0.1319, 0.0036, 0.0026, 0.0015, 0.0012, 0.001, 0.0008, 0.0005]","[0.095, 0.143, 0.05, 0.185, 0.112, 0.272, 0.414, 0.38, 0.275, 0.205]",2000,-0.13684718310832977,-0.19411870372788642,
3,T0,1890,0.07327468602302703,-0.7221477303317326,0.18859066042133207,-0.06980684038596405,0.48152135556463954,0.01136130365226371,0.04075486530085634,0.2089812308549881,0.10614434629678726,0.07859344035387039,0.31512558460235596,0.5225141048431396,0.6587231159210205,2,57,256,"[0.209, 0.1061, 0.0786, 0.0732, 0.0556, 0.0346, 0.0304, 0.0266, 0.0225, 0.0221]","[0.073, 0.722, 0.189, 0.54, 0.151, 0.016, 0.071, 0.0, 0.023, 0.046]",2000,0.059964586049318314,-0.07856873912673307,
3,T1,1890,-0.6712292419202064,0.5326152715080062,-0.07778211824639891,0.06275864658340899,-0.17448538902809632,-0.1399220356686731,-0.07342909965353062,0.21637029945850372,0.10748498886823654,0.09425333142280579,0.32385528087615967,0.5468281507492065,0.6912899613380432,3,33,77,"[0.2164, 0.1075, 0.0943, 0.0721, 0.0566, 0.0356, 0.0327, 0.029, 0.025, 0.0221]","[0.671, 0.533, 0.078, 0.416, 0.277, 0.12, 0.136, 0.07, 0.013, 0.009]",2000,0.07915061712265015,0.28602525787745103,
3,T2,1890,-0.32286560809972636,-0.5960560979283382,-0.03061755832745058,-0.14694643095571558,0.09196927252122755,0.022656014681274865,-0.08660458176796451,0.8610825538635254,0.01967494562268257,0.014455031603574753,0.8807575106620789,0.917059600353241,0.9487341642379761,4,4,11,"[0.8611, 0.0197, 0.0145, 0.0118, 0.01, 0.0088, 0.0078, 0.0063, 0.0046, 0.0041]","[0.323, 0.596, 0.031, 0.435, 0.016, 0.092, 0.311, 0.241, 0.016, 0.021]",2000,0.03243999928236008,0.14977977911510734,
3,T3,1890,-0.09416272326567275,-0.11794848722976983,-0.1066528388402583,-0.15215594986081932,-0.06881988205533673,0.11032823246508167,-0.2449529510908851,0.732072114944458,0.036236751824617386,0.028325343504548073,0.7683088779449463,0.8381970524787903,0.8797853589057922,2,15,52,"[0.7321, 0.0362, 0.0283, 0.0258, 0.0158, 0.0111, 0.0094, 0.0079, 0.0072, 0.006]","[0.094, 0.118, 0.107, 0.691, 0.074, 0.502, 0.112, 0.045, 0.193, 0.051]",2000,0.004024852532893419,-0.12610035060582653,
3,T4,1890,0.12525487580543812,0.24413183664866592,0.5516192569622073,-0.10159416874982023,0.1794752029781501,0.14960154965104414,-0.016852547497242146,0.6511439681053162,0.045184746384620667,0.042600393295288086,0.6963286995887756,0.7916640043258667,0.8599602580070496,2,17,46,"[0.6511, 0.0452, 0.0426, 0.0289, 0.0239, 0.0196, 0.0148, 0.014, 0.01, 0.0098]","[0.125, 0.244, 0.552, 0.12, 0.558, 0.145, 0.117, 0.0, 0.233, 0.119]",2000,0.07402323931455612,-0.062434848319546384,
3,T5,1890,0.18537494448991534,0.37817626585251646,0.5114723550095788,-0.1535088159204612,0.13601951553726246,0.12732035125898983,0.025787757617374212,0.7831400036811829,0.03058064728975296,0.014652959071099758,0.8137206435203552,0.8526519536972046,0.8890126943588257,3,13,90,"[0.7831, 0.0306, 0.0147, 0.0137, 0.0106, 0.0089, 0.0088, 0.0071, 0.0063, 0.0053]","[0.185, 0.378, 0.511, 0.363, 0.29, 0.009, 0.198, 0.024, 0.292, 0.215]",2000,0.062143146991729736,-0.14400463840913397,
3,T6,1890,0.10207677113672056,0.4361054797555928,-0.08330725162075146,0.06111761032361518,0.1647196488676335,-0.07603977861967619,0.13572356215801645,0.2615433931350708,0.10214228183031082,0.07329349964857101,0.363685667514801,0.5393515229225159,0.6849588751792908,3,84,366,"[0.2615, 0.1021, 0.0733, 0.0562, 0.0462, 0.0445, 0.0339, 0.0269, 0.0209, 0.0194]","[0.102, 0.436, 0.083, 0.447, 0.266, 0.308, 0.237, 0.1, 0.018, 0.145]",2000,0.058306556195020676,-0.1068927327613328,
3,T7,1890,0.3704646677913333,0.28537642776516065,-0.30379237434429057,-0.042286782653468864,-0.18500598306304877,0.09105488263376357,0.0023418401635895572,0.8611666560173035,0.017671657726168633,0.0110022546723485,0.878838300704956,0.903975248336792,0.9252495169639587,3,5,30,"[0.8612, 0.0177, 0.011, 0.0072, 0.0069, 0.0062, 0.0045, 0.0039, 0.0035, 0.0032]","[0.37, 0.285, 0.304, 0.583, 0.257, 0.208, 0.118, 0.164, 0.171, 0.065]",2000,0.015025821514427662,-0.24100864534662772,
3,T8,1890,-0.015217412663564056,0.10760540502538446,0.08000355416100673,-0.03839170196217348,0.19822579697701892,0.2776440700042777,-0.13907279419666244,0.33829760551452637,0.09881000965833664,0.06893078237771988,0.4371076226234436,0.5939503908157349,0.7012999653816223,2,106,425,"[0.3383, 0.0988, 0.0689, 0.0528, 0.0351, 0.0296, 0.0221, 0.021, 0.0183, 0.0162]","[0.015, 0.108, 0.08, 0.492, 0.143, 0.489, 0.196, 0.108, 0.286, 0.263]",2000,0.046018846333026886,0.014144470522747839,
3,R0,1890,-0.17668523051144847,0.11240811717844329,0.6364159627538575,0.021974259010872188,-0.2198386739615911,-0.12019595913554308,0.001887793889932568,0.694015622138977,0.054462265223264694,0.028605863451957703,0.7484778761863708,0.8241419196128845,0.8805812001228333,1,14,46,"[0.694, 0.0545, 0.0286, 0.0261, 0.0209, 0.015, 0.0132, 0.0114, 0.0094, 0.0075]","[0.177, 0.112, 0.636, 0.015, 0.239, 0.118, 0.04, 0.174, 0.173, 0.105]",2000,0.053415652364492416,0.008696744412353716,
3,R1,1890,0.2186484477173005,0.5095942562789938,0.6798962076299352,0.06471590706059885,0.4739503926723473,-0.1743231235698596,0.051844804587913566,0.664709210395813,0.04995301365852356,0.02952994592487812,0.7146621942520142,0.7866074442863464,0.8418195247650146,2,30,248,"[0.6647, 0.05, 0.0295, 0.0248, 0.0176, 0.0157, 0.0126, 0.0098, 0.0087, 0.0084]","[0.219, 0.51, 0.68, 0.07, 0.096, 0.183, 0.152, 0.164, 0.023, 0.153]",2000,0.038010045886039734,-0.16190306604309773,
3,R2,1890,0.3342609594301912,-0.013104096550777386,0.30198677622544773,0.10345962707787396,0.49159273830679917,0.05761191851574444,-0.0728671949695752,0.2844531536102295,0.09984729439020157,0.06127633899450302,0.38430044054985046,0.551081657409668,0.686028242111206,4,106,393,"[0.2845, 0.0998, 0.0613, 0.0609, 0.0446, 0.0348, 0.0341, 0.0272, 0.0202, 0.0186]","[0.334, 0.013, 0.302, 0.532, 0.441, 0.281, 0.027, 0.106, 0.145, 0.001]",2000,0.014479243196547031,-0.3050007640665523,
3,R3,1890,0.005460564154426408,-0.21194323811231677,0.7744586010705536,0.013133528653217466,-0.052580331956063264,-0.009583791222430015,-0.10125545287378268,0.9994897842407227,0.00016239531396422535,4.301852095522918e-05,0.9996522068977356,0.9997511506080627,0.9998257160186768,1,1,1,"[0.9995, 0.0002, 0.0, 0.0, 0.0, 0.0, 0.0, 0.0, 0.0, 0.0]","[0.005, 0.212, 0.774, 0.229, 0.247, 0.113, 0.161, 0.08, 0.037, 0.067]",2000,-0.00015858988626860082,-0.19169960406422906,
3,R4,1890,0.014220644042873341,-0.015423336274319568,-0.3163720173559463,0.00396464789405654,0.11133533843863097,-0.07493298197116334,0.007756302852945366,0.9796538949012756,0.01872982457280159,0.0003526793734636158,0.9983837008476257,0.9990468621253967,0.9993515014648438,5,1,1,"[0.9797, 0.0187, 0.0004, 0.0002, 0.0001, 0.0001, 0.0001, 0.0001, 0.0, 0.0]","[0.014, 0.015, 0.316, 0.354, 0.314, 0.189, 0.411, 0.416, 0.239, 0.117]",2000,-0.011696472764015198,0.10501299611247664,
3,R5,1890,-0.04885625903175275,-0.069179128372086,-0.20086490023034786,0.03073417771785587,0.11271016763905409,-0.07576941077816077,0.01614434692351545,0.655900239944458,0.3099943697452545,0.018135137856006622,0.9658945798873901,0.989236056804657,0.992999792098999,2,2,2,"[0.6559, 0.31, 0.0181, 0.0034, 0.0018, 0.0011, 0.0008, 0.0007, 0.0007, 0.0005]","[0.049, 0.069, 0.201, 0.583, 0.524, 0.047, 0.072, 0.215, 0.165, 0.122]",2000,-0.056158244609832764,0.149970895584564,
3,R6,1890,0.16319276063429008,-0.16660197156709855,-0.1855046977288114,-0.009354944562036449,0.0593843829334352,0.12107348109599989,0.050177464585894956,0.7967933416366577,0.16557656228542328,0.024073394015431404,0.9623699188232422,0.989464521408081,0.9924283623695374,3,2,2,"[0.7968, 0.1656, 0.0241, 0.0019, 0.0012, 0.001, 0.0006, 0.0006, 0.0004, 0.0004]","[0.163, 0.167, 0.186, 0.673, 0.343, 0.45, 0.068, 0.18, 0.045, 0.0]",2000,-0.11282370239496231,-0.011310792765080156,
3,R7,1890,-0.04545259146645715,-0.023240148642606196,-0.3075351080972409,0.01502032781251346,-0.010309004285326039,-0.046955496945629636,-0.015024839023703107,0.5380180478096008,0.28317105770111084,0.15653425455093384,0.8211891055107117,0.9853093028068542,0.9918326139450073,4,3,3,"[0.538, 0.2832, 0.1565, 0.0048, 0.0028, 0.0026, 0.0012, 0.0012, 0.0009, 0.0007]","[0.045, 0.023, 0.308, 0.404, 0.296, 0.08, 0.613, 0.126, 0.46, 0.093]",2000,-0.07945858687162399,-0.10415454450674973,
4,T0,1890,0.42357954921478647,-0.6944847719425781,0.5559171854112333,0.08663698068941375,0.5265861741281246,-0.03827435388081039,0.1325205858324558,0.4464617371559143,0.06911665201187134,0.05549020692706108,0.5155783891677856,0.6572366952896118,0.7562574148178101,3,37,166,"[0.4465, 0.0691, 0.0555, 0.0459, 0.0402, 0.0287, 0.0215, 0.018, 0.0161, 0.0146]","[0.424, 0.694, 0.556, 0.112, 0.039, 0.064, 0.084, 0.024, 0.028, 0.006]",2000,0.014183874242007732,-0.2785039558780284,
4,T1,1890,0.601355258281189,-0.49620512598010613,-0.02068361981431776,0.1267214980371168,0.64782958945447,0.06823831001403274,0.11216564493205679,0.16697320342063904,0.12709534168243408,0.09039565175771713,0.2940685451030731,0.49542081356048584,0.6536011695861816,3,39,111,"[0.167, 0.1271, 0.0904, 0.0666, 0.0444, 0.0431, 0.0356, 0.0298, 0.0258, 0.0239]","[0.601, 0.496, 0.021, 0.438, 0.184, 0.11, 0.021, 0.104, 0.068, 0.105]",2000,0.05541224032640457,-0.35033312440702397,
4,T2,1890,-0.3520048263060445,-0.3744414962974195,0.641786613431992,-0.16814049346397675,0.0484008193289075,0.043627495597880706,-0.12002347942560859,0.7841520309448242,0.04313550889492035,0.025163086131215096,0.8272875547409058,0.8839279413223267,0.9274041056632996,4,7,16,"[0.7842, 0.0431, 0.0252, 0.017, 0.0145, 0.0124, 0.0091, 0.0081, 0.0077, 0.0061]","[0.352, 0.374, 0.642, 0.094, 0.048, 0.483, 0.057, 0.105, 0.0, 0.078]",2000,0.03589576482772827,0.15380387742549326,
4,T3,1890,0.08606860806103274,-0.3233063839308301,0.3987511282457273,-0.19434857448596501,0.12210433256915502,0.08026883158900973,-0.1646614325067508,0.6833875179290771,0.05945133417844772,0.02637377567589283,0.7428388595581055,0.8155347108840942,0.8709819912910461,4,16,47,"[0.6834, 0.0595, 0.0264, 0.0236, 0.0228, 0.0192, 0.0107, 0.0103, 0.008, 0.0071]","[0.086, 0.323, 0.399, 0.362, 0.559, 0.13, 0.269, 0.117, 0.176, 0.148]",2000,-0.013197864405810833,-0.21529027343832738,
4,T4,1890,0.0641922367132235,0.40205180738048274,-0.5964621046659935,-0.2070360058455041,-0.030685403708363805,-0.007003672648329096,-0.09832176217836018,0.4436531364917755,0.08728542923927307,0.06576018780469894,0.5309385657310486,0.6732874512672424,0.7851555943489075,3,27,84,"[0.4437, 0.0873, 0.0658, 0.0396, 0.037, 0.0311, 0.0237, 0.0214, 0.0182, 0.0174]","[0.064, 0.402, 0.596, 0.272, 0.411, 0.286, 0.055, 0.03, 0.147, 0.155]",2000,0.03828507661819458,-0.1094048567777856,
4,T5,1890,0.21467469264633945,0.6485325289523566,-0.28686289100756635,-0.1669036407094807,-0.11834514981018159,0.1905832518214449,-0.10825785904963556,0.6325269937515259,0.04024729132652283,0.029205597937107086,0.6727743148803711,0.7510024309158325,0.8160631060600281,2,35,259,"[0.6325, 0.0402, 0.0292, 0.0256, 0.0234, 0.017, 0.0141, 0.0128, 0.0119, 0.0092]","[0.215, 0.649, 0.287, 0.496, 0.162, 0.193, 0.139, 0.003, 0.035, 0.108]",2000,0.05234421789646149,-0.15451652796744025,
4,T6,1890,0.4047815889089211,0.30538353391552453,0.09455931642978492,0.08235808149896447,0.09255323961970811,0.0781999608683669,0.06394976878693315,0.5814969539642334,0.05123026669025421,0.03832327574491501,0.6327272057533264,0.7366483211517334,0.8222953677177429,4,24,97,"[0.5815, 0.0512, 0.0383, 0.0337, 0.0319, 0.023, 0.0211, 0.0154, 0.0146, 0.0116]","[0.405, 0.305, 0.095, 0.552, 0.002, 0.18, 0.471, 0.074, 0.081, 0.001]",2000,0.003289379645138979,-0.34857096990553377,
4,T7,1890,-0.20942776372880506,-0.4770284655392076,0.31221136826561274,-0.06404040967638361,-0.26117806348044476,-0.043233507605911464,-0.1571682457470162,0.5095805525779724,0.04402020201086998,0.04004852473735809,0.5536007285118103,0.6622889041900635,0.7434007525444031,4,154,512,"[0.5096, 0.044, 0.04, 0.0348, 0.0338, 0.0243, 0.0196, 0.0144, 0.0122, 0.0106]","[0.209, 0.477, 0.312, 0.251, 0.069, 0.314, 0.443, 0.025, 0.094, 0.085]",2000,0.011261554434895515,-0.043170090534627586,
4,T8,1890,0.21270842237602997,-0.10351984463481809,-0.054148213374537076,0.2672107550159169,0.7640310024044786,-0.026801482747890883,0.12040156847876073,0.3743327558040619,0.14897538721561432,0.055054619908332825,0.5233081579208374,0.6668264269828796,0.7725905776023865,3,42,245,"[0.3743, 0.149, 0.0551, 0.0489, 0.0396, 0.0295, 0.0275, 0.0199, 0.0149, 0.0139]","[0.213, 0.104, 0.054, 0.499, 0.32, 0.169, 0.517, 0.025, 0.03, 0.057]",2000,0.04577196389436722,-0.21367770191311414,
4,R0,1890,-0.26563668132806856,0.19230249504907337,0.37038714151652885,0.014112372139981344,-0.3515243180228351,-0.05240928505243309,-0.0403152721083032,0.42531388998031616,0.09485258162021637,0.06606151163578033,0.5201664566993713,0.6766257882118225,0.7795385122299194,3,38,220,"[0.4253, 0.0949, 0.0661, 0.0516, 0.0388, 0.0337, 0.0192, 0.0179, 0.0167, 0.0155]","[0.266, 0.192, 0.37, 0.194, 0.356, 0.466, 0.121, 0.027, 0.266, 0.155]",2000,0.04238256812095642,0.03358425026244948,
4,R1,1890,0.5144921204222936,-0.7056135009322938,0.3447960371221499,-0.10045214660331996,0.4272059013159284,-0.060734781661680455,0.038553652258628356,0.24150621891021729,0.09196220338344574,0.07592116296291351,0.3334684371948242,0.5118858814239502,0.6447984576225281,3,251,616,"[0.2415, 0.092, 0.0759, 0.0546, 0.0479, 0.0422, 0.0265, 0.0238, 0.0216, 0.0188]","[0.514, 0.706, 0.345, 0.275, 0.263, 0.129, 0.032, 0.121, 0.009, 0.076]",2000,0.04967072233557701,-0.2688092100482529,
4,R2,1890,0.5935838218573369,0.4523642912495472,0.6170849916968737,0.07593361198737524,0.3351277595968577,0.08154966870891149,0.05554788865503638,0.5436700582504272,0.09662215411663055,0.05591435730457306,0.640292227268219,0.7514780163764954,0.8329939842224121,3,22,74,"[0.5437, 0.0966, 0.0559, 0.03, 0.0253, 0.021, 0.0177, 0.0165, 0.0144, 0.0119]","[0.594, 0.452, 0.617, 0.259, 0.255, 0.034, 0.093, 0.041, 0.296, 0.072]",2000,-1.2461304322641809e-05,-0.4432553265363292,
4,R3,1890,0.10359874987567354,-0.18705206280743336,0.7826265792425251,0.021004040139924424,0.01033883217937473,-0.03484568784380533,-0.09061774023192548,0.9992756843566895,0.0002507464378140867,6.82578029227443e-05,0.9995264410972595,0.999670147895813,0.9997668862342834,2,1,1,"[0.9993, 0.0003, 0.0001, 0.0, 0.0, 0.0, 0.0, 0.0, 0.0, 0.0]","[0.104, 0.187, 0.783, 0.01, 0.124, 0.083, 0.382, 0.269, 0.147, 0.065]",2000,6.316808139672503e-05,-0.2587333472037878,
4,R4,1890,0.05444487728696109,0.06518430210465855,0.016889557836585342,-0.012431544441874257,0.09077667226650643,-0.03258807520408868,0.0012565123808072922,0.9911839962005615,0.007556329946964979,0.00026586296735331416,0.9987403154373169,0.9992080926895142,0.9994730949401855,4,1,1,"[0.9912, 0.0076, 0.0003, 0.0001, 0.0001, 0.0001, 0.0001, 0.0001, 0.0, 0.0]","[0.054, 0.065, 0.017, 0.409, 0.02, 0.42, 0.402, 0.232, 0.47, 0.113]",2000,-0.007136666215956211,0.08361660535503594,
4,R5,1890,0.0799193883871342,0.07011848267714621,0.13001252056692897,-0.005092747226280304,0.030084922651783717,0.04073882767147896,-0.012243940054763276,0.569851815700531,0.3595336079597473,0.0423441044986248,0.9293854236602783,0.9797381162643433,0.9876871705055237,2,2,3,"[0.5699, 0.3595, 0.0423, 0.0055, 0.0025, 0.0024, 0.0019, 0.0015, 0.0011, 0.001]","[0.08, 0.07, 0.13, 0.694, 0.349, 0.275, 0.196, 0.015, 0.072, 0.167]",2000,-0.05197765678167343,0.03590738861961018,
4,R6,1890,0.16851292631019796,-0.07960641395677152,0.04451105342214386,0.013856507223261677,-0.008822787138364393,0.16271797664333482,0.039657100599080626,0.8291035890579224,0.11917121708393097,0.03012123517692089,0.9482747912406921,0.9856352210044861,0.9907504320144653,2,2,3,"[0.8291, 0.1192, 0.0301, 0.0046, 0.0027, 0.0018, 0.0013, 0.0008, 0.0007, 0.0006]","[0.169, 0.08, 0.045, 0.187, 0.756, 0.322, 0.225, 0.205, 0.111, 0.045]",2000,-0.1164776012301445,-0.03335158120155177,
4,R7,1890,-0.08459727100158214,0.08875032710564847,-0.07806938557249213,-0.06094981214817307,-0.03869098254243858,0.007615583794518876,0.03793303533427505,0.4425383508205414,0.4289568066596985,0.1031704694032669,0.8714951276779175,0.9807579517364502,0.9884634613990784,3,3,3,"[0.4425, 0.429, 0.1032, 0.0036, 0.0024, 0.0021, 0.0018, 0.0014, 0.0013, 0.0012]","[0.085, 0.089, 0.078, 0.823, 0.371, 0.092, 0.427, 0.142, 0.189, 0.051]",2000,-0.07549750059843063,0.13120084640105095,
5,T0,1890,0.43883654943774775,-0.8434991382045053,0.32165286029613366,0.1047703780047143,0.5470415493112603,-0.04601532943177959,0.13009272368181396,0.395222008228302,0.07000810652971268,0.06042628735303879,0.4652301073074341,0.6160498261451721,0.7242764234542847,3,49,253,"[0.3952, 0.07, 0.0604, 0.0485, 0.0419, 0.0316, 0.0236, 0.0197, 0.0174, 0.0158]","[0.439, 0.843, 0.322, 0.01, 0.034, 0.047, 0.092, 0.021, 0.06, 0.002]",2000,0.021603377535939217,-0.28056600341222937,
5,T1,1890,0.05765678517435873,0.7243647814429695,-0.2971512915877079,-0.32638678006171584,-0.7673741497743705,0.23491470460202568,-0.15972719869901164,0.2075626254081726,0.13046716153621674,0.08249425143003464,0.33802980184555054,0.5448764562606812,0.6852596998214722,2,37,103,"[0.2076, 0.1305, 0.0825, 0.0718, 0.0525, 0.0392, 0.0298, 0.0264, 0.0239, 0.0212]","[0.058, 0.724, 0.297, 0.132, 0.358, 0.254, 0.012, 0.07, 0.083, 0.015]",2000,0.040603745728731155,-0.07870376769330714,
5,T2,1890,-0.3462720484174507,-0.4279313161880129,0.6547878441385179,-0.21627138571213858,-0.11588389433605184,0.06240249477191997,-0.10333604609012557,0.703562319278717,0.049861203879117966,0.03457476943731308,0.7534235119819641,0.8306089639663696,0.8904438614845276,4,12,24,"[0.7036, 0.0499, 0.0346, 0.0221, 0.0205, 0.0165, 0.0148, 0.0103, 0.01, 0.0083]","[0.346, 0.428, 0.655, 0.096, 0.213, 0.325, 0.086, 0.012, 0.062, 0.003]",2000,0.045202627778053284,0.1550570110974827,
5,T3,1890,0.038524878661272036,-0.32756204147378704,0.4825456440424744,-0.20243230346684002,0.05855090827633038,0.08505154122237216,-0.19647279505294857,0.6272738575935364,0.06684274971485138,0.029746945947408676,0.6941165924072266,0.7745481133460999,0.8378298282623291,3,23,103,"[0.6273, 0.0668, 0.0297, 0.0256, 0.0251, 0.0209, 0.0121, 0.0119, 0.0096, 0.0089]","[0.039, 0.328, 0.483, 0.632, 0.069, 0.132, 0.028, 0.231, 0.193, 0.081]",2000,-0.0003574591246433556,-0.1617516125857052,
5,T4,1890,0.40579417524179695,0.3287255908281533,-0.26640269803621436,-0.19590628747043165,-0.11030336015898644,0.4513781054741605,-0.07661439918775166,0.26569241285324097,0.10352273285388947,0.08574280142784119,0.36921513080596924,0.5674713850021362,0.7078851461410522,4,47,237,"[0.2657, 0.1035, 0.0857, 0.0687, 0.0438, 0.0411, 0.031, 0.0252, 0.0226, 0.0206]","[0.406, 0.329, 0.266, 0.524, 0.511, 0.248, 0.116, 0.157, 0.143, 0.007]",2000,0.03404843807220459,-0.28668231677955275,
5,T5,1890,0.13978112475129223,0.6610395007808205,-0.1375567206198519,-0.12227827906138194,-0.09052509030895771,0.20019050684067144,-0.13372413713086645,0.5976883769035339,0.0432550422847271,0.03155210241675377,0.6409434080123901,0.7212439179420471,0.7905986309051514,3,57,341,"[0.5977, 0.0433, 0.0316, 0.0256, 0.0232, 0.0182, 0.0157, 0.0132, 0.0121, 0.0102]","[0.14, 0.661, 0.138, 0.553, 0.055, 0.305, 0.029, 0.021, 0.0, 0.146]",2000,0.06349397450685501,-0.06774856108155262,
5,T6,1890,0.4093359348338145,0.26435633770172473,0.1892222454471541,0.06387765162092648,0.07730412818882962,0.06901015019479319,0.07777513988189386,0.5309372544288635,0.05664803832769394,0.0399334542453289,0.5875852704048157,0.6964854598045349,0.7893960475921631,4,34,180,"[0.5309, 0.0566, 0.0399, 0.0365, 0.0325, 0.0253, 0.0218, 0.017, 0.0157, 0.0131]","[0.409, 0.264, 0.189, 0.538, 0.017, 0.313, 0.433, 0.056, 0.025, 0.008]",2000,0.006460333708673716,-0.3540420975181275,
5,T7,1890,-0.2870484732013574,0.021654899710048026,0.0935636771128697,-0.02168720705604191,-0.18853979185982284,-0.11061539991817473,-0.1810047684069765,0.4708452522754669,0.04287082701921463,0.040668487548828125,0.5137161016464233,0.6244062781333923,0.7076806426048279,2,209,575,"[0.4708, 0.0429, 0.0407, 0.0379, 0.0321, 0.0253, 0.0195, 0.0146, 0.0124, 0.0115]","[0.287, 0.022, 0.094, 0.563, 0.162, 0.233, 0.492, 0.094, 0.004, 0.054]",2000,0.002211679005995393,-0.005872577249017887,
5,T8,1890,0.222063410885601,-0.1380498307966002,-0.02869134556299108,0.2672012824340633,0.7701028744883847,-0.013044771332915695,0.14331699434926565,0.3221222758293152,0.1083645448088646,0.06548218429088593,0.4304868280887604,0.5914565920829773,0.7101200222969055,2,82,393,"[0.3221, 0.1084, 0.0655, 0.0546, 0.0409, 0.0333, 0.0299, 0.0207, 0.018, 0.0167]","[0.222, 0.138, 0.029, 0.173, 0.701, 0.068, 0.39, 0.018, 0.087, 0.025]",2000,0.0426325649023056,-0.20766819847098034,
5,R0,1890,-0.1781427844727393,0.33914573979081863,-0.19635544284412224,-0.21048010129661696,-0.6187064196888282,0.0878344712361784,-0.14388665646422708,0.4430162310600281,0.07080436497926712,0.059553906321525574,0.5138205885887146,0.6693858504295349,0.764744758605957,3,43,240,"[0.443, 0.0708, 0.0596, 0.0538, 0.0422, 0.0296, 0.0201, 0.0173, 0.0147, 0.0137]","[0.178, 0.339, 0.196, 0.267, 0.574, 0.175, 0.124, 0.326, 0.066, 0.042]",2000,0.03671477362513542,-0.0345769126041937,
5,R1,1890,0.27250546583702995,-0.7245782327759812,-0.016378285333652425,-0.26575634869421966,-0.3732281798829597,0.23862091491841428,-0.11711316730426666,0.3618844151496887,0.07215391099452972,0.0658930316567421,0.43403834104537964,0.5833727121353149,0.6939960718154907,2,146,490,"[0.3619, 0.0722, 0.0659, 0.0433, 0.0402, 0.0289, 0.0233, 0.0212, 0.0197, 0.0175]","[0.273, 0.725, 0.016, 0.493, 0.123, 0.006, 0.137, 0.029, 0.004, 0.048]",2000,0.040216803550720215,-0.062254741996392846,
5,R2,1890,0.6641250981230308,-0.407026586207391,0.6387257391952558,0.06397689822908187,0.3217079832616943,0.07751043512387827,0.05615949559958153,0.4213111400604248,0.10193359851837158,0.06541617959737778,0.5232447385787964,0.6624029874801636,0.7686529159545898,3,37,180,"[0.4213, 0.1019, 0.0654, 0.0405, 0.0332, 0.0273, 0.0224, 0.0215, 0.0189, 0.0161]","[0.664, 0.407, 0.639, 0.215, 0.176, 0.201, 0.115, 0.022, 0.282, 0.003]",2000,0.020477408543229103,-0.4879752345894321,
5,R3,1890,0.12216406404526409,0.16214157606141058,-0.7561630521834386,-0.01287347651217731,-0.05510776013641317,-0.047683005701714944,-0.0894458268843182,0.9990083575248718,0.0003513759875204414,8.478359814034775e-05,0.9993597269058228,0.9995438456535339,0.9996724128723145,1,1,1,"[0.999, 0.0004, 0.0001, 0.0001, 0.0, 0.0, 0.0, 0.0, 0.0, 0.0]","[0.122, 0.162, 0.756, 0.059, 0.265, 0.274, 0.254, 0.147, 0.131, 0.016]",2000,0.0014550898922607303,-0.2611697700605674,
5,R4,1890,0.05618772399378527,0.08937512187655933,0.11098098452196012,-0.01856570876253752,0.039538336046466525,-0.020102862063992748,0.0034730388343545103,0.9938045740127563,0.005068258382380009,0.00020812670118175447,0.9988728165626526,0.9992798566818237,0.9995001554489136,3,1,1,"[0.9938, 0.0051, 0.0002, 0.0001, 0.0001, 0.0001, 0.0001, 0.0, 0.0, 0.0]","[0.056, 0.089, 0.111, 0.199, 0.417, 0.092, 0.557, 0.219, 0.425, 0.11]",2000,-0.006302119232714176,0.08476066100867699,
5,R5,1890,0.05391101307299599,0.2876791522529902,0.3197323231328231,0.009109137326409956,-0.00395769839179951,0.009015753001420114,-0.11860777977492117,0.6113192439079285,0.31500935554504395,0.04258376359939575,0.9263285994529724,0.9783137440681458,0.9863917827606201,2,2,3,"[0.6113, 0.315, 0.0426, 0.0062, 0.0032, 0.0026, 0.0018, 0.0014, 0.0012, 0.0011]","[0.054, 0.288, 0.32, 0.751, 0.21, 0.264, 0.141, 0.094, 0.073, 0.019]",2000,-0.037895847111940384,-0.23482841789674552,
5,R6,1890,0.19396982143772895,-0.09667467978155266,0.052597599481955616,0.01610789091657321,-0.03136767849915443,0.1793773395244701,0.028545711720676256,0.729711651802063,0.20482076704502106,0.03768619894981384,0.9345324039459229,0.9795582890510559,0.9871239066123962,3,2,3,"[0.7297, 0.2048, 0.0377, 0.0041, 0.0032, 0.0028, 0.0017, 0.0012, 0.001, 0.0008]","[0.194, 0.097, 0.053, 0.334, 0.514, 0.56, 0.206, 0.074, 0.233, 0.086]",2000,-0.09821631759405136,-0.015006090879379038,
5,R7,1890,0.0857094767561269,0.1074036877479527,-0.12563361862037645,-0.057753988881345225,-0.035204990512962143,-0.061305207968786316,0.061915233053821676,0.5162122845649719,0.38447317481040955,0.07570955902338028,0.9006854295730591,0.9820325374603271,0.9886802434921265,2,2,3,"[0.5162, 0.3845, 0.0757, 0.0031, 0.0026, 0.0018, 0.0014, 0.0013, 0.0012, 0.0009]","[0.086, 0.107, 0.126, 0.841, 0.703, 0.084, 0.247, 0.145, 0.104, 0.036]",2000,-0.08738699555397034,0.006143827916106333,
6,T0,1890,0.4290530265246502,-0.8952877736727926,0.06955421604871907,0.12446312925451629,0.5289057726161268,-0.0776046645636734,0.12190309777378755,0.3392156958580017,0.0706092044711113,0.059625621885061264,0.4098249077796936,0.5681355595588684,0.6858009696006775,2,68,328,"[0.3392, 0.0706, 0.0596, 0.0554, 0.0433, 0.0316, 0.0244, 0.0231, 0.0204, 0.0181]","[0.429, 0.895, 0.07, 0.166, 0.024, 0.019, 0.002, 0.104, 0.04, 0.011]",2000,0.023083770647644997,-0.2774717105316694,
6,T1,1890,0.5353695293403625,0.6392927630847215,0.45597514970137687,-0.14246031175613103,-0.093103690925151,0.14903499554396146,0.06362739065729589,0.23127800226211548,0.11807136237621307,0.08692194521427155,0.34934937953948975,0.547585129737854,0.6834142208099365,4,41,139,"[0.2313, 0.1181, 0.0869, 0.065, 0.0463, 0.0363, 0.0298, 0.0258, 0.0224, 0.0216]","[0.535, 0.639, 0.456, 0.04, 0.363, 0.202, 0.015, 0.037, 0.001, 0.08]",2000,0.031552016735076904,-0.4221437204207383,
6,T2,1890,-0.37143013147577664,0.6083314517679598,0.53532184466132,-0.20580355666395994,-0.11004241375266008,0.054995908109347263,-0.12220641015184448,0.6502607464790344,0.05879577249288559,0.03947793319821358,0.7090564966201782,0.7981246113777161,0.8676959276199341,3,15,30,"[0.6503, 0.0588, 0.0395, 0.0263, 0.0233, 0.0193, 0.0172, 0.0124, 0.0109, 0.0098]","[0.371, 0.608, 0.535, 0.159, 0.055, 0.293, 0.067, 0.031, 0.076, 0.066]",2000,0.05031954124569893,0.1675429731498108,
6,T3,1890,0.34964583156941326,-0.2949817699097904,0.2540286948989497,0.03106932296950195,0.6936245606817417,0.0006168244754540167,0.06073988555486854,0.1968647837638855,0.12219128012657166,0.07313770800828934,0.31905606389045715,0.4969790577888489,0.6419404149055481,2,152,504,"[0.1969, 0.1222, 0.0731, 0.0563, 0.0485, 0.0415, 0.0389, 0.0249, 0.0204, 0.0193]","[0.35, 0.295, 0.254, 0.764, 0.073, 0.113, 0.12, 0.261, 0.157, 0.068]",2000,0.032697875052690506,-0.2546828073955156,
6,T4,1890,0.4585436549374582,0.3160799530604305,-0.23325036934164203,-0.17119441932923954,-0.028264540879929675,0.388194973697032,-0.06791345872193696,0.25622451305389404,0.0972120612859726,0.08876975625753403,0.35343658924102783,0.5498349666595459,0.6857178807258606,4,63,322,"[0.2562, 0.0972, 0.0888, 0.0645, 0.0431, 0.0406, 0.0285, 0.0244, 0.0216, 0.0208]","[0.459, 0.316, 0.233, 0.571, 0.499, 0.253, 0.115, 0.161, 0.073, 0.033]",2000,0.030069559812545776,-0.31801555587391794,
6,T5,1890,0.3935730989414453,-0.5031976425395556,0.28007129497260436,-0.10972833476586907,-0.006011666442619945,0.20788972654232205,-0.10347560923284427,0.10905006527900696,0.07265449315309525,0.05869586765766144,0.1817045509815216,0.3421677052974701,0.5042037963867188,3,438,800,"[0.1091, 0.0727, 0.0587, 0.0544, 0.0474, 0.0463, 0.0387, 0.0294, 0.025, 0.0226]","[0.394, 0.503, 0.28, 0.221, 0.582, 0.278, 0.117, 0.075, 0.034, 0.057]",2000,0.06390117853879929,-0.21306599651677474,
6,T6,1890,-0.22161580409872392,0.47601270997929546,0.26128022444638793,0.11858352953343523,-0.11035390243748758,-0.02080387114200055,-0.1693673720898198,0.4844244420528412,0.06460561603307724,0.04559144750237465,0.549030065536499,0.6648638248443604,0.7593774795532227,3,47,266,"[0.4844, 0.0646, 0.0456, 0.0373, 0.0329, 0.0263, 0.0224, 0.0175, 0.015, 0.0132]","[0.222, 0.476, 0.261, 0.247, 0.307, 0.142, 0.496, 0.052, 0.061, 0.004]",2000,0.038773804903030396,0.01069213126341601,
6,T7,1890,-0.31362833004034485,0.18819415863740976,-0.00792150465860636,-0.011808646202242937,-0.2784561741890752,-0.07329471702676618,-0.0937852036519759,0.40733784437179565,0.05051327869296074,0.039217788726091385,0.4578511118888855,0.5659356713294983,0.6566152572631836,4,300,670,"[0.4073, 0.0505, 0.0392, 0.0375, 0.0313, 0.0253, 0.0214, 0.0162, 0.0154, 0.0123]","[0.314, 0.188, 0.008, 0.558, 0.141, 0.156, 0.392, 0.349, 0.019, 0.016]",2000,0.0034606780391186476,0.06462113112706382,
6,T8,1890,0.21000543331215962,-0.09371361301103005,-0.051709195544524224,0.2820332171229237,0.7619476738921482,-0.019705983685614666,0.09946908765838645,0.2828798294067383,0.13039690256118774,0.06768766045570374,0.413276731967926,0.5729174017906189,0.6927525997161865,2,123,467,"[0.2829, 0.1304, 0.0677, 0.0507, 0.0413, 0.0354, 0.0295, 0.0207, 0.0183, 0.016]","[0.21, 0.094, 0.052, 0.139, 0.674, 0.169, 0.425, 0.049, 0.019, 0.058]",2000,0.04443981125950813,-0.2074795015725519,
6,R0,1890,-0.05991259594240843,0.38868618530828314,0.04294720717824891,-0.25087870359957726,-0.5272543810579866,0.09535714650472046,-0.16406473321874349,0.4024549722671509,0.07882632315158844,0.05889636278152466,0.4812812805175781,0.6391739249229431,0.7365909814834595,3,64,321,"[0.4025, 0.0788, 0.0589, 0.0573, 0.0417, 0.0297, 0.0196, 0.0181, 0.016, 0.0139]","[0.06, 0.389, 0.043, 0.129, 0.666, 0.147, 0.158, 0.31, 0.11, 0.059]",2000,0.025545131415128708,-0.11782747215381673,
6,R1,1890,0.2244457935583524,-0.6254254396310553,0.3334148767836888,-0.2728587787500828,-0.4666004197697189,0.2874139837292146,-0.1289857933557348,0.2946922481060028,0.0771268755197525,0.07310419529676437,0.3718191385269165,0.5366321802139282,0.6527607440948486,3,221,579,"[0.2947, 0.0771, 0.0731, 0.0503, 0.0415, 0.0318, 0.024, 0.0218, 0.0203, 0.0183]","[0.224, 0.625, 0.333, 0.498, 0.187, 0.003, 0.152, 0.007, 0.073, 0.05]",2000,0.0387779101729393,-0.06222264175568879,
6,R2,1890,0.6018278657745149,-0.35939756373912046,0.6651274455012305,0.10791805591368148,0.36848713035889546,0.05033584150415374,0.06619949700803354,0.3384864032268524,0.10979754477739334,0.06482089310884476,0.44828394055366516,0.5987203121185303,0.7191636562347412,3,67,308,"[0.3385, 0.1098, 0.0648, 0.049, 0.0366, 0.0324, 0.0266, 0.0227, 0.0196, 0.0191]","[0.602, 0.359, 0.665, 0.236, 0.031, 0.201, 0.135, 0.044, 0.216, 0.133]",2000,0.02765214629471302,-0.4512885667244877,
6,R3,1890,0.11679488077909844,0.1310395465771482,-0.7684453019699873,-0.01656126658471721,-0.036943505701923854,-0.04404116403267862,-0.07496506076027834,0.9989106059074402,0.00033601338509470224,9.452111407881603e-05,0.9992465972900391,0.999452531337738,0.9996125102043152,2,1,1,"[0.9989, 0.0003, 0.0001, 0.0001, 0.0001, 0.0, 0.0, 0.0, 0.0, 0.0]","[0.117, 0.131, 0.768, 0.039, 0.227, 0.336, 0.155, 0.246, 0.224, 0.093]",2000,0.0013133364263921976,-0.26225984241995864,
6,R4,1890,0.02088276615123429,0.13879179052598664,0.281137094810965,-0.00906922337859621,0.03489247168846495,-0.01739432968798046,-0.003072887377055678,0.993738055229187,0.005193652119487524,0.0001679517881711945,0.9989317059516907,0.9992743730545044,0.9994882345199585,3,1,1,"[0.9937, 0.0052, 0.0002, 0.0001, 0.0001, 0.0001, 0.0001, 0.0, 0.0, 0.0]","[0.021, 0.139, 0.281, 0.135, 0.441, 0.239, 0.495, 0.276, 0.339, 0.166]",2000,-0.006506774108856916,0.10221848808779432,
6,R5,1890,0.017912294909728895,0.2436916379769288,0.4505582051631347,0.021573548223766573,-0.017251141907992644,-0.006509933239654099,-0.15965661948518511,0.7288398742675781,0.2246168553829193,0.020353633910417557,0.9534567594528198,0.9815822243690491,0.9881125688552856,3,2,2,"[0.7288, 0.2246, 0.0204, 0.0047, 0.0031, 0.0021, 0.0015, 0.0012, 0.001, 0.0009]","[0.018, 0.244, 0.451, 0.741, 0.399, 0.163, 0.025, 0.026, 0.006, 0.082]",2000,-0.0343310609459877,-0.1685958435287409,
6,R6,1890,0.13122815615621836,0.05734070361865824,0.09795031309964645,-0.008240899777361551,-0.031553636237140366,0.1575802958568137,0.057993198739361394,0.6015787124633789,0.33406513929367065,0.03590928390622139,0.9356438517570496,0.9819717407226562,0.9881716966629028,2,2,3,"[0.6016, 0.3341, 0.0359, 0.0077, 0.0027, 0.0023, 0.0014, 0.001, 0.0008, 0.0007]","[0.131, 0.057, 0.098, 0.216, 0.356, 0.764, 0.123, 0.002, 0.143, 0.141]",2000,-0.07568971812725067,0.054258090863709314,
6,R7,1890,-0.025673938415408718,0.08297290656872858,-0.23550723915811062,-0.08216872047172927,-0.05730106614294639,0.0487680749989519,0.06333225860431625,0.5918278694152832,0.316657692193985,0.07173285633325577,0.9084855318069458,0.9849023818969727,0.9904300570487976,2,2,3,"[0.5918, 0.3167, 0.0717, 0.0026, 0.0021, 0.0016, 0.0012, 0.0011, 0.0009, 0.0008]","[0.026, 0.083, 0.236, 0.827, 0.824, 0.12, 0.249, 0.147, 0.064, 0.175]",2000,-0.06419333070516586,0.14908853225431043,
7,T0,1890,0.41223015027472193,-0.7170760325772579,-0.22113609173235033,0.1312025320411458,0.550880599859012,-0.08470073842538939,0.12699454367873708,0.2559243142604828,0.08004028350114822,0.0712924674153328,0.3359645903110504,0.5185136198997498,0.6580577492713928,3,82,336,"[0.2559, 0.08, 0.0713, 0.0633, 0.048, 0.0401, 0.0294, 0.0268, 0.0226, 0.0206]","[0.412, 0.717, 0.221, 0.401, 0.086, 0.165, 0.067, 0.065, 0.131, 0.033]",2000,0.03505408391356468,-0.23195470192724643,
7,T1,1890,0.6152650327686718,-0.5615788862222252,0.4146842232452956,-0.012184661987414452,0.4319181454429744,0.15627978724842895,0.03496185727756652,0.23295307159423828,0.10449807345867157,0.08111493289470673,0.33745115995407104,0.5242151618003845,0.6683817505836487,3,43,147,"[0.233, 0.1045, 0.0811, 0.0602, 0.0454, 0.0358, 0.033, 0.0277, 0.0257, 0.0219]","[0.615, 0.562, 0.415, 0.206, 0.292, 0.112, 0.028, 0.1, 0.174, 0.114]",2000,0.06271827220916748,-0.4107160148800018,
7,T2,1890,-0.655336186995216,0.6716632314624846,0.17616830915772932,-0.10874831111142037,-0.08062202609521087,-0.019537871260980447,-0.2781417198214377,0.4925259053707123,0.15285010635852814,0.05204567313194275,0.6453760266304016,0.7652369737625122,0.8569477200508118,2,16,29,"[0.4925, 0.1529, 0.052, 0.0358, 0.032, 0.0261, 0.0219, 0.0175, 0.0147, 0.0114]","[0.655, 0.672, 0.176, 0.019, 0.063, 0.109, 0.118, 0.072, 0.122, 0.119]",2000,0.10056497901678085,0.3356161097379195,
7,T3,1890,0.39573130778942056,-0.29932168170862006,0.34995131235317883,0.1201976162071618,0.760313741670785,-0.014683602240530077,0.1269795400766099,0.17344504594802856,0.13692189753055573,0.06932508945465088,0.3103669285774231,0.48318159580230713,0.6264082789421082,3,168,516,"[0.1734, 0.1369, 0.0693, 0.0548, 0.0487, 0.0408, 0.0373, 0.0239, 0.0218, 0.0195]","[0.396, 0.299, 0.35, 0.709, 0.104, 0.009, 0.198, 0.182, 0.071, 0.078]",2000,0.03869978338479996,-0.25370584334322377,
7,T4,1890,-0.5311413245172754,0.7972746410823137,-0.002982074282561217,-0.23004829793159284,-0.4131351853992703,0.050259146946944035,-0.10135779618818164,0.25437256693840027,0.11564187705516815,0.07316599041223526,0.3700144290924072,0.5551167130470276,0.7016889452934265,2,57,292,"[0.2544, 0.1156, 0.0732, 0.0632, 0.0487, 0.0405, 0.034, 0.0277, 0.0228, 0.0216]","[0.531, 0.797, 0.003, 0.211, 0.146, 0.115, 0.237, 0.062, 0.008, 0.145]",2000,0.03362470120191574,0.24037651601672005,
7,T5,1890,0.4198737621287276,0.42096648782120916,0.4926758962266887,-0.07180814959259531,0.04538069965600412,0.24075161279341015,-0.09033655109893274,0.09895162284374237,0.08815488964319229,0.07342056930065155,0.18710651993751526,0.35500475764274597,0.50543612241745,4,415,777,"[0.099, 0.0882, 0.0734, 0.0494, 0.0451, 0.0411, 0.0407, 0.0255, 0.0228, 0.0203]","[0.42, 0.421, 0.493, 0.053, 0.595, 0.101, 0.179, 0.021, 0.034, 0.097]",2000,0.06460167467594147,-0.21697911771286352,
7,T6,1890,-0.1049621785288323,0.5226625836056895,0.20932893800987512,0.04294662052345291,-0.122168948632528,0.026127548433789997,-0.06971561982577282,0.5142065286636353,0.05829125642776489,0.04266919195652008,0.5724977850914001,0.6774075031280518,0.7630320191383362,4,54,294,"[0.5142, 0.0583, 0.0427, 0.0323, 0.0299, 0.0243, 0.0208, 0.016, 0.0133, 0.0112]","[0.105, 0.523, 0.209, 0.389, 0.182, 0.318, 0.415, 0.035, 0.044, 0.069]",2000,0.018333381041884422,-0.039953550008423266,
7,T7,1890,-0.44776220719747734,0.1762580289544603,0.5601490498110501,-0.01896001278486589,-0.30937948392723796,0.06590493266416607,-0.036672698663677776,0.3438512980937958,0.05397786200046539,0.042370278388261795,0.39782917499542236,0.5091087222099304,0.6081497669219971,4,345,711,"[0.3439, 0.054, 0.0424, 0.0391, 0.0298, 0.0259, 0.023, 0.0197, 0.0154, 0.015]","[0.448, 0.176, 0.56, 0.463, 0.008, 0.097, 0.339, 0.054, 0.139, 0.215]",2000,0.01801035739481449,0.24594681713937697,
7,T8,1890,0.1310103580424511,0.20912661483046785,-0.11742056221273273,0.21715561760184274,0.43069051242729683,0.0015140873083617397,-0.05710913027812032,0.4490300416946411,0.15740486979484558,0.04157642647624016,0.6064349412918091,0.7075713872909546,0.7841134667396545,1,52,314,"[0.449, 0.1574, 0.0416, 0.0326, 0.0269, 0.0212, 0.0195, 0.0131, 0.0117, 0.011]","[0.131, 0.209, 0.117, 0.075, 0.77, 0.065, 0.269, 0.043, 0.023, 0.004]",2000,0.039274949580430984,-0.12454556256834376,
7,R0,1890,-0.5006975559567142,-0.011543841511488346,-0.3610723878058366,-0.15106320071148271,-0.4372597402824603,-0.057181104942266,-0.21557295177033495,0.43797019124031067,0.06614766269922256,0.055923134088516235,0.5041178464889526,0.6496570110321045,0.7417005300521851,3,71,337,"[0.438, 0.0661, 0.0559, 0.0504, 0.0392, 0.0264, 0.0201, 0.018, 0.0151, 0.0125]","[0.501, 0.012, 0.361, 0.02, 0.574, 0.21, 0.097, 0.067, 0.091, 0.116]",2000,0.026177184656262398,0.1637270123737597,
7,R1,1890,0.7536455662192706,-0.40936172126083925,0.3753735828092624,-0.06618544400498982,-0.03601997742527465,0.316186964510426,0.12056726159454012,0.14457561075687408,0.12235021591186523,0.08665826916694641,0.2669258117675781,0.480314165353775,0.622778058052063,3,219,572,"[0.1446, 0.1224, 0.0867, 0.0718, 0.0549, 0.0409, 0.0287, 0.0273, 0.0256, 0.0201]","[0.754, 0.409, 0.375, 0.028, 0.063, 0.211, 0.115, 0.102, 0.076, 0.074]",2000,0.03398720920085907,-0.28145639157434343,
7,R2,1890,-0.43845147031123527,0.6025262866674684,0.6017131270134285,-0.08143594414467355,-0.05495328075254378,0.09691922527973104,-0.2849825338156064,0.3162398934364319,0.13443982601165771,0.06683873385190964,0.4506797194480896,0.6041446328163147,0.716857373714447,3,70,315,"[0.3162, 0.1344, 0.0668, 0.0468, 0.0399, 0.0311, 0.024, 0.0222, 0.0189, 0.0165]","[0.438, 0.603, 0.602, 0.089, 0.023, 0.086, 0.183, 0.066, 0.048, 0.128]",2000,0.07594043016433716,0.23891477340805806,
7,R3,1890,0.13584237443021596,0.0596665698106014,-0.8681572071594431,0.00852428633477485,0.014904881201955596,-0.04326055512765832,-0.07038968365110977,0.9988310933113098,0.00021978848963044584,0.00013697479153051972,0.9990508556365967,0.9993245601654053,0.9995250105857849,1,1,1,"[0.9988, 0.0002, 0.0001, 0.0001, 0.0001, 0.0001, 0.0, 0.0, 0.0, 0.0]","[0.136, 0.06, 0.868, 0.13, 0.087, 0.159, 0.087, 0.023, 0.092, 0.026]",2000,0.0012181212659925222,-0.2881423368409219,
7,R4,1890,-0.0597285529167516,-0.16658297336746886,-0.10788031447465085,0.021208848990125574,0.11027828841037729,0.0026240227130190784,0.01541095011938587,0.9877423048019409,0.009820488281548023,0.0004513929015956819,0.9975627660751343,0.9984696507453918,0.9989439845085144,3,1,1,"[0.9877, 0.0098, 0.0005, 0.0002, 0.0002, 0.0001, 0.0001, 0.0001, 0.0001, 0.0001]","[0.06, 0.167, 0.108, 0.599, 0.433, 0.318, 0.127, 0.008, 0.101, 0.038]",2000,-0.006303314585238695,0.14341570412445317,
7,R5,1890,-0.11343791620574531,0.005638756614815396,-0.5931070399517374,-0.010997236964952377,-0.0757043665246613,-0.00913890652401266,-0.15760037523050202,0.758813202381134,0.19504083693027496,0.012302068062126637,0.9538540244102478,0.97960364818573,0.9874474406242371,2,2,2,"[0.7588, 0.195, 0.0123, 0.0101, 0.0034, 0.0024, 0.0019, 0.0014, 0.0012, 0.0009]","[0.113, 0.006, 0.593, 0.611, 0.151, 0.016, 0.187, 0.127, 0.212, 0.063]",2000,-0.027589069679379463,-0.10384778504469484,
7,R6,1890,0.015017429809790584,0.12271975796891862,0.19471662225715416,0.1138598807758283,0.12502323974402027,0.06783101481203563,-0.10294286986292389,0.48062849044799805,0.457233726978302,0.03196210786700249,0.9378622174263,0.9801638126373291,0.9872379899024963,2,2,3,"[0.4806, 0.4572, 0.032, 0.0069, 0.0035, 0.0025, 0.0015, 0.0011, 0.0011, 0.0008]","[0.015, 0.123, 0.195, 0.395, 0.761, 0.234, 0.18, 0.073, 0.04, 0.108]",2000,-0.06564991921186447,-0.12678901077239116,
7,R7,1890,-0.020310518179358354,0.10386680161499669,-0.32429107665507456,-0.10508795357568136,-0.1398990310257792,0.06394729725309961,0.12102276886126749,0.6625136137008667,0.25178787112236023,0.06567442417144775,0.9143015146255493,0.9847292304039001,0.9902912378311157,3,2,3,"[0.6625, 0.2518, 0.0657, 0.0027, 0.0021, 0.0018, 0.0012, 0.0011, 0.0008, 0.0007]","[0.02, 0.104, 0.324, 0.785, 0.883, 0.05, 0.054, 0.003, 0.096, 0.164]",2000,-0.05505869910120964,0.16488433134241368,
8,T0,1890,0.26587820581770777,0.5012775716360407,0.7214711130205979,0.09671043279670796,0.06558828515089074,-0.08896485035951375,0.2252415709145968,0.471781849861145,0.07202336937189102,0.051153022795915604,0.5438052415847778,0.6720856428146362,0.7668825387954712,2,39,178,"[0.4718, 0.072, 0.0512, 0.043, 0.0341, 0.0266, 0.0202, 0.0174, 0.0156, 0.0149]","[0.266, 0.501, 0.721, 0.2, 0.127, 0.132, 0.016, 0.008, 0.155, 0.004]",2000,0.029026426374912262,-0.034535929231578055,
8,T1,1890,0.37118760170214343,-0.2480580314339897,0.7898391536418067,0.10396072386928834,0.5189283677528181,0.11774067963350504,0.16462859813123187,0.23158495128154755,0.16001291573047638,0.08438698202371597,0.3915978670120239,0.574050784111023,0.7058212757110596,2,38,115,"[0.2316, 0.16, 0.0844, 0.0515, 0.0466, 0.0355, 0.0341, 0.0239, 0.0195, 0.0187]","[0.371, 0.248, 0.79, 0.101, 0.066, 0.189, 0.025, 0.128, 0.011, 0.017]",2000,0.0658847838640213,-0.2727541392690978,
8,T2,1890,-0.8704323777763692,0.17368177673086588,0.193139256132682,-0.049865025724264926,-0.08869572318953177,-0.09226367578602636,-0.28399154577724844,0.33631283044815063,0.16728101670742035,0.08886940777301788,0.5035938620567322,0.7035293579101562,0.83294278383255,1,17,29,"[0.3363, 0.1673, 0.0889, 0.0632, 0.0479, 0.0342, 0.0272, 0.0257, 0.0234, 0.0188]","[0.87, 0.174, 0.193, 0.228, 0.096, 0.135, 0.07, 0.045, 0.065, 0.031]",2000,0.123234823346138,0.4815687725063158,
8,T3,1890,-0.3272161312127924,-0.028579716772836685,0.6021629848990948,-0.27664711720672236,-0.7876816658544661,0.02787308353657654,-0.21507873157757537,0.3525429666042328,0.10258026421070099,0.05567796528339386,0.45512324571609497,0.6047852039337158,0.7075974345207214,4,87,394,"[0.3525, 0.1026, 0.0557, 0.0529, 0.0411, 0.029, 0.0264, 0.0179, 0.0155, 0.014]","[0.327, 0.029, 0.602, 0.376, 0.424, 0.123, 0.239, 0.134, 0.057, 0.076]",2000,0.03618153929710388,0.1637602191555521,
8,T4,1890,-0.5575534169790186,0.6937843516639639,-0.4159393395842624,-0.23259875377839692,-0.4283985259352872,-0.011946522223996042,-0.04323455094929816,0.22288082540035248,0.13429273664951324,0.07490140199661255,0.3571735620498657,0.5456621646881104,0.6993873715400696,3,54,273,"[0.2229, 0.1343, 0.0749, 0.0593, 0.0543, 0.0433, 0.0331, 0.0308, 0.0246, 0.0219]","[0.558, 0.694, 0.416, 0.075, 0.114, 0.156, 0.232, 0.006, 0.059, 0.095]",2000,0.04768426716327667,0.31677053263519667,
8,T5,1890,0.1907096296744148,-0.5729384056477999,0.37378220617597363,0.3048527089749361,0.7154951264373172,-0.1324780431076712,0.2414752733606312,0.1416875571012497,0.09871770441532135,0.07857741415500641,0.24040526151657104,0.4203904867172241,0.5548940300941467,4,360,724,"[0.1417, 0.0987, 0.0786, 0.0527, 0.0487, 0.0423, 0.031, 0.0229, 0.0203, 0.018]","[0.191, 0.573, 0.374, 0.325, 0.478, 0.153, 0.13, 0.031, 0.082, 0.102]",2000,0.06582612544298172,-0.12569070801367588,
8,T6,1890,-0.15274135694959098,0.3903176244875001,0.4991021383769228,0.006900947456763482,-0.2418767428687622,0.0261375961623494,-0.1092254492180834,0.4540555477142334,0.08578132092952728,0.0451669842004776,0.5398368835449219,0.6488850712776184,0.7416678667068481,4,74,358,"[0.4541, 0.0858, 0.0452, 0.0325, 0.0314, 0.0292, 0.0215, 0.0166, 0.0134, 0.0121]","[0.153, 0.39, 0.499, 0.385, 0.012, 0.215, 0.394, 0.142, 0.069, 0.152]",2000,0.019655831158161163,-0.02342333835177376,
8,T7,1890,0.3236669986448043,0.559749837656963,0.19768713237832578,0.06880558792130172,0.31868150191239986,-0.002386375966598338,-0.07298291043987835,0.5585803985595703,0.04483616724610329,0.030888572335243225,0.6034165620803833,0.6833813786506653,0.7489504218101501,3,137,485,"[0.5586, 0.0448, 0.0309, 0.0275, 0.0216, 0.0192, 0.015, 0.012, 0.0102, 0.0091]","[0.324, 0.56, 0.198, 0.575, 0.266, 0.124, 0.072, 0.111, 0.169, 0.091]",2000,0.027408139780163765,-0.29497428883056165,
8,T8,1890,0.12864590736580253,0.19457608191905704,-0.1324397372967485,0.197577925868363,0.37459697847541945,0.015322028550752235,-0.035876402063280924,0.4021768867969513,0.16415433585643768,0.041028160601854324,0.5663312077522278,0.6752930879592896,0.7584726214408875,1,77,387,"[0.4022, 0.1642, 0.041, 0.0354, 0.0326, 0.0235, 0.0206, 0.0141, 0.0131, 0.0118]","[0.129, 0.195, 0.132, 0.081, 0.779, 0.21, 0.24, 0.006, 0.074, 0.023]",2000,0.03732757642865181,-0.10663969788550587,
8,R0,1890,-0.4768274670524393,0.21827690520869528,0.3270609325179182,-0.1475691631832523,-0.3812277142625587,-0.10747665359805463,-0.15575469790350796,0.36030086874961853,0.11239363253116608,0.05384855717420578,0.4726945161819458,0.6216292977333069,0.724163830280304,4,85,373,"[0.3603, 0.1124, 0.0538, 0.0492, 0.0458, 0.0318, 0.0211, 0.0195, 0.0165, 0.0137]","[0.477, 0.218, 0.327, 0.194, 0.557, 0.305, 0.104, 0.042, 0.034, 0.046]",2000,0.05213490128517151,0.16005498056642545,
8,R1,1890,0.7876945042891503,-0.27980797531176654,0.24014024444703394,0.070837241884233,0.29858279874170546,0.17362704934671835,0.21745387903417082,0.1473335325717926,0.10249460488557816,0.08784228563308716,0.24982813000679016,0.4438868761062622,0.5892366170883179,1,230,584,"[0.1473, 0.1025, 0.0878, 0.0574, 0.0489, 0.0354, 0.0321, 0.0283, 0.0252, 0.0245]","[0.788, 0.28, 0.24, 0.095, 0.156, 0.099, 0.204, 0.108, 0.02, 0.088]",2000,0.04817996174097061,-0.36406983798744746,
8,R2,1890,-0.35578489285206094,0.37527612515322856,0.453764054399531,-0.07756570769088278,-0.034609044738753175,-0.0060465695671804215,0.07732213752359016,0.24516142904758453,0.12143107503652573,0.10670939832925797,0.36659249663352966,0.5859806537628174,0.7121914625167847,4,56,263,"[0.2452, 0.1214, 0.1067, 0.0621, 0.0506, 0.0358, 0.0312, 0.0218, 0.0201, 0.0172]","[0.356, 0.375, 0.454, 0.556, 0.105, 0.092, 0.114, 0.167, 0.13, 0.111]",2000,0.04271944984793663,0.3942959527273329,
8,R3,1890,0.14904215594210027,0.585473984185224,0.0811204774988272,0.02726771583498872,0.10461799229299304,-0.056336290359435444,-0.014717887258852739,0.9985854029655457,0.00022961273498367518,0.00014681198808830231,0.9988150000572205,0.999169647693634,0.9994279742240906,3,1,1,"[0.9986, 0.0002, 0.0001, 0.0001, 0.0001, 0.0001, 0.0001, 0.0, 0.0, 0.0]","[0.149, 0.585, 0.081, 0.052, 0.402, 0.473, 0.06, 0.252, 0.107, 0.087]",2000,0.002487319055944681,-0.28762729027647,
8,R4,1890,-0.015173623452757834,-0.11412792147479223,0.04594618929781604,0.018468716224973813,0.1349055178418528,0.001685048705549111,0.010602007173162675,0.9797678589820862,0.015541310422122478,0.0008997002732940018,0.9953091740608215,0.9972335696220398,0.9981921911239624,2,1,1,"[0.9798, 0.0155, 0.0009, 0.0006, 0.0005, 0.0003, 0.0002, 0.0002, 0.0001, 0.0001]","[0.015, 0.114, 0.046, 0.308, 0.29, 0.64, 0.283, 0.175, 0.078, 0.034]",2000,-0.006123358849436045,0.11435835362802667,
8,R5,1890,-0.0386454579206836,-0.014657337608886154,-0.8184553025664347,0.02995196202192712,0.05140918022111914,-0.03350113110353774,-0.09224430672471555,0.8549825549125671,0.10849889367818832,0.008828584104776382,0.9634814262390137,0.9803453683853149,0.9882519245147705,1,2,2,"[0.855, 0.1085, 0.0088, 0.0054, 0.0026, 0.0025, 0.0017, 0.0016, 0.0011, 0.001]","[0.039, 0.015, 0.818, 0.165, 0.195, 0.016, 0.058, 0.111, 0.17, 0.034]",2000,-0.017924832180142403,-0.15402477683901183,
8,R6,1890,0.054247988336821526,0.12482357151981491,0.09369414178018223,0.14117837066563013,0.20950768229019406,0.015765334636373876,-0.06964095008619066,0.5290825366973877,0.40895161032676697,0.02649885043501854,0.938034176826477,0.9750386476516724,0.9845818281173706,2,2,3,"[0.5291, 0.409, 0.0265, 0.0064, 0.0041, 0.003, 0.0028, 0.0014, 0.0013, 0.0012]","[0.054, 0.125, 0.094, 0.565, 0.717, 0.132, 0.131, 0.218, 0.157, 0.009]",2000,-0.06328868120908737,-0.18430794328118724,
8,R7,1890,0.026403299059279753,0.22015844132695825,-0.13833966978389842,0.09950338398102153,0.14428631347764986,-0.10340482917758982,-0.12651868222947288,0.6598436832427979,0.25185683369636536,0.06610085070133209,0.9117004871368408,0.9826843738555908,0.9895265698432922,2,2,3,"[0.6598, 0.2519, 0.0661, 0.0026, 0.0023, 0.0021, 0.0018, 0.0011, 0.001, 0.0009]","[0.026, 0.22, 0.138, 0.016, 0.818, 0.382, 0.172, 0.155, 0.063, 0.1]",2000,-0.05405356362462044,-0.20807977352672546,
9,T0,1890,-0.6267083894511883,0.6739989970559065,0.36105297430744604,-0.05306625861734807,0.12494785494650026,-0.1274689738049153,-0.035476200658688825,0.2504968047142029,0.08697894960641861,0.07849754393100739,0.3374757468700409,0.511198878288269,0.6604963541030884,4,67,277,"[0.2505, 0.087, 0.0785, 0.0539, 0.0413, 0.0402, 0.0341, 0.0273, 0.0255, 0.0222]","[0.627, 0.674, 0.361, 0.311, 0.264, 0.198, 0.003, 0.002, 0.068, 0.009]",2000,0.040394630283117294,0.3791566630740052,
9,T1,1890,0.4440695182365788,-0.2041300294625328,0.7408723164559213,0.13123800236789873,0.5670318719153503,0.12338392713225764,0.16422079894782848,0.18146847188472748,0.12479858845472336,0.09170909970998764,0.30626705288887024,0.5072211623191833,0.6694211959838867,2,41,116,"[0.1815, 0.1248, 0.0917, 0.0608, 0.0485, 0.0438, 0.0367, 0.0313, 0.0271, 0.0232]","[0.444, 0.204, 0.741, 0.167, 0.002, 0.089, 0.066, 0.16, 0.018, 0.196]",2000,0.06673695147037506,-0.3230958241208541,
9,T2,1890,-0.9000088930418589,0.07715730169177311,0.22247573217047242,-0.01578817725179402,-0.04694496829729521,-0.1254286659732594,-0.29667129586524604,0.43219777941703796,0.10794857144355774,0.09324713796377182,0.5401463508605957,0.7381813526153564,0.8596642017364502,1,14,25,"[0.4322, 0.1079, 0.0932, 0.0536, 0.0512, 0.0331, 0.028, 0.0239, 0.0202, 0.0162]","[0.9, 0.077, 0.222, 0.078, 0.015, 0.181, 0.025, 0.031, 0.026, 0.118]",2000,0.1341322511434555,0.44641709017084924,
9,T3,1890,-0.31881991104517604,0.04520518502124086,0.7820817352032763,-0.2807521052756775,-0.7920815345194253,0.03267133751790161,-0.21109184417084226,0.30716368556022644,0.08678681403398514,0.06648733466863632,0.393950492143631,0.550308108329773,0.673921525478363,3,93,398,"[0.3072, 0.0868, 0.0665, 0.0486, 0.0413, 0.0339, 0.0316, 0.0225, 0.018, 0.0176]","[0.319, 0.045, 0.782, 0.12, 0.313, 0.063, 0.06, 0.082, 0.216, 0.103]",2000,0.039373572915792465,0.17509985226289526,
9,T4,1890,-0.8940471117715129,0.09758225744156028,-0.13913127871700337,-0.0496384674612467,-0.1409702835125606,-0.21768517551155428,-0.22772790927083253,0.1724458634853363,0.09465190023183823,0.08430539071559906,0.2670977711677551,0.4799978733062744,0.657519519329071,1,52,232,"[0.1724, 0.0947, 0.0843, 0.0712, 0.0574, 0.0434, 0.042, 0.0361, 0.0294, 0.0266]","[0.894, 0.098, 0.139, 0.1, 0.0, 0.033, 0.265, 0.069, 0.046, 0.042]",2000,0.0688556358218193,0.4396547822520444,
9,T5,1890,0.15665458850850372,-0.613278819640602,0.38266475203070577,0.30916174649684364,0.7264112751873643,-0.12599861171836776,0.22169775625911572,0.13741172850131989,0.09064607322216034,0.07041187584400177,0.22805780172348022,0.39414870738983154,0.5358102917671204,3,364,727,"[0.1374, 0.0906, 0.0704, 0.0495, 0.0462, 0.0426, 0.0315, 0.0248, 0.0228, 0.0199]","[0.157, 0.613, 0.383, 0.453, 0.291, 0.021, 0.107, 0.094, 0.204, 0.054]",2000,0.06588225066661835,-0.13701255873531956,
9,T6,1890,-0.22929881238307223,0.3687765099385423,0.5979666281089682,0.04007669147469984,-0.22726917641157884,0.0027758038387974363,-0.12488489814058824,0.614159107208252,0.0543036162853241,0.032049812376499176,0.6684627532958984,0.7431004047393799,0.8119009733200073,3,32,173,"[0.6142, 0.0543, 0.032, 0.0224, 0.0202, 0.0187, 0.0167, 0.0127, 0.0112, 0.0095]","[0.229, 0.369, 0.598, 0.284, 0.108, 0.208, 0.174, 0.33, 0.164, 0.103]",2000,0.03187064826488495,0.06338120107696694,
9,T7,1890,0.338038748886919,0.7135775439843978,0.2829035995572368,0.0806051207800802,0.29734156233759557,0.04213984249250429,-0.057017756857054215,0.48120585083961487,0.052762750536203384,0.037015121430158615,0.5339686274528503,0.6318314671516418,0.7123816609382629,4,156,506,"[0.4812, 0.0528, 0.037, 0.0326, 0.0282, 0.0201, 0.0188, 0.0158, 0.0137, 0.0121]","[0.338, 0.714, 0.283, 0.332, 0.313, 0.093, 0.234, 0.026, 0.032, 0.158]",2000,0.02620348148047924,-0.3118189697514816,
9,T8,1890,0.17127305028212958,-0.21610351022103905,0.5692528972953964,0.22546279710530728,0.42783214583974005,0.10673269576639507,-0.056473505574294265,0.39004677534103394,0.12754853069782257,0.050633057951927185,0.5175952911376953,0.6427814364433289,0.7426297664642334,3,60,328,"[0.39, 0.1275, 0.0506, 0.0424, 0.0322, 0.0254, 0.024, 0.0194, 0.0164, 0.0146]","[0.171, 0.216, 0.569, 0.442, 0.449, 0.169, 0.088, 0.063, 0.135, 0.001]",2000,0.034142836928367615,-0.17744360489304392,
9,R0,1890,-0.6040157611436849,0.4389645038297695,0.6516738999134604,-0.08741057394428728,-0.2678002872433649,-0.1580292138605903,-0.16572618829334018,0.4707832634449005,0.07741452008485794,0.05160233750939369,0.5481978058815002,0.6750063896179199,0.7703397274017334,3,41,211,"[0.4708, 0.0774, 0.0516, 0.0402, 0.035, 0.0247, 0.0226, 0.0193, 0.0153, 0.0135]","[0.604, 0.439, 0.652, 0.173, 0.183, 0.02, 0.028, 0.254, 0.066, 0.058]",2000,0.0567682720720768,0.2677664905301375,
9,R1,1890,-0.7861646933056368,-0.2919020892843863,0.22181235965934712,0.07728237713248941,0.14169909255234583,-0.3572795138071997,-0.06828879270538891,0.14225412905216217,0.11491066217422485,0.08199912309646606,0.25716477632522583,0.4476766586303711,0.5923302173614502,1,192,537,"[0.1423, 0.1149, 0.082, 0.0571, 0.0514, 0.0407, 0.0312, 0.0276, 0.0235, 0.0216]","[0.786, 0.292, 0.222, 0.046, 0.137, 0.281, 0.078, 0.034, 0.053, 0.075]",2000,0.05839666724205017,0.3027519981329435,
9,R2,1890,-0.17996576116516735,0.7201486510949761,0.23434139721513128,-0.11226595465624704,0.055984015491465325,0.323992341264603,-0.15347314865457132,0.21680405735969543,0.11801564693450928,0.08106577396392822,0.3348197042942047,0.5417585968971252,0.6922562122344971,2,49,205,"[0.2168, 0.118, 0.0811, 0.0693, 0.0566, 0.0407, 0.033, 0.0312, 0.0257, 0.0199]","[0.18, 0.72, 0.234, 0.385, 0.217, 0.062, 0.205, 0.158, 0.048, 0.119]",2000,0.04275723919272423,0.16947684296162174,
9,R3,1890,0.15746326864734855,0.5890054377066858,-0.275321854702011,0.020477580825557375,0.14427798273104436,-0.04638716122139772,-0.03081894455935872,0.998119592666626,0.00035713621764443815,0.0001594181958353147,0.9984767436981201,0.9988858699798584,0.9992165565490723,2,1,1,"[0.9981, 0.0004, 0.0002, 0.0001, 0.0001, 0.0001, 0.0001, 0.0001, 0.0001, 0.0]","[0.157, 0.589, 0.275, 0.277, 0.503, 0.27, 0.149, 0.096, 0.016, 0.08]",2000,0.002518614986911416,-0.2986051222968803,
9,R4,1890,-0.06446198578887274,-0.15065793579419637,-0.11557589584308998,0.0057746789455713,0.13338769621055568,-0.022922999508546385,0.03264193178329327,0.9796525239944458,0.015062880702316761,0.0011107013560831547,0.9947153925895691,0.996776282787323,0.9978742003440857,3,1,1,"[0.9797, 0.0151, 0.0011, 0.0005, 0.0005, 0.0004, 0.0002, 0.0002, 0.0002, 0.0001]","[0.064, 0.151, 0.116, 0.431, 0.251, 0.597, 0.316, 0.058, 0.151, 0.018]",2000,-0.005014500115066767,0.15148920334867835,
9,R5,1890,-0.06883455418474504,-0.05223921399975887,0.8250039922686149,0.0544791511108864,0.15188941127006111,-0.08689708683700714,-0.11030169616985747,0.8884562849998474,0.07710430771112442,0.01030380092561245,0.9655606150627136,0.9817649126052856,0.9887778162956238,1,2,2,"[0.8885, 0.0771, 0.0103, 0.003, 0.0029, 0.002, 0.0016, 0.0013, 0.0011, 0.001]","[0.069, 0.052, 0.825, 0.025, 0.127, 0.128, 0.156, 0.076, 0.223, 0.19]",2000,-0.010492169298231602,-0.13658206790881658,
9,R6,1890,0.0961037592553076,0.1388589401606479,0.13378840127697902,0.12975877615416212,0.20369345240950915,0.01938677989527253,-0.068613483399398,0.6692930459976196,0.28181689977645874,0.019580835476517677,0.9511099457740784,0.9783793687820435,0.9861602187156677,2,2,2,"[0.6693, 0.2818, 0.0196, 0.0045, 0.0032, 0.0023, 0.0021, 0.0012, 0.001, 0.001]","[0.096, 0.139, 0.134, 0.734, 0.494, 0.277, 0.02, 0.214, 0.113, 0.181]",2000,-0.048031989485025406,-0.22443628118379477,
9,R7,1890,0.05660898014307642,0.14164392532003603,-0.14784344096135824,0.11736070595783056,0.16019475089774007,-0.09870505477161771,-0.09961670956621205,0.6928240060806274,0.2275342047214508,0.0582098513841629,0.9203581809997559,0.9828416109085083,0.9891930818557739,1,2,3,"[0.6928, 0.2275, 0.0582, 0.0022, 0.0021, 0.0018, 0.0015, 0.0013, 0.001, 0.0008]","[0.057, 0.142, 0.148, 0.86, 0.248, 0.027, 0.137, 0.128, 0.053, 0.148]",2000,-0.053175635635852814,-0.21790020799260917,
10,T0,1890,-0.6564570415879386,0.48244121085322783,0.6418990030466104,-0.016639968863724288,0.1296008374225208,-0.13234060481489807,-0.050866374531474544,0.1720651239156723,0.10379447788000107,0.08303919434547424,0.2758595943450928,0.48154476284980774,0.6380953788757324,3,68,273,"[0.1721, 0.1038, 0.083, 0.0679, 0.0548, 0.0391, 0.0361, 0.0335, 0.0261, 0.0218]","[0.656, 0.482, 0.642, 0.023, 0.256, 0.069, 0.035, 0.001, 0.053, 0.078]",2000,0.03606483340263367,0.3611243283650499,
10,T1,1890,0.6833125604064215,-0.5331196731579145,-0.010119537011956736,0.09523744459547917,0.48958488673690587,0.10837877091350244,0.20112378802943556,0.15610608458518982,0.11173723638057709,0.0944640263915062,0.2678433060646057,0.49289068579673767,0.6640294194221497,2,38,86,"[0.1561, 0.1117, 0.0945, 0.0712, 0.0593, 0.0431, 0.0422, 0.0318, 0.0277, 0.0264]","[0.683, 0.533, 0.01, 0.199, 0.02, 0.034, 0.047, 0.018, 0.246, 0.053]",2000,0.05505266413092613,-0.4069714297412146,
10,T2,1890,-0.9012219108666436,0.267097590945241,0.07910289545796834,-0.019010209021897716,-0.03999332867906268,-0.0803962745678801,-0.30422193708878476,0.48331794142723083,0.1028696596622467,0.05951478332281113,0.5861876010894775,0.7433384656906128,0.8663508296012878,1,14,23,"[0.4833, 0.1029, 0.0595, 0.0546, 0.043, 0.0366, 0.0265, 0.0243, 0.0219, 0.0136]","[0.901, 0.267, 0.079, 0.025, 0.023, 0.187, 0.01, 0.027, 0.072, 0.086]",2000,0.15001502633094788,0.4546368427532041,
10,T3,1890,0.35493927289203564,0.755016775929401,0.010554684984320708,0.27678408277021027,0.7833386300839457,-0.010020373079943844,0.2220028506981207,0.25028112530708313,0.08929569274187088,0.06669791787862778,0.3395768105983734,0.5088371634483337,0.6597941517829895,2,72,340,"[0.2503, 0.0893, 0.0667, 0.0587, 0.0439, 0.0414, 0.0351, 0.0293, 0.0246, 0.0205]","[0.355, 0.755, 0.011, 0.209, 0.078, 0.174, 0.088, 0.164, 0.241, 0.166]",2000,0.04760069400072098,-0.19376060144755133,
10,T4,1890,0.885011098992589,0.14772032592908296,-0.1428746149169691,0.06481411064822466,0.14702803968465486,0.2002247049178894,0.2866963615502416,0.1865384429693222,0.10639829188585281,0.07743530720472336,0.2929367423057556,0.47976192831993103,0.6571100354194641,1,45,172,"[0.1865, 0.1064, 0.0774, 0.058, 0.0514, 0.0448, 0.0414, 0.0333, 0.0306, 0.0272]","[0.885, 0.148, 0.143, 0.041, 0.003, 0.08, 0.289, 0.033, 0.023, 0.012]",2000,0.07095927745103836,-0.4120449378587173,
10,T5,1890,0.3234304939737785,-0.7166853480752772,0.390946104157734,0.2808246728483583,0.7082184032249517,-0.09219302043175391,0.268463389839813,0.11142566055059433,0.0910012274980545,0.06891246140003204,0.20242688059806824,0.371343731880188,0.5258991718292236,4,342,704,"[0.1114, 0.091, 0.0689, 0.0549, 0.0452, 0.0398, 0.0351, 0.0309, 0.0273, 0.0215]","[0.323, 0.717, 0.391, 0.35, 0.061, 0.005, 0.164, 0.228, 0.122, 0.034]",2000,0.0634424239397049,-0.21933161803230036,
10,T6,1890,-0.22185530239362936,0.4392966600002762,0.6566227963548372,0.025424679970100828,-0.19456201562722894,-0.017879546936985527,-0.10969445857300962,0.5487983822822571,0.058719757944345474,0.0377456434071064,0.6075181365013123,0.6957767009735107,0.7785274982452393,3,41,222,"[0.5488, 0.0587, 0.0377, 0.0256, 0.0249, 0.022, 0.0199, 0.0143, 0.0136, 0.013]","[0.222, 0.439, 0.657, 0.052, 0.235, 0.129, 0.013, 0.337, 0.101, 0.097]",2000,0.032733671367168427,0.05681041504988417,
10,T7,1890,-0.10622612718445203,0.7494754200121629,0.3198390560250356,0.09080839137770484,0.11328786350825781,0.024645011278210085,-0.09532653606451177,0.4471553564071655,0.060635294765233994,0.03916812315583229,0.5077906250953674,0.612250566482544,0.700958788394928,3,141,483,"[0.4472, 0.0606, 0.0392, 0.0341, 0.0312, 0.0214, 0.0197, 0.0189, 0.0152, 0.0133]","[0.106, 0.749, 0.32, 0.195, 0.41, 0.096, 0.016, 0.053, 0.021, 0.143]",2000,0.035021692514419556,-0.13778769137342942,
10,T8,1890,0.01839644614580458,0.23126255389499206,-0.5777359490391426,0.15734159109340912,0.1750713391020137,0.1443543326826393,-0.2678577310170919,0.244231179356575,0.14081132411956787,0.07095243036746979,0.3850424885749817,0.5542749762535095,0.6892887353897095,3,65,322,"[0.2442, 0.1408, 0.071, 0.0511, 0.0472, 0.0364, 0.0302, 0.0267, 0.0226, 0.0191]","[0.018, 0.231, 0.578, 0.431, 0.431, 0.065, 0.182, 0.173, 0.01, 0.165]",2000,0.04100870341062546,-0.08897272093493887,
10,R0,1890,-0.6201586524367995,0.5877515000980947,-0.29855511332429574,-0.08144742260877509,-0.22566550427419374,-0.19837488518346041,-0.1871016196796548,0.3736986219882965,0.09421707689762115,0.06112560257315636,0.46791571378707886,0.6231041550636292,0.744720995426178,3,45,218,"[0.3737, 0.0942, 0.0611, 0.0536, 0.0404, 0.0339, 0.0275, 0.0219, 0.02, 0.0183]","[0.62, 0.588, 0.299, 0.202, 0.392, 0.07, 0.136, 0.097, 0.03, 0.076]",2000,0.053831737488508224,0.2894324134252477,
10,R1,1890,0.8381120234701013,-0.24340522923290475,0.16238587542378327,-0.04582730550147123,-0.09350106542405848,0.34432889300060493,0.08141278011595794,0.14974825084209442,0.11459166556596756,0.07799520343542099,0.2643399238586426,0.44939297437667847,0.5933865308761597,1,205,552,"[0.1497, 0.1146, 0.078, 0.056, 0.051, 0.0437, 0.0308, 0.026, 0.0234, 0.0201]","[0.838, 0.243, 0.162, 0.049, 0.129, 0.244, 0.116, 0.012, 0.052, 0.096]",2000,0.06360550969839096,-0.3581581352430616,
10,R2,1890,-0.017150766913727983,0.8467283819548832,-0.027889872278828387,-0.03593456745288863,0.15629465997078623,0.31522450056488177,-0.1381381353300724,0.1587819755077362,0.1533367931842804,0.08006002008914948,0.3121187686920166,0.5270740985870361,0.6799835562705994,2,50,209,"[0.1588, 0.1533, 0.0801, 0.0719, 0.063, 0.0375, 0.0351, 0.0322, 0.0268, 0.0213]","[0.017, 0.847, 0.028, 0.319, 0.138, 0.101, 0.153, 0.138, 0.079, 0.001]",2000,0.05478670448064804,-0.0007803834767014,
10,R3,1890,0.17725666250038866,0.6712376505982344,-0.363358007565632,0.034989890849128125,0.1635609348711328,-0.059256187665167215,-0.017244511640792694,0.997990608215332,0.00038759890594519675,0.00015598605386912823,0.9983782172203064,0.9987921714782715,0.9991441965103149,3,1,1,"[0.998, 0.0004, 0.0002, 0.0001, 0.0001, 0.0001, 0.0001, 0.0001, 0.0001, 0.0001]","[0.177, 0.671, 0.363, 0.236, 0.425, 0.258, 0.203, 0.103, 0.027, 0.007]",2000,0.0028617335483431816,-0.3085175189394807,
10,R4,1890,-0.08322859961885351,-0.10306592782152482,-0.30609219010651245,0.017814628860011686,0.13879791800837044,-0.060159335445480466,0.016143454342665692,0.9795265793800354,0.015293085016310215,0.0009207586408592761,0.9948196411132812,0.9966388940811157,0.9977124333381653,4,1,1,"[0.9795, 0.0153, 0.0009, 0.0005, 0.0004, 0.0004, 0.0002, 0.0002, 0.0002, 0.0001]","[0.083, 0.103, 0.306, 0.624, 0.318, 0.32, 0.292, 0.093, 0.162, 0.072]",2000,-0.0065651992335915565,0.14054762578850488,
10,R5,1890,-0.02843870210398104,-0.10777005003548785,0.8308887370916533,0.041597205929708676,0.13808402623647437,-0.07819911464164231,-0.0830115960806194,0.9137474894523621,0.05835213512182236,0.008487701416015625,0.9720996022224426,0.9857471585273743,0.9913042783737183,2,1,2,"[0.9137, 0.0584, 0.0085, 0.0032, 0.0019, 0.0016, 0.0013, 0.001, 0.0009, 0.0007]","[0.028, 0.108, 0.831, 0.08, 0.163, 0.013, 0.177, 0.042, 0.315, 0.056]",2000,-0.008456069976091385,-0.15137268839523557,
10,R6,1890,0.13011906003913848,0.29911042505929814,0.40144167108797457,0.09995261624644741,0.18239567000724197,0.022996054430244477,-0.04505009624677619,0.7322181463241577,0.22702409327030182,0.014930899254977703,0.9592422246932983,0.9810278415679932,0.9878697395324707,3,2,2,"[0.7322, 0.227, 0.0149, 0.0043, 0.0026, 0.0021, 0.0018, 0.0012, 0.001, 0.0009]","[0.13, 0.299, 0.401, 0.803, 0.434, 0.283, 0.047, 0.204, 0.106, 0.011]",2000,-0.037511032074689865,-0.2592241380548491,
10,R7,1890,-0.1510136568824315,0.27178836705885495,-0.047312014944060066,-0.054185017640097935,-0.0801196717425333,0.04735826595763295,0.08238001064473126,0.8115376830101013,0.1377362310886383,0.03402135893702507,0.949273943901062,0.9865929484367371,0.9911484122276306,1,2,3,"[0.8115, 0.1377, 0.034, 0.0019, 0.0014, 0.0012, 0.001, 0.0009, 0.0008, 0.0006]","[0.151, 0.272, 0.047, 0.924, 0.055, 0.004, 0.067, 0.087, 0.018, 0.06]",2000,-0.038062933832407,0.25072672001979684,
11,T0,1890,-0.7514771979168026,0.23670162192426752,-0.42929868520767606,-0.01775841964240082,0.09763966091968714,-0.08732632859922784,0.01671239112169951,0.1554718315601349,0.10991371423006058,0.07932817190885544,0.26538553833961487,0.4808667302131653,0.6526540517807007,2,57,219,"[0.1555, 0.1099, 0.0793, 0.0713, 0.0649, 0.0487, 0.0378, 0.0309, 0.0283, 0.0261]","[0.751, 0.237, 0.429, 0.256, 0.094, 0.18, 0.077, 0.028, 0.052, 0.121]",2000,0.03076687455177307,0.43801885903062243,
11,T1,1890,0.9236570820844465,-0.008636154644642855,0.06328501208762256,-0.002796341102273493,0.08408925328385872,0.17220563782820614,0.08825525826071984,0.2223353087902069,0.1382215917110443,0.08550292998552322,0.3605569005012512,0.5775527954101562,0.7380024790763855,1,28,55,"[0.2223, 0.1382, 0.0855, 0.0712, 0.0603, 0.0448, 0.0379, 0.0285, 0.0261, 0.0231]","[0.924, 0.009, 0.063, 0.128, 0.136, 0.025, 0.149, 0.088, 0.066, 0.053]",2000,0.05556301027536392,-0.5180142033750409,
11,T2,1890,-0.9545898982571852,0.07107670328862414,0.07864672319434798,-0.011326696419128673,-0.03975546434406685,-0.08973123757473857,-0.17455661373784784,0.4971853792667389,0.15777897834777832,0.04772281274199486,0.6549643278121948,0.7899922132492065,0.8918706774711609,1,11,20,"[0.4972, 0.1578, 0.0477, 0.0439, 0.0434, 0.0312, 0.0236, 0.018, 0.0174, 0.0116]","[0.955, 0.071, 0.079, 0.124, 0.111, 0.111, 0.016, 0.085, 0.042, 0.06]",2000,0.13716629147529602,0.5293241992472449,
11,T3,1890,0.39767617627942753,0.7511433654264467,-0.275223042193067,0.263816796773201,0.772246288378378,0.012692643844515529,0.21486332641380076,0.20206138491630554,0.12724804878234863,0.06262578815221786,0.3293094336986542,0.49245429039001465,0.6511772871017456,2,69,322,"[0.2021, 0.1272, 0.0626, 0.0556, 0.0449, 0.0422, 0.0356, 0.0334, 0.0251, 0.0223]","[0.398, 0.751, 0.275, 0.044, 0.009, 0.155, 0.032, 0.085, 0.244, 0.131]",2000,0.04408114030957222,-0.22187360162343187,
11,T4,1890,0.9036386625413163,-0.08167319829777007,-0.08704119451871219,0.03620575899742291,0.06199636639641493,0.2505621367304313,0.17485246077227737,0.2526605427265167,0.10994737595319748,0.06623058021068573,0.3626079261302948,0.5316610932350159,0.6915559768676758,1,39,125,"[0.2527, 0.1099, 0.0662, 0.0528, 0.05, 0.0409, 0.0351, 0.0317, 0.0283, 0.0239]","[0.904, 0.082, 0.087, 0.144, 0.05, 0.121, 0.288, 0.166, 0.102, 0.014]",2000,0.06572920083999634,-0.45080300274630086,
11,T5,1890,0.8999741751053282,-0.12585997215897463,0.0019606203730413887,0.04712120292205189,0.18188725841083384,0.23741252644948022,0.12722567190164458,0.11371736973524094,0.08815965056419373,0.06983412057161331,0.20187702775001526,0.37162163853645325,0.5339015126228333,1,305,664,"[0.1137, 0.0882, 0.0698, 0.0544, 0.0455, 0.0421, 0.036, 0.0331, 0.0279, 0.0232]","[0.9, 0.126, 0.002, 0.158, 0.098, 0.214, 0.05, 0.079, 0.009, 0.029]",2000,0.05553627014160156,-0.5060464694611507,
11,T6,1890,-0.2537817830417207,0.6120920613219077,-0.6135201322986089,0.018674142183875624,-0.18755490801918207,-0.03298883524289424,-0.13354415206139844,0.4527721405029297,0.06299356371164322,0.05451422929763794,0.5157657265663147,0.6383731365203857,0.7410691976547241,2,52,270,"[0.4528, 0.063, 0.0545, 0.0382, 0.0299, 0.0267, 0.0232, 0.0185, 0.0178, 0.0165]","[0.254, 0.612, 0.614, 0.16, 0.104, 0.122, 0.023, 0.039, 0.004, 0.149]",2000,0.030673077329993248,0.07950951681765016,
11,T7,1890,-0.08066213550284279,0.8832286915852628,-0.2527449498380662,0.10851784986177153,0.15664095289253174,0.029589467127356425,-0.12609599460707757,0.38227736949920654,0.07680763304233551,0.04470271244645119,0.45908498764038086,0.5779322385787964,0.6734113693237305,1,162,508,"[0.3823, 0.0768, 0.0447, 0.0402, 0.0339, 0.0234, 0.0203, 0.0193, 0.0171, 0.0155]","[0.081, 0.883, 0.253, 0.012, 0.208, 0.075, 0.01, 0.043, 0.091, 0.219]",2000,0.04407190531492233,-0.14145637072645698,
11,T8,1890,0.04421061010504179,0.31973162565067875,-0.7595155247946124,0.11097082267639383,-0.041662479880812564,0.23780944559375242,-0.258301359129041,0.19985707104206085,0.1224793791770935,0.09499473124742508,0.32233643531799316,0.5295303463935852,0.6760640144348145,3,64,311,"[0.1999, 0.1225, 0.095, 0.0584, 0.0538, 0.0452, 0.0299, 0.0269, 0.0239, 0.0206]","[0.044, 0.32, 0.76, 0.381, 0.145, 0.091, 0.148, 0.013, 0.097, 0.183]",2000,0.0495743528008461,-0.061515349266120144,
11,R0,1890,-0.6737171553023622,0.6677595150507633,0.018079742860933615,-0.04964784492832704,-0.15888560061053,-0.18509992571388675,-0.23017480314218663,0.31141138076782227,0.09993121027946472,0.07712006568908691,0.411342591047287,0.5944496989250183,0.7226199507713318,3,48,226,"[0.3114, 0.0999, 0.0771, 0.0595, 0.0465, 0.0349, 0.0303, 0.022, 0.0212, 0.0198]","[0.674, 0.668, 0.018, 0.166, 0.309, 0.077, 0.127, 0.136, 0.09, 0.041]",2000,0.05036801099777222,0.28118131159304394,
11,R1,1890,0.8848432748151573,-0.1704800696711303,0.03761441462178445,-0.015676136195905445,-0.03004292080064756,0.309795969622975,0.12267370403692397,0.17236867547035217,0.10920724272727966,0.08285544812679291,0.28157591819763184,0.46967223286628723,0.6145475506782532,1,177,517,"[0.1724, 0.1092, 0.0829, 0.0559, 0.0493, 0.0464, 0.0307, 0.0269, 0.0228, 0.0181]","[0.885, 0.17, 0.038, 0.039, 0.144, 0.222, 0.097, 0.066, 0.037, 0.061]",2000,0.067116379737854,-0.4333841818102425,
11,R2,1890,0.9279401284963317,-0.057847160068799794,-0.012903413789272329,0.027588828936840597,0.07064152892112742,0.1959379082615725,0.1794403548531729,0.2279658168554306,0.11394049972295761,0.09754148870706558,0.3419063091278076,0.5577439069747925,0.7116996049880981,1,40,141,"[0.228, 0.1139, 0.0975, 0.0611, 0.0571, 0.0419, 0.0341, 0.0312, 0.0235, 0.0233]","[0.928, 0.058, 0.013, 0.122, 0.019, 0.105, 0.137, 0.019, 0.094, 0.029]",2000,0.05986420065164566,-0.5172168288163188,
11,R3,1890,0.11248580412066851,0.5336988139644488,-0.6689139964363294,0.01830431159209582,0.17278397513509028,-0.05148734947155117,-0.006829654965559895,0.9977403879165649,0.00036126142367720604,0.00027161740581505,0.9981016516685486,0.9986603260040283,0.9990525245666504,3,1,1,"[0.9977, 0.0004, 0.0003, 0.0002, 0.0001, 0.0001, 0.0001, 0.0001, 0.0001, 0.0001]","[0.112, 0.534, 0.669, 0.166, 0.31, 0.116, 0.151, 0.034, 0.031, 0.126]",2000,0.0018623373471200466,-0.2642508699371599,
11,R4,1890,-0.09535942544691456,-0.09086025323936596,-0.050069235595914814,0.0028836025762414294,0.0849564355588181,-0.08914805987470338,0.0013527927586775962,0.9779320359230042,0.015197083353996277,0.0020183115266263485,0.9931291341781616,0.9961815476417542,0.9973766207695007,1,1,1,"[0.9779, 0.0152, 0.002, 0.0006, 0.0005, 0.0004, 0.0002, 0.0002, 0.0002, 0.0001]","[0.095, 0.091, 0.05, 0.873, 0.082, 0.043, 0.146, 0.187, 0.018, 0.119]",2000,-0.0066626062616705894,0.14579504342401672,
11,R5,1890,0.027350284034343284,-0.15310400338032226,0.8494208764116079,-0.06428847164524505,-0.18412191739124187,0.08747754901273343,0.08796670590251383,0.9281680583953857,0.046369828283786774,0.008532100357115269,0.9745379090309143,0.9873648285865784,0.9920581579208374,2,1,2,"[0.9282, 0.0464, 0.0085, 0.0025, 0.0018, 0.0015, 0.001, 0.0008, 0.0008, 0.0006]","[0.027, 0.153, 0.849, 0.066, 0.112, 0.036, 0.214, 0.108, 0.348, 0.149]",2000,-0.005572852212935686,0.13877300657480074,
11,R6,1890,0.12168775783713094,0.08788471448707336,0.04835177638109286,0.10958811782898918,0.21973391315464472,-0.03538253705503891,-0.050199222184169556,0.7807259559631348,0.18432985246181488,0.01225267630070448,0.9650558233261108,0.9831803441047668,0.9891682863235474,2,2,2,"[0.7807, 0.1843, 0.0123, 0.0033, 0.0026, 0.0019, 0.0014, 0.0011, 0.0009, 0.0008]","[0.122, 0.088, 0.048, 0.845, 0.381, 0.152, 0.005, 0.164, 0.133, 0.031]",2000,-0.03354036062955856,-0.24677050142859083,
11,R7,1890,-0.1382392715696548,0.19243300149523404,-0.0604177109761249,-0.05136299837871928,-0.0861306211161115,0.058048538294779566,0.08449402194731545,0.8502144813537598,0.11044647544622421,0.02367221750319004,0.9606609344482422,0.9875935316085815,0.9918005466461182,1,2,2,"[0.8502, 0.1104, 0.0237, 0.0021, 0.0012, 0.001, 0.001, 0.0008, 0.0008, 0.0006]","[0.138, 0.192, 0.06, 0.905, 0.068, 0.076, 0.041, 0.05, 0.068, 0.072]",2000,-0.030031433328986168,0.2284843775894871,
12,T0,1890,-0.6565113793225942,0.41044647500145104,0.22838956682975076,-0.034641930916064545,-0.08867686018063262,-0.08847806367640908,-0.16020679447764247,0.18016992509365082,0.1167406365275383,0.08259403705596924,0.2969105541706085,0.5017836689949036,0.6742947697639465,3,52,206,"[0.1802, 0.1167, 0.0826, 0.0669, 0.0554, 0.0473, 0.0378, 0.0354, 0.0263, 0.0257]","[0.657, 0.41, 0.228, 0.354, 0.129, 0.295, 0.063, 0.063, 0.013, 0.043]",2000,0.02240089699625969,0.3833811572284583,
12,T1,1890,-0.8845187047159183,0.2504820500094161,-0.0671697559387583,-0.06692818993088845,-0.08814907066569967,-0.19157496147071504,-0.06692733692260792,0.2186919003725052,0.14817368984222412,0.08880521357059479,0.3668655753135681,0.5742356777191162,0.7418997883796692,1,28,55,"[0.2187, 0.1482, 0.0888, 0.0642, 0.0544, 0.0435, 0.0418, 0.0293, 0.0274, 0.0257]","[0.885, 0.25, 0.067, 0.031, 0.114, 0.165, 0.098, 0.146, 0.051, 0.057]",2000,0.057415515184402466,0.525136571795207,
12,T2,1890,-0.9435172211292158,0.15306565090587704,-0.16323237934785575,-0.012942314203397766,-0.031304703288893294,-0.08622647362556755,-0.21370596260436073,0.4453493058681488,0.1504201740026474,0.05330047756433487,0.595769464969635,0.7396819591522217,0.8631652593612671,1,14,23,"[0.4453, 0.1504, 0.0533, 0.0483, 0.0423, 0.0362, 0.0288, 0.0227, 0.0193, 0.0164]","[0.944, 0.153, 0.163, 0.041, 0.093, 0.017, 0.054, 0.002, 0.054, 0.02]",2000,0.13847675919532776,0.4931195083575803,
12,T3,1890,-0.6949697535743069,-0.13237367410765807,0.5596792304819189,-0.17756132444904468,-0.3945310581577536,-0.14104060685732922,-0.14994454732400253,0.35886240005493164,0.14110322296619415,0.05053236708045006,0.4999656081199646,0.6288298964500427,0.7476863265037537,2,41,195,"[0.3589, 0.1411, 0.0505, 0.0438, 0.0345, 0.0337, 0.0281, 0.0244, 0.0181, 0.0145]","[0.695, 0.132, 0.56, 0.005, 0.043, 0.134, 0.202, 0.004, 0.299, 0.039]",2000,0.040255460888147354,0.33348676137755895,
12,T4,1890,0.9100040329008229,-0.10301152525346512,-0.08874615626127175,0.0443701685728754,0.0689125457736635,0.24771740926205274,0.14180781659625857,0.26709797978401184,0.1080922931432724,0.07340874522924423,0.37519025802612305,0.5539128184318542,0.6993676424026489,1,38,119,"[0.2671, 0.1081, 0.0734, 0.0579, 0.0474, 0.037, 0.0317, 0.029, 0.0261, 0.0217]","[0.91, 0.103, 0.089, 0.083, 0.169, 0.138, 0.138, 0.045, 0.135, 0.054]",2000,0.07044730335474014,-0.45508944054031164,
12,T5,1890,0.5486522953132499,-0.7203958812818931,0.044218919169761534,0.25533993957322326,0.6843925824549681,0.018549957459432984,0.21454025322149817,0.1607292741537094,0.1115918904542923,0.07161282747983932,0.2723211646080017,0.4407433569431305,0.5879799127578735,2,263,620,"[0.1607, 0.1116, 0.0716, 0.0544, 0.0424, 0.0381, 0.034, 0.0291, 0.0249, 0.0211]","[0.549, 0.72, 0.044, 0.185, 0.021, 0.154, 0.055, 0.008, 0.041, 0.083]",2000,0.044940002262592316,-0.2786333301256699,
12,T6,1890,0.01676469765333598,-0.4094375480391545,-0.7147408552473099,0.16957595277979023,0.3175654187195161,-0.019087910776581184,-0.03616610686227511,0.26166388392448425,0.12762010097503662,0.07687848806381226,0.3892839848995209,0.5676906704902649,0.7022755146026611,3,66,319,"[0.2617, 0.1276, 0.0769, 0.0573, 0.0442, 0.0343, 0.0313, 0.0278, 0.0212, 0.02]","[0.017, 0.409, 0.715, 0.328, 0.028, 0.096, 0.208, 0.025, 0.042, 0.025]",2000,0.024846266955137253,-0.16429399984350945,
12,T7,1890,-0.17979113510673225,0.8484945275872637,-0.1738397189674873,0.10435625762797056,0.1799180543027512,-0.013154331946421694,-0.14140986438990727,0.3476300537586212,0.08107809722423553,0.053845345973968506,0.42870813608169556,0.5669291615486145,0.6670921444892883,2,184,536,"[0.3476, 0.0811, 0.0538, 0.0467, 0.0377, 0.0255, 0.0228, 0.0194, 0.0176, 0.0149]","[0.18, 0.848, 0.174, 0.317, 0.058, 0.021, 0.068, 0.04, 0.047, 0.266]",2000,0.038903288543224335,-0.065242878905883,
12,T8,1890,0.12175658200360362,0.857250937494023,-0.16091300442184153,0.024147267505447108,-0.2433246673440008,0.23016113517548384,-0.2434766709690325,0.17451106011867523,0.12722136080265045,0.10663705319166183,0.3017324209213257,0.5300194025039673,0.6793445348739624,1,64,307,"[0.1745, 0.1272, 0.1066, 0.0665, 0.0551, 0.0434, 0.031, 0.0291, 0.0257, 0.0202]","[0.122, 0.857, 0.161, 0.292, 0.082, 0.114, 0.083, 0.081, 0.153, 0.167]",2000,0.0449676439166069,-0.1007814953904036,
12,R0,1890,-0.7319674114589111,0.5333491519325483,0.06418214002623457,-0.028345513642132256,-0.11541460594278871,-0.12758428029145946,-0.19084713685407925,0.28128689527511597,0.1302059143781662,0.07732975482940674,0.41149282455444336,0.594338059425354,0.7315680384635925,2,44,205,"[0.2813, 0.1302, 0.0773, 0.0586, 0.0469, 0.0405, 0.0292, 0.0246, 0.0229, 0.02]","[0.732, 0.533, 0.064, 0.101, 0.245, 0.107, 0.008, 0.07, 0.168, 0.069]",2000,0.05530014634132385,0.3030503164223905,
12,R1,1890,-0.8024487888523296,0.23806287861928052,0.334267323380423,-0.07582882671780555,-0.08083151041217847,-0.23015622029863692,-0.07419879692670736,0.20397023856639862,0.11096297949552536,0.09290338307619095,0.3149332106113434,0.5281882286071777,0.6932150721549988,2,64,314,"[0.204, 0.111, 0.0929, 0.0674, 0.0529, 0.0456, 0.0362, 0.0329, 0.029, 0.0213]","[0.802, 0.238, 0.334, 0.054, 0.238, 0.083, 0.044, 0.091, 0.099, 0.044]",2000,0.05577922984957695,0.4359632414545697,
12,R2,1890,-0.9192298553434902,0.14609056950498464,-0.015075128066401322,-0.021775976382424518,-0.002241097310980375,-0.23194773503763125,-0.12809834901233882,0.262254923582077,0.10662417858839035,0.09593426436185837,0.368879109621048,0.5885859131813049,0.7353197336196899,1,33,93,"[0.2623, 0.1066, 0.0959, 0.0665, 0.0573, 0.0412, 0.0309, 0.0285, 0.025, 0.0212]","[0.919, 0.146, 0.015, 0.129, 0.09, 0.134, 0.047, 0.058, 0.047, 0.047]",2000,0.07749546319246292,0.5298222173883709,
12,R3,1890,0.07029359112105966,0.004954315701597137,0.6020836731362281,0.017338306796718456,0.15959481879862578,-0.08559013242235239,0.03326394525868095,0.9963335990905762,0.0005302095087245107,0.0003787431342061609,0.9968637824058533,0.9977747201919556,0.9985961318016052,3,1,1,"[0.9963, 0.0005, 0.0004, 0.0003, 0.0002, 0.0002, 0.0002, 0.0002, 0.0001, 0.0001]","[0.07, 0.005, 0.602, 0.532, 0.046, 0.075, 0.352, 0.048, 0.271, 0.129]",2000,0.005200529471039772,-0.20363860039336865,
12,R4,1890,-0.13597699723315296,-0.143252487099924,-0.10301528021100774,-0.021768750756090017,0.04716672991177474,-0.09225604930053084,-0.033655175700499855,0.9754490256309509,0.01633075624704361,0.0018256546463817358,0.9917798042297363,0.9951727986335754,0.9967687129974365,3,1,1,"[0.9754, 0.0163, 0.0018, 0.0008, 0.0007, 0.0005, 0.0004, 0.0003, 0.0002, 0.0002]","[0.136, 0.143, 0.103, 0.292, 0.568, 0.448, 0.123, 0.339, 0.038, 0.21]",2000,-0.0038856868632137775,0.17984828955172458,
12,R5,1890,-0.03543264005154869,-0.23615120999205447,-0.836208537558781,0.06694148638292985,0.1753757245567481,-0.09475899527656813,-0.10742930527882906,0.9407655000686646,0.036220766603946686,0.0069604963064193726,0.976986289024353,0.9880847334861755,0.9923331141471863,2,1,2,"[0.9408, 0.0362, 0.007, 0.0023, 0.0018, 0.0013, 0.001, 0.0008, 0.0007, 0.0006]","[0.035, 0.236, 0.836, 0.045, 0.15, 0.129, 0.162, 0.369, 0.205, 0.012]",2000,-0.0028641829267144203,-0.1268781166444035,
12,R6,1890,0.14638507431545267,-0.012661889666242631,-0.02133521160737323,0.08700707060257344,0.1755149452598099,-0.06344258961835236,-0.06462987213212948,0.7620859146118164,0.20036916434764862,0.012754500843584538,0.9624550938606262,0.9818799495697021,0.9883384704589844,1,2,2,"[0.7621, 0.2004, 0.0128, 0.0039, 0.0027, 0.002, 0.0015, 0.0012, 0.0011, 0.0008]","[0.146, 0.013, 0.021, 0.883, 0.197, 0.007, 0.06, 0.257, 0.005, 0.05]",2000,-0.032410431653261185,-0.2535063559922987,
12,R7,1890,-0.11668752294988403,0.23900792953840863,0.04653909779987205,-0.055775689325214435,-0.10044387094421334,0.07091808266505091,0.08450428865159854,0.8534483909606934,0.1024470403790474,0.023919999599456787,0.9558954238891602,0.9853264689445496,0.9906331300735474,1,2,2,"[0.8534, 0.1024, 0.0239, 0.004, 0.0016, 0.0013, 0.0012, 0.0011, 0.001, 0.0007]","[0.117, 0.239, 0.047, 0.875, 0.048, 0.215, 0.152, 0.172, 0.114, 0.135]",2000,-0.026791885495185852,0.22379934883699,
13,T0,1890,-0.7365602280599091,0.33949489442547126,0.2045797772700987,-0.025614629459287795,-0.0567396217820726,-0.10108018228555515,-0.12511331563194544,0.1789693981409073,0.11721852421760559,0.08153950423002243,0.2961879372596741,0.49128302931785583,0.6647458076477051,3,57,232,"[0.179, 0.1172, 0.0815, 0.0621, 0.0515, 0.049, 0.0382, 0.0359, 0.0259, 0.0244]","[0.737, 0.339, 0.205, 0.332, 0.133, 0.246, 0.0, 0.078, 0.019, 0.02]",2000,0.03525162488222122,0.40139068279512774,
13,T1,1890,-0.8987715888473509,0.216919727065104,-0.09201452659047236,-0.05624687538699285,-0.0829455671259568,-0.19127857217741134,-0.061683318159982,0.2307765930891037,0.14004777371883392,0.0887453481554985,0.3708243668079376,0.5709442496299744,0.7385756373405457,1,29,58,"[0.2308, 0.14, 0.0887, 0.0591, 0.0523, 0.0438, 0.0413, 0.031, 0.0267, 0.0248]","[0.899, 0.217, 0.092, 0.023, 0.144, 0.08, 0.151, 0.145, 0.007, 0.07]",2000,0.058246809989213943,0.5262262618693669,
13,T2,1890,-0.9383447333095892,0.19633407403737624,-0.07658454892499728,-0.007430655253002464,-0.011499505591399794,-0.10202751667109491,-0.21884007599853625,0.45746999979019165,0.1475970447063446,0.057338543236255646,0.6050670146942139,0.7493611574172974,0.8638861179351807,1,14,24,"[0.4575, 0.1476, 0.0573, 0.0478, 0.0391, 0.0312, 0.0266, 0.0224, 0.019, 0.0154]","[0.938, 0.196, 0.077, 0.139, 0.108, 0.016, 0.01, 0.089, 0.05, 0.045]",2000,0.14779511094093323,0.4848751109696564,
13,T3,1890,-0.7789760320323642,0.13897427220859088,0.5096123591590467,-0.13645140711018172,-0.25810008735346474,-0.16166638082442353,-0.1303071211447166,0.32788270711898804,0.12965275347232819,0.06435199081897736,0.45753544569015503,0.6079459190368652,0.738020122051239,2,42,186,"[0.3279, 0.1297, 0.0644, 0.0461, 0.04, 0.0336, 0.0293, 0.0269, 0.0226, 0.0177]","[0.779, 0.139, 0.51, 0.056, 0.009, 0.023, 0.065, 0.101, 0.19, 0.064]",2000,0.045585259795188904,0.3834221217779097,
13,T4,1890,0.899135825920429,-0.2252363984604361,-0.08501024339657014,0.030019279183401713,0.058820829132951384,0.2577351757343311,0.05832603586799802,0.30307498574256897,0.09870067983865738,0.0632607564330101,0.40177565813064575,0.5720038414001465,0.7140072584152222,1,36,95,"[0.3031, 0.0987, 0.0633, 0.0556, 0.0513, 0.0359, 0.0323, 0.0275, 0.0255, 0.0208]","[0.899, 0.225, 0.085, 0.134, 0.127, 0.111, 0.094, 0.027, 0.087, 0.076]",2000,0.0761987641453743,-0.4775551403981047,
13,T5,1890,0.87374650947148,-0.19948872903512951,-0.17032447466309922,0.12154210617670473,0.30561900287375793,0.13633029685079273,0.14164065426231529,0.1570225954055786,0.12023037672042847,0.060232069343328476,0.2772529721260071,0.43518394231796265,0.5857468247413635,1,255,608,"[0.157, 0.1202, 0.0602, 0.0505, 0.0472, 0.0408, 0.0326, 0.0307, 0.0234, 0.0231]","[0.874, 0.199, 0.17, 0.216, 0.004, 0.02, 0.093, 0.115, 0.175, 0.069]",2000,0.041041795164346695,-0.4211029034221216,
13,T6,1890,-0.010321066979740128,-0.8406193508143306,-0.18386586778512887,0.1324802764041202,0.31538462820617136,-0.03757570468059773,-0.05600941486538905,0.22422625124454498,0.12665408849716187,0.09873683750629425,0.35088032484054565,0.5509035587310791,0.6893506050109863,1,71,327,"[0.2242, 0.1267, 0.0987, 0.0557, 0.0455, 0.0315, 0.0299, 0.0293, 0.0249, 0.0228]","[0.01, 0.841, 0.184, 0.257, 0.074, 0.2, 0.046, 0.083, 0.097, 0.034]",2000,0.024754971265792847,-0.1700077352697645,
13,T7,1890,-0.654356381750484,0.7784756809879371,0.02170646970704102,-0.001722565514556902,0.12272910733303313,-0.13740961152706782,-0.16240757437183675,0.4259752035140991,0.07798400521278381,0.04413950443267822,0.5039591789245605,0.6222058534622192,0.7105952501296997,2,122,451,"[0.426, 0.078, 0.0441, 0.0407, 0.0334, 0.0215, 0.0192, 0.0179, 0.0159, 0.0139]","[0.654, 0.778, 0.022, 0.254, 0.004, 0.094, 0.036, 0.124, 0.003, 0.173]",2000,0.032371968030929565,0.20261260735402994,
13,T8,1890,0.8969624049619201,-0.2421552664602361,0.055635639109728845,0.02089646072620515,0.018340239733701306,0.23362910765156725,0.02937668415984957,0.21782296895980835,0.11639335006475449,0.08556269854307175,0.33421632647514343,0.5462043881416321,0.6972492933273315,1,50,213,"[0.2178, 0.1164, 0.0856, 0.0657, 0.0607, 0.0419, 0.0344, 0.0268, 0.0252, 0.0228]","[0.897, 0.242, 0.056, 0.121, 0.217, 0.055, 0.018, 0.156, 0.117, 0.015]",2000,0.049734778702259064,-0.48593153876862544,
13,R0,1890,-0.8057374945632936,0.33165398063100976,0.19775277916389278,-0.024159541909000996,-0.0755144679640758,-0.14285170176682316,-0.17496016339205278,0.2511495351791382,0.1189112737774849,0.07610493153333664,0.3700608015060425,0.5653679966926575,0.7139989733695984,2,46,191,"[0.2511, 0.1189, 0.0761, 0.0622, 0.057, 0.0421, 0.035, 0.0274, 0.0228, 0.0213]","[0.806, 0.332, 0.198, 0.236, 0.074, 0.084, 0.001, 0.129, 0.043, 0.106]",2000,0.05322185531258583,0.3643486217938136,
13,R1,1890,0.8330592373554503,0.19183010205461543,0.334993213644092,0.05852067410793239,0.0062434048234065705,0.22737593109684306,0.0603168923009544,0.20899617671966553,0.10906248539686203,0.09484200924634933,0.31805866956710815,0.5393911600112915,0.6926812529563904,2,57,282,"[0.209, 0.1091, 0.0948, 0.0693, 0.0572, 0.0414, 0.0315, 0.0303, 0.0279, 0.0222]","[0.833, 0.192, 0.335, 0.055, 0.199, 0.055, 0.006, 0.032, 0.029, 0.008]",2000,0.06142418831586838,-0.4302992186860411,
13,R2,1890,-0.9050876782911179,-0.17264477729160563,0.1133739073526309,-0.014168211404468624,0.03005864919491009,-0.19233319838899182,-0.09264437731909678,0.2921302318572998,0.10853148996829987,0.06906268000602722,0.4006617069244385,0.5872088670730591,0.7361207604408264,1,33,90,"[0.2921, 0.1085, 0.0691, 0.062, 0.0554, 0.0424, 0.0306, 0.0301, 0.0239, 0.0218]","[0.905, 0.173, 0.113, 0.086, 0.147, 0.008, 0.021, 0.04, 0.075, 0.005]",2000,0.08665023744106293,0.5307130225339244,
13,R3,1890,0.06208692707391645,0.5749760437648022,-0.7216837968684571,-0.0046058759616151865,0.15170771902590294,-0.07003473330823072,0.016257276024736006,0.995659589767456,0.0005779177299700677,0.0005310461856424809,0.9962375164031982,0.9974116683006287,0.9983102083206177,2,1,1,"[0.9957, 0.0006, 0.0005, 0.0004, 0.0003, 0.0002, 0.0002, 0.0002, 0.0002, 0.0001]","[0.062, 0.575, 0.722, 0.124, 0.095, 0.069, 0.145, 0.078, 0.102, 0.036]",2000,0.006029964424669743,-0.201290574347492,
13,R4,1890,-0.15098494199477694,-0.21348450231024724,-0.42110460356632545,-0.008579311654425008,0.017755361624848583,-0.08856181295130278,-0.06541241077130243,0.9752082228660583,0.016083674505352974,0.0014430995797738433,0.991291880607605,0.9944801926612854,0.9963226914405823,2,1,1,"[0.9752, 0.0161, 0.0014, 0.0009, 0.0008, 0.0006, 0.0004, 0.0003, 0.0002, 0.0002]","[0.151, 0.213, 0.421, 0.265, 0.71, 0.145, 0.267, 0.028, 0.023, 0.127]",2000,-0.0034637374337762594,0.18557922697769788,
13,R5,1890,-0.02099822365774828,-0.355860526248187,-0.8398274618568891,0.06663936509478965,0.1658068548051289,-0.06899981061380087,-0.10727990756865793,0.9434432983398438,0.03424561023712158,0.006904703564941883,0.9776889085769653,0.9885382056236267,0.9925858974456787,3,1,2,"[0.9434, 0.0342, 0.0069, 0.002, 0.0019, 0.0011, 0.0009, 0.0008, 0.0006, 0.0006]","[0.021, 0.356, 0.84, 0.112, 0.06, 0.232, 0.392, 0.026, 0.179, 0.1]",2000,-0.0020268536172807217,-0.13676875475684588,
13,R6,1890,0.09797948849086459,-0.0929453792819624,-0.10735180830597227,0.07637085123718397,0.17511310953921858,-0.07545251358416873,-0.06574666107234889,0.8234602212905884,0.14595764875411987,0.008508814498782158,0.9694178700447083,0.9837691783905029,0.9894288778305054,1,2,2,"[0.8235, 0.146, 0.0085, 0.0038, 0.002, 0.0017, 0.0012, 0.0011, 0.0009, 0.0007]","[0.098, 0.093, 0.107, 0.905, 0.011, 0.077, 0.064, 0.23, 0.029, 0.07]",2000,-0.025434982031583786,-0.2195857996398153,
13,R7,1890,-0.04335004812699208,0.3147741769811538,0.17635254959745303,-0.05914423963883915,-0.07183689140823316,0.10590179300906953,0.10276955824501922,0.8758742809295654,0.08419203013181686,0.01942744478583336,0.9600663185119629,0.9858028888702393,0.9909319877624512,2,2,2,"[0.8759, 0.0842, 0.0194, 0.0045, 0.0018, 0.0013, 0.0013, 0.0009, 0.0009, 0.0007]","[0.043, 0.315, 0.176, 0.878, 0.051, 0.269, 0.128, 0.054, 0.089, 0.017]",2000,-0.02311384305357933,0.1696601901500595,
14,T0,1890,-0.8644695864612759,0.017193792687667252,0.184268781627488,-0.005876267484255306,0.012097186482675434,-0.13878895135524819,-0.04809628981326278,0.2009885311126709,0.09988777339458466,0.082510806620121,0.30087631940841675,0.49246320128440857,0.6641157865524292,1,54,214,"[0.201, 0.0999, 0.0825, 0.0576, 0.0515, 0.0479, 0.0406, 0.034, 0.0253, 0.0238]","[0.864, 0.017, 0.184, 0.158, 0.258, 0.218, 0.058, 0.004, 0.079, 0.118]",2000,0.0537244938313961,0.4918834607563883,
14,T1,1890,0.8824885030006502,0.037622052926034155,-0.19871729591745177,-0.01585538100900254,0.005749951248622868,0.2105245488014328,0.10291017375131647,0.22972141206264496,0.12843437492847443,0.09797705709934235,0.3581557869911194,0.5666930079460144,0.7380944490432739,1,28,58,"[0.2297, 0.1284, 0.098, 0.0585, 0.052, 0.0478, 0.0365, 0.0322, 0.0312, 0.0238]","[0.882, 0.038, 0.199, 0.042, 0.12, 0.163, 0.101, 0.118, 0.153, 0.019]",2000,0.06473825126886368,-0.47980269621408905,
14,T2,1890,-0.9368311671128049,0.18711906211078588,-0.07121890781031716,-0.007597122470603812,-0.019458737462007988,-0.12498503156916423,-0.1874994286958146,0.4246997535228729,0.14740316569805145,0.06855186074972153,0.5721029043197632,0.7251777648925781,0.8536102771759033,1,14,25,"[0.4247, 0.1474, 0.0686, 0.047, 0.0375, 0.0356, 0.0305, 0.0252, 0.0215, 0.0157]","[0.937, 0.187, 0.071, 0.175, 0.043, 0.018, 0.084, 0.069, 0.036, 0.093]",2000,0.16086813807487488,0.5355221035568593,
14,T3,1890,-0.72835180484182,0.4083016136749083,0.33876693318587026,-0.07025450006281876,-0.08797460903484393,-0.1764649987509815,-0.017569473204759004,0.21842345595359802,0.13384093344211578,0.11877509206533432,0.352264404296875,0.5780321955680847,0.7170536518096924,3,47,209,"[0.2184, 0.1338, 0.1188, 0.06, 0.047, 0.0375, 0.0307, 0.027, 0.0246, 0.0193]","[0.728, 0.408, 0.339, 0.184, 0.034, 0.062, 0.072, 0.114, 0.111, 0.206]",2000,0.049723170697689056,0.4146965354476979,
14,T4,1890,-0.9071545763887875,-0.2207359468999596,-0.06833226622631133,-0.018011172161763008,-0.0487768689896007,-0.23738515426112833,-0.05360426940722466,0.2951633036136627,0.09732209891080856,0.06797567754983902,0.3924854099750519,0.5678783655166626,0.7085906863212585,1,38,106,"[0.2952, 0.0973, 0.068, 0.0587, 0.0487, 0.0354, 0.0317, 0.0271, 0.0257, 0.0207]","[0.907, 0.221, 0.068, 0.107, 0.132, 0.13, 0.027, 0.09, 0.072, 0.038]",2000,0.08579735457897186,0.5032797938669116,
14,T5,1890,0.9000184899998048,-0.09263439880491017,-0.2599521151811141,0.0915113916392971,0.2048502793198238,0.16781897492453351,0.13389875763283957,0.16070210933685303,0.10658609122037888,0.07903837412595749,0.2672882080078125,0.44410017132759094,0.5939638018608093,1,249,601,"[0.1607, 0.1066, 0.079, 0.0497, 0.0481, 0.0397, 0.0341, 0.0287, 0.0257, 0.0217]","[0.9, 0.093, 0.26, 0.196, 0.028, 0.056, 0.118, 0.154, 0.111, 0.1]",2000,0.04880135506391525,-0.4467789720235332,
14,T6,1890,-0.8850905200703182,-0.12143348402544704,0.0020104903655176155,-0.10384882614615623,-0.23884832045973192,-0.16570166290411728,-0.12244940289282863,0.1534232795238495,0.10584469884634018,0.08987873047590256,0.25926798582077026,0.46223214268684387,0.6384966373443604,1,106,406,"[0.1534, 0.1058, 0.0899, 0.0579, 0.0552, 0.0473, 0.0382, 0.0343, 0.0299, 0.0267]","[0.885, 0.121, 0.002, 0.17, 0.062, 0.185, 0.178, 0.1, 0.065, 0.071]",2000,0.04329770803451538,0.41754307872784857,
14,T7,1890,-0.6789741858396006,0.7849652893625887,0.02063066671227007,-0.034875938902056,-0.05776928581451101,-0.04684790770922818,-0.19791062757570782,0.3126659691333771,0.09830714762210846,0.052615225315093994,0.41097313165664673,0.5466790199279785,0.6523216366767883,2,194,544,"[0.3127, 0.0983, 0.0526, 0.0455, 0.0376, 0.0251, 0.0226, 0.0206, 0.0202, 0.0172]","[0.679, 0.785, 0.021, 0.257, 0.05, 0.096, 0.038, 0.062, 0.118, 0.109]",2000,0.050618696957826614,0.22770958631527866,
14,T8,1890,-0.9122610830301543,-0.13733477195280946,-0.0794808892041592,-0.012253637534469192,-0.033817134293080246,-0.2117824320675156,-0.0214501978927868,0.2261473387479782,0.10912546515464783,0.07620188593864441,0.33527278900146484,0.5410663485527039,0.6923839449882507,1,51,218,"[0.2261, 0.1091, 0.0762, 0.0661, 0.0635, 0.0425, 0.0321, 0.0271, 0.0265, 0.0232]","[0.912, 0.137, 0.079, 0.048, 0.171, 0.098, 0.065, 0.065, 0.169, 0.025]",2000,0.06735736131668091,0.5261500946504767,
14,R0,1890,-0.8469906556474086,0.24914000175094506,0.2946371089182052,-0.027734593466682656,-0.07560876867203196,-0.13441379488326166,-0.15130350559235453,0.2429099678993225,0.10704773664474487,0.07409150898456573,0.3499577045440674,0.550449550151825,0.6979609131813049,1,48,203,"[0.2429, 0.107, 0.0741, 0.0678, 0.0586, 0.0412, 0.0345, 0.0284, 0.0223, 0.0212]","[0.847, 0.249, 0.295, 0.075, 0.026, 0.032, 0.06, 0.038, 0.073, 0.076]",2000,0.06523846834897995,0.40974432332226,
14,R1,1890,-0.8406265858139793,0.27552216055137896,-0.3010571942801886,-0.059764757484963314,-0.0019397841018666704,-0.2250369038980617,-0.04171268354729,0.19792327284812927,0.10925774276256561,0.0952361449599266,0.3071810007095337,0.5283634066581726,0.6823367476463318,2,68,320,"[0.1979, 0.1093, 0.0952, 0.0694, 0.0565, 0.0421, 0.0316, 0.0303, 0.028, 0.022]","[0.841, 0.276, 0.301, 0.007, 0.166, 0.027, 0.006, 0.023, 0.033, 0.001]",2000,0.06603562831878662,0.44538419946074753,
14,R2,1890,-0.9234519803970799,0.19706009861456572,0.02572615867980268,-0.028864251239857017,-0.004111906890462147,-0.21976973605531347,-0.07469701353806274,0.2535250186920166,0.11807182431221008,0.07324931025505066,0.3715968430042267,0.5548568964004517,0.7157873511314392,1,38,114,"[0.2535, 0.1181, 0.0732, 0.0655, 0.0446, 0.0427, 0.0365, 0.0335, 0.0256, 0.0226]","[0.923, 0.197, 0.026, 0.065, 0.103, 0.017, 0.014, 0.01, 0.004, 0.025]",2000,0.08635574579238892,0.5526179800125836,
14,R3,1890,-0.0298694661565884,-0.9116131723280584,-0.07057735266822666,0.024756779509062382,0.14221694519625144,-0.12759035954791925,-0.014764080898274658,0.99560546875,0.0006468369974754751,0.0004973592003807425,0.9962522983551025,0.9973873496055603,0.9982096552848816,1,1,1,"[0.9956, 0.0006, 0.0005, 0.0004, 0.0003, 0.0002, 0.0002, 0.0002, 0.0001, 0.0001]","[0.03, 0.912, 0.071, 0.11, 0.025, 0.006, 0.175, 0.027, 0.002, 0.05]",2000,0.007491930387914181,-0.16474186686906114,
14,R4,1890,-0.17691424356347146,0.17668698118448667,-0.6831487825393215,0.04307300213427448,0.06496168587728623,-0.0899611630498816,-0.03928738247158549,0.9774621725082397,0.014318786561489105,0.0014985252637416124,0.9917809367179871,0.9947665929794312,0.9964472055435181,2,1,1,"[0.9775, 0.0143, 0.0015, 0.0008, 0.0006, 0.0005, 0.0004, 0.0003, 0.0002, 0.0002]","[0.177, 0.177, 0.683, 0.042, 0.557, 0.086, 0.252, 0.01, 0.003, 0.214]",2000,-0.0013494315790012479,0.2041642103550331,
14,R5,1890,-0.01757711716445168,-0.24192830844464294,-0.8450968537003876,0.06824289205658599,0.16514769262593562,-0.053162821709883214,-0.10787169322768196,0.9470610618591309,0.033173054456710815,0.005893264431506395,0.9802341461181641,0.9892322421073914,0.993066668510437,2,1,2,"[0.9471, 0.0332, 0.0059, 0.0018, 0.0013, 0.0012, 0.0009, 0.0007, 0.0006, 0.0005]","[0.018, 0.242, 0.845, 0.153, 0.154, 0.078, 0.416, 0.068, 0.196, 0.016]",2000,-0.0025810031220316887,-0.13063088436550002,
14,R6,1890,0.10827896121273456,-0.04192446842583984,-0.2358030918680594,0.06723303076121197,0.16335669691037985,-0.05770297516257012,-0.06781592719226082,0.84136962890625,0.1281052827835083,0.008626471273601055,0.9694749116897583,0.9839985966682434,0.9894508123397827,1,2,2,"[0.8414, 0.1281, 0.0086, 0.0038, 0.0021, 0.0017, 0.0012, 0.0011, 0.0008, 0.0007]","[0.108, 0.042, 0.236, 0.897, 0.1, 0.124, 0.125, 0.203, 0.022, 0.064]",2000,-0.024285374209284782,-0.2294592614451126,
14,R7,1890,-0.0643194826610476,0.21563549876226287,0.09191736175455018,-0.04747187370538375,-0.0694410623909079,0.11256038947588203,0.07870279403419894,0.895179033279419,0.06951849907636642,0.015851395204663277,0.964697539806366,0.9864211678504944,0.9912790656089783,1,2,2,"[0.8952, 0.0695, 0.0159, 0.0044, 0.0015, 0.0014, 0.0012, 0.0009, 0.0007, 0.0007]","[0.064, 0.216, 0.092, 0.891, 0.077, 0.248, 0.003, 0.029, 0.081, 0.028]",2000,-0.01786719635128975,0.17029542644904883,
15,T0,1890,-0.8980234623735034,-0.21617608972209715,-0.06457845023800683,-0.014761715495637434,0.015472260166485813,-0.1055451663076266,-0.031416995726333975,0.20902781188488007,0.08804098516702652,0.07811947166919708,0.2970688045024872,0.4827567934989929,0.6539031267166138,1,55,204,"[0.209, 0.088, 0.0781, 0.059, 0.0486, 0.0462, 0.0433, 0.033, 0.0256, 0.023]","[0.898, 0.216, 0.065, 0.069, 0.195, 0.181, 0.033, 0.039, 0.124, 0.001]",2000,0.07231409847736359,0.5229925789530221,
15,T1,1890,0.9015994414104312,-0.041097684329134125,-0.24634946477083502,-0.04620008953523669,-0.023722481764819406,0.15297368685980733,0.07435587682666031,0.24432596564292908,0.1257532387971878,0.09087863564491272,0.3700792193412781,0.5623738765716553,0.7316936254501343,1,30,63,"[0.2443, 0.1258, 0.0909, 0.0524, 0.049, 0.0443, 0.0384, 0.0319, 0.0301, 0.0246]","[0.902, 0.041, 0.246, 0.016, 0.134, 0.022, 0.058, 0.036, 0.129, 0.094]",2000,0.08851626515388489,-0.5104939799112315,
15,T2,1890,-0.9322158013979411,0.22425243440223935,-0.048143428214123644,-0.001613991655766813,-0.01783103270991307,-0.12604504088307064,-0.20598634294633172,0.41310712695121765,0.14630073308944702,0.07265167683362961,0.5594078302383423,0.7234399318695068,0.850784957408905,1,15,27,"[0.4131, 0.1463, 0.0727, 0.0536, 0.0377, 0.0351, 0.0301, 0.0245, 0.0214, 0.0164]","[0.932, 0.224, 0.048, 0.153, 0.058, 0.05, 0.103, 0.083, 0.009, 0.076]",2000,0.1575128436088562,0.5252920646046387,
15,T3,1890,-0.8459693117413201,0.33458088128489677,0.14454831108084723,-0.04487610738153471,-0.018513985749388954,-0.20464707567997795,-0.04785683436456668,0.19287975132465363,0.15158690512180328,0.10541475564241409,0.3444666564464569,0.5638066530227661,0.7071725130081177,2,52,244,"[0.1929, 0.1516, 0.1054, 0.0631, 0.0508, 0.04, 0.0318, 0.0277, 0.0246, 0.0192]","[0.846, 0.335, 0.145, 0.159, 0.07, 0.084, 0.116, 0.113, 0.067, 0.223]",2000,0.058855120092630386,0.4898874356892677,
15,T4,1890,-0.9058441435456868,-0.033194855889179996,0.23007996687241491,-0.02231151364568822,-0.03852858714825713,-0.22163057815351486,-0.04540669772789282,0.27389422059059143,0.0940788984298706,0.088272824883461,0.36797311902046204,0.5621391534805298,0.7045838832855225,1,40,122,"[0.2739, 0.0941, 0.0883, 0.0591, 0.0468, 0.0357, 0.0341, 0.0282, 0.0244, 0.02]","[0.906, 0.033, 0.23, 0.069, 0.12, 0.157, 0.102, 0.048, 0.061, 0.017]",2000,0.08238783478736877,0.4875177594003451,
15,T5,1890,0.4541534068999064,-0.8392887795643348,-0.15905740246810382,-0.14440756823063494,-0.45606712526115534,0.1810757882079084,-0.0738901320793266,0.22177642583847046,0.13607840240001678,0.056485000997781754,0.35785484313964844,0.5040760636329651,0.6355313658714294,2,223,573,"[0.2218, 0.1361, 0.0565, 0.0454, 0.0444, 0.033, 0.0305, 0.0259, 0.0229, 0.0192]","[0.454, 0.839, 0.159, 0.208, 0.018, 0.016, 0.118, 0.145, 0.123, 0.079]",2000,0.047373298555612564,-0.14819061010508702,
15,T6,1890,0.9003625154568596,-0.09493284945324562,-0.0014038410024832574,0.08494820474737023,0.18776323711540074,0.14361931032798425,0.1288437378965643,0.15634773671627045,0.10282406210899353,0.08504258841276169,0.2591717839241028,0.45860663056373596,0.630000114440918,1,138,460,"[0.1563, 0.1028, 0.085, 0.0606, 0.0537, 0.0461, 0.0378, 0.0344, 0.0278, 0.0254]","[0.9, 0.095, 0.001, 0.038, 0.175, 0.167, 0.117, 0.178, 0.047, 0.102]",2000,0.04471735283732414,-0.4227775351216672,
15,T7,1890,-0.6053762390830335,0.8335587099974765,-0.010012609178854038,-0.023058618088548092,-0.11173900069670319,0.09305978895379824,-0.16388025881963875,0.2967979609966278,0.10253621637821198,0.05405392870306969,0.399334192276001,0.5330507755279541,0.6431559324264526,2,230,586,"[0.2968, 0.1025, 0.0541, 0.0428, 0.0369, 0.0266, 0.0226, 0.0222, 0.0213, 0.0173]","[0.605, 0.834, 0.01, 0.237, 0.024, 0.137, 0.073, 0.106, 0.048, 0.046]",2000,0.0455215685069561,0.2235588424618881,
15,T8,1890,-0.9089456961086768,0.03757193289221764,0.08992267994957864,0.004484574410579462,-0.0863090647370646,-0.16133425630943832,-0.021710107518983775,0.2194768488407135,0.0949014201760292,0.08921561390161514,0.3143782615661621,0.5317509174346924,0.6821113228797913,1,57,258,"[0.2195, 0.0949, 0.0892, 0.0711, 0.0571, 0.0429, 0.0304, 0.0283, 0.0255, 0.0232]","[0.909, 0.038, 0.09, 0.221, 0.063, 0.096, 0.072, 0.019, 0.157, 0.039]",2000,0.06519562005996704,0.5098371831663007,
15,R0,1890,-0.8576386718780438,0.21845150434179814,-0.18181610517274727,-0.03015775687418216,-0.08717485812923602,-0.12909486774732404,-0.14146093021921796,0.24063269793987274,0.10121932625770569,0.07597117125988007,0.34185200929641724,0.5486879348754883,0.6937595009803772,1,53,232,"[0.2406, 0.1012, 0.076, 0.0701, 0.0608, 0.0409, 0.0326, 0.0277, 0.0227, 0.0212]","[0.858, 0.218, 0.182, 0.236, 0.081, 0.011, 0.036, 0.043, 0.15, 0.027]",2000,0.06843295693397522,0.427941450622689,
15,R1,1890,-0.8388757032177017,0.17383119653925913,-0.37690737463447044,-0.06629506699981302,0.002385905920113758,-0.22124173190724922,-0.03823078339552571,0.1942126601934433,0.12068193405866623,0.094193235039711,0.31489458680152893,0.5321686863899231,0.6866026520729065,2,77,355,"[0.1942, 0.1207, 0.0942, 0.0698, 0.0533, 0.0402, 0.0385, 0.0281, 0.0274, 0.0202]","[0.839, 0.174, 0.377, 0.032, 0.183, 0.029, 0.009, 0.016, 0.021, 0.038]",2000,0.060525696724653244,0.4543643670278223,
15,R2,1890,0.8381984814147285,-0.42510481896762,-0.09053767321664201,-0.049359946072551404,-0.1530796401838504,0.25557689648545157,-0.010931000791484602,0.2913678288459778,0.11639147996902466,0.08930318802595139,0.40775930881500244,0.602360188961029,0.7386264801025391,2,36,117,"[0.2914, 0.1164, 0.0893, 0.063, 0.0423, 0.038, 0.0308, 0.0257, 0.0218, 0.02]","[0.838, 0.425, 0.091, 0.027, 0.079, 0.004, 0.035, 0.004, 0.027, 0.02]",2000,0.0833074152469635,-0.4644535507128651,
15,R3,1890,-0.013034613761906507,-0.9206487815330969,-0.08470394245500786,0.024666376951066268,0.10293073925302973,-0.14084163656306237,-0.005360389904202636,0.9959565997123718,0.0006023331661708653,0.0004574037156999111,0.9965589046478271,0.9975845813751221,0.998333215713501,1,1,1,"[0.996, 0.0006, 0.0005, 0.0003, 0.0003, 0.0002, 0.0002, 0.0001, 0.0001, 0.0001]","[0.013, 0.921, 0.085, 0.026, 0.011, 0.068, 0.149, 0.043, 0.029, 0.04]",2000,0.007248555775731802,-0.163966788960039,
15,R4,1890,-0.17379589004402643,0.1262918343690807,-0.7931629018564961,0.042013572353715986,0.06517548007082395,-0.0814389207815377,-0.07164517696245988,0.9776738286018372,0.014510945416986942,0.0012869634665548801,0.9921847581863403,0.9948491454124451,0.9964646100997925,2,1,1,"[0.9777, 0.0145, 0.0013, 0.0008, 0.0006, 0.0005, 0.0004, 0.0003, 0.0002, 0.0002]","[0.174, 0.126, 0.793, 0.072, 0.458, 0.002, 0.233, 0.068, 0.091, 0.155]",2000,-0.0007487983675673604,0.1826125603641517,
15,R5,1890,0.005363317752954166,0.08205414148048622,0.8444820708949224,-0.06547763178811555,-0.15920078701448978,0.056201120560711,0.10062311478843561,0.9448819160461426,0.03665890544652939,0.005523248575627804,0.9815407991409302,0.9899826049804688,0.9934082627296448,2,1,2,"[0.9449, 0.0367, 0.0055, 0.0017, 0.0012, 0.0009, 0.0009, 0.0007, 0.0005, 0.0005]","[0.005, 0.082, 0.844, 0.077, 0.139, 0.063, 0.426, 0.014, 0.164, 0.126]",2000,-0.003291217377409339,0.13331530532821786,
15,R6,1890,-0.09943696512594784,0.03875780741058813,-0.20590671942395009,-0.04720083560760097,-0.12305370992514272,0.04493589579024458,0.08145189298208223,0.8590136170387268,0.11426886171102524,0.007032215129584074,0.9732824563980103,0.9853712916374207,0.9903153777122498,1,2,2,"[0.859, 0.1143, 0.007, 0.0033, 0.0017, 0.0015, 0.0011, 0.001, 0.0007, 0.0006]","[0.099, 0.039, 0.206, 0.909, 0.096, 0.103, 0.061, 0.21, 0.064, 0.058]",2000,-0.024619175121188164,0.21513582527884603,
15,R7,1890,-0.010673161153518415,0.11721384915021911,0.31453026724483635,-0.07009115530005555,-0.036224026640334424,0.06125757204974624,0.023791980952818204,0.9013863205909729,0.0664762556552887,0.013702399097383022,0.967862606048584,0.9870984554290771,0.9915367960929871,2,1,2,"[0.9014, 0.0665, 0.0137, 0.0041, 0.0015, 0.0013, 0.0011, 0.0007, 0.0006, 0.0006]","[0.011, 0.117, 0.315, 0.902, 0.002, 0.233, 0.063, 0.047, 0.023, 0.078]",2000,-0.017253268510103226,0.14910287447568138,
16,T0,1890,-0.8762324487614382,0.22286821511189694,0.04950861740548549,-0.00967669794742825,0.04010049498507356,-0.12252053934597258,-0.0016781947032179212,0.2002444863319397,0.12117637693881989,0.07383450120687485,0.3214208483695984,0.5043442249298096,0.6678013801574707,2,56,220,"[0.2002, 0.1212, 0.0738, 0.0622, 0.0469, 0.0421, 0.0388, 0.0331, 0.0262, 0.0232]","[0.876, 0.223, 0.05, 0.305, 0.047, 0.041, 0.05, 0.03, 0.154, 0.016]",2000,0.06573507189750671,0.5153786576021601,
16,T1,1890,0.9125681976238819,0.13144718215451387,0.01942706156309209,-0.06797883738707641,0.015320908542968298,0.12371394781865072,0.06892465505263284,0.26081469655036926,0.14400142431259155,0.09803558140993118,0.4048161208629608,0.6255420446395874,0.7777029275894165,1,24,48,"[0.2608, 0.144, 0.098, 0.0707, 0.052, 0.0376, 0.0354, 0.0314, 0.0268, 0.021]","[0.913, 0.131, 0.019, 0.179, 0.037, 0.017, 0.046, 0.091, 0.171, 0.151]",2000,0.09252136200666428,-0.5127177719836677,
16,T2,1890,-0.8285049006380125,-0.44334573758992046,0.13096944515172468,0.0066031771551215675,-0.025293028292569106,-0.07665779416449732,-0.11234737414008429,0.31254446506500244,0.21728578209877014,0.10141173005104065,0.5298302173614502,0.7346676588058472,0.8563311696052551,2,14,26,"[0.3125, 0.2173, 0.1014, 0.0588, 0.0446, 0.0364, 0.024, 0.0224, 0.02, 0.0189]","[0.829, 0.443, 0.131, 0.08, 0.091, 0.1, 0.026, 0.021, 0.001, 0.114]",2000,0.1312495917081833,0.44066895245931353,
16,T3,1890,-0.9047635462481041,0.25223086111939247,0.08864869979506752,-0.023242245421089127,-0.008370997508258746,-0.16097150564595217,-0.039705330240379304,0.22619706392288208,0.13861826062202454,0.1021331250667572,0.3648153245449066,0.574363112449646,0.7138513326644897,1,52,254,"[0.2262, 0.1386, 0.1021, 0.0604, 0.0471, 0.0373, 0.0308, 0.0271, 0.0239, 0.0204]","[0.905, 0.252, 0.089, 0.137, 0.087, 0.102, 0.097, 0.13, 0.023, 0.104]",2000,0.06775308400392532,0.5361286823275618,
16,T4,1890,-0.9259960797174518,0.23805610381946873,0.09624281868532443,-0.0020576127017044085,-0.01702281304782541,-0.14753856891852019,-0.01384637640464436,0.3244566321372986,0.09114445745944977,0.0766974464058876,0.41560107469558716,0.5898112058639526,0.735359787940979,1,35,96,"[0.3245, 0.0911, 0.0767, 0.0535, 0.044, 0.0386, 0.0328, 0.0295, 0.0238, 0.0208]","[0.926, 0.238, 0.096, 0.033, 0.121, 0.08, 0.007, 0.012, 0.031, 0.099]",2000,0.09594402462244034,0.5374117408375226,
16,T5,1890,0.4252692228573514,-0.8399946701981196,-0.16502452447962546,-0.15214736101077794,-0.47754232686739523,0.1658382391988194,-0.09259112514147684,0.2131517082452774,0.13768145442008972,0.05940478295087814,0.3508331775665283,0.49714991450309753,0.6273736357688904,2,254,610,"[0.2132, 0.1377, 0.0594, 0.0442, 0.0428, 0.0321, 0.0292, 0.0247, 0.0225, 0.0218]","[0.425, 0.84, 0.165, 0.194, 0.11, 0.056, 0.113, 0.151, 0.124, 0.022]",2000,0.05083645507693291,-0.1209891533288328,
16,T6,1890,-0.765315996943318,0.421010231418139,0.19964795654035045,0.04604342539807984,0.06206633241156955,0.09818182198426596,-0.1422183455755593,0.2295292466878891,0.10849086195230484,0.07327774912118912,0.33802011609077454,0.5220186114311218,0.6725586652755737,2,108,413,"[0.2295, 0.1085, 0.0733, 0.062, 0.0487, 0.0401, 0.0345, 0.0298, 0.0244, 0.0217]","[0.765, 0.421, 0.2, 0.164, 0.028, 0.288, 0.009, 0.152, 0.042, 0.12]",2000,0.047174081206321716,0.25567267452650766,
16,T7,1890,-0.6034658467518343,0.829667312456898,0.06898020047180703,-0.024052120703189288,-0.10664403966363602,0.09438695863582508,-0.1600084611456465,0.28497248888015747,0.10373371839523315,0.05449150502681732,0.3887062072753906,0.5202431082725525,0.6370360255241394,2,263,623,"[0.285, 0.1037, 0.0545, 0.041, 0.0361, 0.0308, 0.0238, 0.0216, 0.0208, 0.0197]","[0.603, 0.83, 0.069, 0.2, 0.099, 0.079, 0.071, 0.106, 0.128, 0.065]",2000,0.04481109604239464,0.21780508563603845,
16,T8,1890,-0.9094733915258832,0.11111016218584699,-0.1470376825902407,0.00045999652233412594,-0.10842542412062484,-0.12891886514135892,0.021979711053554247,0.2998369634151459,0.09503636509180069,0.07054455578327179,0.39487332105636597,0.5668208003044128,0.7029999494552612,1,50,221,"[0.2998, 0.095, 0.0705, 0.0592, 0.0422, 0.0366, 0.028, 0.0263, 0.0237, 0.0216]","[0.909, 0.111, 0.147, 0.201, 0.138, 0.049, 0.076, 0.031, 0.017, 0.032]",2000,0.09099327027797699,0.5487414603227235,
16,R0,1890,-0.9237006114862685,-0.027105092654863067,-0.17514649628576445,-0.02246032261875999,0.0023661165529402037,-0.07733821823628408,-0.08620354315603587,0.2881615459918976,0.10287609696388245,0.07075883448123932,0.39103764295578003,0.5811630487442017,0.7178305983543396,1,45,194,"[0.2882, 0.1029, 0.0708, 0.0653, 0.0541, 0.0381, 0.0317, 0.0259, 0.0216, 0.0193]","[0.924, 0.027, 0.175, 0.141, 0.013, 0.091, 0.122, 0.042, 0.059, 0.087]",2000,0.08502320945262909,0.5509987201392623,
16,R1,1890,-0.8740664410801599,0.05408524476352786,0.3632636043853777,-0.04688535027004704,0.0698052901432221,-0.17336662825523128,0.009532509114001695,0.23518921434879303,0.12258346378803253,0.09745030850172043,0.35777267813682556,0.5632365345954895,0.7132012844085693,2,57,286,"[0.2352, 0.1226, 0.0975, 0.0584, 0.0497, 0.044, 0.0337, 0.028, 0.0233, 0.021]","[0.874, 0.054, 0.363, 0.102, 0.026, 0.099, 0.004, 0.008, 0.04, 0.035]",2000,0.08228588104248047,0.46398444300357405,
16,R2,1890,0.8907199650441026,-0.30929976842986173,0.02293145316496481,-0.02134658534316504,-0.111186604381364,0.22535721247524992,0.0045540096412794665,0.2954566776752472,0.12061263620853424,0.09235164523124695,0.4160693287849426,0.6151333451271057,0.7491587996482849,2,36,121,"[0.2955, 0.1206, 0.0924, 0.0599, 0.0468, 0.0354, 0.0326, 0.0247, 0.0216, 0.0196]","[0.891, 0.309, 0.023, 0.088, 0.213, 0.051, 0.025, 0.047, 0.027, 0.036]",2000,0.09210196882486343,-0.5205871587713862,
16,R3,1890,-0.2381311643255752,0.5022859942825656,0.06067185770976035,-0.019202184712417286,0.0133376723343726,-0.025452769782723105,0.13594729054287924,0.8528401851654053,0.11146596819162369,0.01170965377241373,0.9643061757087708,0.9860751628875732,0.9921633005142212,1,2,2,"[0.8528, 0.1115, 0.0117, 0.0061, 0.004, 0.0021, 0.0015, 0.001, 0.0008, 0.0007]","[0.238, 0.502, 0.061, 0.23, 0.209, 0.096, 0.206, 0.299, 0.192, 0.111]",2000,0.20337752997875214,0.10729286969435178,
16,R4,1890,-0.07573907752943888,-0.1346382034568739,0.5975120524659732,-0.030839377069730053,0.034896463345882714,-0.023003365403558823,-0.12715175003260212,0.9705360531806946,0.013629990629851818,0.004229111596941948,0.9841660261154175,0.9918902516365051,0.9948623180389404,3,1,1,"[0.9705, 0.0136, 0.0042, 0.0024, 0.0011, 0.0009, 0.0007, 0.0006, 0.0004, 0.0004]","[0.076, 0.135, 0.598, 0.026, 0.435, 0.036, 0.152, 0.488, 0.035, 0.163]",2000,0.032470058649778366,0.07374605567433624,
16,R5,1890,-0.03498439992782512,0.2664154565860714,0.8534831891584205,-0.07140295587479902,-0.15088014298311192,0.03446586768510866,0.11030977561206771,0.9421931505203247,0.03951679542660713,0.005168476141989231,0.9817099571228027,0.9899390339851379,0.9934588074684143,2,1,2,"[0.9422, 0.0395, 0.0052, 0.0016, 0.0014, 0.0011, 0.0008, 0.0007, 0.0005, 0.0005]","[0.035, 0.266, 0.853, 0.086, 0.055, 0.23, 0.387, 0.006, 0.064, 0.2]",2000,-0.003721388755366206,0.16419259596279356,
16,R6,1890,-0.13204108257368138,0.022689613478156526,-0.16340577086489183,-0.04510899547873475,-0.11971956628068557,0.032863474376928874,0.07570863813590513,0.8365535140037537,0.1337253749370575,0.006716515403240919,0.9702788591384888,0.9829714298248291,0.989223837852478,1,2,2,"[0.8366, 0.1337, 0.0067, 0.0037, 0.0022, 0.0018, 0.0014, 0.0012, 0.0011, 0.0007]","[0.132, 0.023, 0.163, 0.902, 0.102, 0.189, 0.139, 0.122, 0.138, 0.047]",2000,-0.025871528312563896,0.2312897405519312,
16,R7,1890,-0.010444528388675536,0.04948118118469847,0.40304702569889517,-0.05203291864471402,-0.0521182421082132,0.08693773642576905,0.04584065657103201,0.8771533966064453,0.0857478529214859,0.01567808911204338,0.96290123462677,0.985016942024231,0.9899979829788208,2,2,2,"[0.8772, 0.0857, 0.0157, 0.0047, 0.0017, 0.0015, 0.0012, 0.0009, 0.0008, 0.0007]","[0.01, 0.049, 0.403, 0.906, 0.029, 0.194, 0.018, 0.034, 0.05, 0.057]",2000,-0.017969943583011627,0.14278119676416456,
17,T0,1890,0.9430116521545986,-0.10226284475141909,0.07137179049252079,-0.011428400171925267,-0.02876414389479465,0.0640662419403806,-0.031129246613247598,0.23253072798252106,0.09663251787424088,0.0797606036067009,0.32916325330734253,0.5300000905990601,0.6823346614837646,1,48,145,"[0.2325, 0.0966, 0.0798, 0.0691, 0.0519, 0.0358, 0.0338, 0.0298, 0.0286, 0.0244]","[0.943, 0.102, 0.071, 0.02, 0.041, 0.149, 0.056, 0.013, 0.097, 0.094]",2000,0.16568532586097717,-0.6151723700551599,
17,T1,1890,0.9586503297504766,0.05054862997555867,-0.009755824346852123,-0.040784142040928055,0.0485607902989591,0.08774131815001851,0.008542751752728422,0.2855595350265503,0.12739297747612,0.09627562761306763,0.4129525125026703,0.623545229434967,0.7760825753211975,1,25,50,"[0.2856, 0.1274, 0.0963, 0.0679, 0.0464, 0.0399, 0.0395, 0.0286, 0.0246, 0.0199]","[0.959, 0.051, 0.01, 0.077, 0.089, 0.025, 0.016, 0.113, 0.075, 0.02]",2000,0.1495368927717209,-0.6107048847455396,
17,T2,1890,-0.8366301256733735,-0.32569158091630823,-0.08815114935981543,-0.005177515705487353,-0.08214332522754111,-0.0710863496716172,0.009833148093185702,0.4366832971572876,0.1554556041955948,0.08621101081371307,0.5921388864517212,0.7784470915794373,0.8744844198226929,3,13,23,"[0.4367, 0.1555, 0.0862, 0.0666, 0.0335, 0.0249, 0.0233, 0.0187, 0.0157, 0.0134]","[0.837, 0.326, 0.088, 0.327, 0.104, 0.073, 0.027, 0.104, 0.051, 0.06]",2000,0.2420373111963272,0.6651131777264467,
17,T3,1890,-0.9199276497589295,0.22908500356066183,0.026347802855980845,-0.007184509673323662,0.0042078787437108646,-0.15150885698865313,-0.011951332105039809,0.21085108816623688,0.11923060566186905,0.09653019905090332,0.3300817012786865,0.5423220992088318,0.6960603594779968,1,53,227,"[0.2109, 0.1192, 0.0965, 0.064, 0.0517, 0.0468, 0.0318, 0.0291, 0.024, 0.022]","[0.92, 0.229, 0.026, 0.11, 0.025, 0.113, 0.17, 0.109, 0.093, 0.025]",2000,0.08782351762056351,0.5578693295862213,
17,T4,1890,0.9480702861859654,-0.0338954707809961,0.09075897028801046,-0.008373745964167654,0.015814385009063372,0.03561703620288222,-0.022399892478704952,0.37576550245285034,0.10472816973924637,0.08757004141807556,0.4804936647415161,0.6600635051727295,0.77824467420578,1,27,60,"[0.3758, 0.1047, 0.0876, 0.0493, 0.0427, 0.0316, 0.0281, 0.0221, 0.0191, 0.0174]","[0.948, 0.034, 0.091, 0.121, 0.1, 0.064, 0.083, 0.048, 0.009, 0.059]",2000,0.1977395862340927,-0.643026043467505,
17,T5,1890,-0.6113190561066828,0.6691281965837208,-0.022324380481293492,-0.1287165671018022,-0.4618800275378114,0.04960035233656717,-0.07467512169221749,0.16448795795440674,0.1333867758512497,0.07286947965621948,0.2978747487068176,0.4793102741241455,0.6169775128364563,2,226,574,"[0.1645, 0.1334, 0.0729, 0.0644, 0.0442, 0.0358, 0.0299, 0.0268, 0.0246, 0.0205]","[0.611, 0.669, 0.022, 0.182, 0.156, 0.058, 0.121, 0.065, 0.206, 0.052]",2000,0.0654820129275322,0.3399412007479629,
17,T6,1890,-0.7107593069872291,0.5548682051805489,0.2307381823060487,-0.05706911619596835,-0.02177408808617061,0.02416968644938018,-0.09787373368344403,0.25253909826278687,0.09794703871011734,0.07113467156887054,0.3504861295223236,0.5309527516365051,0.6760498881340027,2,94,380,"[0.2525, 0.0979, 0.0711, 0.0656, 0.0437, 0.0402, 0.0362, 0.0272, 0.0214, 0.02]","[0.711, 0.555, 0.231, 0.034, 0.234, 0.24, 0.01, 0.118, 0.191, 0.08]",2000,0.053476668894290924,0.25975000712293955,
17,T7,1890,-0.702943856940533,0.7081452147517627,-0.004702502277350616,-0.0016636301938327016,-0.044206167653063275,0.056605038284452826,-0.08067321249213565,0.18472608923912048,0.10628709197044373,0.0635114535689354,0.2910131812095642,0.44657766819000244,0.5841968655586243,2,295,653,"[0.1847, 0.1063, 0.0635, 0.0507, 0.0414, 0.0333, 0.0312, 0.0274, 0.023, 0.0226]","[0.703, 0.708, 0.005, 0.196, 0.101, 0.074, 0.095, 0.002, 0.126, 0.048]",2000,0.06025899574160576,0.3114056139797766,
17,T8,1890,-0.9385413763251366,0.005480343752393795,-0.10044963288878439,0.011304108588062018,-0.06099329856235445,-0.07854646884587524,0.031420401297306826,0.277971088886261,0.106268510222435,0.07846484333276749,0.3842396140098572,0.5607374906539917,0.6986333131790161,1,49,191,"[0.278, 0.1063, 0.0785, 0.0555, 0.0426, 0.0363, 0.0306, 0.0282, 0.0232, 0.0196]","[0.939, 0.005, 0.1, 0.151, 0.109, 0.036, 0.079, 0.061, 0.017, 0.025]",2000,0.12456171959638596,0.5812119357009322,
17,R0,1890,0.9200986085843126,-0.13504334313362346,0.21443289855667186,-0.0010180671752714912,-0.07712736646106703,0.08444555461229863,0.023843035178918594,0.28351348638534546,0.1210625022649765,0.07339315116405487,0.40457600355148315,0.5735763907432556,0.7190088629722595,1,42,163,"[0.2835, 0.1211, 0.0734, 0.0499, 0.0457, 0.035, 0.0306, 0.0291, 0.0265, 0.0243]","[0.92, 0.135, 0.214, 0.019, 0.069, 0.016, 0.078, 0.07, 0.101, 0.191]",2000,0.10215453058481216,-0.57345785600362,
17,R1,1890,-0.9049427118689041,0.3309234688340602,-0.13810745093723747,-0.027734379801558042,0.09405061539228354,-0.15037048250587698,0.06249356328644779,0.2404419630765915,0.1160367950797081,0.0970730409026146,0.356478750705719,0.5555335879325867,0.7079491019248962,2,54,261,"[0.2404, 0.116, 0.0971, 0.052, 0.0499, 0.0409, 0.0315, 0.0303, 0.0258, 0.0239]","[0.905, 0.331, 0.138, 0.064, 0.055, 0.037, 0.032, 0.14, 0.102, 0.014]",2000,0.11828131228685379,0.5887786735075325,
17,R2,1890,0.9401019514052645,0.10797627710300474,-0.007730370766491441,0.024887895341373367,0.027193256153095844,0.14831112248596598,-0.037884659551579325,0.26710668206214905,0.11329884827136993,0.09675870835781097,0.3804055452346802,0.6016757488250732,0.7368547320365906,1,38,126,"[0.2671, 0.1133, 0.0968, 0.0725, 0.052, 0.0327, 0.0314, 0.0251, 0.0249, 0.0211]","[0.94, 0.108, 0.008, 0.097, 0.05, 0.15, 0.075, 0.023, 0.012, 0.066]",2000,0.13941305875778198,-0.6645461443141732,
17,R3,1890,-0.15427848197392988,0.4888514432744075,-0.05308890320920219,0.005360721268320751,0.08466044919258123,-0.012894875134109106,0.06217344871195644,0.8435342907905579,0.11268322169780731,0.012533931992948055,0.9562175273895264,0.9804189205169678,0.989940345287323,3,2,2,"[0.8435, 0.1127, 0.0125, 0.0067, 0.005, 0.0039, 0.0021, 0.0016, 0.001, 0.0009]","[0.154, 0.489, 0.053, 0.344, 0.189, 0.225, 0.133, 0.18, 0.347, 0.121]",2000,0.20253226161003113,0.029393942373599335,
17,R4,1890,0.007490995254300742,-0.3169444213171173,0.6374747966134744,-0.009196462753755286,0.061700832601714876,0.010881770642286114,-0.12371149116482934,0.9676110744476318,0.013906044885516167,0.005340415984392166,0.9815171360969543,0.9906208515167236,0.9940167665481567,5,1,1,"[0.9676, 0.0139, 0.0053, 0.0026, 0.0012, 0.001, 0.0008, 0.0007, 0.0005, 0.0004]","[0.007, 0.317, 0.637, 0.008, 0.399, 0.355, 0.061, 0.381, 0.114, 0.091]",2000,0.03857482969760895,0.006533061361105854,
17,R5,1890,0.11510584504945852,0.18651155202408604,0.9070721459609725,0.0679401063191625,0.15085655239825144,-0.019378468002576886,-0.09241559224339059,0.9356660842895508,0.04255545139312744,0.005972387734800577,0.9782215356826782,0.9881424903869629,0.9928230047225952,1,1,2,"[0.9357, 0.0426, 0.006, 0.0023, 0.0016, 0.0014, 0.0012, 0.0009, 0.0006, 0.0005]","[0.115, 0.187, 0.907, 0.074, 0.049, 0.187, 0.107, 0.179, 0.101, 0.064]",2000,0.018152326345443726,-0.21536221310902795,
17,R6,1890,-0.11403516046412754,0.014838260593003074,-0.9127413742949916,-0.05038914933764763,-0.10621368030246088,0.04563126862127528,0.06330744567810374,0.8012635111808777,0.16209812462329865,0.0073402998968958855,0.9633616209030151,0.9778726696968079,0.9862969517707825,3,2,2,"[0.8013, 0.1621, 0.0073, 0.0046, 0.0026, 0.0024, 0.0018, 0.0017, 0.0014, 0.0012]","[0.114, 0.015, 0.913, 0.323, 0.349, 0.279, 0.052, 0.213, 0.136, 0.043]",2000,0.007234961725771427,0.21830476268956925,
17,R7,1890,-0.09445731472591187,-0.006384635030256045,0.5833127244197576,-0.012238926316571416,-0.0743203535512065,0.12560807586635886,0.04500037888664564,0.8436482548713684,0.09492794424295425,0.017355548217892647,0.9385762214660645,0.9744572639465332,0.9837445616722107,3,2,3,"[0.8436, 0.0949, 0.0174, 0.0146, 0.004, 0.0027, 0.0021, 0.0017, 0.0014, 0.0013]","[0.094, 0.006, 0.583, 0.877, 0.409, 0.151, 0.126, 0.044, 0.099, 0.065]",2000,0.029573354870080948,0.1704918635688696,
18,T0,1890,0.9350793161481161,-0.17895593000663798,0.03215501870650777,-0.0004895700784371821,0.08095819624218054,0.043950748633651254,-0.062274415487712495,0.2665424942970276,0.09813262522220612,0.08875147998332977,0.3646751046180725,0.5735411643981934,0.723713219165802,1,37,84,"[0.2665, 0.0981, 0.0888, 0.0689, 0.0512, 0.0406, 0.0341, 0.0288, 0.0243, 0.0224]","[0.935, 0.179, 0.032, 0.043, 0.055, 0.174, 0.047, 0.103, 0.004, 0.015]",2000,0.19168366491794586,-0.6598026537190029,
18,T1,1890,0.8896260711521171,0.10681935720280958,0.16691274528838387,-0.09666525040644885,0.07593454868014546,0.09203118358852312,-0.13003365542524,0.3106834888458252,0.13248269259929657,0.10550793260335922,0.44316619634628296,0.6813563704490662,0.8171473741531372,1,20,38,"[0.3107, 0.1325, 0.1055, 0.0735, 0.0591, 0.0413, 0.0342, 0.0236, 0.02, 0.0167]","[0.89, 0.107, 0.167, 0.202, 0.124, 0.087, 0.001, 0.121, 0.04, 0.097]",2000,0.17712615430355072,-0.6544426369480982,
18,T2,1890,-0.7762943254064341,0.33422029625292243,0.2122211735183503,-0.01599018043134634,-0.15327921280453075,-0.06261906909783925,0.002523602907757091,0.4247923195362091,0.1550973355770111,0.11312577873468399,0.5798896551132202,0.7822275757789612,0.8778795599937439,2,13,23,"[0.4248, 0.1551, 0.1131, 0.0549, 0.0343, 0.028, 0.0211, 0.0179, 0.0145, 0.0141]","[0.776, 0.334, 0.212, 0.27, 0.095, 0.17, 0.113, 0.123, 0.045, 0.029]",2000,0.23159612715244293,0.6121157129787467,
18,T3,1890,-0.9215114011081191,-0.06860601300794747,-0.032744807601878534,0.03931409863535046,-0.0858340315003757,-0.10622368448436979,0.1296533256867624,0.2423558235168457,0.1438724249601364,0.10752804577350616,0.3862282633781433,0.6206197738647461,0.7681753635406494,1,29,71,"[0.2424, 0.1439, 0.1075, 0.0736, 0.0532, 0.037, 0.0357, 0.0277, 0.0248, 0.0223]","[0.922, 0.069, 0.033, 0.182, 0.106, 0.057, 0.049, 0.028, 0.102, 0.039]",2000,0.14174824953079224,0.627115466723677,
18,T4,1890,-0.9371395603390636,0.1181064406835595,0.09308732965644825,0.022194014095466407,-0.11869567306817855,-0.060845865626716435,0.09228637697426643,0.4176447093486786,0.12545068562030792,0.08404206484556198,0.5430954098701477,0.7220221757888794,0.8292959332466125,1,18,37,"[0.4176, 0.1255, 0.084, 0.0562, 0.0386, 0.032, 0.0229, 0.0191, 0.0182, 0.015]","[0.937, 0.118, 0.093, 0.117, 0.21, 0.058, 0.005, 0.04, 0.074, 0.042]",2000,0.262764573097229,0.7287225674784865,
18,T5,1890,-0.90959615698736,0.06506977400969804,-0.16097918620924256,-0.057217920817832425,-0.1711844211979831,-0.04808295490019056,0.007478463941722168,0.19728940725326538,0.13362006843090057,0.09846064448356628,0.33090949058532715,0.5417574048042297,0.690570592880249,1,82,345,"[0.1973, 0.1336, 0.0985, 0.0632, 0.0492, 0.0463, 0.0312, 0.0282, 0.0238, 0.0192]","[0.91, 0.065, 0.161, 0.002, 0.133, 0.157, 0.08, 0.062, 0.131, 0.091]",2000,0.1295388787984848,0.5443871759698612,
18,T6,1890,-0.7983957301147111,0.34758722184831115,0.23973808462346377,-0.047246734248906526,-0.044037133909510785,-0.006427911465054012,-0.04100369835155559,0.2072145938873291,0.11678969115018845,0.09059420228004456,0.32400429248809814,0.5530049204826355,0.6977538466453552,2,65,291,"[0.2072, 0.1168, 0.0906, 0.0853, 0.0532, 0.0434, 0.0317, 0.0278, 0.0221, 0.0198]","[0.798, 0.348, 0.24, 0.164, 0.116, 0.22, 0.077, 0.031, 0.142, 0.04]",2000,0.10362810641527176,0.3651567755240364,
18,T7,1890,-0.9108647032518605,0.304594238821864,-0.0011814977450858364,-0.0021528051912308496,-0.06758939393028526,0.0060845903061760185,-0.005864367996289154,0.19644099473953247,0.10092341154813766,0.0835973471403122,0.29736441373825073,0.49758249521255493,0.6353284120559692,2,177,515,"[0.1964, 0.1009, 0.0836, 0.0725, 0.0441, 0.0365, 0.0322, 0.0266, 0.0226, 0.0199]","[0.911, 0.305, 0.001, 0.083, 0.079, 0.118, 0.025, 0.123, 0.006, 0.012]",2000,0.130373015999794,0.5349326520431374,
18,T8,1890,0.908762215300333,0.2212083256492436,-0.02603771809292726,0.037830971977653026,0.21286923735945595,0.031838000567737806,-0.04791753918925769,0.32548442482948303,0.144839808344841,0.0961478054523468,0.47032421827316284,0.6708241105079651,0.7842351794242859,1,26,63,"[0.3255, 0.1448, 0.0961, 0.0543, 0.0501, 0.0353, 0.0222, 0.0206, 0.0186, 0.0168]","[0.909, 0.221, 0.026, 0.162, 0.177, 0.022, 0.119, 0.047, 0.013, 0.047]",2000,0.20730243623256683,-0.6494238465369485,
18,R0,1890,0.9576856167639038,0.07258110162862172,-0.07219780651957428,-0.02042689619617524,0.015905311189160286,0.08968788107705387,-0.07153762484092925,0.3225856125354767,0.13008666038513184,0.08352730423212051,0.4526722729206085,0.6333263516426086,0.7680665850639343,1,30,79,"[0.3226, 0.1301, 0.0835, 0.0516, 0.0455, 0.0373, 0.0296, 0.0277, 0.0218, 0.0183]","[0.958, 0.073, 0.072, 0.076, 0.103, 0.068, 0.052, 0.028, 0.022, 0.021]",2000,0.17094147205352783,-0.6485227125251236,
18,R1,1890,0.8807958679200404,-0.26136272783656017,-0.07877227463252957,0.047148182402979785,0.14198162821757193,0.08119312674965723,-0.030663654658163318,0.26582401990890503,0.15175746381282806,0.08362408727407455,0.4175814986228943,0.6000789999961853,0.746834933757782,1,39,159,"[0.2658, 0.1518, 0.0836, 0.0507, 0.0482, 0.0445, 0.0324, 0.0269, 0.0227, 0.0203]","[0.881, 0.261, 0.079, 0.046, 0.1, 0.214, 0.09, 0.116, 0.121, 0.01]",2000,0.15369683504104614,-0.601913382091487,
18,R2,1890,0.9387053935681691,-0.056452297590616436,0.004517758499617052,0.027980645557705804,0.08170423983356069,0.14820221318118906,-0.03325142256138936,0.2533223330974579,0.1376720368862152,0.08438138663768768,0.3909943699836731,0.6035699844360352,0.7415884733200073,1,37,124,"[0.2533, 0.1377, 0.0844, 0.0716, 0.0566, 0.0351, 0.0327, 0.0262, 0.0254, 0.0186]","[0.939, 0.056, 0.005, 0.023, 0.137, 0.128, 0.103, 0.092, 0.061, 0.076]",2000,0.1453937441110611,-0.6517869519501275,
18,R3,1890,-0.266538748911224,0.5007514565550573,-0.03447387725687093,0.049412834630023134,0.027380281743141586,-0.014266207719644467,0.12521588912978712,0.8485165238380432,0.10457860678434372,0.0125978859141469,0.9530951380729675,0.9781404137611389,0.988315224647522,3,2,2,"[0.8485, 0.1046, 0.0126, 0.0074, 0.005, 0.004, 0.0021, 0.0019, 0.0012, 0.0011]","[0.267, 0.501, 0.034, 0.331, 0.205, 0.255, 0.001, 0.157, 0.455, 0.143]",2000,0.19188357889652252,0.171988225253128,
18,R4,1890,0.06704374105674597,-0.5705838605341578,0.5449547447841523,-0.014185521700940156,0.04172201818050492,0.015030721313124721,-0.06496436364962306,0.9495339393615723,0.015096709132194519,0.01421432476490736,0.964630663394928,0.9850167036056519,0.9914405345916748,3,1,2,"[0.9495, 0.0151, 0.0142, 0.0039, 0.0022, 0.0019, 0.0015, 0.0011, 0.001, 0.001]","[0.067, 0.571, 0.545, 0.053, 0.04, 0.495, 0.241, 0.099, 0.182, 0.232]",2000,0.07291790097951889,0.0004389361247127264,
18,R5,1890,0.13584804095261774,0.2493459535186789,0.9061650565314231,0.06332900543478064,0.1273637103613223,-0.03187762787670718,-0.10293018706892909,0.9159558415412903,0.045311395078897476,0.013512952253222466,0.9612672328948975,0.9821368455886841,0.9894585609436035,2,1,2,"[0.916, 0.0453, 0.0135, 0.0039, 0.0035, 0.0021, 0.0018, 0.0013, 0.0011, 0.001]","[0.136, 0.249, 0.906, 0.373, 0.034, 0.179, 0.186, 0.091, 0.016, 0.115]",2000,0.04785839840769768,-0.22488149547579378,
18,R6,1890,-0.08875113046966239,-0.051533467498351686,-0.8344411681386367,-0.04247076509172157,-0.09602062056545445,0.04516142759526748,0.08299318822297533,0.7723857760429382,0.1718052476644516,0.016481434926390648,0.944191038608551,0.9700027704238892,0.9816833138465881,3,2,3,"[0.7724, 0.1718, 0.0165, 0.0054, 0.0039, 0.0032, 0.0026, 0.0022, 0.002, 0.0018]","[0.089, 0.052, 0.834, 0.07, 0.43, 0.278, 0.344, 0.098, 0.036, 0.05]",2000,0.03369869291782379,0.20421500659916939,
18,R7,1890,0.22785658017295404,-0.7340187352370442,-0.07286431116022633,0.003980985256481896,-0.019018307858090586,0.14728891849448308,-0.017445931541953293,0.744081437587738,0.10384805500507355,0.07345859706401825,0.8479294776916504,0.9440746903419495,0.9712189435958862,3,3,6,"[0.7441, 0.1038, 0.0735, 0.0133, 0.0094, 0.0084, 0.0069, 0.0049, 0.0042, 0.0027]","[0.228, 0.734, 0.073, 0.318, 0.515, 0.139, 0.224, 0.205, 0.219, 0.071]",2000,0.17592297494411469,-0.09346454587571251,
19,T0,1890,0.9419570168016492,-0.14229705709953097,0.10514684817289013,-1.887384335753857e-05,0.07894264008851293,0.026399568585786595,-0.07201452566341807,0.256420761346817,0.1003028154373169,0.08749102801084518,0.3567235767841339,0.5592806339263916,0.7147894501686096,1,39,95,"[0.2564, 0.1003, 0.0875, 0.0674, 0.0477, 0.0402, 0.0351, 0.0323, 0.0247, 0.0233]","[0.942, 0.142, 0.105, 0.024, 0.057, 0.179, 0.013, 0.079, 0.007, 0.041]",2000,0.18795150518417358,-0.6554602789784494,
19,T1,1890,0.9001816147371529,-0.18302512993302372,-0.031213800541743626,-0.09337084346102557,0.09419223123923337,0.08579636507792368,-0.1466399324555964,0.2825993001461029,0.1611485481262207,0.11499196290969849,0.4437478482723236,0.6872665286064148,0.8161867260932922,1,20,39,"[0.2826, 0.1611, 0.115, 0.0715, 0.057, 0.0371, 0.0333, 0.0224, 0.0198, 0.0161]","[0.9, 0.183, 0.031, 0.085, 0.229, 0.064, 0.046, 0.037, 0.047, 0.003]",2000,0.18253766000270844,-0.6873767910431644,
19,T2,1890,0.8281398560340493,0.13999931664037243,-0.33268007954320383,-0.03615021202002918,0.10894955734262254,0.10684613489833017,-0.06476368730255008,0.3888046145439148,0.19113506376743317,0.10910406708717346,0.5799396634101868,0.7766388654708862,0.8732178807258606,2,13,25,"[0.3888, 0.1911, 0.1091, 0.0543, 0.0333, 0.0302, 0.0209, 0.0188, 0.0138, 0.0129]","[0.828, 0.14, 0.333, 0.175, 0.062, 0.177, 0.12, 0.146, 0.003, 0.115]",2000,0.22404128313064575,-0.6242867796572662,
19,T3,1890,0.904472557168121,0.15089336151309277,-0.07594316003826036,-0.06727403059224836,0.030598265733618877,0.13369250595903867,-0.17749769017121858,0.23579609394073486,0.15272720158100128,0.10825038701295853,0.38852328062057495,0.6299852132797241,0.7679193019866943,1,28,66,"[0.2358, 0.1527, 0.1083, 0.0766, 0.0566, 0.0339, 0.0333, 0.0266, 0.0239, 0.0203]","[0.904, 0.151, 0.076, 0.229, 0.076, 0.073, 0.103, 0.006, 0.026, 0.075]",2000,0.1453908085823059,-0.6194854895643935,
19,T4,1890,0.938887904841603,0.041757264520764954,0.10064608941517963,-0.0408870813524599,0.087922848353032,0.06240969348412075,-0.11235423951710315,0.418696790933609,0.13063667714595795,0.07848804444074631,0.5493334531784058,0.7278726100921631,0.8297575116157532,1,18,38,"[0.4187, 0.1306, 0.0785, 0.056, 0.044, 0.03, 0.0237, 0.0179, 0.0162, 0.0141]","[0.939, 0.042, 0.101, 0.109, 0.216, 0.047, 0.036, 0.028, 0.085, 0.022]",2000,0.2603375017642975,-0.7244160200963577,
19,T5,1890,-0.914572362822162,-0.039100101077960296,0.17130060668130423,-0.029297535470259095,-0.12260590426038853,-0.05038499769229669,0.025408946121162214,0.20508460700511932,0.12237361818552017,0.0961710512638092,0.3274582326412201,0.5392692685127258,0.6871868371963501,1,81,318,"[0.2051, 0.1224, 0.0962, 0.0616, 0.0541, 0.0442, 0.0323, 0.0284, 0.0237, 0.0194]","[0.915, 0.039, 0.171, 0.01, 0.209, 0.021, 0.024, 0.111, 0.078, 0.091]",2000,0.13348914682865143,0.5574821594355627,
19,T6,1890,-0.8640919431557068,0.1344878008974069,0.2561671517452958,-0.05283709911607194,-0.11106746167212894,-0.00024909326446948205,-0.04151545213300593,0.1958409696817398,0.11250048875808716,0.09653530269861221,0.30834144353866577,0.5415856242179871,0.6899231672286987,1,66,281,"[0.1958, 0.1125, 0.0965, 0.0814, 0.0553, 0.0504, 0.029, 0.0268, 0.0227, 0.0194]","[0.864, 0.134, 0.256, 0.144, 0.059, 0.244, 0.044, 0.019, 0.195, 0.01]",2000,0.11540725827217102,0.44300863536821317,
19,T7,1890,-0.9147980141856805,0.14677739456079741,0.23136377318137416,0.010149034401166225,-0.05748323302565782,0.010955236073362937,-0.023868030333835784,0.20691093802452087,0.09373967349529266,0.08505362272262573,0.30065059661865234,0.4972213804721832,0.636530876159668,1,163,484,"[0.2069, 0.0937, 0.0851, 0.0671, 0.0444, 0.0393, 0.0309, 0.0273, 0.0213, 0.0205]","[0.915, 0.147, 0.231, 0.068, 0.097, 0.077, 0.02, 0.124, 0.012, 0.027]",2000,0.13337349891662598,0.5240276783184263,
19,T8,1890,0.9184853158771212,0.180430951229145,-0.023235156644397792,0.025295648341503947,0.2105680140768243,0.028497241987795286,-0.056082026911585446,0.31763020157814026,0.1435999721288681,0.09625177085399628,0.46123015880584717,0.6694894433021545,0.7873184084892273,1,27,65,"[0.3176, 0.1436, 0.0963, 0.0587, 0.0533, 0.0358, 0.0245, 0.0225, 0.0191, 0.0159]","[0.918, 0.18, 0.023, 0.237, 0.045, 0.053, 0.096, 0.052, 0.052, 0.029]",2000,0.19866730272769928,-0.6495559395743308,
19,R0,1890,0.9592983045504865,0.01867145436725166,-0.07779314950759925,-0.027032692374882514,0.02705507539505462,0.06727920888362111,-0.0840623945220077,0.315339058637619,0.13313256204128265,0.09132034331560135,0.4484716057777405,0.6465413570404053,0.7774710059165955,1,30,78,"[0.3153, 0.1331, 0.0913, 0.0609, 0.0459, 0.0334, 0.03, 0.0287, 0.0203, 0.0186]","[0.959, 0.019, 0.078, 0.147, 0.069, 0.044, 0.043, 0.052, 0.07, 0.009]",2000,0.17031385004520416,-0.6487193458375747,
19,R1,1890,0.860574660379189,-0.3240972072749174,-0.07403871399951212,0.044992825801544956,0.16357231937579608,0.05335568469582124,-0.01583865526119069,0.25992730259895325,0.15182751417160034,0.0873059630393982,0.4117548167705536,0.607237696647644,0.750980794429779,2,40,167,"[0.2599, 0.1518, 0.0873, 0.0577, 0.0505, 0.0439, 0.0332, 0.0246, 0.0218, 0.0202]","[0.861, 0.324, 0.074, 0.027, 0.218, 0.057, 0.043, 0.124, 0.084, 0.049]",2000,0.15426629781723022,-0.5842438582791948,
19,R2,1890,0.9450043708405015,-0.05996463195798209,-0.006487635266223053,0.023413795991592243,0.08039414866329798,0.14044748949988914,-0.031197927280473093,0.2509855628013611,0.1445358693599701,0.0777965635061264,0.3955214321613312,0.5920810699462891,0.7384461164474487,1,40,145,"[0.251, 0.1445, 0.0778, 0.0656, 0.0531, 0.0381, 0.0347, 0.0286, 0.0252, 0.0197]","[0.945, 0.06, 0.006, 0.11, 0.081, 0.043, 0.098, 0.036, 0.022, 0.134]",2000,0.14848649501800537,-0.6554207539798561,
19,R3,1890,-0.2820287868597543,0.5160846371983556,-0.01844296495802961,0.08100547875591042,0.013893496794499484,-0.031198370368385107,0.18570080930204325,0.866833508014679,0.08806630969047546,0.011491377837955952,0.954899787902832,0.9785436391830444,0.9883974194526672,3,2,2,"[0.8668, 0.0881, 0.0115, 0.0075, 0.0047, 0.0037, 0.002, 0.0018, 0.0012, 0.0011]","[0.282, 0.516, 0.018, 0.324, 0.232, 0.283, 0.063, 0.17, 0.501, 0.173]",2000,0.17459642887115479,0.19247644479301254,
19,R4,1890,0.001730375725500068,-0.15074766679449528,0.6002636192944549,-0.0018729198364104693,0.04117399533534094,-0.014515122295402607,0.0016052764585807022,0.9413431286811829,0.018796274438500404,0.015036911703646183,0.9601393938064575,0.982112467288971,0.9897920489311218,2,1,2,"[0.9413, 0.0188, 0.015, 0.0043, 0.0026, 0.0023, 0.0017, 0.0014, 0.0013, 0.001]","[0.002, 0.151, 0.6, 0.169, 0.231, 0.44, 0.173, 0.015, 0.271, 0.021]",2000,0.07156800478696823,0.08924355108172292,
19,R5,1890,-0.15848083544598043,0.09503664240809417,0.912528294100886,-0.05788169764384971,-0.115400282585628,0.037819448271142246,0.09848328840582032,0.9154039621353149,0.04746387153863907,0.012410036288201809,0.9628678560256958,0.9823344945907593,0.9897839426994324,1,1,2,"[0.9154, 0.0475, 0.0124, 0.0036, 0.0034, 0.0023, 0.0017, 0.0014, 0.0012, 0.001]","[0.158, 0.095, 0.913, 0.194, 0.281, 0.184, 0.201, 0.082, 0.013, 0.094]",2000,0.04364919289946556,0.24149041509178745,
19,R6,1890,0.1252231785535273,-0.1501977621466606,-0.8567552652676589,0.045478456932260894,0.09225786460401939,-0.06265983262375217,-0.0875958322314058,0.7428176999092102,0.19686612486839294,0.017198622226715088,0.9396837949752808,0.9671258330345154,0.9801872968673706,4,2,3,"[0.7428, 0.1969, 0.0172, 0.006, 0.0043, 0.0037, 0.003, 0.0024, 0.0022, 0.0018]","[0.125, 0.15, 0.857, 0.067, 0.331, 0.382, 0.388, 0.083, 0.023, 0.057]",2000,0.03286399692296982,-0.22914623077024296,
19,R7,1890,0.11337009499955093,0.7647239249471354,-0.6599859599247712,0.011572641512525201,-0.02755358722133099,0.18523299327091947,-0.016224693587548012,0.7249742746353149,0.09841738641262054,0.08823652565479279,0.8233916759490967,0.9370019435882568,0.967430055141449,4,3,7,"[0.725, 0.0984, 0.0882, 0.0138, 0.0116, 0.0091, 0.008, 0.0054, 0.0048, 0.0032]","[0.113, 0.765, 0.66, 0.456, 0.475, 0.216, 0.212, 0.288, 0.116, 0.056]",2000,0.16256113350391388,-0.002279823646899959,
20,T0,1890,0.9515208699877972,-0.11144660359294102,0.08337076831209658,0.00810596055457651,0.08560055917038724,0.034545738188069636,-0.06335150437942696,0.24867568910121918,0.1005331426858902,0.09022872895002365,0.3492088317871094,0.5563782453536987,0.7133187055587769,1,41,105,"[0.2487, 0.1005, 0.0902, 0.0654, 0.0515, 0.0398, 0.0352, 0.0314, 0.0281, 0.0224]","[0.952, 0.111, 0.083, 0.056, 0.064, 0.142, 0.012, 0.114, 0.013, 0.046]",2000,0.1807846873998642,-0.6581272579968116,
20,T1,1890,0.8788036598204282,-0.283852617960185,0.059576344417123804,-0.0865431287632897,0.09983981438035788,0.08125927537331899,-0.1672441154219165,0.23792679607868195,0.20246528089046478,0.11013014614582062,0.44039207696914673,0.6861054301261902,0.8184296488761902,1,20,38,"[0.2379, 0.2025, 0.1101, 0.0773, 0.0582, 0.0395, 0.0294, 0.0264, 0.0193, 0.0177]","[0.879, 0.284, 0.06, 0.026, 0.258, 0.013, 0.075, 0.078, 0.03, 0.063]",2000,0.1585978865623474,-0.6717200643467782,
20,T2,1890,-0.8290311116483378,0.25565367187013116,-0.1381769184739865,0.03400732636183532,-0.060496219874102,-0.1084067378320319,-0.10601245956192985,0.31180334091186523,0.18169912695884705,0.15968747437000275,0.4935024678707123,0.7505277991294861,0.8594289422035217,1,14,27,"[0.3118, 0.1817, 0.1597, 0.0589, 0.0384, 0.0297, 0.0248, 0.0218, 0.0173, 0.0153]","[0.829, 0.256, 0.138, 0.117, 0.241, 0.025, 0.122, 0.108, 0.072, 0.136]",2000,0.2076946347951889,0.5848867827729594,
20,T3,1890,-0.8696567426319998,0.2512563626815222,-0.0975559117369797,0.07297057925502104,-0.009871453793669086,-0.16456756790795182,0.24893623975924692,0.23125964403152466,0.1637810915708542,0.12107633054256439,0.39504075050354004,0.6469045281410217,0.7779667973518372,1,27,64,"[0.2313, 0.1638, 0.1211, 0.0785, 0.0523, 0.0323, 0.0312, 0.0243, 0.0225, 0.0208]","[0.87, 0.251, 0.098, 0.235, 0.119, 0.094, 0.059, 0.014, 0.05, 0.036]",2000,0.141937255859375,0.6104204164778855,
20,T4,1890,0.9514807865851417,0.037939801291269275,0.12035174273963642,-0.029613405836570725,0.08783329328099512,0.021730286418202745,-0.10995718168451184,0.4507274329662323,0.1355675756931305,0.06259338557720184,0.5862950086593628,0.7471030354499817,0.8512157201766968,1,16,32,"[0.4507, 0.1356, 0.0626, 0.0545, 0.0437, 0.0317, 0.0257, 0.017, 0.0159, 0.0137]","[0.951, 0.038, 0.12, 0.08, 0.159, 0.084, 0.071, 0.081, 0.048, 0.065]",2000,0.25553378462791443,-0.7084972280204019,
20,T5,1890,-0.9166373505650085,-0.009047336563886961,-0.1078784582325466,-0.030743118531001295,-0.13235295156889676,-0.07317406435018317,0.04548158603527303,0.20364424586296082,0.13012617826461792,0.0928988829255104,0.33377042412757874,0.5401167273521423,0.6891521215438843,1,84,322,"[0.2036, 0.1301, 0.0929, 0.0595, 0.054, 0.0451, 0.0321, 0.0287, 0.0244, 0.0187]","[0.917, 0.009, 0.108, 0.052, 0.231, 0.042, 0.021, 0.115, 0.048, 0.068]",2000,0.13068948686122894,0.5689141814660562,
20,T6,1890,-0.7514195334826643,0.45848880483247684,0.20064660915618857,-0.07051841943902507,-0.14105629121928284,0.051970515059551504,-0.09767159579792968,0.21470387279987335,0.13364410400390625,0.10633553564548492,0.3483479619026184,0.5901528000831604,0.7272841930389404,2,51,222,"[0.2147, 0.1336, 0.1063, 0.0827, 0.0527, 0.0499, 0.0274, 0.0223, 0.0199, 0.0176]","[0.751, 0.458, 0.201, 0.029, 0.153, 0.231, 0.09, 0.102, 0.112, 0.08]",2000,0.10643128305673599,0.361001697704983,
20,T7,1890,-0.9120848467728129,0.014314932245643093,0.2779192960771433,0.0152545459930147,-0.038700158767555705,-0.03134920590867709,0.004726585469283868,0.21021264791488647,0.099161796271801,0.0805913656949997,0.30937445163726807,0.4981502294540405,0.639529287815094,1,173,493,"[0.2102, 0.0992, 0.0806, 0.0636, 0.0446, 0.0405, 0.0306, 0.0265, 0.0231, 0.0207]","[0.912, 0.014, 0.278, 0.06, 0.145, 0.023, 0.034, 0.148, 0.052, 0.001]",2000,0.13022226095199585,0.5260215771003968,
20,T8,1890,-0.9337326736574627,0.12358150486168702,0.014142709600750711,-0.012620015982499675,-0.18537950716852988,-0.02122454905754436,0.07271544219236126,0.3301151692867279,0.14620816707611084,0.09123043715953827,0.47632333636283875,0.6750040650367737,0.7950358986854553,1,24,58,"[0.3301, 0.1462, 0.0912, 0.0592, 0.0482, 0.0355, 0.0255, 0.0237, 0.0196, 0.0158]","[0.934, 0.124, 0.014, 0.22, 0.078, 0.058, 0.014, 0.093, 0.014, 0.057]",2000,0.19427302479743958,0.6503813118079111,
20,R0,1890,-0.9593685302979827,0.014690778741362548,-0.053284034177876874,0.0036273848605082467,-0.06320948179438637,-0.047089861929265085,0.09606496163045378,0.3010624051094055,0.14594709873199463,0.08952806144952774,0.44700950384140015,0.6611869931221008,0.7908031940460205,1,26,61,"[0.3011, 0.1459, 0.0895, 0.0693, 0.0554, 0.0332, 0.0313, 0.0297, 0.0186, 0.0169]","[0.959, 0.015, 0.053, 0.141, 0.075, 0.049, 0.008, 0.061, 0.003, 0.024]",2000,0.15932965278625488,0.6463326831621492,
20,R1,1890,0.8496590460295415,-0.34318132355896647,0.19212262414212034,0.04444842448959643,0.12616227387464876,0.03511540262329764,-0.029127935054322217,0.2505093514919281,0.16930131614208221,0.09968818724155426,0.4198106527328491,0.6390861868858337,0.7718426585197449,2,30,90,"[0.2505, 0.1693, 0.0997, 0.0672, 0.0524, 0.0433, 0.0267, 0.0247, 0.0206, 0.0174]","[0.85, 0.343, 0.192, 0.105, 0.179, 0.048, 0.049, 0.077, 0.142, 0.031]",2000,0.146421417593956,-0.5514141788002125,
20,R2,1890,-0.483774608225687,0.7896027762861754,0.12765480521236755,0.0057451924698594,-0.08397623213268642,-0.0208973663740154,-0.043918023769705605,0.24162748456001282,0.17852933704853058,0.09041541069746017,0.4201568365097046,0.6250630021095276,0.7538466453552246,2,30,71,"[0.2416, 0.1785, 0.0904, 0.0634, 0.0511, 0.0383, 0.0294, 0.0224, 0.0201, 0.0186]","[0.484, 0.79, 0.128, 0.127, 0.226, 0.049, 0.016, 0.1, 0.032, 0.05]",2000,0.1295696645975113,0.1951731208071831,
20,R3,1890,-0.30049030528201554,0.4327577097879433,-0.0051376154037626656,0.0567735395554156,-0.04516446306409746,-0.12101385356036873,0.16998150594780162,0.6953263282775879,0.15826404094696045,0.048624031245708466,0.8535903692245483,0.9329057335853577,0.9618242979049683,2,3,8,"[0.6953, 0.1583, 0.0486, 0.0181, 0.0126, 0.0079, 0.0074, 0.0054, 0.0044, 0.0038]","[0.3, 0.433, 0.005, 0.002, 0.0, 0.021, 0.278, 0.294, 0.146, 0.025]",2000,0.30314454436302185,0.21282448988894895,
20,R4,1890,0.05254698028178618,0.1934643694976616,0.6751557065569014,0.043831930688852966,0.05303198525376456,-0.007010520438284877,0.036381625478382335,0.9226635694503784,0.022051220759749413,0.016455484554171562,0.9447147846221924,0.9748090505599976,0.98528653383255,3,1,3,"[0.9227, 0.0221, 0.0165, 0.0089, 0.0048, 0.003, 0.0024, 0.002, 0.0019, 0.0012]","[0.053, 0.193, 0.675, 0.01, 0.197, 0.356, 0.326, 0.136, 0.129, 0.125]",2000,0.08448532223701477,0.05107849672436902,
20,R5,1890,0.2043842526212932,0.38042620302889796,0.9290066595335941,0.05681310930961531,0.10174359644236869,-0.023854243971126562,-0.1007411360768437,0.91617351770401,0.048448409885168076,0.011609901674091816,0.964621901512146,0.9833751320838928,0.9903311133384705,2,1,2,"[0.9162, 0.0484, 0.0116, 0.0038, 0.0033, 0.0022, 0.0015, 0.0013, 0.0011, 0.0009]","[0.204, 0.38, 0.929, 0.19, 0.172, 0.182, 0.165, 0.093, 0.038, 0.044]",2000,0.04167104512453079,-0.27434216984459064,
20,R6,1890,0.07500749082614425,-0.058868221480777326,-0.8945028692140138,0.051893961663374025,0.08942107148723642,-0.06884037851092832,-0.06923682692548114,0.6937099099159241,0.23235763609409332,0.02200259082019329,0.9260675311088562,0.9619724154472351,0.9776902198791504,4,2,4,"[0.6937, 0.2324, 0.022, 0.0085, 0.0054, 0.0042, 0.0036, 0.0032, 0.0026, 0.0021]","[0.075, 0.059, 0.895, 0.111, 0.31, 0.356, 0.339, 0.091, 0.045, 0.068]",2000,0.03655519708991051,-0.19259810868861046,
20,R7,1890,-0.2327859125902446,-0.8566760523512859,0.7619937199107878,0.006020596365008617,0.058767944407043755,-0.21755685324106305,-0.0754604217030649,0.6644795536994934,0.1109088882803917,0.10477835685014725,0.7753884196281433,0.9141958951950073,0.9556574821472168,4,5,9,"[0.6645, 0.1109, 0.1048, 0.019, 0.015, 0.013, 0.01, 0.0076, 0.0062, 0.0047]","[0.233, 0.857, 0.762, 0.369, 0.529, 0.2, 0.208, 0.209, 0.034, 0.075]",2000,0.15850897133350372,0.06887997304469234,
21,T0,1890,0.9407645337339274,0.1255782534775612,-0.058900916936238445,-0.005795915526947225,0.03183046069451541,0.08093303339448979,-0.11019283583792035,0.25624293088912964,0.10304849594831467,0.08831720054149628,0.3592914342880249,0.5635551810264587,0.7196584939956665,1,39,96,"[0.2562, 0.103, 0.0883, 0.0664, 0.0495, 0.0417, 0.0385, 0.0284, 0.0252, 0.0222]","[0.941, 0.126, 0.059, 0.059, 0.055, 0.042, 0.095, 0.102, 0.027, 0.046]",2000,0.15551309287548065,-0.6687353465028788,
21,T1,1890,0.9260155184650378,-0.14511673056984364,0.05536200895701703,-0.06374254989398809,0.05364805686350288,0.062945108826037,-0.10806025787191868,0.28343796730041504,0.1824512779712677,0.11226397007703781,0.46588924527168274,0.6994418501853943,0.8273946642875671,1,18,35,"[0.2834, 0.1825, 0.1123, 0.0653, 0.056, 0.0364, 0.0276, 0.0249, 0.0222, 0.0167]","[0.926, 0.145, 0.055, 0.099, 0.167, 0.053, 0.071, 0.073, 0.057, 0.085]",2000,0.17623743414878845,-0.6728254866596126,
21,T2,1890,0.7540417251810303,0.29012967690651054,0.08330453554723848,-0.04129541492533735,-0.03175285266805128,0.07888308549745279,0.18269682880199928,0.4292066991329193,0.1647389978170395,0.11052864789962769,0.5939456820487976,0.7893818616867065,0.8809089660644531,1,12,23,"[0.4292, 0.1647, 0.1105, 0.0464, 0.0385, 0.0244, 0.0235, 0.016, 0.0143, 0.0133]","[0.754, 0.29, 0.083, 0.256, 0.002, 0.252, 0.004, 0.225, 0.093, 0.042]",2000,0.27816107869148254,-0.6610386063239255,
21,T3,1890,-0.8372204172286224,0.3323292503885811,-0.2239691311711854,0.09913835700749503,0.0564674394445563,-0.18521082148926546,0.2731085958039108,0.23190994560718536,0.1692611128091812,0.10938715189695358,0.4011710584163666,0.6514571309089661,0.7780427932739258,2,27,62,"[0.2319, 0.1693, 0.1094, 0.0917, 0.0492, 0.0312, 0.0298, 0.0235, 0.0226, 0.0194]","[0.837, 0.332, 0.224, 0.12, 0.031, 0.128, 0.037, 0.024, 0.058, 0.064]",2000,0.14161868393421173,0.5845498106775964,
21,T4,1890,0.9466912030181578,0.09105000040787536,0.16464471868470082,-0.0255897455600887,0.05029729605675749,0.016365847297358224,-0.07277618271934325,0.46934106945991516,0.13978281617164612,0.07273692637681961,0.6091238856315613,0.7645416259765625,0.862644374370575,1,15,30,"[0.4693, 0.1398, 0.0727, 0.0491, 0.0336, 0.0278, 0.0248, 0.0171, 0.0151, 0.0133]","[0.947, 0.091, 0.165, 0.153, 0.128, 0.095, 0.082, 0.018, 0.076, 0.101]",2000,0.27311810851097107,-0.7239655916537495,
21,T5,1890,-0.8104301505794644,0.3713978380988061,0.20997073037734018,0.0837392186230788,0.06243323464961053,-0.1436354581402045,0.21536866879600225,0.20226456224918365,0.1384103000164032,0.11049310117959976,0.34067487716674805,0.5729176998138428,0.7092985510826111,2,58,227,"[0.2023, 0.1384, 0.1105, 0.0723, 0.0494, 0.036, 0.0289, 0.0277, 0.0248, 0.019]","[0.81, 0.371, 0.21, 0.174, 0.079, 0.03, 0.174, 0.039, 0.061, 0.066]",2000,0.11503814905881882,0.4985181338306318,
21,T6,1890,-0.8000477087661869,-0.41841061887308434,0.1598442343906531,0.06697866245807986,0.0014675880635615466,-0.1642604561096514,0.2436908429822436,0.19414158165454865,0.14205597341060638,0.10968098789453506,0.33619755506515503,0.5994880795478821,0.7393760681152344,2,41,145,"[0.1941, 0.1421, 0.1097, 0.0903, 0.0633, 0.0458, 0.0292, 0.027, 0.0194, 0.0184]","[0.8, 0.418, 0.16, 0.139, 0.034, 0.165, 0.034, 0.083, 0.146, 0.019]",2000,0.1027466431260109,0.5002842885180603,
21,T7,1890,-0.8449999555411055,-0.15297129492199787,0.3762913396551459,0.0996390586163376,0.1048511486224548,-0.11129559813712984,0.13348969417460027,0.19717076420783997,0.11327390372753143,0.101869598031044,0.3104446530342102,0.5308569073677063,0.6687282919883728,2,105,363,"[0.1972, 0.1133, 0.1019, 0.0721, 0.0464, 0.0424, 0.0291, 0.0244, 0.0214, 0.0206]","[0.845, 0.153, 0.376, 0.048, 0.023, 0.083, 0.015, 0.072, 0.012, 0.054]",2000,0.11257781833410263,0.5000319597590446,
21,T8,1890,0.9526535656717089,0.054644753536563485,-0.0289598780262378,-0.004448073636423295,0.13266223640848152,0.027191562750640445,-0.08596691366451319,0.3196401596069336,0.14174318313598633,0.0941644087433815,0.4613833427429199,0.678514301776886,0.7998529076576233,1,24,56,"[0.3196, 0.1417, 0.0942, 0.0749, 0.0481, 0.0325, 0.0276, 0.0243, 0.0203, 0.0167]","[0.953, 0.055, 0.029, 0.156, 0.045, 0.052, 0.041, 0.075, 0.005, 0.077]",2000,0.19362495839595795,-0.6654308310669251,
21,R0,1890,0.9731403211851627,-0.013740359843327936,-0.011501952529840502,-0.006784603731811897,0.04374268242436759,0.03965604817969787,-0.06646677293284754,0.32358163595199585,0.14885206520557404,0.08427458256483078,0.4724336862564087,0.6753988862037659,0.800197422504425,1,25,57,"[0.3236, 0.1489, 0.0843, 0.0673, 0.0513, 0.0311, 0.0295, 0.0265, 0.0201, 0.0176]","[0.973, 0.014, 0.012, 0.094, 0.033, 0.051, 0.055, 0.077, 0.016, 0.001]",2000,0.18809767067432404,-0.6533978081615797,
21,R1,1890,0.8981653326030783,0.21573560027258426,-0.2015671810205205,0.011766297753958406,0.09557058753399697,0.052675646124104906,-0.08119079778855326,0.25114643573760986,0.16555055975914001,0.10482949018478394,0.4166969954967499,0.6392468214035034,0.7635142803192139,1,33,101,"[0.2511, 0.1656, 0.1048, 0.0614, 0.0564, 0.0369, 0.0256, 0.0236, 0.0203, 0.0179]","[0.898, 0.216, 0.202, 0.148, 0.074, 0.078, 0.011, 0.074, 0.141, 0.006]",2000,0.1557953953742981,-0.6088656530589798,
21,R2,1890,0.6529040136894111,0.665532330977926,0.1543137943766075,-0.00825733049813887,0.11604592604121292,0.027106935291886174,-0.02903877453808455,0.24832521378993988,0.1622997373342514,0.08964505791664124,0.4106249511241913,0.6144935488700867,0.7460831999778748,2,32,74,"[0.2483, 0.1623, 0.0896, 0.0668, 0.0474, 0.0389, 0.0276, 0.023, 0.0211, 0.0209]","[0.653, 0.666, 0.154, 0.165, 0.179, 0.021, 0.025, 0.002, 0.056, 0.03]",2000,0.15012715756893158,-0.3389757186801283,
21,R3,1890,-0.3034838530960936,-0.48348554322177095,0.003203357634786946,-0.003943693880406765,-0.11027973079588696,-0.0746611979380958,0.18361930392566136,0.6601746082305908,0.19718852639198303,0.043249648064374924,0.8573631048202515,0.9307381510734558,0.9598578810691833,3,3,8,"[0.6602, 0.1972, 0.0432, 0.0175, 0.0126, 0.008, 0.0073, 0.0053, 0.0048, 0.0037]","[0.303, 0.483, 0.003, 0.009, 0.007, 0.267, 0.104, 0.387, 0.092, 0.041]",2000,0.3413880467414856,0.2022731075466991,
21,R4,1890,0.06116487933351089,0.6609970843817772,-0.697848558319141,0.057049028697416376,0.016989806089770142,0.03879789993054104,0.027732752054935687,0.9076438546180725,0.024844875559210777,0.023762263357639313,0.932488739490509,0.9715901017189026,0.9830535054206848,3,1,3,"[0.9076, 0.0248, 0.0238, 0.0099, 0.0054, 0.0033, 0.0027, 0.0021, 0.002, 0.0014]","[0.061, 0.661, 0.698, 0.034, 0.135, 0.434, 0.222, 0.115, 0.18, 0.146]",2000,0.10739364475011826,0.04122037694628195,
21,R5,1890,0.18431642223545106,0.460653651704068,0.90447600350832,0.06163638591993062,0.1063930127968237,-0.03503778806887305,-0.08606113566328237,0.9028528928756714,0.04894358664751053,0.02008369006216526,0.9517964720726013,0.9803765416145325,0.9887779951095581,3,1,2,"[0.9029, 0.0489, 0.0201, 0.0046, 0.0039, 0.0031, 0.0021, 0.0013, 0.001, 0.0009]","[0.184, 0.461, 0.904, 0.05, 0.086, 0.455, 0.01, 0.052, 0.047, 0.005]",2000,0.07819053530693054,-0.24817775148430368,
21,R6,1890,0.023967683374813396,0.12425375675968695,-0.9080340488017212,0.04638425362541197,0.059565820503592805,-0.06292287062152015,-0.023243788149743514,0.6762804985046387,0.24155104160308838,0.023486994206905365,0.917831540107727,0.9569728374481201,0.9748353362083435,2,2,4,"[0.6763, 0.2416, 0.0235, 0.0097, 0.0059, 0.0043, 0.0042, 0.0038, 0.0029, 0.0027]","[0.024, 0.124, 0.908, 0.294, 0.221, 0.34, 0.284, 0.282, 0.081, 0.123]",2000,0.053506117314100266,-0.1612795517549921,
21,R7,1890,0.3943990993711972,0.9168404429589098,-0.36599869742573193,0.017402031908897737,-0.01240272595098879,0.17798037470834085,0.042407310033466664,0.5654259324073792,0.18851760029792786,0.10194451361894608,0.7539435625076294,0.89642733335495,0.9480444192886353,4,6,11,"[0.5654, 0.1885, 0.1019, 0.0222, 0.0183, 0.0154, 0.0128, 0.01, 0.0074, 0.0061]","[0.394, 0.917, 0.366, 0.216, 0.221, 0.414, 0.046, 0.191, 0.082, 0.056]",2000,0.2737204432487488,-0.20208196293919548,
22,T0,1890,0.9414556735969563,-0.11242876247405231,0.04604051340392168,0.0032393175979381814,0.01189097454469789,0.0914036220832805,-0.06867062316533461,0.2722362279891968,0.09522879123687744,0.08945455402135849,0.3674650192260742,0.5742020010948181,0.7228942513465881,1,40,100,"[0.2722, 0.0952, 0.0895, 0.0659, 0.0514, 0.0398, 0.038, 0.0268, 0.023, 0.0211]","[0.941, 0.112, 0.046, 0.039, 0.0, 0.006, 0.134, 0.096, 0.026, 0.05]",2000,0.15610605478286743,-0.6512941563047168,
22,T1,1890,0.931008642173977,0.061838378875955474,0.07262835141352113,-0.0441151245014203,0.09460964689428013,0.07014572426162327,-0.1113260873544834,0.2859870493412018,0.18404129147529602,0.11647269874811172,0.4700283408164978,0.7050045728683472,0.8299558758735657,1,18,35,"[0.286, 0.184, 0.1165, 0.0632, 0.0553, 0.0363, 0.0272, 0.0234, 0.0215, 0.0166]","[0.931, 0.062, 0.073, 0.1, 0.173, 0.053, 0.088, 0.081, 0.049, 0.006]",2000,0.18028876185417175,-0.692753213808942,
22,T2,1890,-0.7342589374033308,0.32909123660460093,0.07595107745066114,0.025871233885540666,0.03421315322682519,-0.08536937613669084,-0.2246131533957897,0.40810292959213257,0.18026676774024963,0.10851579904556274,0.5883697271347046,0.7904221415519714,0.8796742558479309,2,13,24,"[0.4081, 0.1803, 0.1085, 0.0555, 0.0381, 0.0243, 0.0221, 0.0159, 0.014, 0.0129]","[0.734, 0.329, 0.076, 0.164, 0.114, 0.259, 0.031, 0.282, 0.087, 0.026]",2000,0.26847198605537415,0.640853943611666,
22,T3,1890,0.9088323070168121,0.15067784581673618,-0.181273690228674,-0.08097188730634812,-0.05298211088126477,0.1362049286602063,-0.1585968065062172,0.22863750159740448,0.17566873133182526,0.10403476655483246,0.40430623292922974,0.6540508270263672,0.7806306481361389,1,27,62,"[0.2286, 0.1757, 0.104, 0.0973, 0.0484, 0.0312, 0.0302, 0.0239, 0.0221, 0.0191]","[0.909, 0.151, 0.181, 0.037, 0.027, 0.147, 0.044, 0.041, 0.036, 0.032]",2000,0.15058760344982147,-0.6242632253846901,
22,T4,1890,0.9479619054432828,-0.09183389558139866,0.12458781655834844,-0.020210769144536258,0.05370311112620395,0.01847801415361355,-0.06762306523684056,0.4646119773387909,0.14581306278705597,0.07089199870824814,0.6104250550270081,0.7664225697517395,0.8670436143875122,1,14,29,"[0.4646, 0.1458, 0.0709, 0.0502, 0.0349, 0.0297, 0.0246, 0.0181, 0.0147, 0.0136]","[0.948, 0.092, 0.125, 0.148, 0.151, 0.026, 0.083, 0.027, 0.08, 0.107]",2000,0.26990488171577454,-0.7231345468970767,
22,T5,1890,0.9272184274099562,0.13632032043356163,0.1255319971439549,-0.03073169623609065,0.0022454371780760247,0.08280881427558173,-0.10058641507490117,0.21279098093509674,0.1447003185749054,0.10384155064821243,0.35749131441116333,0.5842795968055725,0.7175307273864746,1,54,207,"[0.2128, 0.1447, 0.1038, 0.0716, 0.0514, 0.0361, 0.0286, 0.0264, 0.0239, 0.0183]","[0.927, 0.136, 0.126, 0.058, 0.002, 0.076, 0.132, 0.074, 0.034, 0.125]",2000,0.14270129799842834,-0.6093543231972735,
22,T6,1890,-0.9287550477319629,-0.09858072025842589,-0.11488154170706301,0.02559846671812554,-0.054433307034225706,-0.03719674937174041,0.036294830276333595,0.20040501654148102,0.15602648258209229,0.10199396312236786,0.3564314842224121,0.5888680219650269,0.7279512286186218,1,43,142,"[0.2004, 0.156, 0.102, 0.0827, 0.0478, 0.0413, 0.0319, 0.0281, 0.0201, 0.0177]","[0.929, 0.099, 0.115, 0.019, 0.157, 0.082, 0.012, 0.07, 0.064, 0.097]",2000,0.1181739866733551,0.5592586862299301,
22,T7,1890,-0.8872717196076897,-0.24453533145894032,0.22494053971398806,0.10219584528413626,0.07140148293184885,-0.124618263636977,0.16941648757413444,0.18229471147060394,0.11805319786071777,0.10164660215377808,0.3003479242324829,0.5312633514404297,0.6667284965515137,1,104,351,"[0.1823, 0.1181, 0.1016, 0.0723, 0.0569, 0.0393, 0.033, 0.0225, 0.0204, 0.0203]","[0.887, 0.245, 0.225, 0.011, 0.008, 0.057, 0.039, 0.077, 0.027, 0.002]",2000,0.12009081244468689,0.5783807658986495,
22,T8,1890,0.949630538143042,0.056815241856318616,-0.13615776692761497,-0.010646262388661037,0.13174463070067446,0.028682468487902096,-0.07615285456498219,0.3117384910583496,0.15010008215904236,0.09103824198246002,0.46183857321739197,0.6792423725128174,0.8035374879837036,1,24,58,"[0.3117, 0.1501, 0.091, 0.0814, 0.045, 0.0352, 0.0293, 0.0252, 0.0188, 0.0158]","[0.95, 0.057, 0.136, 0.098, 0.037, 0.016, 0.061, 0.052, 0.034, 0.052]",2000,0.18592965602874756,-0.6587822161794538,
22,R0,1890,0.9681563381104983,-0.07491169646865421,-0.02982891842417781,-0.0036332960355499834,0.03773502229014022,0.023079391054491635,-0.040895196427102154,0.32068219780921936,0.15429475903511047,0.08916354179382324,0.47497695684432983,0.6820476651191711,0.8037461042404175,1,24,58,"[0.3207, 0.1543, 0.0892, 0.0694, 0.0485, 0.0316, 0.0305, 0.0235, 0.019, 0.0171]","[0.968, 0.075, 0.03, 0.099, 0.054, 0.047, 0.032, 0.097, 0.019, 0.023]",2000,0.18979991972446442,-0.633347116212244,
22,R1,1890,0.8692116637774753,0.2616072540599873,-0.25661881862208547,0.0020072466219533194,0.10225998050896411,0.03244789605542483,-0.09269374441225209,0.2645936906337738,0.15888790786266327,0.10485383868217468,0.4234815835952759,0.6454225182533264,0.7675564885139465,1,34,108,"[0.2646, 0.1589, 0.1049, 0.0618, 0.0553, 0.0392, 0.0255, 0.021, 0.0195, 0.0168]","[0.869, 0.262, 0.257, 0.168, 0.033, 0.1, 0.007, 0.076, 0.095, 0.007]",2000,0.15688574314117432,-0.583646161797333,
22,R2,1890,0.7068404514620623,0.6070858101503087,0.18556764056581967,-0.014206536025050575,0.09153902034998126,0.02807451201350859,-0.047555860022423846,0.2619492709636688,0.15298868715763092,0.08868420869112015,0.41493797302246094,0.6187812089920044,0.7482182383537292,2,33,78,"[0.2619, 0.153, 0.0887, 0.0671, 0.0481, 0.0394, 0.0275, 0.0219, 0.0209, 0.0197]","[0.707, 0.607, 0.186, 0.134, 0.133, 0.001, 0.025, 0.005, 0.042, 0.016]",2000,0.1474798619747162,-0.37822755757206944,
22,R3,1890,-0.3200107854388792,0.49002895026154797,-0.0004832586251789951,0.030957518301605775,-0.08522656055673698,-0.10402132229159561,0.20230866378816129,0.6643975973129272,0.19000639021396637,0.043969858437776566,0.8544039726257324,0.9296712875366211,0.959235429763794,3,4,8,"[0.6644, 0.19, 0.044, 0.0178, 0.0135, 0.0084, 0.0072, 0.0053, 0.0048, 0.0038]","[0.32, 0.49, 0.0, 0.01, 0.022, 0.239, 0.136, 0.388, 0.075, 0.057]",2000,0.33379438519477844,0.2038375004360126,
22,R4,1890,0.19066710584943344,0.6997535792705004,-0.6710460243693823,0.08072180956246668,0.036669711979798195,0.027224201659476453,0.005937280817288313,0.904814600944519,0.025821754708886147,0.02481275051832199,0.9306363463401794,0.9707574844360352,0.9825161099433899,4,1,3,"[0.9048, 0.0258, 0.0248, 0.0099, 0.0055, 0.0034, 0.0026, 0.0023, 0.0021, 0.0014]","[0.191, 0.7, 0.671, 0.062, 0.071, 0.333, 0.313, 0.126, 0.275, 0.127]",2000,0.1094386875629425,-0.07905341315176094,
22,R5,1890,-0.18848054944606346,0.28467148380771035,0.9059266287273211,-0.06273146801951061,-0.10876200198961823,0.039656802009698275,0.08299059881554367,0.8930347561836243,0.05528489127755165,0.021113857626914978,0.948319673538208,0.9786671996116638,0.9878153800964355,2,2,3,"[0.893, 0.0553, 0.0211, 0.005, 0.0043, 0.0033, 0.0023, 0.0014, 0.0012, 0.0009]","[0.188, 0.285, 0.906, 0.041, 0.046, 0.435, 0.031, 0.052, 0.009, 0.067]",2000,0.07852685451507568,0.23479445987292796,
22,R6,1890,0.05195616637967664,0.08646553527823887,-0.9116201803820614,-0.03995001034925929,-0.012927924458142736,0.07195095370844845,-0.0009517056518814632,0.6822819709777832,0.23165196180343628,0.02467457205057144,0.9139339327812195,0.9555309414863586,0.9741882681846619,2,2,5,"[0.6823, 0.2317, 0.0247, 0.0109, 0.0061, 0.0048, 0.0046, 0.0039, 0.003, 0.0023]","[0.052, 0.086, 0.912, 0.22, 0.171, 0.088, 0.187, 0.34, 0.005, 0.102]",2000,0.056178122758865356,0.10201714132992813,
22,R7,1890,0.4066361365925554,-0.9170959181725006,-0.5150642908657885,0.03686498501493114,0.009494609120731924,0.1622046886528219,0.020311403093352637,0.5407357215881348,0.19681048393249512,0.10788120329380035,0.7375462055206299,0.8886921405792236,0.9442761540412903,5,6,12,"[0.5407, 0.1968, 0.1079, 0.0249, 0.0184, 0.0161, 0.014, 0.0114, 0.0075, 0.0067]","[0.407, 0.917, 0.515, 0.219, 0.234, 0.398, 0.307, 0.121, 0.109, 0.011]",2000,0.2765186131000519,-0.21304610295183166,
23,T0,1890,0.941617772559943,0.06129280966245603,-0.12077062575977524,-0.009567969939056025,0.0013833961714834558,0.09536116853873515,-0.08246040892869846,0.2610514461994171,0.09453677386045456,0.0899081826210022,0.35558822751045227,0.5639402270317078,0.7109978199005127,1,43,116,"[0.2611, 0.0945, 0.0899, 0.0678, 0.0506, 0.0396, 0.0367, 0.0272, 0.0233, 0.0203]","[0.942, 0.061, 0.121, 0.029, 0.028, 0.027, 0.1, 0.096, 0.005, 0.036]",2000,0.15350009500980377,-0.6511740162473879,
23,T1,1890,0.9248097961469824,0.16105163347866602,0.048791546677687495,-0.07930065723935394,0.04100069281112417,0.07143159846245518,-0.10556597915857459,0.2866404950618744,0.17877745628356934,0.11624173074960709,0.4654179513454437,0.6999548673629761,0.8284872174263,1,18,36,"[0.2866, 0.1788, 0.1162, 0.064, 0.0543, 0.0369, 0.0295, 0.0228, 0.0223, 0.0171]","[0.925, 0.161, 0.049, 0.132, 0.154, 0.043, 0.07, 0.028, 0.09, 0.066]",2000,0.17852142453193665,-0.6578303254126684,
23,T2,1890,-0.6817682097022495,-0.40755830680771904,0.09702276704923816,-0.009799187875246935,0.015266154636099465,-0.041696744377175674,-0.2768595581966586,0.40369632840156555,0.1923254430294037,0.0940084159374237,0.5960217714309692,0.7871015667915344,0.875588595867157,2,13,26,"[0.4037, 0.1923, 0.094, 0.0591, 0.038, 0.0246, 0.0214, 0.0167, 0.014, 0.0117]","[0.682, 0.408, 0.097, 0.157, 0.078, 0.283, 0.023, 0.224, 0.155, 0.027]",2000,0.26491492986679077,0.5990862382914054,
23,T3,1890,0.8720792027884993,-0.23297317803083703,-0.24516001022239195,-0.12315578264204075,-0.13050504145674416,0.1432417622272391,-0.18153089046565818,0.2502894401550293,0.1610649824142456,0.10434979945421219,0.4113544225692749,0.6557234525680542,0.7797129154205322,1,28,68,"[0.2503, 0.1611, 0.1043, 0.0926, 0.0474, 0.0303, 0.0292, 0.0239, 0.0218, 0.0188]","[0.872, 0.233, 0.245, 0.047, 0.03, 0.125, 0.069, 0.085, 0.077, 0.06]",2000,0.15174490213394165,-0.5900229001689978,
23,T4,1890,0.9505539196074547,0.09673762891579464,0.10920751426843343,-0.025203214147232346,0.05560412289903968,0.023132979766995136,-0.06837116410386104,0.4509095549583435,0.14903129637241364,0.07236187160015106,0.599940836429596,0.7605171203613281,0.8642475008964539,1,15,30,"[0.4509, 0.149, 0.0724, 0.0519, 0.0363, 0.0306, 0.0253, 0.0189, 0.0151, 0.0139]","[0.951, 0.097, 0.109, 0.142, 0.136, 0.007, 0.085, 0.034, 0.101, 0.083]",2000,0.2648147940635681,-0.7205835039453504,
23,T5,1890,0.9202428113825646,-0.17288926505678875,-0.1402346373697975,-0.04647905589601646,-0.028766543694720023,0.10599597781206992,-0.12003607349023336,0.21370701491832733,0.14079847931861877,0.09849255532026291,0.3545054793357849,0.5737028121948242,0.7059451341629028,1,64,239,"[0.2137, 0.1408, 0.0985, 0.0711, 0.0496, 0.0347, 0.0296, 0.0263, 0.0233, 0.0182]","[0.92, 0.173, 0.14, 0.021, 0.017, 0.077, 0.153, 0.016, 0.033, 0.095]",2000,0.14576387405395508,-0.6086508874982011,
23,T6,1890,-0.9399246345413477,0.025545575180876506,0.11659246809887851,-0.007991924167158621,-0.11019609100248483,-0.0003378648765618079,-0.013807680182442859,0.19613884389400482,0.1559077650308609,0.10548190772533417,0.3520466089248657,0.5853486657142639,0.7244274616241455,1,46,162,"[0.1961, 0.1559, 0.1055, 0.0827, 0.0451, 0.0413, 0.0338, 0.0266, 0.0197, 0.0177]","[0.94, 0.026, 0.117, 0.01, 0.152, 0.002, 0.019, 0.064, 0.002, 0.086]",2000,0.12389369308948517,0.5674948520266642,
23,T7,1890,-0.9202610303868589,-0.18347638112238165,-0.158847094783225,0.07655174704681045,0.020281748835378012,-0.11251812130569501,0.12773874177765207,0.18055325746536255,0.12343091517686844,0.10397437959909439,0.3039841651916504,0.5251319408416748,0.6564689874649048,1,115,364,"[0.1806, 0.1234, 0.104, 0.0732, 0.044, 0.0359, 0.031, 0.0234, 0.0206, 0.0203]","[0.92, 0.183, 0.159, 0.026, 0.047, 0.011, 0.066, 0.09, 0.044, 0.012]",2000,0.12757577002048492,0.598563994618072,
23,T8,1890,0.9468676661175346,0.017713803124291647,-0.1758415529596937,-0.026880949601350262,0.12712538235801973,0.02521109763599186,-0.09667770172680477,0.2999108135700226,0.15008631348609924,0.09725860506296158,0.4499971270561218,0.6700559258460999,0.7969550490379333,1,26,66,"[0.2999, 0.1501, 0.0973, 0.0784, 0.0444, 0.0344, 0.0312, 0.0254, 0.0193, 0.0166]","[0.947, 0.018, 0.176, 0.088, 0.027, 0.023, 0.044, 0.054, 0.004, 0.023]",2000,0.1775161474943161,-0.6499379571698952,
23,R0,1890,0.9687997643060986,-0.055582250661598,-0.021159576204035885,-0.004487376228589478,0.03007747630771336,0.023648463159374872,-0.04372007563297491,0.3120098114013672,0.1503245234489441,0.09432840347290039,0.4623343348503113,0.6773414611816406,0.7978920936584473,1,26,65,"[0.312, 0.1503, 0.0943, 0.0723, 0.0484, 0.0318, 0.0303, 0.0229, 0.0179, 0.0177]","[0.969, 0.056, 0.021, 0.104, 0.039, 0.064, 0.008, 0.093, 0.027, 0.017]",2000,0.1833745688199997,-0.6305828079414032,
23,R1,1890,0.8915043750834446,-0.22777896109428508,-0.18704638812925964,-0.007950868458547897,0.10097348599290093,0.052739060297146194,-0.09241850113103864,0.25752413272857666,0.152312770485878,0.10993607342243195,0.40983688831329346,0.6373850703239441,0.7633935809135437,1,36,124,"[0.2575, 0.1523, 0.1099, 0.0622, 0.0554, 0.0417, 0.027, 0.0208, 0.0192, 0.0174]","[0.892, 0.228, 0.187, 0.195, 0.026, 0.116, 0.024, 0.077, 0.103, 0.015]",2000,0.15981872379779816,-0.6022404838857371,
23,R2,1890,0.7059180420194922,-0.6005536656361176,0.15751224609903938,-0.022790293282389688,0.0995020841809214,0.010743842909373606,-0.033916868244639325,0.2579513192176819,0.15174296498298645,0.08887816220521927,0.40969428420066833,0.6112989187240601,0.739741861820221,2,35,89,"[0.258, 0.1517, 0.0889, 0.0615, 0.0512, 0.039, 0.029, 0.0215, 0.0203, 0.0186]","[0.706, 0.601, 0.158, 0.226, 0.102, 0.021, 0.035, 0.027, 0.073, 0.065]",2000,0.152745321393013,-0.38584320494362695,
23,R3,1890,-0.3168464627182965,0.49744232093739116,0.0011085810739498055,0.019698557275661128,-0.09399407589465199,-0.06521231028025014,0.18303278565643766,0.6810957789421082,0.17939995229244232,0.04227675870060921,0.8604957461357117,0.9322103261947632,0.9607946872711182,3,3,8,"[0.6811, 0.1794, 0.0423, 0.0165, 0.0129, 0.0084, 0.0067, 0.0052, 0.0047, 0.0035]","[0.317, 0.497, 0.001, 0.017, 0.023, 0.226, 0.138, 0.402, 0.122, 0.078]",2000,0.3248195946216583,0.19829682001672264,
23,R4,1890,0.19781638403537866,0.4726265601145862,0.7291774872844545,0.0831828114654908,0.04586669995695985,0.014807055396453661,0.00043059514829856574,0.9018155336380005,0.027046112343668938,0.025807105004787445,0.9288616180419922,0.9698103070259094,0.9820619821548462,3,1,3,"[0.9018, 0.027, 0.0258, 0.0096, 0.0056, 0.0036, 0.0026, 0.0024, 0.0022, 0.0015]","[0.198, 0.473, 0.729, 0.063, 0.071, 0.37, 0.266, 0.103, 0.282, 0.12]",2000,0.10792076587677002,-0.08266982133156651,
23,R5,1890,0.18040416283820265,-0.1337706237614277,0.9113107713329512,0.06545750867305632,0.10656719026023694,-0.05157953307796873,-0.06224720920268935,0.8926442265510559,0.05622855946421623,0.020350676029920578,0.9488728046417236,0.978408694267273,0.987666130065918,2,2,3,"[0.8926, 0.0562, 0.0204, 0.005, 0.0042, 0.0033, 0.0023, 0.0015, 0.0012, 0.001]","[0.18, 0.134, 0.911, 0.05, 0.065, 0.414, 0.09, 0.074, 0.029, 0.052]",2000,0.07475701719522476,-0.21996144149908795,
23,R6,1890,0.09821044923356373,0.14287878945529217,-0.9130974744122562,-0.030163539708715676,0.0007635036712622986,0.06652951827676294,-0.07980143335745159,0.6836411952972412,0.22657635807991028,0.024381626397371292,0.9102175235748291,0.9544665217399597,0.9738762378692627,2,2,5,"[0.6836, 0.2266, 0.0244, 0.0136, 0.0063, 0.0051, 0.0047, 0.0037, 0.0031, 0.0028]","[0.098, 0.143, 0.913, 0.268, 0.134, 0.069, 0.159, 0.352, 0.073, 0.102]",2000,0.055420778691768646,0.029234990405059738,
23,R7,1890,0.41380188937533297,-0.9181494089576998,-0.5047531478727275,0.025410920316928886,0.015017484209239962,0.14067737097996555,-0.012578380837527856,0.5315885543823242,0.19091394543647766,0.11616840213537216,0.7225024700164795,0.8829564452171326,0.9412866234779358,4,7,12,"[0.5316, 0.1909, 0.1162, 0.0258, 0.0185, 0.0164, 0.0158, 0.0117, 0.0075, 0.0069]","[0.414, 0.918, 0.505, 0.216, 0.206, 0.129, 0.424, 0.089, 0.113, 0.043]",2000,0.26810529828071594,-0.20926449905032743,
24,T0,1890,0.9424365539854547,-0.036343043591274424,0.12066691287471393,-0.007764323131909408,0.003965665585128471,0.08789199667880823,-0.07199743110333692,0.25581425428390503,0.09729047864675522,0.09116353839635849,0.35310474038124084,0.562393307685852,0.709646463394165,1,45,130,"[0.2558, 0.0973, 0.0912, 0.0689, 0.0492, 0.0396, 0.0364, 0.0267, 0.0242, 0.0203]","[0.942, 0.036, 0.121, 0.033, 0.034, 0.024, 0.069, 0.122, 0.04, 0.066]",2000,0.1508128046989441,-0.6432774282711993,
24,T1,1890,0.8837540283240377,0.3101343026915492,0.02489146407317776,-0.10138596009354967,-0.0015268349270482256,0.04897017118504045,-0.07341048969360195,0.28067561984062195,0.17926771938800812,0.11444219946861267,0.45994335412979126,0.6935535669326782,0.825152575969696,2,19,38,"[0.2807, 0.1793, 0.1144, 0.0643, 0.0549, 0.0373, 0.031, 0.0235, 0.0218, 0.018]","[0.884, 0.31, 0.025, 0.088, 0.169, 0.046, 0.069, 0.037, 0.08, 0.028]",2000,0.16977237164974213,-0.6010009997840335,
24,T2,1890,-0.6048787920489194,-0.5170349824310561,0.08647166075963345,-0.06762839346445874,-0.02222626340944352,-0.00917738178097321,-0.3115896547945651,0.40576454997062683,0.19517146050930023,0.08113276958465576,0.6009359955787659,0.7782504558563232,0.8645267486572266,2,15,29,"[0.4058, 0.1952, 0.0811, 0.0559, 0.0403, 0.0229, 0.0191, 0.0175, 0.0154, 0.0114]","[0.605, 0.517, 0.086, 0.135, 0.113, 0.26, 0.027, 0.013, 0.234, 0.097]",2000,0.25978752970695496,0.530025710247276,
24,T3,1890,0.8749931248832158,-0.212014001118944,-0.2536031706754864,-0.1220554828799496,-0.1642915838043481,0.13279749028037677,-0.15063042865524306,0.25603264570236206,0.15974946320056915,0.10356210917234421,0.41578209400177,0.6581642031669617,0.7799032330513,1,28,71,"[0.256, 0.1597, 0.1036, 0.0937, 0.0451, 0.03, 0.0288, 0.0226, 0.0211, 0.0192]","[0.875, 0.212, 0.254, 0.017, 0.038, 0.108, 0.079, 0.079, 0.077, 0.056]",2000,0.15168069303035736,-0.5846219516980122,
24,T4,1890,0.9535400656867097,0.13285772875069163,0.08978594233462156,-0.019191001917690964,0.05534651364357053,0.01840794679412144,-0.03530956378332237,0.4277081787586212,0.15135952830314636,0.07023010402917862,0.5790677070617676,0.7424830198287964,0.8530528545379639,1,16,33,"[0.4277, 0.1514, 0.0702, 0.0542, 0.039, 0.0323, 0.0269, 0.0201, 0.0171, 0.0141]","[0.954, 0.133, 0.09, 0.131, 0.131, 0.065, 0.069, 0.029, 0.086, 0.091]",2000,0.2616327702999115,-0.7055232371776473,
24,T5,1890,0.9293113863974917,0.11022001452435352,-0.15019511780864803,-0.03645939378719426,-0.009395564427788454,0.07491435225533413,-0.08097004281887357,0.20451471209526062,0.13752120733261108,0.0946476086974144,0.3420359194278717,0.566044270992279,0.6976639032363892,1,73,274,"[0.2045, 0.1375, 0.0946, 0.0794, 0.05, 0.0347, 0.0277, 0.0263, 0.024, 0.0191]","[0.929, 0.11, 0.15, 0.003, 0.021, 0.099, 0.138, 0.07, 0.021, 0.002]",2000,0.14390680193901062,-0.608449043397416,
24,T6,1890,-0.9363547797421198,0.07433427734787494,-0.06992652397195875,-0.03425903392743495,-0.1359834832107798,-0.002989422602198628,-0.04877098998606499,0.19052518904209137,0.1603710651397705,0.10522614419460297,0.3508962392807007,0.5819495916366577,0.7229264974594116,1,49,184,"[0.1905, 0.1604, 0.1052, 0.0803, 0.0455, 0.0403, 0.0337, 0.0276, 0.0213, 0.018]","[0.936, 0.074, 0.07, 0.038, 0.161, 0.043, 0.009, 0.083, 0.033, 0.09]",2000,0.1208987757563591,0.5606507289256203,
24,T7,1890,-0.8925432228417169,-0.27086863153340784,0.07849617342500112,0.08738456379842936,0.046503019286224974,-0.14326538706080214,0.14553445052025427,0.18295113742351532,0.1288210153579712,0.0981360450387001,0.3117721676826477,0.5431676506996155,0.6743515133857727,1,104,344,"[0.183, 0.1288, 0.0981, 0.0832, 0.0501, 0.0362, 0.0314, 0.0233, 0.0208, 0.0195]","[0.893, 0.271, 0.078, 0.131, 0.095, 0.018, 0.037, 0.071, 0.021, 0.058]",2000,0.1231040358543396,0.5704364806835239,
24,T8,1890,0.9472922577716806,0.021569028316236995,-0.18324524270737463,-0.032908896802416425,0.11480711982371951,0.01599237090181613,-0.0832110225118713,0.30292969942092896,0.1439768373966217,0.0967082753777504,0.44690653681755066,0.6659483313560486,0.7942826151847839,1,26,69,"[0.3029, 0.144, 0.0967, 0.0794, 0.0429, 0.035, 0.031, 0.0248, 0.0193, 0.0182]","[0.947, 0.022, 0.183, 0.049, 0.018, 0.048, 0.036, 0.065, 0.025, 0.051]",2000,0.17819605767726898,-0.63528261503498,
24,R0,1890,0.9653206656225533,-0.08688030718195162,-0.004049682991694211,0.016252306870164518,0.051387907891054616,0.007410275031549618,-0.02947272073348482,0.2969270348548889,0.1583847552537918,0.09445302933454514,0.45531177520751953,0.673963189125061,0.7936386466026306,1,27,68,"[0.2969, 0.1584, 0.0945, 0.0701, 0.0541, 0.033, 0.0302, 0.023, 0.0169, 0.0167]","[0.965, 0.087, 0.004, 0.125, 0.013, 0.058, 0.032, 0.092, 0.007, 0.048]",2000,0.17601007223129272,-0.6202086287516202,
24,R1,1890,0.901627813399455,-0.1322146752034782,-0.25490815174940734,-0.022063338708170968,0.06580076231912063,0.07613086301770892,-0.0913833598544829,0.23712503910064697,0.1739831566810608,0.10368654876947403,0.41110819578170776,0.635409951210022,0.7671594619750977,1,33,104,"[0.2371, 0.174, 0.1037, 0.0662, 0.0545, 0.0445, 0.0271, 0.0213, 0.0196, 0.0193]","[0.902, 0.132, 0.255, 0.148, 0.033, 0.075, 0.051, 0.085, 0.17, 0.018]",2000,0.1505746692419052,-0.6059184599521437,
24,R2,1890,0.6962251794945046,-0.5378008725746404,-0.3584928275403403,-0.006714601322739896,0.07707054407009163,-0.0055847274061263125,-0.011275263167714352,0.2397570013999939,0.15783526003360748,0.09798947721719742,0.3975922465324402,0.6095620393753052,0.743495523929596,3,32,79,"[0.2398, 0.1578, 0.098, 0.0633, 0.0507, 0.0427, 0.0261, 0.024, 0.0219, 0.0192]","[0.696, 0.538, 0.358, 0.14, 0.055, 0.025, 0.038, 0.086, 0.023, 0.078]",2000,0.13980421423912048,-0.3558413529531028,
24,R3,1890,-0.31125094523700614,-0.49071841861820625,-0.0009523303659784451,0.028734947055382053,-0.11851647473619216,-0.07892423773650156,0.1619402596840845,0.6593729257583618,0.1745172142982483,0.0440448597073555,0.8338901400566101,0.9156008362770081,0.9509961009025574,3,5,10,"[0.6594, 0.1745, 0.044, 0.0216, 0.0161, 0.0107, 0.0093, 0.0061, 0.0051, 0.0042]","[0.311, 0.491, 0.001, 0.025, 0.022, 0.123, 0.104, 0.341, 0.201, 0.125]",2000,0.31108558177948,0.19280844895939736,
24,R4,1890,0.24608740692646083,0.3725709331685519,0.741469643395207,0.12221977739553287,0.07793124307098409,-0.04393102340332718,-0.031130561322882867,0.8930565118789673,0.029884476214647293,0.024281296879053116,0.9229409694671631,0.9637167453765869,0.9785260558128357,3,2,4,"[0.8931, 0.0299, 0.0243, 0.0099, 0.0066, 0.0045, 0.0032, 0.0028, 0.0025, 0.0017]","[0.246, 0.373, 0.741, 0.036, 0.112, 0.32, 0.275, 0.147, 0.282, 0.161]",2000,0.10020915418863297,-0.14202241249560116,
24,R5,1890,0.14127756481714454,0.06980273526719172,0.9286266210676334,0.057530455943946485,0.1090078622403353,-0.04677235681121679,-0.028009282975656496,0.8744921684265137,0.0708722472190857,0.021743372082710266,0.9453644156455994,0.976530909538269,0.9861006736755371,1,2,3,"[0.8745, 0.0709, 0.0217, 0.0051, 0.0043, 0.0035, 0.0023, 0.0015, 0.0012, 0.0011]","[0.141, 0.07, 0.929, 0.096, 0.012, 0.274, 0.092, 0.114, 0.014, 0.077]",2000,0.07123835384845734,-0.17280973378476194,
24,R6,1890,0.06441522168234229,0.1335011696354523,-0.9257590478992535,-0.047232214924076164,-0.045796758814331144,0.07556273587432767,-0.07850343565774641,0.6467870473861694,0.2552451193332672,0.025216959416866302,0.9020321369171143,0.9492586255073547,0.9707708954811096,2,2,6,"[0.6468, 0.2552, 0.0252, 0.0151, 0.0069, 0.0058, 0.0051, 0.0041, 0.0034, 0.0031]","[0.064, 0.134, 0.926, 0.234, 0.087, 0.198, 0.195, 0.304, 0.122, 0.119]",2000,0.04787340760231018,0.06084476344723591,
24,R7,1890,-0.4613951007555486,-0.9244419316382074,-0.4717815879302206,-0.0019558994270579637,-0.0285088433711373,-0.11279887892190772,0.01911236404781042,0.48434481024742126,0.19578590989112854,0.11954575777053833,0.6801307201385498,0.8537206053733826,0.9207422733306885,4,8,17,"[0.4843, 0.1958, 0.1195, 0.035, 0.019, 0.0184, 0.0161, 0.0147, 0.0096, 0.0082]","[0.461, 0.924, 0.472, 0.221, 0.36, 0.237, 0.037, 0.028, 0.129, 0.002]",2000,0.252519816160202,0.24620160404435634,
25,T0,1890,0.9501955941758635,-0.04972683230464545,-0.09455252725891042,-0.01190103095933603,0.003832557015984467,0.05384102645450115,-0.0758014132183677,0.2538894712924957,0.0945814922451973,0.08967449516057968,0.3484709560871124,0.5516930818557739,0.7074779272079468,1,47,131,"[0.2539, 0.0946, 0.0897, 0.0661, 0.0475, 0.0411, 0.0398, 0.0273, 0.0265, 0.0211]","[0.95, 0.05, 0.095, 0.006, 0.038, 0.005, 0.052, 0.032, 0.167, 0.049]",2000,0.15952827036380768,-0.6317037610221643,
25,T1,1890,0.9038559667541161,0.28402228754548003,-0.017168407991360126,-0.13115389370653538,-0.027404762902632142,0.04021398817180283,-0.0612362008279161,0.2949000597000122,0.16300836205482483,0.1462835967540741,0.45790842175483704,0.7114967107772827,0.834930956363678,1,18,36,"[0.2949, 0.163, 0.1463, 0.0579, 0.0494, 0.0359, 0.0291, 0.0212, 0.0207, 0.0166]","[0.904, 0.284, 0.017, 0.097, 0.119, 0.053, 0.025, 0.071, 0.044, 0.053]",2000,0.17730829119682312,-0.606382198356162,
25,T2,1890,-0.5625820929345234,-0.574519575260282,0.09331071326107264,-0.09063384856083755,-0.019400824949289526,0.01666837097484259,-0.3246365314975816,0.41163742542266846,0.19000951945781708,0.08132587373256683,0.6016469597816467,0.7785735130310059,0.8642194271087646,2,15,30,"[0.4116, 0.19, 0.0813, 0.054, 0.0416, 0.0236, 0.0184, 0.0173, 0.0145, 0.0119]","[0.563, 0.575, 0.093, 0.075, 0.128, 0.193, 0.072, 0.153, 0.256, 0.028]",2000,0.25005042552948,0.47472889359827675,
25,T3,1890,0.9125192467824421,0.11301432247206927,-0.17792450459451262,-0.10355756940579444,-0.1218206514730429,0.10669925093403228,-0.11003080319045094,0.2542555034160614,0.16414670646190643,0.09662032127380371,0.41840219497680664,0.649429202079773,0.7714090347290039,1,31,78,"[0.2543, 0.1641, 0.0966, 0.0887, 0.0457, 0.0311, 0.0286, 0.0235, 0.0203, 0.0185]","[0.913, 0.113, 0.178, 0.05, 0.035, 0.063, 0.068, 0.056, 0.079, 0.061]",2000,0.16361655294895172,-0.6226842251371686,
25,T4,1890,0.9580660060069347,0.16970302597702003,0.05533198329025741,-0.01984631300720134,0.055947422255586014,0.03163026312010661,0.005137362402668558,0.4067189693450928,0.18664199113845825,0.06798677891492844,0.593360960483551,0.750538170337677,0.8588453531265259,1,16,32,"[0.4067, 0.1866, 0.068, 0.0497, 0.0395, 0.0314, 0.0264, 0.0192, 0.0176, 0.0137]","[0.958, 0.17, 0.055, 0.073, 0.15, 0.047, 0.044, 0.024, 0.08, 0.107]",2000,0.2532682716846466,-0.6897779184571508,
25,T5,1890,-0.932443141472466,-0.1157005737727605,-0.146098508145409,0.050479698337167034,-0.008655121855850805,-0.07203971638374237,0.10778363951342128,0.19266024231910706,0.136824831366539,0.09422627836465836,0.32948505878448486,0.5494402647018433,0.6820715069770813,1,87,302,"[0.1927, 0.1368, 0.0942, 0.0771, 0.0487, 0.0367, 0.028, 0.0244, 0.0232, 0.0204]","[0.932, 0.116, 0.146, 0.065, 0.03, 0.104, 0.017, 0.12, 0.015, 0.005]",2000,0.14455389976501465,0.6162569951507295,
25,T6,1890,0.9315768676416724,0.07792575734658362,0.1472819178679827,0.030598838181736927,0.134872600911331,-0.036266016955492884,-0.0029578213207116814,0.18654082715511322,0.15441776812076569,0.10135558992624283,0.3409585952758789,0.5626296401023865,0.6975693702697754,1,55,184,"[0.1865, 0.1544, 0.1014, 0.0727, 0.0476, 0.0367, 0.0323, 0.0269, 0.0209, 0.0182]","[0.932, 0.078, 0.147, 0.057, 0.094, 0.05, 0.063, 0.028, 0.09, 0.06]",2000,0.13322995603084564,-0.598811684438261,
25,T7,1890,-0.9286835252991394,-0.1090809736661325,-0.14544599971316088,0.047600681095914345,0.0016004824620032834,-0.09605386017649757,0.06180213677303271,0.18623797595500946,0.13516229391098022,0.09582988172769547,0.3214002847671509,0.5457861423492432,0.6714602112770081,1,99,323,"[0.1862, 0.1352, 0.0958, 0.0811, 0.0475, 0.0379, 0.0257, 0.0244, 0.0192, 0.0184]","[0.929, 0.109, 0.145, 0.046, 0.108, 0.007, 0.002, 0.09, 0.033, 0.07]",2000,0.12922541797161102,0.5664315305501231,
25,T8,1890,0.949735797059617,0.01918946616954365,-0.18670732408713367,-0.04895345989136376,0.08254980280192742,0.013039852921818825,-0.07611277153324941,0.29519274830818176,0.15526752173900604,0.09528358280658722,0.4504602551460266,0.6681579351425171,0.7933212518692017,1,28,74,"[0.2952, 0.1553, 0.0953, 0.0798, 0.0426, 0.0337, 0.0295, 0.0264, 0.0189, 0.0167]","[0.95, 0.019, 0.187, 0.009, 0.024, 0.031, 0.05, 0.064, 0.003, 0.038]",2000,0.17478758096694946,-0.6294332898377334,
25,R0,1890,-0.9578275692998616,0.12297143053212213,0.02221920874116087,-0.03681235414564081,-0.08550660186279607,0.0017622845305696694,0.012875651661723447,0.28354617953300476,0.17216156423091888,0.08442624658346176,0.45570772886276245,0.6680042147636414,0.7850111722946167,1,28,73,"[0.2835, 0.1722, 0.0844, 0.0697, 0.0582, 0.0329, 0.0301, 0.0219, 0.0168, 0.0153]","[0.958, 0.123, 0.022, 0.145, 0.007, 0.066, 0.038, 0.088, 0.0, 0.055]",2000,0.17346495389938354,0.6151132825577265,
25,R1,1890,0.8757297517778135,-0.21109234085602535,-0.25752946093926293,0.0020289857859899793,0.07825712150799617,0.03780560753069643,-0.05330508578439769,0.23126016557216644,0.17258186638355255,0.09999023377895355,0.403842031955719,0.6309149861335754,0.763111412525177,1,35,112,"[0.2313, 0.1726, 0.1, 0.0694, 0.0577, 0.0437, 0.0274, 0.0225, 0.0203, 0.0185]","[0.876, 0.211, 0.258, 0.167, 0.046, 0.067, 0.017, 0.144, 0.08, 0.009]",2000,0.14688971638679504,-0.5826558818601105,
25,R2,1890,0.6946486638987837,-0.5539183923282999,-0.2970169905934322,0.0036420294404931005,0.06403536984550823,-0.029883629961153197,0.02550646459634564,0.2365858554840088,0.14995452761650085,0.0918603464961052,0.38654038310050964,0.5994482040405273,0.7429842948913574,2,33,80,"[0.2366, 0.15, 0.0919, 0.071, 0.05, 0.0418, 0.0338, 0.025, 0.0226, 0.0203]","[0.695, 0.554, 0.297, 0.173, 0.054, 0.04, 0.101, 0.051, 0.068, 0.052]",2000,0.1317017376422882,-0.3619126760570046,
25,R3,1890,-0.3609106039012576,-0.4796633489533145,0.011367092100838494,0.010898699698308971,-0.11482175127301737,-0.10604422906121032,0.15239528693674453,0.6548000574111938,0.1829868108034134,0.04008056968450546,0.837786853313446,0.9165908098220825,0.9519538283348083,3,4,10,"[0.6548, 0.183, 0.0401, 0.0224, 0.0163, 0.0105, 0.0092, 0.0067, 0.0049, 0.0041]","[0.361, 0.48, 0.011, 0.005, 0.009, 0.173, 0.14, 0.39, 0.1, 0.171]",2000,0.3173907995223999,0.2344592561019694,
25,R4,1890,-0.19598925500015235,-0.6024890899629193,-0.669925404244428,-0.18789089447068894,-0.08365202596503203,0.07034426647441258,-0.03925089978872866,0.8735863566398621,0.032900966703891754,0.029320450499653816,0.9064873456954956,0.9558287262916565,0.9748178124427795,3,2,5,"[0.8736, 0.0329, 0.0293, 0.0119, 0.0081, 0.0061, 0.0044, 0.0033, 0.003, 0.0022]","[0.196, 0.602, 0.67, 0.038, 0.176, 0.265, 0.279, 0.225, 0.318, 0.176]",2000,0.11143703013658524,0.11284649402409729,
25,R5,1890,-0.13811249307367876,0.012840593207857126,0.9299039971355861,-0.05192345620375337,-0.09227384296052707,0.018127881465032823,0.0016208633859529933,0.8572477698326111,0.08447041362524033,0.02197524718940258,0.9417181611061096,0.9737191200256348,0.9843568801879883,2,2,3,"[0.8572, 0.0845, 0.022, 0.0054, 0.0047, 0.0037, 0.0025, 0.0018, 0.0014, 0.0012]","[0.138, 0.013, 0.93, 0.066, 0.145, 0.326, 0.102, 0.096, 0.01, 0.105]",2000,0.07212536782026291,0.15250296046552642,
25,R6,1890,0.07165502386709054,0.215121021995169,-0.9244244880464948,-0.0822010085926211,-0.08665738101317841,0.08240719650224902,-0.11062278060973706,0.6233553886413574,0.27347105741500854,0.026036610826849937,0.896826446056366,0.9461564421653748,0.9692409634590149,2,3,6,"[0.6234, 0.2735, 0.026, 0.0158, 0.0075, 0.0059, 0.0057, 0.0042, 0.0039, 0.0034]","[0.072, 0.215, 0.924, 0.717, 0.093, 0.011, 0.227, 0.248, 0.223, 0.067]",2000,0.05252156779170036,0.016247368604098075,
25,R7,1890,-0.4642048518662721,-0.9235125504618306,-0.44387166542964707,7.839471499210728e-05,-0.0061373533032040555,-0.09881226830572538,0.019302001042923556,0.47231170535087585,0.20128943026065826,0.12052452564239502,0.6736011505126953,0.8534029722213745,0.9204398989677429,4,8,16,"[0.4723, 0.2013, 0.1205, 0.0398, 0.0195, 0.0189, 0.0163, 0.0141, 0.0095, 0.0082]","[0.464, 0.924, 0.444, 0.195, 0.313, 0.285, 0.129, 0.046, 0.111, 0.013]",2000,0.2535705268383026,0.25778527370323245,
26,T0,1890,0.945647208574637,-0.07597255939641599,-0.08210402020264407,-0.0179407969024334,0.019215130180813444,0.035320287194959755,-0.1217073362610083,0.2832229435443878,0.10652777552604675,0.07599005848169327,0.38975071907043457,0.5720604062080383,0.7243739366531372,1,42,107,"[0.2832, 0.1065, 0.076, 0.0598, 0.0465, 0.0416, 0.0379, 0.0281, 0.0241, 0.0207]","[0.946, 0.076, 0.082, 0.101, 0.041, 0.004, 0.017, 0.063, 0.104, 0.001]",2000,0.1816357970237732,-0.6619634690856617,
26,T1,1890,0.8975900297185824,0.1779398488655873,0.2644775892589721,-0.06346672144221914,0.02776991337552874,0.06447344392042155,-0.0004629106625713383,0.3080649971961975,0.17724710702896118,0.11971788853406906,0.4853121042251587,0.7104549407958984,0.8312605023384094,1,19,38,"[0.3081, 0.1772, 0.1197, 0.055, 0.0504, 0.0347, 0.0256, 0.0239, 0.0232, 0.0135]","[0.898, 0.178, 0.264, 0.012, 0.109, 0.038, 0.001, 0.042, 0.153, 0.005]",2000,0.1803341656923294,-0.5967923373660287,
26,T2,1890,-0.5402036910534386,0.6010109282084687,0.10564010612358705,-0.105507273525091,-0.029987147254258564,0.031825724583480444,-0.30606914312208,0.4151484966278076,0.18498535454273224,0.07838310301303864,0.6001338362693787,0.7746344208717346,0.8620346188545227,2,15,31,"[0.4151, 0.185, 0.0784, 0.0527, 0.0434, 0.0245, 0.0192, 0.0167, 0.0142, 0.0128]","[0.54, 0.601, 0.106, 0.069, 0.145, 0.249, 0.143, 0.111, 0.138, 0.01]",2000,0.24853311479091644,0.4549496960007639,
26,T3,1890,0.8877812807770755,-0.23237307225500906,-0.16519536471695678,-0.10418878701788721,-0.09552241617659034,0.14287776149626355,-0.1924227041094833,0.23818334937095642,0.17227697372436523,0.0990590751171112,0.41046032309532166,0.6373241543769836,0.7630704641342163,1,33,79,"[0.2382, 0.1723, 0.0991, 0.0818, 0.046, 0.033, 0.028, 0.024, 0.0223, 0.0185]","[0.888, 0.232, 0.165, 0.0, 0.017, 0.077, 0.101, 0.03, 0.044, 0.083]",2000,0.16474992036819458,-0.6218680197386495,
26,T4,1890,0.9309451747034564,0.27417671769517676,0.017409133214947747,0.019121292527191247,0.08354836008164424,0.030776243586610366,0.10695283614235951,0.3879784345626831,0.207475945353508,0.0683806985616684,0.5954543948173523,0.7515786290168762,0.8598347902297974,1,15,33,"[0.388, 0.2075, 0.0684, 0.0502, 0.0376, 0.0321, 0.0254, 0.0199, 0.0166, 0.0143]","[0.931, 0.274, 0.017, 0.076, 0.126, 0.08, 0.036, 0.05, 0.06, 0.109]",2000,0.24670174717903137,-0.6583826920723018,
26,T5,1890,-0.8939200816015269,0.2504737460967552,-0.17803009569410375,0.10344858400281293,0.012995591486328143,-0.07116852607465997,0.18684323044725895,0.1837233304977417,0.13820841908454895,0.10405613481998444,0.32193174958229065,0.5463253855705261,0.677410900592804,1,85,289,"[0.1837, 0.1382, 0.1041, 0.0723, 0.048, 0.0372, 0.0269, 0.0251, 0.023, 0.0189]","[0.894, 0.25, 0.178, 0.076, 0.015, 0.057, 0.043, 0.063, 0.024, 0.038]",2000,0.14322030544281006,0.6005919672175266,
26,T6,1890,-0.9264450378650158,0.1318595489731216,-0.11296914073268452,-0.0459381690125719,-0.1578835019949296,0.02169894287170749,-0.03117813475157087,0.19675081968307495,0.1571187824010849,0.10551206022500992,0.35386961698532104,0.5742366313934326,0.7013295888900757,1,53,162,"[0.1968, 0.1571, 0.1055, 0.0687, 0.0461, 0.0378, 0.0303, 0.0214, 0.0192, 0.0184]","[0.926, 0.132, 0.113, 0.072, 0.102, 0.083, 0.048, 0.018, 0.085, 0.025]",2000,0.14551222324371338,0.5956915438307068,
26,T7,1890,-0.8411328532784696,-0.323061680723618,-0.22320051905983848,0.09195384193196263,0.08439563992411965,-0.17598710436375958,0.17064020171054026,0.17839528620243073,0.12373410165309906,0.10100588947534561,0.3021293878555298,0.5272740721702576,0.6584247946739197,2,98,310,"[0.1784, 0.1237, 0.101, 0.0771, 0.047, 0.0384, 0.0268, 0.0244, 0.0217, 0.0198]","[0.841, 0.323, 0.223, 0.007, 0.141, 0.024, 0.001, 0.11, 0.004, 0.078]",2000,0.12159165740013123,0.5058849627345651,
26,T8,1890,0.9414037203614074,0.08718627555879266,-0.20886306052250567,-0.02344294633964994,0.11377406533134368,-0.001998302188443034,-0.04795304708923968,0.2700153887271881,0.16883112490177155,0.09775250405073166,0.43884652853012085,0.6610462665557861,0.7832603454589844,1,30,81,"[0.27, 0.1688, 0.0978, 0.0807, 0.0438, 0.0353, 0.0285, 0.0232, 0.0186, 0.0166]","[0.941, 0.087, 0.209, 0.02, 0.02, 0.013, 0.038, 0.066, 0.0, 0.02]",2000,0.16894711554050446,-0.6164905227168179,
26,R0,1890,0.9503169835189572,0.11509339859325227,-0.028081550073570653,0.028932046925028317,0.07552471268429534,-0.0007136099587350408,-0.006486440852259462,0.27608633041381836,0.18495559692382812,0.07958299666643143,0.4610419273376465,0.6733883023262024,0.7857650518417358,1,29,75,"[0.2761, 0.185, 0.0796, 0.0709, 0.0618, 0.0333, 0.0281, 0.0202, 0.0161, 0.0146]","[0.95, 0.115, 0.028, 0.172, 0.068, 0.072, 0.033, 0.068, 0.017, 0.048]",2000,0.16692142188549042,-0.5951676311824395,
26,R1,1890,0.8631187537557331,0.11486729606264957,-0.37844004357326566,-0.053258296914646355,0.0787231081850663,0.0447128334853948,-0.16613643791008412,0.2391909658908844,0.15564464032649994,0.11057274043560028,0.39483559131622314,0.632378339767456,0.7718630433082581,2,34,109,"[0.2392, 0.1556, 0.1106, 0.0665, 0.0604, 0.0544, 0.0279, 0.0216, 0.0188, 0.0167]","[0.863, 0.115, 0.378, 0.066, 0.145, 0.107, 0.024, 0.004, 0.143, 0.011]",2000,0.15358729660511017,-0.5890409881112707,
26,R2,1890,0.7639040147057782,-0.47148528439574416,-0.2742767886720455,-0.010513070025468883,0.010708814676867011,0.05865911082327857,0.028648907886906817,0.26830440759658813,0.13631215691566467,0.09804274141788483,0.4046165645122528,0.6221402287483215,0.7559598088264465,2,32,76,"[0.2683, 0.1363, 0.098, 0.0711, 0.0484, 0.0419, 0.028, 0.0235, 0.0209, 0.0194]","[0.764, 0.471, 0.274, 0.18, 0.01, 0.048, 0.069, 0.092, 0.085, 0.121]",2000,0.1416303664445877,-0.3831101197074964,
26,R3,1890,-0.3357331164457366,-0.42696040023451687,0.017303579134061296,0.00416514697590029,-0.11007739986985127,-0.10036710675090375,0.11140444087517638,0.6929100751876831,0.16662001609802246,0.03388231247663498,0.8595300912857056,0.9256507158279419,0.9570757150650024,3,4,9,"[0.6929, 0.1666, 0.0339, 0.0185, 0.0137, 0.0088, 0.0077, 0.0069, 0.0042, 0.0038]","[0.336, 0.427, 0.017, 0.011, 0.021, 0.232, 0.232, 0.402, 0.239, 0.229]",2000,0.30769750475883484,0.2254771406482465,
26,R4,1890,0.20610016003188755,-0.6989316314499499,0.6668242055346778,0.19417235215731618,0.07350514393534471,-0.06906378034780022,0.030529876939085702,0.864478588104248,0.033832766115665436,0.030809510499238968,0.8983113765716553,0.9506227374076843,0.9732253551483154,3,3,5,"[0.8645, 0.0338, 0.0308, 0.0124, 0.0091, 0.0077, 0.0052, 0.0038, 0.0035, 0.0024]","[0.206, 0.699, 0.667, 0.016, 0.248, 0.175, 0.262, 0.394, 0.219, 0.115]",2000,0.11020287871360779,-0.11656017007394824,
26,R5,1890,-0.11760013700481456,0.1658053243421914,-0.9251469606081435,-0.05009335380320036,-0.0823423053585807,0.001354842136644677,-0.044874680456222706,0.8391725420951843,0.09689805656671524,0.022152524441480637,0.9360706210136414,0.9695927500724792,0.9822313785552979,2,2,3,"[0.8392, 0.0969, 0.0222, 0.006, 0.0053, 0.0042, 0.0029, 0.0024, 0.0017, 0.0015]","[0.118, 0.166, 0.925, 0.006, 0.149, 0.38, 0.149, 0.091, 0.062, 0.077]",2000,0.07396360486745834,0.10695721901889298,
26,R6,1890,0.0544357870242033,0.2514327479078156,0.9144444983866601,-0.07282722153845485,-0.0731112015465641,0.06693470304968091,-0.11933530249791231,0.6154820919036865,0.2717728316783905,0.026499321684241295,0.8872549533843994,0.94011390209198,0.9658538103103638,2,3,7,"[0.6155, 0.2718, 0.0265, 0.0181, 0.0083, 0.0071, 0.0061, 0.0046, 0.0043, 0.0037]","[0.054, 0.251, 0.914, 0.572, 0.054, 0.14, 0.245, 0.236, 0.268, 0.09]",2000,0.055461760610342026,0.032692678014287636,
26,R7,1890,-0.45915000670062783,-0.9094298384362567,0.6925669898723767,0.00936940538325368,0.0011148762081388702,-0.10505868337463371,0.04505953681564033,0.4651838541030884,0.20209082961082458,0.11560853570699692,0.6672747135162354,0.8512954711914062,0.9179947972297668,4,9,17,"[0.4652, 0.2021, 0.1156, 0.0451, 0.0233, 0.0188, 0.0162, 0.0137, 0.0094, 0.0087]","[0.459, 0.909, 0.693, 0.166, 0.18, 0.355, 0.06, 0.059, 0.096, 0.013]",2000,0.25479254126548767,0.25968415283799684,
27,T0,1890,0.9442469483547056,-0.12022010390422867,-0.14227511909820093,-0.028203061168920854,0.0013017383312249357,0.024172575016762007,-0.13330175857886917,0.33494213223457336,0.10145355015993118,0.07513358443975449,0.43639567494392395,0.6074124574661255,0.7430100440979004,1,38,92,"[0.3349, 0.1015, 0.0751, 0.0538, 0.0421, 0.0376, 0.0333, 0.0244, 0.023, 0.0173]","[0.944, 0.12, 0.142, 0.066, 0.093, 0.045, 0.021, 0.097, 0.056, 0.033]",2000,0.18418128788471222,-0.6382462873736993,
27,T1,1890,0.9127558428401703,0.07887888096688375,-0.26028138027495173,-0.06526584558408395,0.04068297919589793,0.08739247986671331,-0.06010603270471653,0.345520943403244,0.18338921666145325,0.10984542220830917,0.5289101600646973,0.7388680577278137,0.8481614589691162,1,17,34,"[0.3455, 0.1834, 0.1098, 0.0541, 0.0461, 0.0305, 0.0243, 0.0212, 0.0206, 0.0127]","[0.913, 0.079, 0.26, 0.055, 0.116, 0.046, 0.047, 0.102, 0.011, 0.027]",2000,0.19221024215221405,-0.6161899788249777,
27,T2,1890,-0.49564030923522634,0.6410519482511169,0.15870697002727988,-0.12687282806857297,-0.03643386540716592,0.06979894610628899,-0.27463523337805135,0.41374635696411133,0.19707201421260834,0.07607833296060562,0.6108183860778809,0.783875584602356,0.8697657585144043,2,14,29,"[0.4137, 0.1971, 0.0761, 0.0545, 0.0425, 0.0239, 0.0209, 0.0157, 0.0138, 0.0117]","[0.496, 0.641, 0.159, 0.086, 0.095, 0.261, 0.093, 0.135, 0.115, 0.036]",2000,0.24104058742523193,0.4313533133965026,
27,T3,1890,0.8498245221713979,-0.32266593296458246,-0.1300028424319829,-0.0935930083623226,-0.08977686018206768,0.15634139602964367,-0.20742278250099802,0.24780265986919403,0.16532033681869507,0.10109725594520569,0.4131230115890503,0.6434162855148315,0.770150363445282,2,31,74,"[0.2478, 0.1653, 0.1011, 0.0827, 0.0465, 0.0344, 0.029, 0.024, 0.0223, 0.0171]","[0.85, 0.323, 0.13, 0.035, 0.041, 0.046, 0.113, 0.032, 0.02, 0.141]",2000,0.1565169095993042,-0.5751609363489717,
27,T4,1890,0.9198102591489846,0.2685582716258516,-0.061555733992152285,0.013172185447597708,0.08698673543988007,0.03179556030997819,0.07870023111760141,0.4017004072666168,0.20730334520339966,0.06591836363077164,0.6090037822723389,0.7560322284698486,0.8651524782180786,1,15,32,"[0.4017, 0.2073, 0.0659, 0.0467, 0.0344, 0.0324, 0.0228, 0.0212, 0.0178, 0.0149]","[0.92, 0.269, 0.062, 0.086, 0.142, 0.016, 0.001, 0.071, 0.036, 0.114]",2000,0.24683663249015808,-0.6483464819751843,
27,T5,1890,-0.9162710297970992,-0.18758249150993797,0.1403458884543468,0.0777820603652944,-0.01562813664479493,-0.063461410463915,0.19228319251920456,0.1891820877790451,0.13249245285987854,0.10615184158086777,0.32167452573776245,0.5450125336647034,0.6785911917686462,1,82,277,"[0.1892, 0.1325, 0.1062, 0.0681, 0.049, 0.0353, 0.0283, 0.0266, 0.0244, 0.0189]","[0.916, 0.188, 0.14, 0.067, 0.001, 0.11, 0.0, 0.079, 0.005, 0.126]",2000,0.1518634706735611,0.639676959008337,
27,T6,1890,0.9272482972907768,0.134059427841378,-0.07813399072344454,0.05716213477354631,0.1683271403560959,-0.011750090821262826,0.01599099461768638,0.20417995750904083,0.15152567625045776,0.10940472781658173,0.3557056188583374,0.5765727162361145,0.7037468552589417,1,53,159,"[0.2042, 0.1515, 0.1094, 0.0646, 0.0468, 0.0382, 0.0287, 0.022, 0.0198, 0.0185]","[0.927, 0.134, 0.078, 0.087, 0.098, 0.102, 0.064, 0.027, 0.111, 0.048]",2000,0.1524779051542282,-0.599700697190185,
27,T7,1890,-0.8454255709881585,-0.24832669117651784,0.2999439018870962,0.09550641539067539,0.0653792088101542,-0.17994985060344687,0.18175625841591617,0.18463262915611267,0.1185036152601242,0.100539930164814,0.3031362295150757,0.5245394706726074,0.6576869487762451,1,97,303,"[0.1846, 0.1185, 0.1005, 0.0739, 0.047, 0.0386, 0.0299, 0.0246, 0.0215, 0.0185]","[0.845, 0.248, 0.3, 0.028, 0.13, 0.058, 0.034, 0.122, 0.029, 0.047]",2000,0.12244095653295517,0.5121224371806496,
27,T8,1890,0.9260272401170814,0.08607381813162156,-0.26506767641764645,-0.01791083461944461,0.13670259071491442,-0.010925702186688249,-0.06976660534249048,0.27259331941604614,0.16578325629234314,0.09527160227298737,0.4383765757083893,0.6574512720108032,0.7815001010894775,1,31,84,"[0.2726, 0.1658, 0.0953, 0.0779, 0.0459, 0.036, 0.0285, 0.0244, 0.0187, 0.0166]","[0.926, 0.086, 0.265, 0.039, 0.018, 0.024, 0.002, 0.087, 0.003, 0.027]",2000,0.16599713265895844,-0.5989497157527695,
27,R0,1890,0.9442590407643912,0.05535667165030742,-0.1603281130369712,0.029089855142031506,0.05958053176595525,0.004036619027452036,-0.023457613886100574,0.2800234258174896,0.18941570818424225,0.08215247094631195,0.46943914890289307,0.6829051971435547,0.7893705368041992,1,29,77,"[0.28, 0.1894, 0.0822, 0.0695, 0.0618, 0.0315, 0.026, 0.0187, 0.0165, 0.0138]","[0.944, 0.055, 0.16, 0.166, 0.066, 0.07, 0.019, 0.066, 0.008, 0.048]",2000,0.1595962792634964,-0.5789264047703674,
27,R1,1890,0.8686547509881056,0.09938527554477844,-0.3816311318127217,-0.04906122266589079,0.0758182365265296,0.06444366518520643,-0.16849716685076954,0.2666706442832947,0.14680014550685883,0.10200559347867966,0.4134708046913147,0.6356233358383179,0.7725344896316528,2,35,111,"[0.2667, 0.1468, 0.102, 0.0627, 0.0575, 0.0526, 0.0281, 0.0205, 0.0188, 0.0169]","[0.869, 0.099, 0.382, 0.04, 0.15, 0.067, 0.039, 0.014, 0.124, 0.031]",2000,0.15801437199115753,-0.5815172007874367,
27,R2,1890,-0.6713130937671574,-0.6106057844255742,-0.22812286507069118,-0.021527785125375298,0.0073295434427343925,-0.13428662537652292,-0.10026621753157511,0.32121968269348145,0.12511099874973297,0.0955139547586441,0.4463306665420532,0.6547437310218811,0.7753660678863525,2,29,69,"[0.3212, 0.1251, 0.0955, 0.0681, 0.0448, 0.0384, 0.026, 0.0205, 0.0188, 0.017]","[0.671, 0.611, 0.228, 0.191, 0.026, 0.023, 0.031, 0.083, 0.081, 0.09]",2000,0.1286107748746872,0.23444878018692308,
27,R3,1890,-0.3245022884641232,-0.4439528367434735,0.059937023345469916,-0.02380151218981012,-0.1282574150948566,-0.06482202641551496,0.09866347817304824,0.7100938558578491,0.15129292011260986,0.033082444220781326,0.861386775970459,0.9258561730384827,0.9577688574790955,5,4,8,"[0.7101, 0.1513, 0.0331, 0.0185, 0.0129, 0.0096, 0.0077, 0.007, 0.0042, 0.0035]","[0.325, 0.444, 0.06, 0.01, 0.052, 0.408, 0.366, 0.077, 0.388, 0.104]",2000,0.2904417812824249,0.19821525224357778,
27,R4,1890,0.18481700070104123,-0.7219710590546304,0.5726954748457791,0.20742939496556878,0.05557765534223034,-0.04462734194021091,0.09240887386574549,0.8525007963180542,0.037866923958063126,0.033718690276145935,0.8903677463531494,0.9485366940498352,0.9725671410560608,5,3,6,"[0.8525, 0.0379, 0.0337, 0.014, 0.0104, 0.0087, 0.0055, 0.004, 0.0033, 0.0025]","[0.185, 0.722, 0.573, 0.103, 0.238, 0.106, 0.323, 0.305, 0.33, 0.064]",2000,0.12070086598396301,-0.05583818109408387,
27,R5,1890,-0.11837034879193874,-0.26853964133238484,0.9277350592353877,-0.027438667375413717,-0.07267909524108375,-0.01149211872813317,-0.05049484841517212,0.8252195715904236,0.10847504436969757,0.021724501624703407,0.93369460105896,0.967756450176239,0.9814225435256958,2,2,3,"[0.8252, 0.1085, 0.0217, 0.0064, 0.0059, 0.0043, 0.0033, 0.0026, 0.0018, 0.0016]","[0.118, 0.269, 0.928, 0.006, 0.067, 0.362, 0.154, 0.016, 0.013, 0.111]",2000,0.07460256665945053,0.10434168564608144,
27,R6,1890,0.10046636143925455,0.28210015611204625,0.9041479129897301,-0.05742928712584003,-0.040824011928757724,0.04451536556299782,-0.13508475658829935,0.6074855923652649,0.26062196493148804,0.034409113228321075,0.8681075572967529,0.9357159733772278,0.9640461206436157,2,3,7,"[0.6075, 0.2606, 0.0344, 0.0241, 0.0091, 0.0081, 0.0066, 0.0051, 0.0046, 0.0038]","[0.1, 0.282, 0.904, 0.68, 0.073, 0.004, 0.17, 0.272, 0.288, 0.076]",2000,0.07096976041793823,-0.003232777675786706,
27,R7,1890,-0.40887288954717205,0.919206054139956,0.5587475833915273,-0.012505675236832147,0.008582372285682965,-0.09258962059773493,0.007425626654697279,0.475881963968277,0.2104000747203827,0.10579359531402588,0.6862820386886597,0.857276976108551,0.922672688961029,4,8,16,"[0.4759, 0.2104, 0.1058, 0.0427, 0.0225, 0.0195, 0.0153, 0.0123, 0.0104, 0.0079]","[0.409, 0.919, 0.559, 0.109, 0.231, 0.479, 0.149, 0.046, 0.135, 0.021]",2000,0.269927054643631,0.23487133921858902,
28,T0,1890,0.9424443632531238,-0.10798408901520225,-0.14731052126880192,-0.014394464348370942,0.03126149587063199,0.0051089057978468844,-0.1365302111355413,0.3314110338687897,0.10476136952638626,0.07937496900558472,0.43617239594459534,0.6099164485931396,0.7459770441055298,1,38,95,"[0.3314, 0.1048, 0.0794, 0.0529, 0.0414, 0.0363, 0.0348, 0.0248, 0.022, 0.0182]","[0.942, 0.108, 0.147, 0.04, 0.142, 0.038, 0.007, 0.101, 0.003, 0.063]",2000,0.17731457948684692,-0.6287520629083977,
28,T1,1890,0.9288445168392707,0.06901557553807637,-0.2288417844568044,-0.03791152305532723,0.034635633406912905,0.06501657163535675,-0.04831547177403712,0.3856075704097748,0.16690273582935333,0.10063628107309341,0.5525103211402893,0.746567964553833,0.8538632392883301,1,16,34,"[0.3856, 0.1669, 0.1006, 0.05, 0.0435, 0.0304, 0.0241, 0.0216, 0.0184, 0.0127]","[0.929, 0.069, 0.229, 0.021, 0.061, 0.034, 0.081, 0.024, 0.033, 0.008]",2000,0.19467081129550934,-0.614367837616098,
28,T2,1890,0.48339854983288905,0.6432584757987864,0.18198828366070208,0.13244475306639952,0.040180682421048386,-0.07796586731218978,0.26016985285550587,0.3815324306488037,0.21447919309139252,0.07996836304664612,0.5960116386413574,0.7670718431472778,0.8552001118659973,2,16,34,"[0.3815, 0.2145, 0.08, 0.0519, 0.0392, 0.0241, 0.0219, 0.0171, 0.0136, 0.0114]","[0.483, 0.643, 0.182, 0.114, 0.078, 0.235, 0.062, 0.198, 0.052, 0.016]",2000,0.23658514022827148,-0.43446757903017547,
28,T3,1890,0.8692682525753622,0.2612927276632164,0.18973437974200572,-0.08630074978767319,-0.05433278785784355,0.12759327665894882,-0.22249146915932214,0.2507576048374176,0.16890113055706024,0.09756138920783997,0.41965872049331665,0.6536856889724731,0.7786021828651428,1,30,70,"[0.2508, 0.1689, 0.0976, 0.0856, 0.0509, 0.0322, 0.0287, 0.0254, 0.0227, 0.0159]","[0.869, 0.261, 0.19, 0.068, 0.073, 0.057, 0.099, 0.068, 0.027, 0.063]",2000,0.15443487465381622,-0.5951806481861234,
28,T4,1890,0.9690867275487909,0.12308963617272328,0.01293642865490787,-0.009533809667477352,0.06736379558105485,-0.027815779735508174,-0.03050395881325275,0.4479921758174896,0.18553973734378815,0.05475379899144173,0.633531928062439,0.7625685334205627,0.8691063523292542,1,14,29,"[0.448, 0.1855, 0.0548, 0.0437, 0.0306, 0.0286, 0.0238, 0.0222, 0.017, 0.0149]","[0.969, 0.123, 0.013, 0.064, 0.014, 0.156, 0.032, 0.099, 0.008, 0.06]",2000,0.26596948504447937,-0.6580387777185032,
28,T5,1890,-0.8907783854023296,0.25504959814350886,0.1700455904258284,0.09363195298753459,-0.01646960168208755,-0.057464633450789046,0.23436616666086602,0.2178596407175064,0.12822580337524414,0.09650599211454391,0.34608542919158936,0.5622259974479675,0.6910426616668701,1,80,276,"[0.2179, 0.1282, 0.0965, 0.0722, 0.0474, 0.0344, 0.027, 0.0265, 0.0219, 0.019]","[0.891, 0.255, 0.17, 0.09, 0.017, 0.082, 0.054, 0.082, 0.012, 0.13]",2000,0.15795977413654327,0.6230262832673428,
28,T6,1890,0.925113437359925,-0.18360656340357243,0.026403516268315122,0.08548927703552232,0.21290931894598222,-0.038822162965759466,0.03905269552624801,0.22098994255065918,0.1579151749610901,0.10957616567611694,0.37890511751174927,0.5995388031005859,0.7207951545715332,1,48,142,"[0.221, 0.1579, 0.1096, 0.0637, 0.0474, 0.0376, 0.0262, 0.0209, 0.0186, 0.0179]","[0.925, 0.184, 0.026, 0.128, 0.112, 0.06, 0.026, 0.044, 0.081, 0.066]",2000,0.15861517190933228,-0.5933244593833187,
28,T7,1890,0.8439598997476221,0.27885446257942514,0.27353634712116925,-0.10037253490474476,-0.08886841036101592,0.15848133211990675,-0.15981040932502333,0.18722942471504211,0.11384979635477066,0.10393598675727844,0.3010792136192322,0.523306667804718,0.6575517058372498,1,98,303,"[0.1872, 0.1138, 0.1039, 0.0736, 0.0447, 0.0374, 0.0323, 0.0241, 0.0211, 0.0193]","[0.844, 0.279, 0.274, 0.075, 0.131, 0.012, 0.021, 0.125, 0.003, 0.015]",2000,0.11892803013324738,-0.48903374214654893,
28,T8,1890,0.9173766506330828,0.13410062717190016,-0.24958828739476435,-0.012334820920859437,0.1035336438595897,-0.03878682133778246,-0.06322011721692478,0.3178448975086212,0.1661660224199295,0.09028234332799911,0.4840109348297119,0.6878862977027893,0.804618775844574,1,26,65,"[0.3178, 0.1662, 0.0903, 0.0673, 0.0463, 0.0344, 0.0261, 0.0255, 0.0164, 0.0144]","[0.917, 0.134, 0.25, 0.022, 0.027, 0.033, 0.103, 0.077, 0.017, 0.033]",2000,0.17303717136383057,-0.5697282864467532,
28,R0,1890,0.9358670318804246,-0.1338680147886663,-0.14319089170139082,5.9196101901571756e-05,0.05317270183015506,0.047615209783359036,-0.12719524001998161,0.31308433413505554,0.18425919115543365,0.07136951386928558,0.4973435401916504,0.6956196427345276,0.8032143712043762,1,26,68,"[0.3131, 0.1843, 0.0714, 0.0664, 0.0605, 0.0323, 0.0273, 0.0178, 0.0168, 0.0134]","[0.936, 0.134, 0.143, 0.091, 0.151, 0.046, 0.006, 0.065, 0.008, 0.005]",2000,0.1595231145620346,-0.6215840911244858,
28,R1,1890,0.9275563400986793,-0.1076014815007285,-0.2412681516459911,-0.018602284069683915,0.08361119031344896,-0.004988235038277566,-0.11385142144363011,0.28955698013305664,0.14779244363307953,0.09621984511613846,0.43734943866729736,0.6526884436607361,0.7848206758499146,1,31,92,"[0.2896, 0.1478, 0.0962, 0.0643, 0.0548, 0.0476, 0.0277, 0.0216, 0.0185, 0.0168]","[0.928, 0.108, 0.241, 0.033, 0.086, 0.025, 0.01, 0.063, 0.111, 0.019]",2000,0.1660744547843933,-0.5959450248494008,
28,R2,1890,0.6235626881339392,-0.7042059908408684,-0.153901555335594,0.02092007277079346,-0.04733307703256489,0.1701247399641384,0.1655496979069339,0.39482200145721436,0.11721902340650558,0.08359356969594955,0.5120410323143005,0.7030713558197021,0.8065028786659241,2,24,58,"[0.3948, 0.1172, 0.0836, 0.0619, 0.0455, 0.0349, 0.0202, 0.017, 0.016, 0.0154]","[0.624, 0.704, 0.154, 0.135, 0.013, 0.028, 0.026, 0.093, 0.086, 0.038]",2000,0.11251051723957062,-0.15298454010199405,
28,R3,1890,-0.10312952350066111,-0.4226089145276573,0.004561339424501224,0.031330087815395015,-0.13179488629451377,-0.0746677567651331,-0.2026808609651292,0.5781901478767395,0.23739948868751526,0.0394868366420269,0.8155896663665771,0.8933018445968628,0.936522364616394,2,6,14,"[0.5782, 0.2374, 0.0395, 0.0224, 0.0158, 0.0143, 0.0095, 0.008, 0.006, 0.0054]","[0.103, 0.423, 0.005, 0.134, 0.279, 0.481, 0.137, 0.07, 0.162, 0.295]",2000,0.36131584644317627,-0.14891490700460486,
28,R4,1890,-0.06380990896360439,-0.8039039966078138,0.7384491119533886,-0.1968609101367913,-0.04235706742155046,0.04752975140739443,-0.21522376185230385,0.8353404402732849,0.04305237531661987,0.036079324781894684,0.8783928155899048,0.9434092044830322,0.9703167080879211,4,3,6,"[0.8353, 0.0431, 0.0361, 0.0166, 0.0124, 0.0096, 0.0062, 0.0048, 0.0036, 0.0028]","[0.064, 0.804, 0.738, 0.066, 0.21, 0.022, 0.398, 0.315, 0.133, 0.0]",2000,0.11716257035732269,-0.08056885686141313,
28,R5,1890,-0.08825759502637297,-0.7407416845903222,0.9262417340633764,0.03725491560810852,-0.027035427910665457,-0.036839109376693234,-0.036123921617909525,0.8149018883705139,0.1185569241642952,0.0207622479647398,0.9334588050842285,0.9672156572341919,0.9811280965805054,2,2,3,"[0.8149, 0.1186, 0.0208, 0.0068, 0.0062, 0.0043, 0.0035, 0.0026, 0.0019, 0.0016]","[0.088, 0.741, 0.926, 0.057, 0.004, 0.273, 0.193, 0.038, 0.046, 0.049]",2000,0.07258433103561401,0.06220637285440351,
28,R6,1890,0.23817611163313876,0.3536438748517985,-0.9345782707513158,-0.030205295215086338,-0.0005744087539234243,0.015026297314358526,-0.11161329977017369,0.5622532367706299,0.2910699248313904,0.03664647787809372,0.8533231616020203,0.9254491329193115,0.9595658183097839,3,4,9,"[0.5623, 0.2911, 0.0366, 0.0251, 0.0104, 0.0091, 0.0083, 0.0066, 0.0055, 0.0045]","[0.238, 0.354, 0.935, 0.217, 0.012, 0.36, 0.167, 0.196, 0.205, 0.12]",2000,0.06291463226079941,-0.060176687870267705,
28,R7,1890,-0.49969463913746454,-0.8910181678921612,0.6232684108726813,0.007864032442944483,-0.025258499724482637,-0.05098682791209128,0.01094776947304668,0.4668319523334503,0.19664882123470306,0.10015004128217697,0.6634807586669922,0.8389992117881775,0.9100930094718933,4,9,18,"[0.4668, 0.1966, 0.1002, 0.0486, 0.0267, 0.0211, 0.0172, 0.0126, 0.0118, 0.0083]","[0.5, 0.891, 0.623, 0.051, 0.268, 0.377, 0.045, 0.016, 0.043, 0.008]",2000,0.2400069534778595,0.23068175853293763,
29,T0,1890,0.9491235526773092,0.009867895831489198,-0.12087579839431703,0.0010675927566044668,0.05967314203435981,-0.031033358919933193,-0.11741167721992175,0.35466450452804565,0.10718628019094467,0.07724704593420029,0.4618507921695709,0.6276710033416748,0.7544834613800049,1,37,94,"[0.3547, 0.1072, 0.0772, 0.0501, 0.0385, 0.0344, 0.0307, 0.0253, 0.0203, 0.0161]","[0.949, 0.01, 0.121, 0.022, 0.144, 0.008, 0.023, 0.029, 0.079, 0.001]",2000,0.19747085869312286,-0.6433732333246249,
29,T1,1890,0.925696810787925,0.045832361934396944,-0.21418837406181424,-0.03173351584858902,0.039033336662276534,0.07108044885841434,-0.06905447953940179,0.4188884496688843,0.14939314126968384,0.09614986926317215,0.5682815909385681,0.7501416206359863,0.8544605374336243,1,16,33,"[0.4189, 0.1494, 0.0961, 0.0457, 0.04, 0.0284, 0.0246, 0.0221, 0.0159, 0.0134]","[0.926, 0.046, 0.214, 0.032, 0.034, 0.003, 0.124, 0.046, 0.003, 0.005]",2000,0.20480550825595856,-0.626048925921846,
29,T2,1890,0.5097223246079564,0.581121962517557,0.25140954976534347,0.1329457412847134,0.04829252707061656,-0.06354837462213128,0.2354395527544124,0.370537132024765,0.22986498475074768,0.08305591344833374,0.6004021167755127,0.7663260698318481,0.8550050854682922,2,16,34,"[0.3705, 0.2299, 0.0831, 0.0458, 0.0371, 0.0258, 0.0217, 0.017, 0.0128, 0.0114]","[0.51, 0.581, 0.251, 0.103, 0.016, 0.18, 0.142, 0.18, 0.028, 0.045]",2000,0.24096573889255524,-0.4652895186014173,
29,T3,1890,0.9003068996204917,-0.19675633929632053,0.17525346475170872,-0.0828125442131084,-0.03550620104827324,0.0989542208827198,-0.2091542409390606,0.24955569207668304,0.17073452472686768,0.09809049963951111,0.4202902317047119,0.6512525677680969,0.7752767205238342,1,31,76,"[0.2496, 0.1707, 0.0981, 0.082, 0.0509, 0.0335, 0.028, 0.0236, 0.0229, 0.016]","[0.9, 0.197, 0.175, 0.064, 0.023, 0.094, 0.122, 0.033, 0.056, 0.111]",2000,0.16255584359169006,-0.6270530757060203,
29,T4,1890,0.9721652677659006,0.09510576947076577,0.02582604103509452,-0.011289311598727718,0.05120138652253258,-0.014224218245763507,-0.04557174440506045,0.4394039213657379,0.1806374490261078,0.060418616980314255,0.6200413703918457,0.7613683938980103,0.8650275468826294,1,15,31,"[0.4394, 0.1806, 0.0604, 0.0486, 0.0324, 0.0298, 0.0223, 0.0209, 0.0166, 0.014]","[0.972, 0.095, 0.026, 0.078, 0.06, 0.042, 0.023, 0.116, 0.022, 0.06]",2000,0.2619105577468872,-0.6652801575242846,
29,T5,1890,-0.9020034676416883,0.14048898451460665,0.26992962211791344,0.08430401328192261,-0.05568000724193991,-0.018371200481679173,0.19100526184240532,0.22275523841381073,0.1342027187347412,0.10008493810892105,0.35695797204971313,0.5665367841720581,0.6897603869438171,1,81,272,"[0.2228, 0.1342, 0.1001, 0.0609, 0.0486, 0.0332, 0.0261, 0.0237, 0.0211, 0.0192]","[0.902, 0.14, 0.27, 0.086, 0.028, 0.072, 0.076, 0.019, 0.149, 0.053]",2000,0.16223077476024628,0.610173332429053,
29,T6,1890,0.8969543504437645,-0.2810197827243275,0.03762364342514318,0.10412692290482745,0.2245220041046768,-0.04941660407160195,0.09747869815315294,0.23802033066749573,0.155094712972641,0.10572310537099838,0.3931150436401367,0.6052433252334595,0.7249225974082947,1,48,138,"[0.238, 0.1551, 0.1057, 0.0586, 0.0478, 0.0389, 0.025, 0.0201, 0.0191, 0.0165]","[0.897, 0.281, 0.038, 0.102, 0.133, 0.067, 0.012, 0.021, 0.098, 0.054]",2000,0.16743361949920654,-0.5697950124656617,
29,T7,1890,-0.9018377121216021,-0.09637637839021619,0.27869478155667265,0.07033952830017959,0.04801213376209493,-0.10843956359441428,0.1239028559443425,0.19589026272296906,0.12719708681106567,0.10398656874895096,0.32308733463287354,0.5380402207374573,0.6640571355819702,1,95,288,"[0.1959, 0.1272, 0.104, 0.0681, 0.0429, 0.0371, 0.0256, 0.0253, 0.0193, 0.0187]","[0.902, 0.096, 0.279, 0.043, 0.099, 0.036, 0.134, 0.003, 0.009, 0.028]",2000,0.13268515467643738,0.5395107289315363,
29,T8,1890,0.8892831331979332,0.163796327765285,-0.3084626540870849,-0.013745786085895023,0.11257286416164516,-0.045929354639852246,-0.05300283099420832,0.29892295598983765,0.18227434158325195,0.09198112040758133,0.4811972975730896,0.6815855503082275,0.7994037866592407,2,27,70,"[0.2989, 0.1823, 0.092, 0.0631, 0.0453, 0.0381, 0.0271, 0.0236, 0.0152, 0.0138]","[0.889, 0.164, 0.308, 0.012, 0.047, 0.057, 0.144, 0.057, 0.032, 0.042]",2000,0.16576796770095825,-0.5427706157611621,
29,R0,1890,0.9419794572391855,-0.1337182507856701,0.17096249141700495,-0.023088694153444847,0.018019436191300107,0.04723372581808037,-0.12794077155158895,0.30546921491622925,0.18561914563179016,0.07141470909118652,0.4910883605480194,0.6831727623939514,0.7945883274078369,1,28,74,"[0.3055, 0.1856, 0.0714, 0.0658, 0.0548, 0.0322, 0.0266, 0.0215, 0.017, 0.0141]","[0.942, 0.134, 0.171, 0.073, 0.076, 0.003, 0.005, 0.027, 0.059, 0.078]",2000,0.16694024205207825,-0.6378200024922432,
29,R1,1890,0.9188178764670271,-0.15581324170974808,-0.2483714450742292,-0.026747668800105835,0.06765001270485342,-0.019430528235340225,-0.1085045732520399,0.2889830768108368,0.15246649086475372,0.08951123058795929,0.4414495825767517,0.6456178426742554,0.7776788473129272,1,32,96,"[0.289, 0.1525, 0.0895, 0.0648, 0.0499, 0.0453, 0.0286, 0.0216, 0.0188, 0.0177]","[0.919, 0.156, 0.248, 0.029, 0.069, 0.033, 0.025, 0.09, 0.065, 0.027]",2000,0.16949795186519623,-0.5896804334852135,
29,R2,1890,-0.6271982420150939,-0.7053037868548653,-0.11940071398848853,-0.020025409042987035,0.02788349882321401,-0.17832792938478487,-0.1543801434804354,0.40494129061698914,0.13050729036331177,0.07665059715509415,0.5354485511779785,0.7111186385154724,0.8109481930732727,2,24,59,"[0.4049, 0.1305, 0.0767, 0.0563, 0.0427, 0.0331, 0.0195, 0.0166, 0.0161, 0.0145]","[0.627, 0.705, 0.119, 0.135, 0.043, 0.023, 0.023, 0.076, 0.004, 0.05]",2000,0.12197981774806976,0.1663972378404183,
29,R3,1890,0.04478745448659294,-0.43616031700504204,-0.16863146568358928,0.0015969471373525872,-0.09342602514395433,-0.00031916742680010934,-0.3667890656833953,0.5861253142356873,0.21458783745765686,0.03497549518942833,0.8007131814956665,0.8901379704475403,0.9346514344215393,2,6,14,"[0.5861, 0.2146, 0.035, 0.0322, 0.0222, 0.0148, 0.0092, 0.0079, 0.007, 0.0056]","[0.045, 0.436, 0.169, 0.586, 0.074, 0.177, 0.008, 0.254, 0.099, 0.006]",2000,0.33181625604629517,-0.34570012396277267,
29,R4,1890,-0.17783604734234168,-0.801550148032479,0.7902634910675149,-0.16857996481927418,-0.053116076978598756,0.003109420727196151,-0.2553076348713373,0.817068338394165,0.04561500623822212,0.03845224902033806,0.8626833558082581,0.9375371336936951,0.9680089950561523,3,3,7,"[0.8171, 0.0456, 0.0385, 0.0204, 0.016, 0.0106, 0.0075, 0.0056, 0.0038, 0.003]","[0.178, 0.802, 0.79, 0.098, 0.1, 0.013, 0.428, 0.293, 0.076, 0.005]",2000,0.1196456104516983,-0.01885819659394146,
29,R5,1890,-0.12815822773237048,-0.17291336378912564,0.9291370608448566,0.03439623278244277,-0.02681140125328694,-0.03149108904966311,-0.013052579102137089,0.7780925035476685,0.13322751224040985,0.034016672521829605,0.9113200306892395,0.9607020616531372,0.9780669808387756,2,2,4,"[0.7781, 0.1332, 0.034, 0.0077, 0.0076, 0.0063, 0.0042, 0.0031, 0.0022, 0.0016]","[0.128, 0.173, 0.929, 0.268, 0.241, 0.315, 0.207, 0.04, 0.026, 0.092]",2000,0.1058858186006546,0.10618204579951894,
29,R6,1890,0.07506152371610122,0.27233166453961255,-0.9241665841023274,-0.050393823959959685,-0.01998445806157377,0.023181910898681563,-0.09414151583023117,0.5210211873054504,0.27651336789131165,0.0686512142419815,0.7975345849990845,0.9097363948822021,0.9536097049713135,4,5,10,"[0.521, 0.2765, 0.0687, 0.0277, 0.0159, 0.012, 0.011, 0.0095, 0.0066, 0.0048]","[0.075, 0.272, 0.924, 0.516, 0.272, 0.006, 0.354, 0.427, 0.206, 0.001]",2000,0.15064065158367157,0.08660873604275059,
29,R7,1890,-0.5088697297786438,0.8521546227859566,0.3795102134519848,0.007410624757411074,-0.030708682261175756,-0.05322635369010449,0.030463409248460648,0.4284561276435852,0.1994827836751938,0.10966216027736664,0.6279389262199402,0.8213064670562744,0.9029864072799683,4,10,20,"[0.4285, 0.1995, 0.1097, 0.0533, 0.0304, 0.0241, 0.0199, 0.0153, 0.0132, 0.0092]","[0.509, 0.852, 0.38, 0.028, 0.238, 0.36, 0.134, 0.069, 0.083, 0.031]",2000,0.24017855525016785,0.2441118848336634,
30,T0,1890,0.9495404013685006,0.020177813505584903,-0.09219982538628209,0.013801639229812783,0.07647541386584782,-0.04048480365958061,-0.10340799642843379,0.3855574131011963,0.10245057940483093,0.0724538043141365,0.4880079925060272,0.6440707445144653,0.7687981128692627,1,35,87,"[0.3856, 0.1025, 0.0725, 0.0457, 0.0379, 0.0353, 0.0295, 0.0245, 0.0206, 0.0148]","[0.95, 0.02, 0.092, 0.043, 0.067, 0.077, 0.023, 0.01, 0.105, 0.046]",2000,0.2224452793598175,-0.6559671441346894,
30,T1,1890,0.9326382910426709,-0.009920754557234734,-0.1431814113087494,-0.0155642548034871,0.04316840477416789,0.05126054344580646,-0.07470981865003529,0.4446740448474884,0.13448449969291687,0.0918378233909607,0.5791585445404053,0.7560585737228394,0.8580707311630249,1,16,34,"[0.4447, 0.1345, 0.0918, 0.0441, 0.041, 0.0272, 0.0238, 0.0232, 0.0145, 0.0133]","[0.933, 0.01, 0.143, 0.018, 0.049, 0.057, 0.119, 0.145, 0.033, 0.045]",2000,0.22063596546649933,-0.6529217215268471,
30,T2,1890,0.5251022155805963,0.5236756749123184,0.3103204488247499,0.13075039806071856,0.04777379487022766,-0.05909178413506195,0.2149580892655564,0.3605197072029114,0.23648887872695923,0.08356750011444092,0.5970085859298706,0.7600767612457275,0.8509642481803894,3,17,36,"[0.3605, 0.2365, 0.0836, 0.0439, 0.0356, 0.0272, 0.0207, 0.0173, 0.0133, 0.0125]","[0.525, 0.524, 0.31, 0.085, 0.033, 0.149, 0.154, 0.161, 0.032, 0.024]",2000,0.24183130264282227,-0.5022441228850867,
30,T3,1890,0.939268458845659,0.007174182557990336,0.16087433436588416,-0.02881356038759681,0.047856754329006004,0.03969312016398264,-0.11514390864297995,0.2817175090312958,0.16886688768863678,0.08854195475578308,0.45058441162109375,0.6608860492706299,0.7817561030387878,1,31,74,"[0.2817, 0.1689, 0.0885, 0.0734, 0.0484, 0.0354, 0.0279, 0.0222, 0.0201, 0.0153]","[0.939, 0.007, 0.161, 0.03, 0.035, 0.054, 0.138, 0.073, 0.005, 0.069]",2000,0.18446460366249084,-0.6416501995776254,
30,T4,1890,0.966329484021903,0.02762107681021488,-0.018387866669670242,-0.019370840025278915,0.054641925938887184,-0.0034470125620603875,-0.08372712065712996,0.43193480372428894,0.17806150019168854,0.061708271503448486,0.6099963188171387,0.7520822882652283,0.8574195504188538,1,16,34,"[0.4319, 0.1781, 0.0617, 0.0486, 0.0317, 0.0285, 0.0249, 0.0207, 0.0167, 0.0146]","[0.966, 0.028, 0.018, 0.05, 0.081, 0.072, 0.073, 0.095, 0.048, 0.047]",2000,0.25737464427948,-0.679253883978849,
30,T5,1890,-0.9172443373065565,0.08056983922584983,0.2659694814400591,0.047770334355829835,-0.06779914363658655,-0.0021198800623480557,0.14043296572524763,0.21260610222816467,0.13870324194431305,0.10081445425748825,0.3513093590736389,0.5664520263671875,0.6918625235557556,1,82,272,"[0.2126, 0.1387, 0.1008, 0.061, 0.0534, 0.0331, 0.0272, 0.0253, 0.0211, 0.0186]","[0.917, 0.081, 0.266, 0.044, 0.001, 0.088, 0.105, 0.064, 0.07, 0.001]",2000,0.15903498232364655,0.6029416073346809,
30,T6,1890,0.916117174471625,-0.2209679859319434,0.07135143922208004,0.08759001789804695,0.2060673518970963,-0.05580971860244108,0.0599970949174814,0.2564561665058136,0.14805084466934204,0.09624595940113068,0.40450701117515564,0.6111891269683838,0.7305905222892761,1,48,135,"[0.2565, 0.1481, 0.0962, 0.0558, 0.0546, 0.0389, 0.0247, 0.0203, 0.0191, 0.0164]","[0.916, 0.221, 0.071, 0.015, 0.136, 0.023, 0.056, 0.055, 0.157, 0.042]",2000,0.1784619390964508,-0.5937684247864641,
30,T7,1890,-0.9115429880595051,0.051597155165661455,-0.2879045955666046,0.06836863730255395,0.016917333534398858,-0.05181737312942616,0.13653379236239585,0.2160457819700241,0.125003844499588,0.10567105561494827,0.3410496115684509,0.5501692295074463,0.6741327047348022,1,92,275,"[0.216, 0.125, 0.1057, 0.0598, 0.0437, 0.0388, 0.0248, 0.0233, 0.0191, 0.018]","[0.912, 0.052, 0.288, 0.038, 0.078, 0.054, 0.079, 0.068, 0.008, 0.036]",2000,0.1450623720884323,0.5631414191190215,
30,T8,1890,0.9178492119305711,0.11043539342609375,-0.21535430817222737,-0.014237041241591758,0.0882670267252691,-0.03948174516846346,-0.06123941169181233,0.3370051980018616,0.16877219080924988,0.0925525426864624,0.5057773590087891,0.6943528056144714,0.8120852708816528,1,26,66,"[0.337, 0.1688, 0.0926, 0.0557, 0.0404, 0.0387, 0.0268, 0.0216, 0.0159, 0.0148]","[0.918, 0.11, 0.215, 0.124, 0.073, 0.112, 0.067, 0.045, 0.046, 0.052]",2000,0.18963518738746643,-0.5908116706712572,
30,R0,1890,0.949953067443765,-0.09178889454091613,0.16730294931586012,-0.017229883044092065,0.03477746435832126,0.023823560792644197,-0.12363000011978749,0.3027847409248352,0.180496945977211,0.07511059939861298,0.483281672000885,0.6724221706390381,0.7902278304100037,1,29,80,"[0.3028, 0.1805, 0.0751, 0.0629, 0.0511, 0.034, 0.0288, 0.0228, 0.0165, 0.0157]","[0.95, 0.092, 0.167, 0.039, 0.02, 0.056, 0.045, 0.003, 0.059, 0.078]",2000,0.17494504153728485,-0.642638770116772,
30,R1,1890,0.9373997033233095,-0.11408380347654665,-0.15631333116544277,-0.02285722582060325,0.06372419161510483,-0.026788401962263435,-0.12428135984816784,0.29191455245018005,0.1472846418619156,0.09024174511432648,0.43919920921325684,0.6544793248176575,0.7852297425270081,1,31,92,"[0.2919, 0.1473, 0.0902, 0.0671, 0.058, 0.0444, 0.0285, 0.0231, 0.0182, 0.0166]","[0.937, 0.114, 0.156, 0.107, 0.022, 0.057, 0.144, 0.102, 0.029, 0.078]",2000,0.18587008118629456,-0.6201606799705929,
30,R2,1890,-0.5891450907638355,-0.7441366772502115,-0.07929412897430195,-0.030323040560431287,0.01480381915678284,-0.19285901095239125,-0.17241511707749888,0.42122551798820496,0.13636639714241028,0.07055649906396866,0.5575919151306152,0.7186400294303894,0.8157874941825867,2,24,60,"[0.4212, 0.1364, 0.0706, 0.0498, 0.0407, 0.0329, 0.0185, 0.0159, 0.0158, 0.0139]","[0.589, 0.744, 0.079, 0.141, 0.039, 0.019, 0.028, 0.077, 0.025, 0.075]",2000,0.12609873712062836,0.14135805775433033,
30,R3,1890,0.05604203838347895,0.41811159191845193,0.44818711997737715,0.0092445599629653,0.0793260285837632,0.06643485465805823,0.31859150871163366,0.5745257139205933,0.24313275516033173,0.03240823373198509,0.8176584839820862,0.8985812664031982,0.9397393465042114,3,6,13,"[0.5745, 0.2431, 0.0324, 0.0286, 0.0199, 0.0134, 0.0085, 0.0082, 0.006, 0.005]","[0.056, 0.418, 0.448, 0.38, 0.102, 0.122, 0.041, 0.256, 0.024, 0.14]",2000,0.3578183054924011,0.22095799378111225,
30,R4,1890,-0.16314429462244442,0.7906451361686371,-0.13408296596212,-0.12377273681997102,-0.07220211115423816,-0.0077619434702078174,-0.2888737725741678,0.7814788818359375,0.061607956886291504,0.03905291482806206,0.843086838722229,0.9248023629188538,0.9645736217498779,3,4,7,"[0.7815, 0.0616, 0.0391, 0.0251, 0.0176, 0.0162, 0.0097, 0.0065, 0.0041, 0.0034]","[0.163, 0.791, 0.134, 0.339, 0.136, 0.377, 0.053, 0.282, 0.148, 0.06]",2000,0.15788349509239197,-0.07250032976759331,
30,R5,1890,-0.12004536929233747,0.4050428024635547,0.9357133127616357,0.040855600416742154,-0.019771585021235973,-0.041758747504869215,-0.04713219272980733,0.7576777338981628,0.14257532358169556,0.03740645572543144,0.9002530574798584,0.9548555016517639,0.9747246503829956,3,2,5,"[0.7577, 0.1426, 0.0374, 0.0088, 0.0084, 0.0068, 0.0053, 0.0032, 0.0026, 0.0019]","[0.12, 0.405, 0.936, 0.236, 0.018, 0.309, 0.191, 0.025, 0.025, 0.073]",2000,0.10631871223449707,0.08378383399224396,
30,R6,1890,-0.009268219298876912,0.021666428699422063,-0.941655215920103,-0.02670733067778393,-0.007987499362742406,0.03929684712649872,-0.08656804712372526,0.49469950795173645,0.2758404612541199,0.07244832068681717,0.7705399990081787,0.8952585458755493,0.94766765832901,2,6,11,"[0.4947, 0.2758, 0.0724, 0.0348, 0.0174, 0.0148, 0.0136, 0.0116, 0.0068, 0.0057]","[0.009, 0.022, 0.942, 0.708, 0.128, 0.258, 0.264, 0.251, 0.151, 0.06]",2000,0.1430361270904541,0.1315556466282481,
30,R7,1890,-0.49042553111130077,-0.7702754280191627,0.4030958542904936,0.011666644229218948,-0.027663717746935983,-0.07352792211380221,0.03033285997091376,0.3974439203739166,0.2581122815608978,0.08260699361562729,0.6555562019348145,0.8296518325805664,0.9092113375663757,4,9,19,"[0.3974, 0.2581, 0.0826, 0.0496, 0.0418, 0.023, 0.0203, 0.0153, 0.0122, 0.0088]","[0.49, 0.77, 0.403, 0.396, 0.091, 0.003, 0.289, 0.137, 0.13, 0.072]",2000,0.32961007952690125,0.2260748320639555,
31,T0,1890,0.9454900955889529,0.10390818796445662,-0.07553291108596412,0.013212818414680357,0.1000148925475759,-0.07329882755579395,-0.10844131003246733,0.41998258233070374,0.10300873219966888,0.07231206446886063,0.5229912996292114,0.6772454380989075,0.7866442799568176,1,31,79,"[0.42, 0.103, 0.0723, 0.047, 0.0349, 0.0311, 0.0247, 0.0203, 0.0194, 0.014]","[0.945, 0.104, 0.076, 0.075, 0.024, 0.124, 0.012, 0.045, 0.079, 0.016]",2000,0.2450180947780609,-0.6485310757774936,
31,T1,1890,-0.9246962735035487,-0.07388040835415889,-0.10614638342828821,0.022685594934260245,-0.02990920205590628,0.0022704583918590595,0.0830531123696829,0.4984724521636963,0.12220470607280731,0.07221495360136032,0.6206771731376648,0.7787389755249023,0.8734297156333923,1,14,30,"[0.4985, 0.1222, 0.0722, 0.0465, 0.0393, 0.0267, 0.0223, 0.0203, 0.0136, 0.0117]","[0.925, 0.074, 0.106, 0.117, 0.01, 0.04, 0.039, 0.108, 0.001, 0.089]",2000,0.22474223375320435,0.6530929840753145,
31,T2,1890,-0.5014305309155126,0.5644193548623386,0.3152243147979465,-0.14538155841841596,-0.053504808946365126,0.08796062754397223,-0.20483240290160618,0.3445298671722412,0.25190961360931396,0.0858544111251831,0.5964394807815552,0.759647011756897,0.8507462739944458,3,17,37,"[0.3445, 0.2519, 0.0859, 0.0419, 0.0354, 0.0263, 0.0186, 0.0178, 0.0153, 0.0131]","[0.501, 0.564, 0.315, 0.105, 0.058, 0.144, 0.196, 0.055, 0.078, 0.044]",2000,0.23441074788570404,0.49349602534443615,
31,T3,1890,-0.9412645232950743,0.02174240744108223,0.12170583304058555,0.017151986369955012,-0.05695742956631959,0.007039900972519374,0.14800329116171176,0.32445698976516724,0.16361074149608612,0.07864050567150116,0.48806774616241455,0.6758729219436646,0.7933261394500732,1,29,70,"[0.3245, 0.1636, 0.0786, 0.0628, 0.0463, 0.037, 0.0285, 0.0211, 0.0175, 0.0134]","[0.941, 0.022, 0.122, 0.024, 0.088, 0.049, 0.122, 0.048, 0.001, 0.079]",2000,0.2065250724554062,0.666877734726478,
31,T4,1890,0.9512180158315839,-0.03318348412390951,0.010186591044442257,-0.027683130115176216,0.04806013946622917,-0.038962857391873766,-0.13128188862330464,0.4926416575908661,0.1545199304819107,0.05366527661681175,0.647161602973938,0.7780784368515015,0.8710392713546753,1,14,31,"[0.4926, 0.1545, 0.0537, 0.0461, 0.0312, 0.0238, 0.0211, 0.0193, 0.0149, 0.0138]","[0.951, 0.033, 0.01, 0.015, 0.096, 0.035, 0.131, 0.096, 0.033, 0.024]",2000,0.26554858684539795,-0.6858676306077398,
31,T5,1890,-0.9363993931219112,-0.02005027398990155,0.2093417469339513,0.011964703985811058,-0.08206945316403988,0.04472591356729475,0.1249658213612589,0.24124431610107422,0.13797074556350708,0.09015499800443649,0.3792150616645813,0.5777491331100464,0.7038353085517883,1,77,256,"[0.2412, 0.138, 0.0902, 0.0564, 0.052, 0.0377, 0.0277, 0.0233, 0.0194, 0.018]","[0.936, 0.02, 0.209, 0.034, 0.078, 0.031, 0.05, 0.13, 0.033, 0.016]",2000,0.18120624125003815,0.6266184175830121,
31,T6,1890,0.9024158924464295,-0.25401657925855886,0.09784774583876445,0.08685592382125673,0.22122424927905507,-0.06174277354680012,0.08328521762597395,0.2589348554611206,0.14922647178173065,0.09546748548746109,0.40816134214401245,0.6122734546661377,0.7328795790672302,1,48,137,"[0.2589, 0.1492, 0.0955, 0.0567, 0.0519, 0.0406, 0.0243, 0.0203, 0.0187, 0.0167]","[0.902, 0.254, 0.098, 0.092, 0.099, 0.03, 0.059, 0.046, 0.139, 0.055]",2000,0.17989276349544525,-0.5890379934477521,
31,T7,1890,0.9357339574460414,0.07610981828589235,-0.2063060046499597,-0.06111014452203079,-0.022780442796590285,0.049413691326057704,-0.11111449885605347,0.22430884838104248,0.12474748492240906,0.10546231269836426,0.34905633330345154,0.5557076930999756,0.6777986884117126,1,92,272,"[0.2243, 0.1247, 0.1055, 0.0554, 0.0458, 0.0388, 0.0252, 0.022, 0.0185, 0.0177]","[0.936, 0.076, 0.206, 0.05, 0.054, 0.019, 0.119, 0.029, 0.011, 0.03]",2000,0.1477755308151245,-0.5856676994939588,
31,T8,1890,0.9355843350002891,0.047176501384298686,-0.1444973577835725,-0.03019051361253909,0.06040263211733749,-0.06404578012392026,-0.10976884400586678,0.3781448304653168,0.1532791405916214,0.08953102678060532,0.5314239859580994,0.7145169377326965,0.825535774230957,1,24,61,"[0.3781, 0.1533, 0.0895, 0.055, 0.0386, 0.0343, 0.0268, 0.0209, 0.0146, 0.0144]","[0.936, 0.047, 0.144, 0.098, 0.073, 0.135, 0.014, 0.024, 0.012, 0.093]",2000,0.2149466872215271,-0.6279945629724613,
31,R0,1890,0.9484563488239516,-0.10009234690081309,0.10135333522497506,-0.027965620896509443,0.02054125098658355,-0.01701167039099316,-0.14143124873155857,0.35446685552597046,0.1637202650308609,0.07907191663980484,0.5181871056556702,0.6943548917770386,0.808752715587616,1,26,71,"[0.3545, 0.1637, 0.0791, 0.0553, 0.0418, 0.0333, 0.0293, 0.0218, 0.0167, 0.0133]","[0.948, 0.1, 0.101, 0.011, 0.017, 0.108, 0.071, 0.05, 0.027, 0.058]",2000,0.18944013118743896,-0.6618773955595069,
31,R1,1890,0.947386940823364,0.028790551537147623,-0.08096303156667538,-0.030818640226228003,0.022582733270253126,-0.058057132702139025,-0.14778937266914455,0.4055466055870056,0.1278109848499298,0.07410091906785965,0.5333576202392578,0.7126284241676331,0.8203169107437134,1,23,62,"[0.4055, 0.1278, 0.0741, 0.0592, 0.046, 0.0342, 0.028, 0.0184, 0.0144, 0.0126]","[0.947, 0.029, 0.081, 0.069, 0.01, 0.147, 0.031, 0.061, 0.076, 0.113]",2000,0.2108231782913208,-0.6632606467002083,
31,R2,1890,-0.6566446344831235,-0.6896657203974327,-0.061111642235868874,-0.02887587354108291,0.007443671258303979,-0.180514874254834,-0.13827012335312713,0.40918904542922974,0.16943347454071045,0.06591631472110748,0.5786225199699402,0.7292852997779846,0.8214397430419922,2,23,58,"[0.4092, 0.1694, 0.0659, 0.0454, 0.0394, 0.0293, 0.02, 0.0158, 0.0145, 0.0126]","[0.657, 0.69, 0.061, 0.12, 0.017, 0.019, 0.091, 0.083, 0.001, 0.096]",2000,0.14415721595287323,0.21264154742755792,
31,R3,1890,-0.127093271161446,-0.5603571789704783,-0.6494158404727458,0.005467647634302962,-0.07905041783931178,-0.06859260222482713,-0.21607202556933736,0.5840998291969299,0.21587850153446198,0.040086984634399414,0.7999783158302307,0.8910080790519714,0.9359297156333923,2,6,14,"[0.5841, 0.2159, 0.0401, 0.03, 0.021, 0.0144, 0.0107, 0.0083, 0.0063, 0.0052]","[0.127, 0.56, 0.649, 0.183, 0.134, 0.062, 0.133, 0.016, 0.124, 0.125]",2000,0.32875916361808777,-0.112732378153263,
31,R4,1890,0.18569762127629746,0.8237207581240806,-0.24690523476246123,0.12256681667225659,0.08908285263549535,0.0037787707434822782,0.2738565243935503,0.7565996050834656,0.06962805986404419,0.043792229145765305,0.8262276649475098,0.9206210374832153,0.9632396101951599,3,4,8,"[0.7566, 0.0696, 0.0438, 0.0319, 0.0187, 0.017, 0.0096, 0.0083, 0.0044, 0.0033]","[0.186, 0.824, 0.247, 0.428, 0.317, 0.014, 0.018, 0.221, 0.095, 0.065]",2000,0.15940390527248383,0.06352126275033783,
31,R5,1890,0.14146034237333224,0.7018013707125278,-0.9377779852902376,-0.04167189572879216,0.029640032430911102,0.03825028063655142,0.040184215879896346,0.7302263379096985,0.1536514014005661,0.045972563326358795,0.8838777542114258,0.9492762088775635,0.9718146920204163,2,3,6,"[0.7302, 0.1537, 0.046, 0.0105, 0.009, 0.0075, 0.0059, 0.0037, 0.0031, 0.0023]","[0.141, 0.702, 0.938, 0.259, 0.108, 0.266, 0.079, 0.015, 0.028, 0.05]",2000,0.10999057441949844,-0.10693730505335881,
31,R6,1890,-0.051439930096121966,0.2292523408978655,0.9451082769988858,-0.03565847608522786,-0.001435215511819302,0.07953646676957991,-0.10697906765481426,0.4577994644641876,0.27565810084342957,0.09130871295928955,0.7334575653076172,0.8843014240264893,0.9447550773620605,2,6,12,"[0.4578, 0.2757, 0.0913, 0.0393, 0.0203, 0.0179, 0.0162, 0.0118, 0.0081, 0.0065]","[0.051, 0.229, 0.945, 0.656, 0.227, 0.272, 0.176, 0.221, 0.063, 0.01]",2000,0.1544044315814972,0.15182505644422856,
31,R7,1890,0.49922953634170397,0.7132105334924985,0.22788143370774264,-0.011449383199592805,0.01610125084563436,0.05556998993802098,-0.0339044078932532,0.3765489161014557,0.26784297823905945,0.08778905123472214,0.6443918943405151,0.8276031017303467,0.9107459783554077,3,9,19,"[0.3765, 0.2678, 0.0878, 0.0558, 0.0396, 0.0242, 0.0213, 0.0159, 0.0128, 0.0088]","[0.499, 0.713, 0.228, 0.361, 0.157, 0.017, 0.28, 0.005, 0.066, 0.027]",2000,0.33382049202919006,-0.22923155962253136,
32,T0,1890,0.9439936240989865,0.10342818119551271,-0.05958319255619183,0.0244030085376523,0.11893818749946126,-0.08227756432151744,-0.10606701810693785,0.41396674513816833,0.113242968916893,0.06549256294965744,0.5272096991539001,0.6758941411972046,0.7872769236564636,1,32,82,"[0.414, 0.1132, 0.0655, 0.0473, 0.0359, 0.0311, 0.0265, 0.0206, 0.0187, 0.0145]","[0.944, 0.103, 0.06, 0.061, 0.021, 0.129, 0.031, 0.066, 0.058, 0.038]",2000,0.2418416291475296,-0.6564911990370093,
32,T1,1890,-0.9192805190005916,0.12794450739733487,-0.0746471651526342,0.006772165413940134,-0.031118120404667556,0.038414904733204,0.08443878406843656,0.5373789072036743,0.11267074197530746,0.06437542289495468,0.65004962682724,0.7903284430503845,0.8763649463653564,1,14,30,"[0.5374, 0.1127, 0.0644, 0.0412, 0.0347, 0.024, 0.0205, 0.0177, 0.0129, 0.011]","[0.919, 0.128, 0.075, 0.126, 0.02, 0.005, 0.019, 0.135, 0.036, 0.083]",2000,0.21469824016094208,0.6398971700808606,
32,T2,1890,0.617127754619671,0.4127145742004483,0.32487811286536455,0.11886004912518637,0.04867276875112944,-0.03013567541671642,0.14785739066008746,0.30766063928604126,0.22755661606788635,0.08484920859336853,0.53521728515625,0.7072152495384216,0.8116010427474976,3,23,52,"[0.3077, 0.2276, 0.0848, 0.0472, 0.0399, 0.0324, 0.0235, 0.019, 0.0159, 0.0136]","[0.617, 0.413, 0.325, 0.043, 0.168, 0.162, 0.043, 0.051, 0.159, 0.009]",2000,0.2283785045146942,-0.5858607060485798,
32,T3,1890,-0.9453298764065935,-0.001666875722278872,0.11776892398663598,0.009229184198935477,-0.0763828156670265,0.01932208626648125,0.13836791948871507,0.3274303674697876,0.16694538295269012,0.0772767961025238,0.4943757653236389,0.6788042783737183,0.7944796085357666,1,29,72,"[0.3274, 0.1669, 0.0773, 0.0614, 0.0457, 0.0369, 0.0281, 0.0204, 0.0168, 0.0135]","[0.945, 0.002, 0.118, 0.002, 0.079, 0.055, 0.108, 0.031, 0.016, 0.065]",2000,0.20808584988117218,0.6630710513991074,
32,T4,1890,-0.9336780712589335,-0.06386976491854333,0.025266499069255138,0.02610588734284565,-0.04181503793707444,0.0747089687704542,0.1516927577358851,0.45694756507873535,0.1516284942626953,0.08601545542478561,0.6085760593414307,0.7756390571594238,0.8637718558311462,1,15,32,"[0.4569, 0.1516, 0.086, 0.051, 0.0301, 0.0235, 0.0199, 0.0176, 0.015, 0.0123]","[0.934, 0.064, 0.025, 0.011, 0.078, 0.096, 0.019, 0.086, 0.016, 0.012]",2000,0.2561112344264984,0.6931426506692987,
32,T5,1890,0.9387722793099844,-0.04647364919085101,0.1745458745511026,0.011271722783393077,0.11257370111548293,-0.07418095362040796,-0.10637574790320081,0.25174978375434875,0.13991320133209229,0.09325071424245834,0.39166298508644104,0.590934157371521,0.711675763130188,1,77,261,"[0.2517, 0.1399, 0.0933, 0.0555, 0.0505, 0.0387, 0.026, 0.0222, 0.0173, 0.0165]","[0.939, 0.046, 0.175, 0.001, 0.111, 0.013, 0.07, 0.105, 0.052, 0.027]",2000,0.1843007206916809,-0.6287294236377474,
32,T6,1890,0.9218811721869012,-0.19968414382532182,0.09414430789817556,0.0857892038082428,0.21101061955269382,-0.0876298254630559,0.026790272006680778,0.27958449721336365,0.1464269906282425,0.09012455493211746,0.42601150274276733,0.6224299669265747,0.7464039921760559,1,45,126,"[0.2796, 0.1464, 0.0901, 0.058, 0.0483, 0.0435, 0.0243, 0.0211, 0.0187, 0.0164]","[0.922, 0.2, 0.094, 0.056, 0.083, 0.003, 0.099, 0.026, 0.122, 0.083]",2000,0.19012762606143951,-0.6152197330878918,
32,T7,1890,0.93236267374676,-0.1313293868241232,-0.19693188986545582,-0.049344956247062796,0.015058958982513049,0.020225744934724486,-0.11485408350480968,0.24254252016544342,0.11918898671865463,0.10188326239585876,0.36173149943351746,0.5677837133407593,0.6898887157440186,1,83,246,"[0.2425, 0.1192, 0.1019, 0.0575, 0.0467, 0.0397, 0.025, 0.021, 0.0188, 0.0176]","[0.932, 0.131, 0.197, 0.006, 0.07, 0.034, 0.124, 0.052, 0.081, 0.012]",2000,0.15302899479866028,-0.5878587951140389,
32,T8,1890,0.9306690018621347,0.07761844728784865,-0.16014811536241666,-0.007877515833160736,0.08287441455051188,-0.08583432416469629,-0.10626207763792211,0.3985512852668762,0.1442107856273651,0.09439554810523987,0.542762041091919,0.7254419922828674,0.8311635851860046,1,22,59,"[0.3986, 0.1442, 0.0944, 0.0521, 0.0361, 0.0315, 0.0263, 0.019, 0.0151, 0.0138]","[0.931, 0.078, 0.16, 0.117, 0.008, 0.154, 0.035, 0.031, 0.042, 0.104]",2000,0.22104957699775696,-0.6187396188533121,
32,R0,1890,0.9504482528888636,-0.0670494629070402,0.10438333420216638,-0.00014731531414101091,0.034380362957762034,-0.04998444798724852,-0.1437669597646101,0.3730711340904236,0.14899569749832153,0.08513635396957397,0.5220668315887451,0.7018870711326599,0.8147903680801392,1,25,69,"[0.3731, 0.149, 0.0851, 0.0535, 0.0412, 0.0331, 0.0287, 0.0212, 0.0169, 0.0131]","[0.95, 0.067, 0.104, 0.011, 0.034, 0.003, 0.166, 0.013, 0.068, 0.021]",2000,0.202442929148674,-0.6624136122098624,
32,R1,1890,-0.9348170422101109,-0.04301206799522618,-0.01274995415120794,0.0008735899679402484,-0.04104925925511657,0.09966528366316511,0.17264621724865678,0.4420231580734253,0.11931121349334717,0.07532135397195816,0.5613343715667725,0.7313222885131836,0.8401474356651306,1,19,47,"[0.442, 0.1193, 0.0753, 0.0567, 0.038, 0.0322, 0.0278, 0.0209, 0.0149, 0.0131]","[0.935, 0.043, 0.013, 0.063, 0.062, 0.143, 0.161, 0.066, 0.084, 0.007]",2000,0.23556265234947205,0.6739226379701064,
32,R2,1890,-0.6411790043354574,-0.6990056842742398,-0.012230119431947146,-0.039479417355169376,-0.011178102200060382,-0.17732936655449527,-0.1477006803101073,0.44419023394584656,0.16578711569309235,0.06043897569179535,0.6099773645401001,0.7492820024490356,0.835399329662323,2,22,56,"[0.4442, 0.1658, 0.0604, 0.0441, 0.0348, 0.0277, 0.0185, 0.0151, 0.0132, 0.0115]","[0.641, 0.699, 0.012, 0.138, 0.065, 0.022, 0.153, 0.093, 0.019, 0.044]",2000,0.143763929605484,0.20458862864858188,
32,R3,1890,0.3307237976037699,-0.40731561474439915,-0.14635830931276525,0.10265582543062375,0.06532297372286575,0.12422341602277748,-0.10414691698989278,0.47327128052711487,0.27713432908058167,0.04288740083575249,0.7504056096076965,0.8521266579627991,0.910907506942749,4,9,20,"[0.4733, 0.2771, 0.0429, 0.0316, 0.0272, 0.0183, 0.0147, 0.0109, 0.0083, 0.0067]","[0.331, 0.407, 0.146, 0.58, 0.363, 0.012, 0.043, 0.102, 0.004, 0.023]",2000,0.39814233779907227,-0.2631506816690059,
32,R4,1890,-0.032232196296296124,-0.5507272949739034,-0.4136837104436458,-0.07832133152972597,-0.10263149113493308,0.08465470757501274,-0.2659066704515168,0.7093492746353149,0.09681861847639084,0.04432664439082146,0.8061679005622864,0.909220814704895,0.9584425091743469,3,5,9,"[0.7093, 0.0968, 0.0443, 0.0351, 0.0236, 0.0195, 0.0107, 0.0104, 0.0046, 0.004]","[0.032, 0.551, 0.414, 0.605, 0.153, 0.175, 0.224, 0.012, 0.067, 0.043]",2000,0.19614636898040771,-0.2104700343130197,
32,R5,1890,0.13287742936372562,0.31996779517889484,-0.9461981369042456,-0.05965516584385429,0.04260253571045067,0.05803367607469493,0.07157299759127313,0.7358207702636719,0.14868593215942383,0.04880043491721153,0.8845067024230957,0.9518420100212097,0.9725807309150696,2,3,5,"[0.7358, 0.1487, 0.0488, 0.0101, 0.0084, 0.0071, 0.0046, 0.0039, 0.0033, 0.0019]","[0.133, 0.32, 0.946, 0.235, 0.185, 0.182, 0.101, 0.068, 0.001, 0.052]",2000,0.1022721529006958,-0.07238429431618762,
32,R6,1890,0.1958106390605199,0.1496610562450901,-0.9449672245533288,0.024261075069345717,0.06852772180583029,0.02469054935705783,-0.13661412982428725,0.4145502746105194,0.29594019055366516,0.11295891553163528,0.7104904651641846,0.8825421929359436,0.9445516467094421,1,6,12,"[0.4146, 0.2959, 0.113, 0.0392, 0.0199, 0.0177, 0.0174, 0.0125, 0.008, 0.0064]","[0.196, 0.15, 0.945, 0.112, 0.209, 0.181, 0.188, 0.088, 0.057, 0.085]",2000,0.15365007519721985,-0.022506100877666337,
32,R7,1890,0.7532687264765311,0.39150872302236844,-0.15962520341904615,0.005901336893560354,-0.0026473889696527414,0.012180394316539648,-0.20635894323782608,0.3892401456832886,0.23473872244358063,0.07108395546674728,0.623978853225708,0.8039041757583618,0.8987917304039001,3,11,21,"[0.3892, 0.2347, 0.0711, 0.0662, 0.0426, 0.033, 0.0258, 0.014, 0.0126, 0.0096]","[0.753, 0.392, 0.16, 0.364, 0.225, 0.079, 0.053, 0.173, 0.025, 0.023]",2000,0.35929566621780396,-0.5654569052743041,
33,T0,1890,0.9454368527294127,0.01437849722242235,-0.008365044002114798,0.03917894449926838,0.13011200371035392,-0.08361445102829512,-0.11298405275440673,0.41136959195137024,0.11132698506116867,0.07440103590488434,0.5226965546607971,0.6821609139442444,0.7919790744781494,1,31,78,"[0.4114, 0.1113, 0.0744, 0.0451, 0.04, 0.032, 0.0264, 0.0206, 0.0156, 0.0153]","[0.945, 0.014, 0.008, 0.082, 0.055, 0.119, 0.127, 0.02, 0.084, 0.022]",2000,0.24177482724189758,-0.6665313108783609,
33,T1,1890,0.9048196203206661,-0.16616889038634,0.04669461695349261,0.0016222787290144883,0.050367249362496286,-0.06239534922270392,-0.10791531743229867,0.5367225408554077,0.11500928550958633,0.05770130828022957,0.6517318487167358,0.7875661849975586,0.8729638457298279,1,14,31,"[0.5367, 0.115, 0.0577, 0.0429, 0.0353, 0.0248, 0.0182, 0.0168, 0.0138, 0.0117]","[0.905, 0.166, 0.047, 0.127, 0.001, 0.057, 0.111, 0.078, 0.092, 0.068]",2000,0.20890545845031738,-0.6457198822308716,
33,T2,1890,0.82210658888307,0.22809959794406756,0.3533768766269943,0.008186594181868798,0.012929507513812074,0.08278977121509887,-0.06917776787908435,0.2803261876106262,0.22748129069805145,0.08727752417325974,0.5078074932098389,0.6920568943023682,0.799109935760498,2,26,58,"[0.2803, 0.2275, 0.0873, 0.0568, 0.0402, 0.0335, 0.0242, 0.0185, 0.0166, 0.0142]","[0.822, 0.228, 0.353, 0.109, 0.241, 0.113, 0.001, 0.105, 0.105, 0.007]",2000,0.21858146786689758,-0.7141577151244425,
33,T3,1890,0.9326429971533122,-0.0022104181461374446,0.017674355838955026,0.01674302316087149,0.13096432738734795,-0.0718829415513157,-0.1501307462995447,0.3318026661872864,0.16637226939201355,0.07875131070613861,0.4981749355792999,0.6870173215866089,0.803087055683136,1,27,65,"[0.3318, 0.1664, 0.0788, 0.0559, 0.0542, 0.04, 0.028, 0.0188, 0.0159, 0.0134]","[0.933, 0.002, 0.018, 0.126, 0.127, 0.027, 0.114, 0.027, 0.128, 0.089]",2000,0.20876778662204742,-0.6749854662708868,
33,T4,1890,0.9208920383088441,-0.0727612745882956,-0.015759176254229484,-0.02310482014362139,0.05823501711634497,-0.08301179027775613,-0.17943183904316498,0.44803759455680847,0.15242226421833038,0.07660950720310211,0.6004598736763,0.7666998505592346,0.8565289378166199,1,16,34,"[0.448, 0.1524, 0.0766, 0.0537, 0.0359, 0.0243, 0.02, 0.0175, 0.0153, 0.0128]","[0.921, 0.073, 0.016, 0.012, 0.076, 0.135, 0.001, 0.075, 0.077, 0.079]",2000,0.2531200349330902,-0.6967951694430329,
33,T5,1890,0.9340529126456432,-0.07867076870539105,0.10175645117333458,0.04021085521406595,0.1583457880861456,-0.09162908311172112,-0.1270478286226406,0.2552396357059479,0.13117551803588867,0.1019805446267128,0.38641515374183655,0.5929079055786133,0.7174228429794312,1,65,214,"[0.2552, 0.1312, 0.102, 0.0538, 0.0507, 0.0397, 0.0285, 0.0229, 0.0172, 0.0163]","[0.934, 0.079, 0.102, 0.139, 0.093, 0.036, 0.04, 0.12, 0.047, 0.039]",2000,0.18629054725170135,-0.6546369362577418,
33,T6,1890,0.9251321540765368,-0.16390733631665036,0.03037439101295984,0.08124491299495655,0.21376115861959025,-0.1201134476981629,-0.00879853238260617,0.2636508047580719,0.14828644692897797,0.08985379338264465,0.41193723678588867,0.6171215176582336,0.7458174228668213,1,46,125,"[0.2637, 0.1483, 0.0899, 0.0614, 0.0539, 0.0447, 0.0255, 0.022, 0.0193, 0.0171]","[0.925, 0.164, 0.03, 0.056, 0.057, 0.096, 0.172, 0.008, 0.084, 0.112]",2000,0.17973630130290985,-0.6245203489892587,
33,T7,1890,-0.9430050065316519,-0.014002010151722241,0.15393306593036926,0.03609939643076059,-0.04890002677087943,-0.03631244762529943,0.14954025208960667,0.261004775762558,0.113260418176651,0.09475217759609222,0.374265193939209,0.5734754800796509,0.6937190294265747,1,79,233,"[0.261, 0.1133, 0.0948, 0.0553, 0.0491, 0.0392, 0.0251, 0.0195, 0.0191, 0.0173]","[0.943, 0.014, 0.154, 0.045, 0.091, 0.035, 0.076, 0.06, 0.045, 0.078]",2000,0.16427671909332275,0.6405441682642037,
33,T8,1890,-0.9257498982818436,0.007728983241844641,-0.0986118824386496,0.014544462635703137,-0.08374374213877657,0.11077857360620122,0.14580429926699434,0.4123173654079437,0.1364431232213974,0.07849391549825668,0.5487604737281799,0.7244424819946289,0.8272174000740051,1,24,62,"[0.4123, 0.1364, 0.0785, 0.0599, 0.0373, 0.0313, 0.0258, 0.0175, 0.0157, 0.0124]","[0.926, 0.008, 0.099, 0.151, 0.077, 0.14, 0.106, 0.03, 0.114, 0.117]",2000,0.22705695033073425,0.6412871784747542,
33,R0,1890,0.9407751362824804,-0.06750996019573559,-0.10887523588889315,0.009961611793721022,0.04188042688434913,-0.06344036267976884,-0.15186996821697363,0.38443490862846375,0.12742723524570465,0.08468925207853317,0.5118621587753296,0.6941877007484436,0.8077313303947449,1,27,77,"[0.3844, 0.1274, 0.0847, 0.0583, 0.0393, 0.0313, 0.0303, 0.0205, 0.0182, 0.0133]","[0.941, 0.068, 0.109, 0.043, 0.092, 0.018, 0.177, 0.008, 0.071, 0.019]",2000,0.20647580921649933,-0.6534654059257594,
33,R1,1890,-0.9275391872219588,-0.05419765789060017,-0.05297595882663761,0.0032647176786672716,-0.05173417996414862,0.1216566903167686,0.1677323515255783,0.43655985593795776,0.12309818714857101,0.06642990559339523,0.5596580505371094,0.7287020683288574,0.8315660953521729,1,21,52,"[0.4366, 0.1231, 0.0664, 0.0601, 0.0425, 0.03, 0.0238, 0.0195, 0.0158, 0.0138]","[0.928, 0.054, 0.053, 0.037, 0.108, 0.165, 0.14, 0.066, 0.094, 0.009]",2000,0.23011696338653564,0.6645660448221906,
33,R2,1890,-0.680574797859262,-0.6655281851599157,-0.020911744191325864,-0.037712420127342376,-0.0258203953403496,-0.14635316953717625,-0.15047155405875917,0.43324244022369385,0.16616208851337433,0.0599021315574646,0.599404513835907,0.7385727167129517,0.8251323103904724,2,24,64,"[0.4332, 0.1662, 0.0599, 0.0437, 0.0356, 0.0271, 0.0212, 0.0139, 0.0133, 0.011]","[0.681, 0.666, 0.021, 0.05, 0.12, 0.003, 0.13, 0.01, 0.057, 0.014]",2000,0.14536209404468536,0.23128568879058203,
33,R3,1890,0.32386277008359055,-0.46220076008053834,-0.6101953491635941,0.07420023807682813,0.05086865487046488,0.13061799333423368,-0.13600957742638042,0.44898322224617004,0.2676604688167572,0.04694008082151413,0.7166436910629272,0.837237536907196,0.9046767950057983,3,10,23,"[0.449, 0.2677, 0.0469, 0.0387, 0.0349, 0.0229, 0.0162, 0.0121, 0.0087, 0.0074]","[0.324, 0.462, 0.61, 0.223, 0.23, 0.01, 0.014, 0.139, 0.102, 0.024]",2000,0.3816588521003723,-0.28436075893736534,
33,R4,1890,0.008986985996175235,-0.5784604568889777,-0.38359482291349256,-0.08042851883658014,-0.10299740223034715,0.08615208741596467,-0.2500358751197507,0.6810646653175354,0.10517168790102005,0.04893452674150467,0.7862363457679749,0.8967403173446655,0.9529363512992859,3,6,10,"[0.6811, 0.1052, 0.0489, 0.0363, 0.0253, 0.0208, 0.0137, 0.0109, 0.0063, 0.0046]","[0.009, 0.578, 0.384, 0.623, 0.074, 0.17, 0.228, 0.094, 0.085, 0.053]",2000,0.19899435341358185,-0.235383692951854,
33,R5,1890,0.1635630334144478,-0.721593839857834,-0.9469145038081611,-0.07142395465624936,0.006530867811265206,0.07383612566505302,0.04358972463528349,0.7365167140960693,0.1416911482810974,0.052037227898836136,0.8782078623771667,0.9498912692070007,0.9717282056808472,2,3,6,"[0.7365, 0.1417, 0.052, 0.0108, 0.0088, 0.0076, 0.0047, 0.0039, 0.0037, 0.002]","[0.164, 0.722, 0.947, 0.197, 0.221, 0.062, 0.023, 0.031, 0.136, 0.026]",2000,0.10489212721586227,-0.10794017383754675,
33,R6,1890,0.27817529241330613,-0.34522168428524197,-0.941379182882145,0.030261352453397523,0.04984630322802026,0.0358151337418818,-0.09838914081805708,0.40673068165779114,0.29686784744262695,0.11097383499145508,0.7035984992980957,0.8760680556297302,0.9405823349952698,3,7,13,"[0.4067, 0.2969, 0.111, 0.0413, 0.0202, 0.0196, 0.0167, 0.0127, 0.0089, 0.0065]","[0.278, 0.345, 0.941, 0.345, 0.197, 0.198, 0.134, 0.123, 0.024, 0.026]",2000,0.14332149922847748,-0.10827028339049018,
33,R7,1890,0.7898671304330659,0.38053521970984383,-0.23386814555833882,0.007445667238557102,0.01271798187075013,0.013856724279438433,-0.20316317544988405,0.39620476961135864,0.20799683034420013,0.06965222209692001,0.60420161485672,0.7871510982513428,0.8925268650054932,3,11,23,"[0.3962, 0.208, 0.0697, 0.0681, 0.0452, 0.0407, 0.0251, 0.0151, 0.0136, 0.011]","[0.79, 0.381, 0.234, 0.372, 0.248, 0.149, 0.027, 0.155, 0.101, 0.062]",2000,0.34962284564971924,-0.5797117440258155,
34,T0,1890,0.9367512305359101,0.01039542003470398,-0.020948105706802035,0.045943159400083144,0.13892195277179792,-0.10732639588338323,-0.12915055055340324,0.3646421432495117,0.12151753157377243,0.080392025411129,0.48615968227386475,0.6550020575523376,0.7693234086036682,1,35,87,"[0.3646, 0.1215, 0.0804, 0.045, 0.0435, 0.0335, 0.0297, 0.0199, 0.0163, 0.0149]","[0.937, 0.01, 0.021, 0.094, 0.003, 0.114, 0.161, 0.011, 0.07, 0.014]",2000,0.23117223381996155,-0.6652498470157067,
34,T1,1890,0.9096965705667877,-0.1257536998261299,0.0671212546871922,0.009627380109460387,0.06081031382655074,-0.06307336396992079,-0.1359628291887702,0.48019832372665405,0.11969201266765594,0.06391315907239914,0.5998903512954712,0.7531131505966187,0.8493496775627136,1,18,39,"[0.4802, 0.1197, 0.0639, 0.0481, 0.0412, 0.0268, 0.0209, 0.0184, 0.0159, 0.0143]","[0.91, 0.126, 0.067, 0.024, 0.126, 0.068, 0.091, 0.116, 0.042, 0.102]",2000,0.22864212095737457,-0.6669599839996754,
34,T2,1890,0.8583841577337784,0.10619787549635999,0.34858147808641926,-0.05178178036322397,-0.010261940366739958,0.11443102498867458,-0.17483094609117772,0.2857876718044281,0.1939190924167633,0.08919244259595871,0.4797067642211914,0.6766477823257446,0.7861045598983765,2,29,65,"[0.2858, 0.1939, 0.0892, 0.0617, 0.046, 0.032, 0.0253, 0.0191, 0.0171, 0.0159]","[0.858, 0.106, 0.349, 0.157, 0.194, 0.137, 0.029, 0.095, 0.038, 0.087]",2000,0.2215692698955536,-0.7295237539787938,
34,T3,1890,-0.9254546090142792,0.09963754568869283,-0.013241048264451296,-0.0246610345235931,-0.1851434419252217,0.07886640365673063,0.13499221622213314,0.3119920790195465,0.15496790409088135,0.08672995865345001,0.46695998311042786,0.6732692718505859,0.7986901998519897,1,27,63,"[0.312, 0.155, 0.0867, 0.0653, 0.0543, 0.0443, 0.0323, 0.0204, 0.0154, 0.0131]","[0.925, 0.1, 0.013, 0.055, 0.181, 0.033, 0.129, 0.076, 0.136, 0.097]",2000,0.2134122997522354,0.6830081450413049,
34,T4,1890,-0.9306406450081748,-0.012920665048135454,0.009351240380284486,0.03600966106451953,-0.06688759683196242,0.07277970705437961,0.22089145475529534,0.40181785821914673,0.1488451510667801,0.08096174150705338,0.5506629943847656,0.7416822910308838,0.842725396156311,1,18,40,"[0.4018, 0.1488, 0.081, 0.0639, 0.0462, 0.0267, 0.0238, 0.0211, 0.016, 0.0136]","[0.931, 0.013, 0.009, 0.149, 0.118, 0.141, 0.004, 0.139, 0.063, 0.15]",2000,0.25946536660194397,0.7144483954388958,
34,T5,1890,0.9124236984722548,-0.2013578222185158,0.04938836270208754,0.09497142788734095,0.23832453070557053,-0.08753518886092905,-0.10430575830063954,0.29378917813301086,0.13115982711315155,0.0850880891084671,0.4249489903450012,0.6302804946899414,0.7460091710090637,1,51,163,"[0.2938, 0.1312, 0.0851, 0.0732, 0.047, 0.0382, 0.0267, 0.0198, 0.0167, 0.0143]","[0.912, 0.201, 0.049, 0.039, 0.15, 0.087, 0.107, 0.118, 0.011, 0.074]",2000,0.19117532670497894,-0.6721238884610603,
34,T6,1890,-0.9326583449855754,-0.048181320107584066,-0.007069140853980699,-0.05968623664563838,-0.18773237064916204,0.10516157010002081,0.06959182238996815,0.2730392813682556,0.15019303560256958,0.07900737971067429,0.4232323169708252,0.6252246499061584,0.751435399055481,1,43,116,"[0.273, 0.1502, 0.079, 0.0677, 0.0552, 0.0439, 0.0268, 0.0206, 0.0191, 0.0159]","[0.933, 0.048, 0.007, 0.043, 0.084, 0.12, 0.137, 0.045, 0.042, 0.142]",2000,0.18228204548358917,0.6552985366994858,
34,T7,1890,-0.9409539458113733,-0.004158082009330887,-0.11211578915080939,0.01886474433460726,-0.09462613529412016,-0.01798959090233195,0.17502588204970873,0.2768952250480652,0.11193998903036118,0.08991891890764236,0.38883522152900696,0.5890243053436279,0.7051067352294922,1,73,215,"[0.2769, 0.1119, 0.0899, 0.0599, 0.0503, 0.0377, 0.0251, 0.0193, 0.0191, 0.0149]","[0.941, 0.004, 0.112, 0.083, 0.127, 0.025, 0.099, 0.035, 0.101, 0.087]",2000,0.17443209886550903,0.6625523617523184,
34,T8,1890,0.9144657854687026,-0.0007849046480490836,0.06835705833055364,-0.01610438147156455,0.10121456089580476,-0.10750259567161329,-0.18032112304480816,0.39239510893821716,0.13468889892101288,0.07925744354724884,0.5270839929580688,0.7152532935142517,0.8183937072753906,1,24,61,"[0.3924, 0.1347, 0.0793, 0.0653, 0.0436, 0.03, 0.0274, 0.0169, 0.0156, 0.0133]","[0.914, 0.001, 0.068, 0.082, 0.09, 0.157, 0.184, 0.013, 0.132, 0.111]",2000,0.23879140615463257,-0.6651499097368556,
34,R0,1890,-0.9349502876401149,-0.06036497048071238,0.1102394915057387,0.0019193578303899278,-0.04373747691856302,0.08127519705185925,0.1767729841276651,0.36698684096336365,0.120151087641716,0.08364804089069366,0.48713791370391846,0.6825222373008728,0.7939727306365967,1,30,82,"[0.367, 0.1202, 0.0836, 0.0699, 0.0419, 0.0306, 0.0285, 0.0189, 0.0181, 0.0153]","[0.935, 0.06, 0.11, 0.017, 0.15, 0.149, 0.14, 0.013, 0.044, 0.026]",2000,0.21637627482414246,0.6794912158008233,
34,R1,1890,-0.9173065019337905,-0.04723333350173714,0.06109101672219642,0.030845330289907383,-0.06624318807889282,0.1261399000869261,0.2122404201934668,0.39222148060798645,0.13616377115249634,0.08408712595701218,0.5283852815628052,0.7226017117500305,0.8243511915206909,1,21,50,"[0.3922, 0.1362, 0.0841, 0.0635, 0.0466, 0.0269, 0.0221, 0.0199, 0.0179, 0.0149]","[0.917, 0.047, 0.061, 0.045, 0.163, 0.194, 0.068, 0.037, 0.107, 0.01]",2000,0.24197474122047424,0.6852438881740203,
34,R2,1890,-0.7818288388329513,-0.5476078656483895,-0.009943945012527707,-0.026771689029950276,-0.05256940009291777,-0.11306162360903382,-0.0930980458680893,0.3777117133140564,0.16992275416851044,0.06630177050828934,0.547634482383728,0.7040303945541382,0.8058580160140991,2,27,72,"[0.3777, 0.1699, 0.0663, 0.0516, 0.0385, 0.0309, 0.0231, 0.0192, 0.0154, 0.0133]","[0.782, 0.548, 0.01, 0.077, 0.075, 0.085, 0.017, 0.106, 0.034, 0.091]",2000,0.1569109559059143,0.35511444224738714,
34,R3,1890,0.31166487940241133,-0.503648907428701,0.6566281666570678,0.11614077876659645,0.07355892263812568,0.12807955010512595,-0.12240670700222603,0.45601898431777954,0.2566355764865875,0.047724056988954544,0.7126545906066895,0.8339641690254211,0.9017214179039001,3,10,24,"[0.456, 0.2566, 0.0477, 0.0396, 0.034, 0.0225, 0.0169, 0.0119, 0.0091, 0.0074]","[0.312, 0.504, 0.657, 0.136, 0.153, 0.011, 0.021, 0.157, 0.148, 0.03]",2000,0.3692839443683624,-0.27619185851586786,
34,R4,1890,0.024354744885800212,-0.684582631241536,-0.5047459440197316,-0.0828422007770295,-0.10375871257179878,0.0804189559942777,-0.20396723183792265,0.6026667952537537,0.14663159847259521,0.052438825368881226,0.7492983937263489,0.8705988526344299,0.9392959475517273,3,7,13,"[0.6027, 0.1466, 0.0524, 0.0424, 0.0264, 0.0228, 0.0184, 0.0125, 0.0095, 0.0054]","[0.024, 0.685, 0.505, 0.553, 0.026, 0.188, 0.259, 0.033, 0.106, 0.067]",2000,0.2475978434085846,-0.22540302453905595,
34,R5,1890,0.15391154662677745,-0.8705458539254549,-0.941832223460574,-0.09140118531775607,-0.010182191604714409,0.07083680965367402,0.07185244818489615,0.72611403465271,0.1156129240989685,0.0625123456120491,0.8417269587516785,0.9323495030403137,0.9628759026527405,2,3,7,"[0.7261, 0.1156, 0.0625, 0.0158, 0.0123, 0.0098, 0.0083, 0.0052, 0.0041, 0.0032]","[0.154, 0.871, 0.942, 0.234, 0.132, 0.124, 0.071, 0.09, 0.148, 0.01]",2000,0.11732363700866699,-0.09894551578868553,
34,R6,1890,0.334659703590271,-0.8349389210240962,-0.921383634976094,-0.0013697457078276477,0.03410654545010225,0.06965403769566973,-0.10666555135634373,0.3993901312351227,0.2319154590368271,0.14157038927078247,0.6313055753707886,0.8401970267295837,0.9199473857879639,4,9,17,"[0.3994, 0.2319, 0.1416, 0.036, 0.0313, 0.0255, 0.017, 0.0162, 0.014, 0.0071]","[0.335, 0.835, 0.921, 0.216, 0.326, 0.084, 0.171, 0.067, 0.117, 0.064]",2000,0.21763531863689423,-0.22536648994774147,
34,R7,1890,0.7734465073848116,0.10746196036617706,-0.5223892302772046,-0.059032878737115733,-0.004140051822065581,0.036440593008352305,-0.27963591805483196,0.4276868402957916,0.207595556974411,0.06917894631624222,0.6352823972702026,0.7939915657043457,0.8928790092468262,2,11,23,"[0.4277, 0.2076, 0.0692, 0.0499, 0.0396, 0.036, 0.0215, 0.0192, 0.0122, 0.01]","[0.773, 0.107, 0.522, 0.025, 0.058, 0.246, 0.047, 0.009, 0.146, 0.118]",2000,0.45418262481689453,-0.61806831939511,
35,T0,1890,0.9362739297791403,0.010693180796269523,-0.012846424950869715,0.0406687371026907,0.14470613446141758,-0.11487581959686323,-0.12859123825452734,0.3685540556907654,0.11438406258821487,0.08078920096158981,0.48293811082839966,0.6542976498603821,0.7656155824661255,1,37,93,"[0.3686, 0.1144, 0.0808, 0.0468, 0.0437, 0.033, 0.0302, 0.0185, 0.0162, 0.0134]","[0.936, 0.011, 0.013, 0.057, 0.062, 0.121, 0.168, 0.004, 0.039, 0.051]",2000,0.2296217381954193,-0.6603956071419568,
35,T1,1890,-0.9149006840439539,-0.06344928562384074,0.03477907286376968,-0.019300208941684955,-0.06423272062625679,0.06743942803085051,0.1588960360547605,0.43202993273735046,0.12608806788921356,0.07084537297487259,0.5581179857254028,0.7307234406471252,0.8364437818527222,1,19,43,"[0.432, 0.1261, 0.0708, 0.0546, 0.0472, 0.0283, 0.0232, 0.0204, 0.0186, 0.0152]","[0.915, 0.063, 0.035, 0.054, 0.128, 0.077, 0.078, 0.164, 0.017, 0.133]",2000,0.24350211024284363,0.6835981344646214,
35,T2,1890,0.8634256388554388,0.12205357330718179,0.28645056407077535,-0.03551556191470663,0.002653582238648711,0.08837631016870291,-0.15141123924920538,0.29253876209259033,0.16347888112068176,0.08618556708097458,0.4560176432132721,0.6614083647727966,0.7783530950546265,1,31,69,"[0.2925, 0.1635, 0.0862, 0.0717, 0.0475, 0.033, 0.0249, 0.023, 0.0188, 0.0173]","[0.863, 0.122, 0.286, 0.282, 0.063, 0.12, 0.087, 0.15, 0.009, 0.079]",2000,0.22583819925785065,-0.7265887904195691,
35,T3,1890,0.9014616087689661,-0.17160434490243517,0.07543686011144586,0.01094266609182513,0.2064260864067406,-0.08770035087657037,-0.12506096551437,0.32664188742637634,0.14329488575458527,0.08030682802200317,0.4699367880821228,0.6723178029060364,0.7976306676864624,1,28,64,"[0.3266, 0.1433, 0.0803, 0.0661, 0.056, 0.0424, 0.0343, 0.0195, 0.0157, 0.0135]","[0.901, 0.172, 0.075, 0.053, 0.224, 0.025, 0.092, 0.058, 0.204, 0.006]",2000,0.21932756900787354,-0.6813037260589543,
35,T4,1890,0.9368686945589476,-0.06143371078479923,-0.019674256996087283,-0.027391748080140638,0.08736464416745958,-0.09563092516932116,-0.1989172884048754,0.35834866762161255,0.15820471942424774,0.07586061954498291,0.5165534019470215,0.706308901309967,0.8232606053352356,1,21,46,"[0.3583, 0.1582, 0.0759, 0.0616, 0.0523, 0.0328, 0.0274, 0.0216, 0.0212, 0.0139]","[0.937, 0.061, 0.02, 0.147, 0.084, 0.115, 0.02, 0.14, 0.101, 0.134]",2000,0.24876092374324799,-0.7010103731359355,
35,T5,1890,0.8920137818333957,-0.2457421591558846,-0.002252357376149871,0.09388700243844941,0.271117177994783,-0.0944755720856537,-0.09893301036831711,0.29828259348869324,0.13115066289901733,0.08381564915180206,0.42943325638771057,0.6439224481582642,0.7538452744483948,1,48,151,"[0.2983, 0.1312, 0.0838, 0.0796, 0.0511, 0.0346, 0.0279, 0.017, 0.0166, 0.0139]","[0.892, 0.246, 0.002, 0.019, 0.172, 0.092, 0.114, 0.107, 0.002, 0.06]",2000,0.19177615642547607,-0.6805851043555845,
35,T6,1890,-0.9225038620268361,-0.09071379928241047,-0.05719931784519135,-0.05467572250220598,-0.21012269378950454,0.1283711847842467,0.07000712089382922,0.2663971483707428,0.15525270998477936,0.07906360179185867,0.42164987325668335,0.6253904700279236,0.7521069645881653,1,43,116,"[0.2664, 0.1553, 0.0791, 0.069, 0.0557, 0.0421, 0.0292, 0.0199, 0.0185, 0.0169]","[0.923, 0.091, 0.057, 0.051, 0.111, 0.108, 0.132, 0.106, 0.056, 0.072]",2000,0.17969371378421783,0.6537599850092358,
35,T7,1890,0.9392988584864026,-0.006145257259254476,0.09521662926967603,-0.025110291426236612,0.11530167211026679,0.0031759154165560567,-0.1699862870126708,0.2779933214187622,0.11782612651586533,0.08882758766412735,0.39581945538520813,0.6007828116416931,0.713994562625885,1,70,209,"[0.278, 0.1178, 0.0888, 0.0652, 0.0509, 0.0371, 0.0241, 0.0192, 0.0184, 0.0145]","[0.939, 0.006, 0.095, 0.01, 0.154, 0.023, 0.109, 0.081, 0.079, 0.084]",2000,0.17294880747795105,-0.6660492387417031,
35,T8,1890,-0.9052498577883633,-0.07075642337821704,-0.02971831860523582,0.041519468900458115,-0.08992238026501845,0.11597635482753013,0.17775897084044193,0.38111191987991333,0.1393493264913559,0.08052928745746613,0.5204612612724304,0.71694016456604,0.819360077381134,1,24,63,"[0.3811, 0.1393, 0.0805, 0.0673, 0.0486, 0.0287, 0.0265, 0.0168, 0.0164, 0.0141]","[0.905, 0.071, 0.03, 0.069, 0.125, 0.016, 0.251, 0.003, 0.128, 0.115]",2000,0.23234079778194427,0.6596997811924254,
35,R0,1890,-0.9280874789038676,-0.09803771023151173,-0.0910513972840759,0.029462719901734175,-0.029793897915558934,0.08380697075569243,0.17259848164076888,0.3591751754283905,0.13522693514823914,0.07978198677301407,0.49440211057662964,0.6835705637931824,0.7943845391273499,1,30,85,"[0.3592, 0.1352, 0.0798, 0.0675, 0.0419, 0.0293, 0.0287, 0.0186, 0.0181, 0.0161]","[0.928, 0.098, 0.091, 0.03, 0.156, 0.151, 0.128, 0.003, 0.049, 0.015]",2000,0.20664864778518677,0.6825504801677423,
35,R1,1890,-0.8997487727480848,-0.11399511736731828,0.11476789443883,0.021428866409783996,-0.07376465730199085,0.17862131759600947,0.19698714914393528,0.3425726890563965,0.17505501210689545,0.0955352634191513,0.5176277160644531,0.7292031049728394,0.8269482851028442,1,21,50,"[0.3426, 0.1751, 0.0955, 0.0669, 0.0492, 0.0251, 0.0244, 0.0197, 0.016, 0.0125]","[0.9, 0.114, 0.115, 0.075, 0.113, 0.127, 0.188, 0.0, 0.099, 0.049]",2000,0.23371900618076324,0.6851255728974592,
35,R2,1890,-0.8412802843292128,-0.3938452464155091,-0.2078402830778061,-0.015169693956179344,-0.07109979478956321,-0.04689372194403915,-0.10467145244174006,0.3520140051841736,0.18340887129306793,0.08993127197027206,0.5354228615760803,0.7197940349578857,0.8222331404685974,2,24,61,"[0.352, 0.1834, 0.0899, 0.0551, 0.0393, 0.0315, 0.0233, 0.0193, 0.0166, 0.0118]","[0.841, 0.394, 0.208, 0.019, 0.105, 0.058, 0.111, 0.054, 0.098, 0.11]",2000,0.15441273152828217,0.43224985807670974,
35,R3,1890,0.322919826867086,-0.5589825121222082,0.6520653270818987,0.11797709707778492,0.09275496742824475,0.13533280532305308,-0.10131654767675202,0.45913124084472656,0.24510794878005981,0.05062614753842354,0.7042391896247864,0.8298850059509277,0.8993366956710815,3,11,24,"[0.4591, 0.2451, 0.0506, 0.0399, 0.0352, 0.0225, 0.0175, 0.0122, 0.0099, 0.0073]","[0.323, 0.559, 0.652, 0.078, 0.124, 0.002, 0.019, 0.154, 0.133, 0.031]",2000,0.35749542713165283,-0.3087644997461401,
35,R4,1890,-0.013443950542084178,-0.7623005976889333,-0.5256639957419502,0.08506544517504645,0.10889428751979678,-0.06473497327424214,0.15947274939705372,0.55986088514328,0.15008766949176788,0.06616014987230301,0.7099485397338867,0.8554471135139465,0.9318265318870544,3,7,15,"[0.5599, 0.1501, 0.0662, 0.0512, 0.0282, 0.026, 0.0207, 0.0132, 0.0104, 0.0061]","[0.013, 0.762, 0.526, 0.483, 0.186, 0.256, 0.179, 0.033, 0.121, 0.054]",2000,0.2445697784423828,0.19237616676459626,
35,R5,1890,-0.1876504496706384,-0.798570511383466,-0.9308894336136558,0.07510936989456514,0.012388155563342601,-0.005896182542962972,-0.08811729736328495,0.7536246180534363,0.10423655807971954,0.052974093705415726,0.8578611612319946,0.9371052384376526,0.9653086066246033,2,3,7,"[0.7536, 0.1042, 0.053, 0.0142, 0.0121, 0.0092, 0.0071, 0.0053, 0.0039, 0.0028]","[0.188, 0.799, 0.931, 0.248, 0.081, 0.045, 0.064, 0.124, 0.146, 0.004]",2000,0.10089492797851562,0.12073865446431618,
35,R6,1890,0.34937229980445683,-0.7884189649154295,0.9179570660863627,0.014723483829363388,0.025904175518335123,0.0649138463585609,-0.05750197876207219,0.40595898032188416,0.2185109257698059,0.1421099156141281,0.6244698762893677,0.8317696452140808,0.9174305200576782,3,9,18,"[0.406, 0.2185, 0.1421, 0.0351, 0.0301, 0.0301, 0.0174, 0.0165, 0.0136, 0.008]","[0.349, 0.788, 0.918, 0.135, 0.04, 0.25, 0.097, 0.115, 0.035, 0.049]",2000,0.20019863545894623,-0.2211457115000956,
35,R7,1890,0.8583030343679505,0.04129219290375261,-0.4516964736268225,-0.06662377157836971,0.027987532612240813,0.01232376471392821,-0.26577482040905875,0.4027269184589386,0.15647347271442413,0.08312204480171204,0.5592004060745239,0.7560225129127502,0.8660956025123596,2,14,31,"[0.4027, 0.1565, 0.0831, 0.0657, 0.048, 0.033, 0.0246, 0.0212, 0.0169, 0.0145]","[0.858, 0.041, 0.452, 0.064, 0.183, 0.145, 0.057, 0.051, 0.036, 0.161]",2000,0.4197086691856384,-0.7022924582621254,
36,T0,1890,0.9357975633305776,0.02733511426149979,0.014893762029506454,0.04612464543794035,0.14571266228546972,-0.11856908761952868,-0.12067808231798652,0.3781207203865051,0.11145750433206558,0.08056273311376572,0.4895782172679901,0.661443829536438,0.7690958976745605,1,36,92,"[0.3781, 0.1115, 0.0806, 0.0463, 0.045, 0.0336, 0.0288, 0.0165, 0.0157, 0.013]","[0.936, 0.027, 0.015, 0.067, 0.031, 0.022, 0.184, 0.002, 0.04, 0.02]",2000,0.22982986271381378,-0.655696066799645,
36,T1,1890,-0.9131588390717985,-0.012470617182422985,-0.12056137833448065,-0.04798753364969674,-0.054326969939591394,0.06725003425821026,0.16490347045957193,0.44273149967193604,0.11909499764442444,0.07003691047430038,0.5618264675140381,0.7309845089912415,0.8330653309822083,1,20,43,"[0.4427, 0.1191, 0.07, 0.0538, 0.0453, 0.028, 0.0209, 0.0196, 0.018, 0.0156]","[0.913, 0.012, 0.121, 0.136, 0.103, 0.016, 0.216, 0.036, 0.066, 0.094]",2000,0.27634477615356445,0.6955209898432605,
36,T2,1890,0.90266668291651,-0.20608899570584394,0.20164234337604667,-0.0020508369874121936,0.008830474756058606,0.0008251932401591995,-0.13505721593404452,0.3003043532371521,0.13316605985164642,0.08085993677377701,0.4334704279899597,0.6494011878967285,0.7629632949829102,1,34,77,"[0.3003, 0.1332, 0.0809, 0.0786, 0.0565, 0.0336, 0.0249, 0.0202, 0.0189, 0.0159]","[0.903, 0.206, 0.202, 0.015, 0.121, 0.034, 0.201, 0.014, 0.036, 0.042]",2000,0.23480691015720367,-0.6932431581977799,
36,T3,1890,0.8999853571920794,-0.14483481327348777,0.10214913715531422,0.013979446171528003,0.20840734627826513,-0.10278451397521737,-0.1282296145398409,0.3301045000553131,0.14470233023166656,0.07271367311477661,0.47480684518814087,0.6795065402984619,0.8082852959632874,1,25,58,"[0.3301, 0.1447, 0.0727, 0.0702, 0.0618, 0.0445, 0.0338, 0.0208, 0.0154, 0.0143]","[0.9, 0.145, 0.102, 0.004, 0.232, 0.046, 0.084, 0.067, 0.222, 0.006]",2000,0.216899573802948,-0.6773328104391851,
36,T4,1890,0.9272748028049659,0.20391770255651637,0.07129644998799957,-0.05623792423428153,0.059396969163526894,-0.07380893671388582,-0.2128701290156372,0.3569492995738983,0.15153007209300995,0.07688141614198685,0.5084793567657471,0.6898084878921509,0.8045152425765991,1,23,49,"[0.3569, 0.1515, 0.0769, 0.0572, 0.0472, 0.0312, 0.0279, 0.0232, 0.0181, 0.0144]","[0.927, 0.204, 0.071, 0.007, 0.119, 0.108, 0.065, 0.065, 0.028, 0.02]",2000,0.2796951234340668,-0.7185482985991685,
36,T5,1890,0.8918069292585227,-0.2460081206250494,-0.046906461820764724,0.08860663861653194,0.26175843296547424,-0.11670122802873312,-0.08464033834245598,0.31959816813468933,0.1345251202583313,0.08990873396396637,0.45412328839302063,0.6655519604682922,0.7716126441955566,1,41,130,"[0.3196, 0.1345, 0.0899, 0.0745, 0.047, 0.0331, 0.0283, 0.0165, 0.0155, 0.0128]","[0.892, 0.246, 0.047, 0.037, 0.148, 0.117, 0.069, 0.041, 0.064, 0.161]",2000,0.19844649732112885,-0.6782387341959013,
36,T6,1890,0.9093922037137813,-0.1101550441518515,-0.084912228766909,0.057674992596692946,0.2344481814691321,-0.1539522115935505,-0.08351557374778679,0.2757633626461029,0.15549078583717346,0.08713001012802124,0.43125414848327637,0.6398366093635559,0.7613241672515869,1,40,107,"[0.2758, 0.1555, 0.0871, 0.0658, 0.0556, 0.0416, 0.0286, 0.0185, 0.0173, 0.0155]","[0.909, 0.11, 0.085, 0.016, 0.144, 0.143, 0.132, 0.113, 0.064, 0.097]",2000,0.18185436725616455,-0.6596831149350838,
36,T7,1890,-0.9383034155099779,-0.023458297580940406,0.06353497580433022,0.02155828263396097,-0.14812990886252791,0.032684485605908434,0.15958975933498526,0.2850884795188904,0.12534357607364655,0.08142412453889847,0.41043204069137573,0.6133351922035217,0.7244666814804077,1,66,199,"[0.2851, 0.1253, 0.0814, 0.07, 0.0515, 0.0368, 0.0253, 0.0182, 0.0167, 0.0141]","[0.938, 0.023, 0.064, 0.083, 0.164, 0.035, 0.086, 0.017, 0.104, 0.039]",2000,0.1748659610748291,0.6635962647965915,
36,T8,1890,-0.8986143467935224,-0.09549061732183502,-0.05399228820244934,0.03795615261300479,-0.1039494283603673,0.1445961517142126,0.166625129534955,0.3952299654483795,0.14095136523246765,0.07910162210464478,0.5361813306808472,0.7232161164283752,0.8316640853881836,1,22,55,"[0.3952, 0.141, 0.0791, 0.061, 0.047, 0.0324, 0.0265, 0.0192, 0.0164, 0.0139]","[0.899, 0.095, 0.054, 0.007, 0.12, 0.033, 0.215, 0.143, 0.093, 0.051]",2000,0.24387286603450775,0.658425044831197,
36,R0,1890,-0.9097302540684901,-0.21462440786127987,0.00879806226982266,0.03762420519111875,-0.011759657860359448,0.11953100200039675,0.13158751422126116,0.37252146005630493,0.13498617708683014,0.08090149611234665,0.5075076222419739,0.7010522484779358,0.8085762858390808,1,27,74,"[0.3725, 0.135, 0.0809, 0.0706, 0.0421, 0.0298, 0.0255, 0.0189, 0.0175, 0.0158]","[0.91, 0.215, 0.009, 0.031, 0.118, 0.216, 0.092, 0.024, 0.068, 0.037]",2000,0.20114342868328094,0.6674763188961018,
36,R1,1890,-0.8748115122809069,0.1587052570955974,0.18147656328778375,-0.008528682025281752,-0.0750683199404306,0.1678539866843805,0.15628846301659233,0.3148883283138275,0.1956406831741333,0.10291770100593567,0.5105290412902832,0.7347403168678284,0.8445734977722168,1,18,39,"[0.3149, 0.1956, 0.1029, 0.07, 0.0513, 0.0404, 0.0218, 0.0193, 0.0151, 0.0133]","[0.875, 0.159, 0.181, 0.093, 0.036, 0.025, 0.238, 0.123, 0.041, 0.123]",2000,0.24510449171066284,0.7420434085265508,
36,R2,1890,-0.8149656322140559,-0.3937449568442667,-0.2968823883505985,-0.03935298301635289,-0.07188717131832074,-0.05266535399986165,-0.18672653690832447,0.34315070509910583,0.17563201487064362,0.10723023861646652,0.5187827348709106,0.7368420958518982,0.8449847102165222,2,18,41,"[0.3432, 0.1756, 0.1072, 0.0671, 0.0438, 0.0337, 0.0253, 0.0196, 0.0151, 0.0145]","[0.815, 0.394, 0.297, 0.106, 0.064, 0.035, 0.014, 0.0, 0.105, 0.208]",2000,0.15488092601299286,0.44204496301449137,
36,R3,1890,0.339680509932266,-0.5739968428959141,-0.6406760523377126,0.0518219601717467,0.08642753548916114,0.13316476200358185,-0.09443996432556127,0.39458662271499634,0.28694912791252136,0.049506526440382004,0.6815357208251953,0.8033463954925537,0.8809012770652771,3,13,30,"[0.3946, 0.2869, 0.0495, 0.0382, 0.0341, 0.024, 0.0187, 0.0156, 0.0104, 0.0087]","[0.34, 0.574, 0.641, 0.023, 0.055, 0.1, 0.015, 0.132, 0.099, 0.005]",2000,0.408087819814682,-0.2796325593860143,
36,R4,1890,0.040708842605129504,-0.8736190486901467,-0.4785902893603595,-0.054708973282027576,-0.07812806183564908,0.002713887843159197,-0.1011984443143662,0.4924849569797516,0.16969595849514008,0.07090802490711212,0.6621809005737305,0.8278713822364807,0.9179032444953918,4,9,19,"[0.4925, 0.1697, 0.0709, 0.0591, 0.0357, 0.0281, 0.0248, 0.0161, 0.0116, 0.0093]","[0.041, 0.874, 0.479, 0.437, 0.31, 0.075, 0.055, 0.022, 0.075, 0.019]",2000,0.2531975209712982,-0.19602106272396072,
36,R5,1890,-0.3474101833018948,0.9194912995176417,-0.912929642195078,0.07298327570054297,-0.005447667786827205,0.07383729769015343,0.041358092667132876,0.7517374157905579,0.08085645735263824,0.06456758081912994,0.8325938582420349,0.9296349883079529,0.9612313508987427,4,4,8,"[0.7517, 0.0809, 0.0646, 0.0197, 0.0128, 0.0099, 0.0073, 0.0066, 0.0042, 0.0037]","[0.347, 0.919, 0.913, 0.098, 0.311, 0.064, 0.007, 0.174, 0.094, 0.054]",2000,0.10044827312231064,0.2907134587399439,
36,R6,1890,0.46844947096502043,-0.8013871821694135,0.9037521113243375,0.005770004701977317,0.06543385183374825,0.02214351348323497,-0.03505185456222852,0.3538486361503601,0.20003297924995422,0.16927114129066467,0.5538816452026367,0.808809757232666,0.8993460536003113,3,11,22,"[0.3538, 0.2, 0.1693, 0.0458, 0.0398, 0.0274, 0.0226, 0.0173, 0.0125, 0.0108]","[0.468, 0.801, 0.904, 0.251, 0.188, 0.146, 0.053, 0.075, 0.036, 0.177]",2000,0.24114181101322174,-0.26188321655936264,
36,R7,1890,0.8896737919687462,-0.30612477388111464,0.21240256087548473,-0.04555245727591276,0.011400721767600189,-0.03682926676055223,-0.09369092629083432,0.420685350894928,0.09661612659692764,0.08884013444185257,0.5173014998435974,0.7213308215141296,0.8275027871131897,2,20,41,"[0.4207, 0.0966, 0.0888, 0.0625, 0.0527, 0.0284, 0.025, 0.0191, 0.0179, 0.0158]","[0.89, 0.306, 0.212, 0.12, 0.174, 0.019, 0.027, 0.173, 0.008, 0.083]",2000,0.4166390597820282,-0.6984478756845847,
37,T0,1890,0.9352691982754224,0.04750094702642908,-0.015731410550562614,0.050867657217419586,0.1566045276068314,-0.12091746711896248,-0.1145218812850732,0.3687064051628113,0.11374276876449585,0.08474795520305634,0.48244917392730713,0.6606743335723877,0.7661079168319702,1,38,97,"[0.3687, 0.1137, 0.0847, 0.047, 0.0464, 0.033, 0.0279, 0.0161, 0.0156, 0.0128]","[0.935, 0.048, 0.016, 0.078, 0.032, 0.031, 0.181, 0.065, 0.019, 0.004]",2000,0.2269037514925003,-0.6527072277109107,
37,T1,1890,0.9134497369432923,-0.07470074860903111,-0.1731192326587407,0.05915866897943604,0.050490531041334795,-0.08747839262947507,-0.1641325179529246,0.4713142216205597,0.11685340851545334,0.07001146674156189,0.5881676077842712,0.7483498454093933,0.8443941473960876,1,18,39,"[0.4713, 0.1169, 0.07, 0.0502, 0.0399, 0.0267, 0.0208, 0.0185, 0.0158, 0.0143]","[0.913, 0.075, 0.173, 0.166, 0.091, 0.01, 0.207, 0.066, 0.099, 0.089]",2000,0.3087765574455261,-0.7028896354313505,
37,T2,1890,-0.9123538203460545,-0.14941328468570528,0.12416735148020558,0.02218527162860302,-0.0006189738815291595,0.034884249837466685,0.15692506237554146,0.36024484038352966,0.12328161299228668,0.07598655670881271,0.48352646827697754,0.6797561049461365,0.7849796414375305,1,31,70,"[0.3602, 0.1233, 0.076, 0.0702, 0.05, 0.0314, 0.0229, 0.0201, 0.0164, 0.0143]","[0.912, 0.149, 0.124, 0.284, 0.073, 0.087, 0.159, 0.063, 0.074, 0.04]",2000,0.28338301181793213,0.7196967861940767,
37,T3,1890,-0.9006638272634155,-0.160695003523639,0.16467861585772994,-0.021562395789693337,-0.21012598348598951,0.10049606386788339,0.11048084906754856,0.31481480598449707,0.1530323028564453,0.07590741664171219,0.4678471088409424,0.6802408695220947,0.803882896900177,1,25,59,"[0.3148, 0.153, 0.0759, 0.0738, 0.0627, 0.0404, 0.0341, 0.0205, 0.0145, 0.0141]","[0.901, 0.161, 0.165, 0.094, 0.187, 0.026, 0.079, 0.063, 0.09, 0.174]",2000,0.21863910555839539,0.6827413582218325,
37,T4,1890,0.939449174028539,0.23224328395196947,0.18607895949355455,-0.0468478011928986,0.0402956534294983,-0.10932133998150535,-0.17531554315587772,0.4147087633609772,0.14776857197284698,0.07078992575407028,0.5624773502349854,0.7227881550788879,0.8280934691429138,1,20,43,"[0.4147, 0.1478, 0.0708, 0.0474, 0.0422, 0.03, 0.0272, 0.0191, 0.0156, 0.0134]","[0.939, 0.232, 0.186, 0.045, 0.084, 0.054, 0.049, 0.098, 0.012, 0.047]",2000,0.31468603014945984,-0.7020000049425014,
37,T5,1890,-0.89216147362111,-0.24077476800946515,0.013846297189440958,-0.07659223985485458,-0.25829501518344594,0.10826481886639285,0.08327522540405356,0.314975380897522,0.1397244930267334,0.09644060581922531,0.45469987392425537,0.6703717112541199,0.7749978303909302,1,40,124,"[0.315, 0.1397, 0.0964, 0.0727, 0.0465, 0.0318, 0.029, 0.0172, 0.0146, 0.012]","[0.892, 0.241, 0.014, 0.053, 0.142, 0.1, 0.071, 0.031, 0.048, 0.17]",2000,0.19605262577533722,0.6781166379113023,
37,T6,1890,0.903433163755704,-0.14521610616810787,0.06322940090021542,0.06552088233071136,0.23640032001963718,-0.15727785206182315,-0.0764708107341053,0.2720387279987335,0.1579902619123459,0.0967647060751915,0.4300289750099182,0.6470248103141785,0.7660531997680664,1,39,105,"[0.272, 0.158, 0.0968, 0.0655, 0.0547, 0.0412, 0.0288, 0.0182, 0.017, 0.0138]","[0.903, 0.145, 0.063, 0.004, 0.091, 0.17, 0.107, 0.13, 0.024, 0.13]",2000,0.18176785111427307,-0.6587044991633733,
37,T7,1890,-0.9206873509854612,-0.023115815409207353,-0.1499544998736008,0.03243554026733344,-0.16757828916491457,0.04481912323894039,0.1568650357371091,0.2856627404689789,0.12496662139892578,0.08234819769859314,0.41062936186790466,0.615985095500946,0.7282256484031677,1,65,199,"[0.2857, 0.125, 0.0823, 0.0734, 0.0496, 0.0362, 0.0261, 0.02, 0.0157, 0.0142]","[0.921, 0.023, 0.15, 0.02, 0.164, 0.055, 0.073, 0.012, 0.099, 0.029]",2000,0.16625192761421204,0.6427664311349748,
37,T8,1890,-0.8914051564136418,-0.1388276424965837,0.07289586840575837,0.0526242686326774,-0.09938973707177823,0.15233025402116637,0.1582196183375654,0.3922622501850128,0.1415204554796219,0.08252552151679993,0.5337827205657959,0.7227262854576111,0.8302667140960693,1,22,57,"[0.3923, 0.1415, 0.0825, 0.0603, 0.0462, 0.0331, 0.0255, 0.019, 0.0161, 0.0137]","[0.891, 0.139, 0.073, 0.019, 0.124, 0.055, 0.209, 0.118, 0.127, 0.04]",2000,0.24306148290634155,0.6541922851317389,
37,R0,1890,-0.9018473562208846,-0.2499476706334943,-0.006413559431628155,0.04926577775196108,0.005846996172473371,0.13631321684725645,0.10848720726762856,0.3775849938392639,0.14434881508350372,0.07451746612787247,0.5219337940216064,0.7069516181945801,0.8098366260528564,1,27,75,"[0.3776, 0.1443, 0.0745, 0.07, 0.0405, 0.0292, 0.0235, 0.0185, 0.0175, 0.0143]","[0.902, 0.25, 0.006, 0.004, 0.153, 0.205, 0.082, 0.03, 0.035, 0.057]",2000,0.20469127595424652,0.6590561310100311,
37,R1,1890,0.886094862536933,-0.007159675166219994,0.29014581087114155,0.04261468253194413,0.06292717584738522,-0.14349831968508897,-0.1330512166048145,0.38992244005203247,0.15412473678588867,0.11243858933448792,0.5440471768379211,0.7656674981117249,0.8624582886695862,1,16,35,"[0.3899, 0.1541, 0.1124, 0.0681, 0.0411, 0.0337, 0.0184, 0.0174, 0.0158, 0.0115]","[0.886, 0.007, 0.29, 0.104, 0.044, 0.026, 0.244, 0.141, 0.069, 0.112]",2000,0.3139452338218689,-0.7373612849762644,
37,R2,1890,0.8749652078360393,-0.254748335951903,-0.026356288641141506,0.04620331634771526,0.0665437838144614,0.013550863319422518,0.1320989943834372,0.41871535778045654,0.1345902532339096,0.11665815114974976,0.5533056259155273,0.7812119722366333,0.8696911334991455,1,15,34,"[0.4187, 0.1346, 0.1167, 0.0685, 0.0427, 0.029, 0.0198, 0.0143, 0.0139, 0.0116]","[0.875, 0.255, 0.026, 0.235, 0.065, 0.016, 0.062, 0.048, 0.123, 0.183]",2000,0.23545818030834198,-0.5922549573581529,
37,R3,1890,0.5842931114292503,-0.5729282334923297,0.6337605856748743,-0.005210112434106452,0.07840834787213917,0.051447237667735866,-0.23217905172782616,0.3769310414791107,0.30329790711402893,0.05162012577056885,0.6802289485931396,0.8056161403656006,0.8833246231079102,3,13,29,"[0.3769, 0.3033, 0.0516, 0.0389, 0.0348, 0.0246, 0.0177, 0.0161, 0.0101, 0.0092]","[0.584, 0.573, 0.634, 0.119, 0.023, 0.117, 0.008, 0.118, 0.12, 0.007]",2000,0.4288543462753296,-0.5146933241012207,
37,R4,1890,0.034303158760026334,-0.8863991639224026,-0.3274435046426525,-0.053497396847280256,-0.08476637978322214,-0.009391828707215031,-0.08319464867538585,0.4716658890247345,0.17714129388332367,0.0759384036064148,0.648807168006897,0.8212355971336365,0.9140260219573975,4,9,20,"[0.4717, 0.1771, 0.0759, 0.0602, 0.0362, 0.0286, 0.0256, 0.017, 0.012, 0.0097]","[0.034, 0.886, 0.327, 0.417, 0.322, 0.011, 0.065, 0.017, 0.071, 0.035]",2000,0.2587147355079651,-0.17580221431795248,
37,R5,1890,-0.34447705799951106,-0.9166378781038901,-0.5169177685814607,0.07681980823858738,-0.006374963947911434,0.08566256020578372,0.04553870596990805,0.754275381565094,0.08567579090595245,0.06014740467071533,0.8399511575698853,0.9336800575256348,0.9633713960647583,4,3,7,"[0.7543, 0.0857, 0.0601, 0.0204, 0.0132, 0.0094, 0.0071, 0.0059, 0.004, 0.0033]","[0.344, 0.917, 0.517, 0.217, 0.367, 0.073, 0.017, 0.171, 0.115, 0.047]",2000,0.11863233894109726,0.2917594937867563,
37,R6,1890,-0.46659321791390934,0.8255201918879171,0.9105349770136828,0.000671536426262577,-0.054310927361697875,-0.014972152527143174,0.03496526580190294,0.35838407278060913,0.20754079520702362,0.1658051460981369,0.565924882888794,0.8192613124847412,0.9035213589668274,3,10,21,"[0.3584, 0.2075, 0.1658, 0.0467, 0.0408, 0.0235, 0.0221, 0.0173, 0.0112, 0.0102]","[0.467, 0.826, 0.911, 0.291, 0.092, 0.026, 0.06, 0.099, 0.066, 0.172]",2000,0.26559850573539734,0.26211058127558595,
37,R7,1890,-0.910405943296432,-0.46672185006198674,0.055277901696634345,0.030466614217780748,-0.016365753757275253,0.06873430171679915,0.08455058555458728,0.4980142116546631,0.08378466218709946,0.0770638957619667,0.5817988514900208,0.7611444592475891,0.8541070222854614,2,16,34,"[0.498, 0.0838, 0.0771, 0.0577, 0.0446, 0.0239, 0.0224, 0.017, 0.0159, 0.0138]","[0.91, 0.467, 0.055, 0.026, 0.081, 0.019, 0.041, 0.18, 0.006, 0.081]",2000,0.48006054759025574,0.7049693587563285,
38,T0,1890,0.934374309435295,0.038136241792316145,-0.019268160423362136,0.04915701025577718,0.1553290174993441,-0.12090459924230837,-0.11461394077335912,0.367907851934433,0.11222707480192184,0.0850546807050705,0.4801349341869354,0.6590754985809326,0.7648911476135254,1,39,102,"[0.3679, 0.1122, 0.0851, 0.0476, 0.0463, 0.0325, 0.0278, 0.017, 0.0159, 0.0126]","[0.934, 0.038, 0.019, 0.081, 0.005, 0.021, 0.181, 0.08, 0.021, 0.015]",2000,0.22807487845420837,-0.6531762770938274,
38,T1,1890,-0.9102907352863279,-0.09513049391242603,-0.1805109424855678,-0.05977128551303822,-0.04758827700094832,0.09258483647440874,0.1646463859081017,0.4808986485004425,0.11443663388490677,0.06956847012042999,0.5953353047370911,0.7529017329216003,0.8460224866867065,1,17,38,"[0.4809, 0.1144, 0.0696, 0.0492, 0.0388, 0.0263, 0.0198, 0.0182, 0.0152, 0.0136]","[0.91, 0.095, 0.181, 0.17, 0.093, 0.072, 0.211, 0.113, 0.115, 0.057]",2000,0.3125561773777008,0.7084175027321533,
38,T2,1890,0.889914764786825,-0.18481053321964647,-0.048025023104231256,-0.012817642948242136,0.0015790965164725575,-0.05117111462854527,-0.15449523970021656,0.35898837447166443,0.1252039521932602,0.08041303604841232,0.4841923117637634,0.6782469749450684,0.7846972942352295,2,31,71,"[0.359, 0.1252, 0.0804, 0.0663, 0.0474, 0.0313, 0.0236, 0.0207, 0.0165, 0.0144]","[0.89, 0.185, 0.048, 0.301, 0.031, 0.091, 0.103, 0.122, 0.073, 0.072]",2000,0.2837211787700653,-0.7266910659035716,
38,T3,1890,0.8867099835669235,-0.21808147159388483,0.17372254525851047,0.026280364015420787,0.22673788295351885,-0.07920627960659968,-0.10476906108162605,0.3166984021663666,0.1681642383337021,0.07616838812828064,0.48486262559890747,0.6914294958114624,0.80970299243927,1,25,58,"[0.3167, 0.1682, 0.0762, 0.0691, 0.0613, 0.0388, 0.0311, 0.0203, 0.0147, 0.0134]","[0.887, 0.218, 0.174, 0.122, 0.163, 0.029, 0.062, 0.049, 0.143, 0.145]",2000,0.2198609858751297,-0.6913311166559551,
38,T4,1890,0.9401471411619322,-0.19747897308950207,-0.16395955624981834,-0.04792342519896069,0.045827007556919826,-0.10857003758928332,-0.18048171679943,0.41303709149360657,0.14871741831302643,0.07065877318382263,0.5617545247077942,0.7214436531066895,0.8312272429466248,1,19,42,"[0.413, 0.1487, 0.0707, 0.0479, 0.0411, 0.0327, 0.0296, 0.0191, 0.0154, 0.013]","[0.94, 0.197, 0.164, 0.089, 0.079, 0.02, 0.059, 0.089, 0.05, 0.098]",2000,0.3077302873134613,-0.7029507727122817,
38,T5,1890,0.8937660245857588,-0.2203349213616134,0.0758399006722221,0.0724845594188529,0.24311040557447444,-0.12535307870888693,-0.08043022237493852,0.33975568413734436,0.14198492467403412,0.10398603230714798,0.4817405939102173,0.69094318151474,0.7908255457878113,1,35,106,"[0.3398, 0.142, 0.104, 0.0632, 0.042, 0.0311, 0.0263, 0.017, 0.0135, 0.0119]","[0.894, 0.22, 0.076, 0.06, 0.122, 0.078, 0.115, 0.024, 0.034, 0.146]",2000,0.21249093115329742,-0.674628760169939,
38,T6,1890,0.9006416086079628,-0.15548368131059281,-0.03395153188605618,0.06654229790042301,0.23664034080082166,-0.14816556755848687,-0.08365404240444435,0.2771841287612915,0.17137522995471954,0.09846151620149612,0.44855934381484985,0.6608511805534363,0.7754043340682983,1,37,99,"[0.2772, 0.1714, 0.0985, 0.0629, 0.0509, 0.0387, 0.0282, 0.0187, 0.0153, 0.0135]","[0.901, 0.155, 0.034, 0.044, 0.097, 0.152, 0.103, 0.148, 0.091, 0.083]",2000,0.18508079648017883,-0.6695460627315356,
38,T7,1890,0.9122879150912219,-0.04962061275643804,-0.18052990484397596,-0.023722701101017613,0.18714963719082003,-0.05905847317124778,-0.1587299205534796,0.2764406204223633,0.1257542371749878,0.08515061438083649,0.4021948575973511,0.6132913827896118,0.7265089154243469,1,67,204,"[0.2764, 0.1258, 0.0852, 0.0743, 0.0516, 0.0368, 0.0274, 0.0197, 0.0151, 0.0143]","[0.912, 0.05, 0.181, 0.006, 0.166, 0.038, 0.074, 0.0, 0.106, 0.034]",2000,0.1639350950717926,-0.6385782684255173,
38,T8,1890,0.8870312686542345,-0.1442393202947206,-0.10836512941478683,-0.0623475855394183,0.09237517383249925,-0.15553510134082993,-0.1442519528761384,0.3884183466434479,0.1418662667274475,0.08341974020004272,0.5302846431732178,0.7203184366226196,0.8329910039901733,1,22,57,"[0.3884, 0.1419, 0.0834, 0.0614, 0.0452, 0.0354, 0.0279, 0.0189, 0.0164, 0.0141]","[0.887, 0.144, 0.108, 0.012, 0.129, 0.035, 0.187, 0.122, 0.146, 0.01]",2000,0.24266864359378815,-0.6499876546965062,
38,R0,1890,-0.8960926936781312,-0.27278857798040396,-0.013410746910536165,0.05346365163100582,0.00882843817430545,0.15282320558962648,0.09364605257831779,0.3834899067878723,0.1434982419013977,0.07238143682479858,0.52698814868927,0.7083805203437805,0.8118481636047363,1,27,77,"[0.3835, 0.1435, 0.0724, 0.0695, 0.0395, 0.0308, 0.0235, 0.0183, 0.0171, 0.0137]","[0.896, 0.273, 0.013, 0.013, 0.168, 0.181, 0.116, 0.056, 0.011, 0.061]",2000,0.20425696671009064,0.6530151975430621,
38,R1,1890,0.8864289024150036,-0.01101761308394293,-0.2860587309484063,0.040515591390124034,0.06665121870692388,-0.15577684393849403,-0.11843157552020167,0.39118778705596924,0.1529749184846878,0.10886117070913315,0.5441626906394958,0.7673256397247314,0.8639733195304871,1,16,34,"[0.3912, 0.153, 0.1089, 0.074, 0.0403, 0.0339, 0.0182, 0.018, 0.0154, 0.0112]","[0.886, 0.011, 0.286, 0.076, 0.048, 0.029, 0.21, 0.029, 0.053, 0.128]",2000,0.31290364265441895,-0.7273030561222421,
38,R2,1890,0.8321352643639731,-0.4042207898514387,-0.03708024611897648,0.05889079645456481,0.07600050148221883,0.021006486829538,0.20661137284792622,0.4602534770965576,0.13615930080413818,0.1064361110329628,0.5964127779006958,0.8049057126045227,0.8827052712440491,2,13,30,"[0.4603, 0.1362, 0.1064, 0.0607, 0.0413, 0.0251, 0.0168, 0.0133, 0.0124, 0.0102]","[0.832, 0.404, 0.037, 0.209, 0.05, 0.021, 0.059, 0.073, 0.127, 0.182]",2000,0.21139948070049286,-0.5004656698817845,
38,R3,1890,0.35677220280033267,-0.5830386435962505,-0.6353759223777616,0.016952833530408894,0.08951917401568617,0.08537964376883515,-0.12098877791306746,0.37454500794410706,0.3041399419307709,0.053061433136463165,0.6786849498748779,0.805022120475769,0.8831676244735718,3,13,29,"[0.3745, 0.3041, 0.0531, 0.039, 0.0343, 0.0247, 0.0175, 0.0165, 0.0102, 0.0092]","[0.357, 0.583, 0.635, 0.145, 0.025, 0.091, 0.004, 0.12, 0.135, 0.021]",2000,0.4168955385684967,-0.28001471899416547,
38,R4,1890,0.04243429945167864,0.8844061287367544,-0.2283434660102631,-0.04209735733516949,-0.08227882821637303,-0.013067133939353465,-0.07892349748406063,0.47114941477775574,0.1763780415058136,0.07901681959629059,0.6475274562835693,0.8217036128044128,0.9136593341827393,3,9,20,"[0.4711, 0.1764, 0.079, 0.059, 0.0361, 0.0281, 0.0252, 0.0172, 0.0118, 0.0096]","[0.042, 0.884, 0.228, 0.407, 0.338, 0.003, 0.058, 0.025, 0.06, 0.029]",2000,0.25765687227249146,-0.18629137911017882,
38,R5,1890,-0.3415193910597588,0.9171158474361883,0.6175537105383304,0.0739383760547178,-0.010701744092031638,0.09484960725662518,0.039006576992093554,0.7675708532333374,0.08102764934301376,0.05866929516196251,0.8485984802246094,0.9381179809570312,0.9658725261688232,4,3,7,"[0.7676, 0.081, 0.0587, 0.0189, 0.0119, 0.0092, 0.0066, 0.0053, 0.0037, 0.0029]","[0.342, 0.917, 0.618, 0.216, 0.357, 0.085, 0.01, 0.173, 0.111, 0.049]",2000,0.11256381124258041,0.2827496367681472,
38,R6,1890,-0.44280554688564117,-0.8731530890403425,0.9087321088884779,0.005193637623628685,-0.04586826098839714,-0.028587095801031814,0.040813356355999704,0.39383792877197266,0.19661761820316315,0.1575835943222046,0.5904555320739746,0.8302236795425415,0.9111464619636536,3,9,19,"[0.3938, 0.1966, 0.1576, 0.0441, 0.0381, 0.0228, 0.0214, 0.0163, 0.0107, 0.0098]","[0.443, 0.873, 0.909, 0.278, 0.127, 0.023, 0.091, 0.117, 0.041, 0.147]",2000,0.24691925942897797,0.262445194718824,
38,R7,1890,-0.9166200761297435,-0.4172943961934154,0.17054598014842653,0.03817134889986275,-0.02582336401418047,0.07718435981215846,0.10707591449837937,0.49031931161880493,0.08526428043842316,0.07765474915504456,0.5755835771560669,0.7569455504417419,0.8514779806137085,2,16,34,"[0.4903, 0.0853, 0.0777, 0.0581, 0.0456, 0.0239, 0.0229, 0.0175, 0.0163, 0.0139]","[0.917, 0.417, 0.171, 0.033, 0.038, 0.026, 0.046, 0.178, 0.048, 0.067]",2000,0.4734608232975006,0.710997466228907,
39,T0,1890,0.9332932349815563,0.048458402832574826,-0.017978852156083178,0.04838515397712735,0.163163219329948,-0.12137443616560536,-0.1117812196498902,0.36189770698547363,0.11188457161188126,0.08644048869609833,0.4737822711467743,0.65544193983078,0.7624912261962891,1,40,108,"[0.3619, 0.1119, 0.0864, 0.0501, 0.0452, 0.0323, 0.0279, 0.0181, 0.0159, 0.0128]","[0.933, 0.048, 0.018, 0.083, 0.047, 0.022, 0.177, 0.098, 0.022, 0.03]",2000,0.2265380322933197,-0.6510915654972317,
39,T1,1890,-0.9060261541534406,-0.08566395207890411,-0.1770719614024336,-0.06947915682640883,-0.043657729503521106,0.09069782275508782,0.16181682156448912,0.5042879581451416,0.11108514666557312,0.06674892455339432,0.6153731346130371,0.7626045942306519,0.8504723906517029,1,16,36,"[0.5043, 0.1111, 0.0667, 0.0445, 0.036, 0.0239, 0.0184, 0.0177, 0.015, 0.0129]","[0.906, 0.086, 0.177, 0.185, 0.08, 0.111, 0.253, 0.059, 0.119, 0.043]",2000,0.3198718726634979,0.7128553004880499,
39,T2,1890,-0.8518354952671197,-0.2033982862032914,-0.062275903355119754,0.006580274536138868,-0.01258695973524536,0.03877428455802157,0.16647218036671682,0.3698628842830658,0.12591615319252014,0.08384615182876587,0.49577903747558594,0.6849865317344666,0.7902777194976807,2,30,68,"[0.3699, 0.1259, 0.0838, 0.0628, 0.0426, 0.0301, 0.0232, 0.0214, 0.0163, 0.0144]","[0.852, 0.203, 0.062, 0.325, 0.009, 0.082, 0.073, 0.198, 0.087, 0.071]",2000,0.28851643204689026,0.7510723943667919,
39,T3,1890,0.8931388280620172,-0.20856697920905024,0.17232259664195318,0.026013643633205172,0.2152124764462269,-0.07000964612874522,-0.09772433555116493,0.31669944524765015,0.16927829384803772,0.07738242298364639,0.48597773909568787,0.6922953724861145,0.8096158504486084,1,25,58,"[0.3167, 0.1693, 0.0774, 0.068, 0.061, 0.0376, 0.0306, 0.0209, 0.0147, 0.0134]","[0.893, 0.209, 0.172, 0.152, 0.091, 0.017, 0.069, 0.043, 0.164, 0.118]",2000,0.22043946385383606,-0.6914696164545036,
39,T4,1890,0.9381219693932328,-0.18032673636750055,0.10948892650837841,-0.031521722387413804,0.05196606517821402,-0.09564843974140726,-0.1717509820613194,0.395528107881546,0.15070463716983795,0.06833232194185257,0.5462327599525452,0.7016376852989197,0.8227928876876831,1,21,44,"[0.3955, 0.1507, 0.0683, 0.0459, 0.0412, 0.038, 0.0317, 0.0212, 0.0168, 0.0133]","[0.938, 0.18, 0.109, 0.079, 0.118, 0.041, 0.076, 0.091, 0.0, 0.061]",2000,0.2960067689418793,-0.7039019194542432,
39,T5,1890,0.8874104568864338,-0.23236075588448127,-0.08713350145440181,0.07151829302885102,0.24674447450799325,-0.12025433441529602,-0.08949480394726525,0.3443567156791687,0.13930487632751465,0.1095159649848938,0.48366159200668335,0.694696843624115,0.7935348153114319,1,35,105,"[0.3444, 0.1393, 0.1095, 0.0614, 0.0401, 0.0314, 0.0258, 0.016, 0.0135, 0.0122]","[0.887, 0.232, 0.087, 0.08, 0.116, 0.062, 0.126, 0.019, 0.015, 0.149]",2000,0.2186986654996872,-0.6851547221487864,
39,T6,1890,0.8867865014383072,-0.21199670032570272,0.040351361597609096,0.07115417620779688,0.24962798630166888,-0.15332172502858132,-0.07656884938613974,0.29357483983039856,0.16050708293914795,0.09899057447910309,0.4540819227695465,0.6659390926361084,0.7774480581283569,1,36,97,"[0.2936, 0.1605, 0.099, 0.0594, 0.0534, 0.0374, 0.0288, 0.0173, 0.015, 0.0129]","[0.887, 0.212, 0.04, 0.038, 0.09, 0.152, 0.119, 0.128, 0.092, 0.11]",2000,0.19902047514915466,-0.6711378634336921,
39,T7,1890,0.9056945238134528,-0.10996502269312829,-0.16990466707335564,-0.008253476804965309,0.21060365881598464,-0.07785137669326504,-0.15551356311163153,0.2812403440475464,0.12982334196567535,0.08294747024774551,0.41106367111206055,0.6184022426605225,0.7280901670455933,1,68,207,"[0.2812, 0.1298, 0.0829, 0.0758, 0.0486, 0.0356, 0.0265, 0.0189, 0.0148, 0.0138]","[0.906, 0.11, 0.17, 0.005, 0.177, 0.039, 0.096, 0.006, 0.112, 0.062]",2000,0.16428124904632568,-0.6337381575978986,
39,T8,1890,0.8861254985515652,-0.1431202639211108,-0.10986802660116174,-0.07095399462803496,0.08886312138391035,-0.15155058887124495,-0.14640620824592873,0.38834020495414734,0.13658787310123444,0.08329923450946808,0.524928092956543,0.7165411710739136,0.8309860229492188,1,22,60,"[0.3883, 0.1366, 0.0833, 0.0607, 0.0476, 0.0378, 0.0285, 0.018, 0.0161, 0.014]","[0.886, 0.143, 0.11, 0.013, 0.135, 0.021, 0.181, 0.128, 0.14, 0.017]",2000,0.24158160388469696,-0.6467108185116782,
39,R0,1890,0.8987288104694863,-0.2842639026133154,-0.010379531787462168,-0.06251752411999716,-0.009939579748487644,-0.14639982523650164,-0.0775150618051583,0.38368383049964905,0.140590637922287,0.07060398161411285,0.524274468421936,0.7007067799568176,0.8080575466156006,1,28,83,"[0.3837, 0.1406, 0.0706, 0.0658, 0.0401, 0.0341, 0.0238, 0.0186, 0.0166, 0.0142]","[0.899, 0.284, 0.01, 0.0, 0.177, 0.123, 0.133, 0.023, 0.01, 0.031]",2000,0.1971176415681839,-0.6448163849666492,
39,R1,1890,-0.8843335107608636,0.0022520341952882773,-0.2825815238282327,-0.043919455206721816,-0.06974013678783621,0.16859615896605293,0.10051406517090397,0.38547661900520325,0.1537467986345291,0.10824517905712128,0.5392234325408936,0.765068531036377,0.8623415231704712,1,16,35,"[0.3855, 0.1537, 0.1082, 0.0773, 0.0403, 0.0334, 0.0191, 0.0184, 0.0152, 0.0112]","[0.884, 0.002, 0.283, 0.071, 0.015, 0.044, 0.204, 0.048, 0.031, 0.13]",2000,0.30840039253234863,0.7169739824225022,
39,R2,1890,0.7867713046665088,-0.479286051712224,0.03140727013521627,0.07189559299574132,0.08586493677780811,0.03135977691499235,0.26293375572811095,0.5022578239440918,0.1263752579689026,0.09787663072347641,0.6286330819129944,0.8183043599128723,0.8897062540054321,2,12,28,"[0.5023, 0.1264, 0.0979, 0.055, 0.0368, 0.0228, 0.0157, 0.0129, 0.011, 0.009]","[0.787, 0.479, 0.031, 0.179, 0.061, 0.054, 0.08, 0.152, 0.041, 0.13]",2000,0.1900404393672943,-0.42931257224545794,
39,R3,1890,0.3798309895052175,-0.5853131965980969,-0.6389159598355344,0.021688568861232084,0.09511411940329811,0.08346765358837434,-0.101105081415351,0.37165403366088867,0.31020301580429077,0.05303506180644035,0.6818570494651794,0.8075432777404785,0.8849145174026489,3,13,29,"[0.3717, 0.3102, 0.053, 0.0388, 0.0338, 0.0242, 0.0178, 0.0163, 0.0102, 0.0089]","[0.38, 0.585, 0.639, 0.151, 0.025, 0.078, 0.028, 0.11, 0.139, 0.032]",2000,0.4185054898262024,-0.28798277835711983,
39,R4,1890,0.035940837632988006,-0.8943753657076412,-0.15898043339056883,-0.04014226257782024,-0.08209213760411253,-0.011940516890602269,-0.07314661202850474,0.4726566970348358,0.17231719195842743,0.08311737328767776,0.644973874092102,0.8232513666152954,0.9136470556259155,3,9,20,"[0.4727, 0.1723, 0.0831, 0.0591, 0.036, 0.0273, 0.0247, 0.0171, 0.0115, 0.0098]","[0.036, 0.894, 0.159, 0.388, 0.347, 0.013, 0.039, 0.034, 0.049, 0.041]",2000,0.2527066767215729,-0.18070672445776803,
39,R5,1890,-0.3478037182274071,-0.9169217048296577,0.8062217908201829,0.06374219294767428,-0.016838928136227976,0.08786983215826134,0.045659199902547506,0.7891995310783386,0.0703124850988388,0.05642949789762497,0.8595120310783386,0.943534791469574,0.9691638350486755,4,3,6,"[0.7892, 0.0703, 0.0564, 0.0172, 0.0104, 0.0085, 0.006, 0.0052, 0.0033, 0.0026]","[0.348, 0.917, 0.806, 0.216, 0.339, 0.099, 0.008, 0.174, 0.089, 0.075]",2000,0.1031382605433464,0.29464071099381145,
39,R6,1890,-0.4204348587872932,-0.8894863101822172,0.9224806132878963,-0.011388041621200651,-0.039767424328438515,-0.025686740071237862,0.029902670900543816,0.43123695254325867,0.18107211589813232,0.15132595598697662,0.6123090982437134,0.8377797603607178,0.9161351323127747,3,9,17,"[0.4312, 0.1811, 0.1513, 0.0396, 0.0345, 0.0223, 0.0205, 0.0158, 0.0106, 0.0091]","[0.42, 0.889, 0.922, 0.272, 0.154, 0.118, 0.061, 0.147, 0.033, 0.104]",2000,0.2281302511692047,0.2436152722844778,
39,R7,1890,-0.9115269760655812,-0.4024485572567773,0.21219908712138594,0.02514074674944209,-0.03832929222669994,0.0784477266463106,0.12661851124047918,0.4997232258319855,0.08719712495803833,0.07489534467458725,0.5869203805923462,0.7627670764923096,0.8555426597595215,2,15,33,"[0.4997, 0.0872, 0.0749, 0.0564, 0.0445, 0.0242, 0.0227, 0.0169, 0.0159, 0.0132]","[0.912, 0.402, 0.212, 0.028, 0.023, 0.051, 0.041, 0.202, 0.017, 0.046]",2000,0.48017117381095886,0.7180218269501769,
40,T0,1890,0.9303125294977573,0.05515153875762567,-0.039431051658713065,0.057260450241050476,0.1649711839706314,-0.1253446843801507,-0.1126923311764149,0.3768874704837799,0.1081794872879982,0.08085570484399796,0.4850669503211975,0.6646742820739746,0.7680220603942871,1,39,109,"[0.3769, 0.1082, 0.0809, 0.0554, 0.0434, 0.0309, 0.027, 0.0169, 0.0152, 0.0133]","[0.93, 0.055, 0.039, 0.076, 0.041, 0.014, 0.182, 0.097, 0.033, 0.027]",2000,0.22805984318256378,-0.652107211285421,
40,T1,1890,-0.8988558857410602,-0.1299790616475041,-0.2696901276179009,-0.059254577677617826,-0.0357522489895503,0.07318381401979498,0.18653636406696222,0.5224190354347229,0.1062314435839653,0.06262791156768799,0.6286504864692688,0.7688609957695007,0.8499799370765686,1,17,37,"[0.5224, 0.1062, 0.0626, 0.045, 0.0325, 0.0224, 0.018, 0.016, 0.0134, 0.0113]","[0.899, 0.13, 0.27, 0.226, 0.013, 0.139, 0.051, 0.24, 0.045, 0.0]",2000,0.34494203329086304,0.7306217152899285,
40,T2,1890,0.8521961261460543,-0.2084657105811459,-0.04650013196934751,-0.014329280410107954,0.02279080802208802,-0.03560719945025191,-0.18717293090528367,0.3584783375263214,0.1299770623445511,0.08374462276697159,0.4884554147720337,0.6779307126998901,0.7810558676719666,2,33,76,"[0.3585, 0.13, 0.0837, 0.0623, 0.0435, 0.0272, 0.0237, 0.0212, 0.0164, 0.0146]","[0.852, 0.208, 0.047, 0.308, 0.009, 0.109, 0.135, 0.122, 0.046, 0.156]",2000,0.28023603558540344,-0.7598920140843994,
40,T3,1890,0.9068137069481136,-0.13035033329984574,-0.12150837904424076,0.015523005415704639,0.18700165762031637,-0.07637663215952854,-0.08310340722724228,0.3171001672744751,0.15468426048755646,0.08600006997585297,0.47178441286087036,0.6890403032302856,0.8063535094261169,1,25,59,"[0.3171, 0.1547, 0.086, 0.0689, 0.0623, 0.0395, 0.0285, 0.0215, 0.0144, 0.0135]","[0.907, 0.13, 0.122, 0.203, 0.037, 0.014, 0.063, 0.049, 0.145, 0.122]",2000,0.21451355516910553,-0.6758743007758801,
40,T4,1890,-0.9245023484340418,-0.16532039188759481,-0.09338286739218954,-0.003783031250950178,-0.11058575109223767,0.10678085719972241,0.16142989645460504,0.3855207562446594,0.13940025866031647,0.07250843942165375,0.5249210000038147,0.688021719455719,0.815311074256897,1,22,49,"[0.3855, 0.1394, 0.0725, 0.0472, 0.0434, 0.0407, 0.0344, 0.0213, 0.0174, 0.0134]","[0.925, 0.165, 0.093, 0.017, 0.104, 0.157, 0.094, 0.077, 0.042, 0.019]",2000,0.2861487567424774,0.704476734923631,
40,T5,1890,0.8793011564680736,-0.2503764293865203,0.10368640431131676,0.07230496355998516,0.25303605259440237,-0.12045912742189317,-0.08500170475840385,0.34841206669807434,0.13910022377967834,0.10732939094305038,0.4875122904777527,0.6954532861709595,0.7958795428276062,1,35,104,"[0.3484, 0.1391, 0.1073, 0.0604, 0.0403, 0.0318, 0.027, 0.0159, 0.0136, 0.012]","[0.879, 0.25, 0.104, 0.085, 0.136, 0.03, 0.121, 0.03, 0.012, 0.157]",2000,0.21882806718349457,-0.6841374701174556,
40,T6,1890,0.8854404171854152,-0.2133471109344011,-0.047399933044567265,0.06918201422183555,0.24776508589291107,-0.16028570859029095,-0.0703741436993247,0.29432979226112366,0.16461649537086487,0.09833717346191406,0.4589462876319885,0.673175036907196,0.7814765572547913,1,35,96,"[0.2943, 0.1646, 0.0983, 0.06, 0.0559, 0.0366, 0.0281, 0.0158, 0.0151, 0.0128]","[0.885, 0.213, 0.047, 0.034, 0.106, 0.144, 0.112, 0.102, 0.131, 0.137]",2000,0.1987694501876831,-0.6711697171910299,
40,T7,1890,0.9006433696156905,-0.085444717262314,-0.19965239663115034,0.011445423366564888,0.22655362403182247,-0.09640332886511793,-0.14597818253592612,0.29153329133987427,0.13084256649017334,0.08039701730012894,0.4223758578300476,0.6248493194580078,0.7329474687576294,1,65,203,"[0.2915, 0.1308, 0.0804, 0.0764, 0.0457, 0.0355, 0.0261, 0.019, 0.0141, 0.0134]","[0.901, 0.085, 0.2, 0.026, 0.188, 0.055, 0.12, 0.018, 0.107, 0.032]",2000,0.16772760450839996,-0.6386406914853155,
40,T8,1890,0.8885696967570144,-0.1356229560316372,-0.13676605265024036,-0.06640999230402198,0.09203653848387336,-0.15188368407082367,-0.13113984028873973,0.40365666151046753,0.13517361879348755,0.08298851549625397,0.5388302803039551,0.7249807119369507,0.8353074193000793,1,22,59,"[0.4037, 0.1352, 0.083, 0.0587, 0.0445, 0.0365, 0.0279, 0.0171, 0.0156, 0.0132]","[0.889, 0.136, 0.137, 0.016, 0.11, 0.034, 0.172, 0.178, 0.023, 0.02]",2000,0.24300330877304077,-0.642098858463977,
40,R0,1890,0.8953380346490728,-0.3035905341911365,-0.029176505124461762,-0.06563177673540037,-0.013488676452062753,-0.14460815465692786,-0.06480656162022654,0.3814087212085724,0.1420302540063858,0.06888139247894287,0.5234389901161194,0.6972770094871521,0.80445396900177,2,29,88,"[0.3814, 0.142, 0.0689, 0.0628, 0.0422, 0.0346, 0.0229, 0.0191, 0.0162, 0.0144]","[0.895, 0.304, 0.029, 0.004, 0.133, 0.144, 0.117, 0.056, 0.017, 0.016]",2000,0.19258233904838562,-0.6376522056946937,
40,R1,1890,-0.878368823065992,0.02646100538983912,-0.29065002263932854,-0.043938454260176174,-0.0608781057564344,0.18066023494231845,0.10132140097590703,0.3489954471588135,0.18878844380378723,0.10022212564945221,0.5377838611602783,0.7624039053916931,0.8620818853378296,1,16,35,"[0.349, 0.1888, 0.1002, 0.0849, 0.0395, 0.0375, 0.0187, 0.0177, 0.0156, 0.0103]","[0.878, 0.026, 0.291, 0.098, 0.018, 0.007, 0.14, 0.241, 0.023, 0.159]",2000,0.2846057713031769,0.7081454404207143,
40,R2,1890,0.6721769211770825,-0.11945933026138005,-0.6029599865449033,0.10470464757515965,0.09778589707273383,0.05617052259729656,0.3639023780872106,0.5185060501098633,0.13804586231708527,0.08824431151151657,0.6565518975257874,0.8184442520141602,0.8927661180496216,2,12,28,"[0.5185, 0.138, 0.0882, 0.0416, 0.0321, 0.0236, 0.0183, 0.0138, 0.0104, 0.0082]","[0.672, 0.119, 0.603, 0.087, 0.018, 0.233, 0.162, 0.035, 0.028, 0.0]",2000,0.11911820620298386,-0.28903129804585737,
40,R3,1890,0.3895857543941466,-0.6049917253498507,-0.631337735791142,0.05125921938722121,0.09195923312677848,0.09077973888811698,-0.09059206534301875,0.3664434254169464,0.29761287569999695,0.05421430990099907,0.6640563011169434,0.7939442992210388,0.8742215037345886,3,14,33,"[0.3664, 0.2976, 0.0542, 0.0417, 0.034, 0.0255, 0.0179, 0.0167, 0.0104, 0.0097]","[0.39, 0.605, 0.631, 0.147, 0.007, 0.071, 0.039, 0.1, 0.148, 0.014]",2000,0.4054776728153229,-0.2973093257500302,
40,R4,1890,0.05333723200771202,-0.8907585460703468,0.4195783573038284,-0.02352640764512565,-0.07041009804619731,-0.024434586955643194,-0.05621673986918509,0.4548403322696686,0.17295393347740173,0.09890782833099365,0.6277942657470703,0.8207131624221802,0.911566436290741,4,9,21,"[0.4548, 0.173, 0.0989, 0.0584, 0.0356, 0.0271, 0.0249, 0.0175, 0.0115, 0.0098]","[0.053, 0.891, 0.42, 0.402, 0.316, 0.041, 0.038, 0.06, 0.046, 0.054]",2000,0.24658086895942688,-0.18941091335328844,
40,R5,1890,-0.3338129434709437,0.9192735190760452,0.641467064994175,0.0609651910465747,-0.0389109053567888,0.08236350618958145,0.07542192372042616,0.7897732853889465,0.07015654444694519,0.052443284541368484,0.8599298000335693,0.9392479062080383,0.966225802898407,4,3,7,"[0.7898, 0.0702, 0.0524, 0.0173, 0.0096, 0.0085, 0.0061, 0.0056, 0.0038, 0.0029]","[0.334, 0.919, 0.641, 0.237, 0.33, 0.131, 0.05, 0.178, 0.033, 0.089]",2000,0.10080021619796753,0.29025309039162456,
40,R6,1890,-0.3840594707012034,-0.8895723734253994,-0.9037633678396859,-0.020546369756338063,-0.061281365856642775,-0.06372684401152973,0.05020592513320836,0.4258858859539032,0.1879195123910904,0.1477108895778656,0.6138054132461548,0.8370527625083923,0.9112163782119751,3,9,18,"[0.4259, 0.1879, 0.1477, 0.0432, 0.0324, 0.0202, 0.0191, 0.0164, 0.0099, 0.0085]","[0.384, 0.89, 0.904, 0.275, 0.202, 0.108, 0.014, 0.068, 0.001, 0.135]",2000,0.22840701043605804,0.25269008726129466,
40,R7,1890,-0.9047598729252415,-0.41032067560861846,-0.20136280610186225,-0.0004518936052477094,-0.05911955712662175,0.07673685197262864,0.1365958093307848,0.48764365911483765,0.09067883342504501,0.0722530260682106,0.5783224701881409,0.7485878467559814,0.8429303765296936,2,17,38,"[0.4876, 0.0907, 0.0723, 0.0522, 0.0459, 0.0251, 0.0224, 0.0173, 0.0157, 0.0137]","[0.905, 0.41, 0.201, 0.014, 0.008, 0.054, 0.053, 0.159, 0.056, 0.042]",2000,0.46999648213386536,0.7326904978761699,
41,T0,1890,0.9311236846202592,0.04900477462146044,0.021400741671819472,0.05802691692253082,0.16325259914803694,-0.12598297104498757,-0.11493372140279927,0.37625372409820557,0.10924407839775085,0.0797068327665329,0.4854978024959564,0.6627930998802185,0.7666501998901367,1,40,112,"[0.3763, 0.1092, 0.0797, 0.0546, 0.043, 0.0304, 0.027, 0.0165, 0.0154, 0.0145]","[0.931, 0.049, 0.021, 0.081, 0.021, 0.045, 0.184, 0.072, 0.066, 0.098]",2000,0.2312210500240326,-0.6557729553337462,
41,T1,1890,-0.8945401125211495,-0.12785181683911231,-0.2832802204342473,-0.056440391021026916,-0.03867502870341412,0.07278277857735142,0.1899901205338182,0.5273873209953308,0.10428469628095627,0.061756398528814316,0.6316720247268677,0.769986629486084,0.8510923981666565,1,17,37,"[0.5274, 0.1043, 0.0618, 0.045, 0.0316, 0.0219, 0.0188, 0.0164, 0.0131, 0.011]","[0.895, 0.128, 0.283, 0.222, 0.006, 0.121, 0.08, 0.246, 0.018, 0.026]",2000,0.35233867168426514,0.7327039333799772,
41,T2,1890,-0.83302834723597,-0.20923210248360116,-0.03143606054992345,0.00655722404125463,-0.02778467413185365,0.03039722200571775,0.19809565880188543,0.37330812215805054,0.1229870393872261,0.09404494613409042,0.49629515409469604,0.6885775923728943,0.7879711389541626,2,31,72,"[0.3733, 0.123, 0.094, 0.0593, 0.039, 0.0256, 0.0223, 0.0209, 0.0163, 0.0143]","[0.833, 0.209, 0.031, 0.311, 0.012, 0.091, 0.123, 0.159, 0.044, 0.138]",2000,0.28635093569755554,0.768695513579091,
41,T3,1890,0.9078187790031291,-0.12708602503308647,-0.0931937335182115,0.026450676751463918,0.1825704817211576,-0.07513211600929033,-0.08018861433167558,0.31206655502319336,0.16106335818767548,0.0862329751253128,0.47312992811203003,0.6870378851890564,0.8053184151649475,1,25,58,"[0.3121, 0.1611, 0.0862, 0.0653, 0.0624, 0.0377, 0.0277, 0.0227, 0.0167, 0.0135]","[0.908, 0.127, 0.093, 0.217, 0.026, 0.016, 0.103, 0.019, 0.13, 0.015]",2000,0.21566230058670044,-0.6826621219433804,
41,T4,1890,-0.9242494654235589,-0.1561719922809791,-0.05267430696975525,-0.011248413282027232,-0.109371953963509,0.08605031635678488,0.1648298549595864,0.3805433511734009,0.14004704356193542,0.07287485897541046,0.5205904245376587,0.6848598718643188,0.8137195706367493,1,22,49,"[0.3805, 0.14, 0.0729, 0.0481, 0.0433, 0.0415, 0.0359, 0.0206, 0.0175, 0.0133]","[0.924, 0.156, 0.053, 0.066, 0.136, 0.119, 0.116, 0.096, 0.02, 0.018]",2000,0.28275635838508606,0.711206123521333,
41,T5,1890,0.8705400349064331,-0.2707482156098114,-0.08870825813236377,0.07209083771141933,0.2615256119550784,-0.11588292563410882,-0.09753114106156228,0.36034172773361206,0.13739348948001862,0.10562263429164886,0.4977352023124695,0.7009602785110474,0.7996958494186401,1,34,102,"[0.3603, 0.1374, 0.1056, 0.0582, 0.0394, 0.0326, 0.0253, 0.0156, 0.0136, 0.0116]","[0.871, 0.271, 0.089, 0.08, 0.153, 0.01, 0.126, 0.069, 0.036, 0.158]",2000,0.2274702489376068,-0.6932073649276842,
41,T6,1890,0.8254537241629357,0.3658627828765283,0.03427627401236266,0.058785444938100846,0.31010063716526814,-0.15881741451578452,-0.07819123163281853,0.29535046219825745,0.16898806393146515,0.09824801981449127,0.4643385410308838,0.679216742515564,0.7814701199531555,2,35,94,"[0.2954, 0.169, 0.0982, 0.0645, 0.0522, 0.0336, 0.0256, 0.0154, 0.0142, 0.0134]","[0.825, 0.366, 0.034, 0.032, 0.137, 0.144, 0.123, 0.054, 0.109, 0.108]",2000,0.20552140474319458,-0.6608594612732275,
41,T7,1890,0.8949298049717138,-0.06186228557971039,-0.20680640327552915,0.016450310307655668,0.23836359220332776,-0.09216278499702373,-0.13538028364843976,0.31097304821014404,0.1261700540781021,0.08291976153850555,0.43714308738708496,0.6360797882080078,0.7413904666900635,1,63,194,"[0.311, 0.1262, 0.0829, 0.0727, 0.0433, 0.0334, 0.0256, 0.019, 0.0139, 0.0135]","[0.895, 0.062, 0.207, 0.066, 0.19, 0.062, 0.104, 0.04, 0.114, 0.038]",2000,0.16974234580993652,-0.6403761829764597,
41,T8,1890,0.8911136486984084,-0.1311329943991215,-0.14346951413164336,-0.06350126860404484,0.09385470124424038,-0.14633756346954424,-0.12979048690554737,0.4003126621246338,0.13932497799396515,0.08186556398868561,0.5396376252174377,0.7225790619850159,0.8318202495574951,1,22,60,"[0.4003, 0.1393, 0.0819, 0.0557, 0.0453, 0.0353, 0.0283, 0.0174, 0.0157, 0.0126]","[0.891, 0.131, 0.143, 0.023, 0.125, 0.044, 0.125, 0.17, 0.039, 0.031]",2000,0.24557341635227203,-0.6486133138075677,
41,R0,1890,0.9040668558004895,0.2687776618807574,0.04650144693821188,-0.0707665689129905,-0.017151110327960288,-0.13315689834393216,-0.06176820866937676,0.37679925560951233,0.13900355994701385,0.06275248527526855,0.515802800655365,0.678101658821106,0.7859864234924316,1,33,96,"[0.3768, 0.139, 0.0628, 0.0594, 0.0401, 0.0361, 0.0237, 0.0181, 0.0159, 0.014]","[0.904, 0.269, 0.047, 0.008, 0.143, 0.067, 0.1, 0.044, 0.014, 0.047]",2000,0.1914006620645523,-0.6372711153146556,
41,R1,1890,-0.8741600480379338,0.04723987987754229,-0.2604759491577687,-0.041614850528038476,-0.062409872282089836,0.19518362409634993,0.08347404112202446,0.3422148823738098,0.19307653605937958,0.09963308274745941,0.5352914333343506,0.763942301273346,0.8632715940475464,1,16,35,"[0.3422, 0.1931, 0.0996, 0.09, 0.039, 0.0371, 0.0197, 0.0172, 0.0155, 0.0099]","[0.874, 0.047, 0.26, 0.118, 0.028, 0.018, 0.129, 0.251, 0.009, 0.15]",2000,0.277770459651947,0.6996596782536888,
41,R2,1890,0.6581884898372217,-0.08631836672850778,-0.6355198911543876,0.10594567920403045,0.09638537535655994,0.04555850523556324,0.39447397055286393,0.537922739982605,0.13925036787986755,0.08290668576955795,0.6771731376647949,0.8321086764335632,0.9020676016807556,2,10,25,"[0.5379, 0.1393, 0.0829, 0.0412, 0.0309, 0.0231, 0.0171, 0.0123, 0.0096, 0.008]","[0.658, 0.086, 0.636, 0.025, 0.001, 0.265, 0.114, 0.028, 0.038, 0.028]",2000,0.10591375827789307,-0.26553647339682196,
41,R3,1890,0.3521815637215472,-0.6205668629350831,0.594230520510893,0.06018125259507354,0.09970986633887845,0.09099793953209546,-0.040065857901450896,0.38206133246421814,0.2934176027774811,0.05427505820989609,0.6754789352416992,0.8030426502227783,0.8806567788124084,3,13,31,"[0.3821, 0.2934, 0.0543, 0.0416, 0.0317, 0.025, 0.0173, 0.016, 0.0102, 0.0092]","[0.352, 0.621, 0.594, 0.214, 0.046, 0.071, 0.066, 0.104, 0.134, 0.036]",2000,0.3948540687561035,-0.262309216028606,
41,R4,1890,0.06512483103065858,-0.8870002996684884,0.36991691238883584,-0.017053904979925368,-0.06903245200026173,-0.02464966386892326,-0.04816857880718266,0.4615449905395508,0.1713961362838745,0.09601786732673645,0.6329411268234253,0.8226053714752197,0.9111297130584717,4,9,21,"[0.4615, 0.1714, 0.096, 0.0584, 0.0352, 0.0261, 0.0244, 0.017, 0.0115, 0.0095]","[0.065, 0.887, 0.37, 0.355, 0.348, 0.001, 0.045, 0.096, 0.035, 0.059]",2000,0.24368038773536682,-0.19057026368138458,
41,R5,1890,-0.33231005706764677,-0.9209679040886736,0.49314558692894817,0.06304148892655025,-0.03946258662154567,0.080493857404177,0.06821636116201098,0.7999396324157715,0.06547609716653824,0.04923919960856438,0.8654157519340515,0.9408985376358032,0.9674618244171143,4,3,7,"[0.7999, 0.0655, 0.0492, 0.0168, 0.0094, 0.0085, 0.0062, 0.0056, 0.0035, 0.0028]","[0.332, 0.921, 0.493, 0.227, 0.321, 0.118, 0.165, 0.077, 0.035, 0.065]",2000,0.09818828850984573,0.2846814844216156,
41,R6,1890,-0.3451727096234433,-0.9019544055481163,-0.895617492943401,-0.0307105186409049,-0.053204222213959505,-0.05335933086737395,0.03406033809307057,0.45751717686653137,0.176154226064682,0.1422548145055771,0.6336714029312134,0.8470919728279114,0.916614294052124,3,9,17,"[0.4575, 0.1762, 0.1423, 0.0402, 0.031, 0.019, 0.0177, 0.0156, 0.0092, 0.0079]","[0.345, 0.902, 0.896, 0.243, 0.201, 0.112, 0.029, 0.08, 0.022, 0.148]",2000,0.21748781204223633,0.22969451626195445,
41,R7,1890,-0.9021480367609176,-0.3920218306395011,-0.24843313510165208,-0.00023014749137471814,-0.06575178096762467,0.059414463003016345,0.1553070302859614,0.4957351088523865,0.08807749301195145,0.0710255429148674,0.5838125944137573,0.7534788846969604,0.8471347689628601,2,17,37,"[0.4957, 0.0881, 0.071, 0.0532, 0.0455, 0.0253, 0.0225, 0.0169, 0.0152, 0.0138]","[0.902, 0.392, 0.248, 0.008, 0.005, 0.054, 0.018, 0.167, 0.043, 0.082]",2000,0.4748483896255493,0.7417183866563034,
42,T0,1890,0.9322525514972401,0.04994579643284162,0.006280032219731785,0.05931549880527921,0.16639888261289304,-0.12528529693641557,-0.1064121446049562,0.3593887686729431,0.10588076710700989,0.079829640686512,0.465269535779953,0.646155059337616,0.7548134922981262,1,43,120,"[0.3594, 0.1059, 0.0798, 0.0556, 0.0454, 0.0293, 0.0258, 0.0207, 0.0171, 0.0157]","[0.932, 0.05, 0.006, 0.07, 0.022, 0.031, 0.173, 0.042, 0.03, 0.066]",2000,0.22930783033370972,-0.6548932205759513,
42,T1,1890,-0.895361058178072,-0.1292122789398247,0.27541970603639565,-0.048886466570738904,-0.04054505525601362,0.06625668646020713,0.19933405538206253,0.5324887633323669,0.1028713583946228,0.06011949107050896,0.6353601217269897,0.7701928019523621,0.8504663109779358,1,17,37,"[0.5325, 0.1029, 0.0601, 0.0437, 0.031, 0.0218, 0.0194, 0.0152, 0.0135, 0.0104]","[0.895, 0.129, 0.275, 0.21, 0.008, 0.139, 0.133, 0.203, 0.03, 0.027]",2000,0.3550889194011688,0.7403516495471487,
42,T2,1890,0.8092678965224012,0.2254222217231147,-0.09490409758376968,-0.0034505885231002485,0.03411119554911274,-0.032020473068869355,-0.1743768504306621,0.3988347351551056,0.11906865239143372,0.09347805380821228,0.5179033875465393,0.7015995979309082,0.7982785701751709,2,28,67,"[0.3988, 0.1191, 0.0935, 0.0552, 0.035, 0.0242, 0.0215, 0.0209, 0.0158, 0.0142]","[0.809, 0.225, 0.095, 0.319, 0.002, 0.022, 0.155, 0.077, 0.027, 0.126]",2000,0.30230584740638733,-0.7809266358379329,
42,T3,1890,-0.9122554474493071,-0.0959205898830534,-0.09604930993273413,-0.019230688244259653,-0.16044680458041022,0.07681107479080862,0.06350915353189848,0.3085077106952667,0.16221389174461365,0.08755744993686676,0.47072160243988037,0.6842398643493652,0.8022993803024292,1,26,61,"[0.3085, 0.1622, 0.0876, 0.0646, 0.0614, 0.0383, 0.0271, 0.0222, 0.017, 0.0134]","[0.912, 0.096, 0.096, 0.155, 0.126, 0.038, 0.096, 0.027, 0.123, 0.002]",2000,0.21192876994609833,0.6767035925108805,
42,T4,1890,-0.9220056806860532,0.14384870955014062,-0.03589545561099696,-0.012163185065273552,-0.10747192239244373,0.06785097469572776,0.17442385506231356,0.37511464953422546,0.1400086134672165,0.07334352284669876,0.5151232481002808,0.6808005571365356,0.8112239241600037,1,23,50,"[0.3751, 0.14, 0.0733, 0.0497, 0.0426, 0.0412, 0.0359, 0.0212, 0.0182, 0.014]","[0.922, 0.144, 0.036, 0.057, 0.164, 0.02, 0.117, 0.109, 0.03, 0.011]",2000,0.2805147171020508,0.7167633816128232,
42,T5,1890,0.8833311768568745,-0.22045394874641513,-0.11805311578668613,0.06056187502204988,0.24608649480284076,-0.11525099319687798,-0.10260456382417289,0.3687964677810669,0.1309167742729187,0.10272076725959778,0.4997132420539856,0.6984428763389587,0.7985925078392029,1,35,104,"[0.3688, 0.1309, 0.1027, 0.0577, 0.0383, 0.0333, 0.025, 0.0156, 0.0142, 0.0121]","[0.883, 0.22, 0.118, 0.083, 0.148, 0.008, 0.14, 0.083, 0.061, 0.145]",2000,0.23075909912586212,-0.6929875083654647,
42,T6,1890,0.837036751973073,-0.35631383748645257,-0.023768986362344972,0.041808966732561265,0.29629682211559394,-0.14880687509304688,-0.07653541565734592,0.29971563816070557,0.1641252189874649,0.09869396686553955,0.4638408422470093,0.675995409488678,0.7772611975669861,2,37,100,"[0.2997, 0.1641, 0.0987, 0.0627, 0.0508, 0.0326, 0.0256, 0.0155, 0.0141, 0.0135]","[0.837, 0.356, 0.024, 0.043, 0.14, 0.101, 0.12, 0.07, 0.135, 0.092]",2000,0.2054104059934616,-0.6596879824364649,
42,T7,1890,0.891138409642251,-0.058657122420914934,-0.25683170925746585,0.0042112366126893855,0.2316654531810459,-0.09589482844250934,-0.1419863052931597,0.3216964304447174,0.12171225249767303,0.08457937836647034,0.44340866804122925,0.6426267623901367,0.7471948862075806,1,61,189,"[0.3217, 0.1217, 0.0846, 0.0741, 0.0405, 0.0343, 0.0253, 0.0189, 0.0134, 0.0126]","[0.891, 0.059, 0.257, 0.012, 0.187, 0.045, 0.104, 0.036, 0.112, 0.021]",2000,0.17549805343151093,-0.6418863984038508,
42,T8,1890,0.8939064333464891,-0.13256622232186097,0.14374687106815087,-0.06355814867984105,0.09405514240159393,-0.14455187356353613,-0.12413610240043495,0.39625754952430725,0.14151351153850555,0.07955742627382278,0.5377710461616516,0.7176006436347961,0.8277348875999451,1,23,65,"[0.3963, 0.1415, 0.0796, 0.0562, 0.0441, 0.0351, 0.0287, 0.0183, 0.0156, 0.0124]","[0.894, 0.133, 0.144, 0.032, 0.115, 0.046, 0.129, 0.17, 0.018, 0.043]",2000,0.24209845066070557,-0.6446339926814199,
42,R0,1890,0.9039576805305867,0.26598424799888404,0.0523694229362151,-0.07735990493564711,-0.020063694974368128,-0.12990467949043133,-0.06165147496228435,0.3757675886154175,0.13787749409675598,0.0622120201587677,0.5136450529098511,0.6741729378700256,0.7816051840782166,1,35,103,"[0.3758, 0.1379, 0.0622, 0.058, 0.0403, 0.0356, 0.0234, 0.0188, 0.0155, 0.0141]","[0.904, 0.266, 0.052, 0.016, 0.145, 0.057, 0.09, 0.045, 0.002, 0.069]",2000,0.1943889707326889,-0.6341385589490142,
42,R1,1890,-0.8751713596982049,0.08068030551342764,-0.26485030948250554,-0.035369809199437274,-0.06559135135549106,0.20298016129563767,0.07321230670400018,0.3370475172996521,0.20339693129062653,0.09802623093128204,0.5404444336891174,0.7682248950004578,0.8660881519317627,1,15,35,"[0.337, 0.2034, 0.098, 0.0921, 0.0377, 0.0365, 0.02, 0.0167, 0.0149, 0.0097]","[0.875, 0.081, 0.265, 0.015, 0.029, 0.039, 0.127, 0.252, 0.021, 0.147]",2000,0.27156755328178406,0.6956725121253209,
42,R2,1890,0.6377006143299753,-0.026759574545820078,-0.6692347894824454,0.10206208543560086,0.09153400288658901,0.042350623549285864,0.43359360474897973,0.5723649263381958,0.13369569182395935,0.06987770646810532,0.7060606479644775,0.8472781777381897,0.9106413125991821,2,9,22,"[0.5724, 0.1337, 0.0699, 0.0419, 0.0295, 0.0217, 0.0147, 0.0107, 0.0089, 0.0074]","[0.638, 0.027, 0.669, 0.047, 0.012, 0.246, 0.063, 0.005, 0.054, 0.077]",2000,0.08152788132429123,-0.23673271524535838,
42,R3,1890,0.31544435351478134,-0.597391958505207,-0.6322253851801352,0.04861663726696347,0.09047371130570807,0.10957733951507614,-0.016325266094590115,0.3947001099586487,0.28929728269577026,0.055602286010980606,0.683997392654419,0.8102495074272156,0.8850687146186829,3,13,30,"[0.3947, 0.2893, 0.0556, 0.0409, 0.0297, 0.0236, 0.0165, 0.0152, 0.0107, 0.0089]","[0.315, 0.597, 0.632, 0.157, 0.034, 0.055, 0.09, 0.084, 0.101, 0.052]",2000,0.39275217056274414,-0.23849589683377473,
42,R4,1890,0.06490018947764993,-0.8819534972431086,0.33543039375900724,-0.009815859089806854,-0.06518301772334974,-0.029560796870407843,-0.03376953177833598,0.46223899722099304,0.1727471500635147,0.0967792421579361,0.634986162185669,0.823438286781311,0.9101942777633667,4,9,21,"[0.4622, 0.1727, 0.0968, 0.0573, 0.0343, 0.0256, 0.0237, 0.0168, 0.0114, 0.0092]","[0.065, 0.882, 0.335, 0.365, 0.343, 0.011, 0.044, 0.107, 0.033, 0.061]",2000,0.24474236369132996,-0.1830145066117358,
42,R5,1890,-0.3157621085739627,-0.9208625413934531,0.44927977378891676,0.06811189860253905,-0.03872061120919749,0.07341425742485264,0.04702421141011919,0.8156605958938599,0.05825582519173622,0.04599964991211891,0.8739164471626282,0.9441928863525391,0.9693828225135803,3,3,6,"[0.8157, 0.0583, 0.046, 0.0156, 0.0087, 0.0083, 0.0058, 0.0053, 0.0033, 0.0025]","[0.316, 0.921, 0.449, 0.208, 0.299, 0.136, 0.158, 0.073, 0.066, 0.068]",2000,0.09311846643686295,0.26062330450639515,
42,R6,1890,0.29088393930786116,-0.9145420157864458,-0.8767399117836333,0.031534967189752315,0.03924148954704937,0.041698466988134425,-0.02126088762904848,0.5012658834457397,0.16111290454864502,0.12851162254810333,0.6623787879943848,0.8553847074508667,0.92080157995224,2,8,17,"[0.5013, 0.1611, 0.1285, 0.0363, 0.0282, 0.0177, 0.0168, 0.0148, 0.0087, 0.0074]","[0.291, 0.915, 0.877, 0.242, 0.202, 0.142, 0.064, 0.102, 0.044, 0.177]",2000,0.204685240983963,-0.19072929222638968,
42,R7,1890,-0.8918064079895516,-0.39273518851362577,-0.28502149917742636,0.004342979760510029,-0.06510326854130624,0.05407797483616437,0.16085591067048544,0.5101792812347412,0.08330731838941574,0.06789610534906387,0.5934866070747375,0.7593127489089966,0.8522154092788696,2,16,35,"[0.5102, 0.0833, 0.0679, 0.0533, 0.0447, 0.0255, 0.0218, 0.0172, 0.0148, 0.0136]","[0.892, 0.393, 0.285, 0.001, 0.018, 0.063, 0.002, 0.139, 0.022, 0.128]",2000,0.4860048294067383,0.7483585453161028,
43,T0,1890,0.9325764834074651,0.053091878160661625,-0.02900547637446128,0.05006261685673022,0.17248921134265024,-0.12869013280364078,-0.10235306732191951,0.36942794919013977,0.10001884400844574,0.07655074447393417,0.4694467782974243,0.6505720615386963,0.7532342076301575,1,43,121,"[0.3694, 0.1, 0.0766, 0.0584, 0.0461, 0.029, 0.0254, 0.0183, 0.0161, 0.0138]","[0.933, 0.053, 0.029, 0.078, 0.042, 0.003, 0.156, 0.067, 0.093, 0.053]",2000,0.23335470259189606,-0.6541734403670286,
43,T1,1890,-0.8977127500558887,0.11239523561468633,0.24449813139221102,-0.038859083429971575,-0.03757295926205657,0.060805645971798626,0.2045645579889511,0.5399900674819946,0.10176903754472733,0.058930471539497375,0.6417590975761414,0.7723563313484192,0.855044424533844,1,16,36,"[0.54, 0.1018, 0.0589, 0.0401, 0.0316, 0.023, 0.0208, 0.0151, 0.0133, 0.0105]","[0.898, 0.112, 0.244, 0.201, 0.038, 0.018, 0.206, 0.122, 0.116, 0.027]",2000,0.35168957710266113,0.7431073933280575,
43,T2,1890,0.8059413374302492,0.20377167325937698,-0.1468883272336282,-0.006381084499360797,0.04109314731725186,-0.036910607256186355,-0.1737487749070245,0.402474969625473,0.11820273101329803,0.10002993792295456,0.5206776857376099,0.7060538530349731,0.8030149340629578,2,27,65,"[0.4025, 0.1182, 0.1, 0.0536, 0.0318, 0.025, 0.0217, 0.0207, 0.0159, 0.0137]","[0.806, 0.204, 0.147, 0.315, 0.066, 0.18, 0.096, 0.102, 0.023, 0.133]",2000,0.30876362323760986,-0.7794004991126164,
43,T3,1890,-0.9142912738763207,-0.04387213953985569,0.06190085589488252,-0.006722831243754621,-0.13908760944090728,0.0862701120811273,0.06641845943698975,0.3155983090400696,0.16486720740795135,0.0860065147280693,0.48046553134918213,0.6889455318450928,0.8032866716384888,1,26,61,"[0.3156, 0.1649, 0.086, 0.0625, 0.06, 0.0361, 0.0262, 0.0217, 0.0171, 0.0133]","[0.914, 0.044, 0.062, 0.189, 0.029, 0.045, 0.115, 0.002, 0.102, 0.002]",2000,0.21337103843688965,0.6677962552363401,
43,T4,1890,-0.9186670801643051,0.13030818491091367,0.018461830337880125,-0.011635039963937752,-0.1087327284120571,0.062128178577190225,0.17424558015711875,0.3784357011318207,0.14119553565979004,0.07069487124681473,0.5196312665939331,0.6819441318511963,0.8113089799880981,1,23,50,"[0.3784, 0.1412, 0.0707, 0.0497, 0.0419, 0.0409, 0.0331, 0.0221, 0.0184, 0.0149]","[0.919, 0.13, 0.018, 0.034, 0.228, 0.145, 0.12, 0.112, 0.025, 0.009]",2000,0.2827465832233429,0.7135640672413907,
43,T5,1890,0.883592116714263,-0.20799503185444587,-0.13102930950480018,0.05713279297507467,0.2425812893014404,-0.10752844118579792,-0.11716723330416653,0.3701487183570862,0.12736117839813232,0.10252665728330612,0.4975098967552185,0.6961058378219604,0.7976843118667603,1,35,105,"[0.3701, 0.1274, 0.1025, 0.0572, 0.0389, 0.0356, 0.0243, 0.0152, 0.0146, 0.0118]","[0.884, 0.208, 0.131, 0.068, 0.152, 0.028, 0.145, 0.081, 0.022, 0.136]",2000,0.2377249300479889,-0.6948001568784443,
43,T6,1890,0.8493668389368677,0.3328813410032219,-0.0010892918957894316,0.04649264633326531,0.2801608602832208,-0.14334891600356323,-0.05789416656116226,0.3026176691055298,0.1541988104581833,0.09739404916763306,0.45681649446487427,0.6705285310745239,0.7732875943183899,2,38,105,"[0.3026, 0.1542, 0.0974, 0.0655, 0.0508, 0.033, 0.0258, 0.0158, 0.0147, 0.0135]","[0.849, 0.333, 0.001, 0.016, 0.131, 0.086, 0.122, 0.074, 0.119, 0.077]",2000,0.2064584642648697,-0.6647778883821424,
43,T7,1890,0.8923972995805494,0.035853176306414346,-0.2654157051405135,0.004949848437126572,0.23366262894885886,-0.10226053994309421,-0.13034378221494905,0.335470587015152,0.11897888779640198,0.08289021998643875,0.45444947481155396,0.6481451988220215,0.7506264448165894,1,60,185,"[0.3355, 0.119, 0.0829, 0.071, 0.0398, 0.034, 0.0253, 0.0183, 0.0132, 0.0118]","[0.892, 0.036, 0.265, 0.011, 0.184, 0.008, 0.112, 0.055, 0.111, 0.064]",2000,0.1788296103477478,-0.6415805888173065,
43,T8,1890,0.8957586399020926,-0.1455687510816058,0.14116936573389616,-0.06398551949950572,0.08898018154855644,-0.14314909870225703,-0.11635362555579327,0.39264440536499023,0.14485237002372742,0.07849525660276413,0.53749680519104,0.7171810269355774,0.826349139213562,1,24,68,"[0.3926, 0.1449, 0.0785, 0.0576, 0.0436, 0.0352, 0.0282, 0.0181, 0.0155, 0.0122]","[0.896, 0.146, 0.141, 0.049, 0.098, 0.024, 0.123, 0.156, 0.025, 0.085]",2000,0.23864562809467316,-0.6406930337966482,
43,R0,1890,0.8949760429509709,-0.2965157684430154,-0.02717681097348907,-0.0800160008493706,-0.023888331945560306,-0.13674888683896022,-0.06053634294959253,0.3660176694393158,0.13436473906040192,0.06302773952484131,0.5003824234008789,0.6642313003540039,0.7711396813392639,1,39,115,"[0.366, 0.1344, 0.063, 0.06, 0.0409, 0.032, 0.024, 0.0202, 0.0159, 0.0148]","[0.895, 0.297, 0.027, 0.022, 0.154, 0.068, 0.086, 0.0, 0.028, 0.06]",2000,0.19421926140785217,-0.6311652011064388,
43,R1,1890,0.8803518856431487,-0.06264840990734148,-0.21804745877913534,0.03786890382150098,0.07299220941632217,-0.18644212820020348,-0.08173454253563589,0.3473625183105469,0.20505943894386292,0.09684960544109344,0.5524219274520874,0.7771526575088501,0.8716650009155273,1,15,34,"[0.3474, 0.2051, 0.0968, 0.0918, 0.036, 0.0346, 0.0206, 0.0159, 0.0142, 0.0092]","[0.88, 0.063, 0.218, 0.079, 0.033, 0.056, 0.159, 0.239, 0.009, 0.152]",2000,0.27547594904899597,-0.7054773039000769,
43,R2,1890,0.6303433261413852,0.014024195472193086,-0.663057196333965,0.09569516833885106,0.08449393388038767,0.038703552266169214,0.4564098819035648,0.6092079281806946,0.1204126626253128,0.061610300093889236,0.7296205759048462,0.8611416220664978,0.9195165038108826,2,8,20,"[0.6092, 0.1204, 0.0616, 0.0432, 0.0267, 0.0199, 0.0127, 0.0097, 0.0091, 0.0069]","[0.63, 0.014, 0.663, 0.248, 0.031, 0.225, 0.031, 0.034, 0.077, 0.092]",2000,0.06521788239479065,-0.2270711570111374,
43,R3,1890,0.3261446985320743,-0.6057343340309047,0.6288438245001196,0.061158249462688614,0.09349635555364275,0.11327679486225056,-0.012043685456740809,0.37911733984947205,0.29800596833229065,0.05921950191259384,0.6771233081817627,0.8072209358215332,0.8838900327682495,3,13,30,"[0.3791, 0.298, 0.0592, 0.0412, 0.0297, 0.0242, 0.0167, 0.0153, 0.0113, 0.0092]","[0.326, 0.606, 0.629, 0.149, 0.018, 0.052, 0.094, 0.102, 0.112, 0.072]",2000,0.39680999517440796,-0.2545592917902796,
43,R4,1890,0.08224635864592476,-0.8717691994885425,0.29284432724290627,-0.005255496744900256,-0.062268006310028316,-0.03043353834575642,-0.032982778178755494,0.47312402725219727,0.16855928301811218,0.09725110977888107,0.6416833400726318,0.8304813504219055,0.912447452545166,3,9,21,"[0.4731, 0.1686, 0.0973, 0.0574, 0.0341, 0.0236, 0.0224, 0.016, 0.0108, 0.0092]","[0.082, 0.872, 0.293, 0.367, 0.344, 0.043, 0.009, 0.115, 0.043, 0.038]",2000,0.24103295803070068,-0.20288784866726114,
43,R5,1890,-0.3001019654185412,-0.9213412030053431,-0.6390290664220285,0.06904239767597926,-0.038594939146344105,0.07235164231314754,0.0439596374296783,0.830990731716156,0.052008673548698425,0.042718302458524704,0.8829994201660156,0.9488977789878845,0.9717499017715454,4,3,6,"[0.831, 0.052, 0.0427, 0.0149, 0.0083, 0.0079, 0.0051, 0.0048, 0.0029, 0.0023]","[0.3, 0.921, 0.639, 0.212, 0.022, 0.308, 0.226, 0.013, 0.072, 0.001]",2000,0.09062980860471725,0.24138900306308786,
43,R6,1890,-0.1868240153322603,-0.9185189454788524,0.8925162215704457,-0.059768173891666915,-0.019760589425322952,-0.025858834257993835,-0.00037809680150142927,0.5681300759315491,0.1395939141511917,0.10889779031276703,0.7077239751815796,0.8720449209213257,0.9304831027984619,2,7,14,"[0.5681, 0.1396, 0.1089, 0.0312, 0.0242, 0.0164, 0.0144, 0.013, 0.0082, 0.0064]","[0.187, 0.919, 0.893, 0.25, 0.216, 0.101, 0.069, 0.096, 0.052, 0.175]",2000,0.18662017583847046,0.11002544588720117,
43,R7,1890,0.8740700260318071,-0.4092660518831596,-0.2896268637951183,-0.007398880884762327,0.06779253547859436,-0.04821853860303996,-0.14289593940262618,0.5163077116012573,0.07959382236003876,0.06641721725463867,0.5959015488624573,0.7621548771858215,0.8554777503013611,2,16,33,"[0.5163, 0.0796, 0.0664, 0.0566, 0.0433, 0.0258, 0.0213, 0.0178, 0.015, 0.0134]","[0.874, 0.409, 0.29, 0.024, 0.043, 0.063, 0.009, 0.088, 0.004, 0.154]",2000,0.4941239655017853,-0.748505712888496,
44,T0,1890,0.9344968183569816,0.04732669272991838,0.02327121321245657,0.048366924662435695,0.151781645266584,-0.13702635141727684,-0.08854686443924176,0.3922916054725647,0.09949567168951035,0.06930413842201233,0.49178728461265564,0.6632688641548157,0.7624073028564453,1,40,113,"[0.3923, 0.0995, 0.0693, 0.0582, 0.044, 0.0294, 0.0239, 0.0173, 0.0151, 0.0135]","[0.934, 0.047, 0.023, 0.057, 0.048, 0.044, 0.115, 0.058, 0.124, 0.077]",2000,0.2369874268770218,-0.6513656345864746,
44,T1,1890,-0.8936983655648948,0.13776745307813135,-0.32226759176999953,-0.03491641693593399,-0.0429190029477634,0.06036768370125066,0.2098362574563937,0.5455280542373657,0.1014823392033577,0.05775546282529831,0.6470103859901428,0.772585391998291,0.8509674668312073,2,18,41,"[0.5455, 0.1015, 0.0578, 0.0405, 0.0273, 0.0222, 0.0194, 0.0146, 0.012, 0.0102]","[0.894, 0.138, 0.322, 0.239, 0.065, 0.131, 0.126, 0.172, 0.096, 0.045]",2000,0.3611108958721161,0.7335074536076747,
44,T2,1890,0.8285346579293614,0.23529465896466248,-0.07256720580647683,-0.010522188976489523,0.037231883243294954,-0.03206115170963494,-0.19311547729129522,0.388237327337265,0.10873226076364517,0.09299561381340027,0.4969695806503296,0.674098014831543,0.7765353918075562,1,34,81,"[0.3882, 0.1087, 0.093, 0.053, 0.0311, 0.0273, 0.0223, 0.0204, 0.017, 0.0154]","[0.829, 0.235, 0.073, 0.276, 0.012, 0.263, 0.11, 0.031, 0.01, 0.165]",2000,0.31018275022506714,-0.7709893652291113,
44,T3,1890,-0.916047516733699,0.06982675908693914,-0.046062712072617716,-0.023570639841866824,-0.14548870058917543,0.09789108145867442,0.061656285849598806,0.3156014382839203,0.1741214543581009,0.08986638486385345,0.4897229075431824,0.7007655501365662,0.8128323554992676,1,25,57,"[0.3156, 0.1741, 0.0899, 0.0624, 0.0588, 0.0377, 0.0244, 0.0202, 0.0169, 0.0129]","[0.916, 0.07, 0.046, 0.156, 0.03, 0.091, 0.095, 0.03, 0.068, 0.036]",2000,0.20766782760620117,0.663186968431912,
44,T4,1890,-0.8903013629620563,-0.1584752817724693,0.09743049286571537,-0.043483328359527194,-0.12188061559438092,0.06575594183948752,0.14568146968613888,0.3790934979915619,0.12746118009090424,0.06603501737117767,0.5065546631813049,0.6646528840065002,0.7904053330421448,1,26,60,"[0.3791, 0.1275, 0.066, 0.0484, 0.0437, 0.0348, 0.0316, 0.0234, 0.0193, 0.0167]","[0.89, 0.158, 0.097, 0.07, 0.129, 0.253, 0.054, 0.084, 0.051, 0.126]",2000,0.28285807371139526,0.7050987187929374,
44,T5,1890,0.8813210132446985,-0.23401902955512743,-0.1005275775124175,0.061129118154969825,0.24953570317780108,-0.10351788538366408,-0.11076101717538696,0.37425389885902405,0.12484685331583023,0.10261517018079758,0.4991007447242737,0.6979226469993591,0.7974672317504883,1,36,104,"[0.3743, 0.1248, 0.1026, 0.0566, 0.0396, 0.0338, 0.0242, 0.0155, 0.0142, 0.0118]","[0.881, 0.234, 0.101, 0.066, 0.147, 0.005, 0.143, 0.076, 0.012, 0.114]",2000,0.23552432656288147,-0.6949543869220914,
44,T6,1890,0.8620889169775703,0.2961622009997458,-0.011350508986347992,0.05707070932488025,0.2759252864886173,-0.13402942290050993,-0.04596587569476679,0.3009830415248871,0.15380311012268066,0.09481945633888245,0.45478615164756775,0.6669889092445374,0.7711676359176636,1,39,107,"[0.301, 0.1538, 0.0948, 0.066, 0.0514, 0.0336, 0.025, 0.0186, 0.0141, 0.0129]","[0.862, 0.296, 0.011, 0.031, 0.119, 0.097, 0.129, 0.102, 0.087, 0.087]",2000,0.20430797338485718,-0.6703228487027373,
44,T7,1890,0.8897761873672959,-0.07285566834178647,-0.2670416832826866,0.008387785450925507,0.23713773913767677,-0.11478118575501997,-0.13615789232544104,0.3467748761177063,0.11558841168880463,0.0810045525431633,0.4623633027076721,0.6503735184669495,0.7536706328392029,1,59,179,"[0.3468, 0.1156, 0.081, 0.069, 0.038, 0.034, 0.026, 0.0188, 0.0129, 0.0116]","[0.89, 0.073, 0.267, 0.042, 0.193, 0.019, 0.096, 0.053, 0.113, 0.062]",2000,0.1821318119764328,-0.6362282528025955,
44,T8,1890,-0.9098193541151904,-0.08238016674371643,0.1257663349230311,0.038710086661089264,-0.09857912205056935,0.1365484788179495,0.11263807901461374,0.41200321912765503,0.1426488757133484,0.07409311830997467,0.5546520948410034,0.7248436808586121,0.8328340649604797,1,22,62,"[0.412, 0.1426, 0.0741, 0.055, 0.0411, 0.0357, 0.027, 0.0174, 0.0154, 0.0125]","[0.91, 0.082, 0.126, 0.041, 0.094, 0.012, 0.11, 0.153, 0.009, 0.112]",2000,0.25446054339408875,0.6460953635949879,
44,R0,1890,0.8929309677196546,-0.30702316648520844,0.0504436354541558,-0.06678460611613664,-0.003935944269875973,-0.13732943297762049,-0.041645608744218465,0.36326831579208374,0.1368156373500824,0.068061962723732,0.5000839233398438,0.6625326871871948,0.7664692401885986,2,39,116,"[0.3633, 0.1368, 0.0681, 0.0545, 0.0399, 0.031, 0.0235, 0.0214, 0.0148, 0.0131]","[0.893, 0.307, 0.05, 0.001, 0.11, 0.015, 0.083, 0.07, 0.046, 0.095]",2000,0.19166715443134308,-0.6270165296956778,
44,R1,1890,0.003728015523421651,-0.8700266094532242,-0.05199494704673679,-0.019976512598189534,-0.019334969966558917,0.20096271907473076,-0.049758747004702016,0.32138100266456604,0.26870426535606384,0.11121542751789093,0.5900852680206299,0.8147283792495728,0.887291669845581,1,12,29,"[0.3214, 0.2687, 0.1112, 0.0717, 0.0418, 0.025, 0.017, 0.0126, 0.0104, 0.0076]","[0.004, 0.87, 0.052, 0.248, 0.226, 0.014, 0.176, 0.218, 0.089, 0.159]",2000,0.22588595747947693,0.09028676636886994,
44,R2,1890,0.6070065594607825,0.05677955788219073,-0.36795751848418995,0.08900247174195126,0.07543209832209562,0.023747018447884297,0.4683427096250949,0.5983834266662598,0.13768838346004486,0.05495499074459076,0.7360718250274658,0.8631837368011475,0.917355477809906,3,8,21,"[0.5984, 0.1377, 0.055, 0.0425, 0.0297, 0.0156, 0.0133, 0.0105, 0.0082, 0.0065]","[0.607, 0.057, 0.368, 0.543, 0.22, 0.209, 0.103, 0.087, 0.128, 0.029]",2000,0.03565426915884018,-0.22229925816069002,
44,R3,1890,0.3515018521068227,-0.6287618658061144,0.6316859129130884,0.028970715397609075,0.0921390089150244,0.11620816528707456,-0.031126044299024377,0.3722786605358124,0.29639920592308044,0.060550134629011154,0.6686778664588928,0.8010742664337158,0.8777640461921692,3,14,33,"[0.3723, 0.2964, 0.0606, 0.0404, 0.0314, 0.0235, 0.0162, 0.0146, 0.0131, 0.0091]","[0.352, 0.629, 0.632, 0.092, 0.02, 0.037, 0.119, 0.088, 0.149, 0.092]",2000,0.39397433400154114,-0.2684575187234778,
44,R4,1890,0.10894330795927686,-0.8675255270993432,0.610006721387924,0.00823607214045623,-0.05646573333526268,-0.037422350630746525,-0.020747212965099168,0.42570748925209045,0.19169066846370697,0.10991588979959488,0.6173981428146362,0.8237824440002441,0.9071610569953918,3,10,22,"[0.4257, 0.1917, 0.1099, 0.0589, 0.0376, 0.024, 0.0212, 0.0177, 0.0111, 0.0094]","[0.109, 0.868, 0.61, 0.34, 0.286, 0.082, 0.027, 0.136, 0.032, 0.045]",2000,0.25359609723091125,-0.2275984244957035,
44,R5,1890,-0.3275482414230821,-0.9098454629688915,0.2636631375468589,0.05407769155383095,-0.04545563148928462,0.08410744436118994,0.08387520534066878,0.7899909615516663,0.07688303291797638,0.037908006459474564,0.8668739795684814,0.9348888993263245,0.9637804627418518,3,3,7,"[0.79, 0.0769, 0.0379, 0.0186, 0.0115, 0.0102, 0.0062, 0.0057, 0.0038, 0.003]","[0.328, 0.91, 0.264, 0.171, 0.048, 0.337, 0.157, 0.116, 0.043, 0.14]",2000,0.11329550296068192,0.29098610631730765,
44,R6,1890,-0.19140274582094333,-0.9040343360039721,0.8840170219923754,-0.05643387110591914,-0.0007329499439169609,-0.052226026521576485,0.03460762855192001,0.623073399066925,0.1318877935409546,0.0843154639005661,0.7549611926078796,0.8887475728988647,0.9380370378494263,2,6,13,"[0.6231, 0.1319, 0.0843, 0.0281, 0.0214, 0.0136, 0.0117, 0.0104, 0.0075, 0.006]","[0.191, 0.904, 0.884, 0.263, 0.109, 0.212, 0.113, 0.106, 0.159, 0.216]",2000,0.16757626831531525,0.15658836606450757,
44,R7,1890,0.8423532971419385,-0.43392217945669687,0.34780369759602264,0.014855597097434522,0.06777755962941605,-0.037803318863318405,-0.12183690480528518,0.5229231119155884,0.08077265322208405,0.058618996292352676,0.6036957502365112,0.7554108500480652,0.8476853370666504,3,17,38,"[0.5229, 0.0808, 0.0586, 0.0536, 0.0395, 0.0273, 0.0198, 0.017, 0.0154, 0.0128]","[0.842, 0.434, 0.348, 0.033, 0.064, 0.099, 0.031, 0.082, 0.072, 0.147]",2000,0.4962852895259857,-0.7397115093657489,
45,T0,1890,0.934630570366054,0.04295003921342666,0.00650357247518782,0.053224131150273836,0.150516046453491,-0.13395625411560025,-0.07007197995285569,0.3886522650718689,0.10845500975847244,0.06706130504608154,0.49710726737976074,0.6672029495239258,0.7640222311019897,1,40,114,"[0.3887, 0.1085, 0.0671, 0.0577, 0.0454, 0.0286, 0.0234, 0.0158, 0.0148, 0.0142]","[0.935, 0.043, 0.007, 0.061, 0.043, 0.041, 0.096, 0.076, 0.133, 0.017]",2000,0.23578472435474396,-0.6513102815708095,
45,T1,1890,-0.88275858531941,0.1847919797904359,-0.35902977375348655,-0.032363570203034854,-0.044234379598137176,0.05220082326784896,0.20714544002428537,0.5378175973892212,0.11208336800336838,0.060167551040649414,0.6499009728431702,0.7771148085594177,0.8550242185592651,2,17,40,"[0.5378, 0.1121, 0.0602, 0.04, 0.0271, 0.0223, 0.0189, 0.0154, 0.0115, 0.0098]","[0.883, 0.185, 0.359, 0.208, 0.156, 0.12, 0.085, 0.201, 0.097, 0.005]",2000,0.3683479428291321,0.7357112992321895,
45,T2,1890,0.8084987634018252,-0.26868837030069953,-0.029139790161024075,-0.007841245946821479,0.0336623587504178,-0.020625470521584286,-0.20973668660798617,0.38572677969932556,0.10422612726688385,0.09505084902048111,0.4899529218673706,0.6685708165168762,0.7734948992729187,1,34,82,"[0.3857, 0.1042, 0.0951, 0.0517, 0.0319, 0.0292, 0.022, 0.0205, 0.0177, 0.0155]","[0.808, 0.269, 0.029, 0.268, 0.081, 0.216, 0.056, 0.053, 0.005, 0.126]",2000,0.3139745593070984,-0.7819027356149012,
45,T3,1890,-0.9166575807867541,0.0695167798518827,-0.026507230507243712,-0.03402512521406994,-0.14136374093734783,0.10162072109516118,0.07342600406152511,0.33236151933670044,0.17339341342449188,0.08747689425945282,0.5057549476623535,0.7064361572265625,0.8160130977630615,1,24,56,"[0.3324, 0.1734, 0.0875, 0.0592, 0.054, 0.0367, 0.0237, 0.0196, 0.0168, 0.0127]","[0.917, 0.07, 0.027, 0.147, 0.048, 0.098, 0.1, 0.003, 0.071, 0.053]",2000,0.2141948789358139,0.6678101934907136,
45,T4,1890,-0.8742136078115806,-0.18740843842057917,0.1803367112565705,-0.05048385595748485,-0.1270908788764614,0.04768088804688055,0.13016436240732954,0.36130866408348083,0.14331357181072235,0.06498116254806519,0.504622220993042,0.6653082966804504,0.7914978265762329,1,26,60,"[0.3613, 0.1433, 0.065, 0.0513, 0.0444, 0.0349, 0.0308, 0.0233, 0.0201, 0.0171]","[0.874, 0.187, 0.18, 0.158, 0.006, 0.269, 0.127, 0.04, 0.036, 0.038]",2000,0.279295414686203,0.6980453603203708,
45,T5,1890,0.8809498647870633,-0.23903425492181982,-0.08920732038251922,0.06831489564024368,0.2514586051908066,-0.1002522622580128,-0.11155019519804775,0.37394797801971436,0.12057296186685562,0.10299050062894821,0.4945209324359894,0.6940234899520874,0.7928372025489807,1,37,107,"[0.3739, 0.1206, 0.103, 0.0572, 0.0393, 0.0327, 0.0242, 0.0159, 0.014, 0.012]","[0.881, 0.239, 0.089, 0.055, 0.149, 0.006, 0.146, 0.077, 0.057, 0.107]",2000,0.2344004213809967,-0.6996723520196528,
45,T6,1890,0.8619051534173899,-0.28204322557332284,-0.02178741554166997,0.058530005317329034,0.27260739209353124,-0.12585292344230734,-0.04944089489382859,0.298605352640152,0.15370911359786987,0.09803517162799835,0.45231446623802185,0.6686484217643738,0.7715408205986023,1,39,108,"[0.2986, 0.1537, 0.098, 0.0674, 0.0509, 0.0332, 0.0242, 0.0187, 0.0142, 0.0126]","[0.862, 0.282, 0.022, 0.062, 0.133, 0.081, 0.127, 0.117, 0.107, 0.07]",2000,0.20347283780574799,-0.6794365930305558,
45,T7,1890,0.8898310198773751,-0.11469718787988385,-0.2566304382210759,0.014477192187445021,0.2491614652943918,-0.11901067461534473,-0.1327540133225301,0.3353691101074219,0.11919334530830383,0.08013468980789185,0.4545624554157257,0.6453840136528015,0.7493017911911011,1,61,182,"[0.3354, 0.1192, 0.0801, 0.0723, 0.0384, 0.0344, 0.0253, 0.0191, 0.0134, 0.0118]","[0.89, 0.115, 0.257, 0.006, 0.19, 0.007, 0.122, 0.049, 0.103, 0.068]",2000,0.18390826880931854,-0.634582024836713,
45,T8,1890,-0.9118174919988798,-0.07976348735532816,0.12367817326939412,0.040771090413180715,-0.0928919808362073,0.13443064708238434,0.10784011903587276,0.40259596705436707,0.15639980137348175,0.07189033925533295,0.55899578332901,0.7259839177131653,0.8337963223457336,1,22,63,"[0.4026, 0.1564, 0.0719, 0.0558, 0.0393, 0.0351, 0.0263, 0.0173, 0.0161, 0.0129]","[0.912, 0.08, 0.124, 0.039, 0.077, 0.014, 0.096, 0.127, 0.001, 0.151]",2000,0.2514037787914276,0.6426111465909128,
45,R0,1890,0.8941136054891684,-0.29130393698000956,0.037922342564505454,-0.06066767377738732,0.0020879636682554514,-0.14760458963899864,-0.03700669104533091,0.36026695370674133,0.1410122960805893,0.06685992330312729,0.5012792348861694,0.6594398021697998,0.7652817964553833,1,41,121,"[0.3603, 0.141, 0.0669, 0.053, 0.0383, 0.0302, 0.0251, 0.0224, 0.0146, 0.0137]","[0.894, 0.291, 0.038, 0.028, 0.119, 0.015, 0.076, 0.072, 0.075, 0.028]",2000,0.20051980018615723,-0.6253697092296275,
45,R1,1890,-0.8247919056070281,-0.15309436774899415,-0.025167015487101013,-0.05760757383119528,-0.08520585624271905,0.18292618233469096,0.1276234053856624,0.3052422106266022,0.29284700751304626,0.11305966228246689,0.5980892181396484,0.8212204575538635,0.8936651349067688,1,11,27,"[0.3052, 0.2928, 0.1131, 0.0725, 0.0376, 0.0239, 0.0191, 0.0111, 0.0107, 0.0077]","[0.825, 0.153, 0.025, 0.237, 0.148, 0.14, 0.179, 0.19, 0.068, 0.132]",2000,0.24235931038856506,0.7536323178757823,
45,R2,1890,-0.6066397288223461,0.07976857358740103,-0.4200258484586972,-0.08429859111502701,-0.07344920293172141,-0.013136643876846892,-0.46160566023957594,0.5929023623466492,0.11969344317913055,0.07100161164999008,0.7125958204269409,0.8614329099655151,0.9166899919509888,3,8,21,"[0.5929, 0.1197, 0.071, 0.0438, 0.0341, 0.0184, 0.0125, 0.0099, 0.0083, 0.0061]","[0.607, 0.08, 0.42, 0.457, 0.292, 0.239, 0.056, 0.084, 0.144, 0.092]",2000,0.046539247035980225,0.23593299760751316,
45,R3,1890,0.3392780772337641,-0.6539275654452364,0.5968798126742073,0.019392742953997306,0.09940422264586571,0.0901495944138877,-0.08571358631463111,0.3625892400741577,0.29781171679496765,0.0690685287117958,0.6604009866714478,0.8003280758857727,0.8787357211112976,3,14,33,"[0.3626, 0.2978, 0.0691, 0.0416, 0.0292, 0.0243, 0.0164, 0.0148, 0.0137, 0.0091]","[0.339, 0.654, 0.597, 0.017, 0.044, 0.034, 0.091, 0.075, 0.151, 0.152]",2000,0.3888777494430542,-0.2759196902922121,
45,R4,1890,0.12102413519729775,-0.8538895902127649,0.6065337353057765,0.011821397946043095,-0.056162987845278074,-0.04063853058636149,-0.012637873759026197,0.4067729413509369,0.20023933053016663,0.11251875758171082,0.6070122718811035,0.8195447325706482,0.9034424424171448,3,10,23,"[0.4068, 0.2002, 0.1125, 0.0612, 0.0388, 0.0236, 0.0203, 0.0188, 0.0112, 0.0099]","[0.121, 0.854, 0.607, 0.325, 0.293, 0.107, 0.072, 0.14, 0.005, 0.057]",2000,0.25983166694641113,-0.2350314177638912,
45,R5,1890,-0.31710640410768204,-0.9058119272962851,0.13520568462954824,0.05586378991551534,-0.04582464503014125,0.09427183010883283,0.07573235221854392,0.7721537351608276,0.08509597182273865,0.03718502074480057,0.8572497367858887,0.9287954568862915,0.9611037373542786,3,4,8,"[0.7722, 0.0851, 0.0372, 0.0203, 0.014, 0.0115, 0.0069, 0.0059, 0.0047, 0.0033]","[0.317, 0.906, 0.135, 0.153, 0.085, 0.324, 0.131, 0.107, 0.065, 0.116]",2000,0.11982747912406921,0.27883662861989333,
45,R6,1890,-0.11620555737737272,-0.8956924187110382,0.8896910646732292,-0.05887063308352072,0.016653755983570637,-0.05888317044072298,-0.0008139084762592609,0.6629419922828674,0.11845757067203522,0.07344694435596466,0.7813995480537415,0.8998354077339172,0.9444982409477234,2,6,12,"[0.6629, 0.1185, 0.0734, 0.0254, 0.0196, 0.013, 0.0101, 0.009, 0.0072, 0.0053]","[0.116, 0.896, 0.89, 0.265, 0.116, 0.24, 0.17, 0.052, 0.187, 0.204]",2000,0.1552996039390564,0.09801216377419691,
45,R7,1890,0.7834828216195691,0.4698018979827658,0.2854747921817274,0.02828241705182835,0.07198875863242529,-0.008172126261501085,-0.1009393649616512,0.5264899134635925,0.0865095928311348,0.05789145454764366,0.6129994988441467,0.7606135606765747,0.8518995642662048,2,16,36,"[0.5265, 0.0865, 0.0579, 0.0527, 0.0371, 0.0275, 0.0198, 0.0174, 0.0149, 0.0117]","[0.783, 0.47, 0.285, 0.178, 0.051, 0.094, 0.032, 0.043, 0.061, 0.151]",2000,0.49506676197052,-0.71501021636602,
46,T0,1890,0.934325378289706,0.08408146406064208,-0.004576989067492268,0.056595878625153424,0.16038909503382712,-0.13025250992976709,-0.06334776390216391,0.3933122456073761,0.1198534220457077,0.06316933780908585,0.5131656527519226,0.6748486757278442,0.7690072059631348,1,40,114,"[0.3933, 0.1199, 0.0632, 0.0547, 0.0438, 0.0269, 0.0216, 0.0158, 0.0154, 0.0143]","[0.934, 0.084, 0.005, 0.081, 0.018, 0.036, 0.077, 0.012, 0.016, 0.155]",2000,0.2429676502943039,-0.6598430684855883,
46,T1,1890,-0.8783060366413049,0.20267783105494447,-0.35305786640574155,-0.026619814703511994,-0.044849547004055614,0.04840801673743854,0.20746128915429513,0.540529191493988,0.1117379441857338,0.06056080758571625,0.6522671580314636,0.7772328853607178,0.8551841974258423,2,17,40,"[0.5405, 0.1117, 0.0606, 0.0388, 0.0256, 0.0231, 0.0196, 0.0145, 0.0113, 0.0095]","[0.878, 0.203, 0.353, 0.214, 0.125, 0.09, 0.147, 0.204, 0.099, 0.001]",2000,0.3702000677585602,0.7385800653220934,
46,T2,1890,0.8087314075623738,0.27178150336495455,-0.1740442288312694,-0.013389350305292754,0.04019394445515634,-0.0008423331738429908,-0.21689154043715028,0.3816390037536621,0.1026766300201416,0.09636664390563965,0.4843156337738037,0.6661093235015869,0.7704801559448242,1,35,85,"[0.3816, 0.1027, 0.0964, 0.0502, 0.0352, 0.029, 0.0225, 0.0194, 0.0176, 0.0159]","[0.809, 0.272, 0.174, 0.264, 0.129, 0.194, 0.072, 0.022, 0.021, 0.114]",2000,0.3194592297077179,-0.7869054929442544,
46,T3,1890,-0.9036255507339076,0.15838143740272953,-0.022627586255138894,-0.06829986865589155,-0.1525166515514174,0.0835438094651501,0.07181947505064888,0.36274394392967224,0.1618300825357437,0.07937081903219223,0.5245740413665771,0.7052822709083557,0.8248313665390015,1,23,55,"[0.3627, 0.1618, 0.0794, 0.0532, 0.0482, 0.0369, 0.0313, 0.0228, 0.016, 0.0125]","[0.904, 0.158, 0.023, 0.128, 0.046, 0.012, 0.084, 0.155, 0.088, 0.067]",2000,0.2420550137758255,0.7066990347458267,
46,T4,1890,-0.8747819214751216,0.16065096141480273,0.19911547899599144,-0.06144296009662855,-0.1215780604981662,0.05891343539192864,0.11340893153639264,0.3577675521373749,0.1528944969177246,0.062107253819704056,0.5106620788574219,0.6685391664505005,0.7922986745834351,1,26,61,"[0.3578, 0.1529, 0.0621, 0.0524, 0.0434, 0.035, 0.0274, 0.0238, 0.0217, 0.0158]","[0.875, 0.161, 0.199, 0.145, 0.057, 0.26, 0.054, 0.044, 0.031, 0.002]",2000,0.27698180079460144,0.6957378386438083,
46,T5,1890,0.8792585491274874,-0.24138848988610986,-0.06925737130556177,0.08022736381891382,0.2483493596946748,-0.08652696979385387,-0.09474451052943558,0.3746525049209595,0.11605881154537201,0.10295435786247253,0.4907113313674927,0.6902724504470825,0.7900714874267578,1,38,108,"[0.3747, 0.1161, 0.103, 0.057, 0.0397, 0.0335, 0.0239, 0.0158, 0.0139, 0.0126]","[0.879, 0.241, 0.069, 0.063, 0.146, 0.005, 0.116, 0.117, 0.074, 0.072]",2000,0.23541995882987976,-0.7083731612196046,
46,T6,1890,0.8600510161582385,0.2695657772663299,-0.016026204853824173,0.06476228718395138,0.2792013922648268,-0.11286216267661466,-0.060741144568095214,0.29664555191993713,0.14989504218101501,0.09663429111242294,0.44654059410095215,0.6646368503570557,0.768277108669281,1,41,112,"[0.2966, 0.1499, 0.0966, 0.0702, 0.0513, 0.0326, 0.0243, 0.0198, 0.0146, 0.0123]","[0.86, 0.27, 0.016, 0.081, 0.147, 0.098, 0.124, 0.122, 0.101, 0.068]",2000,0.20347490906715393,-0.6961444392588763,
46,T7,1890,0.8890328782915635,0.1323227947266625,-0.24479734145348175,0.014139857958022055,0.2432308146617335,-0.13116177275309357,-0.13067652849353678,0.3350170850753784,0.11705730110406876,0.08328427374362946,0.4520743787288666,0.6437212228775024,0.7491143345832825,1,61,181,"[0.335, 0.1171, 0.0833, 0.069, 0.0393, 0.036, 0.0245, 0.0191, 0.0133, 0.0124]","[0.889, 0.132, 0.245, 0.016, 0.155, 0.103, 0.138, 0.065, 0.123, 0.019]",2000,0.1857425570487976,-0.6273344247856422,
46,T8,1890,-0.9111011193480054,-0.06314185086082225,0.17545986655374113,0.03163376434341518,-0.10080621828400878,0.1502724214507742,0.10050435054984572,0.41758993268013,0.15278322994709015,0.07056515663862228,0.5703731775283813,0.7302585244178772,0.8383047580718994,1,21,59,"[0.4176, 0.1528, 0.0706, 0.0528, 0.0365, 0.0323, 0.0257, 0.0223, 0.0155, 0.0123]","[0.911, 0.063, 0.175, 0.023, 0.068, 0.013, 0.053, 0.104, 0.012, 0.209]",2000,0.2688673734664917,0.646844537307004,
46,R0,1890,0.8843209325385974,-0.298210076132306,-0.010648868037105044,-0.05150148544213945,0.019725976017030883,-0.15515193075484096,-0.053654282130565285,0.3560693860054016,0.14142006635665894,0.0647498220205307,0.49748945236206055,0.6555624008178711,0.7624638080596924,1,42,122,"[0.3561, 0.1414, 0.0647, 0.0544, 0.0389, 0.0293, 0.0247, 0.0229, 0.0159, 0.0141]","[0.884, 0.298, 0.011, 0.067, 0.115, 0.016, 0.068, 0.109, 0.061, 0.034]",2000,0.21555526554584503,-0.6312092871056352,
46,R1,1890,-0.8195068892061447,0.17727647956936154,0.06696712733795072,-0.029887419918695906,-0.06645075998000936,0.03863496894644988,0.18598282619224885,0.3238455355167389,0.287911057472229,0.11842359602451324,0.6117565631866455,0.8279024362564087,0.9005820155143738,2,10,25,"[0.3238, 0.2879, 0.1184, 0.062, 0.0357, 0.0242, 0.0183, 0.0118, 0.0101, 0.0082]","[0.82, 0.177, 0.067, 0.228, 0.144, 0.314, 0.151, 0.014, 0.16, 0.186]",2000,0.24916815757751465,0.7849016183771579,
46,R2,1890,-0.5980237970381962,0.11390064526772173,-0.46880437613477643,-0.0777336950299177,-0.06994405845933474,-0.0010842253070027401,-0.4608938208834505,0.583061695098877,0.1138496994972229,0.08019782602787018,0.6969113945960999,0.8664407730102539,0.9189649820327759,3,8,19,"[0.5831, 0.1138, 0.0802, 0.0502, 0.0391, 0.0172, 0.0117, 0.0089, 0.0084, 0.0063]","[0.598, 0.114, 0.469, 0.173, 0.375, 0.261, 0.002, 0.066, 0.214, 0.16]",2000,0.05718351528048515,0.23090879109718782,
46,R3,1890,0.3717646747437854,-0.6828716024274614,0.5659699610887848,0.02306422391727561,0.08958599611581503,0.06495372309524837,-0.015097755170763222,0.40304499864578247,0.27619144320487976,0.06630327552556992,0.6792364120483398,0.8138617873191833,0.887352705001831,3,13,30,"[0.403, 0.2762, 0.0663, 0.0397, 0.0286, 0.0225, 0.0156, 0.0141, 0.0129, 0.0084]","[0.372, 0.683, 0.566, 0.012, 0.111, 0.027, 0.041, 0.106, 0.158, 0.154]",2000,0.37330523133277893,-0.2503391350959752,
46,R4,1890,0.1280292681358126,-0.8418642453533199,0.5496025808256125,0.019208098598846552,-0.05434985099762248,-0.04655594959333458,-0.007221020167080554,0.39445409178733826,0.20644794404506683,0.11499981582164764,0.6009020209312439,0.8181670904159546,0.9020861983299255,3,10,23,"[0.3945, 0.2064, 0.115, 0.0646, 0.0377, 0.0241, 0.0195, 0.0188, 0.0113, 0.0102]","[0.128, 0.842, 0.55, 0.36, 0.28, 0.06, 0.029, 0.133, 0.116, 0.011]",2000,0.2677122950553894,-0.24566177536440556,
46,R5,1890,-0.3223712989217953,-0.9025772089450139,0.0629444850077867,0.05634171905791765,-0.04817951454630749,0.09039443553723257,0.09366120367331825,0.7784332036972046,0.08151950687170029,0.0352344810962677,0.8599526882171631,0.9290467500686646,0.9617043137550354,2,4,8,"[0.7784, 0.0815, 0.0352, 0.02, 0.0139, 0.0114, 0.007, 0.0058, 0.005, 0.0035]","[0.322, 0.903, 0.063, 0.108, 0.123, 0.291, 0.16, 0.131, 0.099, 0.067]",2000,0.12377239763736725,0.300248976445647,
46,R6,1890,-0.054490651115641726,0.8826390628764113,0.8651899405618586,-0.05549605473277601,0.03288725154288417,-0.04933990298175634,-0.019050306091463343,0.6941540837287903,0.10797744989395142,0.06489672511816025,0.8021315336227417,0.9075639247894287,0.9482334852218628,2,5,11,"[0.6942, 0.108, 0.0649, 0.0222, 0.0184, 0.0113, 0.0094, 0.0081, 0.0065, 0.0053]","[0.054, 0.883, 0.865, 0.275, 0.14, 0.214, 0.175, 0.044, 0.101, 0.057]",2000,0.14937806129455566,0.03465366906998347,
46,R7,1890,-0.7427691415668798,0.4688631232813464,0.1620015911307987,-0.03563249628302103,-0.07279553705237561,-0.0032778093515505834,0.08725637257604875,0.52712082862854,0.08863487839698792,0.05854875594377518,0.6157556772232056,0.7652075290679932,0.8574654459953308,2,16,34,"[0.5271, 0.0886, 0.0585, 0.0548, 0.0361, 0.0281, 0.0198, 0.0179, 0.0153, 0.0112]","[0.743, 0.469, 0.162, 0.249, 0.023, 0.133, 0.031, 0.04, 0.043, 0.124]",2000,0.4928520619869232,0.7079207441070409,
47,T0,1890,0.9341170291742178,0.09957630749074675,-0.007279288373004008,0.0573445356342683,0.16410142704547306,-0.1283958419210322,-0.05865744263402265,0.4264960289001465,0.11642246693372726,0.0645456314086914,0.5429185032844543,0.6996826529502869,0.7859411239624023,1,36,105,"[0.4265, 0.1164, 0.0645, 0.0516, 0.0406, 0.0251, 0.0197, 0.015, 0.0136, 0.0129]","[0.934, 0.1, 0.007, 0.092, 0.014, 0.05, 0.073, 0.004, 0.103, 0.217]",2000,0.26568087935447693,-0.6703368527067056,
47,T1,1890,-0.8750041396393362,-0.1744896518993928,-0.3536578696941418,-0.023075380395300202,-0.04610162692713338,0.05108404521681525,0.20834292269825727,0.5500282049179077,0.11082728952169418,0.05968998372554779,0.6608554720878601,0.7848695516586304,0.8604888916015625,2,16,38,"[0.55, 0.1108, 0.0597, 0.0386, 0.0258, 0.0231, 0.0197, 0.0135, 0.0105, 0.0089]","[0.875, 0.174, 0.354, 0.222, 0.081, 0.122, 0.19, 0.196, 0.066, 0.016]",2000,0.3692943751811981,0.7351897535843964,
47,T2,1890,0.8347847547983177,0.243363007781704,0.20195658799363553,-0.020392740935350245,0.02552501138487026,-0.01140235199529814,-0.2159639649454882,0.3834677040576935,0.1051650419831276,0.0930265337228775,0.4886327385902405,0.668725311756134,0.771828830242157,1,34,83,"[0.3835, 0.1052, 0.093, 0.0491, 0.038, 0.0285, 0.0225, 0.0182, 0.0175, 0.0165]","[0.835, 0.243, 0.202, 0.224, 0.086, 0.232, 0.062, 0.051, 0.004, 0.064]",2000,0.32200732827186584,-0.7760147956531926,
47,T3,1890,-0.9006999453275549,-0.17564182466938572,-0.03819527472426557,-0.07360534910758959,-0.14501552397279163,0.08205091534504583,0.09165326708823293,0.36681655049324036,0.1691255122423172,0.07779780775308609,0.5359420776367188,0.7100641131401062,0.8275243639945984,1,23,55,"[0.3668, 0.1691, 0.0778, 0.0513, 0.0451, 0.0361, 0.0309, 0.0226, 0.0155, 0.0123]","[0.901, 0.176, 0.038, 0.119, 0.028, 0.061, 0.099, 0.148, 0.09, 0.049]",2000,0.24846385419368744,0.7204204641289913,
47,T4,1890,-0.8768466594112085,-0.16901979185062108,0.16017147645636678,-0.05141384608149803,-0.11437874988814238,0.07937455665438019,0.13950291660778832,0.34773457050323486,0.1647547036409378,0.06324636936187744,0.5124892592430115,0.6697130799293518,0.7916918396949768,1,26,60,"[0.3477, 0.1648, 0.0632, 0.0532, 0.0408, 0.0377, 0.0252, 0.0229, 0.0212, 0.015]","[0.877, 0.169, 0.16, 0.178, 0.011, 0.239, 0.053, 0.096, 0.073, 0.039]",2000,0.2717236280441284,0.6872098262303807,
47,T5,1890,0.8819869193893748,-0.23084515243185996,-0.08208475458136649,0.07646809432668843,0.2522961465606767,-0.0858282546978719,-0.10459012803033016,0.3752616345882416,0.11032401770353317,0.10652187466621399,0.48558565974235535,0.6895556449890137,0.7892201542854309,1,39,109,"[0.3753, 0.1103, 0.1065, 0.0583, 0.0392, 0.0339, 0.0231, 0.0166, 0.0133, 0.0128]","[0.882, 0.231, 0.082, 0.046, 0.156, 0.002, 0.111, 0.134, 0.1, 0.015]",2000,0.23470833897590637,-0.7091736299620774,
47,T6,1890,0.8670837785779564,0.23987012284861142,-0.027647554704374425,0.07131073609006762,0.27684520361807524,-0.10928170264569531,-0.07036276234964653,0.28731122612953186,0.15034927427768707,0.0968942791223526,0.4376605153083801,0.6553718447685242,0.7623465657234192,1,43,115,"[0.2873, 0.1503, 0.0969, 0.0697, 0.0511, 0.0337, 0.025, 0.0211, 0.0151, 0.0121]","[0.867, 0.24, 0.028, 0.085, 0.135, 0.101, 0.131, 0.131, 0.093, 0.002]",2000,0.20113693177700043,-0.6985474444389267,
47,T7,1890,0.896118186938325,-0.12975254507097725,-0.2076125228139431,0.010480257383770985,0.23484821814099402,-0.12411927380385707,-0.12434007879432248,0.33646392822265625,0.10977847129106522,0.08834177255630493,0.44624239206314087,0.6451765894889832,0.7501820921897888,1,61,180,"[0.3365, 0.1098, 0.0883, 0.069, 0.0416, 0.0356, 0.0242, 0.0195, 0.0136, 0.0122]","[0.896, 0.13, 0.208, 0.038, 0.146, 0.107, 0.134, 0.061, 0.124, 0.053]",2000,0.19038455188274384,-0.6357677916722849,
47,T8,1890,-0.9118851323235341,-0.08474105222758457,0.18144492961457334,0.0387934373080577,-0.09344261415797475,0.15245230994272832,0.09914098370982886,0.41786062717437744,0.1565895974636078,0.06956648826599121,0.5744502544403076,0.733692467212677,0.8400200605392456,1,21,60,"[0.4179, 0.1566, 0.0696, 0.0525, 0.0372, 0.0322, 0.0233, 0.0229, 0.0157, 0.0121]","[0.912, 0.085, 0.181, 0.024, 0.054, 0.009, 0.137, 0.012, 0.017, 0.215]",2000,0.2670241594314575,0.6431804145112499,
47,R0,1890,0.8954286183759844,-0.22638131201462638,-0.0029372335771973017,-0.03920094086753034,0.040891902049994565,-0.15414893659948367,-0.0625273296120587,0.34162336587905884,0.1492146998643875,0.06550751626491547,0.49083805084228516,0.650628387928009,0.7604613900184631,1,43,131,"[0.3416, 0.1492, 0.0655, 0.0549, 0.0394, 0.031, 0.0254, 0.0227, 0.0159, 0.0148]","[0.895, 0.226, 0.003, 0.084, 0.111, 0.015, 0.069, 0.1, 0.041, 0.058]",2000,0.21631354093551636,-0.6377263462157033,
47,R1,1890,-0.7546700844328267,0.488909547626448,-0.07608692785632455,-0.024302676438403354,-0.03810107789545825,-0.051846846195598165,0.20418085164055855,0.3368210196495056,0.29539763927459717,0.11970672756433487,0.6322186589241028,0.8414828181266785,0.9106992483139038,3,9,21,"[0.3368, 0.2954, 0.1197, 0.0572, 0.0324, 0.0229, 0.0179, 0.0115, 0.0093, 0.0077]","[0.755, 0.489, 0.076, 0.197, 0.136, 0.334, 0.185, 0.047, 0.145, 0.172]",2000,0.245131254196167,0.7514000391779861,
47,R2,1890,-0.5948976468610169,0.31202038395045606,-0.39056961891101016,-0.0696893046662524,-0.06696185678004353,0.01321059640308522,-0.4589865163480648,0.5669431090354919,0.11474576592445374,0.08762998878955841,0.6816889047622681,0.868606686592102,0.9224383234977722,4,8,18,"[0.5669, 0.1147, 0.0876, 0.0606, 0.0387, 0.0175, 0.0109, 0.01, 0.0084, 0.0069]","[0.595, 0.312, 0.391, 0.036, 0.382, 0.234, 0.032, 0.169, 0.102, 0.204]",2000,0.06461178511381149,0.2248984483962609,
47,R3,1890,0.3673818122950932,-0.7049743537682,0.5398291441800686,0.0323945104097878,0.10080662057253742,0.06637292230387314,0.006305236171944716,0.4065505862236023,0.2726553976535797,0.06666846573352814,0.6792060136795044,0.8162447214126587,0.8894124627113342,3,12,29,"[0.4066, 0.2727, 0.0667, 0.0418, 0.0286, 0.0232, 0.0156, 0.0136, 0.0127, 0.008]","[0.367, 0.705, 0.54, 0.057, 0.129, 0.01, 0.043, 0.101, 0.153, 0.134]",2000,0.3670755922794342,-0.248015077938267,
47,R4,1890,0.13037433660082884,-0.8398923920451096,0.5793131277214284,0.012940904884745072,-0.059466713243281094,-0.0527559003825263,-0.008457225302664604,0.4113776385784149,0.19504451751708984,0.11382629722356796,0.6064221858978271,0.8194067478179932,0.9014723300933838,3,10,24,"[0.4114, 0.195, 0.1138, 0.0622, 0.037, 0.0243, 0.0193, 0.0175, 0.0108, 0.0101]","[0.13, 0.84, 0.579, 0.391, 0.267, 0.087, 0.007, 0.146, 0.109, 0.055]",2000,0.2588386833667755,-0.24176158216852775,
47,R5,1890,-0.3145536815674186,-0.9018082525902237,0.11046832423067315,0.0584997872100759,-0.044794233209405565,0.08560035658621565,0.09128572683560533,0.7762652635574341,0.07916408032178879,0.03751310333609581,0.8554293513298035,0.9283368587493896,0.9617478847503662,3,4,8,"[0.7763, 0.0792, 0.0375, 0.0217, 0.0137, 0.0119, 0.0072, 0.0057, 0.0049, 0.0038]","[0.315, 0.902, 0.11, 0.067, 0.097, 0.317, 0.164, 0.099, 0.116, 0.028]",2000,0.11969342082738876,0.29103961272335027,
47,R6,1890,0.02898285570492456,-0.8789748114314329,0.8602591425736777,-0.04412723803288754,0.0568101461686036,-0.04163018664475013,-0.061110718427951856,0.7263185977935791,0.09440918266773224,0.06002558395266533,0.8207277655601501,0.9154787063598633,0.9537172317504883,2,5,10,"[0.7263, 0.0944, 0.06, 0.0191, 0.0156, 0.0111, 0.0087, 0.0073, 0.0065, 0.0047]","[0.029, 0.879, 0.86, 0.272, 0.158, 0.166, 0.208, 0.018, 0.006, 0.045]",2000,0.1394139528274536,-0.057221784443765,
47,R7,1890,-0.7382983750666202,0.43970749028285355,-0.14724462325566556,-0.03215077160255909,-0.06631619766899963,-0.0033752856390861226,0.08892056598783232,0.5255831480026245,0.08964553475379944,0.06121020391583443,0.6152286529541016,0.7687684893608093,0.861352264881134,3,15,32,"[0.5256, 0.0896, 0.0612, 0.0559, 0.0364, 0.0278, 0.0199, 0.0184, 0.0157, 0.0108]","[0.738, 0.44, 0.147, 0.439, 0.0, 0.187, 0.038, 0.013, 0.048, 0.126]",2000,0.48976776003837585,0.6962139508117888,
48,T0,1890,-0.931591468514648,0.11682954477346386,-0.006481717466945299,-0.055625424725102554,-0.16596762025641812,0.12345916643655849,0.058925402863812815,0.4373036324977875,0.11936267465353012,0.05991620197892189,0.5566663146018982,0.7001109719276428,0.7888748645782471,1,34,94,"[0.4373, 0.1194, 0.0599, 0.0448, 0.0388, 0.0251, 0.0183, 0.0169, 0.0148, 0.0136]","[0.932, 0.117, 0.006, 0.094, 0.028, 0.139, 0.074, 0.032, 0.021, 0.192]",2000,0.2789878845214844,0.6720410511896329,
48,T1,1890,-0.8666259361553094,0.2628189302064541,-0.35300983738946184,-0.029567494439743894,-0.0548662484878006,0.050264578592234016,0.2001348178868374,0.5321621894836426,0.1126360073685646,0.058737654238939285,0.644798219203949,0.7695916891098022,0.8462437987327576,2,19,47,"[0.5322, 0.1126, 0.0587, 0.0364, 0.0297, 0.0246, 0.018, 0.0123, 0.012, 0.0098]","[0.867, 0.263, 0.353, 0.248, 0.012, 0.19, 0.191, 0.018, 0.159, 0.026]",2000,0.3846874535083771,0.7364084949297572,
48,T2,1890,0.8484434895235621,0.24529841047279183,-0.20403881403629165,-0.026406527107942803,0.02347020329550425,-0.02356575514497718,-0.22633670493187283,0.3714541494846344,0.10420871526002884,0.08661447465419769,0.47566285729408264,0.6508780717849731,0.7534289360046387,1,41,98,"[0.3715, 0.1042, 0.0866, 0.0495, 0.0391, 0.0278, 0.0219, 0.019, 0.018, 0.0159]","[0.848, 0.245, 0.204, 0.217, 0.112, 0.204, 0.029, 0.007, 0.05, 0.067]",2000,0.31847789883613586,-0.7662041463731001,
48,T3,1890,-0.8647384198760749,-0.256370868530974,-0.04734129093199622,-0.11192018728026337,-0.13260986526659194,0.052185747904198276,0.13147023656110132,0.39966532588005066,0.19237515330314636,0.06926216185092926,0.592040479183197,0.7467787861824036,0.8528399467468262,1,18,44,"[0.3997, 0.1924, 0.0693, 0.048, 0.0375, 0.0339, 0.0254, 0.0217, 0.0138, 0.0112]","[0.865, 0.256, 0.047, 0.142, 0.05, 0.023, 0.127, 0.124, 0.062, 0.107]",2000,0.2586347162723541,0.779200979263877,
48,T4,1890,-0.8652692853598078,-0.13691713562850513,-0.10517364651499686,-0.06414911452379882,-0.11359875463551276,0.11268132390342249,0.11027794982343234,0.3434307277202606,0.14269475638866425,0.06550507247447968,0.48612546920776367,0.6429222822189331,0.7640363574028015,1,34,80,"[0.3434, 0.1427, 0.0655, 0.0523, 0.0389, 0.0343, 0.0266, 0.0225, 0.0206, 0.0172]","[0.865, 0.137, 0.105, 0.196, 0.272, 0.012, 0.012, 0.108, 0.049, 0.019]",2000,0.26904743909835815,0.6689638075667574,
48,T5,1890,0.8921819513454584,-0.19052280907640146,-0.12797709494326734,0.08618469088471174,0.22929318297265833,-0.08307550061381679,-0.09870335612133625,0.39348527789115906,0.11233092844486237,0.10255096107721329,0.5058162212371826,0.7000624537467957,0.7975603342056274,1,36,100,"[0.3935, 0.1123, 0.1026, 0.0545, 0.0372, 0.0322, 0.0224, 0.0187, 0.0123, 0.0118]","[0.892, 0.191, 0.128, 0.034, 0.105, 0.04, 0.068, 0.156, 0.12, 0.03]",2000,0.23956941068172455,-0.710773378165406,
48,T6,1890,0.8844757339471496,0.2178410610980694,-0.06535580309950938,0.05977389818637625,0.2503537811458304,-0.12257801141680633,-0.055141692697973074,0.27799659967422485,0.1489238291978836,0.10076284408569336,0.42692041397094727,0.6483555436134338,0.7611544132232666,1,42,112,"[0.278, 0.1489, 0.1008, 0.0693, 0.0514, 0.0353, 0.0266, 0.0229, 0.0155, 0.0125]","[0.884, 0.218, 0.065, 0.052, 0.079, 0.024, 0.189, 0.083, 0.07, 0.067]",2000,0.20008285343647003,-0.6763185031481364,
48,T7,1890,0.9060788107773287,-0.10684014484550215,-0.1498277901148447,0.01767337254990171,0.2142590355720386,-0.10742355331853201,-0.12966334679117966,0.33264830708503723,0.10506456345319748,0.09711957722902298,0.4377128779888153,0.6431042551994324,0.755946695804596,1,53,158,"[0.3326, 0.1051, 0.0971, 0.064, 0.0442, 0.0351, 0.0269, 0.0218, 0.0156, 0.0134]","[0.906, 0.107, 0.15, 0.032, 0.14, 0.097, 0.122, 0.155, 0.011, 0.049]",2000,0.19499419629573822,-0.6565195085450208,
48,T8,1890,-0.9076558733241633,-0.1111926721050553,0.1649298905762737,0.04302123353514491,-0.07227300822165031,0.1610526060994002,0.07789589705672509,0.43793269991874695,0.14154480397701263,0.06735046952962875,0.5794774889945984,0.7390268445014954,0.8441895842552185,1,18,49,"[0.4379, 0.1415, 0.0674, 0.0534, 0.0388, 0.0313, 0.0247, 0.0196, 0.0178, 0.0117]","[0.908, 0.111, 0.165, 0.006, 0.049, 0.06, 0.003, 0.108, 0.12, 0.012]",2000,0.2669249475002289,0.6356535338783201,
48,R0,1890,0.014635390679344619,0.9147478440256954,0.010847763977642708,0.03727399538090192,-0.005726054589095035,0.04900772843633161,-0.02114191800046271,0.4422537088394165,0.20032033324241638,0.07614052295684814,0.6425740718841553,0.7858670353889465,0.8590632677078247,1,18,51,"[0.4423, 0.2003, 0.0761, 0.0396, 0.0276, 0.0211, 0.0179, 0.0118, 0.0117, 0.0107]","[0.015, 0.915, 0.011, 0.234, 0.073, 0.161, 0.009, 0.027, 0.122, 0.07]",2000,0.1504981815814972,0.06718217126255446,
48,R1,1890,-0.2608361012703438,-0.7540419009046322,0.17911181553367359,-0.03366868125985213,-0.0039802346205398955,-0.18866556992613162,0.11217241631176302,0.3493952751159668,0.273859441280365,0.131196990609169,0.6232547163963318,0.8368589282035828,0.9033145904541016,1,10,23,"[0.3494, 0.2739, 0.1312, 0.0468, 0.0356, 0.0216, 0.0191, 0.0106, 0.0082, 0.007]","[0.261, 0.754, 0.179, 0.144, 0.239, 0.204, 0.272, 0.054, 0.13, 0.134]",2000,0.21627990901470184,0.2595499537026369,
48,R2,1890,-0.529877990191782,0.275971756263022,-0.5158203035282989,-0.05623712863896297,-0.05889137240197002,0.03202425753748425,-0.4712610910432988,0.4928853213787079,0.1623176634311676,0.09394192695617676,0.6552029848098755,0.8359941244125366,0.9026322960853577,4,10,24,"[0.4929, 0.1623, 0.0939, 0.0554, 0.0315, 0.0198, 0.015, 0.0123, 0.0113, 0.0083]","[0.53, 0.276, 0.516, 0.089, 0.31, 0.328, 0.114, 0.166, 0.101, 0.134]",2000,0.07758470624685287,0.15933435384162214,
48,R3,1890,0.27786845697178963,-0.7369424567746652,0.49802266646484417,0.009116797976893421,0.07547738727743582,0.09188644027279315,-0.0678295809957811,0.4070805609226227,0.267733633518219,0.07419155538082123,0.6748142242431641,0.818294107913971,0.8886753916740417,2,12,30,"[0.4071, 0.2677, 0.0742, 0.0392, 0.03, 0.0232, 0.0148, 0.0124, 0.0122, 0.0077]","[0.278, 0.737, 0.498, 0.151, 0.095, 0.029, 0.054, 0.025, 0.143, 0.166]",2000,0.36501213908195496,-0.19418763560074156,
48,R4,1890,0.12956680866992612,-0.8417165988509302,0.6645733793140289,0.02149191665842366,-0.06768379455454812,-0.06132878906836607,-0.011808249452722006,0.3787444829940796,0.20267383754253387,0.13730724155902863,0.5814183354377747,0.8193048238754272,0.9001965522766113,3,10,24,"[0.3787, 0.2027, 0.1373, 0.0623, 0.0382, 0.0242, 0.0186, 0.0174, 0.0113, 0.0094]","[0.13, 0.842, 0.665, 0.387, 0.243, 0.113, 0.017, 0.119, 0.103, 0.019]",2000,0.26483044028282166,-0.24790929959426375,
48,R5,1890,-0.29464303389799595,-0.9006847821870272,-0.04440889259799143,0.0709328637252262,-0.03434939166457681,0.06635975193393479,0.08257446292189878,0.7297619581222534,0.10197187960147858,0.03728088364005089,0.8317338228225708,0.9130114912986755,0.9531118869781494,1,5,10,"[0.7298, 0.102, 0.0373, 0.0275, 0.0165, 0.0135, 0.0089, 0.0073, 0.0057, 0.0047]","[0.295, 0.901, 0.044, 0.079, 0.187, 0.146, 0.042, 0.166, 0.089, 0.018]",2000,0.13974612951278687,0.2787279872345434,
48,R6,1890,0.013011961018494663,-0.8811851111680518,0.40107673001141814,-0.02585787705817946,0.06741560459658597,-0.04791583304163624,-0.054120436985998936,0.7096118927001953,0.11265943944454193,0.04761000722646713,0.8222713470458984,0.9112880825996399,0.947650134563446,3,5,11,"[0.7096, 0.1127, 0.0476, 0.0225, 0.0189, 0.0095, 0.008, 0.0073, 0.0065, 0.0051]","[0.013, 0.881, 0.401, 0.302, 0.05, 0.284, 0.233, 0.02, 0.056, 0.029]",2000,0.15825127065181732,-0.059269593295521,
48,R7,1890,-0.7331249668362555,0.4023719345455532,-0.09006177504254123,-0.03835896695109534,-0.06281493911586701,0.011029641211898948,0.07348404476571653,0.5086306929588318,0.09059209376573563,0.06125711649656296,0.5992227792739868,0.7524749040603638,0.8505856990814209,3,17,38,"[0.5086, 0.0906, 0.0613, 0.0556, 0.0364, 0.0307, 0.0206, 0.019, 0.0161, 0.0118]","[0.733, 0.402, 0.09, 0.442, 0.011, 0.255, 0.008, 0.043, 0.049, 0.11]",2000,0.4803031086921692,0.694295883735735,
49,T0,1890,-0.9346552836491757,0.09177417436812464,0.02154084060914776,-0.04950842253091042,-0.14936594761682848,0.13606393626413915,0.05573485250292896,0.4392773509025574,0.12902505695819855,0.054768748581409454,0.5683023929595947,0.7046855092048645,0.7929993867874146,1,34,93,"[0.4393, 0.129, 0.0548, 0.0429, 0.0387, 0.0264, 0.0179, 0.0165, 0.0143, 0.0132]","[0.935, 0.092, 0.022, 0.086, 0.057, 0.127, 0.074, 0.089, 0.012, 0.186]",2000,0.28239569067955017,0.6606499324616746,
49,T1,1890,-0.8567701843574197,0.24890134336441208,-0.35189379651633335,-0.031158581672375976,-0.0579882212114896,0.04542607829101235,0.20377428082271326,0.5295662879943848,0.11797572672367096,0.05731307715177536,0.6475419998168945,0.7730766534805298,0.849504292011261,2,19,46,"[0.5296, 0.118, 0.0573, 0.0358, 0.0325, 0.0248, 0.0177, 0.0127, 0.0115, 0.0098]","[0.857, 0.249, 0.352, 0.246, 0.018, 0.206, 0.177, 0.082, 0.143, 0.037]",2000,0.37811553478240967,0.7376724417879282,
49,T2,1890,0.8405474700760756,0.2282949095483507,-0.2294314442731173,-0.025002448333571976,0.025388674186180953,-0.024269114706748644,-0.22862305817001607,0.37665295600891113,0.10343793034553528,0.08245991915464401,0.4800908863544464,0.6506816148757935,0.7532995939254761,1,41,98,"[0.3767, 0.1034, 0.0825, 0.0472, 0.0409, 0.0283, 0.0212, 0.0193, 0.0179, 0.0159]","[0.841, 0.228, 0.229, 0.207, 0.108, 0.205, 0.052, 0.027, 0.034, 0.087]",2000,0.32366377115249634,-0.7679517605803482,
49,T3,1890,-0.8578711708156233,-0.2697802792253945,0.040783439711545286,-0.11451334086403009,-0.13068416306002006,0.04586234514385926,0.13544932623642483,0.3968465328216553,0.19420048594474792,0.0724126547574997,0.5910470485687256,0.7473462820053101,0.8507918119430542,1,19,47,"[0.3968, 0.1942, 0.0724, 0.0453, 0.0386, 0.034, 0.0241, 0.0214, 0.0133, 0.0107]","[0.858, 0.27, 0.041, 0.105, 0.097, 0.02, 0.133, 0.089, 0.09, 0.082]",2000,0.2597033679485321,0.7899887993168301,
49,T4,1890,-0.8645868779497056,-0.08777069957641052,0.04891352363862369,-0.060972330539342104,-0.10683663018600816,0.13427348031663885,0.08916212347245754,0.3508750796318054,0.1436316817998886,0.07707676291465759,0.4945067763328552,0.6574910879135132,0.7738623023033142,1,32,75,"[0.3509, 0.1436, 0.0771, 0.0486, 0.0374, 0.0309, 0.0262, 0.0229, 0.0195, 0.0169]","[0.865, 0.088, 0.049, 0.22, 0.242, 0.023, 0.056, 0.158, 0.038, 0.07]",2000,0.2559933662414551,0.6433632673218046,
49,T5,1890,0.8879710280242821,-0.2223401812171848,-0.025809477935769678,0.08836671669381153,0.21266566499652356,-0.06524712029824839,-0.11000245463630345,0.41845908761024475,0.10517138987779617,0.09496309608221054,0.5236304998397827,0.7038137316703796,0.8031104207038879,1,34,95,"[0.4185, 0.1052, 0.095, 0.0497, 0.0355, 0.0315, 0.0247, 0.02, 0.0121, 0.0109]","[0.888, 0.222, 0.026, 0.018, 0.081, 0.067, 0.03, 0.185, 0.118, 0.067]",2000,0.24583935737609863,-0.7292627974048452,
49,T6,1890,0.8886984791274943,0.20226366660960673,-0.08006467220441756,0.05254044896841178,0.23269174778939608,-0.13446726996748137,-0.04104175810333018,0.2784247100353241,0.1390112042427063,0.10366584360599518,0.4174359142780304,0.6409976482391357,0.7570019960403442,1,44,115,"[0.2784, 0.139, 0.1037, 0.0685, 0.0514, 0.0355, 0.0252, 0.0248, 0.0164, 0.0141]","[0.889, 0.202, 0.08, 0.061, 0.069, 0.016, 0.125, 0.142, 0.098, 0.009]",2000,0.20051351189613342,-0.6739854114878714,
49,T7,1890,0.9077776628140504,0.006404753944991502,-0.055470772130829855,0.03342942707454618,0.2046108340433689,-0.08765224661897283,-0.12830789354473685,0.3397522270679474,0.10910969227552414,0.09666700661182404,0.4488619267940521,0.651268482208252,0.7646543979644775,1,49,147,"[0.3398, 0.1091, 0.0967, 0.0614, 0.0443, 0.0346, 0.0278, 0.0237, 0.0149, 0.0123]","[0.908, 0.006, 0.055, 0.023, 0.144, 0.119, 0.002, 0.136, 0.039, 0.129]",2000,0.20029202103614807,-0.68783858841626,
49,T8,1890,-0.9035039650366297,-0.14541355359521135,0.17929025689759737,0.04264957714305216,-0.06322379808589995,0.1632873441981867,0.06773907192258283,0.454152375459671,0.15324601531028748,0.06528301537036896,0.6073983907699585,0.7602381706237793,0.8555079698562622,1,17,45,"[0.4542, 0.1532, 0.0653, 0.0503, 0.0373, 0.0284, 0.022, 0.0177, 0.0159, 0.0113]","[0.904, 0.145, 0.179, 0.052, 0.106, 0.05, 0.032, 0.033, 0.146, 0.175]",2000,0.2644856572151184,0.6311753173459962,
49,R0,1890,0.012003707968239541,0.9192835780248847,0.025689717859259123,0.04864784056978782,0.007011142844655261,0.09020948205125079,-0.045975924743255,0.40977248549461365,0.20094962418079376,0.09848018735647202,0.6107221245765686,0.7758617401123047,0.8524534702301025,1,19,56,"[0.4098, 0.2009, 0.0985, 0.0384, 0.0283, 0.0225, 0.0199, 0.0126, 0.0113, 0.0103]","[0.012, 0.919, 0.026, 0.231, 0.067, 0.128, 0.021, 0.083, 0.078, 0.074]",2000,0.14398743212223053,0.034968406646059075,
49,R1,1890,-0.23500044948918247,-0.7613215423840616,0.20381433095617255,-0.035366195001319704,0.0009412572787498947,-0.20909712287535975,0.1226997329830962,0.3325156569480896,0.27126312255859375,0.15688079595565796,0.6037787795066833,0.8377624750137329,0.9062851667404175,2,10,23,"[0.3325, 0.2713, 0.1569, 0.0446, 0.0325, 0.0219, 0.0204, 0.0104, 0.0085, 0.0072]","[0.235, 0.761, 0.204, 0.103, 0.226, 0.034, 0.353, 0.014, 0.135, 0.121]",2000,0.20320233702659607,0.2780080724262845,
49,R2,1890,-0.5397647407359384,0.23777031877937577,-0.5586533677400575,-0.05411424536989874,-0.05999321374291361,0.04360513516329693,-0.4673456489474206,0.4813023805618286,0.15706224739551544,0.09996095299720764,0.6383646130561829,0.8321436047554016,0.9023808240890503,2,10,24,"[0.4813, 0.1571, 0.1, 0.0636, 0.0302, 0.0203, 0.016, 0.0127, 0.0122, 0.009]","[0.54, 0.238, 0.559, 0.023, 0.289, 0.214, 0.098, 0.192, 0.038, 0.177]",2000,0.06935398280620575,0.15719432279494122,
49,R3,1890,0.2545256333528482,0.7655460880853867,0.4997497512008435,0.0198889431271665,0.06933010600096473,0.09206160178650111,-0.06726450314378798,0.4294133186340332,0.25115182995796204,0.06973244249820709,0.6805651187896729,0.8203938007354736,0.890297532081604,2,12,29,"[0.4294, 0.2512, 0.0697, 0.0398, 0.0303, 0.0238, 0.0147, 0.0121, 0.0116, 0.0076]","[0.255, 0.766, 0.5, 0.138, 0.081, 0.048, 0.062, 0.007, 0.122, 0.113]",2000,0.35198506712913513,-0.17953265155774037,
49,R4,1890,0.166000650120722,-0.8351640929715497,0.679223559209756,0.01687984197652905,-0.05763818529315585,-0.062371873999417335,-0.014247670397065672,0.3638378977775574,0.21434573829174042,0.13329550623893738,0.578183650970459,0.8127044439315796,0.8952329158782959,3,11,26,"[0.3638, 0.2143, 0.1333, 0.0617, 0.0396, 0.0243, 0.0196, 0.018, 0.0114, 0.0093]","[0.166, 0.835, 0.679, 0.395, 0.251, 0.105, 0.025, 0.051, 0.069, 0.007]",2000,0.2775449752807617,-0.2787335072361076,
49,R5,1890,-0.25916468592372816,-0.8997203108390506,-0.021581443964490535,0.08105104356149395,-0.027286686729652978,0.04022814460498988,0.07145082875366401,0.7182631492614746,0.1081738993525505,0.037459589540958405,0.8264370560646057,0.9089543223381042,0.9510388970375061,1,5,10,"[0.7183, 0.1082, 0.0375, 0.0278, 0.0173, 0.0139, 0.0092, 0.0084, 0.0056, 0.0051]","[0.259, 0.9, 0.022, 0.077, 0.199, 0.067, 0.097, 0.157, 0.06, 0.074]",2000,0.14403894543647766,0.2511159913158255,
49,R6,1890,0.07017515995416233,-0.8775182871036333,0.41251578522656845,-0.0153986058776305,0.07721542634246391,-0.044992788568480636,-0.08822284215852824,0.7179929614067078,0.11265504360198975,0.043537337332963943,0.8306480050086975,0.9156691431999207,0.9508135318756104,2,5,10,"[0.718, 0.1127, 0.0435, 0.0217, 0.0198, 0.0091, 0.0074, 0.0071, 0.0066, 0.0049]","[0.07, 0.878, 0.413, 0.289, 0.047, 0.287, 0.02, 0.162, 0.011, 0.011]",2000,0.1555958390235901,-0.12814107715808354,
49,R7,1890,-0.7054128432252436,0.422476636850636,-0.0862036385885578,-0.03496015292171152,-0.06952387171394007,0.014200580655252721,0.07532497495465512,0.519704282283783,0.08847604691982269,0.062153786420822144,0.6081803441047668,0.7621319890022278,0.8587747812271118,3,16,35,"[0.5197, 0.0885, 0.0622, 0.0551, 0.0367, 0.0304, 0.0202, 0.0178, 0.0169, 0.0114]","[0.705, 0.422, 0.086, 0.408, 0.027, 0.256, 0.008, 0.018, 0.107, 0.089]",2000,0.47925546765327454,0.6790419674281583,
50,T0,1890,-0.9375879059622008,-0.08626548040795953,-0.014821947101629021,-0.04615045416435448,-0.14862868018858008,0.12854166606388862,0.06750238200570938,0.4360523223876953,0.1317601203918457,0.0517827644944191,0.567812442779541,0.6999945640563965,0.7928345203399658,1,34,95,"[0.4361, 0.1318, 0.0518, 0.0404, 0.04, 0.0269, 0.0195, 0.0181, 0.0157, 0.0126]","[0.938, 0.086, 0.015, 0.087, 0.077, 0.122, 0.03, 0.001, 0.063, 0.196]",2000,0.28097212314605713,0.6628302220795141,
50,T1,1890,-0.8334016256758053,0.29768967252994316,0.3395159180305319,-0.0315923135551651,-0.06070592174930314,0.02772981835211623,0.2134959590204731,0.5355292558670044,0.1193564236164093,0.05704222619533539,0.6548856496810913,0.7789767384529114,0.855057954788208,2,18,43,"[0.5355, 0.1194, 0.057, 0.0352, 0.0319, 0.0244, 0.0174, 0.0133, 0.0107, 0.0103]","[0.833, 0.298, 0.34, 0.148, 0.19, 0.159, 0.185, 0.055, 0.118, 0.072]",2000,0.38290223479270935,0.7448749080495989,
50,T2,1890,0.8437045347903976,0.2331722554884655,-0.23400137229210316,-0.03400204888262874,0.020496208140819358,-0.03279727946114821,-0.2317289985956465,0.3879440128803253,0.09734697639942169,0.08026698231697083,0.4852910041809082,0.655745267868042,0.7578807473182678,1,39,95,"[0.3879, 0.0973, 0.0803, 0.0466, 0.0436, 0.0292, 0.0203, 0.0199, 0.0168, 0.016]","[0.844, 0.233, 0.234, 0.178, 0.016, 0.224, 0.041, 0.056, 0.06, 0.086]",2000,0.325128972530365,-0.7581171511500356,
50,T3,1890,0.834494338093177,-0.32268340045093746,-0.05648592717917185,0.1295068725988595,0.137118821055361,-0.02396664817022279,-0.14698629915006514,0.3876775801181793,0.19533146917819977,0.07398689538240433,0.5830090641975403,0.7421472668647766,0.8426674604415894,2,21,50,"[0.3877, 0.1953, 0.074, 0.0455, 0.0397, 0.0325, 0.0226, 0.0216, 0.0132, 0.0105]","[0.834, 0.323, 0.056, 0.09, 0.067, 0.056, 0.147, 0.053, 0.089, 0.063]",2000,0.2562827169895172,-0.8050822085882651,
50,T4,1890,-0.868145582935557,0.00784722849374674,0.12110512825212615,-0.05508857024870676,-0.10398357125230143,0.15296842377987735,0.08303686968997655,0.3654593229293823,0.1507367342710495,0.08965273946523666,0.516196072101593,0.6815776824951172,0.7898819446563721,1,29,70,"[0.3655, 0.1507, 0.0897, 0.0432, 0.0325, 0.0286, 0.0243, 0.0217, 0.018, 0.0157]","[0.868, 0.008, 0.121, 0.216, 0.193, 0.004, 0.143, 0.14, 0.033, 0.107]",2000,0.2474086582660675,0.6361830565283736,
50,T5,1890,0.9025084771161056,-0.18748889821692372,0.0009160084687085162,0.08731730832507524,0.17493747893424155,-0.06852441259292039,-0.09082818774461107,0.4558531939983368,0.10104959458112717,0.08318210393190384,0.5569027662277222,0.7222599387168884,0.8165622353553772,1,30,84,"[0.4559, 0.101, 0.0832, 0.0456, 0.0366, 0.0299, 0.0248, 0.0175, 0.0115, 0.0106]","[0.903, 0.187, 0.001, 0.003, 0.066, 0.05, 0.021, 0.158, 0.199, 0.002]",2000,0.25506898760795593,-0.7181162519768992,
50,T6,1890,0.8918837966714901,0.19174395406268366,-0.03542638476091782,0.06318813607577166,0.22617171572740527,-0.1339663049473132,-0.040045103065395646,0.2867637276649475,0.13346640765666962,0.10354860872030258,0.4202301502227783,0.6414093375205994,0.7563492655754089,1,45,120,"[0.2868, 0.1335, 0.1035, 0.0672, 0.0505, 0.0354, 0.0245, 0.0231, 0.017, 0.0149]","[0.892, 0.192, 0.035, 0.069, 0.042, 0.029, 0.174, 0.014, 0.112, 0.018]",2000,0.20528100430965424,-0.6796329940861372,
50,T7,1890,0.9124175803503619,0.04899748575883855,-0.047081680288226256,0.03613428013967304,0.18730591517595774,-0.07249803793831253,-0.12949916996572158,0.34231796860694885,0.11450185626745224,0.09506340324878693,0.4568198323249817,0.654227077960968,0.7671710848808289,1,48,142,"[0.3423, 0.1145, 0.0951, 0.0591, 0.0433, 0.0351, 0.0273, 0.023, 0.0147, 0.0128]","[0.912, 0.049, 0.047, 0.02, 0.114, 0.069, 0.056, 0.12, 0.032, 0.003]",2000,0.20803874731063843,-0.7003521294496525,
50,T8,1890,-0.9086976580746778,-0.12238385306641995,0.16733626319558148,0.04149036752962132,-0.061798415269748976,0.1607629942863585,0.06744297831936447,0.4767833650112152,0.14879418909549713,0.062617227435112,0.6255775690078735,0.7696149945259094,0.859799861907959,1,16,43,"[0.4768, 0.1488, 0.0626, 0.0461, 0.0353, 0.0266, 0.0215, 0.0167, 0.0138, 0.0116]","[0.909, 0.122, 0.167, 0.065, 0.12, 0.035, 0.011, 0.064, 0.124, 0.081]",2000,0.28119856119155884,0.630816180770979,
50,R0,1890,-0.04081861802213268,0.9020168648329344,0.1311580259932924,-0.05050712142825545,-0.009526564115574714,-0.07075411431791451,0.03468011006347725,0.4430513083934784,0.21635691821575165,0.11067023128271103,0.6594082117080688,0.8232037425041199,0.8823183178901672,1,13,38,"[0.4431, 0.2164, 0.1107, 0.03, 0.0231, 0.0173, 0.0139, 0.0106, 0.0092, 0.0081]","[0.041, 0.902, 0.131, 0.255, 0.132, 0.107, 0.026, 0.003, 0.069, 0.265]",2000,0.17007242143154144,-0.05469725072932195,
50,R1,1890,0.09558986230435769,-0.7297584384173613,0.30936745772082824,0.030823048177918436,-0.0006036860192008449,0.18126485135203516,-0.08555941519324678,0.3402611017227173,0.2620078921318054,0.17712576687335968,0.6022689938545227,0.8479335308074951,0.912077009677887,3,9,21,"[0.3403, 0.262, 0.1771, 0.0399, 0.0286, 0.0207, 0.0191, 0.0095, 0.0082, 0.0066]","[0.096, 0.73, 0.309, 0.07, 0.195, 0.176, 0.408, 0.005, 0.107, 0.011]",2000,0.18915490806102753,-0.08949947611191404,
50,R2,1890,-0.5485545730990703,0.32638401040122844,-0.5024898213557226,-0.05114779973271649,-0.06014585799445976,0.07162383419394577,-0.4360400621895932,0.41773760318756104,0.1730489283800125,0.13436971604824066,0.5907865166664124,0.8310611844062805,0.9025455117225647,3,10,24,"[0.4177, 0.173, 0.1344, 0.0751, 0.0309, 0.0227, 0.0163, 0.0118, 0.0112, 0.0094]","[0.549, 0.326, 0.502, 0.11, 0.271, 0.038, 0.168, 0.011, 0.203, 0.181]",2000,0.09040072560310364,0.17564552352355023,
50,R3,1890,0.14001485995507332,0.8472537756037791,0.43961807685156257,0.032855943915831305,0.06370066758547331,0.12085469613713955,-0.008756442756380952,0.49247726798057556,0.20755520462989807,0.06493240594863892,0.7000324726104736,0.8305965662002563,0.8974146842956543,2,11,27,"[0.4925, 0.2076, 0.0649, 0.0372, 0.0284, 0.0245, 0.013, 0.012, 0.0106, 0.0067]","[0.14, 0.847, 0.44, 0.017, 0.055, 0.15, 0.069, 0.014, 0.111, 0.025]",2000,0.3067193627357483,-0.09353351500505981,
50,R4,1890,0.27388120994758725,-0.8077104139207892,-0.36232282206183486,-0.0050343543605854335,-0.046902432101289075,-0.0698918772627239,-0.005550468620449205,0.33430421352386475,0.24091459810733795,0.12767468392848969,0.5752187967300415,0.799476146697998,0.8892969489097595,3,12,28,"[0.3343, 0.2409, 0.1277, 0.057, 0.0396, 0.0261, 0.0219, 0.0206, 0.0119, 0.0093]","[0.274, 0.808, 0.362, 0.366, 0.233, 0.08, 0.111, 0.026, 0.031, 0.0]",2000,0.3059447407722473,-0.3476666989004258,
50,R5,1890,-0.2735700088106068,-0.9006364885091551,-0.13498658695649016,0.07316932208251521,-0.02410886777420292,0.02991878519429479,0.05436590762111585,0.6539936065673828,0.14146777987480164,0.03755774721503258,0.7954614162445068,0.886806845664978,0.9374417662620544,1,6,14,"[0.654, 0.1415, 0.0376, 0.0296, 0.0242, 0.0166, 0.0105, 0.0099, 0.0075, 0.0061]","[0.274, 0.901, 0.135, 0.015, 0.242, 0.047, 0.023, 0.135, 0.066, 0.05]",2000,0.18645760416984558,0.26796407868432076,
50,R6,1890,-0.22874240414907346,-0.8712538617926302,0.21326700328779596,0.0051346823775768715,-0.08002682062398388,0.06296135981521836,0.11159686855724488,0.6809042096138,0.14216801524162292,0.035995520651340485,0.8230721950531006,0.9068025946617126,0.9446014165878296,2,5,12,"[0.6809, 0.1422, 0.036, 0.0246, 0.0231, 0.0099, 0.0086, 0.0072, 0.0068, 0.0053]","[0.229, 0.871, 0.213, 0.318, 0.081, 0.235, 0.128, 0.06, 0.055, 0.138]",2000,0.19622798264026642,0.2620173614991698,
50,R7,1890,-0.7246694826439888,0.3819635509983558,-0.08647977407582805,-0.030099800350944287,-0.06872509105395218,0.03031901785363425,0.07709784961388448,0.5268351435661316,0.08386729657649994,0.06615831702947617,0.6107024550437927,0.7680912613868713,0.8648089170455933,3,15,33,"[0.5268, 0.0839, 0.0662, 0.0535, 0.0377, 0.0311, 0.0204, 0.0174, 0.016, 0.0118]","[0.725, 0.382, 0.086, 0.387, 0.054, 0.225, 0.015, 0.031, 0.109, 0.124]",2000,0.48338720202445984,0.6898746277519255,
51,T0,1890,-0.9351664526741271,-0.12474548200382557,-0.0058955271409176805,-0.054954841265164214,-0.17095641549157684,0.11275845224432739,0.07790905871415031,0.4283977448940277,0.14152877032756805,0.05580892041325569,0.5699265003204346,0.7079616785049438,0.7934368252754211,1,36,101,"[0.4284, 0.1415, 0.0558, 0.0419, 0.0403, 0.0271, 0.0166, 0.0146, 0.0141, 0.0129]","[0.935, 0.125, 0.006, 0.091, 0.026, 0.13, 0.079, 0.014, 0.045, 0.188]",2000,0.28084301948547363,0.677262498415287,
51,T1,1890,-0.8159665078113426,-0.27078563200707934,0.27659939247091586,-0.037845610205771804,-0.060903418477894704,0.03941369069665827,0.21163381480803423,0.5433800220489502,0.11740700155496597,0.05592845752835274,0.660787045955658,0.7842942476272583,0.8605133891105652,1,17,41,"[0.5434, 0.1174, 0.0559, 0.0372, 0.0304, 0.0227, 0.0181, 0.0154, 0.0104, 0.0096]","[0.816, 0.271, 0.277, 0.153, 0.293, 0.108, 0.159, 0.116, 0.039, 0.178]",2000,0.38154900074005127,0.7398347434006703,
51,T2,1890,0.8436084175621789,0.13559801346717953,0.2382968369422117,-0.038911179954895805,0.013800908467124562,-0.03429538084447378,-0.22456010112634897,0.39913085103034973,0.09846974909305573,0.07836434245109558,0.49760061502456665,0.672990620136261,0.7719575762748718,1,35,86,"[0.3991, 0.0985, 0.0784, 0.0539, 0.0432, 0.0283, 0.0194, 0.0187, 0.0171, 0.0154]","[0.844, 0.136, 0.238, 0.227, 0.052, 0.2, 0.046, 0.051, 0.056, 0.076]",2000,0.3234332203865051,-0.7485436558685585,
51,T3,1890,0.8528922672800283,-0.283011941983357,0.0669711880129304,0.1209887973553502,0.14360401661092262,-0.04472682523751902,-0.1325309151301983,0.3713257610797882,0.21645791828632355,0.07067633420228958,0.587783694267273,0.7430778741836548,0.8405018448829651,1,21,53,"[0.3713, 0.2165, 0.0707, 0.0446, 0.04, 0.0308, 0.0223, 0.0209, 0.0131, 0.0104]","[0.853, 0.283, 0.067, 0.087, 0.042, 0.05, 0.173, 0.058, 0.073, 0.008]",2000,0.24614813923835754,-0.7836401018140139,
51,T4,1890,-0.8633971181867938,0.01831528253320912,0.11618025018460214,-0.05247519021768702,-0.10231036705631624,0.16162548362233403,0.0712000415654379,0.3446893095970154,0.20224104821681976,0.08425696194171906,0.5469303727149963,0.7023336887359619,0.8050483465194702,1,25,62,"[0.3447, 0.2022, 0.0843, 0.0413, 0.0299, 0.0283, 0.0229, 0.0201, 0.0171, 0.0143]","[0.863, 0.018, 0.116, 0.217, 0.12, 0.054, 0.149, 0.15, 0.023, 0.013]",2000,0.24172556400299072,0.6257266585652919,
51,T5,1890,0.9144720326836797,-0.1488652561200064,0.030157014297951108,0.08677670992431177,0.13821231490933558,-0.07985909110461906,-0.07107346030085099,0.4755360782146454,0.10265149176120758,0.07635410875082016,0.5781875848770142,0.7309765219688416,0.8230606913566589,1,28,78,"[0.4755, 0.1027, 0.0764, 0.0441, 0.0323, 0.0302, 0.0231, 0.016, 0.0125, 0.0103]","[0.914, 0.149, 0.03, 0.007, 0.031, 0.046, 0.021, 0.162, 0.188, 0.039]",2000,0.25823214650154114,-0.7005276129993143,
51,T6,1890,0.8886337304879557,0.21683030943469458,0.0035737230239935892,0.06255537743736646,0.22139517610748252,-0.13893310395411346,-0.020324477303852787,0.30290794372558594,0.12897764146327972,0.09856470674276352,0.43188560009002686,0.645396888256073,0.7587084174156189,1,45,119,"[0.3029, 0.129, 0.0986, 0.066, 0.049, 0.0354, 0.0228, 0.022, 0.0176, 0.0155]","[0.889, 0.217, 0.004, 0.068, 0.047, 0.045, 0.097, 0.1, 0.152, 0.083]",2000,0.21188677847385406,-0.6773100456827342,
51,T7,1890,0.9175050150465612,0.04390648099064908,0.018983951760124688,0.04110274296715468,0.16582855586286,-0.0945896463042515,-0.09835932399990471,0.3459477424621582,0.1253911256790161,0.09099920839071274,0.4713388681411743,0.6623096466064453,0.7724288702011108,1,46,137,"[0.3459, 0.1254, 0.091, 0.0584, 0.0416, 0.0347, 0.0264, 0.0221, 0.0147, 0.0122]","[0.918, 0.044, 0.019, 0.047, 0.104, 0.029, 0.116, 0.091, 0.062, 0.114]",2000,0.21045325696468353,-0.6856276872826353,
51,T8,1890,0.9048850896988152,-0.1518214209092744,0.1300590627997551,-0.03662176688305909,0.05312649876579348,-0.16863594683433755,-0.0603220880685084,0.48805341124534607,0.1455761194229126,0.06636052578687668,0.633629560470581,0.7752662301063538,0.8628281354904175,1,15,41,"[0.4881, 0.1456, 0.0664, 0.0426, 0.0326, 0.0284, 0.0189, 0.0148, 0.0132, 0.0122]","[0.905, 0.152, 0.13, 0.063, 0.119, 0.08, 0.004, 0.096, 0.078, 0.063]",2000,0.27974286675453186,-0.6267439691185431,
51,R0,1890,-0.03119423537196486,0.9030941760002151,0.06968643445922545,-0.048206425780618456,-0.014075960677056309,-0.10068698699137868,0.05453729669699011,0.43039751052856445,0.21753334999084473,0.1451554149389267,0.6479308605194092,0.8406251072883606,0.8942483067512512,1,11,33,"[0.4304, 0.2175, 0.1452, 0.0269, 0.0206, 0.0154, 0.0119, 0.0106, 0.0083, 0.0074]","[0.031, 0.903, 0.07, 0.202, 0.13, 0.021, 0.072, 0.098, 0.225, 0.16]",2000,0.16302143037319183,-0.023049925273128852,
51,R1,1890,-0.11990387609635654,-0.73386805277351,0.2710456691031757,-0.03801819905202503,0.002691585931908233,-0.18891764623687635,0.10547527536157286,0.3396211862564087,0.2572660446166992,0.1906692087650299,0.5968872308731079,0.8513609170913696,0.9147049784660339,3,9,20,"[0.3396, 0.2573, 0.1907, 0.0374, 0.0264, 0.021, 0.0177, 0.0091, 0.0084, 0.0071]","[0.12, 0.734, 0.271, 0.017, 0.181, 0.302, 0.377, 0.015, 0.054, 0.065]",2000,0.18338380753993988,0.14917757352319488,
51,R2,1890,0.5208499063033802,0.3432879404943965,-0.5386765991040438,0.04115238376057682,0.06011122436441379,-0.14922499597598549,0.37453698827257376,0.3811614513397217,0.1938307136297226,0.14815452694892883,0.5749921798706055,0.8367904424667358,0.9056327939033508,3,10,22,"[0.3812, 0.1938, 0.1482, 0.0837, 0.03, 0.0224, 0.0152, 0.012, 0.0104, 0.0089]","[0.521, 0.343, 0.539, 0.059, 0.282, 0.022, 0.156, 0.083, 0.175, 0.219]",2000,0.09263954311609268,-0.1315817074876232,
51,R3,1890,0.2661973162526095,-0.8580763798531259,0.37001307094403413,0.024585667526909796,0.08076755278593835,0.07513036621827332,0.044853940566967045,0.5835090279579163,0.16816845536231995,0.05523775890469551,0.7516775131225586,0.862589418888092,0.9165841937065125,2,8,21,"[0.5835, 0.1682, 0.0552, 0.0334, 0.0222, 0.02, 0.0102, 0.0098, 0.0085, 0.0055]","[0.266, 0.858, 0.37, 0.112, 0.126, 0.24, 0.114, 0.01, 0.104, 0.051]",2000,0.2639317214488983,-0.08406869160449122,
51,R4,1890,0.15563225060399444,-0.8625751981615134,0.01687002095361738,-0.025116192167116688,-0.07539827648633471,-0.05907993089254281,-0.01529282822986769,0.36354702711105347,0.23920492827892303,0.11404958367347717,0.6027519702911377,0.8056371212005615,0.8937058448791504,2,11,28,"[0.3635, 0.2392, 0.114, 0.0499, 0.039, 0.0255, 0.021, 0.0208, 0.0115, 0.0092]","[0.156, 0.863, 0.017, 0.393, 0.183, 0.023, 0.055, 0.106, 0.01, 0.002]",2000,0.29689696431159973,-0.2862837173756484,
51,R5,1890,-0.2853396015792832,-0.8915783624343221,0.0468366099980329,0.07012237163239517,-0.02294112025738656,0.03483841151360883,0.04857155937475224,0.6031981706619263,0.15986962616443634,0.0432596281170845,0.7630677819252014,0.870258092880249,0.927910327911377,2,7,16,"[0.6032, 0.1599, 0.0433, 0.0346, 0.0293, 0.0199, 0.0111, 0.0106, 0.0091, 0.007]","[0.285, 0.892, 0.047, 0.151, 0.31, 0.106, 0.073, 0.063, 0.108, 0.049]",2000,0.19581188261508942,0.27997736608858614,
51,R6,1890,0.34053760788447374,-0.8633646887300908,0.15092010401441613,0.010712069547220442,0.061201696564596356,-0.0669379042279806,-0.12037202432276581,0.6394876837730408,0.16826455295085907,0.03560914099216461,0.807752251625061,0.8957998156547546,0.9394015669822693,3,6,13,"[0.6395, 0.1683, 0.0356, 0.0304, 0.022, 0.0119, 0.0107, 0.0088, 0.0071, 0.0052]","[0.341, 0.863, 0.151, 0.311, 0.114, 0.026, 0.234, 0.003, 0.109, 0.029]",2000,0.20865793526172638,-0.3694155782946086,
51,R7,1890,-0.7075791106472572,0.3524525087137694,-0.20414454394312576,-0.017064829227902856,-0.07174600309730718,0.040322448274972535,0.06041875655246735,0.5437517166137695,0.08254674077033997,0.06432636827230453,0.6262984275817871,0.7782065272331238,0.8744873404502869,3,14,29,"[0.5438, 0.0825, 0.0643, 0.0491, 0.0385, 0.0319, 0.0196, 0.0177, 0.0157, 0.0114]","[0.708, 0.352, 0.204, 0.382, 0.079, 0.261, 0.037, 0.098, 0.006, 0.084]",2000,0.48189306259155273,0.689122414288485,
52,T0,1890,-0.9254190380826567,0.1547884385555166,0.001546403385177948,-0.0669416323196421,-0.18698994806754757,0.0928300468334174,0.06930106162729678,0.44863611459732056,0.12487074732780457,0.0539419911801815,0.5735068321228027,0.7079486846923828,0.7985485792160034,1,33,95,"[0.4486, 0.1249, 0.0539, 0.0421, 0.0384, 0.0297, 0.0165, 0.0151, 0.015, 0.0144]","[0.925, 0.155, 0.002, 0.054, 0.062, 0.172, 0.034, 0.041, 0.031, 0.161]",2000,0.28485122323036194,0.6843422484188563,
52,T1,1890,-0.7953263451990271,0.28593557258491087,0.1801709628588615,-0.043018453941010296,-0.06184159304120091,0.05324827774711447,0.198696836727599,0.549860954284668,0.11729952692985535,0.060601767152547836,0.6671605110168457,0.7956007122993469,0.8688889741897583,2,15,38,"[0.5499, 0.1173, 0.0606, 0.036, 0.0318, 0.0211, 0.0169, 0.0152, 0.011, 0.0091]","[0.795, 0.286, 0.18, 0.112, 0.385, 0.15, 0.058, 0.036, 0.076, 0.023]",2000,0.37729066610336304,0.7267330299154473,
52,T2,1890,0.857622960426632,0.14526606608198234,-0.2318921285054178,-0.05760361848286147,0.03377651751913644,-0.06656940245713991,-0.20687453568554243,0.4345603585243225,0.09433157742023468,0.07140428572893143,0.528891921043396,0.6885915398597717,0.7811911106109619,1,33,81,"[0.4346, 0.0943, 0.0714, 0.0487, 0.0396, 0.0258, 0.0186, 0.0174, 0.0163, 0.0145]","[0.858, 0.145, 0.232, 0.162, 0.045, 0.236, 0.084, 0.035, 0.049, 0.055]",2000,0.33853375911712646,-0.7372223351603792,
52,T3,1890,0.8366094855431903,-0.3211440873928081,0.09376480303984344,0.12891323965086923,0.13597088624909837,-0.017493583264412076,-0.1261619447834389,0.36844515800476074,0.21834035217761993,0.07331660389900208,0.5867854952812195,0.7506439685821533,0.8456860780715942,2,20,49,"[0.3684, 0.2183, 0.0733, 0.0489, 0.0417, 0.0275, 0.0246, 0.0201, 0.0129, 0.0099]","[0.837, 0.321, 0.094, 0.067, 0.012, 0.047, 0.141, 0.099, 0.029, 0.027]",2000,0.23610219359397888,-0.7875591076292274,
52,T4,1890,-0.8607945015128031,-0.08744056849664676,0.01070876099608425,-0.05238156214233121,-0.09725610103984224,0.1556453937979285,0.04964572313116975,0.33261987566947937,0.23468166589736938,0.07538298517465591,0.5673015117645264,0.7104582786560059,0.804942786693573,1,26,65,"[0.3326, 0.2347, 0.0754, 0.0379, 0.0299, 0.0253, 0.0201, 0.0191, 0.0161, 0.0139]","[0.861, 0.087, 0.011, 0.233, 0.064, 0.109, 0.075, 0.17, 0.047, 0.063]",2000,0.2338971495628357,0.6020358331261407,
52,T5,1890,0.9164652761988569,-0.1497851084465852,-0.03192717517118479,0.08366390649975425,0.12772198152078626,-0.082512692099796,-0.06128937749354371,0.49548184871673584,0.09706834703683853,0.07291904836893082,0.5925502181053162,0.7406541109085083,0.8307534456253052,1,25,72,"[0.4955, 0.0971, 0.0729, 0.0444, 0.0308, 0.0306, 0.0218, 0.0153, 0.0126, 0.0099]","[0.916, 0.15, 0.032, 0.006, 0.006, 0.038, 0.019, 0.146, 0.226, 0.001]",2000,0.2604736089706421,-0.6920502946002333,
52,T6,1890,0.899948293677298,-0.1818968243266011,0.04117149441288497,0.06351009547656446,0.20906667607478827,-0.1160715647388335,-0.026760170833706614,0.3204602599143982,0.12788629531860352,0.0945899486541748,0.4483465552330017,0.6507687568664551,0.7618511319160461,1,44,116,"[0.3205, 0.1279, 0.0946, 0.0619, 0.0459, 0.0334, 0.0234, 0.0209, 0.0173, 0.0161]","[0.9, 0.182, 0.041, 0.078, 0.05, 0.059, 0.113, 0.058, 0.125, 0.034]",2000,0.21732988953590393,-0.6860619631628088,
52,T7,1890,-0.9151035783089125,0.0595051794061213,-0.013909171747363381,-0.04578779605429593,-0.16746476477888098,0.08726490222106542,0.10225614813314611,0.3513294756412506,0.12496855109930038,0.09175532311201096,0.4762980341911316,0.6630616784095764,0.7732827067375183,1,45,131,"[0.3513, 0.125, 0.0918, 0.0555, 0.0395, 0.0344, 0.0271, 0.0212, 0.0154, 0.0122]","[0.915, 0.06, 0.014, 0.044, 0.095, 0.023, 0.131, 0.089, 0.116, 0.068]",2000,0.20720383524894714,0.6862468379578551,
52,T8,1890,-0.9063829487418721,-0.1317920973914894,0.0957709487836183,0.018385592744912048,-0.06798639406997735,0.17482438542991294,0.0652678001168506,0.4984564483165741,0.14112158119678497,0.06118578091263771,0.6395780444145203,0.7784302830696106,0.8663924336433411,1,15,38,"[0.4985, 0.1411, 0.0612, 0.0426, 0.0351, 0.0299, 0.0191, 0.0145, 0.013, 0.0114]","[0.906, 0.132, 0.096, 0.129, 0.024, 0.083, 0.03, 0.095, 0.115, 0.056]",2000,0.28100576996803284,0.6342593867454064,
52,R0,1890,-0.03378101062043207,-0.8210132942113739,0.2806777715197774,-0.034095876952401565,-0.004577293656637965,-0.047969176379592846,0.022407232755155958,0.5555078387260437,0.15212823450565338,0.11776003986597061,0.7076360583305359,0.8692081570625305,0.9139516949653625,1,8,23,"[0.5555, 0.1521, 0.1178, 0.0273, 0.0166, 0.0121, 0.0111, 0.0087, 0.0069, 0.0059]","[0.034, 0.821, 0.281, 0.246, 0.192, 0.144, 0.056, 0.071, 0.178, 0.092]",2000,0.12148548662662506,-0.08651678826669486,
52,R1,1890,0.03231374662331494,-0.6704317070261091,0.5393266789349761,0.019230934996741573,-0.00043285706900915633,0.13376343507756752,-0.04560457147707294,0.43271058797836304,0.22275008261203766,0.17107944190502167,0.6554606556892395,0.8772287964820862,0.9283233880996704,4,7,17,"[0.4327, 0.2228, 0.1711, 0.0291, 0.0216, 0.0174, 0.0132, 0.0076, 0.0068, 0.006]","[0.032, 0.67, 0.539, 0.034, 0.072, 0.334, 0.318, 0.008, 0.053, 0.058]",2000,0.14395402371883392,0.061571428697803604,
52,R2,1890,0.3100496861812069,0.41002999804641793,-0.6367561853514689,0.03012655391773948,0.024471479688014986,-0.1515603339379354,0.2660280649043252,0.330439954996109,0.2732718884944916,0.15032126009464264,0.6037118434906006,0.8522634506225586,0.913588285446167,4,9,20,"[0.3304, 0.2733, 0.1503, 0.0702, 0.0281, 0.0198, 0.0131, 0.0115, 0.0094, 0.0076]","[0.31, 0.41, 0.637, 0.011, 0.346, 0.02, 0.179, 0.104, 0.199, 0.181]",2000,0.07354490458965302,-0.10539364707640211,
52,R3,1890,0.016638828986983385,-0.8620924438275915,0.22007780800129947,0.020866235361526077,0.02810425465329772,0.08345488863216319,-0.09711363320435998,0.566962480545044,0.15924681723117828,0.05847005173563957,0.726209282875061,0.8416829705238342,0.8980465531349182,1,11,27,"[0.567, 0.1592, 0.0585, 0.034, 0.023, 0.019, 0.0124, 0.0093, 0.0084, 0.0073]","[0.017, 0.862, 0.22, 0.199, 0.022, 0.214, 0.036, 0.029, 0.08, 0.038]",2000,0.24002346396446228,0.03832258910966369,
52,R4,1890,0.1766751141266156,-0.848733765048603,0.16589808484304422,-0.0570087681016699,-0.07869844860148596,-0.05792582325120936,-0.0292448927097984,0.3214966952800751,0.2549281418323517,0.13398727774620056,0.5764248371124268,0.7978408932685852,0.8866410851478577,2,12,31,"[0.3215, 0.2549, 0.134, 0.0493, 0.0382, 0.0242, 0.0231, 0.0197, 0.0124, 0.0094]","[0.177, 0.849, 0.166, 0.405, 0.147, 0.093, 0.042, 0.026, 0.002, 0.005]",2000,0.30982187390327454,-0.31356971199022843,
52,R5,1890,-0.27179540078242015,0.8792053707894798,-0.1684680262714202,0.05865167787755134,-0.02198472686255296,0.01473551621033985,0.038896250194231236,0.5262379050254822,0.18433664739131927,0.05770232155919075,0.7105745673179626,0.8350216150283813,0.9060935974121094,2,10,23,"[0.5262, 0.1843, 0.0577, 0.0341, 0.0326, 0.0252, 0.0145, 0.0114, 0.0106, 0.0094]","[0.272, 0.879, 0.168, 0.083, 0.302, 0.127, 0.007, 0.0, 0.106, 0.018]",2000,0.20591402053833008,0.2860767877097309,
52,R6,1890,0.3416890595875745,-0.864317261256466,0.30837562309091987,0.010347285923137963,0.07017132008039874,-0.08217787062997291,-0.10419356019774366,0.6087090969085693,0.18007676303386688,0.03282127529382706,0.7887858748435974,0.8735111355781555,0.9259587526321411,3,7,17,"[0.6087, 0.1801, 0.0328, 0.0284, 0.0235, 0.0145, 0.0123, 0.0105, 0.0083, 0.0068]","[0.342, 0.864, 0.308, 0.299, 0.036, 0.058, 0.234, 0.034, 0.073, 0.024]",2000,0.20874175429344177,-0.3473219581723599,
52,R7,1890,-0.71140865400412,-0.4002949870745942,-0.0676922601074306,-0.006109913500688146,-0.0651625216615955,0.04991954841621037,0.043369596568377335,0.5300577878952026,0.08613844960927963,0.05850744619965553,0.6161962151527405,0.7670008540153503,0.8658211827278137,3,15,32,"[0.5301, 0.0861, 0.0585, 0.0504, 0.0419, 0.0322, 0.0204, 0.0186, 0.0149, 0.0127]","[0.711, 0.4, 0.068, 0.024, 0.235, 0.315, 0.071, 0.125, 0.168, 0.222]",2000,0.47368693351745605,0.692104624875148,
53,T0,1890,-0.9203269124108674,0.16856822958394513,0.011934263901625341,-0.07051706489656666,-0.19279983222269154,0.08818904898362896,0.06593082458156456,0.442396879196167,0.1281600147485733,0.05238453671336174,0.5705568790435791,0.7002832889556885,0.7904057502746582,1,35,97,"[0.4424, 0.1282, 0.0524, 0.0405, 0.0369, 0.0285, 0.0179, 0.0159, 0.0143, 0.0136]","[0.92, 0.169, 0.012, 0.042, 0.033, 0.181, 0.031, 0.059, 0.128, 0.062]",2000,0.28255176544189453,0.6875749505915516,
53,T1,1890,-0.7891383981922804,0.28090307557867483,-0.17733397584846067,-0.041764073184303134,-0.05994348980321684,0.057426051086971,0.19364422688932859,0.550894021987915,0.1189117357134819,0.06128441542387009,0.6698057651519775,0.7966292500495911,0.8737138509750366,2,14,36,"[0.5509, 0.1189, 0.0613, 0.0344, 0.0311, 0.0214, 0.0179, 0.0158, 0.012, 0.01]","[0.789, 0.281, 0.177, 0.03, 0.339, 0.15, 0.06, 0.044, 0.009, 0.077]",2000,0.3811969459056854,0.7306858020580891,
53,T2,1890,0.8588409367602169,0.11467886027407775,0.22024609730702396,-0.06521147286194483,0.025373220200516532,-0.06646744094213987,-0.20176994176247948,0.4687314033508301,0.09615638107061386,0.067463718354702,0.5648877620697021,0.7141848802566528,0.8015705347061157,1,27,68,"[0.4687, 0.0962, 0.0675, 0.0448, 0.037, 0.0242, 0.0178, 0.0156, 0.0153, 0.0144]","[0.859, 0.115, 0.22, 0.181, 0.022, 0.206, 0.118, 0.008, 0.035, 0.1]",2000,0.3542676270008087,-0.7342887048290617,
53,T3,1890,0.845003381779957,0.30939506672519707,0.11457121706774755,0.11718836280035284,0.13237369053031867,-0.011575510232829525,-0.12544472510238228,0.36621731519699097,0.20281849801540375,0.07681655138731003,0.5690358281135559,0.7400177717208862,0.8384211659431458,2,22,53,"[0.3662, 0.2028, 0.0768, 0.0506, 0.0436, 0.0277, 0.0256, 0.0206, 0.0138, 0.0106]","[0.845, 0.309, 0.115, 0.059, 0.026, 0.144, 0.027, 0.101, 0.04, 0.001]",2000,0.24466821551322937,-0.7897446745438971,
53,T4,1890,-0.8687841173935618,0.03610797179430261,0.016785241021276594,-0.05564820124924371,-0.10154949936573307,0.16096726571995992,0.058703306091937295,0.3424413800239563,0.23046177625656128,0.07215713709592819,0.5729031562805176,0.7156294584274292,0.809016764163971,1,25,62,"[0.3424, 0.2305, 0.0722, 0.0396, 0.031, 0.0233, 0.0209, 0.0187, 0.0162, 0.0143]","[0.869, 0.036, 0.017, 0.211, 0.041, 0.135, 0.105, 0.153, 0.012, 0.06]",2000,0.24734240770339966,0.6167404920188369,
53,T5,1890,-0.915561161655094,0.13960012349364376,-0.052552140397265155,-0.07947420720571681,-0.11366235483555075,0.0835182587632675,0.05661208447242436,0.5016909837722778,0.09680754691362381,0.07392032444477081,0.598498523235321,0.7468528151512146,0.8342478275299072,1,25,70,"[0.5017, 0.0968, 0.0739, 0.0432, 0.0313, 0.0291, 0.0209, 0.0151, 0.0124, 0.0099]","[0.916, 0.14, 0.053, 0.001, 0.029, 0.019, 0.023, 0.152, 0.214, 0.04]",2000,0.262779176235199,0.6924086972016612,
53,T6,1890,0.8987761765484756,0.17833546129928285,-0.0691673854132147,0.06493767198240334,0.20432200883899618,-0.11588766989588084,-0.03152917088932733,0.329736590385437,0.12685711681842804,0.09171383827924728,0.45659369230270386,0.654984712600708,0.7639713883399963,1,44,116,"[0.3297, 0.1269, 0.0917, 0.0605, 0.0462, 0.0327, 0.0239, 0.0203, 0.0174, 0.0146]","[0.899, 0.178, 0.069, 0.068, 0.057, 0.031, 0.119, 0.083, 0.128, 0.006]",2000,0.22148077189922333,-0.6893295133472493,
53,T7,1890,-0.9130328664790682,0.06763318266062454,-0.025082005465426205,-0.04878963887931697,-0.17551692706959265,0.09102470791425639,0.09884026039109273,0.3491334617137909,0.12944085896015167,0.08966274559497833,0.47857433557510376,0.6644642353057861,0.7725433707237244,1,45,132,"[0.3491, 0.1294, 0.0897, 0.0571, 0.0391, 0.0344, 0.027, 0.0205, 0.0146, 0.0117]","[0.913, 0.068, 0.025, 0.054, 0.083, 0.057, 0.105, 0.07, 0.112, 0.072]",2000,0.20567874610424042,0.6859645138779573,
53,T8,1890,-0.9042832087740297,-0.14489523595926065,0.10743474215449739,0.025292432394634766,-0.0686640571781376,0.1747855491250278,0.06592614800607507,0.49325692653656006,0.15088556706905365,0.06086871400475502,0.6441425085067749,0.7791388034820557,0.8652064204216003,1,15,40,"[0.4933, 0.1509, 0.0609, 0.0399, 0.0342, 0.0289, 0.0187, 0.0145, 0.0128, 0.0113]","[0.904, 0.145, 0.107, 0.082, 0.053, 0.087, 0.019, 0.103, 0.098, 0.107]",2000,0.2797751724720001,0.6306387759572633,
53,R0,1890,-0.00798697932844541,-0.8140420789227071,0.3121516688075252,-0.04046784703479279,-0.009314352431035922,-0.08563247483712486,0.04078978733497227,0.5266163945198059,0.16127550601959229,0.13354180753231049,0.6878919005393982,0.8643192052841187,0.9118849039077759,2,9,24,"[0.5266, 0.1613, 0.1335, 0.0254, 0.0175, 0.0129, 0.0122, 0.0091, 0.0075, 0.0059]","[0.008, 0.814, 0.312, 0.235, 0.193, 0.152, 0.088, 0.062, 0.139, 0.011]",2000,0.12305457144975662,-0.06498334016465403,
53,R1,1890,0.02093611251413323,-0.581138618383228,-0.7013162389019669,0.012931242529285656,-0.002201575156939233,0.13619711788790737,-0.04467240053786936,0.4222100079059601,0.24324864149093628,0.1680562049150467,0.6654586791992188,0.8816611766815186,0.9308530688285828,4,7,16,"[0.4222, 0.2432, 0.1681, 0.028, 0.0201, 0.0174, 0.0123, 0.0072, 0.0066, 0.0057]","[0.021, 0.581, 0.701, 0.097, 0.03, 0.329, 0.313, 0.049, 0.037, 0.047]",2000,0.1348503679037094,0.07176807156036424,
53,R2,1890,0.3016355458534359,0.4062118172374336,-0.6325998322991689,0.02794135566802903,0.023621110881839744,-0.1675059467015316,0.2448806491332552,0.32649192214012146,0.2669205665588379,0.17174911499023438,0.5934125185012817,0.860019326210022,0.9177002906799316,4,8,19,"[0.3265, 0.2669, 0.1717, 0.0667, 0.0282, 0.0178, 0.0127, 0.0114, 0.0087, 0.007]","[0.302, 0.406, 0.633, 0.069, 0.385, 0.022, 0.159, 0.159, 0.147, 0.09]",2000,0.07785891741514206,-0.10012245208465394,
53,R3,1890,0.06933770726729215,0.8573623111870872,0.15880842650787913,0.028435810447494672,0.038590456502739415,0.09179250981679683,-0.026031526467098973,0.5837910771369934,0.14719803631305695,0.05814506858587265,0.7309890985488892,0.8472484946250916,0.9017623662948608,1,10,26,"[0.5838, 0.1472, 0.0581, 0.0348, 0.0233, 0.018, 0.0123, 0.0089, 0.0083, 0.0071]","[0.069, 0.857, 0.159, 0.216, 0.015, 0.221, 0.029, 0.016, 0.089, 0.047]",2000,0.22184529900550842,0.0412465339227691,
53,R4,1890,0.2579767225114041,-0.8196744644935691,0.06604579771043056,-0.0559175089039262,-0.062216110219516466,-0.06854218390894543,-0.00445519534990061,0.3088485300540924,0.2627016007900238,0.13852307200431824,0.5715501308441162,0.7967175841331482,0.8857163786888123,2,13,32,"[0.3088, 0.2627, 0.1385, 0.0492, 0.0375, 0.0249, 0.0232, 0.019, 0.0128, 0.0092]","[0.258, 0.82, 0.066, 0.418, 0.144, 0.009, 0.052, 0.03, 0.001, 0.006]",2000,0.31939226388931274,-0.3550721873685811,
53,R5,1890,-0.2496097135088835,0.8781904187042349,-0.20039058649837208,0.04664228175563024,-0.027505680751493015,0.040437224582488863,0.01136434435884734,0.5050650835037231,0.19415192306041718,0.0640004575252533,0.6992170214653015,0.8303371071815491,0.9039821028709412,1,10,23,"[0.5051, 0.1942, 0.064, 0.0337, 0.0334, 0.0258, 0.0157, 0.0114, 0.0111, 0.0096]","[0.25, 0.878, 0.2, 0.278, 0.131, 0.106, 0.031, 0.025, 0.111, 0.021]",2000,0.21074111759662628,0.25621895825996516,
53,R6,1890,0.35792851715453655,-0.8536919549329666,0.33248636958346156,0.010064575612624516,0.06270954131729783,-0.07743724977055912,-0.0999640005566747,0.5923885107040405,0.19865497946739197,0.03284544125199318,0.7910435199737549,0.8734699487686157,0.927079439163208,3,7,17,"[0.5924, 0.1987, 0.0328, 0.0268, 0.0228, 0.0147, 0.0125, 0.0104, 0.0084, 0.0076]","[0.358, 0.854, 0.332, 0.029, 0.018, 0.065, 0.234, 0.032, 0.064, 0.043]",2000,0.22345206141471863,-0.36818635644673886,
53,R7,1890,-0.7198428726326881,0.3996079394358386,-0.02238607535206799,0.007180333027886479,-0.055745439316298995,0.03548633094193164,0.04397675815050588,0.5604228973388672,0.07908772677183151,0.05477325618267059,0.6395106315612793,0.7816191911697388,0.8760559558868408,3,13,29,"[0.5604, 0.0791, 0.0548, 0.0502, 0.0371, 0.0305, 0.0204, 0.0177, 0.0136, 0.0122]","[0.72, 0.4, 0.022, 0.013, 0.297, 0.311, 0.17, 0.05, 0.119, 0.221]",2000,0.49151864647865295,0.7034937756025486,
54,T0,1890,-0.9093545451174835,-0.18998653423171552,0.033746086919813546,-0.07925292828883944,-0.20940906033633228,0.08257615022103354,0.051148472336956956,0.458471417427063,0.12293409556150436,0.05349321663379669,0.581405520439148,0.711564302444458,0.7974026203155518,1,34,95,"[0.4585, 0.1229, 0.0535, 0.0397, 0.037, 0.0279, 0.0164, 0.0146, 0.0141, 0.0128]","[0.909, 0.19, 0.034, 0.03, 0.029, 0.177, 0.052, 0.032, 0.129, 0.026]",2000,0.28305622935295105,0.688046773967237,
54,T1,1890,-0.7763036690748372,0.27516178428628557,0.16853217344038535,-0.04832827342624155,-0.064539763753869,0.07377479926353799,0.1820101672589342,0.5395855903625488,0.1264578104019165,0.06373202055692673,0.6660434007644653,0.7955162525177002,0.8734720945358276,2,14,35,"[0.5396, 0.1265, 0.0637, 0.0346, 0.0311, 0.0206, 0.019, 0.0156, 0.0125, 0.0102]","[0.776, 0.275, 0.169, 0.022, 0.378, 0.14, 0.017, 0.042, 0.034, 0.079]",2000,0.37577521800994873,0.7212841178734053,
54,T2,1890,0.8573279747166085,0.11125610488543242,0.23442502374368235,-0.0700460216660017,0.018448708574163114,-0.04380481833883612,-0.2232853187500848,0.4578864574432373,0.1051129400730133,0.06548314541578293,0.5629993677139282,0.7126080989837646,0.8027715682983398,1,27,66,"[0.4579, 0.1051, 0.0655, 0.047, 0.0371, 0.0246, 0.0186, 0.0168, 0.0155, 0.0146]","[0.857, 0.111, 0.234, 0.181, 0.046, 0.178, 0.132, 0.058, 0.091, 0.082]",2000,0.3504512906074524,-0.7424073683512853,
54,T3,1890,-0.8530838900043003,0.2982838504716587,0.11802375462510278,-0.11557063714758371,-0.13564094051228393,0.01438682854754123,0.11352131718129005,0.36299192905426025,0.20236462354660034,0.07702010869979858,0.5653565526008606,0.7393974661827087,0.8366300463676453,1,22,54,"[0.363, 0.2024, 0.077, 0.0509, 0.0462, 0.0263, 0.0258, 0.0201, 0.014, 0.0109]","[0.853, 0.298, 0.118, 0.057, 0.022, 0.153, 0.033, 0.109, 0.023, 0.011]",2000,0.2444428652524948,0.7834377349628789,
54,T4,1890,-0.8658448642364147,0.04979793321422281,0.019879576430434278,-0.054892223286985065,-0.10271691638561452,0.1636808958709953,0.05534809211323987,0.3519000709056854,0.22798776626586914,0.07222794741392136,0.579887866973877,0.723463237285614,0.8168201446533203,1,24,58,"[0.3519, 0.228, 0.0722, 0.0398, 0.0315, 0.0225, 0.0211, 0.0191, 0.0158, 0.0148]","[0.866, 0.05, 0.02, 0.2, 0.06, 0.049, 0.204, 0.074, 0.044, 0.088]",2000,0.2515471875667572,0.6104667310120848,
54,T5,1890,-0.9181246217872504,0.14015467259965642,-0.05363348461055482,-0.0713329438134407,-0.10451880082801963,0.08699836377945429,0.058202107518948165,0.5130354762077332,0.0961335226893425,0.07191725075244904,0.6091690063476562,0.7537469863891602,0.8383094668388367,1,24,67,"[0.513, 0.0961, 0.0719, 0.0427, 0.03, 0.0284, 0.0193, 0.0147, 0.0122, 0.0101]","[0.918, 0.14, 0.054, 0.003, 0.032, 0.04, 0.026, 0.13, 0.226, 0.06]",2000,0.261928528547287,0.6879054846852167,
54,T6,1890,0.9039343663195838,-0.15810377324333288,-0.08662619367771195,0.0670299905732701,0.1926913193819219,-0.10972669142729462,-0.02470993957480924,0.33316105604171753,0.12783832848072052,0.08887598663568497,0.46099936962127686,0.6560149192810059,0.7638000845909119,1,44,117,"[0.3332, 0.1278, 0.0889, 0.0601, 0.046, 0.0324, 0.0244, 0.0197, 0.017, 0.0142]","[0.904, 0.158, 0.087, 0.069, 0.048, 0.039, 0.125, 0.083, 0.118, 0.019]",2000,0.22328293323516846,-0.6879840817074891,
54,T7,1890,-0.912218653654779,0.07675687915335695,-0.025911199724914326,-0.04973446050494768,-0.16783908490071153,0.08665722697855437,0.09729888260682756,0.3455886244773865,0.1344841867685318,0.0894874781370163,0.4800727963447571,0.6646685600280762,0.7722930908203125,1,46,133,"[0.3456, 0.1345, 0.0895, 0.0564, 0.0387, 0.0351, 0.0264, 0.0201, 0.0143, 0.0117]","[0.912, 0.077, 0.026, 0.054, 0.089, 0.042, 0.078, 0.08, 0.116, 0.134]",2000,0.2032671570777893,0.687579101842728,
54,T8,1890,-0.9024546038570532,-0.15208507083113346,0.09635840778541924,0.026210401533838332,-0.0662464495189015,0.173095903701256,0.06844190767451992,0.4936869442462921,0.15631994605064392,0.06059351563453674,0.650006890296936,0.7840140461921692,0.8684764504432678,1,15,38,"[0.4937, 0.1563, 0.0606, 0.0397, 0.0338, 0.0287, 0.0184, 0.014, 0.0123, 0.0111]","[0.902, 0.152, 0.096, 0.092, 0.061, 0.107, 0.016, 0.13, 0.093, 0.082]",2000,0.27697497606277466,0.6314270471806395,
54,R0,1890,-0.002919268272662433,-0.7527492108351327,0.463811847112877,-0.04252065804297255,-0.014815819573849812,-0.09896534850364767,0.049892408003302406,0.5218098759651184,0.1642313003540039,0.13879811763763428,0.6860411763191223,0.8675440549850464,0.9149813652038574,2,8,23,"[0.5218, 0.1642, 0.1388, 0.0244, 0.0183, 0.0128, 0.0126, 0.0089, 0.0075, 0.0057]","[0.003, 0.753, 0.464, 0.189, 0.182, 0.109, 0.122, 0.05, 0.132, 0.017]",2000,0.12019117921590805,-0.05446936095568116,
54,R1,1890,-0.0031024798514595513,-0.5411607800571657,0.7268773862699909,0.009556076819527883,-0.003160146112045715,0.14529592830205937,-0.04632393665913889,0.4213591516017914,0.24303628504276276,0.17766012251377106,0.6643954515457153,0.8872203230857849,0.9357326030731201,4,6,14,"[0.4214, 0.243, 0.1777, 0.0266, 0.0186, 0.017, 0.0117, 0.0077, 0.0062, 0.0059]","[0.003, 0.541, 0.727, 0.189, 0.098, 0.315, 0.316, 0.063, 0.033, 0.009]",2000,0.1298803985118866,0.0823875069083504,
54,R2,1890,0.39581663936816897,0.3147867079388189,-0.6164910951277104,0.03426980840730261,0.03783593742833672,-0.21011908835974344,0.25963617597115657,0.3372768461704254,0.2602415978908539,0.18171142041683197,0.5975184440612793,0.8691113591194153,0.9233673810958862,4,8,17,"[0.3373, 0.2602, 0.1817, 0.0633, 0.0266, 0.0162, 0.0122, 0.0111, 0.0081, 0.0066]","[0.396, 0.315, 0.616, 0.122, 0.385, 0.037, 0.108, 0.208, 0.098, 0.216]",2000,0.07945958524942398,-0.12113341403075616,
54,R3,1890,0.15249535981305448,0.8571582449101239,0.11849965410684307,0.015263576018125082,0.049997980797592816,0.08208209832256973,0.034904445065196334,0.5815061926841736,0.14792968332767487,0.05552983656525612,0.7294358611106873,0.8459279537200928,0.9009073376655579,1,10,26,"[0.5815, 0.1479, 0.0555, 0.0368, 0.0242, 0.0179, 0.0122, 0.0094, 0.0082, 0.0073]","[0.152, 0.857, 0.118, 0.212, 0.031, 0.204, 0.023, 0.054, 0.118, 0.048]",2000,0.21676896512508392,0.014060451234380367,
54,R4,1890,-0.3160063963137892,-0.7832551188768706,-0.01864287497211993,0.05036223599116752,0.04741433390652164,0.08015646056322116,0.009697225423370237,0.3042740225791931,0.2673245668411255,0.13594380021095276,0.5715985894203186,0.7933568358421326,0.8847226500511169,3,13,32,"[0.3043, 0.2673, 0.1359, 0.0482, 0.0376, 0.0259, 0.0236, 0.0193, 0.0134, 0.0091]","[0.316, 0.783, 0.019, 0.419, 0.14, 0.022, 0.038, 0.032, 0.004, 0.012]",2000,0.32294726371765137,0.3938669622143503,
54,R5,1890,0.21025337033715616,0.8781958014406966,-0.19278823155996483,-0.03486064907615363,0.03754167057005233,-0.09346019773875915,0.0275838962423851,0.4976464509963989,0.19490589201450348,0.06862334161996841,0.6925523281097412,0.8290271759033203,0.9032294750213623,1,10,23,"[0.4976, 0.1949, 0.0686, 0.0344, 0.0335, 0.0264, 0.0161, 0.0115, 0.0108, 0.0094]","[0.21, 0.878, 0.193, 0.251, 0.25, 0.107, 0.058, 0.038, 0.102, 0.002]",2000,0.21008853614330292,-0.2043214577262136,
54,R6,1890,0.36928604924476877,-0.845979419492361,0.3262775255224261,0.005469512792769262,0.05010161858384925,-0.07410126533568025,-0.09777276442899316,0.5745895504951477,0.20815584063529968,0.036491185426712036,0.782745361328125,0.8673592209815979,0.9244351387023926,3,8,17,"[0.5746, 0.2082, 0.0365, 0.0254, 0.0227, 0.0162, 0.013, 0.0107, 0.0089, 0.0082]","[0.369, 0.846, 0.326, 0.07, 0.021, 0.05, 0.279, 0.028, 0.08, 0.029]",2000,0.22748740017414093,-0.3856777488968029,
54,R7,1890,-0.7036854536941669,-0.40309374935674025,-0.10583980600243517,0.008164357428791978,-0.055271779569723525,0.03157170523288653,0.0440155048389135,0.5651612281799316,0.08048717677593231,0.05328255891799927,0.6456484198570251,0.784873366355896,0.8786981701850891,2,13,28,"[0.5652, 0.0805, 0.0533, 0.0512, 0.0347, 0.03, 0.0206, 0.0177, 0.0132, 0.0123]","[0.704, 0.403, 0.106, 0.045, 0.282, 0.289, 0.25, 0.078, 0.142, 0.23]",2000,0.4937119781970978,0.7078521655876073,
55,T0,1890,-0.9072826509730474,-0.1933399023973817,0.03646294257696864,-0.08364947601545296,-0.2184618479945921,0.08009984480873551,0.039113417992458224,0.45887529850006104,0.12339164316654205,0.05563746392726898,0.5822669267654419,0.7151548862457275,0.8016616106033325,1,33,94,"[0.4589, 0.1234, 0.0556, 0.0392, 0.038, 0.0275, 0.0179, 0.0158, 0.0134, 0.0118]","[0.907, 0.193, 0.036, 0.027, 0.04, 0.159, 0.07, 0.014, 0.142, 0.01]",2000,0.2803867757320404,0.6840454868348727,
55,T1,1890,-0.7779812212395857,0.2623418848481747,0.10748141509135951,-0.03782279648733284,-0.059369489624346045,0.07872073281627132,0.17518923137009748,0.5385457873344421,0.1281091421842575,0.06380894035100937,0.6666549444198608,0.7941076755523682,0.8733923435211182,2,14,34,"[0.5385, 0.1281, 0.0638, 0.0338, 0.0298, 0.0202, 0.0199, 0.0162, 0.0125, 0.0105]","[0.778, 0.262, 0.107, 0.056, 0.394, 0.02, 0.147, 0.047, 0.06, 0.102]",2000,0.3721010684967041,0.7147885778032133,
55,T2,1890,0.8491644008813762,0.09463458954883221,0.21271811155896658,-0.0680595544481977,0.01077691278595287,-0.03413767895591594,-0.22237366246347143,0.4505067467689514,0.10271233320236206,0.06364236772060394,0.5532190799713135,0.7098275423049927,0.8032882213592529,1,27,65,"[0.4505, 0.1027, 0.0636, 0.0546, 0.0384, 0.0266, 0.0195, 0.0168, 0.0161, 0.0146]","[0.849, 0.095, 0.213, 0.239, 0.048, 0.161, 0.119, 0.065, 0.022, 0.122]",2000,0.34970733523368835,-0.7391726867130601,
55,T3,1890,-0.8184038021562907,0.36244640206630885,-0.20619970584325803,-0.13291495800541525,-0.12897500791939429,-0.0030997463481150377,0.13148066600952335,0.30951544642448425,0.20468975603580475,0.14284564554691315,0.5142052173614502,0.7607202529907227,0.8576584458351135,2,18,44,"[0.3095, 0.2047, 0.1428, 0.0617, 0.042, 0.0313, 0.0216, 0.017, 0.0148, 0.0123]","[0.818, 0.362, 0.206, 0.081, 0.074, 0.044, 0.123, 0.107, 0.019, 0.003]",2000,0.23298047482967377,0.8140773661338946,
55,T4,1890,-0.8536458597989433,0.0844731092929537,0.04476434190798884,-0.05226944398335748,-0.10285912897234581,0.17548157194249475,0.04708206915834451,0.3750312924385071,0.22153741121292114,0.07082372903823853,0.5965687036514282,0.7372135519981384,0.8288078904151917,1,22,52,"[0.375, 0.2215, 0.0708, 0.0375, 0.0323, 0.0243, 0.0209, 0.0179, 0.0144, 0.0141]","[0.854, 0.084, 0.045, 0.22, 0.046, 0.108, 0.226, 0.031, 0.04, 0.082]",2000,0.258501261472702,0.6015592427168505,
55,T5,1890,-0.9153720148749104,0.15182193734907487,-0.048201872616882524,-0.07447496203920907,-0.1041993218229753,0.09015233567468164,0.05211750243034599,0.5098990201950073,0.0979466363787651,0.07185773551464081,0.607845664024353,0.7546035051345825,0.8387894630432129,1,23,66,"[0.5099, 0.0979, 0.0719, 0.0448, 0.0301, 0.0284, 0.0185, 0.0148, 0.012, 0.0105]","[0.915, 0.152, 0.048, 0.017, 0.022, 0.028, 0.004, 0.131, 0.22, 0.036]",2000,0.259782075881958,0.6882368797791258,
55,T6,1890,-0.9098702728790765,-0.14195299274317846,0.07846442361378946,-0.05971093910917794,-0.1839489377319433,0.11481887002414015,0.022507184179938015,0.3330111503601074,0.12581901252269745,0.09073500335216522,0.45883017778396606,0.6535755395889282,0.7611005306243896,1,45,119,"[0.333, 0.1258, 0.0907, 0.0586, 0.0454, 0.0317, 0.0247, 0.0201, 0.0169, 0.0141]","[0.91, 0.142, 0.078, 0.066, 0.047, 0.03, 0.144, 0.062, 0.118, 0.021]",2000,0.2229021191596985,0.6788710613705102,
55,T7,1890,-0.9102207962145081,0.06512520495545412,-0.03896352458386128,-0.05028422138385897,-0.16863930719985723,0.08954267740070397,0.09645455245933887,0.34615039825439453,0.13615401089191437,0.0888417512178421,0.4823043942451477,0.6694786548614502,0.7760103940963745,1,44,129,"[0.3462, 0.1362, 0.0888, 0.0586, 0.0397, 0.0354, 0.0256, 0.0199, 0.0143, 0.0113]","[0.91, 0.065, 0.039, 0.056, 0.101, 0.023, 0.082, 0.069, 0.117, 0.299]",2000,0.2037530243396759,0.6861001619163457,
55,T8,1890,0.8974483077695821,-0.18819606826815016,0.11025900775817,-0.03241457265661767,0.06760988792580172,-0.1732839503315375,-0.06473779844415362,0.49973198771476746,0.16074375808238983,0.058156680315732956,0.6604757308959961,0.7896236777305603,0.8715351223945618,1,14,36,"[0.4997, 0.1607, 0.0582, 0.0394, 0.0316, 0.0281, 0.0172, 0.0137, 0.0122, 0.0106]","[0.897, 0.188, 0.11, 0.107, 0.019, 0.133, 0.008, 0.124, 0.091, 0.058]",2000,0.27521032094955444,-0.6215138261384127,
55,R0,1890,0.015388783260397,-0.8979822207403986,0.04320973087423566,-0.046570740772259187,-0.012471456227732228,-0.11395477153837293,0.05702752266553183,0.48750051856040955,0.17855766415596008,0.15547315776348114,0.6660581827163696,0.8663082122802734,0.9155817031860352,1,8,23,"[0.4875, 0.1786, 0.1555, 0.024, 0.0208, 0.014, 0.0128, 0.0093, 0.0074, 0.0058]","[0.015, 0.898, 0.043, 0.201, 0.148, 0.17, 0.07, 0.055, 0.1, 0.045]",2000,0.12863071262836456,-0.04962369279350505,
55,R1,1890,-0.010930339486666342,-0.5248810568699691,0.7421222072708068,-0.013393877584262987,-0.0024027288509574766,-0.13489296719909047,0.050291104993813174,0.42433369159698486,0.26226121187210083,0.16776636242866516,0.6865949034690857,0.8966870903968811,0.9421902298927307,4,6,13,"[0.4243, 0.2623, 0.1678, 0.0245, 0.0178, 0.0155, 0.0105, 0.0072, 0.0068, 0.0055]","[0.011, 0.525, 0.742, 0.218, 0.165, 0.311, 0.327, 0.066, 0.066, 0.075]",2000,0.12374314665794373,-0.07222578696698238,
55,R2,1890,0.18252867443345308,0.4885736857041905,-0.6182370737494508,0.015712164772835057,0.004854068162298922,-0.1370214783967026,0.13972179710713906,0.3440503478050232,0.2725532650947571,0.18323998153209686,0.6166036128997803,0.8804320693016052,0.931179940700531,3,7,15,"[0.3441, 0.2726, 0.1832, 0.0552, 0.0254, 0.0143, 0.0116, 0.01, 0.0083, 0.0065]","[0.183, 0.489, 0.618, 0.171, 0.385, 0.013, 0.046, 0.215, 0.144, 0.141]",2000,0.08004964888095856,-0.1168774223263105,
55,R3,1890,-0.2329001336025875,0.8554203181356479,0.10634934352806738,-0.03157119400612276,-0.05347465661296226,-0.061439481563129825,0.025438254921929387,0.671037495136261,0.11618839204311371,0.042233265936374664,0.7872259020805359,0.8776808977127075,0.9211692810058594,1,7,20,"[0.671, 0.1162, 0.0422, 0.0289, 0.0193, 0.0141, 0.0098, 0.0075, 0.0065, 0.0056]","[0.233, 0.855, 0.106, 0.221, 0.072, 0.212, 0.031, 0.049, 0.114, 0.053]",2000,0.19157478213310242,0.07823498444917683,
55,R4,1890,-0.3700527019113092,-0.7317551476558705,-0.10054363157369496,0.028872028012513536,0.027199184484849422,0.08832547541741079,0.027726373132348,0.30579614639282227,0.2718313932418823,0.1317836344242096,0.5776275396347046,0.7929337620735168,0.885795533657074,3,13,32,"[0.3058, 0.2718, 0.1318, 0.0462, 0.0373, 0.0264, 0.0239, 0.0195, 0.0137, 0.0094]","[0.37, 0.732, 0.101, 0.418, 0.153, 0.023, 0.053, 0.027, 0.017, 0.004]",2000,0.3293686807155609,0.4635039134216074,
55,R5,1890,0.20567725821030575,0.8691581326133689,-0.20485954157005187,-0.0023556915152705875,0.05228841774228559,-0.11679400636734422,0.0485155089768984,0.47859862446784973,0.20337353646755219,0.07157010585069656,0.6819721460342407,0.8238685131072998,0.900517463684082,1,10,23,"[0.4786, 0.2034, 0.0716, 0.0353, 0.0351, 0.0268, 0.0164, 0.0126, 0.0111, 0.0098]","[0.206, 0.869, 0.205, 0.259, 0.259, 0.096, 0.077, 0.026, 0.101, 0.055]",2000,0.21402694284915924,-0.20264661717498514,
55,R6,1890,-0.37574757048247565,-0.8303804602267605,-0.3254536338726578,0.003093615698927966,-0.03927785357400125,0.06493099989897394,0.10721883129442529,0.5518046617507935,0.22337792813777924,0.03925178945064545,0.7751826047897339,0.8642129898071289,0.9242606163024902,3,8,17,"[0.5518, 0.2234, 0.0393, 0.0262, 0.0236, 0.0175, 0.0133, 0.011, 0.0101, 0.0082]","[0.376, 0.83, 0.325, 0.121, 0.017, 0.015, 0.259, 0.008, 0.098, 0.038]",2000,0.23830364644527435,0.4215748892137843,
55,R7,1890,-0.6911568802616922,-0.4034056533833069,-0.18329232590836064,0.0100578996924083,-0.050426429776538474,0.03111789658815227,0.03455855968008096,0.5759424567222595,0.08073015511035919,0.053180351853370667,0.6566725969314575,0.7934055924415588,0.885104775428772,3,12,26,"[0.5759, 0.0807, 0.0532, 0.0505, 0.0331, 0.0288, 0.0205, 0.0175, 0.013, 0.012]","[0.691, 0.403, 0.183, 0.131, 0.252, 0.204, 0.325, 0.098, 0.203, 0.232]",2000,0.4938491880893707,0.7044526853742797,
56,T0,1890,-0.8969067555576238,0.21974746503096493,0.03339279879631448,-0.08917125320074552,-0.2269143575134252,0.06467397618412923,0.043758332868988344,0.4650430381298065,0.12304170429706573,0.05405215173959732,0.5880847573280334,0.7200993299484253,0.803895115852356,1,33,96,"[0.465, 0.123, 0.0541, 0.042, 0.036, 0.026, 0.0181, 0.0149, 0.0128, 0.0118]","[0.897, 0.22, 0.033, 0.014, 0.034, 0.168, 0.043, 0.061, 0.133, 0.013]",2000,0.27963191270828247,0.6880023487126654,
56,T1,1890,-0.7719984227301363,0.2524515812403431,0.09369067957150203,-0.03439998939226005,-0.059704517845696276,0.06422605467172203,0.18032581043735735,0.5500367879867554,0.12269528210163116,0.06093897670507431,0.6727320551872253,0.7959983348846436,0.8719469308853149,2,14,35,"[0.55, 0.1227, 0.0609, 0.0334, 0.0289, 0.0196, 0.0187, 0.0152, 0.0121, 0.0104]","[0.772, 0.252, 0.094, 0.087, 0.424, 0.116, 0.063, 0.043, 0.042, 0.099]",2000,0.3743269145488739,0.7207269189859906,
56,T2,1890,0.8427834388596119,-0.09696824845507573,0.27048479894568395,-0.06489569046602571,0.01231009093558338,-0.0385226563447462,-0.22696163351506463,0.4498894214630127,0.10246139764785767,0.06221903860569,0.5523508191108704,0.7066909074783325,0.8001243472099304,1,27,67,"[0.4499, 0.1025, 0.0622, 0.0526, 0.0396, 0.0256, 0.0193, 0.0176, 0.0162, 0.0148]","[0.843, 0.097, 0.27, 0.119, 0.055, 0.164, 0.114, 0.073, 0.107, 0.117]",2000,0.34935054183006287,-0.7406132526212804,
56,T3,1890,0.8235016479871549,-0.3621384313726111,0.10960317037539181,0.1273562968067689,0.1206986505908653,0.020337066059978516,-0.12737457503876534,0.33260565996170044,0.21035146713256836,0.08977155387401581,0.5429571270942688,0.7314845323562622,0.8374693989753723,2,22,53,"[0.3326, 0.2104, 0.0898, 0.0548, 0.0439, 0.0318, 0.0265, 0.0187, 0.0154, 0.0135]","[0.824, 0.362, 0.11, 0.007, 0.062, 0.128, 0.021, 0.091, 0.006, 0.036]",2000,0.22911901772022247,-0.8012669620085502,
56,T4,1890,-0.8560374970360571,0.04440328281602493,-0.004513387130660025,-0.05271043330593117,-0.10159334158650499,0.17881569951342807,0.044143037973118034,0.3732263147830963,0.20780709385871887,0.07423431426286697,0.5810334086418152,0.7267558574676514,0.814231812953949,1,25,58,"[0.3732, 0.2078, 0.0742, 0.0361, 0.0354, 0.0225, 0.0191, 0.0186, 0.0137, 0.0137]","[0.856, 0.044, 0.005, 0.072, 0.186, 0.071, 0.213, 0.08, 0.011, 0.037]",2000,0.2512461543083191,0.5950577576513454,
56,T5,1890,-0.9133556939668717,-0.15576462347365197,-0.05299101820264334,-0.07149243031610791,-0.09936099319720892,0.0820971655354722,0.05260607476449811,0.5119433403015137,0.09794624894857407,0.07187511771917343,0.609889566898346,0.7559634447097778,0.8388752937316895,1,23,66,"[0.5119, 0.0979, 0.0719, 0.0447, 0.0295, 0.0276, 0.0182, 0.0144, 0.0117, 0.0111]","[0.913, 0.156, 0.053, 0.016, 0.029, 0.026, 0.002, 0.111, 0.252, 0.033]",2000,0.2603457570075989,0.6948300806474741,
56,T6,1890,0.912850136553858,-0.12643359659831915,0.07851964340312138,0.06264936110327533,0.17613021233962164,-0.1080844227171025,-0.030530216310768406,0.33414602279663086,0.12294318526983261,0.09193016588687897,0.45708921551704407,0.6517640948295593,0.7598261833190918,1,46,121,"[0.3341, 0.1229, 0.0919, 0.0591, 0.0437, 0.0322, 0.0248, 0.02, 0.0168, 0.0142]","[0.913, 0.126, 0.079, 0.066, 0.044, 0.02, 0.143, 0.063, 0.115, 0.017]",2000,0.2252005934715271,-0.6825305586620971,
56,T7,1890,-0.914620066839348,0.06888860489159271,-0.029048461700601547,-0.05234631736043714,-0.15710064941618818,0.08853875352209095,0.09470796238887633,0.35117483139038086,0.1348552405834198,0.0859796479344368,0.48603007197380066,0.6696500778198242,0.7755458950996399,1,45,130,"[0.3512, 0.1349, 0.086, 0.0582, 0.0394, 0.0352, 0.0262, 0.0192, 0.0138, 0.0114]","[0.915, 0.069, 0.029, 0.058, 0.093, 0.012, 0.082, 0.065, 0.159, 0.282]",2000,0.2053089588880539,0.68454267348228,
56,T8,1890,0.8998987887052361,-0.18514117658314053,0.06881355284334234,-0.0255575815554914,0.06712751796880906,-0.17594453074598032,-0.0647811929108859,0.4699316620826721,0.16152863204479218,0.05720985680818558,0.6314603090286255,0.777591347694397,0.8609291315078735,1,16,41,"[0.4699, 0.1615, 0.0572, 0.0502, 0.0387, 0.0285, 0.0181, 0.0134, 0.0128, 0.0104]","[0.9, 0.185, 0.069, 0.093, 0.131, 0.135, 0.014, 0.097, 0.092, 0.037]",2000,0.26397156715393066,-0.6259671808681876,
56,R0,1890,0.0181121300819918,-0.7826373221102514,0.3926627849248276,-0.04450656783087212,-0.019734715457164077,-0.09879848746195762,0.05444469547853009,0.5208579301834106,0.17087037861347198,0.14195241034030914,0.6917282938957214,0.8739879727363586,0.9192075133323669,2,8,22,"[0.5209, 0.1709, 0.142, 0.0215, 0.0188, 0.0131, 0.0118, 0.0083, 0.0068, 0.0052]","[0.018, 0.783, 0.393, 0.067, 0.117, 0.144, 0.102, 0.092, 0.115, 0.028]",2000,0.1202152818441391,-0.06747702489660581,
56,R1,1890,0.031293087733452206,-0.5173330136178189,-0.7490279928426288,-0.008174995000861935,0.00044411665798336564,0.09721564198257926,-0.012927291403447897,0.45362046360969543,0.2497909516096115,0.15412037074565887,0.7034114003181458,0.8981190323829651,0.9408549070358276,5,6,13,"[0.4536, 0.2498, 0.1541, 0.0227, 0.0179, 0.0142, 0.0096, 0.0072, 0.0067, 0.0051]","[0.031, 0.517, 0.749, 0.336, 0.168, 0.304, 0.317, 0.037, 0.054, 0.048]",2000,0.11340583860874176,0.11689802033213974,
56,R2,1890,-0.13715217585212316,0.38372756436910455,-0.6672005813182363,-0.020899239422448323,-0.0027028823386675907,0.12881777734496758,-0.11018717400857136,0.3491750955581665,0.2705557644367218,0.18059203028678894,0.6197308301925659,0.879723310470581,0.9295333027839661,3,7,16,"[0.3492, 0.2706, 0.1806, 0.0524, 0.027, 0.0138, 0.0115, 0.01, 0.008, 0.0065]","[0.137, 0.384, 0.667, 0.203, 0.375, 0.045, 0.097, 0.198, 0.168, 0.151]",2000,0.07480624318122864,0.11433014569117884,
56,R3,1890,0.0956997641860789,0.8478457648825396,0.01832752233004497,0.006319550601989425,0.04397455373950884,0.08545492571558728,-0.05574902780899924,0.5898106098175049,0.11763942986726761,0.046436142176389694,0.7074500322341919,0.8173445463180542,0.8971847891807556,1,11,27,"[0.5898, 0.1176, 0.0464, 0.0344, 0.029, 0.0277, 0.0196, 0.0144, 0.0102, 0.0081]","[0.096, 0.848, 0.018, 0.045, 0.244, 0.053, 0.056, 0.228, 0.043, 0.073]",2000,0.16735568642616272,-0.005251787988225421,
56,R4,1890,-0.436314700566045,-0.7162821955777281,0.14584440483190056,0.018677724096874515,0.016494654005977764,0.09221523346623055,0.05619683828212707,0.30642789602279663,0.2676413953304291,0.12995359301567078,0.5740692615509033,0.7859511971473694,0.8768657445907593,3,14,36,"[0.3064, 0.2676, 0.13, 0.0451, 0.0368, 0.0262, 0.0233, 0.0183, 0.0138, 0.0092]","[0.436, 0.716, 0.146, 0.433, 0.108, 0.066, 0.077, 0.024, 0.016, 0.034]",2000,0.32884955406188965,0.5340063963738101,
56,R5,1890,0.1551889644703032,0.85164976822324,-0.2821553024084129,0.002699932091605892,0.051410526271352196,-0.15423597691504312,0.03506329809442445,0.45297330617904663,0.20204323530197144,0.07856682687997818,0.6550165414810181,0.8027978539466858,0.8863418698310852,1,12,29,"[0.453, 0.202, 0.0786, 0.0364, 0.0328, 0.0309, 0.0191, 0.0126, 0.0113, 0.0097]","[0.155, 0.852, 0.282, 0.23, 0.114, 0.059, 0.141, 0.06, 0.074, 0.072]",2000,0.20889043807983398,-0.17309644973629526,
56,R6,1890,-0.3818251135251446,-0.8162320433825277,-0.3376305990046199,0.002901120186827898,-0.03106812258548153,0.06273786714450891,0.10166695510407822,0.5052124857902527,0.22045251727104187,0.047667309641838074,0.7256649732589722,0.827601432800293,0.8961167335510254,3,11,28,"[0.5052, 0.2205, 0.0477, 0.0292, 0.025, 0.0213, 0.015, 0.0128, 0.0105, 0.0089]","[0.382, 0.816, 0.338, 0.059, 0.059, 0.078, 0.227, 0.101, 0.056, 0.076]",2000,0.24012954533100128,0.4292595128914145,
56,R7,1890,-0.6899241763258221,-0.38409659342072766,-0.1695313174097496,0.007834610838188143,-0.05294361193532859,0.040018781607680916,0.02166645525515327,0.5531964302062988,0.08706612139940262,0.05611405521631241,0.6402625441551208,0.7785012125968933,0.8685560822486877,4,14,32,"[0.5532, 0.0871, 0.0561, 0.0501, 0.032, 0.0282, 0.0197, 0.0173, 0.0126, 0.0122]","[0.69, 0.384, 0.17, 0.092, 0.322, 0.026, 0.304, 0.075, 0.275, 0.208]",2000,0.4824143946170807,0.7066515554973845,
57,T0,1890,-0.8954516312686627,0.21995714523840618,0.0481951321772941,-0.089966944640568,-0.23054363839424907,0.06173339760848015,0.03981391635775991,0.4678589403629303,0.1215997263789177,0.0534607395529747,0.5894586443901062,0.7204924821853638,0.8052467107772827,1,33,96,"[0.4679, 0.1216, 0.0535, 0.042, 0.0356, 0.026, 0.0193, 0.0147, 0.0127, 0.0121]","[0.895, 0.22, 0.048, 0.02, 0.034, 0.171, 0.042, 0.065, 0.11, 0.004]",2000,0.27822911739349365,0.6860504729022838,
57,T1,1890,-0.7733633420587578,0.25187514400512107,0.08541456738788458,-0.03113648371756042,-0.05816763650754387,0.05548091764152013,0.185494520761547,0.5410177111625671,0.12871894240379333,0.06056283786892891,0.6697366237640381,0.7920801043510437,0.8708033561706543,2,15,35,"[0.541, 0.1287, 0.0606, 0.0334, 0.0284, 0.0208, 0.0191, 0.0155, 0.0126, 0.0106]","[0.773, 0.252, 0.085, 0.083, 0.416, 0.077, 0.118, 0.059, 0.024, 0.091]",2000,0.3721172511577606,0.7252961422807943,
57,T2,1890,0.8415175617982087,-0.1082569761191106,-0.2798271905425779,-0.06200500830089621,0.015560998011809584,-0.04486549541975976,-0.21825074194878635,0.4422953724861145,0.10657767206430435,0.06211864948272705,0.5488730669021606,0.7030047178268433,0.7965219020843506,1,28,68,"[0.4423, 0.1066, 0.0621, 0.052, 0.0401, 0.0255, 0.0193, 0.0176, 0.0165, 0.0146]","[0.842, 0.108, 0.28, 0.075, 0.066, 0.177, 0.079, 0.092, 0.097, 0.111]",2000,0.34803473949432373,-0.7379970966299273,
57,T3,1890,0.8300907424048685,0.3424412607992306,0.12635580332519852,0.12218040948852728,0.1222635709265311,0.013520007810332592,-0.1217842725983306,0.33504849672317505,0.2049703299999237,0.0893610268831253,0.5400187969207764,0.7290402054786682,0.8330740928649902,2,22,55,"[0.335, 0.205, 0.0894, 0.0559, 0.0438, 0.0285, 0.0277, 0.0191, 0.0148, 0.014]","[0.83, 0.342, 0.126, 0.023, 0.072, 0.144, 0.024, 0.087, 0.016, 0.019]",2000,0.23601657152175903,-0.7999281069296273,
57,T4,1890,-0.8543884044890959,0.03782691430259763,-0.0121146888475598,-0.05387168316821575,-0.10123611570382843,0.18038783744625111,0.04282538580533465,0.3790484368801117,0.199037104845047,0.07411227375268936,0.5780855417251587,0.725242018699646,0.8134883046150208,1,25,59,"[0.379, 0.199, 0.0741, 0.0369, 0.0361, 0.0229, 0.0192, 0.0183, 0.0142, 0.0136]","[0.854, 0.038, 0.012, 0.136, 0.153, 0.077, 0.236, 0.077, 0.016, 0.02]",2000,0.25059282779693604,0.590685268856945,
57,T5,1890,-0.9117286375941247,-0.14958667902165668,-0.06552345890074111,-0.07290439072046755,-0.10006678965265425,0.07981163912999144,0.05456737720999594,0.5003142356872559,0.0981597751379013,0.0749155580997467,0.5984740257263184,0.7500211000442505,0.8342265486717224,1,25,69,"[0.5003, 0.0982, 0.0749, 0.0462, 0.0304, 0.028, 0.018, 0.0148, 0.0121, 0.0113]","[0.912, 0.15, 0.066, 0.013, 0.035, 0.021, 0.002, 0.126, 0.213, 0.155]",2000,0.25866350531578064,0.6980965638466862,
57,T6,1890,0.9173760350301179,-0.11191721193664508,0.06958835974131722,0.06607858829876932,0.17257329929281084,-0.10795602606331374,-0.03265683312647236,0.3337920010089874,0.12345492094755173,0.09264715015888214,0.45724692940711975,0.653050422668457,0.760179340839386,1,46,121,"[0.3338, 0.1235, 0.0926, 0.0602, 0.043, 0.0318, 0.0247, 0.0196, 0.0171, 0.0139]","[0.917, 0.112, 0.07, 0.047, 0.028, 0.033, 0.149, 0.074, 0.115, 0.019]",2000,0.2225881665945053,-0.6797338948695926,
57,T7,1890,-0.9156935906826278,0.06040202556449489,-0.022916570472193837,-0.05126026080506584,-0.1530516647636646,0.09336103009573771,0.09748890585185052,0.3531051576137543,0.13490653038024902,0.08500197529792786,0.4880116879940033,0.6699758768081665,0.7755330204963684,1,45,132,"[0.3531, 0.1349, 0.085, 0.0577, 0.0392, 0.0348, 0.0258, 0.0193, 0.0137, 0.0119]","[0.916, 0.06, 0.023, 0.063, 0.093, 0.021, 0.07, 0.068, 0.178, 0.279]",2000,0.20778991281986237,0.6829333807762467,
57,T8,1890,-0.9000269358939809,-0.1804712022122626,0.06708704683028986,0.021617363524173153,-0.0692420901199148,0.17802556898068772,0.06320801650468208,0.4744064211845398,0.15613174438476562,0.05681130290031433,0.6305381655693054,0.7778894305229187,0.862381637096405,1,16,41,"[0.4744, 0.1561, 0.0568, 0.0514, 0.0391, 0.0286, 0.0185, 0.0139, 0.0128, 0.0108]","[0.9, 0.18, 0.067, 0.084, 0.135, 0.147, 0.016, 0.127, 0.08, 0.034]",2000,0.266878604888916,0.6256729868154551,
57,R0,1890,0.02467715352809197,-0.8229483844081683,0.28277228556910616,-0.045225356430169304,-0.019461716885483014,-0.10517628622302436,0.0566070076657249,0.511249303817749,0.16961830854415894,0.1501021385192871,0.680867612361908,0.8727109432220459,0.9183670878410339,1,8,23,"[0.5112, 0.1696, 0.1501, 0.0223, 0.0195, 0.0133, 0.012, 0.0084, 0.0069, 0.005]","[0.025, 0.823, 0.283, 0.139, 0.14, 0.164, 0.072, 0.092, 0.115, 0.023]",2000,0.1199200302362442,-0.06634206004968127,
57,R1,1890,0.02188572035105801,-0.4997580906140815,0.7594966602886767,-0.0043531074964779275,-0.00043147689608840034,0.107347912645859,-0.019473228788481615,0.4425240159034729,0.2516884505748749,0.16043615341186523,0.6942124366760254,0.8960973024368286,0.9399221539497375,5,6,13,"[0.4425, 0.2517, 0.1604, 0.0235, 0.018, 0.0143, 0.0098, 0.0077, 0.0069, 0.0052]","[0.022, 0.5, 0.759, 0.374, 0.171, 0.304, 0.307, 0.025, 0.071, 0.026]",2000,0.11252357065677643,0.10945301572520344,
57,R2,1890,0.19178809054303553,0.367848545224903,-0.6588701710576401,0.021342993824501926,0.007762831535359612,-0.15060974575370478,0.12700555470823446,0.3458041250705719,0.27088555693626404,0.18046899139881134,0.6166896820068359,0.8785392045974731,0.9292271137237549,3,7,16,"[0.3458, 0.2709, 0.1805, 0.0541, 0.0273, 0.0145, 0.0117, 0.0099, 0.0079, 0.0067]","[0.192, 0.368, 0.659, 0.223, 0.375, 0.056, 0.097, 0.205, 0.16, 0.153]",2000,0.07389947772026062,-0.13071379829102261,
57,R3,1890,-0.10479850472983199,0.8478564783414798,-0.013456796200236813,-0.0034135103339618805,-0.03813790437411841,-0.07659476332835478,0.03137794298571928,0.5864776372909546,0.11604597419500351,0.04746720567345619,0.7025235891342163,0.8150118589401245,0.8968960046768188,1,11,27,"[0.5865, 0.116, 0.0475, 0.035, 0.03, 0.0289, 0.0198, 0.0145, 0.0102, 0.0084]","[0.105, 0.848, 0.013, 0.094, 0.22, 0.075, 0.091, 0.238, 0.05, 0.035]",2000,0.1634940356016159,-0.012144698691503992,
57,R4,1890,-0.5314458479565661,-0.6971774324042093,-0.10629956734604988,0.010082827131682631,0.0013337552899038922,0.09446844942043618,0.08297573794144159,0.31007668375968933,0.2652883231639862,0.1302969604730606,0.5753650069236755,0.7864692807197571,0.8769503235816956,3,14,37,"[0.3101, 0.2653, 0.1303, 0.044, 0.0368, 0.0261, 0.0231, 0.0182, 0.0139, 0.0092]","[0.531, 0.697, 0.106, 0.432, 0.097, 0.071, 0.078, 0.028, 0.018, 0.036]",2000,0.3295137882232666,0.6215284466425504,
57,R5,1890,0.17171520559164258,0.8478066612518786,-0.2925071897095997,0.005197599722294358,0.04899964344605126,-0.1523893044040199,0.025607132649957558,0.4511842131614685,0.20293129980564117,0.08028420060873032,0.6541154980659485,0.8033314347267151,0.8876643180847168,1,12,28,"[0.4512, 0.2029, 0.0803, 0.0368, 0.0322, 0.0312, 0.0194, 0.0125, 0.0113, 0.0098]","[0.172, 0.848, 0.293, 0.225, 0.118, 0.075, 0.153, 0.056, 0.054, 0.108]",2000,0.2080584615468979,-0.18952245188485387,
57,R6,1890,-0.3819251417994754,-0.8124813435349809,-0.33643792224464275,0.00568594012040647,-0.029018956399330952,0.061191814710007696,0.10168363902140086,0.49635210633277893,0.22608985006809235,0.04806576296687126,0.7224419713020325,0.8261502981185913,0.8958779573440552,3,11,27,"[0.4964, 0.2261, 0.0481, 0.0296, 0.026, 0.0216, 0.0153, 0.0131, 0.0106, 0.0091]","[0.382, 0.812, 0.336, 0.028, 0.069, 0.077, 0.229, 0.103, 0.056, 0.067]",2000,0.24307939410209656,0.43334885738772655,
57,R7,1890,-0.6949881516925861,-0.37985087056169614,-0.1765203101515536,0.007837023025134587,-0.055011706321724856,0.042244222614574355,0.023732060248299262,0.555232584476471,0.08512784540653229,0.055788032710552216,0.640360414981842,0.7783315181732178,0.8692337274551392,4,14,32,"[0.5552, 0.0851, 0.0558, 0.05, 0.0322, 0.0281, 0.0198, 0.0179, 0.0127, 0.0124]","[0.695, 0.38, 0.177, 0.078, 0.309, 0.053, 0.308, 0.066, 0.043, 0.267]",2000,0.48229140043258667,0.7098263856308671,
58,T0,1890,-0.8910131902408944,0.22274672471907037,0.06836051624461538,-0.09261608382238395,-0.23430768244113281,0.05649626751319227,0.03708336236468984,0.4659118354320526,0.11878284066915512,0.05595408380031586,0.5846946835517883,0.7179272174835205,0.8045647144317627,1,33,98,"[0.4659, 0.1188, 0.056, 0.0418, 0.0355, 0.0264, 0.0202, 0.0148, 0.0129, 0.0123]","[0.891, 0.223, 0.068, 0.022, 0.042, 0.173, 0.035, 0.052, 0.066, 0.1]",2000,0.2757028341293335,0.6869327611519713,
58,T1,1890,-0.7711084033705715,0.2692396952579255,0.0667848576963582,-0.030141434362448972,-0.05896220930569596,0.04769571572381397,0.18726579618130618,0.5232031345367432,0.1349439173936844,0.06415864825248718,0.6581470370292664,0.7863819599151611,0.8670793771743774,2,15,36,"[0.5232, 0.1349, 0.0642, 0.0358, 0.0282, 0.0211, 0.0198, 0.0154, 0.0134, 0.0109]","[0.771, 0.269, 0.067, 0.094, 0.425, 0.089, 0.057, 0.046, 0.033, 0.115]",2000,0.3686969578266144,0.7300766598616947,
58,T2,1890,0.8370495852342882,0.07361108545885332,-0.29764428415956123,-0.07058686319053413,0.012229466208281492,-0.04419447765470146,-0.21351878391792287,0.4377894997596741,0.11447032541036606,0.05841668322682381,0.5522598028182983,0.7035479545593262,0.7966684103012085,1,28,67,"[0.4378, 0.1145, 0.0584, 0.0532, 0.0396, 0.0254, 0.0195, 0.0176, 0.0165, 0.0142]","[0.837, 0.074, 0.298, 0.041, 0.062, 0.178, 0.083, 0.123, 0.054, 0.08]",2000,0.3475877344608307,-0.7348278302062758,
58,T3,1890,0.817484349046494,0.36734471094270005,0.12667288888093645,0.12939160658888138,0.11668175119424488,0.02402330384843359,-0.1319880979457462,0.3338180482387543,0.20403851568698883,0.09264925867319107,0.5378565788269043,0.7298868298530579,0.8334845900535583,2,22,55,"[0.3338, 0.204, 0.0926, 0.0554, 0.0439, 0.0294, 0.0267, 0.0188, 0.0147, 0.0141]","[0.817, 0.367, 0.127, 0.019, 0.087, 0.105, 0.059, 0.08, 0.022, 0.023]",2000,0.2368423491716385,-0.8067128533522548,
58,T4,1890,-0.855860432961797,0.037653873481001326,0.0030859862026512523,-0.05287503263340389,-0.1014383069508892,0.17733858284061474,0.043596791780973074,0.3791819214820862,0.2019111067056656,0.07155709713697433,0.5810930132865906,0.7270206809043884,0.8143964409828186,1,25,57,"[0.3792, 0.2019, 0.0716, 0.0382, 0.0361, 0.0233, 0.0193, 0.0175, 0.0139, 0.0133]","[0.856, 0.038, 0.003, 0.185, 0.157, 0.058, 0.165, 0.168, 0.038, 0.009]",2000,0.25089505314826965,0.5886137740484283,
58,T5,1890,0.9153303382855361,-0.13976986576436354,-0.0667598261021873,0.06972775907575224,0.0944931852631565,-0.08222225575595969,-0.051792104540856206,0.49477681517601013,0.09663276374340057,0.07591341435909271,0.5914095640182495,0.7446916699409485,0.8307434916496277,1,25,71,"[0.4948, 0.0966, 0.0759, 0.0469, 0.0304, 0.0283, 0.0181, 0.0155, 0.0127, 0.0114]","[0.915, 0.14, 0.067, 0.012, 0.028, 0.011, 0.003, 0.121, 0.19, 0.189]",2000,0.25776490569114685,-0.6940379711832743,
58,T6,1890,0.9178545024839899,-0.11082837765358163,0.07964789740770276,0.0691451066129486,0.16991286296044436,-0.10418640089897395,-0.03328616697202988,0.33060261607170105,0.12677446007728577,0.09201962500810623,0.4573770761489868,0.6517799496650696,0.7582489252090454,1,47,123,"[0.3306, 0.1268, 0.092, 0.0585, 0.0439, 0.032, 0.0248, 0.0193, 0.0168, 0.0136]","[0.918, 0.111, 0.08, 0.04, 0.016, 0.03, 0.145, 0.089, 0.111, 0.008]",2000,0.2227606177330017,-0.6804560313293987,
58,T7,1890,-0.9156633579726101,0.06570242910116145,-0.021786766069911402,-0.05426861716986705,-0.15166859590428175,0.08764624783001294,0.10218692526083221,0.35199084877967834,0.13724391162395477,0.08453886210918427,0.4892347455024719,0.6706635355949402,0.7751070261001587,1,45,133,"[0.352, 0.1372, 0.0845, 0.0577, 0.0391, 0.0343, 0.0257, 0.0191, 0.0137, 0.0118]","[0.916, 0.066, 0.022, 0.065, 0.092, 0.021, 0.06, 0.065, 0.181, 0.279]",2000,0.2082788050174713,0.6868743783930269,
58,T8,1890,-0.899848742922957,-0.17948084636589093,0.08856717003550306,0.02165588594105689,-0.0693173926059016,0.17922908169490329,0.062186894179062265,0.47024819254875183,0.16127213835716248,0.05721822381019592,0.6315203309059143,0.7766526937484741,0.8614856004714966,1,16,41,"[0.4702, 0.1613, 0.0572, 0.0488, 0.0392, 0.0291, 0.0186, 0.0137, 0.0128, 0.0106]","[0.9, 0.179, 0.089, 0.101, 0.137, 0.155, 0.015, 0.12, 0.052, 0.046]",2000,0.2670189142227173,0.6248367215787921,
58,R0,1890,0.02844071551094656,-0.8538562637202127,0.19596190935925328,-0.04627700827126265,-0.019137831526100556,-0.10903615670267112,0.05854669129258184,0.5046833753585815,0.17079399526119232,0.15383048355579376,0.6754773855209351,0.8716768026351929,0.9175539612770081,1,8,23,"[0.5047, 0.1708, 0.1538, 0.0228, 0.0196, 0.0136, 0.012, 0.0084, 0.0069, 0.005]","[0.028, 0.854, 0.196, 0.148, 0.139, 0.159, 0.093, 0.103, 0.105, 0.028]",2000,0.12014805525541306,-0.06631138356585509,
58,R1,1890,-0.01639459111108145,-0.4724723201929873,0.7729998417521646,0.0036758231908035318,0.00013583568503708324,-0.11220414529675761,0.02282408122261083,0.4411623775959015,0.25168630480766296,0.16306829452514648,0.6928486824035645,0.8970192670822144,0.9403502345085144,4,6,13,"[0.4412, 0.2517, 0.1631, 0.0233, 0.0178, 0.0141, 0.0098, 0.0076, 0.0067, 0.0052]","[0.016, 0.472, 0.773, 0.385, 0.166, 0.294, 0.303, 0.002, 0.065, 0.021]",2000,0.11062712967395782,-0.10751635396744681,
58,R2,1890,0.17330223056338745,0.3762597297661948,-0.6574917780230952,0.019435199785683414,0.0058897034074231166,-0.1453194641083339,0.12261202465712716,0.3518010973930359,0.2709674537181854,0.17752544581890106,0.6227685213088989,0.8803237676620483,0.93055260181427,3,7,15,"[0.3518, 0.271, 0.1775, 0.0526, 0.0274, 0.0144, 0.0115, 0.0098, 0.008, 0.0065]","[0.173, 0.376, 0.657, 0.237, 0.369, 0.06, 0.076, 0.198, 0.162, 0.163]",2000,0.07208927720785141,-0.12196137681080516,
58,R3,1890,-0.15486056293049358,0.8456686616541242,-0.03620747359545799,-0.025872630055849243,-0.06096885147963252,-0.06139343735149869,0.05188665017309403,0.6472495794296265,0.09723537415266037,0.04107612743973732,0.7444849610328674,0.8411193490028381,0.9117802381515503,1,9,22,"[0.6472, 0.0972, 0.0411, 0.0301, 0.0254, 0.0249, 0.0171, 0.0125, 0.0089, 0.0073]","[0.155, 0.846, 0.036, 0.099, 0.206, 0.057, 0.084, 0.238, 0.054, 0.027]",2000,0.14763905107975006,0.042105194197348844,
58,R4,1890,-0.6140425429755247,0.6231805215807453,-0.22232545683931504,0.00227371888824382,-0.004996174789105248,0.08582165721397067,0.1397487090503231,0.3111739754676819,0.26135173439979553,0.1305268257856369,0.5725257396697998,0.7833849191665649,0.8750309348106384,3,14,38,"[0.3112, 0.2614, 0.1305, 0.0435, 0.0368, 0.0265, 0.023, 0.0186, 0.0139, 0.0096]","[0.614, 0.623, 0.222, 0.431, 0.126, 0.093, 0.094, 0.028, 0.019, 0.028]",2000,0.33250367641448975,0.7100162151845888,
58,R5,1890,0.1648309594967346,0.8410555995253768,-0.3021289847154282,0.006705987214719411,0.05049706149518688,-0.15414908445919218,0.016547808176012316,0.4403744041919708,0.20879007875919342,0.08204469084739685,0.6491644978523254,0.8024386763572693,0.8874463438987732,2,12,29,"[0.4404, 0.2088, 0.082, 0.038, 0.0332, 0.0316, 0.0197, 0.0124, 0.0113, 0.01]","[0.165, 0.841, 0.302, 0.193, 0.179, 0.012, 0.162, 0.06, 0.046, 0.13]",2000,0.21039611101150513,-0.18970453250752192,
58,R6,1890,-0.38497420131903903,-0.7967417541787053,0.34024730869855446,0.006911425438809035,-0.025137242968994035,0.06098023837974368,0.10017080475477169,0.4866584539413452,0.2369568794965744,0.048699751496315,0.7236153483390808,0.8274869322776794,0.8970516324043274,3,11,27,"[0.4867, 0.237, 0.0487, 0.0297, 0.0255, 0.0215, 0.0154, 0.0128, 0.0109, 0.0089]","[0.385, 0.797, 0.34, 0.042, 0.061, 0.091, 0.235, 0.098, 0.055, 0.064]",2000,0.2512817084789276,0.43895861313989704,
58,R7,1890,-0.6857238175264285,-0.3826202644332207,-0.18439468380486324,0.013638051865729636,-0.05437522662787946,0.045349690609287736,0.021784781278365473,0.5619556307792664,0.08514747023582458,0.05450908839702606,0.6471030712127686,0.7816126942634583,0.871593177318573,4,14,31,"[0.562, 0.0851, 0.0545, 0.0482, 0.0318, 0.0269, 0.0197, 0.0183, 0.0129, 0.0121]","[0.686, 0.383, 0.184, 0.105, 0.313, 0.029, 0.331, 0.015, 0.04, 0.26]",2000,0.48345446586608887,0.7045860766620795,
59,T0,1890,-0.8973162838272433,-0.1810762290824282,0.10228413909616915,-0.09541398934980864,-0.23012829973350996,0.07734052956473214,0.015813419053804924,0.48278480768203735,0.11609536409378052,0.05661964789032936,0.5988801717758179,0.7308712601661682,0.8140610456466675,1,31,90,"[0.4828, 0.1161, 0.0566, 0.04, 0.0354, 0.0251, 0.0192, 0.0143, 0.0132, 0.0114]","[0.897, 0.181, 0.102, 0.022, 0.039, 0.15, 0.038, 0.054, 0.064, 0.098]",2000,0.27151253819465637,0.6736159913833255,
59,T1,1890,0.7750734354747478,0.21028211001889577,0.11305913285711151,0.009811273308151451,0.05229133792598129,-0.041658255515760904,-0.2035572987172485,0.5294161438941956,0.13327541947364807,0.06287543475627899,0.662691593170166,0.7887409925460815,0.8699077367782593,2,15,35,"[0.5294, 0.1333, 0.0629, 0.0344, 0.0288, 0.0228, 0.018, 0.0154, 0.0136, 0.0113]","[0.775, 0.21, 0.113, 0.117, 0.429, 0.176, 0.004, 0.034, 0.032, 0.166]",2000,0.35846513509750366,-0.7275651854237843,
59,T2,1890,0.8347982793020541,-0.043651700208708476,0.24445730225707965,-0.06474460265129474,0.022742613307451958,-0.04320869062891056,-0.210042384642324,0.4404292106628418,0.11697200685739517,0.05600694939494133,0.5574012398719788,0.7082828283309937,0.8001345992088318,1,27,65,"[0.4404, 0.117, 0.056, 0.0543, 0.0406, 0.0254, 0.0197, 0.0169, 0.0158, 0.0141]","[0.835, 0.044, 0.244, 0.19, 0.033, 0.172, 0.076, 0.11, 0.1, 0.128]",2000,0.34747985005378723,-0.7369973858202601,
59,T3,1890,-0.19021433536482402,0.8664831609848015,-0.24611412830458876,-0.14487312577199007,-0.06854488818118672,-0.011887156765740118,0.2326809194771292,0.44608718156814575,0.18801411986351013,0.11848834156990051,0.6341012716293335,0.8243991732597351,0.8938587307929993,1,12,31,"[0.4461, 0.188, 0.1185, 0.0426, 0.0292, 0.023, 0.0148, 0.0119, 0.0107, 0.009]","[0.19, 0.866, 0.246, 0.083, 0.095, 0.023, 0.107, 0.097, 0.047, 0.017]",2000,0.22380031645298004,0.4341789216226348,
59,T4,1890,-0.8531963603507229,-0.009868432685045104,0.028020758779828292,-0.050555475842929916,-0.09963436616756767,0.17845619904250504,0.030431699037865183,0.3869200050830841,0.20236341655254364,0.0688350573182106,0.5892834067344666,0.7338699698448181,0.8198240399360657,1,24,54,"[0.3869, 0.2024, 0.0688, 0.0386, 0.0372, 0.0237, 0.0209, 0.0155, 0.0135, 0.0125]","[0.853, 0.01, 0.028, 0.151, 0.236, 0.077, 0.156, 0.187, 0.059, 0.054]",2000,0.24834753572940826,0.5740875732167832,
59,T5,1890,-0.9172794524436241,0.13359171908634046,-0.061222079116485695,-0.07004119278734118,-0.092860112041816,0.08967590901609482,0.045504399214251555,0.4918861389160156,0.09663257002830505,0.07293251156806946,0.5885187387466431,0.7410745620727539,0.8278948068618774,1,26,73,"[0.4919, 0.0966, 0.0729, 0.0479, 0.0317, 0.0287, 0.0183, 0.0153, 0.0128, 0.0117]","[0.917, 0.134, 0.061, 0.01, 0.036, 0.007, 0.002, 0.118, 0.2, 0.181]",2000,0.2575138509273529,0.6874512455564967,
59,T6,1890,-0.9183387551632068,-0.1129172231055922,0.08587798926470457,-0.07078705384198951,-0.16941980261925121,0.10141615034005509,0.03128232016377207,0.32613685727119446,0.1293836086988449,0.09132793545722961,0.4555204510688782,0.6493865251541138,0.756203293800354,1,48,124,"[0.3261, 0.1294, 0.0913, 0.0584, 0.0441, 0.0317, 0.025, 0.0195, 0.0169, 0.0137]","[0.918, 0.113, 0.086, 0.042, 0.014, 0.033, 0.142, 0.089, 0.119, 0.005]",2000,0.2215842306613922,0.6831198755729246,
59,T7,1890,0.9128448383956239,0.043600547277279654,-0.034482011871130785,0.05327018223939095,0.1619233507468053,-0.10758288530751095,-0.09403918955833807,0.3476116359233856,0.13911224901676178,0.08546815067529678,0.4867238998413086,0.6740274429321289,0.7767378091812134,2,45,132,"[0.3476, 0.1391, 0.0855, 0.0592, 0.0426, 0.0335, 0.0251, 0.0191, 0.0139, 0.0111]","[0.913, 0.044, 0.034, 0.06, 0.085, 0.015, 0.056, 0.074, 0.145, 0.308]",2000,0.20727480947971344,-0.6812530095446017,
59,T8,1890,-0.899658237542367,-0.17970661236417765,-0.04735893484056354,0.021487538162634944,-0.06664440805822917,0.1780319433553259,0.05865287064950692,0.4658287465572357,0.15962480008602142,0.05825230851769447,0.625453531742096,0.7746632099151611,0.860584020614624,1,16,41,"[0.4658, 0.1596, 0.0583, 0.0513, 0.0397, 0.0299, 0.0188, 0.0137, 0.0134, 0.0101]","[0.9, 0.18, 0.047, 0.081, 0.149, 0.159, 0.015, 0.014, 0.125, 0.157]",2000,0.2642425000667572,0.6218089426882875,
59,R0,1890,0.03327712468598454,-0.826086053249645,0.2742045813245254,-0.04757876820547006,-0.021210692304684566,-0.11124824311738765,0.05897014940804082,0.5048894882202148,0.17201870679855347,0.15632350742816925,0.6769081950187683,0.8750207424163818,0.9194729924201965,1,8,22,"[0.5049, 0.172, 0.1563, 0.0229, 0.0188, 0.0133, 0.0115, 0.0081, 0.0066, 0.0049]","[0.033, 0.826, 0.274, 0.151, 0.136, 0.161, 0.072, 0.101, 0.095, 0.027]",2000,0.11939360201358795,-0.06911645183587455,
59,R1,1890,-0.0019311070082827246,-0.5072253963804946,0.7464458733045686,0.008768088181694231,-0.00022425071177579816,-0.1118627780500459,0.02130548367151341,0.44622570276260376,0.2518221139907837,0.16665808856487274,0.6980478167533875,0.9035576581954956,0.9444423317909241,4,5,12,"[0.4462, 0.2518, 0.1667, 0.0224, 0.0164, 0.0132, 0.009, 0.0073, 0.0063, 0.005]","[0.002, 0.507, 0.746, 0.418, 0.168, 0.287, 0.302, 0.002, 0.083, 0.015]",2000,0.1111886128783226,-0.11987289626393431,
59,R2,1890,0.20222095193379466,0.3468425443858866,-0.6599643308053728,0.02413754459730236,0.00814387060575652,-0.1513143715807778,0.12212196587890106,0.35539352893829346,0.26757198572158813,0.18739786744117737,0.6229655146598816,0.8867475986480713,0.9335190653800964,3,7,14,"[0.3554, 0.2676, 0.1874, 0.0495, 0.0269, 0.0132, 0.0109, 0.0091, 0.0074, 0.0062]","[0.202, 0.347, 0.66, 0.249, 0.373, 0.041, 0.078, 0.189, 0.154, 0.166]",2000,0.07483868300914764,-0.14434041409833717,
59,R3,1890,-0.18145633654658563,-0.8383537467817624,-0.050324624139427065,-0.029048689648393952,-0.06478340201771922,-0.06282919364592111,0.0043204125320636605,0.64195317029953,0.09732808917760849,0.0425078421831131,0.7392812371253967,0.8403241038322449,0.9111523032188416,1,9,22,"[0.642, 0.0973, 0.0425, 0.0317, 0.0268, 0.0252, 0.0175, 0.0122, 0.0087, 0.0072]","[0.181, 0.838, 0.05, 0.127, 0.079, 0.217, 0.093, 0.239, 0.055, 0.055]",2000,0.14550243318080902,0.034179253435545946,
59,R4,1890,-0.4746681784198235,0.7075533041801606,-0.1733659504816636,0.0051842823456964586,0.0076996327224352875,0.09720947450922038,0.05426647988819402,0.3178270161151886,0.26275360584259033,0.1274680346250534,0.5805805921554565,0.7841373085975647,0.8762969374656677,3,14,37,"[0.3178, 0.2628, 0.1275, 0.0404, 0.0356, 0.0257, 0.0239, 0.0198, 0.0134, 0.0094]","[0.475, 0.708, 0.173, 0.406, 0.151, 0.072, 0.081, 0.039, 0.025, 0.026]",2000,0.32608479261398315,0.5610741470339835,
59,R5,1890,0.22240405647523664,0.8410121668963438,-0.27096780784273194,-0.006954404819326334,0.050325700478017855,-0.14466858839324553,-0.011573853678786218,0.4281139671802521,0.21734361350536346,0.07641426473855972,0.6454575657844543,0.7957344651222229,0.8836050033569336,1,12,30,"[0.4281, 0.2173, 0.0764, 0.0389, 0.035, 0.0323, 0.0201, 0.013, 0.0118, 0.0106]","[0.222, 0.841, 0.271, 0.182, 0.237, 0.107, 0.172, 0.065, 0.017, 0.132]",2000,0.21702779829502106,-0.25324248941762445,
59,R6,1890,-0.3863078012604214,-0.7878091311559732,-0.3400122720362294,0.008550470632306845,-0.021995213303261214,0.06497414678441961,0.09182435421201451,0.4889451861381531,0.23184289038181305,0.050351474434137344,0.7207880616188049,0.8283029198646545,0.8980989456176758,3,11,26,"[0.4889, 0.2318, 0.0504, 0.0306, 0.0266, 0.0222, 0.015, 0.0127, 0.011, 0.0088]","[0.386, 0.788, 0.34, 0.031, 0.038, 0.13, 0.225, 0.082, 0.049, 0.064]",2000,0.25000905990600586,0.4402863580161467,
59,R7,1890,-0.6836389311336487,-0.35675189245185424,-0.2403010978844007,0.010691096502936646,-0.049863123041322684,0.03979722158046875,0.02188708723621,0.5604730248451233,0.0902569591999054,0.05785367265343666,0.6507300138473511,0.7862704396247864,0.8742988705635071,2,13,30,"[0.5605, 0.0903, 0.0579, 0.0468, 0.0308, 0.0264, 0.0191, 0.0176, 0.0128, 0.0121]","[0.684, 0.357, 0.24, 0.055, 0.298, 0.085, 0.265, 0.165, 0.177, 0.236]",2000,0.482765257358551,0.7016780943511591,
60,T0,1890,-0.8878934858149528,0.2267357847081369,-0.09287078268496621,-0.08375375343287796,-0.23571295708851658,0.05032876421952154,0.04739200496222878,0.4784219563007355,0.11545503884553909,0.057214733213186264,0.5938770174980164,0.731621265411377,0.8190639019012451,1,29,87,"[0.4784, 0.1155, 0.0572, 0.0441, 0.0365, 0.0258, 0.0232, 0.0142, 0.0133, 0.0109]","[0.888, 0.227, 0.093, 0.015, 0.01, 0.177, 0.078, 0.028, 0.075, 0.054]",2000,0.2718903124332428,0.6853275956977095,
60,T1,1890,0.7669725814604389,0.2102332317225958,0.05223888133860174,0.00967454430628088,0.058924892554838536,-0.04159508221005158,-0.19402007734809296,0.4916069209575653,0.13415373861789703,0.06780830025672913,0.6257606744766235,0.7631582617759705,0.851798951625824,2,18,41,"[0.4916, 0.1342, 0.0678, 0.0413, 0.0283, 0.026, 0.0186, 0.016, 0.0153, 0.0128]","[0.767, 0.21, 0.052, 0.169, 0.405, 0.228, 0.03, 0.102, 0.039, 0.112]",2000,0.34839707612991333,-0.7284344728969557,
60,T2,1890,0.8383907012351287,-0.036247960763952286,0.2980858795498414,-0.06555328129445914,0.028586177453317308,-0.044218929840590865,-0.2155408448371299,0.4266074299812317,0.11628219485282898,0.055694736540317535,0.5428895950317383,0.6946634650230408,0.7907669544219971,1,30,70,"[0.4266, 0.1163, 0.0557, 0.054, 0.0421, 0.027, 0.02, 0.0174, 0.0172, 0.0144]","[0.838, 0.036, 0.298, 0.134, 0.005, 0.14, 0.044, 0.065, 0.156, 0.13]",2000,0.3415919244289398,-0.7398459586264061,
60,T3,1890,-0.7535140576445966,0.4855242099123846,0.1281812258879015,-0.15329757755311546,-0.10273275559846372,-0.0671605301504227,0.15319478303268574,0.3321766257286072,0.22617392241954803,0.08198318630456924,0.5583505630493164,0.7392057776451111,0.8370964527130127,2,21,53,"[0.3322, 0.2262, 0.082, 0.057, 0.0418, 0.0275, 0.0245, 0.0179, 0.0148, 0.0132]","[0.754, 0.486, 0.128, 0.003, 0.08, 0.031, 0.066, 0.073, 0.06, 0.022]",2000,0.2237226516008377,0.8023566463169308,
60,T4,1890,-0.8202745078450735,0.20252022006301656,0.024636076564802042,-0.06247429838195518,-0.11210451944740919,0.1572282038559284,0.01851695653878025,0.37031322717666626,0.22882631421089172,0.06310895085334778,0.5991395711898804,0.7394105792045593,0.823999285697937,1,23,53,"[0.3703, 0.2288, 0.0631, 0.0417, 0.0355, 0.0236, 0.02, 0.0156, 0.0135, 0.012]","[0.82, 0.203, 0.025, 0.125, 0.234, 0.014, 0.093, 0.249, 0.049, 0.081]",2000,0.25871577858924866,0.6058486932051802,
60,T5,1890,-0.911877384552683,0.13168692837184862,-0.08002143399831411,-0.0730885287557367,-0.1039648926264435,0.09315421336960368,0.0502119421226826,0.48576897382736206,0.0981951579451561,0.07360150665044785,0.5839641094207764,0.7384675145149231,0.825962483882904,1,26,74,"[0.4858, 0.0982, 0.0736, 0.049, 0.0319, 0.0289, 0.0182, 0.0157, 0.0129, 0.0118]","[0.912, 0.132, 0.08, 0.001, 0.042, 0.002, 0.009, 0.148, 0.064, 0.219]",2000,0.25857415795326233,0.6948239828851871,
60,T6,1890,0.9197409330831612,0.12274732577364053,0.07922586804210609,0.07572140041731057,0.16962121268134225,-0.10492700745424739,-0.039135860687130895,0.3357967436313629,0.12144630402326584,0.09295018762350082,0.45724305510520935,0.6510087847709656,0.7573482394218445,1,48,125,"[0.3358, 0.1214, 0.093, 0.0576, 0.0432, 0.0315, 0.0247, 0.0194, 0.0168, 0.014]","[0.92, 0.123, 0.079, 0.022, 0.001, 0.021, 0.149, 0.096, 0.135, 0.003]",2000,0.22347675263881683,-0.6797301671136372,
60,T7,1890,-0.9142022334795282,0.07612532548134222,0.01995593988636048,-0.05549690385161087,-0.14388166297927268,0.08687234013791835,0.10728264468780918,0.34920212626457214,0.1354898363351822,0.08309213072061539,0.4846919775009155,0.6676478981971741,0.7713851928710938,1,46,136,"[0.3492, 0.1355, 0.0831, 0.0592, 0.0406, 0.0335, 0.0258, 0.0184, 0.0146, 0.0114]","[0.914, 0.076, 0.02, 0.06, 0.071, 0.044, 0.046, 0.073, 0.078, 0.231]",2000,0.2058614194393158,0.6838313377742685,
60,T8,1890,-0.900105876760105,-0.18212579539456394,0.022745702876081603,0.019786539939990234,-0.0688920461200474,0.17837706507083143,0.06076658448973445,0.44199320673942566,0.16331522166728973,0.06962654739618301,0.6053084135055542,0.7699286341667175,0.8565295934677124,1,17,44,"[0.442, 0.1633, 0.0696, 0.0561, 0.0389, 0.03, 0.0193, 0.0138, 0.0132, 0.0102]","[0.9, 0.182, 0.023, 0.11, 0.158, 0.13, 0.012, 0.083, 0.094, 0.116]",2000,0.2527458369731903,0.6255323482756545,
60,R0,1890,0.005973271442491094,0.8543026373352017,-0.3719082093377471,-0.05285051072181927,-0.025573616470960715,-0.07852337370367977,0.05427085000444037,0.5829750895500183,0.13407331705093384,0.1330777406692505,0.7170484066009521,0.8876283168792725,0.9254055619239807,2,7,20,"[0.583, 0.1341, 0.1331, 0.0213, 0.0162, 0.0107, 0.0101, 0.007, 0.0056, 0.0044]","[0.006, 0.854, 0.372, 0.167, 0.133, 0.148, 0.082, 0.059, 0.121, 0.018]",2000,0.09354367107152939,-0.08219693404255618,
60,R1,1890,-0.040959416733006924,-0.49756236682211213,-0.759137980050919,-0.0015988154702331146,-0.004293248320533425,-0.0781007071675842,0.010700222863992527,0.4838225841522217,0.23856505751609802,0.1472187042236328,0.7223876714706421,0.9072520732879639,0.9460388422012329,3,5,12,"[0.4838, 0.2386, 0.1472, 0.0218, 0.0159, 0.0119, 0.0088, 0.0075, 0.0058, 0.0048]","[0.041, 0.498, 0.759, 0.439, 0.126, 0.291, 0.237, 0.169, 0.072, 0.035]",2000,0.09827596694231033,-0.11365390491405508,
60,R2,1890,0.07942779010259633,0.37862070873126186,-0.6662103723708914,0.018110650606285895,-0.00032762359812020465,-0.11604160631467891,0.09838298541664017,0.377081036567688,0.2528078556060791,0.18963679671287537,0.6298888921737671,0.8917221426963806,0.9366782307624817,3,6,14,"[0.3771, 0.2528, 0.1896, 0.046, 0.0262, 0.0126, 0.0108, 0.0087, 0.007, 0.0059]","[0.079, 0.379, 0.666, 0.239, 0.374, 0.04, 0.091, 0.18, 0.165, 0.165]",2000,0.07303550839424133,-0.09230821337322438,
60,R3,1890,-0.22157374706727676,0.8387216496075132,-0.08160491380687827,-0.013538254112468711,-0.07118759169357149,-0.07427350615348949,-0.06957166852850954,0.5867733359336853,0.09991504997015,0.051766932010650635,0.6866883635520935,0.8126641511917114,0.8942083120346069,1,11,28,"[0.5868, 0.0999, 0.0518, 0.0397, 0.0345, 0.0264, 0.0204, 0.0147, 0.0105, 0.0095]","[0.222, 0.839, 0.082, 0.154, 0.029, 0.203, 0.09, 0.219, 0.093, 0.028]",2000,0.13805660605430603,0.02041981031709346,
60,R4,1890,-0.34367704841724367,-0.7939444322223975,0.11778831146286407,0.03591253946907031,0.04062088213581571,0.08820171321301024,0.012485300934392386,0.3294858932495117,0.258070707321167,0.1323481798171997,0.5875566005706787,0.7917726635932922,0.8784286379814148,3,14,37,"[0.3295, 0.2581, 0.1323, 0.0389, 0.033, 0.025, 0.0224, 0.017, 0.013, 0.0093]","[0.344, 0.794, 0.118, 0.42, 0.13, 0.044, 0.078, 0.041, 0.021, 0.025]",2000,0.31194007396698,0.40441101734997204,
60,R5,1890,0.1730118189086403,0.8212930001166668,-0.32661500600487015,-0.012623467806930624,0.04249555883951502,-0.13945990916971873,-0.005486453714093511,0.405957967042923,0.21622808277606964,0.08262914419174194,0.6221860647201538,0.7884810566902161,0.879757821559906,2,13,31,"[0.406, 0.2162, 0.0826, 0.0472, 0.0365, 0.0347, 0.0212, 0.0132, 0.0114, 0.0107]","[0.173, 0.821, 0.327, 0.009, 0.252, 0.128, 0.164, 0.015, 0.012, 0.12]",2000,0.21378155052661896,-0.20855114850459508,
60,R6,1890,0.3732323295663326,-0.8149601038310011,-0.3292204783684011,-0.009673786812448506,0.02365710403160075,-0.05788687899966596,-0.08503308861659271,0.4636095464229584,0.25413161516189575,0.057189542800188065,0.7177411317825317,0.8261427879333496,0.893561840057373,3,11,28,"[0.4636, 0.2541, 0.0572, 0.0288, 0.0224, 0.0208, 0.0146, 0.0129, 0.0109, 0.0082]","[0.373, 0.815, 0.329, 0.018, 0.11, 0.165, 0.247, 0.069, 0.005, 0.125]",2000,0.24648986756801605,-0.39630679870205404,
60,R7,1890,-0.6655777423637517,-0.3478439730122605,0.23140947172088575,0.008490756531681493,-0.05794055089304513,0.04834902069227124,0.004732883693909818,0.5740367770195007,0.09182463586330414,0.05688297003507614,0.6658614277839661,0.7910673022270203,0.8766233921051025,3,13,30,"[0.574, 0.0918, 0.0569, 0.041, 0.0273, 0.0268, 0.0185, 0.0169, 0.0121, 0.0112]","[0.666, 0.348, 0.231, 0.065, 0.192, 0.33, 0.225, 0.197, 0.125, 0.229]",2000,0.4830462634563446,0.7051447718059703,
61,T0,1890,-0.8745189485676852,0.27221267503564095,0.1119999766787207,-0.05357532119038833,-0.24841711264639574,0.014221399846475347,0.10344064731847986,0.4820554256439209,0.1106664389371872,0.06128908693790436,0.5927218794822693,0.7295562028884888,0.820344090461731,1,29,87,"[0.4821, 0.1107, 0.0613, 0.0407, 0.0348, 0.0304, 0.0242, 0.0134, 0.0121, 0.0107]","[0.875, 0.272, 0.112, 0.007, 0.01, 0.023, 0.138, 0.013, 0.068, 0.022]",2000,0.27516430616378784,0.6917431607727181,
61,T1,1890,0.777606816029119,0.20344821940825192,0.012665160454739527,0.004192626760088575,0.060790761553514,-0.03671471220826441,-0.1979655314641574,0.47856661677360535,0.14053787291049957,0.06744762510061264,0.6191045045852661,0.7570072412490845,0.8480669856071472,2,18,41,"[0.4786, 0.1405, 0.0674, 0.0409, 0.0296, 0.0264, 0.0197, 0.0163, 0.0159, 0.0128]","[0.778, 0.203, 0.013, 0.183, 0.272, 0.394, 0.033, 0.038, 0.062, 0.113]",2000,0.34672796726226807,-0.7335645256238474,
61,T2,1890,0.8435467239069404,-0.040172863272520135,-0.282259329176833,-0.059943322821556566,0.03205668737929933,-0.05641751001922024,-0.2076344198010208,0.4307912588119507,0.11850490421056747,0.05363190546631813,0.5492961406707764,0.6964345574378967,0.7944329977035522,1,29,70,"[0.4308, 0.1185, 0.0536, 0.0513, 0.0422, 0.0302, 0.0199, 0.0174, 0.0164, 0.0141]","[0.844, 0.04, 0.282, 0.135, 0.044, 0.14, 0.049, 0.032, 0.122, 0.133]",2000,0.34483882784843445,-0.7360909583397752,
61,T3,1890,-0.7523644570210671,0.4838953167216524,-0.14419921590600607,-0.1487911460475391,-0.09880893565830541,-0.07052850035940181,0.1572236825637962,0.331737756729126,0.21967661380767822,0.08307452499866486,0.5514143705368042,0.7305377721786499,0.8261238932609558,2,24,61,"[0.3317, 0.2197, 0.0831, 0.0538, 0.0423, 0.0264, 0.0233, 0.0184, 0.0147, 0.0128]","[0.752, 0.484, 0.144, 0.005, 0.094, 0.017, 0.116, 0.057, 0.094, 0.051]",2000,0.23224623501300812,0.8060902958735536,
61,T4,1890,-0.8320741757359452,0.18139950977090472,0.02534444636377965,-0.060820600442415544,-0.10741493341539052,0.16320354576977872,0.020233312025878684,0.38265061378479004,0.2155531793832779,0.05859652906656265,0.5982037782669067,0.7350927591323853,0.8208905458450317,1,24,55,"[0.3827, 0.2156, 0.0586, 0.0429, 0.0354, 0.0251, 0.0196, 0.0158, 0.0133, 0.0119]","[0.832, 0.181, 0.025, 0.186, 0.222, 0.002, 0.11, 0.257, 0.103, 0.03]",2000,0.27022427320480347,0.6003461471479596,
61,T5,1890,-0.9095269618407131,0.13446531869589484,-0.06633436289594388,-0.07692809081381667,-0.11009090103395411,0.0979126535551515,0.05952731271771724,0.4835965037345886,0.09266413748264313,0.07537676393985748,0.5762606263160706,0.734545111656189,0.8210451006889343,1,28,79,"[0.4836, 0.0927, 0.0754, 0.0497, 0.0332, 0.0277, 0.0183, 0.0157, 0.0129, 0.0119]","[0.91, 0.134, 0.066, 0.01, 0.058, 0.001, 0.01, 0.147, 0.022, 0.236]",2000,0.26732581853866577,0.6995041447096729,
61,T6,1890,0.9193557308938335,-0.127137574127342,0.07822736152548851,0.07581566712283107,0.17150472398050895,-0.10987308342400048,-0.040750722407057356,0.33714306354522705,0.11989031732082367,0.09198890626430511,0.4570333957672119,0.6486130356788635,0.7547048926353455,1,49,130,"[0.3371, 0.1199, 0.092, 0.0572, 0.0424, 0.0323, 0.0242, 0.0195, 0.0167, 0.0134]","[0.919, 0.127, 0.078, 0.021, 0.001, 0.026, 0.14, 0.103, 0.14, 0.028]",2000,0.2260817289352417,-0.6795029305493293,
61,T7,1890,-0.9168962076100868,0.06967608784013685,0.016721686270192365,-0.05786479600601623,-0.12429970223217636,0.10043560553055203,0.091274178722923,0.35194623470306396,0.12238524854183197,0.07815591245889664,0.47433149814605713,0.6480050683021545,0.7489593029022217,1,55,151,"[0.3519, 0.1224, 0.0782, 0.0573, 0.0382, 0.032, 0.0261, 0.0176, 0.013, 0.0122]","[0.917, 0.07, 0.017, 0.057, 0.03, 0.029, 0.072, 0.101, 0.162, 0.185]",2000,0.21522973477840424,0.6702680474358573,
61,T8,1890,-0.9058973424031552,-0.10954659728571549,0.01817875278894551,-0.0019446318162221823,-0.06326934376419073,0.16994405351063177,0.059616244272857305,0.4120618402957916,0.13917014002799988,0.0736202523112297,0.5512319803237915,0.7235912084579468,0.8196467757225037,1,25,65,"[0.4121, 0.1392, 0.0736, 0.0638, 0.0349, 0.0301, 0.0253, 0.0161, 0.0128, 0.0118]","[0.906, 0.11, 0.018, 0.136, 0.163, 0.197, 0.026, 0.14, 0.077, 0.026]",2000,0.26943841576576233,0.634194070726922,
61,R0,1890,0.008125923546844039,-0.7480610295534075,0.48438200655197916,-0.05021924837096263,-0.025339753925575963,-0.07191431865140155,0.05014760315283635,0.5672405958175659,0.1391100436449051,0.1326831877231598,0.7063506245613098,0.8770161867141724,0.915864109992981,2,8,26,"[0.5672, 0.1391, 0.1327, 0.0213, 0.0166, 0.0111, 0.0104, 0.0069, 0.0058, 0.0047]","[0.008, 0.748, 0.484, 0.175, 0.126, 0.159, 0.079, 0.068, 0.118, 0.039]",2000,0.09634265303611755,-0.08893317641808893,
61,R1,1890,-0.04888172131302661,-0.49894512046094647,0.7588817222661493,-0.003874890300372352,-0.006533095663585568,-0.05443541250405767,-0.0010390029253518054,0.5279969573020935,0.21755890548229218,0.1335211545228958,0.7455558776855469,0.912554919719696,0.9474648237228394,3,5,11,"[0.528, 0.2176, 0.1335, 0.0195, 0.014, 0.0106, 0.0078, 0.0069, 0.0052, 0.0044]","[0.049, 0.499, 0.759, 0.442, 0.146, 0.294, 0.242, 0.127, 0.087, 0.02]",2000,0.089223712682724,-0.12433655848387225,
61,R2,1890,0.027997061741058663,0.32138054496935625,0.6912952217525429,0.016308453031540764,-0.001405308770071441,-0.08626708685335088,0.07442938547514012,0.40558886528015137,0.23333130776882172,0.1929752081632614,0.6389201879501343,0.8992643356323242,0.9397214651107788,3,6,13,"[0.4056, 0.2333, 0.193, 0.0433, 0.0241, 0.0113, 0.0097, 0.008, 0.0062, 0.0053]","[0.028, 0.321, 0.691, 0.268, 0.358, 0.049, 0.102, 0.19, 0.172, 0.146]",2000,0.07328160107135773,-0.0856787920292277,
61,R3,1890,-0.2367109212806937,0.8366440424263794,-0.09814900275844186,-0.020728593742703433,-0.07820915979075137,-0.07670677291968771,-0.08067489885747793,0.5605931282043457,0.10440979897975922,0.05464532971382141,0.6650029420852661,0.8048584461212158,0.8879682421684265,1,12,30,"[0.5606, 0.1044, 0.0546, 0.0443, 0.0409, 0.0257, 0.0204, 0.0159, 0.0111, 0.0099]","[0.237, 0.837, 0.098, 0.066, 0.079, 0.208, 0.098, 0.21, 0.112, 0.055]",2000,0.13792622089385986,0.024912997800378374,
61,R4,1890,-0.7074751636911585,0.4875705810195421,-0.2013298530911241,0.0016821724502109514,-0.016725993257040026,0.09989108902289548,0.1332836940891218,0.3036710023880005,0.2518961727619171,0.11499747633934021,0.5555671453475952,0.7445417046546936,0.8415477871894836,2,19,50,"[0.3037, 0.2519, 0.115, 0.0404, 0.0336, 0.0281, 0.0241, 0.0174, 0.0152, 0.0122]","[0.707, 0.488, 0.201, 0.299, 0.258, 0.013, 0.048, 0.005, 0.04, 0.02]",2000,0.3270457088947296,0.7408828699198521,
61,R5,1890,0.055774180027075654,0.8364061247625342,-0.29357912793416335,0.004625076812003858,0.04391681947933486,-0.1105950524453921,-0.007384952707273071,0.377696692943573,0.22283510863780975,0.07914479076862335,0.600531816482544,0.763588011264801,0.8596003651618958,1,16,37,"[0.3777, 0.2228, 0.0791, 0.0451, 0.0389, 0.0364, 0.0217, 0.0139, 0.0125, 0.0116]","[0.056, 0.836, 0.294, 0.012, 0.209, 0.059, 0.15, 0.074, 0.005, 0.069]",2000,0.2224474549293518,-0.12974871596888662,
61,R6,1890,-0.44727602036106656,-0.711201711558101,-0.29611753586485956,0.01888592604778038,-0.019666687389384575,0.060221919454729725,0.08282817705795448,0.41796571016311646,0.2582266926765442,0.06474444270133972,0.6761924028396606,0.7974298000335693,0.8724377155303955,2,15,34,"[0.418, 0.2582, 0.0647, 0.0338, 0.0227, 0.0203, 0.0181, 0.0153, 0.0121, 0.0092]","[0.447, 0.711, 0.296, 0.098, 0.179, 0.008, 0.235, 0.121, 0.007, 0.072]",2000,0.2697727084159851,0.49981722607313783,
61,R7,1890,-0.6814776852711558,-0.29148940011741553,-0.3035166368582667,0.01154303665262147,-0.052728453123992484,0.04706917426969417,-0.0030027851324257297,0.5591297745704651,0.10093703866004944,0.0560215525329113,0.6600668430328369,0.7809234857559204,0.8656338453292847,3,15,32,"[0.5591, 0.1009, 0.056, 0.0382, 0.0266, 0.023, 0.0196, 0.0175, 0.0128, 0.0118]","[0.681, 0.291, 0.304, 0.08, 0.306, 0.11, 0.191, 0.234, 0.025, 0.185]",2000,0.47244179248809814,0.7069936828292122,
62,T0,1890,-0.8760742393998454,0.2657561147005227,0.11222824614277493,-0.054068073626075394,-0.24145004408132298,0.017971987432997858,0.09547026312351782,0.47201400995254517,0.10829612612724304,0.05913872271776199,0.5803101062774658,0.7184710502624512,0.8145606517791748,1,30,89,"[0.472, 0.1083, 0.0591, 0.0402, 0.0388, 0.0322, 0.0235, 0.0156, 0.0132, 0.0115]","[0.876, 0.266, 0.112, 0.016, 0.009, 0.028, 0.129, 0.021, 0.005, 0.017]",2000,0.2708887755870819,0.6883010587973126,
62,T1,1890,0.7853507430010702,0.17722861185374789,0.03162528876795485,0.0022098662404768043,0.05976204241139345,-0.0443046304161246,-0.20224456279362907,0.4753308594226837,0.1370372623205185,0.06501474231481552,0.612368106842041,0.7475241422653198,0.8408474326133728,2,19,43,"[0.4753, 0.137, 0.065, 0.0404, 0.0297, 0.0273, 0.0198, 0.0174, 0.0157, 0.0132]","[0.785, 0.177, 0.032, 0.173, 0.264, 0.382, 0.027, 0.033, 0.063, 0.106]",2000,0.34336742758750916,-0.7305331729908878,
62,T2,1890,0.8388347209045001,-0.014118661339751712,0.12859738365155968,-0.05534841873125725,0.03305667248322566,-0.05862303983172088,-0.2087926572806571,0.4320101737976074,0.12262876331806183,0.053165633231401443,0.5546389222145081,0.7005950212478638,0.7983632683753967,1,29,69,"[0.432, 0.1226, 0.0532, 0.0513, 0.0415, 0.0315, 0.0197, 0.0174, 0.0155, 0.0137]","[0.839, 0.014, 0.129, 0.247, 0.109, 0.122, 0.036, 0.01, 0.077, 0.154]",2000,0.3434113562107086,-0.7339141637229262,
62,T3,1890,-0.7243661969400684,0.509983042781359,0.13728580226835477,-0.15442823371241607,-0.08977670153158963,-0.08880590880174943,0.1780635449883872,0.32516542077064514,0.21266388893127441,0.08391177654266357,0.5378292798995972,0.7277141809463501,0.826848030090332,2,24,59,"[0.3252, 0.2127, 0.0839, 0.0557, 0.0503, 0.0289, 0.0231, 0.0193, 0.0142, 0.0136]","[0.724, 0.51, 0.137, 0.231, 0.04, 0.006, 0.096, 0.037, 0.123, 0.068]",2000,0.24123385548591614,0.8062339779142156,
62,T4,1890,-0.8458737385518691,-0.040934023678200315,-0.04847871053170395,-0.0479104080770657,-0.09398524656567603,0.18336155916555807,0.03802179007152499,0.39550045132637024,0.20941144227981567,0.06844953447580338,0.6049119234085083,0.7485422492027283,0.8303219079971313,1,22,52,"[0.3955, 0.2094, 0.0684, 0.0415, 0.0337, 0.0236, 0.0189, 0.015, 0.0129, 0.0113]","[0.846, 0.041, 0.048, 0.177, 0.248, 0.03, 0.116, 0.254, 0.125, 0.024]",2000,0.25430727005004883,0.583518161604459,
62,T5,1890,-0.9096416948363582,0.12144327912846097,-0.08344709793673176,-0.0752835127706006,-0.10765360639824809,0.10087870392978565,0.055214404998006325,0.4777987599372864,0.09377910941839218,0.07617928832769394,0.5715778470039368,0.7306121587753296,0.8180804252624512,1,29,81,"[0.4778, 0.0938, 0.0762, 0.0491, 0.0337, 0.0281, 0.0182, 0.0162, 0.0129, 0.0121]","[0.91, 0.121, 0.083, 0.002, 0.059, 0.025, 0.005, 0.154, 0.018, 0.238]",2000,0.2674350440502167,0.6969523832488816,
62,T6,1890,-0.9158240334190676,0.14309360581766448,0.0872400477249875,-0.07849624868381891,-0.18145406333845798,0.11227556879287089,0.037884673489945876,0.3390060067176819,0.11703917384147644,0.09136630594730377,0.4560451805591583,0.6507653594017029,0.7559548616409302,1,49,127,"[0.339, 0.117, 0.0914, 0.0609, 0.0424, 0.0322, 0.0236, 0.0187, 0.0176, 0.0131]","[0.916, 0.143, 0.087, 0.005, 0.016, 0.024, 0.126, 0.143, 0.114, 0.038]",2000,0.226323664188385,0.676673004755965,
62,T7,1890,-0.916935406909974,0.06138099804489304,0.007952528387065984,-0.05860343053595055,-0.12711978169091823,0.11134795866568215,0.07721366873961637,0.34009498357772827,0.12271908670663834,0.07686524838209152,0.462814062833786,0.6375370621681213,0.7395477294921875,1,59,159,"[0.3401, 0.1227, 0.0769, 0.0593, 0.0385, 0.0324, 0.0267, 0.017, 0.0134, 0.0125]","[0.917, 0.061, 0.008, 0.054, 0.025, 0.048, 0.057, 0.099, 0.137, 0.212]",2000,0.21306991577148438,0.6632733119538022,
62,T8,1890,-0.907712453849069,-0.10631597074006421,-0.010187928270734926,-0.0054680014386770176,-0.06668269688635141,0.172483636681617,0.05526868547902049,0.40589162707328796,0.1412983387708664,0.06931094825267792,0.5471899509429932,0.7167501449584961,0.8130376935005188,1,28,71,"[0.4059, 0.1413, 0.0693, 0.0655, 0.0348, 0.0295, 0.0257, 0.016, 0.0133, 0.0119]","[0.908, 0.106, 0.01, 0.151, 0.154, 0.208, 0.033, 0.135, 0.131, 0.034]",2000,0.2688386142253876,0.634398391748443,
62,R0,1890,0.019446577749263325,0.815605202087342,-0.464634561996302,-0.051591986858594514,-0.02373156602191165,-0.08221874246389767,0.05770442722072135,0.5536789894104004,0.14316123723983765,0.13765202462673187,0.696840226650238,0.8737547993659973,0.913497805595398,2,8,28,"[0.5537, 0.1432, 0.1377, 0.0223, 0.017, 0.0114, 0.0104, 0.007, 0.0059, 0.005]","[0.019, 0.816, 0.465, 0.168, 0.146, 0.166, 0.065, 0.077, 0.113, 0.032]",2000,0.09739014506340027,-0.0853262858973389,
62,R1,1890,-0.04205832917960767,-0.4952857274849793,-0.7602489524624735,-0.005643642027678017,-0.005316253681382777,-0.06347481759209768,0.0018817798801119032,0.5238388180732727,0.218732550740242,0.13567402958869934,0.7425713539123535,0.9127773642539978,0.9476326704025269,3,5,11,"[0.5238, 0.2187, 0.1357, 0.0209, 0.0136, 0.0105, 0.0077, 0.0069, 0.0053, 0.0044]","[0.042, 0.495, 0.76, 0.462, 0.163, 0.293, 0.204, 0.212, 0.064, 0.022]",2000,0.08898095786571503,-0.11875828640312941,
62,R2,1890,0.044583592003601104,0.1976226758618698,0.7435579787724531,0.014642712300833744,-0.00198320252720145,-0.10003839992686897,0.07787226448548223,0.39604488015174866,0.23797819018363953,0.1976969987154007,0.6340230703353882,0.9018121957778931,0.940675675868988,2,5,13,"[0.396, 0.238, 0.1977, 0.0437, 0.0264, 0.0107, 0.0093, 0.0077, 0.006, 0.0052]","[0.045, 0.198, 0.744, 0.272, 0.339, 0.034, 0.098, 0.226, 0.169, 0.118]",2000,0.07421208173036575,-0.08682596235430708,
62,R3,1890,-0.2059774192176926,0.8437219259950576,-0.02395861607976796,-0.02032691699829506,-0.062238744337054556,-0.06966538521700781,-0.10285291184277247,0.5515164136886597,0.10092057287693024,0.058296870440244675,0.6524369716644287,0.8058971762657166,0.8884708285331726,1,12,30,"[0.5515, 0.1009, 0.0583, 0.0502, 0.045, 0.0262, 0.0201, 0.0159, 0.0108, 0.0096]","[0.206, 0.844, 0.024, 0.031, 0.173, 0.157, 0.128, 0.216, 0.113, 0.073]",2000,0.1315600574016571,-0.014704437416869954,
62,R4,1890,-0.7464051819424466,0.4842376617876271,-0.1527892865447459,0.0017549925549037331,-0.024727424090802447,0.1059188168150331,0.12338562741634214,0.3084285855293274,0.24140924215316772,0.11333514750003815,0.5498378276824951,0.7360696792602539,0.8357963562011719,2,20,53,"[0.3084, 0.2414, 0.1133, 0.0402, 0.0327, 0.0291, 0.0241, 0.0173, 0.0159, 0.0133]","[0.746, 0.484, 0.153, 0.284, 0.276, 0.022, 0.023, 0.003, 0.04, 0.017]",2000,0.33025622367858887,0.7478099033802026,
62,R5,1890,0.03831687595807668,0.8338213384528714,-0.3064695441164776,0.0007995732951457885,0.03667323468202548,-0.09497725009803547,-0.015761679254277978,0.36233142018318176,0.226914182305336,0.0801393911242485,0.589245617389679,0.7556020617485046,0.854202151298523,2,17,39,"[0.3623, 0.2269, 0.0801, 0.0462, 0.04, 0.0376, 0.0224, 0.0141, 0.0126, 0.0119]","[0.038, 0.834, 0.306, 0.006, 0.227, 0.089, 0.153, 0.099, 0.016, 0.054]",2000,0.2268977016210556,-0.11889265639662175,
62,R6,1890,-0.4019845023405352,-0.7351295002093668,-0.2854939385290064,0.016848294853136832,-0.013372522374111273,0.060038556181035756,0.0744852375933057,0.40016165375709534,0.2677873373031616,0.06425274163484573,0.6679489612579346,0.789294958114624,0.8674218654632568,2,15,36,"[0.4002, 0.2678, 0.0643, 0.034, 0.0231, 0.0217, 0.0184, 0.0159, 0.0128, 0.0093]","[0.402, 0.735, 0.285, 0.088, 0.151, 0.051, 0.238, 0.102, 0.012, 0.083]",2000,0.2663538455963135,0.459940227585562,
62,R7,1890,-0.6903967843264077,-0.2951510355301471,-0.29620015543873424,0.012029147206613853,-0.05432443498308177,0.04621111535410245,0.0019027199049038979,0.5459603667259216,0.10107441991567612,0.0580795593559742,0.647034764289856,0.7717701196670532,0.8584078550338745,2,16,34,"[0.546, 0.1011, 0.0581, 0.0389, 0.0277, 0.0234, 0.0198, 0.0175, 0.0137, 0.0122]","[0.69, 0.295, 0.296, 0.089, 0.308, 0.094, 0.208, 0.222, 0.009, 0.173]",2000,0.46987950801849365,0.712860259756776,
63,T0,1890,-0.8736517595991783,0.26360984614109173,0.12475708697151268,-0.05070385028753797,-0.23492085097565124,0.01893455413476454,0.08882752116670464,0.4666937291622162,0.11102115362882614,0.057334624230861664,0.5777148604393005,0.7147737741470337,0.8109691143035889,1,32,93,"[0.4667, 0.111, 0.0573, 0.0438, 0.036, 0.0322, 0.0237, 0.0166, 0.0125, 0.0112]","[0.874, 0.264, 0.125, 0.007, 0.058, 0.023, 0.122, 0.017, 0.028, 0.051]",2000,0.2657085657119751,0.6849127120802974,
63,T1,1890,0.7918078695651646,0.14988441390275423,0.10348512321868754,-0.0010760630798534174,0.05828432978785846,-0.044007706350877286,-0.20510290772749387,0.46946221590042114,0.1372978240251541,0.06272900849580765,0.6067600250244141,0.7389515042304993,0.8337680697441101,2,20,45,"[0.4695, 0.1373, 0.0627, 0.0389, 0.0306, 0.0275, 0.0196, 0.0182, 0.0158, 0.0137]","[0.792, 0.15, 0.103, 0.145, 0.178, 0.415, 0.0, 0.046, 0.066, 0.117]",2000,0.3393378257751465,-0.728785905269706,
63,T2,1890,0.837064998058242,-0.017237487934106895,0.019532332958317255,-0.056039433634852344,0.03398533669428481,-0.05856727585800946,-0.21876631086255782,0.417724609375,0.1254565268754959,0.05467381700873375,0.5431811213493347,0.6902351975440979,0.7910559177398682,1,30,72,"[0.4177, 0.1255, 0.0547, 0.0518, 0.0405, 0.033, 0.0198, 0.018, 0.0155, 0.0144]","[0.837, 0.017, 0.02, 0.272, 0.127, 0.109, 0.017, 0.01, 0.038, 0.128]",2000,0.337752103805542,-0.7369126447962784,
63,T3,1890,-0.7623404927937274,-0.5991047254827251,0.5986155588457764,0.1549533620026125,-0.03398890700497637,0.11164119979546208,0.06044967348516828,0.7096865177154541,0.0940326377749443,0.05728336051106453,0.803719162940979,0.9003682732582092,0.9340590834617615,3,5,15,"[0.7097, 0.094, 0.0573, 0.0239, 0.0155, 0.0103, 0.0072, 0.0059, 0.0054, 0.005]","[0.762, 0.599, 0.599, 0.201, 0.024, 0.056, 0.042, 0.081, 0.111, 0.057]",2000,0.3422999382019043,0.5364404365626435,
63,T4,1890,-0.8523502926684381,-0.0832509503804349,-0.016006669056729348,-0.04833161821389783,-0.09365148182335109,0.18171828817428756,0.036175756984205845,0.3885094225406647,0.21502622961997986,0.06382720172405243,0.6035356521606445,0.7422934174537659,0.8242174386978149,1,23,55,"[0.3885, 0.215, 0.0638, 0.0412, 0.0337, 0.0229, 0.0198, 0.0154, 0.0127, 0.0112]","[0.852, 0.083, 0.016, 0.18, 0.222, 0.07, 0.127, 0.23, 0.129, 0.001]",2000,0.264036625623703,0.5883607151973529,
63,T5,1890,-0.9175954051338066,-0.1138676036702518,-0.060092881432336515,-0.07352545482696284,-0.09194579099187683,0.1014971937883312,0.05600135688581337,0.47012537717819214,0.09496884793043137,0.07461027055978775,0.5650942325592041,0.721852719783783,0.8105252981185913,1,31,86,"[0.4701, 0.095, 0.0746, 0.049, 0.0331, 0.0276, 0.0186, 0.0163, 0.0136, 0.0126]","[0.918, 0.114, 0.06, 0.01, 0.054, 0.033, 0.008, 0.154, 0.047, 0.138]",2000,0.261143296957016,0.6850323343710377,
63,T6,1890,0.9193226750516094,0.12745245708797467,0.07896024703748304,0.07910432977120554,0.1723773246156836,-0.11543371514034419,-0.035415995538260615,0.33645913004875183,0.11528968065977097,0.0935741439461708,0.4517488181591034,0.6474539041519165,0.7522294521331787,1,50,132,"[0.3365, 0.1153, 0.0936, 0.0603, 0.0418, 0.0325, 0.0235, 0.0186, 0.0172, 0.013]","[0.919, 0.127, 0.079, 0.006, 0.018, 0.019, 0.122, 0.153, 0.11, 0.049]",2000,0.22522689402103424,-0.6728454234175718,
63,T7,1890,-0.8896538427353793,-0.24158459663308293,0.027182492392562336,-0.05507654466944677,-0.10367959822241017,0.18206613213959635,0.063827008324926,0.3875909447669983,0.12245038896799088,0.06334438174962997,0.510041356086731,0.658995509147644,0.7549052238464355,1,54,143,"[0.3876, 0.1225, 0.0633, 0.0531, 0.0325, 0.0274, 0.0239, 0.0188, 0.0145, 0.0112]","[0.89, 0.242, 0.027, 0.015, 0.06, 0.006, 0.061, 0.04, 0.168, 0.188]",2000,0.19433090090751648,0.6341803982230526,
63,T8,1890,-0.8974578161429547,-0.14051019940497148,-0.034214507852986124,-0.030051756164478347,-0.06681385770385138,0.17805424015739815,0.0665881412444282,0.42051008343696594,0.13454727828502655,0.06318320333957672,0.5550573468208313,0.7129868865013123,0.8065734505653381,1,30,81,"[0.4205, 0.1345, 0.0632, 0.0572, 0.0375, 0.027, 0.0233, 0.0182, 0.013, 0.0121]","[0.897, 0.141, 0.034, 0.012, 0.177, 0.227, 0.09, 0.115, 0.182, 0.033]",2000,0.2599487900733948,0.6410713131731816,
63,R0,1890,0.029696929203427373,0.7689713163283278,-0.5418926399117769,-0.04908531548385059,-0.02484987874339228,-0.0862472282966848,0.05507619449989252,0.5122199058532715,0.16846640408039093,0.1344192773103714,0.6806862950325012,0.858035683631897,0.9014231562614441,2,10,36,"[0.5122, 0.1685, 0.1344, 0.0259, 0.017, 0.0124, 0.011, 0.008, 0.0066, 0.0054]","[0.03, 0.769, 0.542, 0.069, 0.058, 0.174, 0.01, 0.105, 0.084, 0.001]",2000,0.10098829865455627,-0.09200775878819573,
63,R1,1890,-0.04230320006405576,-0.5042573202397441,-0.7556650968689882,-0.01094652704242463,-0.007256748073070839,-0.051677964102262365,-0.0029534395087854643,0.5548171401023865,0.19528567790985107,0.13804906606674194,0.7501028180122375,0.9194273352622986,0.9504643678665161,4,4,10,"[0.5548, 0.1953, 0.138, 0.0192, 0.0121, 0.0092, 0.0067, 0.0063, 0.0047, 0.0041]","[0.042, 0.504, 0.756, 0.413, 0.178, 0.301, 0.104, 0.286, 0.075, 0.013]",2000,0.08391227573156357,-0.12522546023576478,
63,R2,1890,0.039140003732905514,0.18945071059883042,0.7518241499362466,0.011935214342686538,-0.0013096485090121443,-0.09758141061660126,0.07264001934197938,0.4093610942363739,0.22711050510406494,0.2111482471227646,0.6364716291427612,0.9099474549293518,0.9448302388191223,1,5,12,"[0.4094, 0.2271, 0.2111, 0.0372, 0.0251, 0.0097, 0.008, 0.0069, 0.0055, 0.0047]","[0.039, 0.189, 0.752, 0.299, 0.292, 0.056, 0.095, 0.216, 0.158, 0.183]",2000,0.08055441081523895,-0.09165281668774712,
63,R3,1890,-0.28575085907769027,0.8530240798429544,-0.06939632802250638,-0.02726445827224161,-0.07103233962378104,-0.014354515305007016,-0.11161533593287785,0.5528280735015869,0.10374748706817627,0.05694480985403061,0.6565755605697632,0.8075847625732422,0.8926475048065186,1,11,29,"[0.5528, 0.1037, 0.0569, 0.0507, 0.0434, 0.0274, 0.0221, 0.0169, 0.0099, 0.0088]","[0.286, 0.853, 0.069, 0.035, 0.206, 0.104, 0.159, 0.076, 0.076, 0.107]",2000,0.12031364440917969,0.012258380719121742,
63,R4,1890,0.8686101671926166,0.42591573893396817,-0.19223390272241728,0.023977614516243084,0.0341107627146006,-0.1722422687075075,-0.1030279841059387,0.3290654122829437,0.20345382392406464,0.09886825829744339,0.5325192213058472,0.7376028299331665,0.8346072435379028,2,21,56,"[0.3291, 0.2035, 0.0989, 0.075, 0.0312, 0.0283, 0.0241, 0.0168, 0.0153, 0.0125]","[0.869, 0.426, 0.192, 0.091, 0.118, 0.201, 0.133, 0.083, 0.006, 0.136]",2000,0.32398349046707153,-0.6984482974108681,
63,R5,1890,0.07689002668490258,-0.8472113984192422,-0.3076056246877564,0.009194662899861188,0.03982014077343872,-0.07778603909934276,-0.03193076055608403,0.3244411051273346,0.2421771138906479,0.07823839783668518,0.5666182041168213,0.742551326751709,0.8463576436042786,2,19,43,"[0.3244, 0.2422, 0.0782, 0.0518, 0.0459, 0.0386, 0.0224, 0.0166, 0.0138, 0.0123]","[0.077, 0.847, 0.308, 0.121, 0.119, 0.01, 0.126, 0.044, 0.005, 0.032]",2000,0.23115620017051697,-0.1551148145138286,
63,R6,1890,-0.6230439387036487,-0.6694227914498907,-0.2487978951785259,0.021326823372324603,-0.024532382410695296,0.082985990156186,0.09196431078018312,0.40264755487442017,0.24486935138702393,0.06563132256269455,0.6475169062614441,0.7786765694618225,0.8590837121009827,2,17,41,"[0.4026, 0.2449, 0.0656, 0.0348, 0.0307, 0.0214, 0.0204, 0.017, 0.0124, 0.0093]","[0.623, 0.669, 0.249, 0.07, 0.176, 0.123, 0.247, 0.026, 0.06, 0.079]",2000,0.2673341929912567,0.6135249261076259,
63,R7,1890,-0.7134532756765034,-0.2855637533420753,-0.30574837316923636,0.00679087233346663,-0.05595477120495717,0.0597781643224649,-0.0005536666951190273,0.5401479601860046,0.09658895432949066,0.05821280926465988,0.6367369294166565,0.7669497132301331,0.855618953704834,3,17,36,"[0.5401, 0.0966, 0.0582, 0.041, 0.031, 0.0249, 0.0194, 0.018, 0.0144, 0.0119]","[0.713, 0.286, 0.306, 0.033, 0.34, 0.02, 0.101, 0.26, 0.109, 0.126]",2000,0.4608553349971771,0.710865024924802,
64,T0,1890,-0.8700285698875094,0.2858637710114904,0.10597719269664212,-0.04898220651200177,-0.23114272952416204,0.012552197985163301,0.10463232984096531,0.442364364862442,0.12432966381311417,0.05592295899987221,0.5666940212249756,0.7043962478637695,0.8056509494781494,1,33,96,"[0.4424, 0.1243, 0.0559, 0.0461, 0.0357, 0.0328, 0.0274, 0.0172, 0.0128, 0.011]","[0.87, 0.286, 0.106, 0.004, 0.071, 0.012, 0.118, 0.012, 0.055, 0.063]",2000,0.25607970356941223,0.6903734456256851,
64,T1,1890,0.8048704429920542,-0.17366428947876197,0.10689911006742013,-0.0026050893290590874,0.0631126515123701,-0.050536322987998324,-0.20097502768206063,0.46440091729164124,0.1416030079126358,0.06117410957813263,0.6060039401054382,0.7329628467559814,0.8284119367599487,2,22,49,"[0.4644, 0.1416, 0.0612, 0.037, 0.0288, 0.0275, 0.0193, 0.0185, 0.0162, 0.014]","[0.805, 0.174, 0.107, 0.141, 0.378, 0.201, 0.044, 0.053, 0.027, 0.119]",2000,0.342684268951416,-0.7277801792576257,
64,T2,1890,0.8338893771108616,-0.026246974398052857,-0.01888564337018516,-0.054878988487993295,0.025074746368485598,-0.06180196462759591,-0.2210490008213651,0.3967463970184326,0.12427211552858353,0.05479806661605835,0.5210185050964355,0.6701294183731079,0.7745165824890137,1,35,82,"[0.3967, 0.1243, 0.0548, 0.052, 0.0423, 0.0321, 0.0215, 0.0179, 0.0171, 0.0157]","[0.834, 0.026, 0.019, 0.268, 0.133, 0.089, 0.051, 0.048, 0.044, 0.176]",2000,0.33228617906570435,-0.7406666616364153,
64,T3,1890,-0.5590328233616538,-0.6721274494447038,0.52217559612581,-0.0722918830532738,-0.041100935444790355,0.16565556121061825,0.20087563855145651,0.7966281771659851,0.05900244414806366,0.03651289641857147,0.85563063621521,0.9219412803649902,0.952118992805481,4,4,10,"[0.7966, 0.059, 0.0365, 0.0172, 0.0126, 0.0093, 0.0073, 0.0052, 0.0049, 0.0034]","[0.559, 0.672, 0.522, 0.181, 0.388, 0.04, 0.025, 0.084, 0.065, 0.104]",2000,0.36016616225242615,0.5380375793216914,
64,T4,1890,-0.8429099130641844,-0.1650631583370537,-0.010093218461804037,-0.05393550769348561,-0.09570318385108298,0.16463642978506526,0.05332239398139337,0.371940553188324,0.19756773114204407,0.06514478474855423,0.5695083141326904,0.7144054174423218,0.805382490158081,1,27,63,"[0.3719, 0.1976, 0.0651, 0.0432, 0.0365, 0.026, 0.0204, 0.0175, 0.0144, 0.0127]","[0.843, 0.165, 0.01, 0.145, 0.192, 0.016, 0.069, 0.221, 0.124, 0.12]",2000,0.27606815099716187,0.6127169811084433,
64,T5,1890,0.9298141243109749,0.11041644256132781,0.0010403424691600902,0.04890732439116409,0.04422261174105336,-0.12369159367928982,-0.009367150958535563,0.45116913318634033,0.09152086079120636,0.07612620294094086,0.5426899790763855,0.7095826864242554,0.8102744221687317,1,29,78,"[0.4512, 0.0915, 0.0761, 0.05, 0.0407, 0.0286, 0.0247, 0.0178, 0.0159, 0.0137]","[0.93, 0.11, 0.001, 0.097, 0.017, 0.022, 0.032, 0.002, 0.07, 0.138]",2000,0.25473544001579285,-0.6543061261639985,
64,T6,1890,0.9198234271251403,-0.14129159361142804,0.05265113164510513,0.07246842434663421,0.1601648416282546,-0.12721430587648366,-0.030275640415733707,0.32889923453330994,0.11434869468212128,0.09625411778688431,0.44324791431427,0.6532300114631653,0.7570972442626953,1,46,121,"[0.3289, 0.1143, 0.0963, 0.0719, 0.0418, 0.0326, 0.0234, 0.0193, 0.0163, 0.0123]","[0.92, 0.141, 0.053, 0.008, 0.017, 0.019, 0.132, 0.092, 0.168, 0.052]",2000,0.22296401858329773,-0.669296629160946,
64,T7,1890,-0.8866211461578772,0.29639652382571335,0.01924525129755456,-0.03873529079419687,-0.08084788698552213,0.18579277099524935,0.0650588199314168,0.38122591376304626,0.12295316159725189,0.06352432072162628,0.504179060459137,0.6527367234230042,0.7541540861129761,1,50,128,"[0.3812, 0.123, 0.0635, 0.0542, 0.0309, 0.0302, 0.0244, 0.0194, 0.0149, 0.0125]","[0.887, 0.296, 0.019, 0.015, 0.074, 0.013, 0.048, 0.049, 0.181, 0.131]",2000,0.18518736958503723,0.6346768308635431,
64,T8,1890,0.8963362700706572,-0.18527770899015694,0.008699904347830283,0.016078219365377556,0.06133354306524602,-0.18621522350011196,-0.06168641769830654,0.4206252098083496,0.13362866640090942,0.07237634062767029,0.554253876209259,0.7201776504516602,0.8102222681045532,1,28,71,"[0.4206, 0.1336, 0.0724, 0.0576, 0.0359, 0.0247, 0.0212, 0.0191, 0.0128, 0.0122]","[0.896, 0.185, 0.009, 0.015, 0.172, 0.231, 0.088, 0.095, 0.02, 0.179]",2000,0.25264590978622437,-0.6358235194149235,
64,R0,1890,0.03915410425888641,-0.08581431966529027,0.864273915744037,-0.04719704755900471,-0.021589304177877227,-0.10786342960125636,0.0633312714917638,0.44634002447128296,0.2134515792131424,0.15927891433238983,0.6597915887832642,0.8612191677093506,0.9048088788986206,1,10,33,"[0.4463, 0.2135, 0.1593, 0.0259, 0.0163, 0.0125, 0.0103, 0.0082, 0.0069, 0.0058]","[0.039, 0.086, 0.864, 0.068, 0.214, 0.213, 0.026, 0.093, 0.078, 0.092]",2000,0.0925767794251442,-0.08206584447463397,
64,R1,1890,-0.0012825380107257113,0.23522619422486338,0.8069834982447456,0.0001266629477335562,-0.007698551572014604,-0.09953718998571139,0.01427396576151404,0.46806174516677856,0.21005555987358093,0.1757829487323761,0.6781172752380371,0.9048113226890564,0.9406810402870178,3,5,13,"[0.4681, 0.2101, 0.1758, 0.0327, 0.0182, 0.0113, 0.0079, 0.0068, 0.0051, 0.0047]","[0.001, 0.235, 0.807, 0.019, 0.374, 0.315, 0.094, 0.147, 0.026, 0.047]",2000,0.0999007448554039,-0.1421796057901458,
64,R2,1890,0.5817849367087766,-0.2647341310485271,-0.396129727489783,0.06514103500731651,0.023188741408078455,-0.0241549053280493,-0.2225882890552696,0.5167554020881653,0.22932498157024384,0.14749334752559662,0.7460803985595703,0.9378412961959839,0.9617888331413269,3,4,7,"[0.5168, 0.2293, 0.1475, 0.0284, 0.0159, 0.0072, 0.0054, 0.0042, 0.0036, 0.0034]","[0.582, 0.265, 0.396, 0.427, 0.185, 0.071, 0.203, 0.142, 0.012, 0.075]",2000,0.1515730619430542,-0.8441313674557261,
64,R3,1890,0.20655736580050205,0.8460344977244488,-0.06340484107250631,0.02655180535320966,0.09714475870989024,0.07294188375529465,0.20444005543431393,0.4894314110279083,0.10447387397289276,0.07417192310094833,0.5939052700996399,0.7887637615203857,0.8792222142219543,1,13,32,"[0.4894, 0.1045, 0.0742, 0.0726, 0.0481, 0.0317, 0.0206, 0.018, 0.0103, 0.0099]","[0.207, 0.846, 0.063, 0.024, 0.198, 0.174, 0.168, 0.085, 0.085, 0.074]",2000,0.10584428161382675,0.0477695392866932,
64,R4,1890,0.8571666831463437,-0.37128163618698107,-0.09160978593991996,0.01788783130075299,0.02722744166212356,-0.1508130772779461,-0.08423149130679916,0.3476310670375824,0.16684353351593018,0.12202730774879456,0.514474630355835,0.7428668141365051,0.8427935838699341,2,19,49,"[0.3476, 0.1668, 0.122, 0.0733, 0.033, 0.0279, 0.0248, 0.0173, 0.0161, 0.0139]","[0.857, 0.371, 0.092, 0.101, 0.05, 0.047, 0.238, 0.026, 0.09, 0.024]",2000,0.33379337191581726,-0.6993615504315793,
64,R5,1890,0.3705750696735836,0.7086322383591133,-0.5409385440870085,0.04080123776054435,0.04782681436443587,-0.016377288736027167,-0.004252416945287973,0.299536794424057,0.24864205718040466,0.08926557749509811,0.5481788516044617,0.7485814690589905,0.8500706553459167,3,18,43,"[0.2995, 0.2486, 0.0893, 0.0579, 0.0532, 0.037, 0.0233, 0.0158, 0.0135, 0.0119]","[0.371, 0.709, 0.541, 0.219, 0.087, 0.061, 0.12, 0.048, 0.031, 0.032]",2000,0.24474479258060455,-0.29381451150968724,
64,R6,1890,0.3833532914673724,-0.8054521031307186,0.26075253976210316,-0.001971710179578498,-0.002779126789226816,-0.04354752158255819,-0.07715345824658926,0.38382628560066223,0.24647308886051178,0.06080203503370285,0.6302993893623352,0.7599889636039734,0.8423334360122681,2,20,47,"[0.3838, 0.2465, 0.0608, 0.0361, 0.0328, 0.0221, 0.0209, 0.0166, 0.0131, 0.0097]","[0.383, 0.805, 0.261, 0.074, 0.076, 0.062, 0.23, 0.061, 0.056, 0.063]",2000,0.2426571100950241,-0.3908938983729732,
64,R7,1890,-0.6212751364238397,0.4422659186521441,-0.17642928981233713,0.02312081914937771,-0.06551556489523085,0.09102096338490913,-0.01348771516120437,0.5699302554130554,0.07870116084814072,0.06717254221439362,0.6486313939094543,0.7793952822685242,0.8615339994430542,3,15,32,"[0.5699, 0.0787, 0.0672, 0.036, 0.0276, 0.0225, 0.0202, 0.0146, 0.0137, 0.011]","[0.621, 0.442, 0.176, 0.072, 0.357, 0.194, 0.051, 0.189, 0.207, 0.061]",2000,0.45290759205818176,0.6410285366418471,
