layer,pos,turn,r2,rho,mae_dec,within2x,n,r2_same_turn,within2x_same_turn,pc1_rho
0,P0,1,0.0,,0.9964094810922632,0.125,288,0.0,0.125,
0,P0,2,0.0,,0.9964094810922632,0.125,288,0.0,0.125,
0,P0,3,0.0,,0.9964094810922632,0.125,288,0.0,0.125,
0,P0,4,0.0,,0.9964094810922632,0.125,288,0.0,0.125,
0,P0,5,0.0,,0.9964094810922632,0.125,288,0.0,0.125,
0,P0,6,0.0,,0.9964094810922632,0.125,288,0.0,0.125,
0,P0,7,0.0,,0.9964094810922632,0.125,288,0.0,0.125,
0,P1,1,0.0,,0.9964094810922632,0.125,288,0.0,0.125,
0,P1,2,0.0,,0.9964094810922632,0.125,288,0.0,0.125,
0,P1,3,0.0,,0.9964094810922632,0.125,288,0.0,0.125,
0,P1,4,0.0,,0.9964094810922632,0.125,288,0.0,0.125,
0,P1,5,0.0,,0.9964094810922632,0.125,288,0.0,0.125,
0,P1,6,0.0,,0.9964094810922632,0.125,288,0.0,0.125,
0,P1,7,0.0,,0.9964094810922632,0.125,288,0.0,0.125,
0,P2,1,0.0,,0.9964094810922632,0.125,288,0.0,0.125,
0,P2,2,0.0,,0.9964094810922632,0.125,288,0.0,0.125,
0,P2,3,0.0,,0.9964094810922632,0.125,288,0.0,0.125,
0,P2,4,0.0,,0.9964094810922632,0.125,288,0.0,0.125,
0,P2,5,0.0,,0.9964094810922632,0.125,288,0.0,0.125,
0,P2,6,0.0,,0.9964094810922632,0.125,288,0.0,0.125,
0,P2,7,0.0,,0.9964094810922632,0.125,288,0.0,0.125,
0,P3,1,0.0,,0.9964094810922632,0.125,288,0.0,0.125,
0,P3,2,0.0,,0.9964094810922632,0.125,288,0.0,0.125,
0,P3,3,0.0,,0.9964094810922632,0.125,288,0.0,0.125,
0,P3,4,0.0,,0.9964094810922632,0.125,288,0.0,0.125,
0,P3,5,0.0,,0.9964094810922632,0.125,288,0.0,0.125,
0,P3,6,0.0,,0.9964094810922632,0.125,288,0.0,0.125,
0,P3,7,0.0,,0.9964094810922632,0.125,288,0.0,0.125,
0,P4,1,0.0,,0.9964094810922632,0.125,288,0.0,0.125,
0,P4,2,0.0,,0.9964094810922632,0.125,288,0.0,0.125,
0,P4,3,0.0,,0.9964094810922632,0.125,288,0.0,0.125,
0,P4,4,0.0,,0.9964094810922632,0.125,288,0.0,0.125,
0,P4,5,0.0,,0.9964094810922632,0.125,288,0.0,0.125,
0,P4,6,0.0,,0.9964094810922632,0.125,288,0.0,0.125,
0,P4,7,0.0,,0.9964094810922632,0.125,288,0.0,0.125,
0,P5,1,0.0,,0.9964094810922632,0.125,288,0.0,0.125,
0,P5,2,0.0,,0.9964094810922632,0.125,288,0.0,0.125,
0,P5,3,0.0,,0.9964094810922632,0.125,288,0.0,0.125,
0,P5,4,0.0,,0.9964094810922632,0.125,288,0.0,0.125,
0,P5,5,0.0,,0.9964094810922632,0.125,288,0.0,0.125,
0,P5,6,0.0,,0.9964094810922632,0.125,288,0.0,0.125,
0,P5,7,0.0,,0.9964094810922632,0.125,288,0.0,0.125,
0,P6,1,0.0,,0.9964094810922632,0.125,288,0.0,0.125,
0,P6,2,0.0,,0.9964094810922632,0.125,288,0.0,0.125,
0,P6,3,0.0,,0.9964094810922632,0.125,288,0.0,0.125,
0,P6,4,0.0,,0.9964094810922632,0.125,288,0.0,0.125,
0,P6,5,0.0,,0.9964094810922632,0.125,288,0.0,0.125,
0,P6,6,0.0,,0.9964094810922632,0.125,288,0.0,0.125,
0,P6,7,0.0,,0.9964094810922632,0.125,288,0.0,0.125,
0,P7,1,0.0,,0.9964094810922632,0.125,288,0.0,0.125,
0,P7,2,0.0,,0.9964094810922632,0.125,288,0.0,0.125,
0,P7,3,0.0,,0.9964094810922632,0.125,288,0.0,0.125,
0,P7,4,0.0,,0.9964094810922632,0.125,288,0.0,0.125,
0,P7,5,0.0,,0.9964094810922632,0.125,288,0.0,0.125,
0,P7,6,0.0,,0.9964094810922632,0.125,288,0.0,0.125,
0,P7,7,0.0,,0.9964094810922632,0.125,288,0.0,0.125,
0,P8,1,0.0,,0.9964094810922632,0.125,288,0.0,0.125,
0,P8,2,0.0,,0.9964094810922632,0.125,288,0.0,0.125,
0,P8,3,0.0,,0.9964094810922632,0.125,288,0.0,0.125,
0,P8,4,0.0,,0.9964094810922632,0.125,288,0.0,0.125,
0,P8,5,0.0,,0.9964094810922632,0.125,288,0.0,0.125,
0,P8,6,0.0,,0.9964094810922632,0.125,288,0.0,0.125,
0,P8,7,0.0,,0.9964094810922632,0.125,288,0.0,0.125,
0,U,1,0.0,,0.9964094810922632,0.125,288,0.0,0.125,
0,U,2,0.0,,0.9964094810922632,0.125,288,0.0,0.125,
0,U,3,0.0,,0.9964094810922632,0.125,288,0.0,0.125,
0,U,4,0.0,,0.9964094810922632,0.125,288,0.0,0.125,
0,U,5,0.0,,0.9964094810922632,0.125,288,0.0,0.125,
0,U,6,0.0,,0.9964094810922632,0.125,288,0.0,0.125,
0,U,7,0.0,,0.9964094810922632,0.125,288,0.0,0.125,
0,E,1,0.0,,0.9964094810922632,0.125,288,0.0,0.125,
0,E,2,0.0,,0.9964094810922632,0.125,288,0.0,0.125,
0,E,3,0.0,,0.9964094810922632,0.125,288,0.0,0.125,
0,E,4,0.0,,0.9964094810922632,0.125,288,0.0,0.125,
0,E,5,0.0,,0.9964094810922632,0.125,288,0.0,0.125,
0,E,6,0.0,,0.9964094810922632,0.125,288,0.0,0.125,
0,E,7,0.0,,0.9964094810922632,0.125,288,0.0,0.125,
4,P0,1,0.9534598722575184,0.9751928612047518,0.1766476570806754,0.84375,288,0.9534598722575184,0.84375,0.06636655777735932
4,P0,2,-5.660714103630337,0.15967345403176814,2.6858068330923954,0.017361111111111112,288,0.3438432843601359,0.2638888888888889,0.20227126933681858
4,P0,3,-4.782148548514205,0.13264197773849049,2.4749685922154088,0.024305555555555556,288,0.4205351102831094,0.2638888888888889,0.22629519769456635
4,P0,4,-3.7229804962882875,0.15063258266193283,2.1856392564115734,0.06944444444444445,288,0.46985611751069545,0.3194444444444444,0.10165512022090992
4,P0,5,-2.912776389271474,0.19884448744663907,1.9358605081870452,0.09722222222222222,288,0.3530192930970594,0.2604166666666667,0.28137889382287723
4,P0,6,-2.5986594127540226,0.275035701813396,1.867689298417665,0.10069444444444445,288,0.46576955601512227,0.2951388888888889,0.22215754083780706
4,P0,7,-2.4946974626693876,0.15573630037071085,1.8245360714781909,0.10416666666666667,288,0.5949876403214074,0.3194444444444444,0.153075076136848
4,P1,1,0.8867078325609719,0.951023112341039,0.2544748797350118,0.71875,288,0.8867078325609719,0.71875,0.01758959853203838
4,P1,2,-10.005860142723614,0.33141355493214697,3.62543807332783,0.0,288,0.39769116238106494,0.2534722222222222,0.3109257738440526
4,P1,3,-9.668357102282373,0.2173272365777136,3.5343026058217126,0.0,288,0.3795166536779304,0.2916666666666667,0.11736727973864781
4,P1,4,-7.86643272122882,0.18007009730363438,3.1782172373908018,0.006944444444444444,288,0.5198106823784013,0.3229166666666667,0.13375385909647425
4,P1,5,-7.46684702894207,0.2618207184603102,3.115088643183997,0.006944444444444444,288,0.47531906253776535,0.3159722222222222,0.03864243408074753
4,P1,6,-7.351470771328291,0.21229642912191818,3.08655212062997,0.010416666666666666,288,0.5236093177070982,0.3055555555555556,0.1618243064947531
4,P1,7,-6.948208617141436,0.3393607725072441,3.0169820547412423,0.010416666666666666,288,0.6533434578711572,0.3472222222222222,0.04855822848637331
4,P2,1,0.9460506963744182,0.9714562107393964,0.21636149291038795,0.7326388888888888,288,0.9460506963744182,0.7326388888888888,0.05705227295883952
4,P2,2,-5.925822174957855,0.45169724479009654,2.814568156269327,0.003472222222222222,288,0.3875846357601581,0.2951388888888889,0.2052059070193659
4,P2,3,-20.35889905798302,0.4475413603700916,5.1436361255420815,0.0,288,0.2574460815858135,0.20833333333333334,0.03290075165837231
4,P2,4,-22.698469460382007,0.38192213268580333,5.441826929533505,0.0,288,0.42508041119860995,0.3020833333333333,0.10172803047389244
4,P2,5,-22.181907138178115,0.2272065758568481,5.346869875872159,0.0,288,0.3614106083505042,0.2326388888888889,0.053680173758396926
4,P2,6,-21.443290422008584,0.1796690909122304,5.253697608792805,0.0,288,0.5142141554844178,0.2673611111111111,0.01155627509773299
4,P2,7,-18.040259872425473,0.34940415985558937,4.832846304805138,0.0,288,0.529493059414527,0.3055555555555556,0.07890712129035664
4,P3,1,0.9454383509613794,0.9729144157990474,0.21646089277978653,0.7673611111111112,288,0.9454383509613794,0.7673611111111112,0.5026797391881394
4,P3,2,0.05078525972081205,0.34823759580786867,0.9289780897160753,0.18055555555555555,288,0.5721164485407841,0.25,0.3181803440158155
4,P3,3,-0.1295325812615329,0.18222094976661937,1.005634436955122,0.1875,288,0.4163731286097774,0.2048611111111111,0.03149722928845837
4,P3,4,-0.18192960840994932,0.15659299584325567,1.036391770458381,0.17708333333333334,288,0.42698945488775597,0.2916666666666667,0.09192160144774048
4,P3,5,-0.22817156949932071,0.2249828131408806,1.0436908006862209,0.1736111111111111,288,0.3076122611069507,0.2777777777777778,0.050362757247691244
4,P3,6,-0.3337485855059392,0.2463272897015199,1.050382872093003,0.1875,288,0.33216161824656276,0.2048611111111111,0.14399774964052145
4,P3,7,-0.2747910637848694,0.24297341806432293,1.0494414595914603,0.1597222222222222,288,0.6477130978264871,0.3645833333333333,0.21353593024022804
4,P4,1,0.8069288344983302,0.9197810689380195,0.3712636957381941,0.5243055555555556,288,0.8069288344983302,0.5243055555555556,0.42984239645857936
4,P4,2,-1.073621122364611,0.4500385365347437,1.3223051762548208,0.16319444444444445,288,0.661385135535137,0.3333333333333333,0.3143707832974777
4,P4,3,-3.3780656553710253,0.29457564961271737,2.078346997582446,0.052083333333333336,288,0.35967472932950917,0.28125,0.04469398507829857
4,P4,4,-6.448830373166625,0.28137889382287723,2.875576123801843,0.006944444444444444,288,0.4341633888515716,0.2673611111111111,0.07504287788228188
4,P4,5,-9.15720224667801,0.34714394201313054,3.438896288589613,0.0,288,0.43856720010138295,0.2881944444444444,0.12206999105602181
4,P4,6,-12.04309254230019,0.3172689658535338,3.9379306353952916,0.0,288,0.5230660565174138,0.2638888888888889,0.14292232340902897
4,P4,7,-13.921460878543192,0.27525443257234367,4.227677323039349,0.0,288,0.6706955480818956,0.3402777777777778,0.03902521290890588
4,P5,1,0.7148735008780828,0.8877916954419289,0.440590514032264,0.5381944444444444,288,0.7148735008780828,0.5381944444444444,0.09928553699897728
4,P5,2,-8.84445299118528,0.3366266380203988,3.3075041601304416,0.003472222222222222,288,0.23351794838950612,0.21180555555555555,0.1593635854565923
4,P5,3,-5.868607171476717,0.07354821769613976,2.5826341887184614,0.041666666666666664,288,0.26874681209179163,0.24305555555555555,0.18453585029881509
4,P5,4,-7.50221730815111,0.12996252594138202,2.9564029825726896,0.03125,288,0.4942914500254173,0.2534722222222222,0.29306276186332963
4,P5,5,-12.195036380299472,0.2806497912930518,3.9058944749659728,0.0,288,0.3989397866176323,0.2777777777777778,0.12793926642111647
4,P5,6,-17.139639646361953,0.19884448744663907,4.5891709444747795,0.003472222222222222,288,0.29154691103661057,0.2326388888888889,0.1312749104950678
4,P5,7,-21.52065777667186,0.14911969491254506,5.158222533049825,0.0,288,0.5546804425574682,0.3090277777777778,0.048448863106899505
4,P6,1,0.7692929749475766,0.9047251016971244,0.42071417633721553,0.4861111111111111,288,0.7692929749475766,0.4861111111111111,0.03301011703784612
4,P6,2,-2.910938474518638,0.5779048927028776,2.0402011277357497,0.017361111111111112,288,0.4045675590104397,0.23958333333333334,0.27875412471550565
4,P6,3,-5.957589465059185,0.6685870198499149,2.8751813538696793,0.0,288,0.3303829478282442,0.19444444444444445,0.006598377894920098
4,P6,4,-9.462477611982155,0.597700026387638,3.568491041775521,0.0,288,0.4123410719315771,0.2534722222222222,0.16860496002212955
4,P6,5,-11.909140836098011,0.6335171881653119,3.994203842463735,0.0,288,0.28947450902550753,0.2326388888888889,0.16567032233958223
4,P6,6,-15.10623677822657,0.5945648855093886,4.4757918385492195,0.0,288,0.46905045392116296,0.2708333333333333,0.31462596918291663
4,P6,7,-17.046456883686574,0.6505781873632269,4.752455678366267,0.0,288,0.5943038715707814,0.3298611111111111,0.27828020807111914
4,P7,1,0.8603844954030139,0.9349281739951427,0.34841961497619744,0.4652777777777778,288,0.8603844954030139,0.4652777777777778,0.054081180149800914
4,P7,2,0.12259962656408407,0.5351977120183534,0.8564811852347588,0.2152777777777778,288,0.5655301871012464,0.2743055555555556,0.3249974526696833
4,P7,3,0.010726181273139734,0.4639826224176549,0.913111553442453,0.19791666666666666,288,0.4364696269943019,0.2708333333333333,0.08960670091554475
4,P7,4,-0.40787738583078736,0.4909776435844413,1.1047716197095074,0.1736111111111111,288,0.5307263192068743,0.2638888888888889,0.313058398743792
4,P7,5,-0.4411784839358741,0.3177793376244116,1.1296795787856004,0.1388888888888889,288,0.38531477697559846,0.2534722222222222,0.19691236574260168
4,P7,6,-0.07293633387948217,0.5133610912500819,0.9351665438756263,0.1875,288,0.504272910027077,0.3090277777777778,0.15881675855922325
4,P7,7,-0.31565924108201293,0.4543949241504506,1.0223314167561957,0.1909722222222222,288,0.5901586175821075,0.3263888888888889,0.014582050596508505
4,P8,1,0.7810099714587093,0.9062744445730035,0.4429688728609904,0.40625,288,0.7810099714587093,0.40625,0.04374615178952551
4,P8,2,-0.37127968473842277,0.5048488192143701,1.0817427299294675,0.2013888888888889,288,0.4488014396053771,0.2673611111111111,0.32157067077950374
4,P8,3,-0.8534906547009053,0.5495974869824055,1.3163012349558905,0.11458333333333333,288,0.5178725954486256,0.3159722222222222,0.10234776762424405
4,P8,4,-1.4341045882059271,0.4551057991170304,1.4802775337723755,0.11805555555555555,288,0.48217036890576004,0.2916666666666667,0.1651964056951957
4,P8,5,-1.3210825981698084,0.38574992096738686,1.415917714194869,0.13541666666666666,288,0.337746813625717,0.2361111111111111,0.27027830780628515
4,P8,6,-1.0148386278653225,0.5157671295985058,1.3514116989593161,0.1284722222222222,288,0.5036597049011478,0.2986111111111111,0.2623493177944336
4,P8,7,-1.1800190362955902,0.5559589065551324,1.4360588783634745,0.09375,288,0.6349395493466288,0.3402777777777778,0.20533349996208536
4,U,1,0.9763253873703186,0.9864757228538003,0.1465730588279726,0.9201388888888888,288,0.9763253873703186,0.9201388888888888,0.24293696293783165
4,U,2,-3.025936865492179,0.20642715375682352,1.9909549978400578,0.07291666666666667,288,0.6214704481939726,0.3472222222222222,0.07354821769613976
4,U,3,-1.3592513905664743,0.09937667481520544,1.4629000487824664,0.11805555555555555,288,0.4682332161709224,0.2708333333333333,0.2832745604004233
4,U,4,-1.0308388164884725,0.012522335949751677,1.3546770055537154,0.1388888888888889,288,0.5707615636136618,0.3020833333333333,0.3430427402828625
4,U,5,-0.7393604810059347,0.10528240530679138,1.2506555131741084,0.14930555555555555,288,0.4288238135879321,0.2708333333333333,0.40995612495759093
4,U,6,-0.5703262474548971,0.14066210556657013,1.1841387707908546,0.15625,288,0.30055756722458726,0.2569444444444444,0.32242736625204865
4,U,7,-0.3803108522039509,0.19448809983093215,1.121857900407246,0.13194444444444445,288,0.6815427836620898,0.3576388888888889,0.397798340272752
4,E,1,0.20637491116278062,0.5598413775264527,0.8179411822259123,0.21180555555555555,288,0.20637491116278062,0.21180555555555555,0.09817365564099348
4,E,2,-1.7801129558712296,0.28032169515463035,1.6087788492460238,0.06944444444444445,288,0.4747566650849603,0.23958333333333334,0.3009188416221986
4,E,3,-1.5473531465474055,0.28063156372980613,1.4943043350474234,0.12152777777777778,288,0.5020549819251043,0.3194444444444444,0.10757907827574148
4,E,4,-1.0863992755990295,0.21138505095963642,1.3457087827583654,0.1388888888888889,288,0.2612467112572695,0.2048611111111111,0.1582334765353629
4,E,5,-0.9648019467821314,0.22146489343447287,1.3531576010683883,0.0798611111111111,288,0.29458473345440706,0.2048611111111111,0.005158400398514883
4,E,6,-0.8236695150180169,0.2808685220519994,1.2677111623008042,0.15625,288,0.5760803632342137,0.3402777777777778,0.37477692789351424
4,E,7,-2.3198170000209557,0.14678656681710373,1.6727548459760064,0.11458333333333333,288,0.5214771860103793,0.2673611111111111,0.14412534258324092
8,P0,1,0.9324829624095421,0.9670815955604439,0.24817290357289107,0.6076388888888888,288,0.9324829624095421,0.6076388888888888,0.12823090743304666
8,P0,2,-3.617704175584385,0.39508243334915233,2.2038549543169674,0.034722222222222224,288,0.7031742638885307,0.3090277777777778,0.04456639213557911
8,P0,3,-3.2497965707597114,0.34424575945707453,2.1009537900406072,0.059027777777777776,288,0.5272182154285588,0.3263888888888889,0.20646360888331478
8,P0,4,-2.2511943345864394,0.43587571989288487,1.8042610788653188,0.059027777777777776,288,0.6101569626326302,0.3506944444444444,0.22303246387359754
8,P0,5,-1.9256817380728788,0.3486568297625184,1.6771178669412354,0.10416666666666667,288,0.6081890197127562,0.3368055555555556,0.24636374482801118
8,P0,6,-1.7975650863120234,0.4740806924557371,1.6542639974056212,0.10069444444444445,288,0.554760980462506,0.28125,0.0029528652457929717
8,P0,7,-1.6667566109895953,0.4962271817991843,1.5964484395946854,0.10416666666666667,288,0.6049412787561081,0.3263888888888889,0.26677861566312305
8,P1,1,0.8856944281756816,0.94546370555112,0.32237588913175635,0.4861111111111111,288,0.8856944281756816,0.4861111111111111,0.03419490864881244
8,P1,2,-5.300794462561022,0.35755188062638854,2.6453396751324574,0.0,288,0.5931702241345402,0.2847222222222222,0.13871175629928714
8,P1,3,-6.916610055312495,0.3594110920774433,3.019777779662633,0.0,288,0.6470772428947269,0.2881944444444444,0.25657118024556713
8,P1,4,-5.870227714972448,0.3724255722348272,2.789839774668903,0.0,288,0.5548492109738412,0.3055555555555556,0.4050893655710063
8,P1,5,-6.169005904852952,0.2805768810400692,2.836170763489959,0.006944444444444444,288,0.5238751876956778,0.3159722222222222,0.34393589088189874
8,P1,6,-5.934462679721397,0.32731235320187896,2.7971654698756243,0.003472222222222222,288,0.6318590489409307,0.3645833333333333,0.3684519634472786
8,P1,7,-5.571049739424817,0.41857776237277655,2.730302395390826,0.003472222222222222,288,0.7209343323350124,0.3680555555555556,0.3678504538601726
8,P2,1,0.8618752413599442,0.9390111481621651,0.332513534920042,0.5590277777777778,288,0.8618752413599442,0.5590277777777778,0.09438232248590128
8,P2,2,-1.325298248628057,0.6049363689961553,1.5182488129022707,0.07291666666666667,288,0.6411440036481191,0.34375,0.20134166361129116
8,P2,3,-3.254682854425221,0.6198282881678396,2.170030522255561,0.010416666666666666,288,0.5565093486225234,0.25,0.07298316323552506
8,P2,4,-3.219655813475595,0.5677339124118129,2.1519192517613015,0.010416666666666666,288,0.6075242127825828,0.3194444444444444,0.008439361782729297
8,P2,5,-2.9238758442467554,0.4643836288090589,2.019313433819356,0.04861111111111111,288,0.6229534449904569,0.3159722222222222,0.08470348640246876
8,P2,6,-2.837762787305725,0.4800411056370599,2.006294306466545,0.03125,288,0.4915974937463313,0.2777777777777778,0.01042616617650358
8,P2,7,-2.3389773312608155,0.5206521165483361,1.8658739987519557,0.052083333333333336,288,0.6753308427864391,0.3958333333333333,0.05902084978936816
8,P3,1,0.8363414230485001,0.9279470172720643,0.38085202335190776,0.4270833333333333,288,0.8363414230485001,0.4270833333333333,0.02555504367038115
8,P3,2,-5.218600416165701,0.35385168528752453,2.551247113684209,0.03125,288,0.6185642145311727,0.3229166666666667,0.10380597268389491
8,P3,3,-3.445687095780613,0.301647944152024,2.1012793357687807,0.052083333333333336,288,0.34725527449023497,0.21180555555555555,0.030057251792053152
8,P3,4,-2.9200165475207243,0.23252902432457373,1.9031755895858582,0.07291666666666667,288,0.40074767657929977,0.2534722222222222,0.03999127376092457
8,P3,5,-2.303050832164093,0.2660677406965433,1.727117359498988,0.10416666666666667,288,0.2878464884016756,0.2361111111111111,0.013834720503437443
8,P3,6,-2.2003846353097467,0.33606158355978416,1.7174974408632742,0.0798611111111111,288,0.39863684672368893,0.23958333333333334,0.12872305164067882
8,P3,7,-2.1947185475040825,0.35512761471471893,1.7317483580924242,0.059027777777777776,288,0.4610753570668146,0.3159722222222222,0.1893479269956629
8,P4,1,0.8017660510671162,0.9162813767948574,0.4003120652387892,0.4652777777777778,288,0.8017660510671162,0.4652777777777778,0.14270359265008134
8,P4,2,-1.3843413918009162,0.5485585158774042,1.5151517572936533,0.09722222222222222,288,0.7206540850797416,0.3819444444444444,0.42459285824383636
8,P4,3,-3.6186984380402096,0.4145130157689999,2.229732097060459,0.024305555555555556,288,0.5085096300914519,0.2152777777777778,0.3556562140488424
8,P4,4,-3.9671026419258775,0.32620047184389517,2.278980176207697,0.03125,288,0.6540377599145082,0.3576388888888889,0.2766579549422576
8,P4,5,-4.558502933741337,0.3469434388174286,2.4408020476895547,0.024305555555555556,288,0.5542082105192823,0.2569444444444444,0.3593564093877064
8,P4,6,-4.255520255360908,0.44045083826753934,2.3874686349953524,0.017361111111111112,288,0.535277112602794,0.2638888888888889,0.37656322909158646
8,P4,7,-4.191123497607976,0.37692778035649915,2.35409001575629,0.020833333333333332,288,0.6129966172197876,0.3090277777777778,0.38811950418931945
8,P5,1,0.6789285403719652,0.8772561638859516,0.506680154645818,0.3888888888888889,288,0.6789285403719652,0.3888888888888889,0.06924651277016976
8,P5,2,-2.0425887736060204,0.5378589362522161,1.7221929554266078,0.052083333333333336,288,0.4079173917794313,0.2986111111111111,0.17503928984783895
8,P5,3,-0.7855644745940942,0.5013673546344536,1.2665575441243928,0.13541666666666666,288,0.37207058825323636,0.2534722222222222,0.15980104697448755
8,P5,4,-1.6584386462967426,0.3783130751631675,1.5804615534366013,0.08333333333333333,288,0.5665092337833517,0.3229166666666667,0.297747245617458
8,P5,5,-2.6275181876077958,0.4384822614370107,1.9030692283100297,0.05555555555555555,288,0.4734034791808305,0.2743055555555556,0.15591857600316716
8,P5,6,-4.122298845296814,0.4346909282819185,2.3079949984697037,0.03125,288,0.43100621326058564,0.21875,0.115307565091891
8,P5,7,-5.210151944712287,0.4200724225589187,2.582062539226234,0.020833333333333332,288,0.516274958171149,0.2951388888888889,0.0687543685625376
8,P6,1,0.674008075962105,0.8739205198120004,0.4921931872221345,0.4618055555555556,288,0.674008075962105,0.4618055555555556,0.002223762715967547
8,P6,2,0.3785534966473545,0.6570489723154275,0.7420085922983038,0.22569444444444445,288,0.638716106875312,0.34375,0.061171702252353174
8,P6,3,0.297100512444362,0.6376730725853169,0.7934733741531791,0.21875,288,0.6158003672434166,0.2916666666666667,0.11477896575776754
8,P6,4,0.15666635792122974,0.5233862510351814,0.8533799754781499,0.2465277777777778,288,0.7041581058411673,0.3194444444444444,0.019831588811251563
8,P6,5,0.08752470500989051,0.5131605880543798,0.8843011399165722,0.2361111111111111,288,0.5812484999675146,0.2777777777777778,0.20245354496927495
8,P6,6,0.11921399749620187,0.559877832652944,0.8674024015037022,0.2361111111111111,288,0.5939114596571454,0.2916666666666667,0.19665717985716277
8,P6,7,-0.03727786822368051,0.565182053557424,0.9674435836544433,0.15625,288,0.6308334216810352,0.3298611111111111,0.23728641833168465
8,P7,1,0.8336529944654668,0.9282022031575031,0.3816398326566531,0.4618055555555556,288,0.8336529944654668,0.4618055555555556,0.017626053658529654
8,P7,2,0.007280136234034673,0.6545882512772666,0.9494933343438218,0.16666666666666666,288,0.27978221293424976,0.22916666666666666,0.2548942444269686
8,P7,3,-1.3388931744612962,0.6275385474207434,1.5243689269689282,0.06944444444444445,288,0.6119414267104784,0.3055555555555556,0.0780686533810574
8,P7,4,-5.948409151405959,0.5536622335861823,2.765777394597153,0.003472222222222222,288,0.4720031528454752,0.3229166666666667,0.17460182832994367
8,P7,5,-6.101693163679286,0.5973901578124621,2.834788416209572,0.006944444444444444,288,0.49700140681187377,0.3125,0.21160378171858402
8,P7,6,-7.415014426630984,0.6105504584758109,3.1228440266426833,0.0,288,0.5639332012555391,0.2777777777777778,0.15941826814632923
8,P7,7,-6.3381173084530005,0.5478840960373158,2.8605904909382023,0.010416666666666666,288,0.6592035986024039,0.3715277777777778,0.18557482140381634
8,P8,1,0.7358233359741999,0.9007332653463302,0.4434135726888224,0.4618055555555556,288,0.7358233359741999,0.4618055555555556,0.03501514899486605
8,P8,2,0.22127590131179253,0.581842046363935,0.8425609721176562,0.1597222222222222,288,0.5137038982221365,0.2881944444444444,0.01567570439124664
8,P8,3,-0.4437549508744538,0.6316762042775027,1.1389236446717332,0.14583333333333334,288,0.6319317572964759,0.3125,0.05781783061515621
8,P8,4,-2.015000845580246,0.5798187868436694,1.7222172602719659,0.07291666666666667,288,0.6680756178912253,0.3263888888888889,0.17766405895521048
8,P8,5,-1.9730076025485292,0.539718147703271,1.7088345128716802,0.08680555555555555,288,0.5971505922761838,0.34375,0.20329201287857418
8,P8,6,-2.325519098437984,0.5773762933687542,1.8244459623639528,0.059027777777777776,288,0.687611495789072,0.3263888888888889,0.19133473138943718
8,P8,7,-2.631496415896873,0.5408664841877461,1.9119001281892,0.0625,288,0.7390216893119688,0.3958333333333333,0.1762969917117878
8,U,1,0.9815070559060174,0.9868220465554675,0.11616615823932398,0.9305555555555556,288,0.9815070559060174,0.9305555555555556,0.2057709614799806
8,U,2,0.025855631412114444,0.37135014600333466,0.9271125896481477,0.18055555555555555,288,0.5775614482388496,0.22569444444444445,0.048503545796636405
8,U,3,-0.05979146171063743,0.3342752823617118,0.9582319030007481,0.20833333333333334,288,-0.12408318637361249,0.2638888888888889,0.029000053123806286
8,U,4,-0.044662046500723473,0.3706028159102636,0.9517647784638196,0.2013888888888889,288,0.5199353009845777,0.2951388888888889,0.16751130622739144
8,U,5,-0.05995798707643285,0.32213572524011846,0.9677528370187068,0.1875,288,0.48336684560267984,0.22916666666666666,0.057781375488664945
8,U,6,-0.042075252055231216,0.38219554613448786,0.9527277580161537,0.17708333333333334,288,0.47533805160507037,0.2986111111111111,0.22733416879956758
8,U,7,-0.047915149402643076,0.39852744280257735,0.9545924855210175,0.1840277777777778,288,0.649044062746821,0.3159722222222222,0.3626555983351665
8,E,1,0.11043129812011332,0.5826622867099885,0.8700800567455215,0.21180555555555555,288,0.11043129812011332,0.21180555555555555,0.07511578813526444
8,E,2,-11.109767835636442,0.4766690064366173,3.8151678077552287,0.0,288,0.4915254635934473,0.2534722222222222,0.3347856541325896
8,E,3,-6.791185090338779,0.41961673347777784,2.9642864434564036,0.010416666666666666,288,0.5931805414287081,0.3159722222222222,0.3075719022068556
8,E,4,-3.451134950292264,0.338066615516804,2.117726799668217,0.04513888888888889,288,0.4437839454270326,0.25,0.15391354404614727
8,E,5,-2.8840190129407755,0.3650616366835904,1.9458084712921908,0.06597222222222222,288,0.3833747109677407,0.2326388888888889,0.06470784952200648
8,E,6,-1.468538971717841,0.5080750979088475,1.5266217898019225,0.10416666666666667,288,0.6774232568348495,0.3958333333333333,0.4385733992532389
8,E,7,-3.469373355958762,0.3032155145911487,2.003790160144914,0.06944444444444445,288,0.5413144320352163,0.2986111111111111,0.09749923580090497
12,P0,1,0.9579455118676325,0.9766328387011571,0.18421051698246313,0.8055555555555556,288,0.9579455118676325,0.8055555555555556,0.02980206590661425
12,P0,2,-0.137296078362664,0.0508002187655865,1.0368142631133055,0.13541666666666666,288,0.4794076920603404,0.3263888888888889,0.0972622774787117
12,P0,3,-0.1199910791406329,0.16104052127519078,1.0304760321127435,0.1527777777777778,288,0.2243850923389875,0.23958333333333334,0.31345940513519593
12,P0,4,0.025291892680600614,0.22080870115763,0.9610577021948016,0.1527777777777778,288,0.5154711551319144,0.2673611111111111,0.4753748494461772
12,P0,5,0.0014583058039792096,0.2311984122076423,0.9508582155189791,0.1597222222222222,288,0.5213325381865692,0.3715277777777778,0.32749462883433533
12,P0,6,-0.09345541942884084,0.2608546576082915,0.9746220207817411,0.18055555555555555,288,0.45719987555600805,0.28125,0.3696367550582449
12,P0,7,-0.13876907088644486,0.2842770763789333,0.983117989281483,0.2048611111111111,288,0.6986322776870758,0.34375,0.32543491418757853
12,P1,1,0.9276475528447599,0.9632173521523691,0.2527789927108024,0.6805555555555556,288,0.9276475528447599,0.6805555555555556,0.2042763012938385
12,P1,2,-1.1932690156249293,0.18380674776898967,1.4037274804027948,0.1597222222222222,288,0.5486122760702943,0.2951388888888889,0.032171649128546885
12,P1,3,-0.4264028565392848,0.41203406716759333,1.1420580892353653,0.1527777777777778,288,0.5607300936452946,0.3993055555555556,0.048704048992338406
12,P1,4,-0.2220078499323508,0.5961506835117588,1.0598441753107535,0.16666666666666666,288,0.672883691626283,0.3993055555555556,0.25318085348187885
12,P1,5,-0.3063221011094246,0.42621511137269785,1.1019158362039712,0.16319444444444445,288,0.6367852764034728,0.3888888888888889,0.063030913703408
12,P1,6,-0.15625956783408834,0.549524576729423,1.040552347490017,0.14583333333333334,288,0.6270246919297648,0.3333333333333333,0.30190313003746294
12,P1,7,-0.18134358204710588,0.6316397491510114,1.0391943493843825,0.1840277777777778,288,0.7945791860737914,0.4270833333333333,0.17846607173801846
12,P2,1,0.902095832507336,0.9570928909018356,0.2963160287464956,0.53125,288,0.902095832507336,0.53125,0.10358724192494728
12,P2,2,0.32956921849928156,0.5952757604759684,0.7625264171900038,0.24305555555555555,288,0.5288246245582475,0.3229166666666667,0.09053630664107218
12,P2,3,0.3396462473397104,0.5801651105453365,0.7660482989489488,0.2222222222222222,288,0.6032963579195376,0.3194444444444444,0.06386938161270724
12,P2,4,0.276803398771439,0.49449556329084904,0.7931609393376627,0.2152777777777778,288,0.6270654764467758,0.2986111111111111,0.14769794497938551
12,P2,5,0.22357153660336415,0.4796036441191646,0.8351819179431694,0.16666666666666666,288,0.6115568729952741,0.3194444444444444,0.16040255656159355
12,P2,6,0.15471359691529296,0.3834532479984367,0.8765037782718017,0.1701388888888889,288,0.550194235141693,0.28125,0.19742273751347947
12,P2,7,0.22859232216623537,0.4665162537087983,0.8454256952364712,0.1875,288,0.7076388232304245,0.3854166666666667,0.07425909266271956
12,P3,1,0.7512959903077344,0.8970512975707119,0.43657668538771915,0.4652777777777778,288,0.7512959903077344,0.4652777777777778,0.018336928625109442
12,P3,2,-18.776092509987205,0.46452944931502405,4.885312575317777,0.0,288,0.5109313487101538,0.25,0.02243813035537746
12,P3,3,-15.772295447998069,0.3456492818269884,4.464844636503879,0.0,288,0.390022607697866,0.2673611111111111,0.028380315973454678
12,P3,4,-10.852561184697764,0.3803545622466787,3.6931412309911753,0.0,288,0.5477839223385457,0.3055555555555556,0.3423500928795284
12,P3,5,-7.953762416068978,0.33516843296074794,3.1594470309804117,0.006944444444444444,288,0.5186529641496285,0.2465277777777778,0.032663793336179046
12,P3,6,-6.829557745034978,0.3728994888792137,2.920715479067392,0.020833333333333332,288,0.5411804463571678,0.3472222222222222,0.16523286082168698
12,P3,7,-6.368889386252312,0.37357390871930224,2.801740358270708,0.024305555555555556,288,0.6238095989688011,0.2986111111111111,0.25598789822170676
12,P4,1,0.868944141888707,0.9381909078161114,0.3229394632082594,0.5625,288,0.868944141888707,0.5625,0.029546880021175354
12,P4,2,-4.1850927319827695,0.5160769981736816,2.4055905709339753,0.010416666666666666,288,0.5847853576226771,0.2951388888888889,0.21812924936052155
12,P4,3,-8.067798992289811,0.31792515813037664,3.2351822229008804,0.006944444444444444,288,0.6085584117232765,0.3020833333333333,0.41057586210794256
12,P4,4,-9.291952929863971,0.2977107904909667,3.469088493834625,0.0,288,0.738070840340367,0.40625,0.20347428851103053
12,P4,5,-10.29128950898659,0.34211313455733516,3.6643416921801273,0.0,288,0.5931481527278217,0.3090277777777778,0.2860998327034968
12,P4,6,-10.606426215514533,0.41334645172127915,3.728193407970028,0.0,288,0.4587645790040964,0.2951388888888889,0.33722814760750475
12,P4,7,-9.673994217835762,0.3846198120461574,3.550946227263103,0.0,288,0.72499482368104,0.3368055555555556,0.016076710782650626
12,P5,1,0.7980017473736223,0.9139300211361703,0.40840741323136653,0.4722222222222222,288,0.7980017473736223,0.4722222222222222,0.05129236297321866
12,P5,2,0.12146649643361296,0.5656012875120736,0.8460313600377951,0.20833333333333334,288,0.4510756299620843,0.2951388888888889,0.1842624368501306
12,P5,3,0.21784379938367626,0.559677329457242,0.8052391993500226,0.2534722222222222,288,0.5142155538503803,0.2638888888888889,0.10016046003476779
12,P5,4,-0.09428725980615082,0.553024268872585,0.9600237147054995,0.1840277777777778,288,0.6831860200540144,0.3680555555555556,0.38168517436361005
12,P5,5,-0.7757781298839954,0.5617917267937358,1.273853551457371,0.125,288,0.4595513497043071,0.2916666666666667,0.17312539570704719
12,P5,6,-2.220234294403647,0.5369657856531801,1.816839660832518,0.027777777777777776,288,0.37074723503922435,0.2638888888888889,0.09343448919712824
12,P5,7,-3.435798053633829,0.5524774419752159,2.196684944430962,0.024305555555555556,288,0.5379793036247409,0.3125,0.09890275817081894
12,P6,1,0.7300005346305884,0.8949915829239551,0.4489833487845549,0.4652777777777778,288,0.7300005346305884,0.4652777777777778,0.04341805565110407
12,P6,2,0.001940476419228454,0.4949147972454986,0.9330600447744148,0.2048611111111111,288,0.6284139857697197,0.2847222222222222,0.08904164645493004
12,P6,3,-0.013331759818068,0.472385529073893,0.9442416003494031,0.19791666666666666,288,0.6836312930805029,0.4305555555555556,0.06576504819025335
12,P6,4,-0.29382830651812597,0.4782548044389877,1.0514792430138575,0.1840277777777778,288,0.7363832602952654,0.3506944444444444,0.13626926282437196
12,P6,5,-0.39948238477499287,0.46215986609309145,1.1145516276691483,0.17708333333333334,288,0.5964671476786934,0.2847222222222222,0.14596632647105012
12,P6,6,-0.22051491097245335,0.5109368253384123,1.036512782900537,0.1840277777777778,288,0.7055486250271703,0.3298611111111111,0.18030705562582766
12,P6,7,-0.5584985364441915,0.5595497365145226,1.190293641762719,0.16319444444444445,288,0.6356523480757763,0.3298611111111111,0.2043674391100667
12,P7,1,0.7588755993507501,0.8994573359191357,0.46085821136566957,0.3333333333333333,288,0.7588755993507501,0.3333333333333333,0.019321217040373765
12,P7,2,0.15358785334688452,0.5964605520869347,0.8339964989317615,0.22569444444444445,288,0.30933117282535694,0.2708333333333333,0.15662945096974695
12,P7,3,-0.10456532455564016,0.6336812362345227,0.9954541536191991,0.13541666666666666,288,0.5491657398438973,0.2534722222222222,0.07681095151710855
12,P7,4,-2.8678366212383257,0.5717986590155897,1.9464291823392057,0.05555555555555555,288,0.37100400229705977,0.3125,0.18169235043249596
12,P7,5,-5.8429026676380165,0.5363642760660741,2.7321212003124846,0.003472222222222222,288,0.37219527305852596,0.2777777777777778,0.22000668837482204
12,P7,6,-7.426114853378472,0.5095333029684984,3.0706892623166007,0.0,288,0.5035542394615697,0.28125,0.16971684138011334
12,P7,7,-6.033194699999539,0.513105905364643,2.783346593495186,0.003472222222222222,288,0.6408891881133858,0.3472222222222222,0.20547932046805045
12,P8,1,0.7918664205266408,0.9099746399118676,0.4257036354238219,0.3784722222222222,288,0.7918664205266408,0.3784722222222222,0.012868659651418755
12,P8,2,0.2017317594562097,0.6438522165255873,0.8252154786879004,0.2013888888888889,288,0.590229730999188,0.3715277777777778,0.12445780184120007
12,P8,3,-0.15501375747831192,0.5543913361160077,1.0372979718590212,0.14583333333333334,288,0.7020195244559722,0.4236111111111111,0.044037792801455686
12,P8,4,-1.3270229530087883,0.548121054359509,1.4752871933221536,0.13194444444444445,288,0.6793089352914647,0.3368055555555556,0.17254211368318684
12,P8,5,-2.3060026046161504,0.5200870620877214,1.8254268389288764,0.07291666666666667,288,0.585880194295608,0.3020833333333333,0.24107775148677685
12,P8,6,-2.6377588098561087,0.544821865412049,1.9412748462079976,0.04861111111111111,288,0.6902779378463597,0.3576388888888889,0.23280243777325824
12,P8,7,-2.722085509462712,0.5282347828585205,1.964595166519811,0.04861111111111111,288,0.757416008684225,0.4270833333333333,0.24505136027432542
12,U,1,0.9934686939850289,0.9921627225864387,0.0769972429194989,1.0,288,0.9934686939850289,1.0,0.1530203934471111
12,U,2,-0.36802234125855815,0.19822475029628747,1.1312767999014577,0.1284722222222222,288,0.536294751561277,0.2986111111111111,0.024206203990204116
12,U,3,-0.3520532585943381,0.12132266096295075,1.1266811573186069,0.125,288,-0.40005102045842755,0.2847222222222222,0.11727614192241963
12,U,4,-0.2734084883967003,0.1400788235427098,1.1015958879015195,0.12152777777777778,288,0.5001686230036992,0.28125,0.3699101685069295
12,U,5,-0.24502415411234546,0.12511399411804297,1.0928548177116688,0.125,288,0.5015484264510012,0.3125,0.07469655418061481
12,U,6,-0.22047074970266767,0.16579791528230167,1.0847219354069586,0.1284722222222222,288,0.538031423270454,0.3090277777777778,0.25720914495916436
12,U,7,-0.2158449528948969,0.16645410755914458,1.0836071328684378,0.125,288,0.6853828543321683,0.3541666666666667,0.34614142603462056
12,E,1,0.5706614485461624,0.7712993387390716,0.5978796205103077,0.3055555555555556,288,0.5706614485461624,0.3055555555555556,0.14188335230402774
12,E,2,-25.3686686910105,0.315355071712742,5.716207085269051,0.0,288,0.6584293735261331,0.3229166666666667,0.3392331795645247
12,E,3,-16.57016578146179,0.427563951052875,4.60926113431721,0.0,288,0.6073885635065728,0.3402777777777778,0.3756153958028134
12,E,4,-12.989434913306923,0.40020437862117586,4.076084809883459,0.0,288,0.6809891650295858,0.3506944444444444,0.11966395270759791
12,E,5,-12.541965457380535,0.38801013880984564,4.0046969468898475,0.0,288,0.6150821962236912,0.3263888888888889,0.1798331389814411
12,E,6,-10.496801912942303,0.43691469099788605,3.6823514338672396,0.0,288,0.7522747531018599,0.4236111111111111,0.4189605412009349
12,E,7,-27.296902719159213,0.21014557665893316,5.679964476046321,0.0,288,0.6342334279446727,0.3645833333333333,0.04518612928593072
16,P0,1,0.9733141150650931,0.984233732574587,0.15645586024470423,0.8819444444444444,288,0.9733141150650931,0.8819444444444444,0.09890275817081894
16,P0,2,-13.096695165478886,0.02085233235300716,4.107209627711796,0.0,288,0.8458250412048403,0.5729166666666666,0.19488910622233616
16,P0,3,-5.604353646709244,0.16856850489563832,2.6897229166170202,0.017361111111111112,288,0.6664414903694713,0.3333333333333333,0.30680634455053896
16,P0,4,-2.1071174700653335,0.13729000636612756,1.7082210512709166,0.11458333333333333,288,0.6616302250658951,0.3506944444444444,0.34969580086751956
16,P0,5,-1.098258263408972,0.11075067428048208,1.3719676275344228,0.13194444444444445,288,0.72692083615818,0.4131944444444444,0.1823849978358301
16,P0,6,-0.9738196011347999,0.1170027284737351,1.331766924242368,0.1423611111111111,288,0.715895711581441,0.4201388888888889,0.18752517067109933
16,P0,7,-0.7256992077408502,0.12839495550225738,1.239512898224521,0.15625,288,0.773913667484998,0.4027777777777778,0.4099196698310996
16,P1,1,0.9512672813667736,0.9755391849064189,0.2140352404293838,0.7534722222222222,288,0.9512672813667736,0.7534722222222222,0.4593892764797548
16,P1,2,-11.066419975522413,0.2387993060810724,3.784583488157084,0.0,288,0.8639905806425475,0.4409722222222222,0.1317305995762087
16,P1,3,-8.773232572207819,0.2115855541553384,3.372973477559643,0.0,288,0.8239159599933281,0.46875,0.17828379610556208
16,P1,4,-6.875448645098976,0.24339265201897253,2.9891334179050633,0.0,288,0.7956823203660799,0.4270833333333333,0.31152728343115854
16,P1,5,-6.19919569977743,0.2529803502861769,2.84920170643332,0.0,288,0.791753735405929,0.4409722222222222,0.11304734724943218
16,P1,6,-4.671411926656202,0.3916009687692358,2.503991501497584,0.006944444444444444,288,0.7888987399391942,0.4305555555555556,0.36449658222297565
16,P1,7,-4.638165311728493,0.388192414442302,2.489679079387609,0.003472222222222222,288,0.8683200144057925,0.5590277777777778,0.20157862193348441
16,P2,1,0.941734557540861,0.9732607395007145,0.21182445047152104,0.7222222222222222,288,0.941734557540861,0.7222222222222222,0.083391101848783
16,P2,2,0.6302176720192234,0.9415812345797997,0.5839329474046931,0.2881944444444444,288,0.9328856362000744,0.6354166666666666,0.6474430464849775
16,P2,3,0.3464200426796683,0.8298827270105447,0.7305057310431214,0.2951388888888889,288,0.8916575531865749,0.5972222222222222,0.05614089479655774
16,P2,4,0.4286157344306255,0.7875036424644416,0.7038726721497728,0.24305555555555555,288,0.8344121787529994,0.5243055555555556,0.1845176227355695
16,P2,5,0.4987593811116967,0.8265653104998388,0.6737165473578384,0.2638888888888889,288,0.8476142744720729,0.5034722222222222,0.17276084444213452
16,P2,6,0.5020959774819099,0.8457407070342476,0.6764908087737491,0.23958333333333334,288,0.7972431412048132,0.5138888888888888,0.16116811421791025
16,P2,7,0.3525847930352469,0.7902195493880415,0.79608472570835,0.16319444444444445,288,0.8997499885747785,0.6215277777777778,0.09733518773169426
16,P3,1,0.8868901013576522,0.9479608817157722,0.32338505910090887,0.5347222222222222,288,0.8868901013576522,0.5347222222222222,0.0447668953312811
16,P3,2,-10.626915042851577,0.31076172577484185,3.656705881043299,0.0,288,0.7383626410262413,0.3576388888888889,0.1587073931797494
16,P3,3,-7.756235454833353,0.2574825584078489,2.9439947550674392,0.024305555555555556,288,0.6826738463786928,0.3298611111111111,0.27445241978953566
16,P3,4,-2.8779754241531323,0.23141714296658994,1.828704176956249,0.11805555555555555,288,0.6967933385496741,0.4270833333333333,0.44267460098350697
16,P3,5,-1.608714140859802,0.1972222343177775,1.4885242935357845,0.1111111111111111,288,0.6830573347207294,0.3472222222222222,0.2195692268569268
16,P3,6,-0.9276144048083699,0.28117839062717526,1.310951123326008,0.1423611111111111,288,0.6721113649149795,0.375,0.2881595473502537
16,P3,7,-0.8372376757375948,0.3370640995382941,1.326307979443909,0.10416666666666667,288,0.7902423304642303,0.4131944444444444,0.4127267145709276
16,P4,1,0.9568951354413378,0.976924479713087,0.18719730951889824,0.8229166666666666,288,0.9568951354413378,0.8229166666666666,0.08448475564352113
16,P4,2,-0.9044109770249427,0.7677996465959096,1.4078690970364098,0.059027777777777776,288,0.9028138300543378,0.59375,0.20352897120076746
16,P4,3,-2.183453705615486,0.617203519060468,1.8500858810784027,0.034722222222222224,288,0.8247602960181906,0.4131944444444444,0.21736369170420486
16,P4,4,-1.91708784266641,0.6489559342343654,1.7608464828636654,0.04513888888888889,288,0.8578563766202443,0.4965277777777778,0.17943213259003712
16,P4,5,-3.2834823782264237,0.6065221669985256,2.179719251154173,0.03819444444444445,288,0.8239926797233685,0.46875,0.14592987134455884
16,P4,6,-4.060418689185582,0.6490106169241022,2.40991990020648,0.010416666666666666,288,0.8018609898705076,0.4131944444444444,0.14693238732306882
16,P4,7,-7.215607070653093,0.6845361376898461,3.159122894322848,0.0,288,0.9009897763173924,0.6006944444444444,0.08627105684159342
16,P5,1,0.8996814724486523,0.9516428494913906,0.3011248699996082,0.5138888888888888,288,0.8996814724486523,0.5138888888888888,0.069683974288065
16,P5,2,-9.78512865149463,0.6203204323754717,3.628984998382486,0.0,288,0.5733174239351873,0.3506944444444444,0.21023671447516135
16,P5,3,-14.806952075781723,0.4628889686229168,4.411216926128358,0.0,288,0.6440261466215995,0.3020833333333333,0.09782733193932643
16,P5,4,-8.327015268724525,0.5571983808558355,3.3454861544576193,0.0,288,0.6955284113874172,0.3472222222222222,0.4550146613008022
16,P5,5,-5.09244433470444,0.4625973276109867,2.6245487662328855,0.003472222222222222,288,0.5399088983088717,0.3229166666666667,0.18380674776898967
16,P5,6,-2.8793653724964763,0.5246257253358847,2.028854837221435,0.027777777777777776,288,0.6046479648769477,0.3506944444444444,0.12101279238777496
16,P5,7,-1.14724276698959,0.5686635181373403,1.4260706760412398,0.1076388888888889,288,0.6918427349073535,0.3541666666666667,0.08235213074378177
16,P6,1,0.9030922123111648,0.9519527180665665,0.29334542545950715,0.5798611111111112,288,0.9030922123111648,0.5798611111111112,0.15693931954492277
16,P6,2,-0.9800548267063371,0.4377349313439396,1.308611084757735,0.14930555555555555,288,0.7187826386585957,0.3263888888888889,0.19847993618172638
16,P6,3,-4.419073873254815,0.298348755204564,2.2921541335856213,0.06944444444444445,288,0.7117223756955993,0.4027777777777778,0.12803040423734466
16,P6,4,-8.438619593056657,0.3610515727695506,3.272820023728056,0.0,288,0.8181980771763866,0.4479166666666667,0.5335390037630006
16,P6,5,-12.21548696595603,0.3636398867504308,3.9489600022130307,0.0,288,0.7390908677827039,0.4375,0.34513891005611064
16,P6,6,-13.717226572298708,0.43301399246331995,4.210293527807768,0.0,288,0.8428732531409193,0.5347222222222222,0.3951553436021348
16,P6,7,-16.647736336646854,0.40246459646363475,4.617221933387362,0.0,288,0.8094836482433703,0.4722222222222222,0.40235523108416094
16,P7,1,0.8652269126245233,0.9374253501597949,0.3544248671579518,0.4513888888888889,288,0.8652269126245233,0.4513888888888889,0.01308739041036638
16,P7,2,0.33786923362387866,0.6339911048096984,0.7321365197923456,0.23958333333333334,288,0.6943218728225353,0.3298611111111111,0.18517381501241237
16,P7,3,0.39889438592551796,0.7640447685673087,0.7080196600182767,0.2881944444444444,288,0.6512120790581049,0.3576388888888889,0.020323733018883725
16,P7,4,-0.1479223531658067,0.6040432183971192,0.9907917136883666,0.16666666666666666,288,0.5342358973388392,0.3715277777777778,0.17345349184546865
16,P7,5,-0.7593907530979038,0.6084907438290541,1.273938462494704,0.13194444444444445,288,0.6188390052705568,0.3333333333333333,0.23376849862527693
16,P7,6,-1.4508712430591006,0.647370136231995,1.561535516084208,0.07291666666666667,288,0.6293126118362473,0.2916666666666667,0.18356978944679642
16,P7,7,-1.951880265592247,0.5756446748604189,1.740659022324478,0.05555555555555555,288,0.7629190321841309,0.40625,0.2309249987589578
16,P8,1,0.9102482772592585,0.9566007466942035,0.268039010986788,0.6666666666666666,288,0.9102482772592585,0.6666666666666666,0.013032707720629474
16,P8,2,0.3141923560338542,0.7152131266322508,0.7434180000055043,0.2673611111111111,288,0.668967927960006,0.3923611111111111,0.3527215763662951
16,P8,3,0.08747936469059159,0.6417925018788305,0.9013924186795498,0.21180555555555555,288,0.7781958589958966,0.4652777777777778,0.023531784150115597
16,P8,4,0.312064774235576,0.6318949350364503,0.7701721327719301,0.22916666666666666,288,0.8224266772123913,0.4826388888888889,0.2512669593410871
16,P8,5,0.2846768689560061,0.5644711785908442,0.762365388853177,0.2708333333333333,288,0.8449841780791398,0.5277777777777778,0.3003355595983383
16,P8,6,0.2411972786607265,0.5635962555550537,0.791387830043413,0.2604166666666667,288,0.8259405544136654,0.4930555555555556,0.2926253003454344
16,P8,7,-0.11056989595975741,0.5730745884427842,0.952298960470205,0.21180555555555555,288,0.8398403362336636,0.5,0.3951188884756436
16,U,1,0.9844942800537857,0.9905586970208227,0.11337860541156115,0.9652777777777778,288,0.9844942800537857,0.9652777777777778,0.3478365894164647
16,U,2,-0.47247071666641083,0.1044074822710009,1.1659436945570472,0.15625,288,0.8117532939378069,0.4722222222222222,0.06725970837639546
16,U,3,-0.41661547275309063,0.1537859511034278,1.1471011487097287,0.13541666666666666,288,0.7218164571125586,0.4375,0.13738114418235575
16,U,4,-0.2607620136967945,0.1443623009054342,1.0970949941048693,0.13541666666666666,288,0.7111336711607816,0.3819444444444444,0.38522132163326345
16,U,5,-0.2100506362505723,0.076537538068424,1.0842312572430925,0.13541666666666666,288,0.723232297204057,0.40625,0.30241350180834076
16,U,6,-0.17710067861361578,0.1447268521703469,1.0724861014541345,0.12152777777777778,288,0.6866463734280247,0.3923611111111111,0.267434807939966
16,U,7,-0.22225570907896408,0.14031578186490307,1.0875113899013187,0.11805555555555555,288,0.8218179042725344,0.4826388888888889,0.46454767687826964
16,E,1,0.8201197165198172,0.9133467391123101,0.38534979081754606,0.4513888888888889,288,0.8201197165198172,0.4513888888888889,0.3925852571845002
16,E,2,-37.2320529767581,0.4469033956564944,6.962861521261292,0.0,288,0.7874269397814515,0.4097222222222222,0.3309760934142517
16,E,3,-31.91545000537942,0.5145823379875395,6.453304471125891,0.0,288,0.66439878480105,0.4444444444444444,0.3429880575931256
16,E,4,-30.695496243837603,0.4685395132290638,6.324305636900025,0.0,288,0.7505816822086161,0.4340277777777778,0.17529447573327786
16,E,5,-27.25218970804285,0.565728880454793,5.97595166817376,0.0,288,0.6654480666055138,0.3506944444444444,0.20500540382366392
16,E,6,-17.96323147141097,0.6411545371652332,4.880159043488261,0.0,288,0.764252188298761,0.4305555555555556,0.4568374176253658
16,E,7,-7.342892390944559,0.3856223280246674,3.009252480326554,0.024305555555555556,288,0.8489387533430115,0.5,0.4022823208311784
20,P0,1,0.9762587078071455,0.9857830754504661,0.14009905972063763,0.9131944444444444,288,0.9762587078071455,0.9131944444444444,0.3098503476125601
20,P0,2,-21.396477754267032,0.0711057242212246,5.257300767518438,0.0,288,0.9330719757183635,0.6770833333333334,0.45995433094036947
20,P0,3,-13.072804123658065,0.15276520756167222,4.1025730328930985,0.0,288,0.9267569918211807,0.6597222222222222,0.26625001632899964
20,P0,4,-6.6235972141037305,0.10460798546670287,2.915106199566547,0.0,288,0.8727341590074575,0.5104166666666666,0.37758397263334204
20,P0,5,-7.09446251229005,0.12954329198673242,3.0237938727445313,0.0,288,0.8996633660453971,0.6111111111111112,0.2743612819733075
20,P0,6,-7.282100664904476,0.22784454057044537,3.082650499924048,0.0,288,0.914926384646641,0.6527777777777778,0.11775005856680616
20,P0,7,-8.039014383773534,0.24572578011441393,3.2387468325270787,0.0,288,0.9111245318681335,0.6388888888888888,0.5281983277320292
20,P1,1,0.9604551555024323,0.9785649604051945,0.1737965033573023,0.8194444444444444,288,0.9604551555024323,0.8194444444444444,0.8783133625541985
20,P1,2,-1.9672783937103584,0.41524211829882524,1.6725380040058409,0.13194444444444445,288,0.9548867277545685,0.8125,0.4627066929904604
20,P1,3,-0.7578735154051424,0.326565023108808,1.258791277048867,0.15625,288,0.9525063326558647,0.7777777777777778,0.1438154740080651
20,P1,4,-0.16344112580837078,0.42537664346339865,1.0629142669320735,0.13194444444444445,288,0.9298989692828423,0.7118055555555556,0.08255263393948377
20,P1,5,-0.5129859577101703,0.4994170053671706,1.182882585240913,0.14930555555555555,288,0.9138272899833046,0.6423611111111112,0.09806429026151968
20,P1,6,-1.1283962663949865,0.5270135361210629,1.4001289562398962,0.1284722222222222,288,0.9197451812531733,0.65625,0.008494044472466204
20,P1,7,-1.6182498176337532,0.5462071602187173,1.5690951683902723,0.13194444444444445,288,0.9557800517007846,0.8263888888888888,0.15994686748045264
20,P2,1,0.9408083152520572,0.9730420087417668,0.22419306471999245,0.7118055555555556,288,0.9408083152520572,0.7118055555555556,0.8756156831938444
20,P2,2,0.41899319095424614,0.923062030322234,0.7068874253271529,0.2569444444444444,288,0.9518794264463987,0.7638888888888888,0.586891081382976
20,P2,3,0.3760245550358484,0.8871719582915772,0.7249646937757688,0.28125,288,0.9190735230343547,0.6875,0.17503928984783895
20,P2,4,0.5721377798196396,0.876581744045863,0.5934929658280702,0.3298611111111111,288,0.8873524041086093,0.6493055555555556,0.3418579486718963
20,P2,5,0.5989798653662675,0.889286355628071,0.5823729819805649,0.3055555555555556,288,0.8859388014160449,0.6423611111111112,0.23994764256554743
20,P2,6,0.6077336857213818,0.8862970352557867,0.5792629033164659,0.3090277777777778,288,0.895609198623918,0.6666666666666666,0.15666590609623823
20,P2,7,0.30521552867135604,0.7713904765552999,0.8118264277113914,0.1701388888888889,288,0.9458695960731224,0.7881944444444444,0.11543515803461044
20,P3,1,0.9734208670604179,0.9840150018156394,0.15195655879370643,0.8958333333333334,288,0.9734208670604179,0.8958333333333334,0.28825068516648183
20,P3,2,-18.95204774255741,0.7058077039975028,5.010096264266991,0.0,288,0.9280052808277756,0.6423611111111112,0.33121305173644505
20,P3,3,-9.995122988339325,0.6034326708124514,3.6589072088904087,0.0,288,0.9284509177896849,0.6423611111111112,0.31705023509458613
20,P3,4,-5.683106113742004,0.5863624820488526,2.7925470329496833,0.0,288,0.8912946169152755,0.5798611111111112,0.5076740915174436
20,P3,5,-7.7679672803040205,0.6194455093396812,3.241671256191887,0.0,288,0.91185614549567,0.6423611111111112,0.5191210012357027
20,P3,6,-9.430651749905147,0.6772451123915918,3.573401053217408,0.0,288,0.8934477239238479,0.5902777777777778,0.5824800110775322
20,P3,7,-10.185180018783125,0.6877624163843236,3.7071554303672816,0.0,288,0.9417576652578907,0.7256944444444444,0.6424304665924278
20,P4,1,0.9782571410995902,0.9864757228538003,0.13043769036953756,0.9236111111111112,288,0.9782571410995902,0.9236111111111112,0.037721946874276734
20,P4,2,-2.9499608548576153,0.33979823402513937,1.9204211146040189,0.10069444444444445,288,0.9654779109564866,0.8402777777777778,0.08895050863870188
20,P4,3,-1.207551821419421,0.32082334068643276,1.3930253399493566,0.12152777777777778,288,0.9406723055093151,0.6840277777777778,0.14425293552596039
20,P4,4,-0.7987814074421256,0.35246639048085615,1.2682670037093478,0.1284722222222222,288,0.9103086513378905,0.6770833333333334,0.28941724921420253
20,P4,5,-2.4179938298355212,0.3941710551868705,1.7847634299661526,0.1111111111111111,288,0.9012277447598653,0.5972222222222222,0.062265356047091304
20,P4,6,-3.6256132375865233,0.3440452562613725,2.147378043065741,0.07291666666666667,288,0.9075249267245659,0.6666666666666666,0.01563924926475537
20,P4,7,-3.021031120541311,0.28970889022613266,1.9395458888185162,0.06944444444444445,288,0.9197939551238682,0.6527777777777778,0.034577687476970785
20,P5,1,0.9015263091688166,0.9532286474937608,0.28322941011129754,0.5902777777777778,288,0.9015263091688166,0.5902777777777778,0.11971863539733482
20,P5,2,-24.44750434984089,0.5323359845887885,5.6600589602033535,0.0,288,0.8816634212613784,0.5694444444444444,0.30241350180834076
20,P5,3,-21.985532137542968,0.4360397679620954,5.354414212091787,0.0,288,0.8952978586934142,0.6006944444444444,0.15090599611061736
20,P5,4,-14.411904026410484,0.44128930617683854,4.326880150255915,0.0,288,0.845878934907329,0.4826388888888889,0.542069503361958
20,P5,5,-13.768311294521384,0.44292978686894574,4.224610402237068,0.0,288,0.8421092879202752,0.4548611111111111,0.1294339266072586
20,P5,6,-12.081098932276143,0.48086134598311353,3.977718231463456,0.0,288,0.879767541842787,0.5555555555555556,0.32906219927346003
20,P5,7,-13.289861066456503,0.5202693377201777,4.180499504722513,0.0,288,0.8841345311352131,0.6215277777777778,0.030294210114246416
20,P6,1,0.935296336293351,0.9680476564124627,0.23382051191998668,0.7534722222222222,288,0.935296336293351,0.7534722222222222,0.32129725733081926
20,P6,2,-0.27062249715371234,0.7653024704312577,1.0743446209864191,0.1909722222222222,288,0.9082576239285612,0.5729166666666666,0.3642231687742912
20,P6,3,0.0698258017715574,0.5175169756700868,0.9003950392204683,0.2048611111111111,288,0.8924605252414861,0.5902777777777778,0.20161507705997572
20,P6,4,-0.8732472235373465,0.5364736414455479,1.2743887472518873,0.14583333333333334,288,0.9094277046974949,0.59375,0.5930702253232465
20,P6,5,-0.7429388440234732,0.5517118843188992,1.2178322637953936,0.19444444444444445,288,0.8987819823568738,0.6111111111111112,0.5409940771304655
20,P6,6,-0.5184466575659519,0.6238565796451251,1.1332728092840105,0.2048611111111111,288,0.8982510814931688,0.59375,0.5006017969781369
20,P6,7,-0.25481394308571437,0.5179908923144733,1.0233814607160727,0.20833333333333334,288,0.9091628282956759,0.6631944444444444,0.5288909751353634
20,P7,1,0.9363084637579243,0.9677560154005324,0.2315793268385559,0.6909722222222222,288,0.9363084637579243,0.6909722222222222,0.07681095151710855
20,P7,2,-4.041713375565529,0.822409426079834,2.461630698592157,0.0,288,0.8464629517591082,0.5,0.2746711505484833
20,P7,3,-4.7240665058570475,0.8048015999845499,2.6272205195996734,0.0,288,0.7503770432753994,0.3993055555555556,0.24011169063475815
20,P7,4,-2.0662635991603295,0.6361784123991747,1.796413771017701,0.04861111111111111,288,0.7412531394842548,0.4305555555555556,0.3858592863468606
20,P7,5,-0.9033028268464871,0.6189169100055577,1.3622544259385412,0.0798611111111111,288,0.7007244448575385,0.3055555555555556,0.27527266013558926
20,P7,6,-1.161504572535141,0.641774274315585,1.4519367542529529,0.08680555555555555,288,0.8149383717231433,0.4513888888888889,0.16087647320598006
20,P7,7,-1.976094275033915,0.6184794484876626,1.7601839743703418,0.04513888888888889,288,0.799215924624632,0.4340277777777778,0.31251157184642286
20,P8,1,0.9397088828016475,0.9679929737227256,0.21912506584584787,0.6979166666666666,288,0.9397088828016475,0.6979166666666666,0.21714496094525723
20,P8,2,-0.73228725632923,0.8075175069081497,1.3356849461604177,0.07291666666666667,288,0.9063172631933006,0.6076388888888888,0.39229361617256997
20,P8,3,-0.6416703956197358,0.6130658622037087,1.1935555847289978,0.1527777777777778,288,0.9063472391420867,0.6423611111111112,0.0362728508588149
20,P8,4,-0.18421530497617056,0.6132845929626565,0.9987864522977163,0.19444444444444445,288,0.9038526865350333,0.6215277777777778,0.4384640338737651
20,P8,5,-0.260257766544973,0.593343638771931,1.017229254611679,0.2152777777777778,288,0.9192587701274741,0.6770833333333334,0.4528820364010628
20,P8,6,-0.03384683346978168,0.6296893998837285,0.9127004022876236,0.22569444444444445,288,0.9242748481129694,0.6909722222222222,0.44039615557780243
20,P8,7,-0.043401827711053276,0.59790052958334,0.9341715056369105,0.20833333333333334,288,0.9307399678945183,0.6701388888888888,0.5561594097508343
20,U,1,0.9797052667599212,0.9887177131330134,0.12316407910329064,0.9340277777777778,288,0.9797052667599212,0.9340277777777778,0.9654593424315823
20,U,2,-0.7148506527161396,0.1407350158195527,1.2496667407598359,0.14583333333333334,288,0.9086557913350795,0.5798611111111112,0.4265067523846281
20,U,3,-0.4658352808625541,0.12617119278628983,1.1687346728630832,0.15625,288,0.9342690823151903,0.6631944444444444,0.3328535324285522
20,U,4,-0.4556005508098173,0.11687513553101565,1.1652196467448908,0.16319444444444445,288,0.9047523091542097,0.6527777777777778,0.48097071136258734
20,U,5,-0.4637211133362036,0.17689850129889378,1.1633266629188335,0.17708333333333334,288,0.9245245934387482,0.6666666666666666,0.5696660341158503
20,U,6,-0.46521690707884367,0.24579869036739646,1.1627005682473004,0.18055555555555555,288,0.9419964771694804,0.7708333333333334,0.0092596021287829
20,U,7,-0.4793982306831015,0.20737498704559654,1.170570433205054,0.1840277777777778,288,0.9423229315041489,0.7708333333333334,0.7446324137107068
20,E,1,0.9296604533112277,0.9614310509542969,0.23960258176498014,0.6944444444444444,288,0.9296604533112277,0.6944444444444444,0.08885937082247371
20,E,2,-2.1626712684413616,0.35614835825647456,1.7560957126479366,0.0625,288,0.9142549136553798,0.6597222222222222,0.12214290130900435
20,E,3,-4.051834415390878,0.4312276912652478,2.340282343731382,0.020833333333333332,288,0.8464459074965964,0.5104166666666666,0.18034351075231891
20,E,4,-1.0533043573543401,0.5602606114811023,1.3746936339503668,0.13194444444444445,288,0.824621001960348,0.46875,0.10300395990108693
20,E,5,-1.1799805378934973,0.4743541059044216,1.3979827605877704,0.1284722222222222,288,0.8218944337124963,0.4930555555555556,0.1268273850631327
20,E,6,0.10796078429413891,0.44868969685456667,0.8836868527795675,0.1909722222222222,288,0.8636161960382568,0.5243055555555556,0.3770918284257099
20,E,7,-3.8879827556493423,0.34699812150716547,2.262595395867668,0.04861111111111111,288,0.8960196126948473,0.5868055555555556,0.38859342083370596
24,P0,1,0.9668643164240275,0.9827755275149362,0.16757751241583263,0.8229166666666666,288,0.9668643164240275,0.8229166666666666,0.5920677093447365
24,P0,2,-5.650616442564475,0.11572679904654061,2.6863722990460106,0.0,288,0.9675276097359716,0.8680555555555556,0.4938758261404974
24,P0,3,-5.952217356130528,0.042652497994787375,2.760575377991488,0.0,288,0.9621426674691738,0.8263888888888888,0.32753108396082664
24,P0,4,-4.617690340978282,0.18036173831556454,2.451904043853969,0.024305555555555556,288,0.9354242368725683,0.7256944444444444,0.4274181305469099
24,P0,5,-4.1591815499834075,0.016441262047563337,2.298576175642175,0.034722222222222224,288,0.9231921088937245,0.7152777777777778,0.5288180648823808
24,P0,6,-3.9814742335373703,0.1816558953060047,2.279459530272545,0.027777777777777776,288,0.9334551593077016,0.7361111111111112,0.3975796095138044
24,P0,7,-2.710102777659222,0.18794440462574896,1.9048245567866249,0.06597222222222222,288,0.9465500573966772,0.7777777777777778,0.34399057357163554
24,P1,1,0.9730819308423228,0.985947123519677,0.1431477078553659,0.8923611111111112,288,0.9730819308423228,0.8923611111111112,0.4800775607635512
24,P1,2,-0.7575518880002341,0.2588131705247803,1.2532265028341212,0.11805555555555555,288,0.9728811866257197,0.9097222222222222,0.1591083995711534
24,P1,3,-1.5130967818945815,0.21034607985463516,1.510412641543371,0.13541666666666666,288,0.9500662186143431,0.78125,0.10211080930205078
24,P1,4,-0.36897438762485035,0.2824178649278784,1.1216693337227264,0.15625,288,0.9324122982238212,0.6631944444444444,0.350023897005941
24,P1,5,-0.07845192391298417,0.2961249924885964,0.9956150531525636,0.18055555555555555,288,0.9198429300208062,0.6631944444444444,0.2654662311094373
24,P1,6,0.08987479868307735,0.4775257019091622,0.9392045845000521,0.15625,288,0.9253729967867474,0.6458333333333334,0.3853306870127372
24,P1,7,-0.2525768787018339,0.22048060501920858,1.0877050174041691,0.14583333333333334,288,0.9478933786983491,0.7743055555555556,0.08056582954570948
24,P2,1,0.9416299025910522,0.9688132140687793,0.21029547243227487,0.75,288,0.9416299025910522,0.75,0.85512790210575
24,P2,2,0.36541309261012767,0.8894868588237731,0.7382410079990156,0.24305555555555555,288,0.9648452309336804,0.8576388888888888,0.22662329383298777
24,P2,3,0.47826993650957916,0.853979565621275,0.6639948936909321,0.2986111111111111,288,0.9045932489009528,0.6701388888888888,0.15179914670965353
24,P2,4,0.6503919425868452,0.8826879777331509,0.5217649536020373,0.3958333333333333,288,0.8594864361754331,0.6354166666666666,0.2694945225867228
24,P2,5,0.6602638568609538,0.881339138052974,0.5407842645839247,0.3368055555555556,288,0.8772885847897043,0.6111111111111112,0.16275391222028054
24,P2,6,0.6257230270673391,0.861525776804968,0.5662476494773916,0.3020833333333333,288,0.8877770667574187,0.6111111111111112,0.1937407697378611
24,P2,7,0.1959415882834732,0.662334965656662,0.8661864526134091,0.18055555555555555,288,0.9467290200063501,0.7465277777777778,0.032663793336179046
24,P3,1,0.9780067860357418,0.9881526586723988,0.13695956984446958,0.9340277777777778,288,0.9780067860357418,0.9340277777777778,0.3613614413447263
24,P3,2,-12.900450944419823,0.415406166368036,4.113247127053496,0.0,288,0.967972600681525,0.8645833333333334,0.26845555148172157
24,P3,3,-15.94310346437232,0.4161170413346158,4.5710056754125725,0.0,288,0.9642583847848109,0.8611111111111112,0.07821447388702249
24,P3,4,-10.336759209378283,0.2621670421619773,3.6553781850974,0.0,288,0.9377768215511545,0.7291666666666666,0.49713855996146616
24,P3,5,-13.08336805932263,0.32375797836898007,4.129384236088088,0.0,288,0.93923021169834,0.7430555555555556,0.6601476580671856
24,P3,6,-12.579577083272158,0.3648064507981515,4.061612092671153,0.0,288,0.9496894545050405,0.7569444444444444,0.6047905484901902
24,P3,7,-9.639363456861728,0.34061847437119297,3.5447844224347245,0.0,288,0.9565782617420199,0.8125,0.6699176319668463
24,P4,1,0.9739560562609975,0.986840274118713,0.1483834997937109,0.90625,288,0.9739560562609975,0.90625,0.03795890522622919
24,P4,2,-1.6615717473590204,0.3942075103133617,1.5970225857760338,0.08333333333333333,288,0.9733172303518192,0.9201388888888888,0.3382306635860147
24,P4,3,-0.5675676606805762,0.07954508600395388,1.1547080885803602,0.15625,288,0.9157768118702854,0.65625,0.22726125854658502
24,P4,4,-0.8515871032764657,0.0027523620500909804,1.201766233489883,0.1736111111111111,288,0.9378801784550139,0.7465277777777778,0.24652779289722188
24,P4,5,-1.4355213540983671,-0.03136963634573892,1.4316888502204737,0.1284722222222222,288,0.9078038822605594,0.6319444444444444,0.14015173379569235
24,P4,6,-1.6436306259112237,0.04556890811408908,1.5095107083191937,0.1076388888888889,288,0.899835864375096,0.6493055555555556,0.08319059865308101
24,P4,7,-0.598494717096735,0.13657913139954778,1.1884666725947257,0.15625,288,0.929528570445328,0.7013888888888888,0.02477125845081882
24,P5,1,0.9685778613245039,0.983486402481516,0.1611754030659797,0.8680555555555556,288,0.9685778613245039,0.8680555555555556,0.16634474217967074
24,P5,2,-9.36457125929165,0.588786747960522,3.553129258967794,0.0,288,0.9304866112347768,0.6666666666666666,0.36672034493894323
24,P5,3,-5.773181552047127,0.5149651168156978,2.7996728108664595,0.0,288,0.9535447753270483,0.7673611111111112,0.27202815387786616
24,P5,4,-2.759880599662352,0.4413986715563124,1.9644419318055144,0.04513888888888889,288,0.9266020789457796,0.6805555555555556,0.5345597473047561
24,P5,5,-3.8440474026124862,0.49810462081348483,2.3103094416473575,0.020833333333333332,288,0.9176574195599471,0.6493055555555556,0.4792208652910064
24,P5,6,-3.279726836994941,0.45091345957053414,2.127618935055696,0.034722222222222224,288,0.9382578238986932,0.7361111111111112,0.5649450952352307
24,P5,7,-3.3433006533767093,0.45636350098097933,2.1476525338785852,0.024305555555555556,288,0.9405418463858004,0.7222222222222222,0.5445849070898557
24,P6,1,0.9640850608500936,0.9800596205913364,0.17614430433064243,0.8229166666666666,288,0.9640850608500936,0.8229166666666666,0.48086134598311353
24,P6,2,-0.5301270302314636,0.3991107248264378,1.1782752802506344,0.14583333333333334,288,0.9211007410115862,0.6701388888888888,0.1252780421872537
24,P6,3,-0.2680499578261626,0.3650616366835904,1.0240005026775725,0.1875,288,0.949681469757418,0.7743055555555556,0.37158710432552794
24,P6,4,-0.16168222319042358,0.36090575226358546,0.981991732995267,0.19791666666666666,288,0.9346514030311623,0.7048611111111112,0.5125590784672739
24,P6,5,0.13279943615829382,0.48782427514294635,0.8886770264755453,0.1840277777777778,288,0.9353981733810278,0.7465277777777778,0.5563599129465363
24,P6,6,0.09430183272373605,0.480587932534429,0.9306432947808259,0.1701388888888889,288,0.9390299085246235,0.7152777777777778,0.5333020454408073
24,P6,7,0.0036017961202884363,0.2910395023430641,0.9571120828882803,0.1736111111111111,288,0.9384039243957639,0.7465277777777778,0.5107545497059559
24,P7,1,0.9721560845709666,0.9851451107368688,0.15155537557756574,0.8888888888888888,288,0.9721560845709666,0.8888888888888888,0.2634065164626805
24,P7,2,-0.18577036157290427,0.7690573484598584,1.0480838423481313,0.15625,288,0.9651628122896074,0.8680555555555556,0.15081485829438918
24,P7,3,-0.5604967108731631,0.5792537323830547,1.1451146248233597,0.19791666666666666,288,0.9405258373022132,0.7430555555555556,0.4895376660880361
24,P7,4,-1.7236195370877279,0.6338999669934703,1.645768435241533,0.04861111111111111,288,0.9207227113497114,0.6701388888888888,0.3869529401415988
24,P7,5,-1.5935592666700877,0.6538409211841957,1.6074421894135051,0.059027777777777776,288,0.915814192166004,0.6701388888888888,0.4974848836631332
24,P7,6,-1.5194045297534986,0.6169483331750291,1.5883753491860593,0.06944444444444445,288,0.9400416007679603,0.7361111111111112,0.34588624014918173
24,P7,7,-0.8433992378265325,0.48465267913820576,1.292376268931642,0.1388888888888889,288,0.9379560093062267,0.7361111111111112,0.6942878840262611
24,P8,1,0.9588398929179481,0.9782915469565098,0.17315254296991978,0.8194444444444444,288,0.9588398929179481,0.8194444444444444,0.3516096950083113
24,P8,2,-11.826147724347635,0.5945284303828974,3.9751193124890563,0.0,288,0.9398470659336668,0.6944444444444444,0.4567827349356289
24,P8,3,-5.650223578886926,0.6325146721868019,2.778918268664702,0.0,288,0.9608398885168855,0.8472222222222222,0.3951735711653805
24,P8,4,-3.893710279181194,0.6206667560771388,2.3464933024188124,0.006944444444444444,288,0.9438749959968501,0.7569444444444444,0.35633063388893094
24,P8,5,-3.2640881360102263,0.6571401101316557,2.1734526623957926,0.006944444444444444,288,0.9327450281461315,0.7291666666666666,0.47703355770153005
24,P8,6,-2.5493893510952677,0.7532540511258924,1.9866924864226156,0.006944444444444444,288,0.944030171594468,0.7361111111111112,0.5544642463689902
24,P8,7,-3.8013267835909064,0.39282221550669344,2.270654538738089,0.006944444444444444,288,0.9490452997375802,0.7881944444444444,0.597444840502199
24,U,1,0.9833363745374946,0.9895014983525758,0.10936091187299356,0.9375,288,0.9833363745374946,0.9375,0.9142945724010832
24,U,2,-0.8083496658554907,0.019193624097654318,1.2835907029926366,0.1909722222222222,288,0.960422559378508,0.8159722222222222,0.5231857478394795
24,U,3,-0.3987746474617764,0.06720502568665856,1.145736880570283,0.13541666666666666,288,0.9615383290689261,0.8159722222222222,0.3139150942163368
24,U,4,-0.3843759801345339,0.053279167366992945,1.140935512691702,0.125,288,0.9270091826744509,0.7118055555555556,0.20626310568761275
24,U,5,-0.5099671354181274,-0.05892971197313999,1.1790547785955063,0.13541666666666666,288,0.9403718570094364,0.7534722222222222,0.6149068460915179
24,U,6,-0.4657082273917834,0.05160223154839447,1.1629640110500608,0.13541666666666666,288,0.9457852578741568,0.7638888888888888,0.5807483925691967
24,U,7,-0.4449527262337487,0.0868178837389625,1.1589148078903728,0.125,288,0.9592733691767767,0.8229166666666666,0.7394740133121918
24,E,1,0.9612744193555395,0.9783644572094924,0.18304401845214213,0.8368055555555556,288,0.9612744193555395,0.8368055555555556,0.42544955371638127
24,E,2,-0.9785662273628042,0.16171494111527931,1.2877296346228126,0.13194444444444445,288,0.9524156971352814,0.8090277777777778,0.14664074631113863
24,E,3,0.01120010751370637,0.3048742228465015,0.9490380821310271,0.1527777777777778,288,0.8959420891508484,0.5625,0.06758780451481691
24,E,4,-0.14621820720510414,0.5400462438416924,0.9700861816448589,0.2222222222222222,288,0.9021277563807188,0.6319444444444444,0.09553065897037634
24,E,5,-0.790792462390721,0.5840658090799025,1.2981875235088696,0.1076388888888889,288,0.8979229122248084,0.6041666666666666,0.10127234139275157
24,E,6,-3.1014018102349326,0.4905219545033004,2.08851520986963,0.041666666666666664,288,0.9137129539689813,0.6423611111111112,0.3573331498674409
24,E,7,-6.482867727237466,0.29772901805421237,2.915525035013069,0.0,288,0.9337436215818667,0.7083333333333334,0.04549599786110653
28,P0,1,0.9740899068982275,0.9862023094051158,0.1459766900098946,0.8923611111111112,288,0.9740899068982275,0.8923611111111112,0.273085352546113
28,P0,2,-0.18964347525951153,-0.05918489785857889,1.03792142861872,0.1701388888888889,288,0.9651244440964772,0.8298611111111112,0.5676245470323391
28,P0,3,-0.7954534963451296,0.10520949505380886,1.2206912574415079,0.20833333333333334,288,0.9594230627296472,0.8090277777777778,0.08625282927834779
28,P0,4,-0.6608750518101434,0.15520770103658738,1.1727785165161653,0.2013888888888889,288,0.9311699560431584,0.6736111111111112,0.2433015142027444
28,P0,5,-1.1838464300773546,-0.022656861114325088,1.362101200384439,0.16319444444444445,288,0.9202883370394409,0.6770833333333334,0.1691882420459899
28,P0,6,-1.8159631216036431,0.10327737334977148,1.5956119434523437,0.0763888888888889,288,0.9241023433087571,0.6909722222222222,0.2680363175270719
28,P0,7,-2.9324601993352095,0.08249795124974685,1.9355781896420945,0.059027777777777776,288,0.937837232836039,0.7256944444444444,0.5141266489063985
28,P1,1,0.9760556180092606,0.9862023094051158,0.14045613277926783,0.9131944444444444,288,0.9760556180092606,0.9131944444444444,0.07927167255526936
28,P1,2,0.004412443694407742,0.14541949957368105,0.990019138137717,0.13194444444444445,288,0.9674250403142375,0.8611111111111112,0.22390738690938808
28,P1,3,-0.16016058911427988,0.2279174508234279,1.058662545038092,0.11805555555555555,288,0.938048951775984,0.7361111111111112,0.12803040423734466
28,P1,4,-0.07640452154781818,0.5330286319921227,1.0026406713172156,0.15625,288,0.9317748882203309,0.6840277777777778,0.3335097247053951
28,P1,5,-0.12355429174913879,0.43421701163753196,1.0344584712457818,0.125,288,0.910262382313539,0.6354166666666666,0.39222070591958746
28,P1,6,-0.04053802427183162,0.1748023315256457,1.0190255604539586,0.12152777777777778,288,0.9293212371829817,0.7083333333333334,0.40505291044451497
28,P1,7,0.01683331798827481,0.1465131533684192,0.9794272095492835,0.1423611111111111,288,0.9428321022056235,0.7430555555555556,0.025792001992574417
28,P2,1,0.91438064047186,0.955270134577272,0.2520939198384891,0.6736111111111112,288,0.91438064047186,0.6736111111111112,0.6621162348977142
28,P2,2,0.4755057399640903,0.9086258002316905,0.6708728510718974,0.2569444444444444,288,0.9607523347790037,0.8298611111111112,0.6249502334398632
28,P2,3,0.6522072489497381,0.8817765995708692,0.5469878286042813,0.3298611111111111,288,0.8859416528572328,0.59375,0.10311332528056077
28,P2,4,0.7324825967730006,0.9072951881147592,0.4699856487448839,0.3611111111111111,288,0.8276023627025146,0.6006944444444444,0.0573985966605066
28,P2,5,0.7008451957855881,0.8768916126210389,0.4977387870130243,0.3715277777777778,288,0.8400369886094037,0.6111111111111112,0.2169626853128009
28,P2,6,0.6249544855175311,0.8378846272753786,0.5590995546014569,0.3368055555555556,288,0.8766398216952548,0.6319444444444444,0.21532220462069368
28,P2,7,0.26033781817429547,0.6703004107950046,0.8481907716827428,0.16319444444444445,288,0.922732902752659,0.6631944444444444,0.010535531555977395
28,P3,1,0.9758673719760285,0.985837758140203,0.13999262947559565,0.9236111111111112,288,0.9758673719760285,0.9236111111111112,0.31956563882248384
28,P3,2,-1.607661902520308,0.2876309480161302,1.5550311754030313,0.1284722222222222,288,0.963777779923405,0.8263888888888888,0.3681603224353484
28,P3,3,-0.03737044574573245,0.20710157359691203,0.996799310063207,0.16319444444444445,288,0.9566567421008129,0.8159722222222222,0.14069856069306141
28,P3,4,0.03325452262791995,0.22461826187596784,0.944375628655343,0.17708333333333334,288,0.9359698673883561,0.7013888888888888,0.4925452140235659
28,P3,5,-0.053838580657475044,0.18371560995276154,0.9889374696285194,0.16319444444444445,288,0.9399647805594081,0.7395833333333334,0.4985785374578714
28,P3,6,0.043270284046724616,0.2854618679898996,0.9309855178065722,0.1909722222222222,288,0.9380048590083248,0.7326388888888888,0.3868800298886162
28,P3,7,0.01667818244264696,0.3758523541250067,0.9521568676103792,0.1701388888888889,288,0.9407633530747463,0.7430555555555556,0.13100149704638328
28,P4,1,0.9752815072890823,0.985582572254764,0.14203383413366125,0.8993055555555556,288,0.9752815072890823,0.8993055555555556,0.03915280585162533
28,P4,2,-2.7425704200792516,0.26276855174908326,1.891923331418378,0.0625,288,0.9583515686927916,0.8368055555555556,0.44967398526983093
28,P4,3,-4.3242503057491115,0.12965265736620624,2.344602785087708,0.020833333333333332,288,0.877934200863857,0.6041666666666666,0.4587330842029119
28,P4,4,-3.471159348315636,-0.12001027640926497,2.093564660951757,0.052083333333333336,288,0.909743244761306,0.6909722222222222,0.30864732843834813
28,P4,5,-2.39203410393342,-0.1949255613488274,1.7892734080395967,0.0798611111111111,288,0.9040520703549819,0.6770833333333334,0.09841061396318677
28,P4,6,-2.7598332766089047,-0.13461055456901913,1.8435202253902156,0.11458333333333333,288,0.8794537932817416,0.5416666666666666,0.14494558292929452
28,P4,7,-1.4746527034753507,0.014946601861421216,1.461475559973397,0.11805555555555555,288,0.9318104501529658,0.7361111111111112,0.05497433074883706
28,P5,1,0.9689674541672589,0.9838144986199375,0.15875176476074632,0.8506944444444444,288,0.9689674541672589,0.8506944444444444,0.17104745349704475
28,P5,2,-0.1294622153485001,0.5709419635430448,1.009294309821827,0.16319444444444445,288,0.92625677693213,0.6770833333333334,0.300700110863251
28,P5,3,-2.168265666717105,0.5469544903117883,1.7937603423131177,0.05555555555555555,288,0.9414527721215613,0.7534722222222222,0.3240678469441559
28,P5,4,-0.9002399305579725,0.5042108545007727,1.3347664419985403,0.13194444444444445,288,0.916952897377874,0.6319444444444444,0.4519524306755354
28,P5,5,-1.186938498699457,0.5957861322468463,1.4583648274657142,0.1076388888888889,288,0.8992066553907886,0.5868055555555556,0.45636350098097933
28,P5,6,-0.7527660214991001,0.4401409696923636,1.2581819536746641,0.1423611111111111,288,0.9390001964522809,0.7152777777777778,0.5703586815191845
28,P5,7,0.18858524080383898,0.47490093280179063,0.8646186591020726,0.17708333333333334,288,0.9370668261170753,0.7013888888888888,0.5135433668825382
28,P6,1,0.9688860600580547,0.983140078779849,0.15253303768996063,0.8298611111111112,288,0.9688860600580547,0.8298611111111112,0.08856772981054353
28,P6,2,-0.02633068638019287,0.35458078781734986,0.9434282104678756,0.1875,288,0.9318064992346198,0.7083333333333334,0.014618505722999775
28,P6,3,-0.2549026135208279,0.13049112527550547,1.0409360751732288,0.17708333333333334,288,0.945011724155204,0.7326388888888888,0.11324785044513416
28,P6,4,-0.969201698348005,0.17022721315099112,1.279408481729146,0.15625,288,0.9330922816366246,0.6979166666666666,0.26260450367987254
28,P6,5,-0.7206204133833432,0.25276161952722925,1.1844731405416793,0.16666666666666666,288,0.931132879115133,0.7361111111111112,0.4566551419929094
28,P6,6,-2.881298190879887,0.26758062844593106,1.8898940493106566,0.11805555555555555,288,0.9449344815537719,0.7465277777777778,0.09097376815896742
28,P6,7,-4.522006500894262,0.2322009281861523,2.358440175031267,0.052083333333333336,288,0.9283195903049231,0.7048611111111112,0.3077906329658033
28,P7,1,0.9790034644411324,0.9885901201902939,0.13288401588329707,0.9236111111111112,288,0.9790034644411324,0.9236111111111112,0.33321808369346495
28,P7,2,-0.572581566239178,0.48016869857977934,1.1595159468838887,0.1597222222222222,288,0.959617803595196,0.8090277777777778,0.230815633379484
28,P7,3,-0.43225814961697884,0.3028874184527272,1.1040233254351026,0.1701388888888889,288,0.9245768528810555,0.6701388888888888,0.3105612225791398
28,P7,4,-0.48845912092676635,0.3232840617245935,1.1256821898852283,0.16666666666666666,288,0.9170597674462787,0.6423611111111112,0.5262297509015006
28,P7,5,-1.3520130390393241,0.4825656837511666,1.5033676448486193,0.0798611111111111,288,0.906264441025811,0.6805555555555556,0.5362731382498458
28,P7,6,-3.769945478381157,0.44196372601692707,2.2622272414628863,0.027777777777777776,288,0.9342382022852653,0.6805555555555556,0.44806995970421504
28,P7,7,-8.666562222849015,0.3723891171083359,3.349372705766866,0.0,288,0.927473283063763,0.7118055555555556,0.5828627899056905
28,P8,1,0.9454426534400684,0.9730602363050124,0.20670963545569665,0.7465277777777778,288,0.9454426534400684,0.7465277777777778,0.012595246202734221
28,P8,2,-2.842910679724663,0.4503119499834282,1.9896201787251873,0.052083333333333336,288,0.948481467582269,0.7395833333333334,0.49447733572760333
28,P8,3,-15.645276943967701,0.32734880832837027,4.520900866936336,0.0,288,0.9527010354388593,0.7986111111111112,0.15353076521798892
28,P8,4,-11.000100958550858,0.4559078118998383,3.8104353471438324,0.0,288,0.9325436744223216,0.7048611111111112,0.30137453070333947
28,P8,5,-9.60874459077948,0.41527857342531654,3.5665674630642172,0.0,288,0.9280629330238342,0.7118055555555556,0.5096608959112178
28,P8,6,-3.1835119530194227,0.5592398679393468,2.128101070504446,0.013888888888888888,288,0.9265235011928525,0.6666666666666666,0.07383985870806993
28,P8,7,-3.9951500062922722,0.4769241923220562,2.329571842618145,0.006944444444444444,288,0.9262591273474375,0.6701388888888888,0.6784481315658039
28,U,1,0.9847128056471727,0.9901941457559099,0.10485341184549807,0.9479166666666666,288,0.9847128056471727,0.9479166666666666,0.5683171944356733
28,U,2,-0.7294819755400295,0.12135911608944201,1.2553270834091226,0.16666666666666666,288,0.9595658007997803,0.8055555555555556,0.5750067101468216
28,U,3,-0.6993958000266278,0.12050242061689714,1.243188427379024,0.18055555555555555,288,0.9609179132390314,0.7951388888888888,0.5079110498396369
28,U,4,-0.5170423296346229,0.07496996762929935,1.1816871423741895,0.1388888888888889,288,0.9270611665832902,0.6736111111111112,0.25587853284223294
28,U,5,-0.4725856312743004,-0.17492992446836514,1.1735305070231015,0.125,288,0.9352243675958515,0.7083333333333334,0.6072877246548424
28,U,6,-0.31681273313527236,0.04407424792794695,1.119846353126642,0.12152777777777778,288,0.9393568266479281,0.7395833333333334,0.5554667623475001
28,U,7,-0.7259494157524478,-0.007783169505886413,1.2529426236345413,0.1597222222222222,288,0.9558870956193952,0.7951388888888888,0.6124643526166028
28,E,1,0.9599682876872235,0.978783691164142,0.18194242838051,0.8125,288,0.9599682876872235,0.8125,0.20081306427716772
28,E,2,-1.2374108538753297,0.12454893965742826,1.432427915236993,0.1111111111111111,288,0.9418010409710125,0.7326388888888888,0.05522951663427596
28,E,3,-3.1041949349725915,0.2704423558754958,2.033984648784961,0.04861111111111111,288,0.8958057128360569,0.6180555555555556,0.046352693333651405
28,E,4,-1.313347677399355,0.39280398794344784,1.4579254359060565,0.1111111111111111,288,0.911810985690632,0.625,0.07852434246219829
28,E,5,-0.44542763434207244,0.4484527385323734,1.13161426430554,0.1527777777777778,288,0.8668004646704739,0.5729166666666666,0.10952942754302451
28,E,6,-0.724597824671888,0.4082609615757469,1.1939137132068551,0.1909722222222222,288,0.9097561111308715,0.6388888888888888,0.15892612393869704
28,E,7,-7.562151517346527,0.22022541913376967,3.078199305583347,0.0,288,0.9351207292454775,0.7048611111111112,0.46691726010020224
32,P0,1,0.9719114037548866,0.9843795530805521,0.15161574852061727,0.8888888888888888,288,0.9719114037548866,0.8888888888888888,0.07817801876053121
32,P0,2,-0.05107277363625706,0.12640815110848308,0.9988545338052701,0.1423611111111111,288,0.9633776366369438,0.8090277777777778,0.619554874719155
32,P0,3,-2.4540247103208723,0.20429452885708416,1.8015868362643923,0.07291666666666667,288,0.9520571339502133,0.7708333333333334,0.24297341806432293
32,P0,4,-1.2512140961534404,0.08481285178194257,1.3859001180243413,0.1423611111111111,288,0.9210486858843885,0.6145833333333334,0.12908760290559151
32,P0,5,-1.2760565125914733,-0.06581973087999025,1.3778976652454498,0.1736111111111111,288,0.9026854604177001,0.625,0.2297584347112371
32,P0,6,-1.3568868422176577,-0.0818599865361496,1.4092543272801636,0.1701388888888889,288,0.9104402445145297,0.6284722222222222,0.18812668025820534
32,P0,7,-4.039578465242836,0.10592037002038865,2.2426604096267804,0.03819444444444445,288,0.927588293103276,0.6770833333333334,0.6341916080054004
32,P1,1,0.9623872976254026,0.9790935597393179,0.1731159773518799,0.8090277777777778,288,0.9623872976254026,0.8090277777777778,0.14707820782903389
32,P1,2,-0.03517101217647278,0.3226643245742419,1.0126531919927648,0.13541666666666666,288,0.9556089684549915,0.7881944444444444,0.6173493395664331
32,P1,3,0.02189523358035883,0.22686025215518105,0.9857004213829941,0.13541666666666666,288,0.9227788325672532,0.6770833333333334,0.22119147998578834
32,P1,4,0.11581048520784587,0.7171270207730426,0.9360630215880463,0.14583333333333334,288,0.9042934277183289,0.6284722222222222,0.1779192448406494
32,P1,5,0.08718680386766353,0.6610408086662217,0.9563032247809178,0.14583333333333334,288,0.8992547370393543,0.5833333333333334,0.25124873177784146
32,P1,6,0.04304541145779972,0.3408007500036494,0.973218268519278,0.125,288,0.8885604648912349,0.6076388888888888,0.10770667121846093
32,P1,7,-0.06060811165540825,0.11220887934013293,1.0231429882875438,0.12152777777777778,288,0.92856327124257,0.6979166666666666,0.037166001457851046
32,P2,1,0.8705514294552645,0.9360947380428634,0.32266317464014743,0.5625,288,0.8705514294552645,0.5625,0.29393768489912014
32,P2,2,0.5201613639650148,0.9051261080885283,0.662435281336643,0.2673611111111111,288,0.9634623481261525,0.8472222222222222,0.41292721776662955
32,P2,3,0.5757617869602287,0.8688532572297136,0.5991205173000578,0.2881944444444444,288,0.8004133663995626,0.4722222222222222,0.004775621570356535
32,P2,4,0.6753279090299251,0.8858960288643828,0.5059203742354934,0.375,288,0.7618702820377954,0.5347222222222222,0.09556711409686759
32,P2,5,0.6672858195118898,0.8809381316615699,0.5330314741540798,0.3402777777777778,288,0.797834120843443,0.5833333333333334,0.18942083724864547
32,P2,6,0.6100553542541093,0.8554377706809256,0.573136358703719,0.3194444444444444,288,0.8642514325630515,0.625,0.18274954910074281
32,P2,7,0.2943941213599319,0.6881451952124819,0.8277939561345059,0.1701388888888889,288,0.894445072553847,0.6423611111111112,0.08796622022343753
32,P3,1,0.9661599094144147,0.9821557903645844,0.17490191219097323,0.8645833333333334,288,0.9661599094144147,0.8645833333333334,0.3862602927382647
32,P3,2,-0.15602185269285895,0.22281373311464994,1.02201764740211,0.14583333333333334,288,0.9503872011695867,0.7430555555555556,0.31387863908984553
32,P3,3,-0.40280333987096695,0.1284678657552399,1.097546504905122,0.1597222222222222,288,0.9419538582604466,0.7569444444444444,0.11375822221601195
32,P3,4,-0.15068678174108752,0.22108211460631455,1.002312540039142,0.15625,288,0.918427080174808,0.6423611111111112,0.5371845164121276
32,P3,5,-0.6683428183698905,0.12930633366453914,1.1861902020870567,0.16666666666666666,288,0.9296015620621254,0.6597222222222222,0.5850500974951668
32,P3,6,-0.29871940562539034,0.12970734005594314,1.0566315464938336,0.1909722222222222,288,0.9388164602275588,0.7326388888888888,0.2756918940902389
32,P3,7,-0.45011435732756566,0.13933149344963877,1.1056195549860228,0.1909722222222222,288,0.9235383965616626,0.6909722222222222,0.518410126269123
32,P4,1,0.9810075310960683,0.9875511490852927,0.12315122145721943,0.9409722222222222,288,0.9810075310960683,0.9409722222222222,0.03968140518574876
32,P4,2,-5.054734977673178,-0.24189799183283042,2.3288554367989605,0.0763888888888889,288,0.9461528808527638,0.8333333333333334,0.4468122578402662
32,P4,3,-11.474200931143354,-0.1540958196786036,3.450719003225337,0.041666666666666664,288,0.828318837691308,0.5590277777777778,0.3488026502684834
32,P4,4,-9.044160763358189,-0.28619097051972503,3.1011310232549953,0.052083333333333336,288,0.8550837578019974,0.6284722222222222,0.2716636026129534
32,P4,5,-6.170760828463908,-0.3726807581202661,2.5834212573409445,0.07291666666666667,288,0.8639607773846769,0.59375,0.23971068424335418
32,P4,6,-3.717872602619779,-0.16787585749230413,2.087672472239293,0.06597222222222222,288,0.8367395490787274,0.4965277777777778,0.15976459184799627
32,P4,7,-1.4623875327536435,0.06818931410192289,1.4752567534818928,0.11458333333333333,288,0.9294063766076563,0.7361111111111112,0.0759178009180724
32,P5,1,0.9680550318024015,0.9828302102046733,0.16406796343485086,0.8680555555555556,288,0.9680550318024015,0.8680555555555556,0.08444830051702987
32,P5,2,-0.32450050412879916,0.284240621252442,1.1004929720270176,0.14583333333333334,288,0.8992480475152685,0.59375,0.20673702233199934
32,P5,3,-0.8685698069656136,0.538369308023094,1.30105179581277,0.16319444444444445,288,0.914438485900688,0.6388888888888888,0.4010428465304751
32,P5,4,-0.017034513977979282,0.5674058162733915,0.9658697398184396,0.1875,288,0.8959016024420132,0.5659722222222222,0.42621511137269785
32,P5,5,-0.20192356327972827,0.6424669217189191,1.0434042990108974,0.1909722222222222,288,0.8942551692330704,0.5729166666666666,0.4943497427848839
32,P5,6,-0.06912017106385027,0.3991836350794203,0.9889439912078548,0.1840277777777778,288,0.9274623429205147,0.6701388888888888,0.5824617835142866
32,P5,7,0.050638607333014174,0.33850407703469926,0.9502430117232675,0.15625,288,0.9231415155797339,0.6631944444444444,0.43831821336779997
32,P6,1,0.961442053884533,0.978437367462475,0.1727709011201215,0.7951388888888888,288,0.961442053884533,0.7951388888888888,0.061335750321563895
32,P6,2,-0.12265907020098488,0.1904051256639098,1.000138083059885,0.1736111111111111,288,0.9305301779590863,0.6631944444444444,0.010991220637118285
32,P6,3,-1.116468365333549,0.11581793686276878,1.3443005405745057,0.125,288,0.9379454724062652,0.6979166666666666,0.055758115968399385
32,P6,4,-1.4863314459206296,0.12088519944505549,1.4572373626643902,0.12152777777777778,288,0.9152711090329175,0.6527777777777778,0.20786713125322873
32,P6,5,-1.1354863560281458,0.12699143313234343,1.3347456350352698,0.125,288,0.9134714728451956,0.6527777777777778,0.4145130157689999
32,P6,6,-0.7624944221076331,0.21085645162551298,1.2294493735572132,0.1284722222222222,288,0.9519783412655619,0.7673611111111112,0.16999025482879787
32,P6,7,-1.4255690680527873,0.20511476920313773,1.4325348597520369,0.1388888888888889,288,0.9346900081762746,0.6701388888888888,0.25039203630529666
32,P7,1,0.9805273082713948,0.98818911379889,0.12587586765487246,0.9479166666666666,288,0.9805273082713948,0.9479166666666666,0.4257958774180483
32,P7,2,-0.13437495998094962,0.2961796751783334,0.9837981938104251,0.19444444444444445,288,0.9306383332874996,0.6180555555555556,0.23269307239378442
32,P7,3,-0.2200074597355357,0.2020343110146253,1.0438608812083152,0.1423611111111111,288,0.9262445704989568,0.6875,0.20489603844419013
32,P7,4,-0.44358336842500967,0.1576319669482569,1.1194936813758207,0.13194444444444445,288,0.9028205610740627,0.6284722222222222,0.5531883169417958
32,P7,5,-0.05199070944765061,0.3189459016721322,0.9600838798243072,0.18055555555555555,288,0.8949736086577075,0.5625,0.49039436156058097
32,P7,6,-0.24819142661799498,0.27106209302584744,1.0606657591574309,0.14583333333333334,288,0.9212311809845374,0.6597222222222222,0.4095915736926782
32,P7,7,-0.5071210241545947,0.18748871554460808,1.1449284319413744,0.12152777777777778,288,0.9204774805519155,0.6631944444444444,0.5527873105503918
32,P8,1,0.9259879033124501,0.9633449450950886,0.23463929812698905,0.75,288,0.9259879033124501,0.75,0.0860523260826458
32,P8,2,0.015663832169607317,0.3022859088656213,0.9572499201183634,0.1736111111111111,288,0.9535861067431423,0.7708333333333334,0.5664397554213728
32,P8,3,-0.3126687436989848,0.23034171673509743,1.0963949594401625,0.1527777777777778,288,0.9483350095356601,0.7777777777777778,0.20670056720550803
32,P8,4,0.0636680530104703,0.2829829193884931,0.9198576580248241,0.16666666666666666,288,0.9244738043973003,0.7118055555555556,0.37927913601518615
32,P8,5,-0.01078475667807588,0.309103017519489,0.9590984816465613,0.1909722222222222,288,0.9173954197587992,0.6805555555555556,0.2709709552096192
32,P8,6,-0.7991138580310793,0.4617953148281786,1.2931009296471099,0.10416666666666667,288,0.9222984674013261,0.6805555555555556,0.035580203455480755
32,P8,7,-1.059083634877514,0.5601330185383828,1.4038829008165834,0.09375,288,0.9595301897930401,0.8194444444444444,0.7939015171636599
32,U,1,0.9900868264139943,0.9914336200566132,0.08079700220469362,0.9756944444444444,288,0.9900868264139943,0.9756944444444444,0.3519195635834871
32,U,2,-0.08366362020766238,0.34440980752628525,1.0334277729514263,0.1111111111111111,288,0.9710023896540854,0.8819444444444444,0.5080204152191107
32,U,3,0.01460314430302645,0.11538047534487353,0.9837667522031092,0.16666666666666666,288,0.961519661176666,0.8194444444444444,0.5591487301231186
32,U,4,0.025719711585271532,0.18639506174986992,0.9808475993066718,0.16319444444444445,288,0.9365999096308786,0.7291666666666666,0.5482668748654741
32,U,5,0.03292759185537708,0.2376145144701061,0.9733014723606926,0.19444444444444445,288,0.9254279821665115,0.65625,0.6271922237190763
32,U,6,0.03192511093256245,0.24827763896880292,0.9783070654618763,0.17708333333333334,288,0.9414786995064945,0.71875,0.547173221070736
32,U,7,0.014810156796448593,0.14529190663096161,0.9866629261637418,0.18055555555555555,288,0.9475629233498437,0.7604166666666666,0.540720663681781
32,E,1,0.9490899584001504,0.9736982010186096,0.20156444609852228,0.7708333333333334,288,0.9490899584001504,0.7708333333333334,0.06890018906850268
32,E,2,-6.309927203214427,0.19503492672830125,2.843587128537255,0.006944444444444444,288,0.942198393944735,0.7743055555555556,0.034595915040216425
32,E,3,-6.907904321771818,0.31672213895616474,3.003750657340577,0.0,288,0.8789044782939367,0.5763888888888888,0.052859933412343324
32,E,4,-4.795748436049022,0.30317909754039374,2.518726559759238,0.003472222222222222,288,0.9013929863896954,0.5902777777777778,0.13098326948313763
32,E,5,-7.385091735940042,0.5116112451785009,3.1479618432296887,0.0,288,0.8716229443349351,0.5694444444444444,0.18706948158995848
32,E,6,-0.720833395852067,0.2566987731882866,1.2193619935654871,0.1597222222222222,288,0.9015599426366158,0.625,0.06179143940270478
32,E,7,-3.8112857098938075,0.24926192738406724,2.1982108533706692,0.020833333333333332,288,0.9208770037194128,0.6666666666666666,0.05661481144094426
36,P0,1,0.9652270504234388,0.9815178256509874,0.17110095528916824,0.8576388888888888,288,0.9652270504234388,0.8576388888888888,0.04015532183013529
36,P0,2,-0.14301889646076948,0.15626489970483426,1.0124790108255437,0.17708333333333334,288,0.9588673901609391,0.7916666666666666,0.6088370675307213
36,P0,3,-3.5620302750369612,0.15371304085044524,2.142622468578791,0.03125,288,0.931554806667024,0.6631944444444444,0.21431968864218376
36,P0,4,-2.933693541430696,0.22091806653710383,1.9500164291099016,0.06597222222222222,288,0.9221523015658115,0.6527777777777778,0.12608005497006167
36,P0,5,-1.7098223256940979,-0.05216728600900917,1.5061061942897882,0.12152777777777778,288,0.8896103075837174,0.6180555555555556,0.21242402206463762
36,P0,6,-1.3856239482504877,0.013415486548787823,1.3892402173635097,0.1527777777777778,288,0.8929997013557787,0.5833333333333334,0.1795232704062653
36,P0,7,-2.7569833261303502,-0.06667642635253512,1.831773171200252,0.09722222222222222,288,0.915964435421108,0.6354166666666666,0.6164379614041513
36,P1,1,0.9037452494434107,0.9514605738589342,0.2768242783723076,0.625,288,0.9037452494434107,0.625,0.13896694218472602
36,P1,2,-0.006469055437346771,0.32776804228301987,1.0020691183406136,0.125,288,0.9564706931733825,0.8263888888888888,0.6729798625921131
36,P1,3,-0.23355765535167805,0.18178348824872415,1.0899370951536733,0.11458333333333333,288,0.9126353606105035,0.6388888888888888,0.23238320381860864
36,P1,4,-0.08913490407307534,0.5709784186695361,1.0303234647193822,0.1388888888888889,288,0.8976222065679142,0.6076388888888888,0.12063001355961661
36,P1,5,-0.14737659358036592,0.459480414295983,1.051718602692719,0.1388888888888889,288,0.8733110243184149,0.5486111111111112,0.22290487093087813
36,P1,6,-0.11849928160321022,0.011118813579837735,1.0553871881744619,0.11458333333333333,288,0.8819236976665306,0.5729166666666666,0.08878646056949115
36,P1,7,-0.028976420852277807,0.17636990196477037,1.01450303063522,0.11805555555555555,288,0.9149098059408018,0.6041666666666666,0.011501592407996081
36,P2,1,0.7515034612597227,0.8671398662846238,0.4437903383328156,0.4340277777777778,288,0.7515034612597227,0.4340277777777778,0.3220628149871359
36,P2,2,0.4573583661010201,0.8857319807951721,0.7104134307938094,0.22916666666666666,288,0.9499073448577878,0.8125,0.22627697013132073
36,P2,3,0.530421502804353,0.8165401507147394,0.6454615717618736,0.2708333333333333,288,0.7245616420243135,0.3541666666666667,0.06206485285138932
36,P2,4,0.6388424369556494,0.8575703955806651,0.553107746187211,0.3055555555555556,288,0.7052361607498193,0.5104166666666666,0.13335285270507025
36,P2,5,0.623360820681499,0.8558387770723297,0.5719025535262284,0.3090277777777778,288,0.7586417704052335,0.5034722222222222,0.14700529757605135
36,P2,6,0.5797595377077669,0.8119650323400848,0.5978172104086966,0.3263888888888889,288,0.8063407605695703,0.5069444444444444,0.1405345126238507
36,P2,7,0.24429721796657788,0.589643443433067,0.8623231388969308,0.16319444444444445,288,0.8707876371066186,0.5729166666666666,0.11153445950004442
36,P3,1,0.9736410525307907,0.9859653510829225,0.1519640412132419,0.9131944444444444,288,0.9736410525307907,0.9131944444444444,0.45162433453711404
36,P3,2,-0.8319794596582493,0.3013380755768482,1.2698451925614236,0.15625,288,0.9346947274724557,0.7222222222222222,0.5156759917822776
36,P3,3,-0.2763660213419279,0.15189028452588169,1.0809979715709668,0.16666666666666666,288,0.9372024329471087,0.7118055555555556,0.19930017652777998
36,P3,4,-0.7384038831313773,0.23347685761334674,1.254653480443183,0.14930555555555555,288,0.9094699361523833,0.6215277777777778,0.5253001451759732
36,P3,5,-0.9198879440199046,0.09150236749309085,1.2966232201469905,0.1423611111111111,288,0.916385251980734,0.6319444444444444,0.5109095481577868
36,P3,6,-1.1526213400737966,0.1863586066233787,1.3973124409976168,0.13541666666666666,288,0.9247700352115984,0.6979166666666666,0.3091941553357172
36,P3,7,-0.22450215817667996,0.18776212899329262,1.0703117329700254,0.14583333333333334,288,0.9242254295784296,0.6631944444444444,0.5583467173403106
36,P4,1,0.9753689638491225,0.9870590048776607,0.14460212193266792,0.9201388888888888,288,0.9753689638491225,0.9201388888888888,0.05426345578225726
36,P4,2,-2.960844689736071,-0.3430427402828625,1.8779722290979508,0.09722222222222222,288,0.9458470256885715,0.7986111111111112,0.45335595304544934
36,P4,3,-3.836346094796366,-0.3828699659745764,2.019886678958294,0.08680555555555555,288,0.7645822522332605,0.4895833333333333,0.09102845084870434
36,P4,4,-4.277161500238401,-0.24033042139370578,2.1296485527334834,0.09027777777777778,288,0.7901448941312157,0.5590277777777778,0.26395334336004955
36,P4,5,-4.201845120031526,-0.36066879394139223,2.1179402951647806,0.0625,288,0.8468930400809702,0.5798611111111112,0.11386758759548576
36,P4,6,-2.526815532125466,-0.07606362142403747,1.707539267615282,0.125,288,0.8711644641214633,0.5868055555555556,0.142120310626221
36,P4,7,-1.5468913065364034,0.07675626882737163,1.4580818603872379,0.14583333333333334,288,0.9165652073607974,0.6701388888888888,0.07278266003982306
36,P5,1,0.9704632475209893,0.9829213480209014,0.15538127276431793,0.8958333333333334,288,0.9704632475209893,0.8958333333333334,0.08306300571036157
36,P5,2,0.1163298134090508,0.3908171835496736,0.9160897910863857,0.16666666666666666,288,0.9082019568849442,0.5972222222222222,0.15819702140887162
36,P5,3,0.13262218642973111,0.4836501631596958,0.9181558510045433,0.15625,288,0.9031622027763364,0.625,0.3157013954144091
36,P5,4,0.19086097159603932,0.5898074915022777,0.8824868455969835,0.1527777777777778,288,0.8952906912214771,0.5833333333333334,0.4492912064416726
36,P5,5,0.074613833105451,0.6105869136023022,0.9265000528319375,0.17708333333333334,288,0.8846236209155224,0.5208333333333334,0.5056326044339323
36,P5,6,-0.009349503232499501,0.33321808369346495,0.9789768001924902,0.1527777777777778,288,0.9095058093257237,0.5868055555555556,0.5731474986957668
36,P5,7,0.09009793921508025,0.3021765434861474,0.935288234464801,0.1597222222222222,288,0.9064192621442058,0.6145833333333334,0.38708053308431817
36,P6,1,0.9488629182256278,0.9730784638682581,0.2002983959702146,0.7465277777777778,288,0.9488629182256278,0.7465277777777778,0.04278009093750682
36,P6,2,0.0014786381618773214,0.2546026034150385,0.955368391421898,0.16666666666666666,288,0.9168210023369493,0.6388888888888888,0.009514788014221799
36,P6,3,-0.6143865131888759,0.1713208669457293,1.1552064094864343,0.20833333333333334,288,0.8991417904143154,0.5868055555555556,0.06108056443612499
36,P6,4,-0.7541693335204,0.03722068414758796,1.21201194068812,0.16666666666666666,288,0.8849825462788732,0.5833333333333334,0.23856234775887913
36,P6,5,-0.29304191253579415,0.04318109732891081,1.0660750831429633,0.1701388888888889,288,0.8900598725683897,0.6006944444444444,0.42853001190489365
36,P6,6,-0.5163351164131045,0.042980594133208816,1.1453271372236808,0.14583333333333334,288,0.9341109195486524,0.71875,0.20998152858972244
36,P6,7,-0.921841036447089,0.11946344951189591,1.2851904713502322,0.13541666666666666,288,0.9342008588122692,0.7256944444444444,0.08909632914466696
36,P7,1,0.9664864755282438,0.9815542807774786,0.16177094281615118,0.8680555555555556,288,0.9664864755282438,0.8680555555555556,0.27164537504970776
36,P7,2,-1.8040003646344265,0.24229899822423442,1.5973358920006204,0.09027777777777778,288,0.925098062635501,0.65625,0.1865226546925894
36,P7,3,-1.274100701602407,0.1548613773349203,1.4118874980090255,0.1284722222222222,288,0.9161537691603827,0.6423611111111112,0.2771318715866441
36,P7,4,-0.9365548734469762,0.19197269610303444,1.297578789301017,0.14583333333333334,288,0.9100072834687002,0.5798611111111112,0.5337759620851937
36,P7,5,-0.7291767590675049,0.24466858144616707,1.2190302184755528,0.16666666666666666,288,0.8884257187475377,0.5451388888888888,0.4988884060330471
36,P7,6,-0.5444287732549267,0.19611035295979373,1.1319611485902574,0.2013888888888889,288,0.9184756472194724,0.6388888888888888,0.37005598901289455
36,P7,7,-2.0841113917756053,0.18156475748977652,1.6939648273344485,0.06597222222222222,288,0.9107172386545526,0.6284722222222222,0.5327734461066839
36,P8,1,0.9201910916470435,0.9607384035509628,0.24170444477184164,0.7222222222222222,288,0.9201910916470435,0.7222222222222222,0.04872227655558404
36,P8,2,0.08530590655038073,0.48536355410478554,0.9321584968503923,0.1527777777777778,288,0.9398342792823543,0.7291666666666666,0.5516754291924079
36,P8,3,-0.25061056478205135,0.1998287758619034,1.08111448746354,0.14583333333333334,288,0.9447661516932491,0.7638888888888888,0.20451325961603178
36,P8,4,0.03470688793717902,0.5253001451759732,0.9460214401058317,0.1875,288,0.9066128254877266,0.6388888888888888,0.36283787396762285
36,P8,5,-0.18889967182187384,0.4683025549068706,1.0416656790279444,0.15625,288,0.9079824727129129,0.625,0.2579382474889898
36,P8,6,-2.0910379714854956,0.5356898562259855,1.762327604106644,0.08333333333333333,288,0.8946982443011742,0.59375,0.037275366837324866
36,P8,7,-2.5801367751236146,0.5196496005698261,1.9377593710570866,0.05555555555555555,288,0.950997390797573,0.7847222222222222,0.7773691172998684
36,U,1,0.9880222928456089,0.9916523508155607,0.09916399480930317,0.9756944444444444,288,0.9880222928456089,0.9756944444444444,0.2980753417558794
36,U,2,-0.03214629694372628,0.4881159161548765,1.0131151126811593,0.1388888888888889,288,0.9604510946519107,0.8333333333333334,0.44814286995719754
36,U,3,-0.016423384447056932,0.23982004962282796,1.0022969592683537,0.13194444444444445,288,0.9634925092887378,0.84375,0.5537898265289017
36,U,4,0.00027926917524367934,0.2815064867655967,0.9950989849151528,0.125,288,0.930430363361537,0.6944444444444444,0.5380412118846725
36,U,5,0.02245697199381058,0.20263582060173127,0.9793247222600403,0.14930555555555555,288,0.9368939003238368,0.7361111111111112,0.5972807924329883
36,U,6,0.04608779101946314,0.2782984356343648,0.9695241862194097,0.16666666666666666,288,0.9383360418961233,0.7534722222222222,0.539718147703271
36,U,7,0.028179006776393067,0.2463272897015199,0.979785060624913,0.16666666666666666,288,0.9531963335713887,0.7916666666666666,0.5236049817941291
36,E,1,0.9509131882309032,0.9734247875699251,0.1963527063767713,0.78125,288,0.9509131882309032,0.78125,0.09669722301809702
36,E,2,-10.393172974281235,0.1544421433802707,3.6521916218605543,0.0,288,0.9200231728776609,0.6527777777777778,0.04509499146970254
36,E,3,-8.985468400000544,0.310306036693701,3.4091622795171443,0.0,288,0.8334012708589029,0.5138888888888888,0.040519873095048
36,E,4,-6.561388281131929,0.28507908916174124,2.9117553319871665,0.0,288,0.8966825811825788,0.5972222222222222,0.09578584485581523
36,E,5,-6.385463094199091,0.4593528213532635,2.9125189829707385,0.0,288,0.8622236014209324,0.5798611111111112,0.13840188772411133
36,E,6,-0.15856232832333217,0.33474919900609834,0.9979477876239851,0.18055555555555555,288,0.8955191714599775,0.5798611111111112,0.06893664419499396
36,E,7,-1.1543356894535783,0.2679634072740894,1.3290746756195957,0.2013888888888889,288,0.9268798126039584,0.6666666666666666,0.0012941569904401297
40,P0,1,0.9609333832433264,0.9796586141999325,0.18528152103643528,0.7916666666666666,288,0.9609333832433264,0.7916666666666666,0.08907810158142132
40,P0,2,0.06018907839257959,0.2563159943601282,0.9480566272619638,0.14583333333333334,288,0.9561347382040566,0.7881944444444444,0.6172946568766963
40,P0,3,-2.550991198218636,0.029747383216877345,1.8132217966613682,0.09722222222222222,288,0.9356597261031271,0.7361111111111112,0.24237190847721696
40,P0,4,-1.2946311841305396,0.12263504551663651,1.3805570238953808,0.1736111111111111,288,0.9263717552857261,0.6701388888888888,0.1645219858551072
40,P0,5,-0.8483147964275775,0.0694287884026261,1.2429113373342973,0.15625,288,0.8873363789552022,0.6006944444444444,0.10712338919460059
40,P0,6,-1.096910010074334,0.026666925028364926,1.3062799028470593,0.18055555555555555,288,0.8796198084793067,0.5416666666666666,0.13862061848305895
40,P0,7,-1.8163072793307684,0.04640737602338831,1.5196463337386332,0.1597222222222222,288,0.9039489893563334,0.5902777777777778,0.6074517727240529
40,P1,1,0.9118384749807856,0.9555435480259566,0.2601072322755909,0.6666666666666666,288,0.9118384749807856,0.6666666666666666,0.14357851568587185
40,P1,2,-0.11936829192953713,0.1910248628142614,1.0493369115526996,0.1284722222222222,288,0.961001073765271,0.8194444444444444,0.6436517133298854
40,P1,3,-0.252076968819515,0.04801140158900425,1.096938418358836,0.1111111111111111,288,0.9057655763747691,0.6215277777777778,0.2872663967512175
40,P1,4,-0.013572713046589913,0.40425089766170696,0.9962211070799685,0.1423611111111111,288,0.88236114499941,0.5347222222222222,0.13056403552848803
40,P1,5,-0.08777088096211116,0.10167334778415554,1.0406378293135825,0.11458333333333333,288,0.8576197579668046,0.5104166666666666,0.16415743459019447
40,P1,6,-0.02887865478097207,0.20706511847042072,1.0143673660463965,0.1284722222222222,288,0.8686043861706634,0.5625,0.065181766166393
40,P1,7,-0.023798687318890455,0.1730160303275734,1.0084752060276458,0.125,288,0.9209927519771802,0.6597222222222222,0.004593345937900178
40,P2,1,0.776998958547631,0.9009702236685235,0.43091501119222586,0.4409722222222222,288,0.776998958547631,0.4409722222222222,0.32302887583915463
40,P2,2,0.3968243218150528,0.743119525961319,0.7418633660334485,0.2326388888888889,288,0.92259819260754,0.7083333333333334,0.3369911892853115
40,P2,3,0.24487442553350935,0.5255917861879034,0.8413753873123382,0.18055555555555555,288,0.679459759110286,0.3680555555555556,0.03260911064644214
40,P2,4,0.3945505286822498,0.6850282818974782,0.7308430369004826,0.23958333333333334,288,0.6658660996028416,0.3958333333333333,0.16577968771905605
40,P2,5,0.28774603828500067,0.5634322074858429,0.8003828603025228,0.19444444444444445,288,0.7608339224862329,0.4479166666666667,0.02150852462985004
40,P2,6,0.27802795498290866,0.5541908329203057,0.805722225414706,0.2222222222222222,288,0.7909307475250043,0.4861111111111111,0.32189876691792524
40,P2,7,0.08581115981044307,0.31672213895616474,0.9307969959462766,0.1597222222222222,288,0.8460081211135254,0.53125,0.13016302913708402
40,P3,1,0.9647625645219071,0.9827026172619537,0.17637244153070863,0.8263888888888888,288,0.9647625645219071,0.8263888888888888,0.22718834829360246
40,P3,2,-0.34669281162805476,0.14684124950684063,1.1220231085840389,0.14930555555555555,288,0.9269815488589064,0.6840277777777778,0.6299445857691673
40,P3,3,-0.5876890786370619,0.09199451170072304,1.2135316009796118,0.16319444444444445,288,0.9111685400164966,0.6354166666666666,0.17385449823687263
40,P3,4,-0.36276517350294246,0.03820497256285228,1.139094806875032,0.1527777777777778,288,0.9001354778078852,0.5902777777777778,0.010152752727819046
40,P3,5,-0.20446308975832972,-0.028890687744332472,1.0865086614118078,0.1388888888888889,288,0.9075382093037718,0.625,0.10881855257644471
40,P3,6,-0.6439910819307519,0.1672378927787069,1.2292345833924734,0.14583333333333334,288,0.9222299107345052,0.6597222222222222,0.32310178609213713
40,P3,7,-0.8893456788754543,-0.09033580344537016,1.3160127116253482,0.14583333333333334,288,0.9091975682550435,0.6284722222222222,0.5037733929828775
40,P4,1,0.9535625970925861,0.9749741304458043,0.2024377873072028,0.7534722222222222,288,0.9535625970925861,0.7534722222222222,0.3854035972657197
40,P4,2,-0.37527499894492244,0.16758421648037397,1.102544802382707,0.16319444444444445,288,0.9357774598893792,0.7152777777777778,0.46906811256318726
40,P4,3,-0.5059758651503294,-0.008876823300624552,1.1382771541989056,0.1736111111111111,288,0.8081437039535171,0.4479166666666667,0.019758678558269023
40,P4,4,-0.22277929283214415,0.19443341714119527,1.0361640607585612,0.1597222222222222,288,0.8333014616361321,0.5347222222222222,0.13050935283875112
40,P4,5,-0.9769598201454839,0.119408766822159,1.3106882367570138,0.1423611111111111,288,0.8421037309249959,0.5347222222222222,0.0648172149014803
40,P4,6,-0.3860163836360946,0.22068110821491058,1.0827140003682865,0.1840277777777778,288,0.8909863412180795,0.6076388888888888,0.00036455126491271255
40,P4,7,-0.18128990599731254,0.08193289678913217,1.052486351932944,0.14583333333333334,288,0.9085883752548541,0.6527777777777778,0.12267150064312779
40,P5,1,0.9714722214080913,0.9838691813096744,0.1504673412061812,0.8715277777777778,288,0.9714722214080913,0.8715277777777778,0.0219459861477453
40,P5,2,-0.22934300724553403,0.25216010994012333,1.0682860772876108,0.15625,288,0.8981989992455446,0.5798611111111112,0.18927501674268035
40,P5,3,-0.19871513630670967,0.352776259056032,1.0516546970955405,0.1701388888888889,288,0.9085061039327981,0.6215277777777778,0.37393845998421493
40,P5,4,-0.8168876684897768,0.4401591972556092,1.2772058231921712,0.15625,288,0.9128933794769325,0.625,0.45988142068738697
40,P5,5,-0.9994129304199739,0.5376584330565142,1.3458943894234163,0.1527777777777778,288,0.8901158326089723,0.5590277777777778,0.5132517258706081
40,P5,6,-0.739305840555867,0.2955599380279817,1.2444699021407026,0.19791666666666666,288,0.9126396065797691,0.6076388888888888,0.586544757681309
40,P5,7,-0.3687942890695559,0.25817520581118303,1.1227750927230478,0.14930555555555555,288,0.9303175341073957,0.7083333333333334,0.3489120156479572
40,P6,1,0.9388571349099302,0.9682481596081647,0.2222641700713324,0.7118055555555556,288,0.9388571349099302,0.7118055555555556,0.07604539386079186
40,P6,2,0.048007600312232945,0.3099779405552795,0.9540806687228515,0.14930555555555555,288,0.9115947355250285,0.6319444444444444,0.02256572329809691
40,P6,3,-0.312074906229606,0.18471812593127146,1.1095218177570572,0.14583333333333334,288,0.9082258029518524,0.6423611111111112,0.0759178009180724
40,P6,4,-0.4161046690313348,0.08652624272703233,1.1396657098685141,0.1388888888888889,288,0.8981306313369677,0.5451388888888888,0.22913869756088548
40,P6,5,-0.5836692568129966,0.08306300571036157,1.2080935695687527,0.1423611111111111,288,0.885702503453765,0.6111111111111112,0.5177903891187713
40,P6,6,-0.4892849957879617,0.0958222999823065,1.1752013475940892,0.1284722222222222,288,0.925341302760122,0.7013888888888888,0.20188849050866023
40,P6,7,-0.1768566239485838,0.14791667573833314,1.0529333804944434,0.1388888888888889,288,0.9394221229712049,0.7152777777777778,0.32184408422818833
40,P7,1,0.9611207774442465,0.978437367462475,0.17390457705902693,0.8298611111111112,288,0.9611207774442465,0.8298611111111112,0.29107595746955534
40,P7,2,-1.412472854502031,0.2754731633312913,1.4606130588225885,0.1388888888888889,288,0.9168124999883426,0.6076388888888888,0.05450041410445053
40,P7,3,-1.2474527485406033,0.2726478910282178,1.4045319929541673,0.1388888888888889,288,0.9163608741268443,0.6319444444444444,0.03255442795670523
40,P7,4,-0.692846370295797,0.20487781088094448,1.2039246801671561,0.1527777777777778,288,0.9145321550663859,0.6284722222222222,0.5531154066888132
40,P7,5,-0.7636753598427923,0.3221721803666098,1.213617386802843,0.17708333333333334,288,0.8906538574622294,0.5833333333333334,0.5434730257318718
40,P7,6,-1.401060479633888,0.2542927348398627,1.4486905500471197,0.1388888888888889,288,0.9250031808384396,0.65625,0.4094457531867131
40,P7,7,-2.749537376902098,0.14224790356894043,1.8581681916646096,0.1076388888888889,288,0.919846442726777,0.65625,0.5140901937799073
40,P8,1,0.9182924602294316,0.9600457561476285,0.23007912436907083,0.7569444444444444,288,0.9182924602294316,0.7569444444444444,0.02072473941028771
40,P8,2,-0.369905714248401,0.8500424119602177,1.049396601759467,0.2708333333333333,288,0.942070662632457,0.7361111111111112,0.519412642247633
40,P8,3,0.015714893172504407,0.5691556623449725,0.9353454102098568,0.1701388888888889,288,0.9326618640873061,0.6944444444444444,0.25409223164416067
40,P8,4,0.2990110460734634,0.7423721958682479,0.812031087651667,0.18055555555555555,288,0.9124392419020445,0.5972222222222222,0.36941802429929727
40,P8,5,0.2968242139691665,0.7203715270307657,0.7936965553128061,0.1840277777777778,288,0.908723319192331,0.6354166666666666,0.13860239091981333
40,P8,6,0.085889426967102,0.6753859009405369,0.9261491436197608,0.16666666666666666,288,0.8602239680699013,0.5555555555555556,0.01188437123615443
40,P8,7,0.5626701875656197,0.8774202119551623,0.6173670598320946,0.2743055555555556,288,0.9398761376439186,0.7083333333333334,0.2845687173908634
40,U,1,0.9710148240821174,0.9847441043454649,0.14547414563581063,0.875,288,0.9710148240821174,0.875,0.24399416160607854
40,U,2,0.03969319202084465,0.49478720430277917,0.9706702061651722,0.13541666666666666,288,0.9652143272468328,0.8402777777777778,0.21907708264929462
40,U,3,0.031234727365852755,0.26138325694241493,0.9585379314785512,0.16666666666666666,288,0.969487515807017,0.8888888888888888,0.3621452265642887
40,U,4,-0.06844226403679343,0.25906835641021925,0.9852793757347224,0.14930555555555555,288,0.9349322205622748,0.7326388888888888,0.5246257253358847
40,U,5,-0.23936116816063557,0.24782194988766204,1.0266582363472294,0.1388888888888889,288,0.9244726225168667,0.6875,0.2832198777106864
40,U,6,0.014285809515990788,0.34364424986996855,0.9578880827084189,0.1597222222222222,288,0.9497975630029005,0.7569444444444444,0.5247533182786042
40,U,7,0.04704553203485873,0.3273670358916159,0.9505826871173841,0.13194444444444445,288,0.9592097081230069,0.8194444444444444,0.36976434800096436
40,E,1,0.9463503780628015,0.9719665825102743,0.20506177152573654,0.7847222222222222,288,0.9463503780628015,0.7847222222222222,0.15170800889342534
40,E,2,-9.019457758324707,0.19676654523663661,3.4013110356701985,0.0,288,0.888100050244989,0.5590277777777778,0.11581793686276878
40,E,3,-2.7238261241877546,0.32683843655749245,1.9275007320668291,0.0763888888888889,288,0.7838876886281508,0.4166666666666667,0.061663846459985336
40,E,4,-1.4464403694514871,0.28436821419516145,1.4660920911609996,0.11805555555555555,288,0.8720348130311748,0.5555555555555556,0.1312749104950678
40,E,5,-1.8531187584348183,0.4069850321485523,1.662107565189424,0.08333333333333333,288,0.8628677079177922,0.5069444444444444,0.17057353685265822
40,E,6,-0.4694308213769849,0.295195386763069,1.0988203990203222,0.19791666666666666,288,0.8783771777668083,0.5486111111111112,0.009296057255274172
40,E,7,-2.390181307811082,0.2760564453551516,1.7930710862587738,0.0763888888888889,288,0.9358723438174515,0.6944444444444444,0.1424666343278881
