layer,position,n_horizon,rho_pc1_horizon,rho_pc2_horizon,rho_pc3_horizon,rho_pc1_reward_ratio,rho_pc1_short_reward,rho_pc1_short_delay,rho_pc1_long_delay,evr_pc1,evr_pc2,evr_pc3,cum_evr_2,cum_evr_5,cum_evr_10,n_pc_horizon,n_pc_90,n_pc_95,evr_top10,rho_top10,n_choice,silhouette_choice_pc3,rho_pc1_p_short,ridge_r2_horizon
0,T0,3240,,,,,,,,,,,,,,0,1,1,"[NaN, NaN, NaN, NaN, NaN, NaN, NaN, NaN, NaN, NaN]","[null, null, null, null, null, null, null, null, null, null]",3000,0.0,,
0,T1,3240,,,,,,,,,,,,,,0,1,1,"[NaN, NaN, NaN, NaN, NaN, NaN, NaN, NaN, NaN, NaN]","[null, null, null, null, null, null, null, null, null, null]",3000,0.0,,
0,T2,3240,,,,,,,,,,,,,,0,1,1,"[NaN, NaN, NaN, NaN, NaN, NaN, NaN, NaN, NaN, NaN]","[null, null, null, null, null, null, null, null, null, null]",3000,0.0,,
0,T3,3240,,,,,,,,,,,,,,0,1,1,"[NaN, NaN, NaN, NaN, NaN, NaN, NaN, NaN, NaN, NaN]","[null, null, null, null, null, null, null, null, null, null]",3000,0.0,,
0,T4,3240,,,,,,,,,,,,,,0,1,1,"[NaN, NaN, NaN, NaN, NaN, NaN, NaN, NaN, NaN, NaN]","[null, null, null, null, null, null, null, null, null, null]",3000,0.0,,
0,T5,3240,,,,,,,,,,,,,,0,1,1,"[NaN, NaN, NaN, NaN, NaN, NaN, NaN, NaN, NaN, NaN]","[null, null, null, null, null, null, null, null, null, null]",3000,0.0,,
0,T6,3240,,,,,,,,,,,,,,0,1,1,"[NaN, NaN, NaN, NaN, NaN, NaN, NaN, NaN, NaN, NaN]","[null, null, null, null, null, null, null, null, null, null]",3000,0.0,,
0,T7,3240,,,,,,,,,,,,,,0,1,1,"[NaN, NaN, NaN, NaN, NaN, NaN, NaN, NaN, NaN, NaN]","[null, null, null, null, null, null, null, null, null, null]",3000,0.0,,
0,T8,3240,,,,,,,,,,,,,,0,1,1,"[NaN, NaN, NaN, NaN, NaN, NaN, NaN, NaN, NaN, NaN]","[null, null, null, null, null, null, null, null, null, null]",3000,0.0,,
0,R0,3240,0.00018116811586418107,0.002367767990678529,-0.00043948118563945555,-0.08856665312401218,-0.09163598997013607,-0.010580610987213503,0.03921191031871912,0.9965718984603882,0.003427824005484581,7.968745455166903e-12,0.9999997019767761,0.9999997019767761,0.9999997019767761,0,1,1,"[0.9966, 0.0034, 0.0, 0.0, 0.0, 0.0, 0.0, 0.0, 0.0, 0.0]","[0.0, 0.002, 0.0, 0.0, 0.0, 0.003, 0.0, 0.0, 0.0, 0.0]",3000,0.0007077119080349803,,
0,R1,3240,0.00011943765110589781,-0.0026922843722529772,0.00033556292453561763,-0.04545462283400616,-0.0336152339784179,-0.025731841941124937,0.025147726030046853,0.9966172575950623,0.0033824180718511343,1.7209629554759687e-11,0.9999997019767761,0.9999997019767761,0.9999997019767761,0,1,1,"[0.9966, 0.0034, 0.0, 0.0, 0.0, 0.0, 0.0, 0.0, 0.0, 0.0]","[0.0, 0.003, 0.0, 0.002, 0.0, 0.002, 0.002, 0.0, 0.003, 0.0]",3000,0.0,,
0,R2,3240,-0.00025274848920989917,0.00023368163562025062,0.00018494748128640993,0.07457851728512091,0.06963971772099348,0.020010178343303417,-0.035586389252262145,0.9999995231628418,1.834254137467184e-10,1.2721946999509548e-24,0.9999995231628418,0.9999995231628418,0.9999995231628418,0,1,1,"[1.0, 0.0, 0.0, 0.0, 0.0, 0.0, 0.0, 0.0, 0.0, 0.0]","[0.0, 0.0, 0.0, 0.0, 0.0, 0.0, 0.0, 0.0, 0.0, 0.0]",3000,0.0,,
0,R3,3240,0.056464323049109644,0.05334539512829797,-0.01022787154486084,-0.02471589909982929,0.1367971900799799,0.10782265148902312,0.07988026065390709,0.7551652193069458,0.20066998898983002,0.031213248148560524,0.955835223197937,0.9992474913597107,1.0,0,2,2,"[0.7552, 0.2007, 0.0312, 0.0112, 0.001, 0.0008, 0.0, 0.0, 0.0, 0.0]","[0.056, 0.053, 0.01, 0.033, 0.055, 0.074, 0.056, 0.059, 0.05, 0.012]",3000,0.022020138800144196,-0.2989736304807962,
0,R4,3240,-0.0014153214900204123,-0.03141382113249738,-0.0020210797842739768,0.07514531918520541,0.07056306214532373,0.01763385396786163,-0.03349232063629913,0.9584237337112427,0.033339761197566986,0.004158112686127424,0.9917634725570679,1.0000001192092896,1.0000001192092896,0,1,1,"[0.9584, 0.0333, 0.0042, 0.0025, 0.0015, 0.0, 0.0, 0.0, 0.0, 0.0]","[0.001, 0.031, 0.002, 0.034, 0.001, 0.002, 0.002, 0.032, 0.036, 0.036]",3000,-0.656333327293396,0.011249043297537554,
0,R5,3240,-0.0012734698186436582,-0.03143267123868468,0.0019679284850724187,0.04609451054105687,0.034568683555906685,0.023417738393887177,-0.02314346771445262,0.943529486656189,0.04970884323120117,0.0038075605407357216,0.9932383298873901,1.0000001192092896,1.0000001192092896,0,1,2,"[0.9435, 0.0497, 0.0038, 0.0018, 0.0012, 0.0, 0.0, 0.0, 0.0, 0.0]","[0.001, 0.031, 0.002, 0.001, 0.003, 0.002, 0.031, 0.016, 0.001, 0.002]",3000,-0.656333327293396,0.011249043297537554,
0,R6,3240,0.0012936521906521418,-0.03134381846965382,-0.002232789740516298,-0.08925376939280544,-0.0925319579847885,-0.008299638628507761,0.03713964518397211,0.9515151977539062,0.04134970158338547,0.004226715303957462,0.9928649067878723,1.000000238418579,1.000000238418579,0,1,1,"[0.9515, 0.0413, 0.0042, 0.0017, 0.0012, 0.0, 0.0, 0.0, 0.0, 0.0]","[0.001, 0.031, 0.002, 0.004, 0.004, 0.0, 0.017, 0.034, 0.036, 0.033]",3000,-0.656333327293396,-0.011249043297537554,
0,R7,3240,-0.0013886672494761694,-0.031413442588155954,0.002194288556112764,0.07512843464784587,0.07054930206612378,0.01765787840868674,-0.03350244381870166,0.9511832594871521,0.03820689022541046,0.005462481640279293,0.9893901348114014,0.9999999403953552,1.0,0,1,1,"[0.9512, 0.0382, 0.0055, 0.0036, 0.0015, 0.0, 0.0, 0.0, 0.0, 0.0]","[0.001, 0.031, 0.002, 0.004, 0.001, 0.031, 0.03, 0.003, 0.036, 0.002]",3000,-0.656333327293396,0.011249043297537554,
0,M0,3000,-0.23179418388321618,0.2510781477588554,-0.29626588617593347,0.054597571145787664,0.034348077115351025,-0.04609654045950235,-0.006380177483497717,0.6125587821006775,0.18017636239528656,0.1111719012260437,0.7927351593971252,0.9811423420906067,0.9984771013259888,0,3,4,"[0.6126, 0.1802, 0.1112, 0.0595, 0.0178, 0.0125, 0.002, 0.0011, 0.0009, 0.0008]","[0.232, 0.251, 0.296, 0.282, 0.174, 0.134, 0.153, 0.149, 0.153, 0.296]",3000,0.10310351848602295,0.1461495207942033,
0,E0,3240,0.021209941449168823,-0.01631831713316243,-0.019223567667986507,-0.04395182640801063,-0.04154411060276146,-0.011934102063613944,0.007807666279014062,0.2846355736255646,0.09011854976415634,0.04508490115404129,0.3747541308403015,0.47894027829170227,0.5705750584602356,0,75,94,"[0.2846, 0.0901, 0.0451, 0.0327, 0.0264, 0.0254, 0.0209, 0.0165, 0.0152, 0.0136]","[0.021, 0.016, 0.019, 0.0, 0.006, 0.006, 0.044, 0.041, 0.035, 0.045]",3000,0.3691054582595825,-0.10063210456752049,
0,MEAN,3000,-0.4884113447098847,0.3186862409391596,-0.15145557190574938,-0.03498584370008739,-0.0940695920700961,0.00895060764224487,0.023474115300154128,0.26874738931655884,0.07064903527498245,0.04957433417439461,0.3393964171409607,0.4634494483470917,0.576765775680542,2,90,153,"[0.2687, 0.0706, 0.0496, 0.0415, 0.033, 0.0298, 0.0254, 0.0236, 0.018, 0.0166]","[0.488, 0.319, 0.151, 0.161, 0.253, 0.159, 0.123, 0.064, 0.178, 0.008]",3000,0.15404091775417328,0.4651545385355122,
1,T0,3240,-0.027042257156931905,0.0076297085135978715,-0.007533426321355078,0.033632527276017184,0.03700741249183519,0.015765217935051645,-0.02290123243197365,0.47667813301086426,0.42945951223373413,0.03809367120265961,0.9061376452445984,0.9690444469451904,0.9846253395080566,0,2,4,"[0.4767, 0.4295, 0.0381, 0.0176, 0.0072, 0.0042, 0.0037, 0.0031, 0.0026, 0.002]","[0.027, 0.008, 0.008, 0.06, 0.001, 0.097, 0.097, 0.038, 0.089, 0.089]",3000,0.04925522953271866,-0.06219370488205707,
1,T1,3240,-0.026199482278790324,-0.09295252228234965,-0.004767525027358495,0.10375161519362151,0.08415704091009706,0.026685510520156733,-0.0003569081708658467,0.806157112121582,0.13293185830116272,0.01809888891875744,0.9390889406204224,0.9755986332893372,0.9915787577629089,0,2,3,"[0.8062, 0.1329, 0.0181, 0.0104, 0.008, 0.005, 0.0042, 0.0029, 0.0023, 0.0016]","[0.026, 0.093, 0.005, 0.175, 0.03, 0.115, 0.035, 0.057, 0.068, 0.104]",3000,0.07622804492712021,-0.10198573463871231,
1,T2,3240,-0.019028140122109276,-0.07012737887613933,-0.03373004244607874,0.009763663125737681,0.07285734472538266,-0.05791066633233304,0.06224584089478199,0.649729311466217,0.18708008527755737,0.05420471355319023,0.8368093967437744,0.950478732585907,0.9776279926300049,0,4,5,"[0.6497, 0.1871, 0.0542, 0.0473, 0.0122, 0.0081, 0.0072, 0.0055, 0.0035, 0.0029]","[0.019, 0.07, 0.034, 0.027, 0.043, 0.067, 0.08, 0.048, 0.013, 0.196]",3000,0.029962558299303055,0.13341058242599876,
1,T3,3240,-0.040808938466813875,-0.05484362041101382,-0.04533320729113586,-0.0024231063182772452,0.04489881748623077,-0.04057819523321412,0.0662883306947963,0.46630150079727173,0.3256596028804779,0.140951007604599,0.7919610738754272,0.9628576636314392,0.9820152521133423,1,3,4,"[0.4663, 0.3257, 0.141, 0.0184, 0.0115, 0.0057, 0.005, 0.0036, 0.0026, 0.0022]","[0.041, 0.055, 0.045, 0.061, 0.017, 0.113, 0.141, 0.341, 0.133, 0.004]",3000,0.020739572122693062,0.10935773536382373,
1,T4,3240,-0.004237987960315441,0.02169736979626695,-0.029045344174268236,-0.02722105920297306,-0.032424206809130274,-0.012455845163117155,0.004821511486762973,0.7440555095672607,0.1555454581975937,0.0367574505507946,0.8996009826660156,0.9708297848701477,0.988732099533081,0,3,4,"[0.7441, 0.1555, 0.0368, 0.0231, 0.0114, 0.0061, 0.0043, 0.0033, 0.0024, 0.0018]","[0.004, 0.022, 0.029, 0.061, 0.093, 0.022, 0.003, 0.027, 0.141, 0.065]",3000,0.06236803159117699,0.1364253957962369,
1,T5,3240,-0.016182800108979684,-0.02526887169449639,-0.04654192870512825,-0.041386398149392906,-0.022683630200550427,-0.03759746039123547,0.03373310612414634,0.7826732397079468,0.11019853502511978,0.05988305062055588,0.8928717970848083,0.9734867811203003,0.9880836606025696,0,3,3,"[0.7827, 0.1102, 0.0599, 0.0155, 0.0052, 0.005, 0.003, 0.0029, 0.0021, 0.0015]","[0.016, 0.025, 0.047, 0.069, 0.006, 0.048, 0.064, 0.132, 0.001, 0.132]",3000,0.049128204584121704,0.11344760847837311,
1,T6,3240,-0.0740274461123561,-0.016755118236716094,-0.0513076895600199,-0.03932640292289906,-0.07064058652339571,-0.01315356772481609,-0.0007776799228578268,0.6870793104171753,0.20981168746948242,0.03181574493646622,0.8968909978866577,0.9650881290435791,0.9865725636482239,0,3,4,"[0.6871, 0.2098, 0.0318, 0.0213, 0.0151, 0.0064, 0.0048, 0.0045, 0.0034, 0.0023]","[0.074, 0.017, 0.051, 0.061, 0.009, 0.039, 0.17, 0.019, 0.108, 0.098]",3000,0.06058352068066597,0.11176019026472025,
1,T7,3240,-0.037507757075024205,-0.022287209131980394,-0.033871195242537476,-0.028390841262300636,-0.007378410703923709,-0.04009145827483894,0.030949087971901434,0.5810507535934448,0.24779106676578522,0.10707028955221176,0.8288418054580688,0.9627180099487305,0.9800434708595276,0,3,4,"[0.5811, 0.2478, 0.1071, 0.0179, 0.0089, 0.0059, 0.004, 0.0031, 0.0025, 0.0019]","[0.038, 0.022, 0.034, 0.028, 0.003, 0.088, 0.006, 0.046, 0.026, 0.095]",3000,0.0240074060857296,0.1308263120954626,
1,T8,3240,0.016876945289261966,-0.018942556580412367,0.02967058487415589,-0.011710824495338171,-0.01765453748915992,0.008373343394012562,0.035908185043485225,0.5660815834999084,0.23128819465637207,0.08296233415603638,0.7973697781562805,0.944218635559082,0.9784547686576843,0,4,6,"[0.5661, 0.2313, 0.083, 0.0378, 0.026, 0.0107, 0.0084, 0.0069, 0.0052, 0.003]","[0.017, 0.019, 0.03, 0.017, 0.062, 0.061, 0.016, 0.125, 0.014, 0.14]",3000,0.02193564921617508,0.10715880471657507,
1,R0,3240,-0.041731957104878196,-0.09581320149804402,-0.14194350403209519,-0.012716920335783881,-0.011987157944445976,-0.04522503036654926,0.025433838091143152,0.9912714958190918,0.003034409135580063,0.0020373582374304533,0.9943059086799622,0.9986796379089355,0.9995291233062744,0,1,1,"[0.9913, 0.003, 0.002, 0.0017, 0.0006, 0.0004, 0.0002, 0.0001, 0.0001, 0.0001]","[0.042, 0.096, 0.142, 0.008, 0.144, 0.043, 0.074, 0.125, 0.162, 0.059]",3000,0.021800175309181213,-0.056574390863667307,
1,R1,3240,0.02857319719308301,-0.04111159600003095,0.028891824137671454,0.09102469239616784,0.07762940343639967,0.011047076969663052,0.015616176487604124,0.9870261549949646,0.004953383468091488,0.0032923815306276083,0.9919795393943787,0.9988373517990112,0.9994693398475647,1,1,1,"[0.987, 0.005, 0.0033, 0.0029, 0.0006, 0.0002, 0.0001, 0.0001, 0.0001, 0.0001]","[0.029, 0.041, 0.029, 0.028, 0.155, 0.263, 0.028, 0.089, 0.147, 0.446]",3000,0.013855277560651302,0.04058083973091636,
1,R2,3240,-0.16495622644152996,0.06822861924739065,-0.1384323050264347,0.10593003292172738,0.13713979627628028,-0.08975381720020266,-0.010316694274375511,0.9720604419708252,0.01639455556869507,0.00550789013504982,0.9884549975395203,0.9972909688949585,0.9987435340881348,0,1,1,"[0.9721, 0.0164, 0.0055, 0.0023, 0.0011, 0.0004, 0.0003, 0.0003, 0.0002, 0.0002]","[0.165, 0.068, 0.138, 0.097, 0.16, 0.041, 0.099, 0.182, 0.207, 0.227]",3000,0.028704151511192322,0.024574191268988906,
1,R3,3240,0.04662225258780617,-0.07277985558997047,-0.13049207546627387,-0.04814449974953326,0.082415407525843,0.0764918918518673,0.0851950483833594,0.7793422341346741,0.18100222945213318,0.025548413395881653,0.9603444337844849,0.9977318048477173,0.9996200203895569,0,2,2,"[0.7793, 0.181, 0.0255, 0.0104, 0.0014, 0.0007, 0.0005, 0.0004, 0.0002, 0.0001]","[0.047, 0.073, 0.13, 0.105, 0.127, 0.015, 0.001, 0.044, 0.006, 0.012]",3000,0.02217893674969673,-0.2679055139188673,
1,R4,3240,-0.08832513455281457,-0.06538695048768428,-0.043296215761433526,-0.041220687060998754,-0.1709947473507722,-0.12276927287812225,-0.05804462133797921,0.9585450887680054,0.02087699994444847,0.008969472721219063,0.9794220924377441,0.9946495890617371,0.999403178691864,0,1,1,"[0.9585, 0.0209, 0.009, 0.0042, 0.002, 0.0019, 0.0016, 0.0006, 0.0005, 0.0002]","[0.088, 0.065, 0.043, 0.04, 0.042, 0.064, 0.057, 0.002, 0.059, 0.042]",3000,0.014812830835580826,0.23539434055274072,
1,R5,3240,-0.061424085126291716,-0.05956830587701881,-0.06962003741864571,0.08038654943428532,-0.03653112868640463,-0.1010998115701387,-0.03608501415089175,0.9124272465705872,0.07682061195373535,0.003308401210233569,0.9892478585243225,0.9966444373130798,0.9993196725845337,0,1,2,"[0.9124, 0.0768, 0.0033, 0.0023, 0.0018, 0.0014, 0.0005, 0.0005, 0.0002, 0.0001]","[0.061, 0.06, 0.07, 0.036, 0.01, 0.01, 0.067, 0.023, 0.012, 0.042]",3000,0.011132732033729553,0.2907014637111467,
1,R6,3240,-0.046164393841413374,-0.022158911820811648,-0.05828161475044333,0.07145117324772485,-0.019903852746085533,-0.055188257054258574,-0.035957250251341166,0.9642612934112549,0.02371121384203434,0.0054994011297822,0.9879724979400635,0.9968104362487793,0.9994562864303589,0,1,1,"[0.9643, 0.0237, 0.0055, 0.0018, 0.0015, 0.001, 0.0007, 0.0006, 0.0002, 0.0001]","[0.046, 0.022, 0.058, 0.034, 0.012, 0.044, 0.046, 0.054, 0.079, 0.16]",3000,0.015457672998309135,0.26765001977330843,
1,R7,3240,-0.010642307056144973,0.03675457795453263,-0.06498078396699393,0.023361511679041654,0.0819312954553843,-0.051483517986374655,-0.01567006073774085,0.9067507982254028,0.05766923725605011,0.011975708417594433,0.9644200205802917,0.9887814521789551,0.9983453154563904,0,1,2,"[0.9068, 0.0577, 0.012, 0.0064, 0.006, 0.0037, 0.0026, 0.0019, 0.0009, 0.0006]","[0.011, 0.037, 0.065, 0.105, 0.036, 0.034, 0.074, 0.025, 0.124, 0.045]",3000,0.007001301273703575,-0.06327494182443245,
1,M0,3000,0.1948593248666884,-0.14864578580481172,-0.04775005839178372,-0.04079570192517302,-0.01910346789229137,0.029035996920129988,0.0254165442903034,0.6719568371772766,0.1578696221113205,0.08603661507368088,0.8298264741897583,0.9815371632575989,0.9958431124687195,0,3,4,"[0.672, 0.1579, 0.086, 0.0397, 0.0259, 0.0079, 0.0027, 0.0015, 0.0011, 0.0011]","[0.195, 0.149, 0.048, 0.203, 0.109, 0.092, 0.038, 0.026, 0.026, 0.039]",3000,0.1009061187505722,-0.05922630676245019,
1,E0,3240,-0.061890655037891824,-0.12137857148956435,0.09786342167077237,-0.061597574395825166,-0.027367786446497174,-0.0721971153909812,0.07774497211526034,0.7973480224609375,0.012349533848464489,0.009877053089439869,0.8096975684165955,0.8330463171005249,0.8540042042732239,0,29,68,"[0.7973, 0.0123, 0.0099, 0.0073, 0.0062, 0.005, 0.0045, 0.0043, 0.0036, 0.0036]","[0.062, 0.121, 0.098, 0.097, 0.085, 0.035, 0.137, 0.14, 0.027, 0.058]",3000,0.09976126998662949,0.10730292719263565,
1,MEAN,3000,-0.13242933036020632,-0.4753920864815642,0.3663079182953212,-0.021690415608937242,0.026822451683055977,0.01048029057758795,0.16460516649733853,0.4283673167228699,0.1318606585264206,0.047584399580955505,0.5602279901504517,0.6611231565475464,0.7319202423095703,2,60,122,"[0.4284, 0.1319, 0.0476, 0.0329, 0.0204, 0.018, 0.0164, 0.013, 0.0126, 0.0108]","[0.132, 0.475, 0.366, 0.022, 0.192, 0.024, 0.095, 0.216, 0.019, 0.221]",3000,0.17425236105918884,0.1680537296097888,
2,T0,3240,0.03456260857972337,-0.011007227057743423,-0.11969478616679974,0.01003645904104223,-1.3983037384110947e-05,-0.005014319937803373,0.044282742771950635,0.6654125452041626,0.273457795381546,0.02065802365541458,0.9388703107833862,0.9827996492385864,0.9913305640220642,0,2,3,"[0.6654, 0.2735, 0.0207, 0.0166, 0.0066, 0.0031, 0.0017, 0.0015, 0.0012, 0.0011]","[0.035, 0.011, 0.12, 0.008, 0.057, 0.055, 0.041, 0.164, 0.049, 0.165]",3000,0.05091707408428192,0.08969128402264401,
2,T1,3240,-0.06362943533201239,-0.054152151973914854,-0.028364491572464203,-0.04826200629249397,-0.04973462361944251,-0.01470008089292602,0.022060855615649706,0.8154845237731934,0.1257396787405014,0.022803351283073425,0.941224217414856,0.9836717844009399,0.993739902973175,0,2,3,"[0.8155, 0.1257, 0.0228, 0.0157, 0.0039, 0.003, 0.0022, 0.0019, 0.0017, 0.0012]","[0.064, 0.054, 0.028, 0.033, 0.286, 0.117, 0.048, 0.282, 0.062, 0.088]",3000,0.07354036718606949,0.16556462280965642,
2,T2,3240,0.00789317492364704,0.003930604660471753,0.020423181822281374,-0.02491675441542262,0.08015092910921337,-0.06551041088823156,0.1196335418522013,0.7906444072723389,0.11743772029876709,0.04383959248661995,0.908082127571106,0.9743659496307373,0.9888902306556702,0,2,3,"[0.7906, 0.1174, 0.0438, 0.0171, 0.0053, 0.0042, 0.0034, 0.0031, 0.0022, 0.0017]","[0.008, 0.004, 0.02, 0.09, 0.045, 0.018, 0.107, 0.02, 0.062, 0.152]",3000,0.05537393316626549,0.1313371213111688,
2,T3,3240,0.003728852427055557,0.038730809156200405,-0.07732013111662119,0.001097865444675866,0.027352562199976727,-0.033367867770384994,0.01850232001527247,0.5990587472915649,0.26522618532180786,0.08040513843297958,0.8642849326133728,0.9721745252609253,0.989031195640564,0,3,4,"[0.5991, 0.2652, 0.0804, 0.0169, 0.0106, 0.0055, 0.0039, 0.0036, 0.0022, 0.0017]","[0.004, 0.039, 0.077, 0.037, 0.069, 0.009, 0.014, 0.087, 0.157, 0.1]",3000,0.044294342398643494,0.12413515150305636,
2,T4,3240,-0.005877474704408496,-0.02582873596013006,0.005419143875454701,-0.02011063762025435,-0.018993262561984272,-0.00033058460724464306,0.025623449062837908,0.7302494049072266,0.16333122551441193,0.05683710798621178,0.8935806155204773,0.9730297327041626,0.9896416664123535,0,3,3,"[0.7302, 0.1633, 0.0568, 0.0168, 0.0058, 0.0051, 0.0039, 0.0033, 0.0026, 0.0017]","[0.006, 0.026, 0.005, 0.002, 0.076, 0.142, 0.005, 0.099, 0.036, 0.215]",3000,0.05739671736955643,0.11243728854531042,
2,T5,3240,0.005335255448457764,-0.003809311991660069,0.008622349874928612,-0.051988578126203264,-0.0230535760806941,-0.034736005759417064,0.044419165976343364,0.6010031700134277,0.24051329493522644,0.08715233951807022,0.8415164947509766,0.9562103152275085,0.9794264435768127,0,3,5,"[0.601, 0.2405, 0.0872, 0.0183, 0.0093, 0.0074, 0.0054, 0.0041, 0.0039, 0.0024]","[0.005, 0.004, 0.009, 0.03, 0.032, 0.005, 0.101, 0.138, 0.046, 0.129]",3000,0.04574133828282356,0.10724673133563624,
2,T6,3240,-0.024164992517977314,0.002294470726072621,0.020430253672138878,-0.03601773567060493,-0.04334648419077822,-0.010881549584093667,0.009131885175484153,0.6938775777816772,0.16623984277248383,0.06262247264385223,0.8601174354553223,0.9609854817390442,0.9840794205665588,0,3,4,"[0.6939, 0.1662, 0.0626, 0.0295, 0.0087, 0.007, 0.0055, 0.0041, 0.0033, 0.0031]","[0.024, 0.002, 0.02, 0.038, 0.073, 0.024, 0.043, 0.093, 0.095, 0.04]",3000,0.055111922323703766,0.06531079279340435,
2,T7,3240,0.011027626861226289,0.00766706319065456,0.003960655804442608,-0.002088877373197677,0.02331138712905616,-0.03750879454143847,0.03386476255609684,0.5542237758636475,0.2894403338432312,0.08806541562080383,0.8436641097068787,0.9577876925468445,0.9793749451637268,0,3,5,"[0.5542, 0.2894, 0.0881, 0.0157, 0.0103, 0.0082, 0.0057, 0.003, 0.0024, 0.0023]","[0.011, 0.008, 0.004, 0.078, 0.015, 0.016, 0.076, 0.144, 0.16, 0.064]",3000,0.029374999925494194,0.10308254388852231,
2,T8,3240,0.0032199008920849245,-0.00585613898886399,0.039623881072842614,-0.04134529257993052,-0.044008716784520396,0.012407648330619771,0.014630294244659885,0.610196053981781,0.20120824873447418,0.10182614624500275,0.811404287815094,0.9533402323722839,0.9806077480316162,0,3,5,"[0.6102, 0.2012, 0.1018, 0.029, 0.0111, 0.0091, 0.0068, 0.0045, 0.0036, 0.0032]","[0.003, 0.006, 0.04, 0.022, 0.081, 0.001, 0.006, 0.054, 0.003, 0.139]",3000,0.038562044501304626,0.1308682604691812,
2,R0,3240,-0.06180511679858828,-0.07828808059091619,0.04143636042863883,-0.00023477452537359593,0.013684360925600401,-0.03346164864748517,-0.008328111534300837,0.9890813827514648,0.00429160799831152,0.002551976591348648,0.9933729767799377,0.9982173442840576,0.9993565082550049,0,1,1,"[0.9891, 0.0043, 0.0026, 0.0015, 0.0008, 0.0005, 0.0003, 0.0002, 0.0001, 0.0001]","[0.062, 0.078, 0.041, 0.036, 0.04, 0.11, 0.062, 0.096, 0.108, 0.145]",3000,0.021837016567587852,-0.05640759722522709,
2,R1,3240,-0.0037351669698677753,-0.03433426776707574,0.023303581735815874,0.08792057011454552,0.0938587317627416,0.0006051622708111425,-0.007205578780574918,0.9810521602630615,0.007821144536137581,0.0045211659744381905,0.988873302936554,0.9978584051132202,0.9990755915641785,1,1,1,"[0.9811, 0.0078, 0.0045, 0.0038, 0.0006, 0.0005, 0.0002, 0.0002, 0.0001, 0.0001]","[0.004, 0.034, 0.023, 0.117, 0.135, 0.009, 0.035, 0.32, 0.065, 0.031]",3000,0.011901551857590675,0.06992618941514826,
2,R2,3240,-0.03848565836256269,-0.19658532229391812,-0.1046794107062772,-0.021601908499076186,0.015035630883972391,0.009259071013629723,-0.004098644376747538,0.954418420791626,0.028200628235936165,0.006906852126121521,0.982619047164917,0.9951673746109009,0.9979490041732788,0,1,1,"[0.9544, 0.0282, 0.0069, 0.0043, 0.0013, 0.001, 0.0008, 0.0004, 0.0004, 0.0002]","[0.038, 0.197, 0.105, 0.196, 0.173, 0.217, 0.106, 0.232, 0.042, 0.006]",3000,0.03407980129122734,0.09064908483315269,
2,R3,3240,0.040538411039961766,-0.08717123405807448,-0.15376112591495886,-0.010946989990866149,0.13409031697246113,0.07588032558922761,0.06777832966363614,0.766796886920929,0.19358564913272858,0.02417461946606636,0.9603825211524963,0.9961357116699219,0.9993529319763184,0,2,2,"[0.7668, 0.1936, 0.0242, 0.0101, 0.0015, 0.001, 0.001, 0.0007, 0.0003, 0.0002]","[0.041, 0.087, 0.154, 0.076, 0.052, 0.029, 0.002, 0.03, 0.026, 0.047]",3000,0.02243354544043541,-0.2467858592760928,
2,R4,3240,0.0011407545078313496,-0.0548566085412247,0.08903974288516817,-0.1069827333558654,-0.007128776215326055,0.0385233912198365,0.06008753666864922,0.8764446377754211,0.10434023290872574,0.009416544809937477,0.9807848930358887,0.9955598711967468,0.9992305636405945,0,2,2,"[0.8764, 0.1043, 0.0094, 0.003, 0.0023, 0.0014, 0.0009, 0.0008, 0.0005, 0.0002]","[0.001, 0.055, 0.089, 0.041, 0.049, 0.025, 0.057, 0.07, 0.017, 0.011]",3000,0.017663922160863876,-0.16555617180774046,
2,R5,3240,-0.061174401983724556,-0.1386360422553165,-0.09500387117706949,0.03593681679385563,0.028172909352614205,-0.05129854341809095,0.007240204489054568,0.9342961311340332,0.05198957398533821,0.004584936890751123,0.9862856864929199,0.9963825345039368,0.9991329312324524,0,1,2,"[0.9343, 0.052, 0.0046, 0.0034, 0.0021, 0.0014, 0.0005, 0.0004, 0.0003, 0.0002]","[0.061, 0.139, 0.095, 0.009, 0.032, 0.202, 0.017, 0.139, 0.026, 0.121]",3000,0.013771926052868366,0.20694974607738206,
2,R6,3240,-0.020380869648304867,-0.03244350312008513,0.023166402902203082,0.060394891105169594,-0.003451424378005823,-0.04140647934247601,-0.01916865516459117,0.9440090656280518,0.03841138258576393,0.0067995586432516575,0.9824204444885254,0.9944315552711487,0.9989545345306396,0,1,2,"[0.944, 0.0384, 0.0068, 0.0029, 0.0024, 0.0021, 0.0011, 0.0007, 0.0003, 0.0003]","[0.02, 0.032, 0.023, 0.054, 0.019, 0.041, 0.025, 0.073, 0.238, 0.117]",3000,0.018353428691625595,0.2184825901748733,
2,R7,3240,-0.006908518179323665,-0.004428192199620876,-0.003848618245168993,0.022872209643731264,-0.055353637877998255,-0.002295341116607286,-0.046750517932908235,0.906611442565918,0.04185130074620247,0.025020478293299675,0.948462724685669,0.9862611293792725,0.9979352355003357,0,1,3,"[0.9066, 0.0419, 0.025, 0.0069, 0.0059, 0.0052, 0.0028, 0.0022, 0.0008, 0.0007]","[0.007, 0.004, 0.004, 0.096, 0.009, 0.023, 0.035, 0.018, 0.075, 0.103]",3000,0.015096417628228664,0.24959480427840677,
2,M0,3000,0.17491509842023098,-0.15150311919606993,0.2098535121615401,-0.013878695747512899,-0.004717503058305943,-0.014380834610488828,-0.02685220251336853,0.6241326928138733,0.17423167824745178,0.1209789514541626,0.7983644008636475,0.9760961532592773,0.9938520789146423,0,3,4,"[0.6241, 0.1742, 0.121, 0.0356, 0.0211, 0.0101, 0.0027, 0.0021, 0.0016, 0.0013]","[0.175, 0.152, 0.21, 0.2, 0.098, 0.073, 0.113, 0.038, 0.046, 0.06]",3000,0.10155440121889114,-0.06343412553873533,
2,E0,3240,-0.006164767855026404,0.20102804908192504,0.15805403623338143,-0.06318082588480164,-0.04063006699451274,-0.03780957627893923,-0.00012091556044750807,0.8059931397438049,0.011199361644685268,0.007771790027618408,0.8171924948692322,0.8366624712944031,0.8565079569816589,0,30,75,"[0.806, 0.0112, 0.0078, 0.0063, 0.0054, 0.0051, 0.0041, 0.0038, 0.0036, 0.0033]","[0.006, 0.201, 0.158, 0.04, 0.151, 0.101, 0.147, 0.207, 0.066, 0.107]",3000,0.10662898421287537,0.039328468309343216,
2,MEAN,3000,-0.09724468256937573,-0.477884878102751,0.32331217563671133,-0.026504625884206906,0.028029943038384936,0.011059710694876074,0.1469773486533814,0.34356436133384705,0.15733414888381958,0.059515178203582764,0.5008984804153442,0.6214458346366882,0.7033498883247375,2,69,140,"[0.3436, 0.1573, 0.0595, 0.0346, 0.0264, 0.0225, 0.0184, 0.015, 0.0134, 0.0125]","[0.097, 0.478, 0.323, 0.11, 0.248, 0.149, 0.127, 0.03, 0.035, 0.265]",3000,0.1433582901954651,0.15961524818032385,
3,T0,3240,-0.09487588538776281,0.024238295292743923,-0.0367680987948761,-0.04411596793313478,-0.06435098572959587,-0.021281261465332497,-0.035846555024013446,0.6661972403526306,0.2733076512813568,0.017325881868600845,0.939504861831665,0.9799290895462036,0.9902498126029968,1,2,3,"[0.6662, 0.2733, 0.0173, 0.0165, 0.0066, 0.0037, 0.0022, 0.0019, 0.0014, 0.0012]","[0.095, 0.024, 0.037, 0.08, 0.034, 0.034, 0.039, 0.049, 0.105, 0.376]",3000,0.05760122090578079,0.09461238308950631,
3,T1,3240,0.03213502635403968,0.09367300813279958,0.015854657815439367,-0.020223406458193652,-0.01671238954756249,0.015651798999537406,0.005028750518074356,0.7216972708702087,0.18559037148952484,0.04456046223640442,0.9072876572608948,0.9759537577629089,0.9894992113113403,0,2,3,"[0.7217, 0.1856, 0.0446, 0.02, 0.0041, 0.0038, 0.0034, 0.0026, 0.0023, 0.0015]","[0.032, 0.094, 0.016, 0.03, 0.015, 0.08, 0.056, 0.004, 0.065, 0.197]",3000,0.06440460681915283,0.07891946613653136,
3,T2,3240,0.01586559028742298,-0.01935198993671177,0.052381707003189094,-0.03669753743141857,0.045249663712356517,-0.037738860747280153,0.09282098947799565,0.7118369340896606,0.15118618309497833,0.08825605362653732,0.8630231022834778,0.9729505181312561,0.9876580834388733,0,3,3,"[0.7118, 0.1512, 0.0883, 0.0146, 0.0071, 0.0043, 0.0035, 0.0031, 0.0022, 0.0016]","[0.016, 0.019, 0.052, 0.059, 0.012, 0.011, 0.001, 0.163, 0.069, 0.268]",3000,0.05707749351859093,0.12511148777993075,
3,T3,3240,0.029638423021494435,0.05792623262469261,0.08928645229057126,-0.006015127596796994,0.002062348090810783,-0.007273129384453703,0.002100176161806266,0.5228331685066223,0.34436461329460144,0.07454793155193329,0.8671977519989014,0.9699773788452148,0.9875155091285706,0,3,4,"[0.5228, 0.3444, 0.0745, 0.0186, 0.0096, 0.0057, 0.0042, 0.0036, 0.0025, 0.0016]","[0.03, 0.058, 0.089, 0.041, 0.113, 0.01, 0.043, 0.045, 0.105, 0.079]",3000,0.050976790487766266,0.02054662372888888,
3,T4,3240,0.024953238309212367,0.008999483309202883,0.045567409789633695,-0.01748677183632109,-0.0592192466230489,0.025305492092373438,-0.014526868176001153,0.5970281362533569,0.24915795028209686,0.09107314050197601,0.846186101436615,0.9672790169715881,0.98675936460495,0,3,4,"[0.597, 0.2492, 0.0911, 0.0198, 0.0102, 0.006, 0.0046, 0.0039, 0.0031, 0.0019]","[0.025, 0.009, 0.046, 0.033, 0.048, 0.08, 0.057, 0.047, 0.117, 0.073]",3000,0.04720921814441681,0.1107301945395182,
3,T5,3240,-0.011274865344189406,-0.0024268125259840714,-0.02479836662980039,-0.06475125348619103,-0.04741554157375148,-0.01859902622330967,0.03436920535857858,0.6828050017356873,0.16220057010650635,0.08614597469568253,0.8450055718421936,0.9602669477462769,0.9817503690719604,0,3,5,"[0.6828, 0.1622, 0.0861, 0.016, 0.0131, 0.006, 0.0057, 0.0045, 0.0033, 0.002]","[0.011, 0.002, 0.025, 0.025, 0.004, 0.037, 0.015, 0.042, 0.068, 0.008]",3000,0.03343385085463524,0.10212309341969121,
3,T6,3240,-0.01480813852118293,0.013521746067526624,0.017776945527101014,-0.07530018546240402,-0.08134924593442425,-0.019480056657973314,0.02674720669189603,0.7155612111091614,0.14238740503787994,0.06526289135217667,0.8579486012458801,0.9635772705078125,0.9847977161407471,0,3,4,"[0.7156, 0.1424, 0.0653, 0.0298, 0.0106, 0.0062, 0.0052, 0.0038, 0.0033, 0.0027]","[0.015, 0.014, 0.018, 0.026, 0.019, 0.0, 0.011, 0.051, 0.117, 0.039]",3000,0.05513033643364906,0.10515679869858365,
3,T7,3240,-0.0005998958457108262,0.006740610427993709,-0.013332023120527232,-0.05069030725140715,-0.04446544953721952,-0.0003334552612027762,0.03096825328806223,0.5450722575187683,0.24603109061717987,0.1140485554933548,0.7911033630371094,0.9484125971794128,0.9751167893409729,0,3,6,"[0.5451, 0.246, 0.114, 0.0277, 0.0155, 0.0086, 0.0074, 0.0046, 0.0033, 0.0028]","[0.001, 0.007, 0.013, 0.013, 0.046, 0.024, 0.04, 0.105, 0.034, 0.088]",3000,0.032861802726984024,0.11571237863497491,
3,T8,3240,0.014637613955781122,0.003071899203604596,0.008854965341899447,-0.03581470347927983,-0.04248649019283865,-0.0021429078577887006,0.028000347860345023,0.5187683701515198,0.221665158867836,0.1495724320411682,0.7404335141181946,0.9394879937171936,0.9754951596260071,0,4,6,"[0.5188, 0.2217, 0.1496, 0.035, 0.0144, 0.0131, 0.0072, 0.0063, 0.0054, 0.0039]","[0.015, 0.003, 0.009, 0.032, 0.019, 0.013, 0.011, 0.054, 0.104, 0.035]",3000,0.03178270533680916,0.12770165913581727,
3,R0,3240,-0.08813946693412267,-0.05293188624409117,-0.03295683883688574,-0.005699303894878662,0.047969694946670735,-0.0762492973868037,0.02636361227947542,0.9839461445808411,0.005603197496384382,0.005314909387379885,0.9895493388175964,0.9974288940429688,0.9990935921669006,0,1,1,"[0.9839, 0.0056, 0.0053, 0.0016, 0.0009, 0.0007, 0.0004, 0.0003, 0.0002, 0.0001]","[0.088, 0.053, 0.033, 0.041, 0.021, 0.101, 0.067, 0.08, 0.025, 0.074]",3000,0.01741936057806015,0.029150337299042903,
3,R1,3240,0.03219830462993132,-0.020766032131739217,0.01982744200662574,0.10688016237803787,0.0928147628666696,0.03162901967098179,-0.026239473611532806,0.9774275422096252,0.008498630486428738,0.005839869845658541,0.9859261512756348,0.996874213218689,0.9987695217132568,0,1,1,"[0.9774, 0.0085, 0.0058, 0.0042, 0.0009, 0.0007, 0.0005, 0.0004, 0.0002, 0.0002]","[0.032, 0.021, 0.02, 0.102, 0.02, 0.023, 0.11, 0.007, 0.157, 0.001]",3000,0.014671293087303638,-0.009517271577904685,
3,R2,3240,-0.13010713127379397,-0.15942719097694052,-0.09418231184071098,0.056316824425744566,0.10301320050301875,-0.10090269637162248,0.045547116488990985,0.953417956829071,0.022886082530021667,0.010741746053099632,0.9763040542602539,0.9937004446983337,0.9973857402801514,0,1,1,"[0.9534, 0.0229, 0.0107, 0.0049, 0.0018, 0.0013, 0.0009, 0.0006, 0.0005, 0.0004]","[0.13, 0.159, 0.094, 0.239, 0.071, 0.159, 0.085, 0.261, 0.137, 0.034]",3000,0.02566220425069332,0.009378656378271795,
3,R3,3240,0.06138798631189241,-0.05189935472062104,-0.09868208894452865,-0.030492133677050507,0.09187589380695625,0.04832167515761723,0.051425264588747195,0.5959826707839966,0.33408287167549133,0.042840272188186646,0.9300655126571655,0.993820309638977,0.9989438056945801,0,2,3,"[0.596, 0.3341, 0.0428, 0.0183, 0.0026, 0.0017, 0.0015, 0.0012, 0.0005, 0.0004]","[0.061, 0.052, 0.099, 0.042, 0.02, 0.04, 0.011, 0.051, 0.007, 0.063]",3000,0.023843955248594284,-0.2768556915187487,
3,R4,3240,-0.07327411666339065,-0.04049091091919542,0.11201558570495733,-0.03377573349789,-0.17230389988171382,-0.09209749367878547,-0.06121469998207707,0.8379395008087158,0.14484624564647675,0.008159114047884941,0.9827857613563538,0.9955697655677795,0.999115526676178,0,2,2,"[0.8379, 0.1448, 0.0082, 0.0029, 0.0018, 0.0012, 0.001, 0.0008, 0.0003, 0.0002]","[0.073, 0.04, 0.112, 0.05, 0.029, 0.047, 0.012, 0.013, 0.008, 0.076]",3000,0.01858680695295334,0.2756549313893617,
3,R5,3240,-0.019805612769910712,-0.042314628787817866,-0.08218949207378565,0.04467725429276573,-0.003269893155935085,-0.053629227712797926,-0.005886953252429998,0.8403220772743225,0.12029223889112473,0.015569839626550674,0.9606143236160278,0.9915300011634827,0.9977580308914185,0,2,2,"[0.8403, 0.1203, 0.0156, 0.0114, 0.004, 0.0024, 0.0017, 0.001, 0.0007, 0.0005]","[0.02, 0.042, 0.082, 0.004, 0.073, 0.216, 0.071, 0.014, 0.106, 0.108]",3000,0.012307497672736645,0.19542238522376607,
3,R6,3240,0.020257832443919946,0.011067346996995991,0.03329564646627177,0.053313974850546744,-0.046675913919084495,-0.030371448096798502,-0.029399834584628203,0.9298616647720337,0.046367861330509186,0.00882647093385458,0.9762295484542847,0.9929201602935791,0.9985864162445068,0,1,2,"[0.9299, 0.0464, 0.0088, 0.0042, 0.0037, 0.0027, 0.0013, 0.0008, 0.0005, 0.0003]","[0.02, 0.011, 0.033, 0.048, 0.064, 0.047, 0.112, 0.061, 0.012, 0.153]",3000,0.02169046550989151,0.177795956175334,
3,R7,3240,-0.017525151133939768,-0.025174705524642637,0.06377296062538941,-0.03959338081727958,0.044983208780106025,-0.01035235155169358,0.02050697377366581,0.9367128610610962,0.02635619230568409,0.012131388299167156,0.9630690813064575,0.9887693524360657,0.9982283115386963,0,1,2,"[0.9367, 0.0264, 0.0121, 0.0088, 0.0047, 0.0043, 0.0027, 0.0013, 0.0007, 0.0005]","[0.018, 0.025, 0.064, 0.01, 0.016, 0.02, 0.002, 0.019, 0.065, 0.01]",3000,0.020958656445145607,-0.16974102392528606,
3,M0,3000,0.18336817599206695,-0.11162770635231996,0.18499877057950867,-0.033680189891156107,-0.036459119901394395,-0.008493827231890502,-0.038014686169308705,0.6393157839775085,0.1766597479581833,0.09850580990314484,0.815975546836853,0.9724467992782593,0.9920791983604431,0,3,5,"[0.6393, 0.1767, 0.0985, 0.0351, 0.0229, 0.0092, 0.0042, 0.0025, 0.002, 0.0018]","[0.183, 0.112, 0.185, 0.089, 0.271, 0.054, 0.048, 0.019, 0.017, 0.036]",3000,0.10019797086715698,-0.03178297498208838,
3,E0,3240,0.027832426107593393,0.3031562542805461,0.09766093164263198,-0.024535851317393404,-0.04820887954973939,0.016230207699127492,0.054279552189897065,0.6648027896881104,0.01516631804406643,0.013519071973860264,0.6799691319465637,0.7155548334121704,0.7517679333686829,1,75,135,"[0.6648, 0.0152, 0.0135, 0.0118, 0.0103, 0.009, 0.0075, 0.0073, 0.0066, 0.0058]","[0.028, 0.303, 0.098, 0.234, 0.094, 0.241, 0.119, 0.059, 0.084, 0.202]",3000,0.1215348094701767,-0.055525780872619564,
3,MEAN,3000,-0.22607899325142486,-0.40770604665293747,-0.2503699380583118,0.005097468640340664,0.010256464860637164,-0.0017737389297672816,0.1314903890635193,0.2892961800098419,0.16194671392440796,0.08247055113315582,0.4512428939342499,0.5973837375640869,0.6861246824264526,1,75,150,"[0.2893, 0.1619, 0.0825, 0.0349, 0.0288, 0.0267, 0.0189, 0.0167, 0.0137, 0.0128]","[0.226, 0.408, 0.25, 0.207, 0.269, 0.182, 0.134, 0.052, 0.044, 0.004]",3000,0.13541458547115326,0.2798967289463682,
4,T0,3240,-0.08956776885741298,0.06536332687956958,-0.010908444831574805,-0.04214942085459677,-0.06239798389812159,-0.029368167323832902,-0.028825517544327474,0.6651228666305542,0.27089160680770874,0.020660998299717903,0.9360144734382629,0.9794825911521912,0.9902185201644897,1,2,3,"[0.6651, 0.2709, 0.0207, 0.0161, 0.0067, 0.0039, 0.0022, 0.002, 0.0014, 0.0013]","[0.09, 0.065, 0.011, 0.053, 0.006, 0.066, 0.11, 0.062, 0.04, 0.38]",3000,0.05396006256341934,0.09724482704629418,
4,T1,3240,0.08961496081280057,-0.07013878173891745,0.046308601736123396,-0.02018911866295011,-0.010749757397653936,0.01570220730618376,0.016365180613311804,0.6957963705062866,0.2001621127128601,0.05270593613386154,0.8959584832191467,0.9709352254867554,0.9888847470283508,0,3,4,"[0.6958, 0.2002, 0.0527, 0.0162, 0.006, 0.0048, 0.0044, 0.0037, 0.003, 0.002]","[0.09, 0.07, 0.046, 0.026, 0.053, 0.062, 0.114, 0.05, 0.029, 0.12]",3000,0.06186198070645332,-0.047176747135122876,
4,T2,3240,0.046715017109118254,0.03458156979502681,0.02355102728912222,-0.018767351978910954,0.05852756860476168,-0.027428836205857322,0.09532373002339915,0.5204434990882874,0.2163984626531601,0.1826752871274948,0.7368419766426086,0.9582141041755676,0.9844608902931213,0,3,5,"[0.5204, 0.2164, 0.1827, 0.0235, 0.0152, 0.0099, 0.0062, 0.0048, 0.003, 0.0023]","[0.047, 0.035, 0.024, 0.02, 0.046, 0.012, 0.024, 0.061, 0.114, 0.143]",3000,0.040759675204753876,0.04526885682141557,
4,T3,3240,0.062257705309098244,0.06155539870010286,0.06358758121711233,0.005453071934176678,0.014431706817662768,-0.002341439115386772,0.011924738985097171,0.5261915922164917,0.32385891675949097,0.07180386036634445,0.8500505089759827,0.961878776550293,0.985529363155365,0,3,5,"[0.5262, 0.3239, 0.0718, 0.0281, 0.0119, 0.0069, 0.0061, 0.0045, 0.0037, 0.0024]","[0.062, 0.062, 0.064, 0.042, 0.075, 0.091, 0.065, 0.038, 0.014, 0.062]",3000,0.0483475886285305,-0.016957478308101213,
4,T4,3240,0.03012948715199389,0.02731185406712163,-0.04020190503160237,-0.059045076309148216,-0.12270454134295612,0.0030798998334681475,-0.003868428648674989,0.4691540598869324,0.3301621079444885,0.10768168419599533,0.7993161678314209,0.9573175311088562,0.9843282103538513,0,3,5,"[0.4692, 0.3302, 0.1077, 0.031, 0.0193, 0.0076, 0.007, 0.0055, 0.0043, 0.0026]","[0.03, 0.027, 0.04, 0.031, 0.018, 0.029, 0.061, 0.007, 0.048, 0.109]",3000,0.04394320771098137,0.020073709850057294,
4,T5,3240,-0.0021226510790763923,-0.039609477359409964,-0.006777467962478609,-0.052582382811082455,-0.03957405601397851,-0.011202859667395055,0.03044838037298559,0.6125262379646301,0.2443671077489853,0.07091119140386581,0.8568933606147766,0.9633258581161499,0.9847909212112427,0,3,4,"[0.6125, 0.2444, 0.0709, 0.0242, 0.0114, 0.0059, 0.0051, 0.0047, 0.0035, 0.0022]","[0.002, 0.04, 0.007, 0.037, 0.005, 0.011, 0.027, 0.101, 0.079, 0.037]",3000,0.03634414076805115,0.09116369731816197,
4,T6,3240,0.013681384271577543,0.004550744559021617,0.03925039580759795,-0.06872598577717583,-0.07568631236145341,-0.026221330274882295,0.018915505981598014,0.6194881796836853,0.23858873546123505,0.0631195604801178,0.8580769300460815,0.962063729763031,0.9848455190658569,0,3,5,"[0.6195, 0.2386, 0.0631, 0.0281, 0.0128, 0.0064, 0.0057, 0.0044, 0.0037, 0.0025]","[0.014, 0.005, 0.039, 0.031, 0.03, 0.031, 0.019, 0.092, 0.01, 0.029]",3000,0.0493369959294796,0.05423768461399081,
4,T7,3240,0.018837330831551598,0.025688922460114214,-0.04896693138791825,-0.050110112804121094,-0.05187224885444028,-0.016026577301024414,0.02914131522784835,0.5620818734169006,0.2342049926519394,0.11487437039613724,0.7962868809700012,0.9540927410125732,0.9788898229598999,0,3,5,"[0.5621, 0.2342, 0.1149, 0.0261, 0.0169, 0.0078, 0.007, 0.0046, 0.003, 0.0024]","[0.019, 0.026, 0.049, 0.034, 0.015, 0.009, 0.019, 0.188, 0.076, 0.072]",3000,0.044276025146245956,0.0950352596850774,
4,T8,3240,0.06593121831133981,-0.023201096432511843,-0.0329513328487634,-0.03229537124252458,-0.020459095547739455,-0.026168206905018268,0.04346325467632609,0.4862763583660126,0.2992541491985321,0.10838086903095245,0.7855305075645447,0.9537538886070251,0.9826722741127014,0,4,5,"[0.4863, 0.2993, 0.1084, 0.0451, 0.0147, 0.0085, 0.0072, 0.0057, 0.0047, 0.0027]","[0.066, 0.023, 0.033, 0.01, 0.055, 0.004, 0.046, 0.051, 0.048, 0.066]",3000,0.03912689536809921,0.007901699074631074,
4,R0,3240,-0.11858600662457387,-0.10332587762565745,0.07197955714008201,-0.03058971811520758,-0.0011739915773758293,-0.10565651375977951,0.015096287385617744,0.9746829867362976,0.010669289156794548,0.00726583506911993,0.9853522777557373,0.9961109757423401,0.998651921749115,0,1,1,"[0.9747, 0.0107, 0.0073, 0.0018, 0.0017, 0.0009, 0.0006, 0.0004, 0.0003, 0.0003]","[0.119, 0.103, 0.072, 0.061, 0.018, 0.093, 0.059, 0.041, 0.049, 0.009]",3000,0.022728674113750458,0.023450739593917448,
4,R1,3240,0.03978667037009472,-0.006852985931207747,0.044257194184474276,0.0805596664770384,0.06423889909636976,0.036283731687097164,-0.036814393155677985,0.9633489847183228,0.013010689988732338,0.010002714581787586,0.9763596653938293,0.994674026966095,0.9981536865234375,0,1,1,"[0.9633, 0.013, 0.01, 0.0063, 0.002, 0.0011, 0.001, 0.0007, 0.0005, 0.0003]","[0.04, 0.007, 0.044, 0.071, 0.048, 0.057, 0.134, 0.047, 0.074, 0.204]",3000,0.01976708695292473,-0.0301010410562108,
4,R2,3240,-0.16552835677782307,0.058638519584635826,0.04552945188253666,0.035855874097415134,0.10317921081221136,-0.10826701768061521,0.02630109030079964,0.9112460613250732,0.04422644525766373,0.019002025946974754,0.9554725289344788,0.9875664114952087,0.9951053857803345,0,1,2,"[0.9112, 0.0442, 0.019, 0.0085, 0.0046, 0.003, 0.0018, 0.0011, 0.0008, 0.0008]","[0.166, 0.059, 0.046, 0.034, 0.115, 0.102, 0.059, 0.075, 0.02, 0.172]",3000,0.030491424724459648,0.015145629606946941,
4,R3,3240,0.0779807895314833,-0.07562085344538023,-0.11572568370583187,-0.04081514151079131,0.09284315124477849,0.05847110091007493,0.05493648888008327,0.6355112195014954,0.29387596249580383,0.04110988974571228,0.9293872117996216,0.989639937877655,0.9976267218589783,0,2,3,"[0.6355, 0.2939, 0.0411, 0.016, 0.0032, 0.0023, 0.0022, 0.0015, 0.0012, 0.0008]","[0.078, 0.076, 0.116, 0.039, 0.055, 0.023, 0.093, 0.066, 0.029, 0.01]",3000,0.0249855425208807,-0.29560245362194737,
4,R4,3240,-0.03181309607173213,-0.015069796610751215,0.13787461147701732,0.000473503455077837,-0.12395480289797442,-0.09258067152504894,-0.05891195021060293,0.732404887676239,0.24473153054714203,0.008848453871905804,0.9771364331245422,0.9929361939430237,0.9982641339302063,0,2,2,"[0.7324, 0.2447, 0.0088, 0.0035, 0.0034, 0.0019, 0.0013, 0.001, 0.0008, 0.0004]","[0.032, 0.015, 0.138, 0.117, 0.024, 0.037, 0.004, 0.034, 0.054, 0.034]",3000,0.019104503095149994,0.21519666481527638,
4,R5,3240,-0.0159763433776642,-0.0351338386025173,0.043605768076488916,0.025718175165303506,-0.04350521123655463,-0.02349567749579225,-0.028337054906261767,0.8210924863815308,0.12702815234661102,0.01928650215268135,0.948120653629303,0.9882562756538391,0.9962940812110901,1,2,3,"[0.8211, 0.127, 0.0193, 0.0106, 0.0102, 0.0025, 0.0023, 0.0016, 0.001, 0.0007]","[0.016, 0.035, 0.044, 0.039, 0.096, 0.346, 0.046, 0.08, 0.069, 0.027]",3000,0.009850717149674892,0.20212837603792758,
4,R6,3240,0.023689674824370212,0.029755713554904036,0.0690382217937075,0.05877508874022389,-0.05219907827753152,-0.0003488277447605535,-0.04042312480704101,0.909088671207428,0.05901898816227913,0.013916517607867718,0.9681076407432556,0.9915367364883423,0.9978432655334473,0,1,2,"[0.9091, 0.059, 0.0139, 0.0056, 0.0039, 0.0026, 0.0015, 0.0011, 0.0007, 0.0004]","[0.024, 0.03, 0.069, 0.024, 0.025, 0.086, 0.005, 0.122, 0.041, 0.11]",3000,0.028480499982833862,0.13351385848395106,
4,R7,3240,0.00681063480505134,-0.01573445861132772,0.10188691363039726,-0.036469083978221496,0.006053778225932707,-0.03666869446263831,-0.025446528086061192,0.9360336065292358,0.02246067114174366,0.013731185346841812,0.9584943056106567,0.9889466166496277,0.99753737449646,0,1,2,"[0.936, 0.0225, 0.0137, 0.0096, 0.0071, 0.0037, 0.0024, 0.001, 0.0008, 0.0006]","[0.007, 0.016, 0.102, 0.017, 0.007, 0.052, 0.024, 0.032, 0.01, 0.071]",3000,0.026056412607431412,-0.0821685010317562,
4,M0,3000,0.17411206980075375,-0.12383127579301217,0.24783369233397298,-0.03454633857595811,-0.05056807410353944,-0.00038930918354069995,-0.039543060513961274,0.5941364169120789,0.19319482147693634,0.11751406639814377,0.787331223487854,0.962155818939209,0.9897839426994324,0,3,5,"[0.5941, 0.1932, 0.1175, 0.0363, 0.021, 0.0093, 0.0079, 0.0044, 0.0035, 0.0025]","[0.174, 0.124, 0.248, 0.186, 0.167, 0.024, 0.106, 0.028, 0.001, 0.024]",3000,0.09510884433984756,-0.01714695299484184,
4,E0,3240,-0.029645036426732774,0.08230238398595344,-0.35225645762727587,-0.038356204955040406,-0.038813996948672734,-0.007875843560765192,0.07289975918058457,0.7390772700309753,0.012382428161799908,0.010503992438316345,0.7514597177505493,0.7793669104576111,0.8090707063674927,2,52,110,"[0.7391, 0.0124, 0.0105, 0.0095, 0.0079, 0.0072, 0.0063, 0.0061, 0.0052, 0.0048]","[0.03, 0.082, 0.352, 0.319, 0.047, 0.182, 0.039, 0.054, 0.132, 0.018]",3000,0.10076707601547241,0.07062807798172539,
4,MEAN,3000,-0.11308614869168211,0.3366366929396289,0.423535707337659,-0.008114764842457078,-0.010087388162065381,0.028740474417592792,0.05515661038108651,0.3301135301589966,0.1661236733198166,0.09212937206029892,0.49623721837997437,0.6490240097045898,0.7262064814567566,2,64,133,"[0.3301, 0.1661, 0.0921, 0.0365, 0.0242, 0.0218, 0.0169, 0.0145, 0.0122, 0.0118]","[0.113, 0.337, 0.424, 0.256, 0.23, 0.018, 0.154, 0.037, 0.279, 0.101]",3000,0.11325476318597794,0.12371992234477641,
5,T0,3240,-0.036273437717976184,0.0818978783456131,0.02846148856334604,-0.03328562670285284,-0.04902243328258012,-0.021776892493656233,-0.005195191325382831,0.6690223813056946,0.2639774978160858,0.027101758867502213,0.932999849319458,0.980656087398529,0.9905798435211182,1,2,3,"[0.669, 0.264, 0.0271, 0.0156, 0.0049, 0.0032, 0.0023, 0.002, 0.0013, 0.0011]","[0.036, 0.082, 0.028, 0.045, 0.079, 0.08, 0.14, 0.037, 0.124, 0.364]",3000,0.05000734329223633,0.08110048906571117,
5,T1,3240,0.15780669379581422,0.10260726164804887,0.016838396206970176,-0.017722760556168143,0.009308572766096264,0.02052121354930964,0.06400511241664615,0.645781934261322,0.23007698357105255,0.05891039967536926,0.8758589029312134,0.9677043557167053,0.9877857565879822,0,3,4,"[0.6458, 0.2301, 0.0589, 0.0222, 0.0107, 0.006, 0.005, 0.0043, 0.0028, 0.002]","[0.158, 0.103, 0.017, 0.09, 0.076, 0.087, 0.063, 0.081, 0.128, 0.109]",3000,0.058886684477329254,-0.03168220540933031,
5,T2,3240,0.043062250301906274,0.0034244733379733437,0.056385483543231016,-0.017793199757249776,0.017281148071317348,0.00676243282586276,0.07127514410960463,0.5056471824645996,0.21659702062606812,0.1971048265695572,0.7222442030906677,0.9555800557136536,0.9834155440330505,0,3,5,"[0.5056, 0.2166, 0.1971, 0.0204, 0.0158, 0.0118, 0.0057, 0.0052, 0.003, 0.0022]","[0.043, 0.003, 0.056, 0.033, 0.031, 0.016, 0.096, 0.08, 0.157, 0.185]",3000,0.039937134832143784,0.028199703209225872,
5,T3,3240,0.07399226555840398,0.05625060656597878,-0.07667883415258739,-0.019155562723622475,-0.0019869389892872634,-0.004269586138100446,0.0268075779002264,0.4858801066875458,0.3691588342189789,0.06878924369812012,0.8550389409065247,0.9652085900306702,0.9864301085472107,0,3,4,"[0.4859, 0.3692, 0.0688, 0.0272, 0.0142, 0.0064, 0.0056, 0.0042, 0.0028, 0.0022]","[0.074, 0.056, 0.077, 0.047, 0.055, 0.087, 0.052, 0.066, 0.076, 0.06]",3000,0.04984379932284355,0.004605099072784629,
5,T4,3240,0.015286449714220593,0.04824833987592996,0.05795691686745966,0.0940891499912993,0.06158432396420427,0.05499778500616276,-0.06211691965332713,0.45408564805984497,0.34394675493240356,0.11164034157991409,0.7980324029922485,0.9592555165290833,0.9843620657920837,0,3,5,"[0.4541, 0.3439, 0.1116, 0.0364, 0.0131, 0.0071, 0.006, 0.0051, 0.004, 0.0028]","[0.015, 0.048, 0.058, 0.032, 0.001, 0.03, 0.084, 0.043, 0.046, 0.075]",3000,0.03499681502580643,-0.14056436608373396,
5,T5,3240,-0.010846258347367433,-0.06059750920176436,-0.056876783284353895,-0.055641730519397185,-0.04150591076297999,-0.020828658944676365,0.04369802775578552,0.5616801381111145,0.2575500011444092,0.09516797959804535,0.8192301392555237,0.9585767388343811,0.982824444770813,0,3,5,"[0.5617, 0.2576, 0.0952, 0.0286, 0.0156, 0.0072, 0.0055, 0.0049, 0.0039, 0.0028]","[0.011, 0.061, 0.057, 0.006, 0.068, 0.04, 0.046, 0.147, 0.006, 0.047]",3000,0.04084475338459015,0.09994626755925755,
5,T6,3240,0.024932612128881638,0.01096969537959961,0.013540204911205531,-0.06686513329392418,-0.06682359450448706,-0.030417546180253816,0.04036972415971687,0.6025305986404419,0.2444300800561905,0.0692238137125969,0.8469606637954712,0.95781010389328,0.9836201667785645,0,3,5,"[0.6025, 0.2444, 0.0692, 0.0323, 0.0093, 0.0076, 0.0069, 0.0049, 0.0037, 0.0027]","[0.025, 0.011, 0.014, 0.032, 0.054, 0.011, 0.027, 0.117, 0.004, 0.001]",3000,0.048752035945653915,0.043530080567675766,
5,T7,3240,0.024792366981706542,0.0019360827566664287,-0.04588575382172182,-0.0478970511955988,-0.06477087045637252,-0.02147362133803436,0.040746385978268664,0.4930519163608551,0.2884552776813507,0.12757208943367004,0.7815071940422058,0.9499331712722778,0.9775885343551636,0,3,6,"[0.4931, 0.2885, 0.1276, 0.0259, 0.015, 0.0093, 0.0075, 0.0049, 0.0032, 0.0028]","[0.025, 0.002, 0.046, 0.052, 0.018, 0.034, 0.032, 0.135, 0.013, 0.112]",3000,0.04221651330590248,0.0935922761061981,
5,T8,3240,0.05449522686506099,0.036135374038728345,0.04298015937199339,-0.06554954770799934,-0.04701907702786306,-0.029905429320350268,0.0598119285165809,0.4953880310058594,0.30458247661590576,0.10002150386571884,0.7999705076217651,0.9528549909591675,0.9813967943191528,0,4,5,"[0.4954, 0.3046, 0.1, 0.0405, 0.0123, 0.0085, 0.007, 0.0064, 0.0037, 0.0029]","[0.054, 0.036, 0.043, 0.052, 0.035, 0.034, 0.034, 0.027, 0.028, 0.012]",3000,0.041770756244659424,0.005943391031844156,
5,R0,3240,-0.1272005268008306,-0.08522636310740556,0.035638651733446526,-0.09694395923223634,-0.1355356949870791,-0.006272656593108811,-0.03998649498859535,0.9655340909957886,0.01571408100426197,0.009743022732436657,0.9812481999397278,0.9952064156532288,0.9981474280357361,0,1,1,"[0.9655, 0.0157, 0.0097, 0.0024, 0.0018, 0.0009, 0.0008, 0.0006, 0.0004, 0.0003]","[0.127, 0.085, 0.036, 0.061, 0.074, 0.055, 0.043, 0.013, 0.007, 0.148]",3000,0.02479606121778488,0.10986475966930995,
5,R1,3240,0.03233305434447007,0.03844451738001866,0.060109040503815936,0.04951123350885966,0.003185611257080378,0.07552279133409137,-0.0799443954987244,0.9477054476737976,0.021533016115427017,0.015138610266149044,0.9692384600639343,0.9934998750686646,0.9976488351821899,0,1,2,"[0.9477, 0.0215, 0.0151, 0.0062, 0.0029, 0.0012, 0.001, 0.0008, 0.0007, 0.0005]","[0.032, 0.038, 0.06, 0.07, 0.078, 0.057, 0.063, 0.017, 0.001, 0.15]",3000,0.023379312828183174,-0.0028688986219554302,
5,R2,3240,-0.012210718242202065,0.044687170477134934,0.07935089847099877,0.06479413813561802,0.13655260689009766,-0.03985005492866584,-0.005570255094786055,0.9070484638214111,0.048463765531778336,0.019666016101837158,0.9555122256278992,0.9866724014282227,0.9948874711990356,0,1,2,"[0.907, 0.0485, 0.0197, 0.0079, 0.0036, 0.0032, 0.002, 0.0012, 0.0011, 0.0008]","[0.012, 0.045, 0.079, 0.044, 0.046, 0.036, 0.145, 0.086, 0.061, 0.084]",3000,0.02960236184298992,-0.1519146271413825,
5,R3,3240,0.0934420812643652,-0.07207449472344869,-0.09078623168542233,-0.03609031453928407,0.10155139208679094,0.07671416848846016,0.07041917999805705,0.6310508847236633,0.2970748841762543,0.04230605065822601,0.9281257390975952,0.9884793162345886,0.997148334980011,0,2,3,"[0.6311, 0.2971, 0.0423, 0.0143, 0.0037, 0.0027, 0.0024, 0.0016, 0.0011, 0.0008]","[0.093, 0.072, 0.091, 0.001, 0.054, 0.063, 0.073, 0.037, 0.012, 0.028]",3000,0.026093196123838425,-0.3265659789303729,
5,R4,3240,-0.014300855366515122,-0.010268411191481912,0.13230173180661456,0.01581715299238222,-0.10749145780824894,-0.09107367632585199,-0.0693499351215488,0.6682654023170471,0.3043275773525238,0.009661223739385605,0.9725929498672485,0.9910762310028076,0.997708261013031,0,2,2,"[0.6683, 0.3043, 0.0097, 0.0048, 0.004, 0.003, 0.0013, 0.0011, 0.0008, 0.0004]","[0.014, 0.01, 0.132, 0.042, 0.109, 0.038, 0.043, 0.055, 0.095, 0.024]",3000,0.019851921126246452,0.17638286487031535,
5,R5,3240,0.07767932778747091,0.047659878905116075,-0.025433520432633045,0.061080919825000426,0.00551376279564583,0.07188996079745899,-0.04998274361467159,0.7206059098243713,0.18985696136951447,0.036289677023887634,0.9104628562927246,0.9824283123016357,0.9938603639602661,0,2,4,"[0.7206, 0.1899, 0.0363, 0.0207, 0.015, 0.0032, 0.0031, 0.0024, 0.0016, 0.0011]","[0.078, 0.048, 0.025, 0.069, 0.081, 0.069, 0.131, 0.061, 0.191, 0.144]",3000,0.009386459365487099,-0.035597150039338776,
5,R6,3240,0.012365025634764156,0.035953885332819284,0.08724552400370846,0.074212153990392,-0.060137055496627,-0.004805560886068547,-0.05880841941384239,0.8803740739822388,0.07400287687778473,0.017562564462423325,0.9543769359588623,0.9880824685096741,0.9966418743133545,0,2,2,"[0.8804, 0.074, 0.0176, 0.0104, 0.0057, 0.0034, 0.002, 0.0016, 0.0009, 0.0007]","[0.012, 0.036, 0.087, 0.06, 0.036, 0.109, 0.028, 0.089, 0.034, 0.088]",3000,0.020303776487708092,0.17919155935528153,
5,R7,3240,0.0034763431954022306,-0.045021195631991286,0.08334577020809167,0.017822614365025958,0.006090433319944395,-0.030951320333137525,-0.037082323508712996,0.9525018930435181,0.01706581749022007,0.00895420741289854,0.9695677161216736,0.9902780652046204,0.9977484345436096,0,1,1,"[0.9525, 0.0171, 0.009, 0.0069, 0.0048, 0.0034, 0.0021, 0.0008, 0.0006, 0.0006]","[0.003, 0.045, 0.083, 0.016, 0.019, 0.04, 0.014, 0.017, 0.076, 0.033]",3000,0.02150188758969307,-0.08064514295161036,
5,M0,3000,0.1415892043409407,-0.2011558965298865,0.19856737143479747,-0.07061488156065927,-0.09608971270058475,0.007394172782359766,-0.030399664685384516,0.6138333082199097,0.17267701029777527,0.11194435507059097,0.7865103483200073,0.9533672332763672,0.9881293177604675,0,4,5,"[0.6138, 0.1727, 0.1119, 0.0346, 0.0204, 0.0107, 0.0086, 0.0066, 0.0058, 0.003]","[0.142, 0.201, 0.199, 0.077, 0.152, 0.041, 0.054, 0.039, 0.071, 0.18]",3000,0.09107907116413116,0.011004755936200249,
5,E0,3240,-0.013624160525691927,0.04424099625692998,-0.25242685963685163,0.0010471074142615131,-0.043913178939438045,0.047908868033124864,0.0023709197935742545,0.6915125846862793,0.01734922267496586,0.012366599403321743,0.7088618278503418,0.7421470880508423,0.7787696123123169,1,63,121,"[0.6915, 0.0173, 0.0124, 0.0108, 0.0101, 0.0093, 0.008, 0.0071, 0.0062, 0.006]","[0.014, 0.044, 0.252, 0.116, 0.315, 0.063, 0.207, 0.031, 0.02, 0.109]",3000,0.09819620847702026,-0.03162160505591373,
5,MEAN,3000,0.005604491196679726,-0.34114391093883556,0.43443337962232137,-0.0037197536359769028,-0.006575569662526845,0.038443098875457,-0.014065409392332117,0.3338755965232849,0.14806903898715973,0.09920866787433624,0.48194462060928345,0.6425513625144958,0.7235775589942932,2,65,136,"[0.3339, 0.1481, 0.0992, 0.0365, 0.0249, 0.0226, 0.017, 0.0153, 0.0137, 0.0124]","[0.006, 0.341, 0.434, 0.254, 0.27, 0.016, 0.188, 0.035, 0.151, 0.161]",3000,0.10449261218309402,-0.0337702640057259,
6,T0,3240,-0.031238637072989867,0.09575920855274084,0.02208511004346515,-0.01780926737014339,-0.02780743476578458,-0.020648223796750322,-0.01157300870552128,0.7091244459152222,0.23468400537967682,0.020508430898189545,0.9438084363937378,0.9826151132583618,0.9912793040275574,0,2,3,"[0.7091, 0.2347, 0.0205, 0.0137, 0.0046, 0.0026, 0.002, 0.0018, 0.0012, 0.001]","[0.031, 0.096, 0.022, 0.028, 0.101, 0.083, 0.1, 0.105, 0.2, 0.133]",3000,0.05306178703904152,0.08286923170545225,
6,T1,3240,0.12687041344889963,-0.09171810547287726,0.030825229950109823,-0.027263272055153127,-0.046718897897536145,0.02112540306961944,0.02899545494664724,0.614502489566803,0.2587060332298279,0.058767519891262054,0.8732085227966309,0.9651083946228027,0.9869162440299988,0,3,4,"[0.6145, 0.2587, 0.0588, 0.0211, 0.012, 0.0065, 0.0054, 0.0046, 0.003, 0.0025]","[0.127, 0.092, 0.031, 0.12, 0.128, 0.142, 0.102, 0.081, 0.112, 0.209]",3000,0.057569652795791626,-0.03146004758043976,
6,T2,3240,0.04863866332885894,-0.003961625366344336,0.06484537496552903,-0.019979853033971883,0.005719204147134934,0.005061405799736806,0.05054415860466384,0.4901280999183655,0.24076786637306213,0.18977569043636322,0.73089599609375,0.9551801085472107,0.9834091663360596,0,3,5,"[0.4901, 0.2408, 0.1898, 0.0217, 0.0128, 0.0122, 0.0059, 0.0046, 0.0034, 0.0022]","[0.049, 0.004, 0.065, 0.043, 0.004, 0.063, 0.118, 0.123, 0.22, 0.139]",3000,0.03988659381866455,0.0342199604963301,
6,T3,3240,0.07002416109053784,0.10429742613416597,-0.0718125552616595,-0.006813386284521373,-0.0074293131636681605,0.003946869891442534,0.02564692842230003,0.452585905790329,0.4096124768257141,0.06551431864500046,0.8621983528137207,0.9653222560882568,0.9864019751548767,0,3,4,"[0.4526, 0.4096, 0.0655, 0.0249, 0.0127, 0.0062, 0.0055, 0.0042, 0.003, 0.0021]","[0.07, 0.104, 0.072, 0.034, 0.055, 0.083, 0.046, 0.092, 0.102, 0.043]",3000,0.0487794354557991,-0.0002675982587047848,
6,T4,3240,0.021199171888381513,0.05122953893002602,0.04490279213618597,0.09506912650579337,0.059703735980290044,0.04543621983604539,-0.06017604830821329,0.49124065041542053,0.31974589824676514,0.1009315550327301,0.8109865188598633,0.9588278532028198,0.9837232232093811,0,3,5,"[0.4912, 0.3197, 0.1009, 0.0321, 0.0148, 0.0075, 0.0057, 0.0051, 0.0038, 0.0028]","[0.021, 0.051, 0.045, 0.033, 0.031, 0.057, 0.092, 0.024, 0.107, 0.054]",3000,0.03710620477795601,-0.15303921720676492,
6,T5,3240,-0.012180127506123385,0.05541262269411876,-0.06460669465538563,-0.057221086184447205,-0.04811773051972545,-0.01218837499548733,0.0377678846892259,0.5743416547775269,0.24822163581848145,0.09563048928976059,0.8225632905960083,0.9562324285507202,0.9817060828208923,0,3,5,"[0.5743, 0.2482, 0.0956, 0.0267, 0.0113, 0.0073, 0.0061, 0.0051, 0.0044, 0.0027]","[0.012, 0.055, 0.065, 0.002, 0.092, 0.046, 0.025, 0.001, 0.108, 0.02]",3000,0.040714461356401443,0.10863417478136436,
6,T6,3240,0.010256468605680788,-0.009473194441426934,-0.02743214884569484,-0.0517444533355413,-0.06056567734455017,-0.03367465806813151,0.039279703285472,0.5684131383895874,0.2771931290626526,0.07040835171937943,0.84560626745224,0.956041157245636,0.9821736812591553,0,3,5,"[0.5684, 0.2772, 0.0704, 0.0275, 0.0125, 0.008, 0.0069, 0.0049, 0.0037, 0.0027]","[0.01, 0.009, 0.027, 0.003, 0.015, 0.013, 0.051, 0.083, 0.005, 0.036]",3000,0.04998579993844032,0.04954592239839795,
6,T7,3240,0.02809835543357866,0.0058739892255276725,-0.04566050742768812,-0.036973820117370354,-0.0731246631240132,-0.03674162700067635,0.03260663456563184,0.4633500277996063,0.2933453619480133,0.1432722806930542,0.7566953897476196,0.9479849338531494,0.9753172397613525,0,4,6,"[0.4634, 0.2933, 0.1433, 0.0282, 0.0198, 0.0096, 0.0077, 0.0048, 0.0029, 0.0023]","[0.028, 0.006, 0.046, 0.008, 0.069, 0.027, 0.02, 0.133, 0.117, 0.013]",3000,0.04075893014669418,0.06954852828754642,
6,T8,3240,-0.029903499338151084,0.051400330592143,0.039873173662790605,0.06110693179153831,0.016434850255451102,0.022442664890568526,-0.034066017851215824,0.47884535789489746,0.30544909834861755,0.10265978425741196,0.7842944860458374,0.9501943588256836,0.9793049693107605,0,4,5,"[0.4788, 0.3054, 0.1027, 0.0445, 0.0187, 0.0087, 0.0077, 0.0063, 0.0038, 0.0027]","[0.03, 0.051, 0.04, 0.069, 0.027, 0.033, 0.027, 0.042, 0.034, 0.072]",3000,0.04152252525091171,-0.021160042641436883,
6,R0,3240,-0.056290171208093744,-0.0647416087408453,0.04123396587383507,-0.06285300287509166,-0.12542863225471196,0.06782059325169346,-0.10512768584716897,0.9708289504051208,0.014294889755547047,0.007432131562381983,0.9851238131523132,0.9960648417472839,0.9984297156333923,0,1,1,"[0.9708, 0.0143, 0.0074, 0.0018, 0.0017, 0.0008, 0.0005, 0.0004, 0.0004, 0.0003]","[0.056, 0.065, 0.041, 0.022, 0.046, 0.003, 0.0, 0.035, 0.057, 0.087]",3000,0.02923647128045559,0.019584161883358025,
6,R1,3240,-0.0036550824762789634,0.024508033695296586,-0.05052107675625787,0.03088444826258107,-0.025029891597073105,0.07638757912750042,-0.1024333057455433,0.9464631080627441,0.02207276225090027,0.01562162209302187,0.9685359001159668,0.9934890270233154,0.9975894093513489,0,1,2,"[0.9465, 0.0221, 0.0156, 0.0062, 0.0031, 0.0011, 0.001, 0.0008, 0.0007, 0.0005]","[0.004, 0.025, 0.051, 0.087, 0.068, 0.016, 0.098, 0.006, 0.011, 0.118]",3000,0.022636037319898605,0.03032779040071779,
6,R2,3240,-0.0009274736565977526,0.048417192410025484,0.07876260199645713,-0.05308138854299559,-0.11608681502519833,0.04605749390091976,-0.02694367467269161,0.8976016640663147,0.05921262130141258,0.020480185747146606,0.9568142890930176,0.986831545829773,0.9949868321418762,0,2,2,"[0.8976, 0.0592, 0.0205, 0.0062, 0.0033, 0.0032, 0.002, 0.0012, 0.0011, 0.0008]","[0.001, 0.048, 0.079, 0.049, 0.071, 0.06, 0.152, 0.038, 0.095, 0.066]",3000,0.0302901454269886,0.13664749932664183,
6,R3,3240,0.07008851679636106,-0.08287909900757684,-0.10232230572697064,-0.030100877376264313,0.10023324908584806,0.07318871357193817,0.058585657497043524,0.6191412806510925,0.30843064188957214,0.041470691561698914,0.9275718927383423,0.9880380630493164,0.9969654679298401,0,2,3,"[0.6191, 0.3084, 0.0415, 0.0147, 0.0043, 0.003, 0.0021, 0.0019, 0.0011, 0.0009]","[0.07, 0.083, 0.102, 0.022, 0.005, 0.066, 0.036, 0.024, 0.008, 0.015]",3000,0.026233108714222908,-0.33777275068474055,
6,R4,3240,0.006005177450820275,-0.019547411706662007,0.08821688982942498,0.023926485689589903,-0.10039166654092685,-0.09478892897163053,-0.0649116537747332,0.6328878998756409,0.33433130383491516,0.012955626472830772,0.9672192335128784,0.9900038242340088,0.9974550604820251,0,2,2,"[0.6329, 0.3343, 0.013, 0.0057, 0.0041, 0.0032, 0.0015, 0.0013, 0.001, 0.0005]","[0.006, 0.02, 0.088, 0.06, 0.143, 0.055, 0.012, 0.096, 0.078, 0.019]",3000,0.020291952416300774,0.17221859904209377,
6,R5,3240,0.06572001284623274,0.0283711086801899,-0.03372982642786708,0.044863023825758595,0.03356278460117168,0.0947961984661125,-0.0405220410391441,0.7180971503257751,0.17046615481376648,0.04461461305618286,0.8885632753372192,0.9806768894195557,0.9927926063537598,0,3,4,"[0.7181, 0.1705, 0.0446, 0.03, 0.0175, 0.0036, 0.0032, 0.0027, 0.0015, 0.0012]","[0.066, 0.028, 0.034, 0.062, 0.047, 0.229, 0.029, 0.041, 0.1, 0.097]",3000,0.012409464456140995,-0.11135205831685328,
6,R6,3240,0.03259570856284399,0.03542828493804113,0.059462104939229966,0.11586329632082032,-0.03138692473019546,0.039591870151511895,-0.04796979588709205,0.8778222799301147,0.07275913655757904,0.016565535217523575,0.950581431388855,0.9864466190338135,0.9966456294059753,0,2,2,"[0.8778, 0.0728, 0.0166, 0.0109, 0.0084, 0.0048, 0.0023, 0.0016, 0.0009, 0.0006]","[0.033, 0.035, 0.059, 0.044, 0.012, 0.096, 0.063, 0.038, 0.048, 0.047]",3000,0.020832033827900887,0.1245886745404136,
6,R7,3240,-0.05102685793682893,-0.10269512032858487,-0.06802804680370488,0.04106713291800092,-0.030365331209424484,-0.07222456504498477,-0.057777521173944704,0.9428277611732483,0.019225474447011948,0.014214355498552322,0.9620532393455505,0.9892092943191528,0.9974932670593262,0,1,2,"[0.9428, 0.0192, 0.0142, 0.0082, 0.0048, 0.0039, 0.0022, 0.0009, 0.0007, 0.0006]","[0.051, 0.103, 0.068, 0.004, 0.003, 0.019, 0.02, 0.03, 0.074, 0.016]",3000,0.023027919232845306,0.08041854273373299,
6,M0,3000,0.1753333181832476,-0.1474713439899683,0.10359277452079037,-0.08334898288462214,-0.10553281360293507,0.012708946846814515,-0.0034060440484958527,0.6268684267997742,0.16593484580516815,0.10376095771789551,0.7928032875061035,0.9533977508544922,0.9874698519706726,0,4,5,"[0.6269, 0.1659, 0.1038, 0.0346, 0.0223, 0.0098, 0.0089, 0.0061, 0.0058, 0.0035]","[0.175, 0.147, 0.104, 0.071, 0.167, 0.031, 0.069, 0.017, 0.029, 0.14]",3000,0.09508384019136429,-3.787667176739179e-05,
6,E0,3240,0.02195635451031344,0.07542900010589006,0.023400445950053184,0.016022542096990996,-0.018762237645615663,0.03345970039832722,-0.029073668248718695,0.6127537488937378,0.028144752606749535,0.02032708004117012,0.6408985257148743,0.68817538022995,0.7325351238250732,1,78,138,"[0.6128, 0.0281, 0.0203, 0.0147, 0.0123, 0.0112, 0.0093, 0.0083, 0.0079, 0.0076]","[0.022, 0.075, 0.023, 0.03, 0.325, 0.18, 0.229, 0.101, 0.106, 0.032]",3000,0.11088377237319946,-0.07712874027526218,
6,MEAN,3000,0.06935233747877545,-0.3150781555973288,0.4617776475100517,0.002897918549052223,0.013343976954185233,0.026652037379784724,-0.05659720305623032,0.22195729613304138,0.17167899012565613,0.10944806039333344,0.3936362862586975,0.5761817097663879,0.6733384132385254,2,81,163,"[0.222, 0.1717, 0.1094, 0.0426, 0.0305, 0.0276, 0.0203, 0.0183, 0.0159, 0.015]","[0.069, 0.315, 0.462, 0.212, 0.291, 0.031, 0.015, 0.144, 0.158, 0.265]",3000,0.13482218980789185,-0.11581170413742993,
7,T0,3240,-0.039598026657551806,-0.0549509337735281,0.02305101943373598,0.012501748973619194,-0.0034566603585012225,-0.020573179347767947,-0.025207021527778168,0.7280648946762085,0.2082338035106659,0.023504305630922318,0.9362987279891968,0.9799511432647705,0.9899755120277405,0,2,3,"[0.7281, 0.2082, 0.0235, 0.0141, 0.0061, 0.0033, 0.0023, 0.0018, 0.0014, 0.0012]","[0.04, 0.055, 0.023, 0.023, 0.016, 0.069, 0.163, 0.156, 0.226, 0.236]",3000,0.05037083104252815,0.08848491886775381,
7,T1,3240,0.12003048485826776,0.06351333175287738,0.00832713916959719,-0.03056593951574116,-0.04226098504151308,0.03122359361659278,0.028000598660556406,0.5355517268180847,0.33065366744995117,0.06639521569013596,0.8662053942680359,0.9644851088523865,0.9863423705101013,0,3,4,"[0.5356, 0.3307, 0.0664, 0.0187, 0.0132, 0.007, 0.0052, 0.0038, 0.0034, 0.0024]","[0.12, 0.064, 0.008, 0.011, 0.034, 0.079, 0.141, 0.098, 0.095, 0.175]",3000,0.052418358623981476,-0.009564545744159936,
7,T2,3240,-0.07900369223305029,-0.017157732720304946,0.047970280477382395,0.032391400451358195,0.05238159278562095,-0.010197424815731172,-0.05437862323279182,0.3657708764076233,0.30400776863098145,0.2087545394897461,0.6697786450386047,0.926371693611145,0.9679185748100281,1,4,7,"[0.3658, 0.304, 0.2088, 0.0287, 0.0191, 0.0141, 0.0114, 0.0072, 0.0048, 0.004]","[0.079, 0.017, 0.048, 0.193, 0.082, 0.698, 0.051, 0.153, 0.269, 0.087]",3000,0.023366635665297508,-0.04124916760072031,
7,T3,3240,-0.053676995380976915,0.05197729683229964,-0.06699138760301716,0.0368892937084244,0.04038523653791273,-0.00804438105175242,-0.04016743585072914,0.4769511818885803,0.37431374192237854,0.06848195195198059,0.8512649536132812,0.9606881141662598,0.9841725826263428,0,3,5,"[0.477, 0.3743, 0.0685, 0.0265, 0.0144, 0.0067, 0.0058, 0.0052, 0.0034, 0.0024]","[0.054, 0.052, 0.067, 0.045, 0.051, 0.074, 0.03, 0.037, 0.056, 0.122]",3000,0.04864678904414177,-0.005478578305512053,
7,T4,3240,-0.007696753404135387,0.03918217967496552,0.02110698377586506,0.09278737590044489,0.06411806841057267,0.03486604122584133,-0.06214432067183134,0.5124821662902832,0.2797201871871948,0.11496075987815857,0.792202353477478,0.9527953863143921,0.9800739884376526,1,3,5,"[0.5125, 0.2797, 0.115, 0.0302, 0.0154, 0.0099, 0.006, 0.0048, 0.0039, 0.0027]","[0.008, 0.039, 0.021, 0.002, 0.03, 0.137, 0.257, 0.033, 0.269, 0.523]",3000,0.03481462970376015,-0.13091780525452623,
7,T5,3240,-0.0011617221892730178,0.06752189773549959,-0.05912193014690884,-0.06340135748804435,-0.04358164540796124,-0.012929094613765183,0.04256697735012266,0.5910943746566772,0.2481030970811844,0.08275295048952103,0.8391974568367004,0.9561813473701477,0.9807153344154358,0,3,5,"[0.5911, 0.2481, 0.0828, 0.0253, 0.0089, 0.007, 0.0062, 0.0049, 0.0038, 0.0027]","[0.001, 0.068, 0.059, 0.005, 0.08, 0.062, 0.051, 0.034, 0.093, 0.004]",3000,0.041817158460617065,0.11003216293776467,
7,T6,3240,-0.002223337006204087,-0.01318136400172274,0.0227643684853806,-0.06785389517964659,-0.07310313886724647,-0.02212548465869829,0.025147773632156107,0.5862153172492981,0.25600847601890564,0.07307939976453781,0.8422237634658813,0.9552640318870544,0.9814742207527161,0,3,5,"[0.5862, 0.256, 0.0731, 0.03, 0.01, 0.008, 0.0069, 0.0049, 0.004, 0.0025]","[0.002, 0.013, 0.023, 0.008, 0.008, 0.021, 0.048, 0.048, 0.023, 0.053]",3000,0.049196287989616394,0.07106953163275283,
7,T7,3240,-0.031845100447732075,0.002122281304248982,-0.051528116634627315,0.03067208849886672,0.08633870736384149,0.015001860553188211,-0.03460660881165594,0.4845156669616699,0.28954535722732544,0.12660309672355652,0.7740610241889954,0.9429866671562195,0.9726273417472839,0,3,6,"[0.4845, 0.2895, 0.1266, 0.0262, 0.0161, 0.0104, 0.0076, 0.0048, 0.0038, 0.0031]","[0.032, 0.002, 0.052, 0.053, 0.04, 0.038, 0.002, 0.145, 0.064, 0.1]",3000,0.03921672701835632,-0.005465749850201952,
7,T8,3240,-0.024075640455967513,0.04070449253367497,0.05810514319577707,0.07151519640569247,0.019591666828628704,0.027550392408127115,-0.03190449516589994,0.4775759279727936,0.30919018387794495,0.10222833603620529,0.7867661118507385,0.94786536693573,0.9781830310821533,0,4,6,"[0.4776, 0.3092, 0.1022, 0.0413, 0.0175, 0.0089, 0.0081, 0.0058, 0.0039, 0.0036]","[0.024, 0.041, 0.058, 0.062, 0.008, 0.051, 0.011, 0.051, 0.056, 0.003]",3000,0.04006912186741829,-0.03158063582946827,
7,R0,3240,-0.1193679606649708,-0.04387877259848612,0.035291875485436906,-0.12260968514254207,-0.1546855312468773,0.032278700827108917,-0.08720563916584594,0.9723191261291504,0.013322463259100914,0.00757694011554122,0.985641598701477,0.9962966442108154,0.9985136389732361,0,1,1,"[0.9723, 0.0133, 0.0076, 0.0016, 0.0014, 0.0007, 0.0005, 0.0004, 0.0003, 0.0002]","[0.119, 0.044, 0.035, 0.052, 0.065, 0.061, 0.029, 0.037, 0.146, 0.159]",3000,0.028130024671554565,0.12258189878512245,
7,R1,3240,-0.004648918121373187,0.03282888483598107,-0.03993977803375314,0.03975562208679553,0.014338187829938618,0.04341650488292405,-0.03355633756970223,0.9496521949768066,0.019238492473959923,0.0144079914316535,0.9688906669616699,0.992145299911499,0.9971326589584351,0,1,2,"[0.9497, 0.0192, 0.0144, 0.0055, 0.0033, 0.0019, 0.0012, 0.0008, 0.0006, 0.0005]","[0.005, 0.033, 0.04, 0.099, 0.053, 0.039, 0.135, 0.046, 0.199, 0.187]",3000,0.019700024276971817,0.07144799416937074,
7,R2,3240,-0.03074836908030224,0.026347374200825138,-0.08356701981412402,-0.057890618607814866,-0.08164165784406836,0.010939562481682784,0.006563821528896166,0.91362065076828,0.04747231304645538,0.016958914697170258,0.9610929489135742,0.9873781204223633,0.9952616095542908,0,1,2,"[0.9136, 0.0475, 0.017, 0.0057, 0.0036, 0.0032, 0.0018, 0.0012, 0.001, 0.0007]","[0.031, 0.026, 0.084, 0.043, 0.089, 0.071, 0.126, 0.045, 0.101, 0.066]",3000,0.03282301872968674,0.17024765646809817,
7,R3,3240,0.05088260523529583,-0.0774419155789523,-0.13083119843038588,-0.045031800573124205,0.10327292011746655,0.05786421232657208,0.07617583437535716,0.5869601368904114,0.34002378582954407,0.04104473069310188,0.9269839525222778,0.9868291616439819,0.996411919593811,0,2,3,"[0.587, 0.34, 0.041, 0.0146, 0.0042, 0.0032, 0.0022, 0.0019, 0.0012, 0.0011]","[0.051, 0.077, 0.131, 0.014, 0.078, 0.014, 0.014, 0.031, 0.006, 0.01]",3000,0.025752482935786247,-0.2901827666082099,
7,R4,3240,-0.02938331821827734,-0.04271554304916525,0.0572065441918311,0.02745591490742745,-0.10163857806019655,-0.08957115021656777,-0.04581095450742274,0.6223461031913757,0.3279334306716919,0.020264538004994392,0.9502795338630676,0.9861965775489807,0.9965424537658691,0,2,2,"[0.6223, 0.3279, 0.0203, 0.0079, 0.0077, 0.0045, 0.0021, 0.0017, 0.0013, 0.0007]","[0.029, 0.043, 0.057, 0.092, 0.011, 0.062, 0.052, 0.149, 0.085, 0.015]",3000,0.020439572632312775,0.20291565781875168,
7,R5,3240,0.025001491683867668,0.010967747412157895,0.022352661617705976,0.029676378698305115,0.051602011840957626,0.08803554459670969,-0.01257898953209086,0.7285998463630676,0.14742881059646606,0.049825575202703476,0.8760286569595337,0.9768984317779541,0.9918635487556458,0,3,4,"[0.7286, 0.1474, 0.0498, 0.0339, 0.0172, 0.005, 0.0036, 0.0032, 0.0018, 0.0013]","[0.025, 0.011, 0.022, 0.053, 0.06, 0.27, 0.05, 0.017, 0.062, 0.144]",3000,0.0111989825963974,-0.09337083909100587,
7,R6,3240,0.07571190235660737,0.059177870874024464,0.06779204486609917,0.06691713467463214,0.007949152018018716,0.05863577755817322,-0.002275432041736119,0.8761764764785767,0.0698317214846611,0.019808385521173477,0.9460082054138184,0.9864438772201538,0.9962026476860046,0,2,3,"[0.8762, 0.0698, 0.0198, 0.0117, 0.0089, 0.0044, 0.0022, 0.0018, 0.0009, 0.0006]","[0.076, 0.059, 0.068, 0.039, 0.001, 0.059, 0.065, 0.037, 0.08, 0.077]",3000,0.015847675502300262,-0.004966332908679793,
7,R7,3240,-0.06234412215669121,-0.08289822838454848,-0.06013748691987302,-0.01898763012906846,-0.06374271889795938,-0.04637554108792547,-0.010349926113367842,0.9417383670806885,0.018855031579732895,0.016579097136855125,0.9605934023857117,0.9901957511901855,0.9975098967552185,0,1,2,"[0.9417, 0.0189, 0.0166, 0.009, 0.0041, 0.0032, 0.0022, 0.0007, 0.0007, 0.0006]","[0.062, 0.083, 0.06, 0.014, 0.008, 0.002, 0.071, 0.074, 0.088, 0.053]",3000,0.023005632683634758,0.14043790369627818,
7,M0,3000,0.17263870731405892,-0.17807650382113172,-0.13373714202589365,-0.09725258734899211,-0.1090132906773458,0.03398943232552397,0.016319132249669348,0.6493151783943176,0.15378354489803314,0.09374639391899109,0.803098738193512,0.9546746611595154,0.9865731596946716,0,4,5,"[0.6493, 0.1538, 0.0937, 0.0368, 0.021, 0.0088, 0.0083, 0.0063, 0.0051, 0.0034]","[0.173, 0.178, 0.134, 0.095, 0.174, 0.035, 0.066, 0.01, 0.068, 0.14]",3000,0.1029902771115303,-0.010539597650923238,
7,E0,3240,0.06307306155982148,0.010154901527615081,-0.009014670729974947,0.020483167074977278,-0.018848902155246053,0.056510814247166974,-0.03631485430515849,0.4929873049259186,0.04219613969326019,0.026474274694919586,0.5351834297180176,0.599457859992981,0.6552295088768005,1,101,166,"[0.493, 0.0422, 0.0265, 0.021, 0.0168, 0.0146, 0.0116, 0.0104, 0.0097, 0.0096]","[0.063, 0.01, 0.009, 0.129, 0.393, 0.242, 0.113, 0.024, 0.034, 0.089]",3000,0.13908621668815613,-0.16383120277323682,
7,MEAN,3000,0.17482441408681024,-0.3827191068246535,0.39270405229703603,0.010909327704857117,0.030124020557314175,0.002875639349789523,-0.07578675930317713,0.2101905196905136,0.15391725301742554,0.11158353090286255,0.36410778760910034,0.5529512166976929,0.6524537205696106,2,86,169,"[0.2102, 0.1539, 0.1116, 0.0426, 0.0346, 0.0297, 0.0195, 0.0181, 0.0166, 0.0156]","[0.175, 0.383, 0.393, 0.132, 0.17, 0.296, 0.118, 0.207, 0.15, 0.188]",3000,0.15172746777534485,-0.25774763654616156,
8,T0,3240,-0.04343207479342989,0.029090103250924572,-0.007479774781071546,-0.002424294571367152,-0.044666773525529314,0.008220768488801584,-0.05372368285374541,0.6811953783035278,0.2571295499801636,0.02189628966152668,0.9383249282836914,0.9819471836090088,0.9908540844917297,0,2,3,"[0.6812, 0.2571, 0.0219, 0.0132, 0.0085, 0.0026, 0.002, 0.0018, 0.0014, 0.0011]","[0.043, 0.029, 0.007, 0.015, 0.01, 0.126, 0.04, 0.037, 0.131, 0.186]",3000,0.055932555347681046,0.04870883103096082,
8,T1,3240,0.06765551873758616,0.03922203256314511,0.006759332875304462,-0.04757359437422847,-0.046694062449849194,0.01493721030302056,0.03667575003911978,0.4531850218772888,0.39093196392059326,0.07517299801111221,0.8441169857978821,0.9573599100112915,0.9850320816040039,0,3,5,"[0.4532, 0.3909, 0.0752, 0.0239, 0.0141, 0.0092, 0.0069, 0.0053, 0.0037, 0.0026]","[0.068, 0.039, 0.007, 0.002, 0.077, 0.121, 0.008, 0.064, 0.125, 0.144]",3000,0.04470876231789589,0.023334840041685054,
8,T2,3240,-0.09281864608202262,-0.05317988197129966,0.1409631401106197,0.016891772432605284,0.017416622608377282,-0.03134523864512576,-0.03756894488273911,0.43539249897003174,0.2933589816093445,0.14766286313533783,0.7287514805793762,0.9207682609558105,0.9630052447319031,2,4,8,"[0.4354, 0.2934, 0.1477, 0.0274, 0.0169, 0.0127, 0.0103, 0.0084, 0.0065, 0.0043]","[0.093, 0.053, 0.141, 0.081, 0.035, 0.006, 0.481, 0.526, 0.166, 0.223]",3000,0.010941053740680218,-0.02954316842292446,
8,T3,3240,0.058030624975047594,-0.04093842966937653,-0.03158191894340794,-0.032696201863901764,-0.027907927599352143,0.0009608823943989774,0.01615229661282885,0.4870471656322479,0.36822310090065,0.05671883001923561,0.855270266532898,0.9613681435585022,0.9860490560531616,0,3,5,"[0.487, 0.3682, 0.0567, 0.0378, 0.0115, 0.0072, 0.0065, 0.0051, 0.0035, 0.0024]","[0.058, 0.041, 0.032, 0.042, 0.043, 0.023, 0.089, 0.081, 0.074, 0.125]",3000,0.047103434801101685,0.031363794744769184,
8,T4,3240,-0.030088595668250635,0.07567901310150213,0.00232332406248682,0.06572571061751302,0.05543476986494477,0.0185517965659037,-0.013704283595466887,0.5890865325927734,0.21367505192756653,0.12618303298950195,0.8027615547180176,0.9619649052619934,0.9842021465301514,1,3,4,"[0.5891, 0.2137, 0.1262, 0.0216, 0.0114, 0.007, 0.0052, 0.0045, 0.0031, 0.0025]","[0.03, 0.076, 0.002, 0.018, 0.099, 0.018, 0.016, 0.198, 0.236, 0.488]",3000,0.027945134788751602,-0.08881563148133802,
8,T5,3240,0.03027907942392007,0.0668509832106986,-0.03535974671415032,-0.07163404966489434,-0.05600043003186748,-0.010643727292269633,0.036921407628428195,0.522689700126648,0.3119678795337677,0.08112555742263794,0.8346575498580933,0.9569154977798462,0.9815550446510315,0,3,5,"[0.5227, 0.312, 0.0811, 0.0307, 0.0105, 0.0075, 0.0063, 0.0046, 0.0037, 0.0025]","[0.03, 0.067, 0.035, 0.002, 0.091, 0.011, 0.002, 0.023, 0.058, 0.06]",3000,0.04113885387778282,0.0794482207151495,
8,T6,3240,0.010792237050262048,1.8954247944261817e-05,0.025873454319796492,-0.0893650566539782,-0.09213494246111598,-0.016974634600327485,0.02386014623966462,0.546528160572052,0.27693116664886475,0.0888286679983139,0.8234593272209167,0.9548928141593933,0.9819414615631104,0,3,5,"[0.5465, 0.2769, 0.0888, 0.0331, 0.0095, 0.0081, 0.0071, 0.0054, 0.0043, 0.0022]","[0.011, 0.0, 0.026, 0.008, 0.005, 0.017, 0.044, 0.002, 0.004, 0.001]",3000,0.04461896792054176,0.07214472941533523,
8,T7,3240,-0.0641221128526676,0.042260347491322965,-0.02863012177853377,0.05947796740777636,0.10280317439858384,0.009105810910161705,-0.019767085171561442,0.4687376022338867,0.2934817671775818,0.13707235455513,0.7622193694114685,0.948203980922699,0.9775221943855286,0,4,6,"[0.4687, 0.2935, 0.1371, 0.0343, 0.0146, 0.0088, 0.0072, 0.0054, 0.005, 0.0029]","[0.064, 0.042, 0.029, 0.025, 0.029, 0.064, 0.028, 0.004, 0.063, 0.197]",3000,0.03372901305556297,-0.03703701742798089,
8,T8,3240,0.02305953494023462,0.04019386014674853,0.04593304117799502,-0.06185039038396515,-0.016869801060056425,-0.027828825343468377,0.035713169886407194,0.3903459310531616,0.37452423572540283,0.12572598457336426,0.7648701667785645,0.9458275437355042,0.9794610142707825,0,4,6,"[0.3903, 0.3745, 0.1257, 0.0411, 0.0141, 0.0106, 0.0093, 0.0061, 0.0041, 0.0035]","[0.023, 0.04, 0.046, 0.061, 0.011, 0.043, 0.011, 0.011, 0.111, 0.026]",3000,0.03488597273826599,0.026986139423905056,
8,R0,3240,-0.10665443027570047,0.0021298785636970764,0.05383842752677708,-0.10610888648329493,-0.11716495378571853,-0.013598865028006326,-0.028919056022352826,0.9464806914329529,0.027553226798772812,0.011500365100800991,0.9740338921546936,0.9936820864677429,0.9977765083312988,0,1,2,"[0.9465, 0.0276, 0.0115, 0.0063, 0.0018, 0.0013, 0.001, 0.0009, 0.0006, 0.0003]","[0.107, 0.002, 0.054, 0.092, 0.035, 0.114, 0.016, 0.048, 0.055, 0.243]",3000,0.02798188477754593,0.11060059826135103,
8,R1,3240,0.01606569527057732,-0.05990402217729256,0.0007427276814068974,0.08424012958149465,0.08827453775192706,0.04394986944453015,-0.022630772120648592,0.9351545572280884,0.030462630093097687,0.014900132082402706,0.9656171798706055,0.9884830117225647,0.9962059259414673,0,1,2,"[0.9352, 0.0305, 0.0149, 0.0044, 0.0035, 0.0028, 0.0016, 0.0014, 0.0011, 0.0009]","[0.016, 0.06, 0.001, 0.071, 0.011, 0.012, 0.071, 0.006, 0.006, 0.163]",3000,0.022798852995038033,0.005874135036768946,
8,R2,3240,-0.07850049089376061,0.007269683911466973,-0.086826763042534,-0.053041523009114445,-0.07097486371456169,0.011706756768679672,-0.0067661162033508734,0.8938942551612854,0.05945791304111481,0.020928867161273956,0.953352153301239,0.9846282005310059,0.9943148493766785,0,2,2,"[0.8939, 0.0595, 0.0209, 0.006, 0.0044, 0.0038, 0.002, 0.0016, 0.0013, 0.001]","[0.079, 0.007, 0.087, 0.083, 0.034, 0.1, 0.11, 0.088, 0.04, 0.14]",3000,0.035812631249427795,0.17529585076807921,
8,R3,3240,0.060869860887355055,-0.08888389068981586,0.19220392453172497,-0.012336436372430024,0.16616660063796151,0.07653010768697274,0.09031763112463011,0.6664773225784302,0.26272550225257874,0.03344319760799408,0.9292027950286865,0.9832800626754761,0.9949372410774231,0,2,3,"[0.6665, 0.2627, 0.0334, 0.0133, 0.0073, 0.0044, 0.0029, 0.0017, 0.0016, 0.001]","[0.061, 0.089, 0.192, 0.039, 0.123, 0.015, 0.017, 0.042, 0.015, 0.023]",3000,0.023945480585098267,-0.2562282085164711,
8,R4,3240,0.04703442220903762,-0.06283926433799752,0.050175052544808516,-0.045624033715369695,0.05195767811766918,0.10281025375030899,0.04399252212520574,0.6461074352264404,0.2775765061378479,0.03323111683130264,0.9236839413642883,0.977881669998169,0.9938302636146545,0,2,3,"[0.6461, 0.2776, 0.0332, 0.0123, 0.0087, 0.0058, 0.0047, 0.0023, 0.0017, 0.0016]","[0.047, 0.063, 0.05, 0.04, 0.053, 0.06, 0.013, 0.05, 0.078, 0.03]",3000,0.021039316430687904,-0.2801182750248034,
8,R5,3240,0.07014257517066731,0.03561219220958682,0.04107775654396937,0.03553768035277735,0.11739726129873604,0.12838839651757944,0.02235274219206878,0.6734848618507385,0.12376513332128525,0.09300237149000168,0.797249972820282,0.9643591642379761,0.9853454232215881,0,4,5,"[0.6735, 0.1238, 0.093, 0.0416, 0.0325, 0.0057, 0.0048, 0.0046, 0.0034, 0.0026]","[0.07, 0.036, 0.041, 0.086, 0.069, 0.076, 0.113, 0.143, 0.069, 0.041]",3000,0.00924829114228487,-0.2971808778820131,
8,R6,3240,0.09875977948600245,0.058263332473324186,0.05485343431106453,0.0599575811716618,0.07955620573538004,0.07725716905068884,0.02433072914288373,0.8458524942398071,0.08083633333444595,0.027867108583450317,0.9266888499259949,0.9843531250953674,0.9948803782463074,0,2,3,"[0.8459, 0.0808, 0.0279, 0.018, 0.0118, 0.0046, 0.0024, 0.0017, 0.0009, 0.0008]","[0.099, 0.058, 0.055, 0.065, 0.026, 0.052, 0.024, 0.029, 0.154, 0.097]",3000,0.018645532429218292,-0.10796208393790395,
8,R7,3240,-0.02483785323202056,0.05301482273962497,0.048826291314943315,-0.025880094917106765,0.08801510839145098,0.020449005180969548,0.06785527316669966,0.9428377151489258,0.01760663278400898,0.015569314360618591,0.9604443311691284,0.9903343915939331,0.9972481727600098,0,1,2,"[0.9428, 0.0176, 0.0156, 0.0098, 0.0045, 0.003, 0.0019, 0.0008, 0.0007, 0.0005]","[0.025, 0.053, 0.049, 0.009, 0.011, 0.009, 0.137, 0.063, 0.131, 0.014]",3000,0.02422458864748478,-0.09151832132670112,
8,M0,3000,0.15903916506318866,-0.18524405331021265,-0.07058391198748634,-0.09969382996483958,-0.12309374687655424,0.03435097761936418,0.03304184534572017,0.631123960018158,0.14038105309009552,0.11502686887979507,0.7715049982070923,0.9422272443771362,0.982831597328186,0,4,6,"[0.6311, 0.1404, 0.115, 0.0374, 0.0183, 0.0134, 0.0087, 0.0078, 0.0072, 0.0035]","[0.159, 0.185, 0.071, 0.036, 0.107, 0.092, 0.077, 0.07, 0.038, 0.182]",3000,0.09843837469816208,0.01698929563066364,
8,E0,3240,0.04333266793731976,0.03782863777818306,-0.03778172012513103,0.018732421132845116,-0.008133149659339036,0.06466865202678547,-0.0579901226323125,0.5080616474151611,0.03623064234852791,0.02479403279721737,0.5442922711372375,0.6093437075614929,0.6641009449958801,1,99,165,"[0.5081, 0.0362, 0.0248, 0.0226, 0.0177, 0.0138, 0.0116, 0.0104, 0.01, 0.009]","[0.043, 0.038, 0.038, 0.104, 0.385, 0.284, 0.042, 0.009, 0.171, 0.12]",3000,0.13881471753120422,-0.1695183512276405,
8,MEAN,3000,0.042461826448393344,-0.49191136853992407,0.31347692227574436,0.011310191818041425,0.020503266171088837,0.0029203099586821387,-0.07321164438879715,0.2689517140388489,0.15128085017204285,0.09074225276708603,0.4202325642108917,0.5838993787765503,0.6782202124595642,2,80,164,"[0.269, 0.1513, 0.0907, 0.0417, 0.0312, 0.0272, 0.0185, 0.0179, 0.0161, 0.0146]","[0.042, 0.492, 0.313, 0.11, 0.173, 0.224, 0.251, 0.122, 0.255, 0.059]",3000,0.14458739757537842,-0.16112689271688743,
9,T0,3240,-0.04691847277940181,0.042391337408567514,-0.0019148762114755472,0.013103679875378192,-0.005020306973864002,0.011872634324518974,-0.05078682106580382,0.693723738193512,0.2468000203371048,0.018697721883654594,0.9405237436294556,0.9802632927894592,0.9897943139076233,1,2,3,"[0.6937, 0.2468, 0.0187, 0.0121, 0.0089, 0.0026, 0.0021, 0.002, 0.0015, 0.0013]","[0.047, 0.042, 0.002, 0.028, 0.018, 0.104, 0.09, 0.054, 0.007, 0.336]",3000,0.057230204343795776,-0.02755721151024898,
9,T1,3240,0.06361209624173227,0.04811478609258195,0.0016083350830671409,-0.03371209924927083,-0.058268306406597574,0.013811283657764083,0.027762546338832926,0.4655565619468689,0.37807151675224304,0.07367222756147385,0.8436280488967896,0.9551118612289429,0.9829428791999817,0,3,5,"[0.4656, 0.3781, 0.0737, 0.0226, 0.0152, 0.0087, 0.0071, 0.0057, 0.0037, 0.0027]","[0.064, 0.048, 0.002, 0.04, 0.046, 0.169, 0.0, 0.064, 0.067, 0.126]",3000,0.046150725334882736,0.012393241673087627,
9,T2,3240,0.058245450277834204,-0.11493246968788923,0.190572215584376,-0.024997309776627365,-0.013580898462034682,0.008107746193581102,0.018981699499728916,0.5884351134300232,0.19145697355270386,0.10058227181434631,0.779892086982727,0.9252969026565552,0.9656354784965515,3,4,8,"[0.5884, 0.1915, 0.1006, 0.0295, 0.0153, 0.0112, 0.0104, 0.0086, 0.0056, 0.0046]","[0.058, 0.115, 0.191, 0.258, 0.322, 0.373, 0.59, 0.119, 0.042, 0.013]",3000,0.006653254851698875,0.04168414627086854,
9,T3,3240,0.04301690193812934,-0.08906199485051572,-0.036100689143603516,-0.03219287795250413,-0.028167453643246555,-0.005902284885099676,0.010712325703153912,0.46936020255088806,0.37642940878868103,0.06517896056175232,0.8457896113395691,0.9589525461196899,0.9846084117889404,0,3,5,"[0.4694, 0.3764, 0.0652, 0.0375, 0.0105, 0.0077, 0.0065, 0.0052, 0.004, 0.0023]","[0.043, 0.089, 0.036, 0.04, 0.036, 0.02, 0.037, 0.106, 0.068, 0.179]",3000,0.04352812096476555,0.041253610930073216,
9,T4,3240,-0.05672175210112704,0.06799820617387684,-0.0022461907299901433,0.06669042792605413,0.05568744463753903,0.004928608842818499,-0.01682781663480771,0.5449621677398682,0.2152201533317566,0.14725665748119354,0.7601823210716248,0.9481419920921326,0.9775753617286682,1,3,6,"[0.545, 0.2152, 0.1473, 0.0229, 0.0178, 0.0093, 0.0067, 0.006, 0.0042, 0.0032]","[0.057, 0.068, 0.002, 0.004, 0.107, 0.053, 0.046, 0.216, 0.387, 0.15]",3000,0.024436427280306816,-0.06534254201221738,
9,T5,3240,0.029928311712569485,0.055497818654278636,-0.03468866051200493,-0.06923059852682104,-0.0537367223252347,-0.009583264747181526,0.02559290059953657,0.5226327180862427,0.3040333688259125,0.08884835243225098,0.8266661167144775,0.9568486213684082,0.9804815649986267,0,3,5,"[0.5226, 0.304, 0.0888, 0.0295, 0.0118, 0.0069, 0.0062, 0.0048, 0.0032, 0.0025]","[0.03, 0.055, 0.035, 0.0, 0.07, 0.034, 0.018, 0.022, 0.075, 0.084]",3000,0.039385996758937836,0.07375887904302789,
9,T6,3240,-0.005013114624043343,0.006651943156492824,-0.037469220271213424,-0.07974978148499684,-0.09374936269775798,-0.02406099744441957,0.010420782922124248,0.520851731300354,0.2946813106536865,0.09164844453334808,0.8155330419540405,0.9514425992965698,0.9795703291893005,0,3,5,"[0.5209, 0.2947, 0.0916, 0.0329, 0.0113, 0.0082, 0.0073, 0.0057, 0.0043, 0.0027]","[0.005, 0.007, 0.037, 0.013, 0.064, 0.016, 0.103, 0.037, 0.072, 0.075]",3000,0.042384445667266846,0.08122021097714242,
9,T7,3240,-0.04636230104406875,0.016121680490929238,-0.01862145257687018,0.0344137410952154,0.04846431435344867,0.029926417725119163,-0.015554603908509998,0.4579595625400543,0.3141898810863495,0.1291150599718094,0.7721494436264038,0.9497460722923279,0.9767102003097534,0,3,6,"[0.458, 0.3142, 0.1291, 0.0319, 0.0166, 0.0078, 0.0065, 0.005, 0.0046, 0.0031]","[0.046, 0.016, 0.019, 0.022, 0.0, 0.054, 0.027, 0.008, 0.011, 0.196]",3000,0.035371240228414536,-0.018962743905945587,
9,T8,3240,-0.024380456534931955,0.04442693482371293,0.03841064809931043,-0.009181069129371167,0.003173985045654375,-0.02959957598403839,0.02778105549709664,0.419594407081604,0.3545902967453003,0.11879058182239532,0.7741847038269043,0.9436341524124146,0.976781964302063,0,4,6,"[0.4196, 0.3546, 0.1188, 0.0358, 0.0149, 0.0105, 0.0086, 0.006, 0.0045, 0.0035]","[0.024, 0.044, 0.038, 0.064, 0.02, 0.023, 0.041, 0.02, 0.11, 0.098]",3000,0.033745743334293365,0.03976520069721707,
9,R0,3240,-0.10634944636300445,0.0020442173228624703,0.05082930929243968,-0.11741891636229064,-0.1173160237448386,-0.03271558189124091,-0.001791801162123896,0.9407423734664917,0.028368288651108742,0.013602632097899914,0.9691106677055359,0.9919830560684204,0.9969519972801208,0,1,2,"[0.9407, 0.0284, 0.0136, 0.0073, 0.0019, 0.0016, 0.0011, 0.0009, 0.0008, 0.0006]","[0.106, 0.002, 0.051, 0.091, 0.052, 0.106, 0.04, 0.037, 0.121, 0.13]",3000,0.026116281747817993,0.09759371456300182,
9,R1,3240,0.008924927821714336,-0.06439513155701682,0.01131736152458327,0.08634021759152737,0.08414361254869696,0.03575143604818587,-0.031085830060975084,0.9267475605010986,0.033237773925065994,0.017754096537828445,0.9599853157997131,0.9870299100875854,0.9955119490623474,0,1,2,"[0.9267, 0.0332, 0.0178, 0.0052, 0.0041, 0.0031, 0.0016, 0.0014, 0.0013, 0.0011]","[0.009, 0.064, 0.011, 0.03, 0.03, 0.009, 0.092, 0.095, 0.002, 0.009]",3000,0.02393772453069687,-0.03537688088594033,
9,R2,3240,-0.03703640235690413,-0.037109376103451046,-0.05523186113842049,-0.04978540591223887,-0.0747255772784152,0.0006656556899759055,0.01317881111734232,0.8780892491340637,0.065283864736557,0.025772713124752045,0.9433730840682983,0.981792688369751,0.9921602606773376,0,2,3,"[0.8781, 0.0653, 0.0258, 0.0076, 0.0051, 0.0036, 0.0024, 0.0018, 0.0014, 0.0012]","[0.037, 0.037, 0.055, 0.079, 0.045, 0.054, 0.093, 0.051, 0.004, 0.22]",3000,0.033071503043174744,0.1363112027302544,
9,R3,3240,0.08790858478151213,-0.0740044752238924,-0.15406490969686992,-0.00818100557979005,0.20864352471374176,0.06979521625793113,0.11478031703740155,0.6063619256019592,0.3133895695209503,0.03864401951432228,0.9197515249252319,0.9817135334014893,0.9940797090530396,0,2,3,"[0.6064, 0.3134, 0.0386, 0.0155, 0.0079, 0.0042, 0.0031, 0.0019, 0.0019, 0.0013]","[0.088, 0.074, 0.154, 0.007, 0.113, 0.025, 0.002, 0.054, 0.037, 0.007]",3000,0.02330964431166649,-0.24301325896879877,
9,R4,3240,0.05212754699943882,-0.05031698908544034,0.040982631474469254,-0.025172316842511484,0.10991508518811277,0.10914241157192865,0.05561691944999914,0.6674593091011047,0.2579074501991272,0.032281845808029175,0.9253667593002319,0.9778344035148621,0.9936613440513611,0,2,3,"[0.6675, 0.2579, 0.0323, 0.0121, 0.0081, 0.0058, 0.0045, 0.0024, 0.0017, 0.0015]","[0.052, 0.05, 0.041, 0.059, 0.048, 0.052, 0.01, 0.011, 0.01, 0.032]",3000,0.020551610738039017,-0.30750616137666237,
9,R5,3240,0.0343892849749779,0.039063811529019075,0.04106095903194048,0.048124127744165024,0.14499303538767908,0.1008532998311299,0.021905971770204282,0.6520867943763733,0.12403552234172821,0.11431947350502014,0.7761223316192627,0.963946521282196,0.9845983982086182,0,4,5,"[0.6521, 0.124, 0.1143, 0.0431, 0.0304, 0.0052, 0.0048, 0.0043, 0.0036, 0.0027]","[0.034, 0.039, 0.041, 0.061, 0.071, 0.115, 0.107, 0.122, 0.089, 0.046]",3000,0.008479253388941288,-0.3065482843053157,
9,R6,3240,0.05406230468013383,0.08702724321364703,0.07150133261316033,0.05761020608654576,0.03586861554226648,0.03696115853895873,-0.013961090503281164,0.8138530850410461,0.09411561489105225,0.03595125302672386,0.9079686999320984,0.9820621013641357,0.9935539960861206,0,2,4,"[0.8139, 0.0941, 0.036, 0.0225, 0.0156, 0.0051, 0.0027, 0.0017, 0.0011, 0.0009]","[0.054, 0.087, 0.072, 0.027, 0.037, 0.091, 0.045, 0.03, 0.114, 0.057]",3000,0.015202511101961136,0.02004721609316675,
9,R7,3240,-0.01661359214086895,0.04950579570296851,0.06780744643883507,-0.03503761298856312,0.037388694648664615,-0.007648527992794369,0.0496581419842534,0.9511541724205017,0.015376667492091656,0.01448672916740179,0.9665308594703674,0.9923983216285706,0.9976379871368408,0,1,1,"[0.9512, 0.0154, 0.0145, 0.008, 0.0034, 0.0021, 0.0015, 0.0007, 0.0005, 0.0005]","[0.017, 0.05, 0.068, 0.033, 0.008, 0.011, 0.129, 0.077, 0.047, 0.0]",3000,0.0228186696767807,-0.06326069623903356,
9,M0,3000,0.16515968718156057,0.20252946079649484,-0.17600727703213792,-0.08824940384857916,-0.12180655164099534,0.018346302395674148,0.023172943257327095,0.597536563873291,0.15001951158046722,0.12053931504487991,0.7475560903549194,0.9344603419303894,0.9791764616966248,0,4,7,"[0.5975, 0.15, 0.1205, 0.0443, 0.022, 0.0134, 0.0106, 0.0087, 0.0078, 0.0042]","[0.165, 0.203, 0.176, 0.075, 0.049, 0.119, 0.033, 0.074, 0.114, 0.123]",3000,0.09916692227125168,0.006808418032517019,
9,E0,3240,0.10272690510842619,0.13900105921500128,-0.03207549718186042,-0.0031050767163898485,0.004583386211877387,0.05416827160382063,-0.10816759979933253,0.5232887864112854,0.03257548809051514,0.024182520806789398,0.5558642745018005,0.6195634603500366,0.6744030117988586,2,98,167,"[0.5233, 0.0326, 0.0242, 0.0209, 0.0186, 0.0135, 0.0113, 0.0106, 0.0102, 0.0092]","[0.103, 0.139, 0.032, 0.305, 0.374, 0.266, 0.072, 0.064, 0.014, 0.085]",3000,0.1678423434495926,-0.24269551534217518,
9,MEAN,3000,-0.049492739421135655,-0.5668129168213287,0.22033237849226192,0.0047712937566880605,0.010481479084511332,0.0028520178113284698,-0.06047503920732132,0.3092373013496399,0.13325844705104828,0.09218218177556992,0.44249576330184937,0.6041048765182495,0.6944317817687988,1,75,157,"[0.3092, 0.1333, 0.0922, 0.0397, 0.0297, 0.0259, 0.0189, 0.0169, 0.0152, 0.0134]","[0.049, 0.567, 0.22, 0.112, 0.17, 0.191, 0.271, 0.172, 0.26, 0.023]",3000,0.15231409668922424,-0.08016766431537188,
10,T0,3240,-0.006104704487567547,-0.05820274883015177,-0.041598380033641434,0.053107423282455726,0.07566563579684402,-0.01946592702774735,-0.011227566708694806,0.70611172914505,0.22947464883327484,0.02146909385919571,0.9355863928794861,0.9774619936943054,0.9885578155517578,1,2,3,"[0.7061, 0.2295, 0.0215, 0.012, 0.0084, 0.0038, 0.0024, 0.0019, 0.0016, 0.0014]","[0.006, 0.058, 0.042, 0.046, 0.048, 0.197, 0.059, 0.034, 0.341, 0.286]",3000,0.05435881018638611,-0.03487464402203547,
10,T1,3240,0.036162410349714624,-0.04211031282452304,-0.013988480914621071,-0.05318929718630097,-0.10832708037620713,0.01441378171162015,0.019996201330689682,0.45285749435424805,0.3462061285972595,0.1105722039937973,0.7990636229515076,0.9474781155586243,0.977525532245636,0,3,6,"[0.4529, 0.3462, 0.1106, 0.0227, 0.0152, 0.0095, 0.0075, 0.0057, 0.0044, 0.0031]","[0.036, 0.042, 0.014, 0.021, 0.033, 0.259, 0.038, 0.084, 0.265, 0.011]",3000,0.041939765214920044,0.022360806144727144,
10,T2,3240,0.05687648402094853,-0.1428112154805683,0.24180885267111993,-0.01806361588856918,-0.004734662244983412,0.017743787296349983,0.018973547211955114,0.5622128248214722,0.1953512579202652,0.10003349930047989,0.7575640678405762,0.9123921394348145,0.9583849310874939,2,5,9,"[0.5622, 0.1954, 0.1, 0.0348, 0.02, 0.0135, 0.0122, 0.0085, 0.0069, 0.0049]","[0.057, 0.143, 0.242, 0.192, 0.681, 0.225, 0.491, 0.133, 0.128, 0.009]",3000,0.010853077284991741,0.044441776419394376,
10,T3,3240,0.028083196269055023,0.14896768547041342,-0.03159232406071381,-0.020036523190446638,-0.00023877559710055847,-0.014727669857651006,0.03158263434288744,0.4536285102367401,0.34068456292152405,0.11446109414100647,0.7943130731582642,0.9575280547142029,0.9823538661003113,1,3,5,"[0.4536, 0.3407, 0.1145, 0.037, 0.0118, 0.0082, 0.0054, 0.0052, 0.0038, 0.0021]","[0.028, 0.149, 0.032, 0.029, 0.017, 0.053, 0.094, 0.144, 0.121, 0.378]",3000,0.03629803657531738,0.05366867672768434,
10,T4,3240,-0.08283133398040285,0.08403170234910551,0.0063926611453545895,0.0370876116685073,0.027116330337719548,-0.010847515645280142,-0.009854303556906903,0.48584866523742676,0.2224346250295639,0.1837109625339508,0.7082833051681519,0.9389114379882812,0.9724230170249939,1,4,7,"[0.4858, 0.2224, 0.1837, 0.0267, 0.0202, 0.0109, 0.0077, 0.0066, 0.0048, 0.0036]","[0.083, 0.084, 0.006, 0.009, 0.069, 0.137, 0.154, 0.243, 0.377, 0.029]",3000,0.022422147914767265,-0.03454456672876736,
10,T5,3240,-0.06205088766221057,0.10445413936731014,0.02056036788983988,0.042720463242344874,0.03290548513627957,-0.00817828043648178,-0.015812527712140683,0.4979676902294159,0.2925265431404114,0.1053769513964653,0.7904942035675049,0.9521679282188416,0.9776621460914612,0,4,5,"[0.498, 0.2925, 0.1054, 0.0391, 0.0172, 0.0077, 0.0064, 0.0054, 0.0032, 0.0028]","[0.062, 0.104, 0.021, 0.052, 0.148, 0.022, 0.056, 0.019, 0.089, 0.153]",3000,0.03445128723978996,-0.02969422293720128,
10,T6,3240,0.006865903423421113,0.017636169580714508,-0.06837679226355933,-0.08599876480852725,-0.10386662705981392,-0.009724268354186213,0.0014156107583018138,0.4743057191371918,0.3123202919960022,0.11413481831550598,0.7866259813308716,0.9459317922592163,0.9762309789657593,0,3,6,"[0.4743, 0.3123, 0.1141, 0.0343, 0.0109, 0.0087, 0.008, 0.006, 0.0046, 0.0029]","[0.007, 0.018, 0.068, 0.026, 0.022, 0.077, 0.106, 0.045, 0.073, 0.096]",3000,0.0385802760720253,0.07660147632324768,
10,T7,3240,-0.06759016521698881,0.03207896684136788,-0.022651962923137915,0.03685781094268679,0.08096844075864704,-0.031088405863906387,0.004409818620159672,0.4341300129890442,0.3054873049259186,0.15474776923656464,0.7396173477172852,0.9456766247749329,0.9744665026664734,1,4,6,"[0.4341, 0.3055, 0.1547, 0.0357, 0.0156, 0.0084, 0.0066, 0.0054, 0.0052, 0.0032]","[0.068, 0.032, 0.023, 0.041, 0.021, 0.052, 0.042, 0.026, 0.002, 0.314]",3000,0.029381444677710533,-0.0001227126831783399,
10,T8,3240,-0.02124432024821884,0.045722868987063375,-0.03466881102290008,-0.0037361397807443284,0.0002822593928601093,-0.029801524790163143,0.024831433308362925,0.3847130239009857,0.3395620584487915,0.16396227478981018,0.7242751121520996,0.940317690372467,0.9741509556770325,0,4,6,"[0.3847, 0.3396, 0.164, 0.0366, 0.0155, 0.0102, 0.0086, 0.0065, 0.0052, 0.0033]","[0.021, 0.046, 0.035, 0.089, 0.025, 0.038, 0.013, 0.088, 0.198, 0.104]",3000,0.029360555112361908,0.029327705730500777,
10,R0,3240,-0.12469367238450306,-0.053206628089573556,-0.04044746633539427,-0.06098090047734682,-0.08022812346211679,-0.03193177092862383,-0.026261599317480008,0.9203213453292847,0.033593665808439255,0.02078389935195446,0.953914999961853,0.9886460304260254,0.9954710602760315,0,1,2,"[0.9203, 0.0336, 0.0208, 0.0116, 0.0024, 0.0021, 0.0016, 0.0012, 0.0011, 0.0008]","[0.125, 0.053, 0.04, 0.101, 0.057, 0.039, 0.063, 0.03, 0.13, 0.18]",3000,0.021950699388980865,0.05396484100270361,
10,R1,3240,0.02631841126842318,-0.07251653405438804,0.010552130437916163,0.06999398839247122,0.051932875126551106,0.05088391578809218,-0.03850764784425232,0.9226606488227844,0.033181674778461456,0.02052723430097103,0.9558423161506653,0.9863470196723938,0.9950675964355469,0,1,2,"[0.9227, 0.0332, 0.0205, 0.0056, 0.0044, 0.003, 0.0017, 0.0015, 0.0013, 0.0012]","[0.026, 0.073, 0.011, 0.01, 0.045, 0.007, 0.107, 0.096, 0.006, 0.008]",3000,0.021754566580057144,-0.06372574000439216,
10,R2,3240,-0.0399018182464772,-0.0018370174724734753,-0.06507107085398658,-0.03470618248691897,-0.06090356890414925,-0.006383048163463071,0.01667290579224985,0.8759549260139465,0.059811871498823166,0.03103024698793888,0.9357668161392212,0.9812604188919067,0.9915800094604492,0,2,3,"[0.876, 0.0598, 0.031, 0.0091, 0.0054, 0.0028, 0.0025, 0.0021, 0.0016, 0.0014]","[0.04, 0.002, 0.065, 0.091, 0.018, 0.0, 0.192, 0.038, 0.264, 0.168]",3000,0.029484715312719345,0.11006265467292371,
10,R3,3240,0.10718060881587639,-0.0385435720152959,-0.08461583747201994,-0.008217595254120465,0.1989746526547567,0.08676544979087754,0.11810779148450512,0.5819876194000244,0.3320963680744171,0.04175630956888199,0.9140839576721191,0.9809049963951111,0.9938408732414246,0,2,3,"[0.582, 0.3321, 0.0418, 0.0166, 0.0085, 0.0042, 0.0034, 0.002, 0.0019, 0.0015]","[0.107, 0.039, 0.085, 0.023, 0.105, 0.031, 0.02, 0.07, 0.058, 0.007]",3000,0.023226620629429817,-0.24916449502516738,
10,R4,3240,0.06115684082948908,-0.04506446671046019,0.05193196249473996,-0.03738767613551094,0.08779644464085538,0.11393211686454993,0.054712265989707104,0.667577862739563,0.25901201367378235,0.0287309642881155,0.926589846611023,0.976125955581665,0.993130087852478,0,2,3,"[0.6676, 0.259, 0.0287, 0.0121, 0.0087, 0.0063, 0.0046, 0.0028, 0.0017, 0.0015]","[0.061, 0.045, 0.052, 0.056, 0.055, 0.054, 0.001, 0.024, 0.025, 0.031]",3000,0.01921599917113781,-0.29799099997345263,
10,R5,3240,0.003956582933738293,0.05124488378374229,-0.02690446596309125,0.07505045993552657,0.08973546676803408,0.03818833301021162,-0.019947555737015427,0.6404771208763123,0.12980139255523682,0.12070155143737793,0.7702785134315491,0.9629489183425903,0.9848830103874207,0,4,5,"[0.6405, 0.1298, 0.1207, 0.0444, 0.0276, 0.0071, 0.0046, 0.004, 0.0036, 0.0027]","[0.004, 0.051, 0.027, 0.049, 0.06, 0.119, 0.091, 0.071, 0.153, 0.043]",3000,0.009381805546581745,-0.16463741692659836,
10,R6,3240,0.03198699816491235,0.09858089321316804,0.07713122727061526,0.06530736115721862,-0.012042425848735714,-0.009506258575191523,-0.04234162271907652,0.7935230135917664,0.10346869379281998,0.04122604429721832,0.8969917297363281,0.9817397594451904,0.9929129481315613,0,3,4,"[0.7935, 0.1035, 0.0412, 0.0258, 0.0177, 0.0049, 0.0026, 0.0016, 0.0011, 0.0009]","[0.032, 0.099, 0.077, 0.023, 0.038, 0.147, 0.053, 0.067, 0.152, 0.047]",3000,0.015059364028275013,0.14607576380638804,
10,R7,3240,-0.01235340680609243,-0.06105613543988444,-0.06067866049486914,-0.014622842779014737,-0.009375212260807248,-0.016639791590688166,0.009087462737037765,0.9211820363998413,0.03333839029073715,0.01876889541745186,0.9545204043388367,0.9896209239959717,0.9963728785514832,0,1,2,"[0.9212, 0.0333, 0.0188, 0.0118, 0.0046, 0.0026, 0.0016, 0.0011, 0.0008, 0.0006]","[0.012, 0.061, 0.061, 0.003, 0.005, 0.031, 0.119, 0.053, 0.034, 0.045]",3000,0.021810168400406837,0.030007440141026735,
10,M0,3000,0.1595576764792023,0.19631186829956562,-0.20277668312089728,-0.07655356975509954,-0.13728972568381415,0.02889929412006514,-0.0033595703776040857,0.6136987209320068,0.14950737357139587,0.09872019290924072,0.7632061243057251,0.9295849204063416,0.977563738822937,0,4,7,"[0.6137, 0.1495, 0.0987, 0.0459, 0.0218, 0.0147, 0.0119, 0.009, 0.0077, 0.0047]","[0.16, 0.196, 0.203, 0.109, 0.084, 0.072, 0.028, 0.117, 0.087, 0.114]",3000,0.09120047092437744,0.004161632118300698,
10,E0,3240,0.18087056114547342,-0.11254292488527516,-0.38439096541648615,-0.007764906001056585,-0.006140639385835285,0.05231673517357705,-0.1347572075994353,0.46399393677711487,0.045990921556949615,0.029138930141925812,0.5099848508834839,0.582227349281311,0.6431974172592163,1,119,206,"[0.464, 0.046, 0.0291, 0.0234, 0.0197, 0.0159, 0.0134, 0.0122, 0.0101, 0.0093]","[0.181, 0.113, 0.384, 0.275, 0.165, 0.173, 0.179, 0.131, 0.142, 0.211]",3000,0.18067587912082672,-0.2880521465935326,
10,MEAN,3000,0.015595441010352056,-0.570586654696964,0.21991564689279444,0.008338784832262936,0.01375157246812186,0.00030294174149433613,-0.06737745979577398,0.27669069170951843,0.13734085857868195,0.09262769669294357,0.4140315651893616,0.5791383981704712,0.6762939691543579,2,80,165,"[0.2767, 0.1373, 0.0926, 0.0398, 0.0327, 0.0281, 0.0199, 0.0187, 0.0165, 0.0139]","[0.016, 0.571, 0.22, 0.067, 0.199, 0.207, 0.184, 0.12, 0.307, 0.054]",3000,0.16842719912528992,-0.12554555515498292,
11,T0,3240,-0.04306295795891334,-0.0573666228513999,-0.037872116043287364,-0.05972168325860987,-0.10882250616614669,-0.0183564115557665,0.01411436869741441,0.6769700646400452,0.26265406608581543,0.01763448864221573,0.9396241307258606,0.9768307209014893,0.9887803196907043,1,2,3,"[0.677, 0.2627, 0.0176, 0.0109, 0.0087, 0.0038, 0.0028, 0.0021, 0.0018, 0.0015]","[0.043, 0.057, 0.038, 0.041, 0.007, 0.177, 0.166, 0.36, 0.039, 0.266]",3000,0.05709123611450195,0.10644840115547684,
11,T1,3240,0.06094133425960862,-0.0028779671495061687,-0.01439177310288499,-0.04141477037226352,-0.07225727292922259,0.010252916207523952,0.012950692923899276,0.5006640553474426,0.32453492283821106,0.08663791418075562,0.8251990079879761,0.9455127716064453,0.9769780039787292,1,3,6,"[0.5007, 0.3245, 0.0866, 0.0225, 0.0112, 0.0094, 0.0083, 0.0057, 0.0054, 0.0028]","[0.061, 0.003, 0.014, 0.071, 0.038, 0.062, 0.078, 0.104, 0.483, 0.126]",3000,0.04702850803732872,-0.005740052776820475,
11,T2,3240,0.03846242595565081,-0.14990720253099749,0.256434736185267,-0.015728876730109604,0.0023562014374609677,0.026846619474204473,0.0030240631995322714,0.5479481816291809,0.19962187111377716,0.09864120930433273,0.7475700378417969,0.9060653448104858,0.9553760886192322,2,5,10,"[0.5479, 0.1996, 0.0986, 0.036, 0.0238, 0.0143, 0.0136, 0.0094, 0.0065, 0.0054]","[0.038, 0.15, 0.256, 0.078, 0.725, 0.293, 0.425, 0.133, 0.043, 0.256]",3000,0.013917714357376099,0.05224074592978053,
11,T3,3240,-0.010648249870297713,0.12209683751151651,-0.030564707634549416,-0.03555152078717039,-0.006231888640411928,-0.02766263436678397,0.03982953417763488,0.49555668234825134,0.34533387422561646,0.08118944615125656,0.8408905267715454,0.9613878130912781,0.9844337701797485,1,3,4,"[0.4956, 0.3453, 0.0812, 0.0296, 0.0097, 0.0086, 0.005, 0.0046, 0.0028, 0.0021]","[0.011, 0.122, 0.031, 0.004, 0.03, 0.131, 0.117, 0.141, 0.032, 0.346]",3000,0.04088261350989342,0.0647903181448166,
11,T4,3240,-0.17702475669422738,0.10127168512011202,0.03286775580323187,0.022608455593590093,0.02495063285592411,-0.041384439211238126,-0.010974784069764402,0.4850758910179138,0.23428170382976532,0.1658695936203003,0.7193576097488403,0.9330689907073975,0.9696733355522156,3,4,7,"[0.4851, 0.2343, 0.1659, 0.0269, 0.0209, 0.012, 0.008, 0.0074, 0.0051, 0.0041]","[0.177, 0.101, 0.033, 0.056, 0.009, 0.321, 0.254, 0.051, 0.361, 0.392]",3000,0.0257880799472332,0.04033392526319161,
11,T5,3240,-0.03293971223595446,0.05209998524479482,0.005237334897365315,0.0465782254495512,0.06556455659812783,-0.022220014069036148,0.010067891405366567,0.5417636632919312,0.3023521602153778,0.07546629756689072,0.8441158533096313,0.9627658128738403,0.9819687604904175,0,3,5,"[0.5418, 0.3024, 0.0755, 0.0301, 0.0131, 0.0055, 0.0049, 0.0041, 0.0024, 0.0023]","[0.033, 0.052, 0.005, 0.022, 0.121, 0.048, 0.02, 0.033, 0.099, 0.257]",3000,0.0381338857114315,-0.07406510686298995,
11,T6,3240,-0.00394792233281451,0.02430380090013813,-0.05921732923956249,-0.08389521258688756,-0.10603903066702437,0.001612523109314877,-0.005992537299844224,0.4476670026779175,0.36160460114479065,0.09345145523548126,0.8092715740203857,0.9489185214042664,0.9759847521781921,0,3,6,"[0.4477, 0.3616, 0.0935, 0.0361, 0.0101, 0.0075, 0.0071, 0.0051, 0.0046, 0.0027]","[0.004, 0.024, 0.059, 0.029, 0.044, 0.086, 0.114, 0.086, 0.12, 0.13]",3000,0.040301624685525894,0.08194358259602352,
11,T7,3240,-0.07667836705710414,0.026892095276878678,-0.02986889944004119,0.035741429896835625,0.06635224298294637,-0.03291744181018096,0.006575912644925845,0.46885350346565247,0.2875248193740845,0.14282666146755219,0.7563782930374146,0.9491754770278931,0.9752601385116577,1,4,6,"[0.4689, 0.2875, 0.1428, 0.0344, 0.0156, 0.0075, 0.0066, 0.0051, 0.0036, 0.0033]","[0.077, 0.027, 0.03, 0.048, 0.057, 0.079, 0.031, 0.025, 0.105, 0.3]",3000,0.0294970516115427,-0.03091010594033871,
11,T8,3240,0.04768249366206434,0.06981015832843106,-0.036604789346382234,0.03648960912244387,0.02106938723968599,0.019112459334314533,-0.0048909573279768935,0.44729891419410706,0.29158031940460205,0.14568473398685455,0.7388792037963867,0.9390166997909546,0.9731459021568298,0,4,7,"[0.4473, 0.2916, 0.1457, 0.0397, 0.0147, 0.0096, 0.0086, 0.0068, 0.0055, 0.0037]","[0.048, 0.07, 0.037, 0.065, 0.088, 0.021, 0.06, 0.129, 0.221, 0.099]",3000,0.026838552206754684,-0.039121784157289154,
11,R0,3240,-0.13767782936521894,-0.0718849327502568,-0.07736834911238405,-0.07230328673656446,-0.06396007978379117,-0.028235265101264943,-0.04442086241946387,0.9125680923461914,0.034775134176015854,0.022432370111346245,0.9473432302474976,0.9861283898353577,0.994576632976532,0,1,3,"[0.9126, 0.0348, 0.0224, 0.0136, 0.0027, 0.0024, 0.0019, 0.0017, 0.0013, 0.0011]","[0.138, 0.072, 0.077, 0.109, 0.068, 0.069, 0.031, 0.069, 0.014, 0.291]",3000,0.01943899691104889,0.036310993657411014,
11,R1,3240,0.04722195674822132,-0.050626189411038656,-0.009385926667171984,0.06372452522896527,0.04920772395931711,0.029139373217625653,-0.044660143047393755,0.9144355654716492,0.03625165671110153,0.020988862961530685,0.9506872296333313,0.9840545654296875,0.9939982295036316,0,1,2,"[0.9144, 0.0363, 0.021, 0.0072, 0.0052, 0.0034, 0.0021, 0.0017, 0.0015, 0.0013]","[0.047, 0.051, 0.009, 0.001, 0.048, 0.003, 0.243, 0.031, 0.005, 0.017]",3000,0.020354846492409706,-0.11923408369789697,
11,R2,3240,-0.014472524610315824,0.008753906093280837,-0.06420546873846061,-0.0015661580318963619,-0.027661568827196167,-0.021335482890458283,0.04111422712501933,0.8722186088562012,0.06035637855529785,0.03039325401186943,0.932574987411499,0.9773514270782471,0.989849328994751,0,2,3,"[0.8722, 0.0604, 0.0304, 0.0093, 0.0051, 0.0034, 0.0031, 0.0023, 0.0022, 0.0014]","[0.014, 0.009, 0.064, 0.122, 0.074, 0.064, 0.244, 0.087, 0.253, 0.141]",3000,0.02835739217698574,0.09033492981099436,
11,R3,3240,0.11632774871207488,-0.031956446262749634,-0.07411659075587002,-0.009542686765308133,0.1964345017873655,0.08961007048146051,0.12298819186163984,0.5604584217071533,0.3471633195877075,0.04599390923976898,0.9076217412948608,0.979530930519104,0.9933920502662659,0,2,3,"[0.5605, 0.3472, 0.046, 0.0174, 0.0085, 0.0048, 0.0036, 0.002, 0.0019, 0.0016]","[0.116, 0.032, 0.074, 0.0, 0.078, 0.016, 0.051, 0.061, 0.052, 0.016]",3000,0.021207530051469803,-0.26392048491632353,
11,R4,3240,0.0677709126400704,-0.05570357118162568,0.024884172826245932,-0.02754733711117996,0.10420212298472023,0.11249738734033798,0.052747788715021504,0.6761926412582397,0.2511449158191681,0.02602783590555191,0.9273375272750854,0.9752930402755737,0.9926185011863708,0,2,3,"[0.6762, 0.2511, 0.026, 0.0131, 0.0088, 0.0067, 0.0046, 0.0028, 0.0016, 0.0016]","[0.068, 0.056, 0.025, 0.095, 0.039, 0.051, 0.004, 0.059, 0.041, 0.034]",3000,0.019683919847011566,-0.3168353555560501,
11,R5,3240,-0.026124351770385495,-0.06651035163743,0.06577131825531739,0.07439287507471609,0.04375706690046833,0.009710465211940493,-0.05494843276101425,0.6080066561698914,0.1512611359357834,0.128216952085495,0.7592678070068359,0.9610100388526917,0.9839680790901184,0,4,5,"[0.608, 0.1513, 0.1282, 0.0481, 0.0255, 0.0078, 0.0045, 0.004, 0.0036, 0.003]","[0.026, 0.067, 0.066, 0.048, 0.047, 0.086, 0.117, 0.128, 0.138, 0.052]",3000,0.008063061162829399,-0.030429147283285305,
11,R6,3240,0.008181126176855338,0.06971421232051085,-0.08002248697097043,0.06514516208401322,-0.03239951326587846,-0.028015036393410728,-0.054986853406311625,0.7908953428268433,0.10293543338775635,0.04779106006026268,0.8938307762145996,0.9825823307037354,0.9928849339485168,0,3,4,"[0.7909, 0.1029, 0.0478, 0.0245, 0.0165, 0.0044, 0.0025, 0.0013, 0.0012, 0.001]","[0.008, 0.07, 0.08, 0.019, 0.02, 0.108, 0.056, 0.056, 0.081, 0.164]",3000,0.013496307656168938,0.1783512035055924,
11,R7,3240,-0.03253401566816095,-0.07224885504385886,-0.045743173143782595,-0.014610443831231472,-0.07703552224063236,-0.06250104988727351,-0.015527532697499688,0.8988432288169861,0.04804263263940811,0.020957542583346367,0.946885883808136,0.9872866868972778,0.9952214956283569,0,2,3,"[0.8988, 0.048, 0.021, 0.0139, 0.0056, 0.003, 0.0017, 0.0013, 0.0012, 0.0008]","[0.033, 0.072, 0.046, 0.046, 0.005, 0.025, 0.222, 0.069, 0.004, 0.044]",3000,0.020614678040146828,0.1672780204912308,
11,M0,3000,0.170429377994011,0.25966277392333315,-0.17373699931436634,-0.07402845680838302,-0.12864425227115944,0.02541547361889547,-0.009039453154499636,0.6266440749168396,0.1436234563589096,0.0879824310541153,0.7702675461769104,0.9256954193115234,0.9754976034164429,0,4,7,"[0.6266, 0.1436, 0.088, 0.0454, 0.0221, 0.0155, 0.0121, 0.009, 0.0076, 0.0056]","[0.17, 0.26, 0.174, 0.089, 0.1, 0.053, 0.04, 0.103, 0.042, 0.064]",3000,0.0844145119190216,-0.018485564956427326,
11,E0,3240,0.22421529730681763,-0.189384231406284,-0.40783642353510324,0.009951679384741998,-0.0329988718313319,0.07872080472987028,-0.18063270560977346,0.40322577953338623,0.05564355105161667,0.03595134615898132,0.4588693380355835,0.5424013733863831,0.6110122799873352,1,134,233,"[0.4032, 0.0556, 0.036, 0.0269, 0.0207, 0.0183, 0.015, 0.0131, 0.0125, 0.0098]","[0.224, 0.189, 0.408, 0.234, 0.021, 0.018, 0.178, 0.071, 0.163, 0.083]",3000,0.19013281166553497,-0.38476675728487114,
11,MEAN,3000,0.017187461136293387,-0.6157967168109185,0.11969062415983,0.00579963984375047,0.009850359468986006,-0.0008971232851937082,-0.055034313562679696,0.2683131992816925,0.1357785016298294,0.0900806114077568,0.4040917158126831,0.5712375044822693,0.6710699200630188,1,82,168,"[0.2683, 0.1358, 0.0901, 0.0404, 0.0367, 0.0294, 0.0215, 0.0187, 0.0168, 0.0134]","[0.017, 0.616, 0.12, 0.076, 0.151, 0.227, 0.233, 0.021, 0.247, 0.125]",3000,0.17893971502780914,-0.11775146390913668,
12,T0,3240,-0.12985479378441164,0.05559484210330616,-0.0464482223844072,-0.04527507156039195,-0.09822126173324468,-0.03583783122007934,-0.007483470247497656,0.686431884765625,0.2546955943107605,0.016902348026633263,0.9411274790763855,0.9772363901138306,0.9891924858093262,1,2,3,"[0.6864, 0.2547, 0.0169, 0.0106, 0.0086, 0.0036, 0.0029, 0.0021, 0.0018, 0.0016]","[0.13, 0.056, 0.046, 0.049, 0.017, 0.171, 0.202, 0.413, 0.069, 0.011]",3000,0.057013139128685,0.1693375664008729,
12,T1,3240,-0.05936152341986849,0.010483328619569066,-0.036245322104145807,0.028052303793694847,0.06820310450943234,-0.02076119419673077,0.008633955298761412,0.5097286105155945,0.3127628564834595,0.08928817510604858,0.822491466999054,0.9447466731071472,0.9772216081619263,1,3,6,"[0.5097, 0.3128, 0.0893, 0.0225, 0.0105, 0.0097, 0.009, 0.0056, 0.0052, 0.0029]","[0.059, 0.01, 0.036, 0.027, 0.109, 0.012, 0.057, 0.189, 0.317, 0.191]",3000,0.04463621973991394,0.001123027262969353,
12,T2,3240,-0.07342277282705464,-0.1270977918391353,0.1961999833632291,0.015802815781822462,0.0027700019732486824,-0.02891337607769912,-0.014159022476177839,0.5243124961853027,0.21056720614433289,0.10551968216896057,0.734879732131958,0.8926198482513428,0.9513567686080933,3,6,10,"[0.5243, 0.2106, 0.1055, 0.0321, 0.0202, 0.0175, 0.0151, 0.0109, 0.0088, 0.0064]","[0.073, 0.127, 0.196, 0.114, 0.516, 0.299, 0.505, 0.558, 0.171, 0.248]",3000,0.0111743388697505,-0.0366712135969076,
12,T3,3240,-0.031138209437588726,0.13663313384251813,-0.06514616250605454,-0.04281970007548816,-0.018354092250393854,-0.01816034995020763,0.02693078017763495,0.5862333178520203,0.28295719623565674,0.06497073173522949,0.869190514087677,0.9675264954566956,0.9866480827331543,0,3,4,"[0.5862, 0.283, 0.065, 0.0253, 0.0081, 0.0069, 0.0042, 0.0037, 0.0026, 0.0017]","[0.031, 0.137, 0.065, 0.019, 0.114, 0.052, 0.155, 0.07, 0.146, 0.09]",3000,0.04178948327898979,0.06894364685528746,
12,T4,3240,-0.04222407721774745,0.18297419649154456,0.05795151878248883,-0.020986218283191044,-0.034301425551070144,-0.008239639585139404,0.00480858675486309,0.615986168384552,0.1940343677997589,0.10672157257795334,0.8100205659866333,0.9490880966186523,0.9785559177398682,0,3,6,"[0.616, 0.194, 0.1067, 0.0169, 0.0155, 0.011, 0.0054, 0.0053, 0.0045, 0.0032]","[0.042, 0.183, 0.058, 0.032, 0.073, 0.278, 0.002, 0.224, 0.208, 0.129]",3000,0.02779308147728443,0.06763975894672287,
12,T5,3240,-0.01623294129544068,0.08228540450348373,-0.017389990833857016,0.041112387738547904,0.06794535815157013,-0.00702749710914126,0.013583133394048638,0.5885792374610901,0.2720775008201599,0.06299363076686859,0.86065673828125,0.9646402597427368,0.9830707907676697,0,3,4,"[0.5886, 0.2721, 0.063, 0.0285, 0.0125, 0.0054, 0.0045, 0.0039, 0.0025, 0.0021]","[0.016, 0.082, 0.017, 0.057, 0.11, 0.055, 0.012, 0.119, 0.276, 0.069]",3000,0.037475794553756714,-0.0892468420681563,
12,T6,3240,-0.08657295335553088,-0.02243229140203068,-0.07882749534262935,0.042082598396336,0.07087757236822509,-0.03650360900404664,0.025122260343165,0.4466448724269867,0.3712674677371979,0.0801815614104271,0.8179123401641846,0.9500902891159058,0.9769755005836487,0,4,5,"[0.4466, 0.3713, 0.0802, 0.0412, 0.0108, 0.0081, 0.0068, 0.0049, 0.0044, 0.0027]","[0.087, 0.022, 0.079, 0.018, 0.001, 0.131, 0.071, 0.015, 0.126, 0.264]",3000,0.03857126459479332,-0.037610636851034794,
12,T7,3240,-0.10062486653541561,0.024024023607477605,-0.0235713792771644,0.020907561883951018,0.056202469909835955,-0.07062391893098618,0.026425024629581323,0.5306294560432434,0.2618803083896637,0.12030156701803207,0.7925097942352295,0.9556688070297241,0.977976381778717,0,3,5,"[0.5306, 0.2619, 0.1203, 0.0282, 0.0146, 0.0065, 0.0054, 0.0044, 0.0032, 0.0028]","[0.101, 0.024, 0.024, 0.013, 0.07, 0.101, 0.045, 0.013, 0.248, 0.206]",3000,0.02986152470111847,0.06760716972916242,
12,T8,3240,-0.05239630347486221,0.11117187649819611,-0.05787264097481682,-0.034961199808111944,-0.02641930634686569,-0.03294396725931234,0.029510208327005204,0.5413758158683777,0.24790164828300476,0.11690106987953186,0.7892774343490601,0.9506190419197083,0.9783270359039307,1,3,5,"[0.5414, 0.2479, 0.1169, 0.0315, 0.0129, 0.008, 0.007, 0.0055, 0.0043, 0.003]","[0.052, 0.111, 0.058, 0.088, 0.12, 0.0, 0.078, 0.109, 0.332, 0.152]",3000,0.028444116935133934,0.07345508654229496,
12,R0,3240,-0.054228365211734054,-0.13893883767911325,-0.08048636803703678,-0.010485352902278632,-0.025548469737761776,-0.00905628779906109,-0.06207521204957312,0.8793020844459534,0.05502638220787048,0.027061691507697105,0.9343284368515015,0.981339693069458,0.9926393032073975,1,2,3,"[0.8793, 0.055, 0.0271, 0.0165, 0.0035, 0.003, 0.0026, 0.0021, 0.0019, 0.0017]","[0.054, 0.139, 0.08, 0.099, 0.01, 0.003, 0.039, 0.091, 0.111, 0.359]",3000,0.022317856550216675,-0.034893654028468335,
12,R1,3240,-0.011417776774135649,-0.10611046239668621,-0.034343018370285,0.01953855301505663,-0.0007241549702831195,0.006997601674323035,-0.04072234414769035,0.9100306034088135,0.04524727538228035,0.018575822934508324,0.9552778601646423,0.9843399524688721,0.993453860282898,0,1,2,"[0.91, 0.0452, 0.0186, 0.0061, 0.0043, 0.0026, 0.0022, 0.0016, 0.0014, 0.0013]","[0.011, 0.106, 0.034, 0.002, 0.025, 0.009, 0.186, 0.167, 0.033, 0.094]",3000,0.025314005091786385,-0.09263798713584868,
12,R2,3240,-0.060283655685976496,0.12370873762950023,-0.08947371050932985,-0.005039504762979293,-0.053473826979981674,-0.002759621913964731,0.02560039332809083,0.8531330227851868,0.08071498572826385,0.028522741049528122,0.9338480234146118,0.9763961434364319,0.9888637661933899,1,2,3,"[0.8531, 0.0807, 0.0285, 0.0093, 0.0048, 0.0036, 0.0029, 0.0025, 0.0022, 0.0013]","[0.06, 0.124, 0.089, 0.09, 0.229, 0.234, 0.018, 0.003, 0.339, 0.283]",3000,0.030852671712636948,0.04841142415026732,
12,R3,3240,0.0751521564672151,0.05077032163983498,-0.06402692937179058,0.0017767320728488203,0.21653389107904605,0.06374917812460314,0.11755318364204961,0.5802179574966431,0.3165162205696106,0.04175800830125809,0.8967341780662537,0.9698854088783264,0.9905520677566528,0,3,4,"[0.5802, 0.3165, 0.0418, 0.0163, 0.0151, 0.0096, 0.0048, 0.0028, 0.0019, 0.0017]","[0.075, 0.051, 0.064, 0.002, 0.098, 0.042, 0.005, 0.041, 0.019, 0.011]",3000,0.02192067541182041,-0.2544121287335458,
12,R4,3240,0.07463230617717251,-0.0564591597216614,-0.061356938957844276,-0.023363686507676944,0.10106714989035302,0.11887879916303873,0.03759709949292781,0.6628699898719788,0.25257325172424316,0.0307322945445776,0.9154432415962219,0.9713551998138428,0.9908597469329834,0,2,4,"[0.6629, 0.2526, 0.0307, 0.0172, 0.0079, 0.0068, 0.0062, 0.0029, 0.002, 0.0016]","[0.075, 0.056, 0.061, 0.087, 0.041, 0.058, 0.015, 0.006, 0.001, 0.067]",3000,0.021364659070968628,-0.33372571027532394,
12,R5,3240,-0.03657878988229465,-0.07098908844510744,0.05351206876931174,0.04571378073824498,0.04347601330371567,0.024025094779761287,-0.03807140285150552,0.6112608313560486,0.16339103877544403,0.10608699172735214,0.7746518850326538,0.9582744240760803,0.9822481274604797,0,4,5,"[0.6113, 0.1634, 0.1061, 0.0473, 0.0303, 0.0072, 0.0062, 0.0038, 0.0035, 0.0032]","[0.037, 0.071, 0.054, 0.056, 0.042, 0.018, 0.115, 0.146, 0.032, 0.069]",3000,0.005516948644071817,-0.061046830107278585,
12,R6,3240,0.014989641368759875,0.10544524318081497,-0.08419988609074527,0.0733535920279903,-0.09146073562089832,-0.06979134694552125,-0.05475071804785986,0.8071604371070862,0.08632831275463104,0.04284176975488663,0.8934887647628784,0.9821065068244934,0.9925259947776794,0,3,4,"[0.8072, 0.0863, 0.0428, 0.0317, 0.014, 0.0044, 0.0024, 0.0014, 0.0012, 0.0009]","[0.015, 0.105, 0.084, 0.001, 0.005, 0.226, 0.141, 0.212, 0.129, 0.095]",3000,0.017815949395298958,0.23436036925842363,
12,R7,3240,-0.01149497202046826,-0.0543755654005654,-0.02278842532373994,0.007636374660934077,-0.05682002550513443,-0.04851280803917441,-0.030982368333133906,0.8661983609199524,0.0623488649725914,0.0259269867092371,0.928547203540802,0.9836444854736328,0.9931348562240601,0,2,3,"[0.8662, 0.0623, 0.0259, 0.0222, 0.007, 0.0037, 0.0019, 0.0017, 0.0013, 0.0009]","[0.011, 0.054, 0.023, 0.023, 0.008, 0.024, 0.006, 0.056, 0.089, 0.05]",3000,0.022657399997115135,0.12970489602666369,
12,M0,3000,0.17746203820737785,0.25082783425895794,-0.14986608438238136,-0.07104229675241439,-0.14129612916705978,0.005131979226206529,-0.012927427555939808,0.6475769877433777,0.12899337708950043,0.08092125505208969,0.7765703797340393,0.9159694910049438,0.9742007851600647,0,5,8,"[0.6476, 0.129, 0.0809, 0.0395, 0.0189, 0.0187, 0.0148, 0.0117, 0.0077, 0.0052]","[0.177, 0.251, 0.15, 0.08, 0.005, 0.12, 0.002, 0.095, 0.092, 0.037]",3000,0.07151546329259872,0.0030892229739736448,
12,E0,3240,0.1786288891656921,-0.18996939804676827,0.38766878887715844,-0.019605667548901497,-0.02614440758226029,0.07037231808829296,-0.11696017011706847,0.4055792987346649,0.05686324089765549,0.03527464717626572,0.462442547082901,0.5473160743713379,0.6134092807769775,1,135,239,"[0.4056, 0.0569, 0.0353, 0.0295, 0.0201, 0.0172, 0.0139, 0.0129, 0.0119, 0.0103]","[0.179, 0.19, 0.388, 0.265, 0.02, 0.151, 0.065, 0.229, 0.054, 0.128]",3000,0.184297114610672,-0.3106588911601605,
12,MEAN,3000,0.02288101524016384,-0.578215347153179,0.22250422572813797,0.00793695571955637,0.007604115070593733,0.0033177024842797197,-0.05854177251347953,0.2720099687576294,0.1363566517829895,0.09107238054275513,0.4083666205406189,0.5751003623008728,0.674742579460144,1,82,173,"[0.272, 0.1364, 0.0911, 0.0396, 0.0361, 0.0292, 0.0217, 0.0186, 0.0166, 0.0135]","[0.023, 0.578, 0.223, 0.058, 0.14, 0.19, 0.287, 0.143, 0.22, 0.011]",3000,0.16869476437568665,-0.12924104164032343,
13,T0,3240,-0.139311312956637,-0.04639268659711142,-0.04390149009144987,-0.046955222545840315,-0.07771042226899286,-0.038879362037566034,-0.014525812903840897,0.6955106854438782,0.24581974744796753,0.01655786857008934,0.9413304328918457,0.9782355427742004,0.9892280697822571,1,2,3,"[0.6955, 0.2458, 0.0166, 0.0114, 0.0089, 0.0031, 0.0028, 0.0019, 0.0017, 0.0015]","[0.139, 0.046, 0.044, 0.072, 0.007, 0.078, 0.216, 0.379, 0.186, 0.104]",3000,0.058016352355480194,0.16040590073138944,
13,T1,3240,-0.07355650001262586,-0.0038636906623820333,-0.025428568230635846,0.026609135106446375,0.06028294708493531,-0.011115380329486276,-0.0009161207430296966,0.5198200941085815,0.3017212450504303,0.08937276154756546,0.8215413093566895,0.944738507270813,0.9769487977027893,1,3,6,"[0.5198, 0.3017, 0.0894, 0.0228, 0.011, 0.0099, 0.0091, 0.0056, 0.0048, 0.0028]","[0.074, 0.004, 0.025, 0.017, 0.149, 0.025, 0.069, 0.185, 0.347, 0.296]",3000,0.04426882416009903,-0.018434324937174826,
13,T2,3240,-0.12405098630618724,0.139963407389635,-0.11513109028922404,0.0036809533365663285,0.004102153077079782,-0.03537341204506819,-0.03434359362411366,0.4887749254703522,0.21193860471248627,0.12905801832675934,0.7007135152816772,0.8804703950881958,0.9462064504623413,3,6,11,"[0.4888, 0.2119, 0.1291, 0.0291, 0.0216, 0.0213, 0.0175, 0.0116, 0.0088, 0.0065]","[0.124, 0.14, 0.115, 0.125, 0.649, 0.133, 0.548, 0.52, 0.059, 0.228]",3000,0.01287604495882988,-0.011426264206673161,
13,T3,3240,-0.09252171932876778,-0.10100773046253576,-0.06973232257487416,-0.04831317978304187,-0.014503176036028338,-0.02916579159668528,0.018149700914155863,0.5828243494033813,0.28043708205223083,0.06603945791721344,0.8632614612579346,0.9646650552749634,0.9845869541168213,0,3,4,"[0.5828, 0.2804, 0.066, 0.0258, 0.0096, 0.0068, 0.0043, 0.004, 0.0029, 0.0019]","[0.093, 0.101, 0.07, 0.02, 0.185, 0.096, 0.086, 0.076, 0.203, 0.124]",3000,0.03996694087982178,0.10498322607882613,
13,T4,3240,-0.01210367000438164,0.21324893402525072,0.07522637577673542,-0.006279540710585919,-0.035537652425563705,0.011914143162789473,-0.0040934491789270605,0.6331709623336792,0.19947083294391632,0.08487171679735184,0.8326417803764343,0.9510043263435364,0.9789707064628601,2,3,5,"[0.6332, 0.1995, 0.0849, 0.0179, 0.0156, 0.0108, 0.0058, 0.0049, 0.0042, 0.0023]","[0.012, 0.213, 0.075, 0.145, 0.114, 0.262, 0.202, 0.166, 0.352, 0.685]",3000,0.03251994773745537,0.04875855348212885,
13,T5,3240,-0.0487640358367408,0.07100962098070307,-0.030027969630398714,0.0304273662622311,0.06403111684244918,-0.0019966957830298993,0.006724271371242546,0.6046789288520813,0.2648981809616089,0.05724412202835083,0.8695771098136902,0.9637288451194763,0.9829480648040771,1,3,4,"[0.6047, 0.2649, 0.0572, 0.0275, 0.0094, 0.0054, 0.0049, 0.0043, 0.0025, 0.0022]","[0.049, 0.071, 0.03, 0.011, 0.09, 0.08, 0.05, 0.166, 0.174, 0.401]",3000,0.03737848624587059,-0.06635084496473638,
13,T6,3240,-0.1041168852958638,-0.021434834099622806,-0.08371092030942093,0.034857790979684375,0.05258234944818385,-0.03127914658838007,0.01910969263779463,0.453267902135849,0.3737894594669342,0.07392488420009613,0.8270573616027832,0.9492390751838684,0.9765844345092773,1,3,6,"[0.4533, 0.3738, 0.0739, 0.0384, 0.0098, 0.0083, 0.0069, 0.005, 0.0043, 0.0029]","[0.104, 0.021, 0.084, 0.046, 0.048, 0.102, 0.037, 0.039, 0.165, 0.318]",3000,0.03885186091065407,-0.017278307662065243,
13,T7,3240,-0.13007787991153924,0.010024146793188627,-0.046568027205337426,0.01843416180320288,0.05822598009229804,-0.06264958132830828,0.02693179004040517,0.5504880547523499,0.2589564025402069,0.10747315734624863,0.8094444274902344,0.9559164643287659,0.9783135056495667,1,3,5,"[0.5505, 0.259, 0.1075, 0.0265, 0.0125, 0.007, 0.0053, 0.0044, 0.003, 0.0027]","[0.13, 0.01, 0.047, 0.083, 0.047, 0.119, 0.042, 0.018, 0.333, 0.261]",3000,0.031112615019083023,0.08313017840757868,
13,T8,3240,0.08984042471788045,-0.10030308822206051,-0.03945477894881697,0.004633161367065301,0.031507516653927134,0.025519044483352436,-0.0066003522195812805,0.5806297063827515,0.23163998126983643,0.0981745645403862,0.8122696876525879,0.9518963098526001,0.9780368208885193,1,3,5,"[0.5806, 0.2316, 0.0982, 0.0313, 0.0101, 0.0069, 0.0065, 0.0049, 0.0041, 0.0037]","[0.09, 0.1, 0.039, 0.124, 0.103, 0.111, 0.025, 0.151, 0.021, 0.408]",3000,0.02903595194220543,-0.0447178766837054,
13,R0,3240,-0.041371298800229085,-0.10075650216771008,-0.09295946802324932,-0.01870935377142648,-0.01853285072419084,-0.019779876756348003,-0.038726808087262865,0.8721199631690979,0.06218234822154045,0.02771330624818802,0.9343023300170898,0.9803188443183899,0.9920262098312378,1,2,3,"[0.8721, 0.0622, 0.0277, 0.0145, 0.0039, 0.003, 0.0026, 0.0023, 0.002, 0.0018]","[0.041, 0.101, 0.093, 0.119, 0.077, 0.027, 0.025, 0.001, 0.008, 0.4]",3000,0.025347355753183365,-0.05043398546965092,
13,R1,3240,-0.023823386049954386,-0.10454599825061568,0.06413264004727594,0.015831383035843655,-0.0025183814623999713,0.028188444038439352,-0.018666330218109196,0.9000493288040161,0.0492517463862896,0.021352870389819145,0.9493010640144348,0.9817973971366882,0.9921284914016724,0,1,3,"[0.9, 0.0493, 0.0214, 0.0069, 0.0042, 0.0028, 0.0025, 0.0018, 0.0017, 0.0015]","[0.024, 0.105, 0.064, 0.009, 0.048, 0.035, 0.124, 0.093, 0.043, 0.248]",3000,0.024101993069052696,-0.08614158338566633,
13,R2,3240,-0.03289622350332136,-0.07247373879411304,-0.059952641856202374,0.035778136509779374,-0.025421748708280244,0.027898412812738468,0.04556668529561318,0.8493048548698425,0.07975170761346817,0.03161488473415375,0.9290565848350525,0.9747892022132874,0.9879963994026184,1,2,3,"[0.8493, 0.0798, 0.0316, 0.0085, 0.0056, 0.0037, 0.0032, 0.0028, 0.0021, 0.0014]","[0.033, 0.072, 0.06, 0.07, 0.164, 0.105, 0.076, 0.147, 0.459, 0.094]",3000,0.029850324615836143,0.020740507718815936,
13,R3,3240,0.08042891613865066,0.07478197625840244,-0.06587898750154708,0.026707446718786304,0.21979254817791088,0.08265623761744283,0.11281663007743634,0.5671191215515137,0.3273201882839203,0.040467362850904465,0.8944393396377563,0.9676094055175781,0.9892922043800354,0,3,4,"[0.5671, 0.3273, 0.0405, 0.0169, 0.0158, 0.0091, 0.0059, 0.0029, 0.002, 0.0018]","[0.08, 0.075, 0.066, 0.023, 0.069, 0.057, 0.018, 0.036, 0.09, 0.024]",3000,0.022860346361994743,-0.26838068362436573,
13,R4,3240,0.07499124263385949,0.05334398048161031,-0.06907553043827612,-0.0284652670893432,0.09953041828699802,0.11610273692904947,0.0477826639305347,0.6681140065193176,0.2500417232513428,0.02631266787648201,0.9181557297706604,0.9696305990219116,0.9899277687072754,0,2,4,"[0.6681, 0.25, 0.0263, 0.0172, 0.0079, 0.0072, 0.0063, 0.0029, 0.0023, 0.0016]","[0.075, 0.053, 0.069, 0.083, 0.024, 0.076, 0.001, 0.056, 0.009, 0.098]",3000,0.0200656671077013,-0.3042102202132919,
13,R5,3240,-0.05235352595602302,-0.07562678049814174,0.029966023774032832,0.055445519500261504,0.014949117875977086,-0.004037474917564212,-0.06119388020375348,0.5798496603965759,0.18158988654613495,0.11221993714570999,0.7614395618438721,0.9557435512542725,0.9807404279708862,0,4,5,"[0.5798, 0.1816, 0.1122, 0.0516, 0.0304, 0.0071, 0.0063, 0.0046, 0.0036, 0.0035]","[0.052, 0.076, 0.03, 0.043, 0.016, 0.009, 0.113, 0.04, 0.147, 0.096]",3000,0.0019113896414637566,0.018817036762522183,
13,R6,3240,0.007400075984334522,0.08312874735681995,0.07615350618578731,0.07629766771735409,-0.10005767271387091,-0.06909955382329831,-0.04360183282886594,0.7763311862945557,0.09457716345787048,0.059591781347990036,0.8709083795547485,0.9801263809204102,0.9911954402923584,0,3,4,"[0.7763, 0.0946, 0.0596, 0.0336, 0.016, 0.0046, 0.0027, 0.0015, 0.0013, 0.001]","[0.007, 0.083, 0.076, 0.002, 0.007, 0.19, 0.144, 0.227, 0.062, 0.122]",3000,0.014996438287198544,0.22440545531047829,
13,R7,3240,-0.026984693775223296,-0.05383460236274122,-0.03772671344124165,-0.019021447116084136,-0.1454453673342558,-0.07799643270674907,-0.05673486457440533,0.847804069519043,0.07472294569015503,0.0269993394613266,0.922527015209198,0.9811956286430359,0.9921783804893494,0,2,4,"[0.8478, 0.0747, 0.027, 0.0245, 0.0071, 0.0043, 0.0022, 0.002, 0.0014, 0.0011]","[0.027, 0.054, 0.038, 0.015, 0.013, 0.034, 0.059, 0.072, 0.086, 0.028]",3000,0.020190700888633728,0.2591538293519635,
13,M0,3000,0.13929676262538906,0.1911828544854684,-0.17365977937346108,-0.05251800237968702,-0.1383633364890275,-0.007094018444857721,-0.044479323689144624,0.6426317691802979,0.13312289118766785,0.07578332722187042,0.7757546901702881,0.9113879799842834,0.9725773930549622,0,5,8,"[0.6426, 0.1331, 0.0758, 0.0387, 0.0211, 0.0181, 0.0165, 0.0124, 0.008, 0.0062]","[0.139, 0.191, 0.174, 0.105, 0.015, 0.027, 0.002, 0.12, 0.078, 0.039]",3000,0.06680484116077423,0.03804181270388088,
13,E0,3240,0.2546789934026562,-0.18469028528435655,0.34244753791569843,-0.017345643396159235,-0.009406176723586167,0.043119397314640234,-0.10900248522008181,0.3786783218383789,0.0593378059566021,0.04244592785835266,0.4380161166191101,0.530350923538208,0.5978605151176453,2,140,246,"[0.3787, 0.0593, 0.0424, 0.0294, 0.0205, 0.0167, 0.0143, 0.0134, 0.0124, 0.0107]","[0.255, 0.185, 0.342, 0.323, 0.015, 0.229, 0.039, 0.172, 0.086, 0.185]",3000,0.18962359428405762,-0.3735412615577707,
13,MEAN,3000,0.08841593880484884,-0.6087426499133014,0.12307403629555706,0.009651962165413211,0.013255646270913458,-0.0004327459315787879,-0.06904442526443284,0.2502050995826721,0.13551650941371918,0.08964989334344864,0.3857216238975525,0.5574778914451599,0.6633272171020508,1,84,178,"[0.2502, 0.1355, 0.0896, 0.0421, 0.04, 0.0306, 0.0234, 0.0196, 0.018, 0.0143]","[0.088, 0.609, 0.123, 0.108, 0.194, 0.204, 0.228, 0.122, 0.249, 0.091]",3000,0.18348580598831177,-0.19144906381031032,
14,T0,3240,-0.11642317647629288,-0.04055546113274648,-0.015160388819198517,-0.002088822162572782,-0.0009624340518570268,-0.031084068601604464,-0.005105457740503898,0.6655877828598022,0.27526938915252686,0.01606026291847229,0.9408571720123291,0.9770116209983826,0.9885493516921997,0,2,3,"[0.6656, 0.2753, 0.0161, 0.0111, 0.009, 0.0031, 0.0028, 0.002, 0.0019, 0.0017]","[0.116, 0.041, 0.015, 0.065, 0.025, 0.126, 0.174, 0.24, 0.152, 0.23]",3000,0.06075570732355118,0.053728502021501603,
14,T1,3240,-0.07345538771556491,0.027165055491600122,0.004762525053661603,0.04196700493203644,0.08928175147982946,-0.002747848554616979,-0.003842760822154845,0.5205101370811462,0.30001670122146606,0.0872131958603859,0.8205268383026123,0.9436689615249634,0.9756096005439758,2,3,6,"[0.5205, 0.3, 0.0872, 0.025, 0.0109, 0.0098, 0.0085, 0.0057, 0.0048, 0.0031]","[0.073, 0.027, 0.005, 0.015, 0.146, 0.014, 0.008, 0.206, 0.379, 0.415]",3000,0.04598715156316757,-0.02441695797109498,
14,T2,3240,-0.12160016822144012,-0.1403311548189651,0.14289219519290727,0.007618034365857689,0.012866083789230898,-0.03131539940301665,-0.01980237789038599,0.45640116930007935,0.23050083220005035,0.1311061978340149,0.6869019865989685,0.8706631064414978,0.939287006855011,4,7,13,"[0.4564, 0.2305, 0.1311, 0.0304, 0.0223, 0.0209, 0.019, 0.0121, 0.0096, 0.007]","[0.122, 0.14, 0.143, 0.078, 0.585, 0.22, 0.567, 0.45, 0.056, 0.375]",3000,0.0174595694988966,-0.009410050599507917,
14,T3,3240,-0.09414368309184806,-0.07123013984081494,-0.060203026222389724,-0.04698863367813874,-0.026932274597271873,-0.02449667217393345,0.030058248829783644,0.5673320293426514,0.29035359621047974,0.06926655024290085,0.8576856255531311,0.9623491764068604,0.9831540584564209,0,3,4,"[0.5673, 0.2904, 0.0693, 0.0251, 0.0103, 0.0069, 0.0045, 0.0041, 0.0033, 0.002]","[0.094, 0.071, 0.06, 0.02, 0.18, 0.09, 0.027, 0.097, 0.147, 0.285]",3000,0.04014299809932709,0.10562699388561772,
14,T4,3240,-0.05789307077807186,0.14279079986147905,0.06071323921434007,-0.0027444330857278,-0.029585914596866835,-0.002069151705340073,-0.01422203731165288,0.6201174855232239,0.2123139202594757,0.08187073469161987,0.832431435585022,0.9490774273872375,0.9777946472167969,2,3,6,"[0.6201, 0.2123, 0.0819, 0.019, 0.0158, 0.0109, 0.0062, 0.0051, 0.004, 0.0025]","[0.058, 0.143, 0.061, 0.165, 0.03, 0.249, 0.139, 0.139, 0.398, 0.681]",3000,0.03406454622745514,0.060045794315060935,
14,T5,3240,-0.08039184803440501,0.0981539547041638,-0.053217944412928785,0.028965649504142377,0.04950630371210125,-0.009367479279088447,-0.010526817827102873,0.6103081703186035,0.2588849663734436,0.056462425738573074,0.8691931366920471,0.9623318314552307,0.9817072153091431,1,3,4,"[0.6103, 0.2589, 0.0565, 0.0269, 0.0097, 0.0051, 0.0046, 0.0041, 0.0029, 0.0025]","[0.08, 0.098, 0.053, 0.004, 0.112, 0.125, 0.077, 0.013, 0.031, 0.431]",3000,0.03733467683196068,-0.048948620841163505,
14,T6,3240,-0.1282432614841473,-0.030146627911233233,0.09074528704878886,0.03448732624573564,0.05017897258939466,-0.030196527264570287,-0.0024967526830273943,0.464341938495636,0.3709995448589325,0.07210077345371246,0.8353414535522461,0.9479276537895203,0.9753403663635254,1,3,6,"[0.4643, 0.371, 0.0721, 0.0307, 0.0098, 0.0083, 0.0069, 0.005, 0.004, 0.0031]","[0.128, 0.03, 0.091, 0.047, 0.076, 0.085, 0.034, 0.075, 0.159, 0.304]",3000,0.04120371863245964,0.01132350752615718,
14,T7,3240,-0.1300765158345825,0.004976451693162372,-0.018594230486630867,0.03983666146413355,0.061801343132478134,-0.039428537846916495,-0.008421176181513461,0.5532964468002319,0.25996795296669006,0.10017170011997223,0.8132643699645996,0.9527645707130432,0.9762986898422241,1,3,5,"[0.5533, 0.26, 0.1002, 0.0255, 0.0138, 0.0075, 0.0055, 0.0048, 0.0031, 0.0027]","[0.13, 0.005, 0.019, 0.076, 0.024, 0.113, 0.018, 0.055, 0.439, 0.077]",3000,0.03205763176083565,0.00585350013005974,
14,T8,3240,-0.09337780085241336,-0.06620520822671477,-0.0524384122445444,0.009929663921565284,-0.019462253603308704,-0.019094161079118148,0.006678609891299788,0.5843170881271362,0.234669491648674,0.09321771562099457,0.8189865946769714,0.9506655335426331,0.9773812890052795,1,3,5,"[0.5843, 0.2347, 0.0932, 0.0281, 0.0103, 0.0071, 0.006, 0.0053, 0.0046, 0.0037]","[0.093, 0.066, 0.052, 0.108, 0.062, 0.111, 0.025, 0.02, 0.216, 0.483]",3000,0.03057430312037468,0.030848570379923976,
14,R0,3240,0.034346312770269144,0.08736068962771629,-0.0879289420028646,0.004735784517877089,-0.0017231248226372542,0.014018196663024366,0.028070585084540835,0.8685938715934753,0.06605195999145508,0.026714356616139412,0.9346458315849304,0.9797462821006775,0.9915103316307068,1,2,3,"[0.8686, 0.0661, 0.0267, 0.014, 0.0044, 0.0034, 0.0025, 0.0022, 0.0019, 0.0017]","[0.034, 0.087, 0.088, 0.129, 0.103, 0.034, 0.071, 0.142, 0.042, 0.3]",3000,0.026839975267648697,0.03414486661335086,
14,R1,3240,0.0018340061701803924,-0.09311320212852786,0.07017515452227413,0.017125176909674533,-0.009711333906913354,0.045816786966348964,-0.015268344986208793,0.9033406376838684,0.04773321375250816,0.02058865875005722,0.9510738253593445,0.982194721698761,0.9923446178436279,0,1,2,"[0.9033, 0.0477, 0.0206, 0.0066, 0.004, 0.0027, 0.0025, 0.0018, 0.0017, 0.0015]","[0.002, 0.093, 0.07, 0.009, 0.066, 0.038, 0.087, 0.077, 0.083, 0.211]",3000,0.024531718343496323,-0.07620488626018322,
14,R2,3240,-0.012796532439173948,0.03197006259255184,-0.07485273134650808,0.0281310933620848,-0.05833062882645874,0.0460080237409366,0.04587821632742144,0.8616385459899902,0.0729018971323967,0.030384322628378868,0.9345404505729675,0.9773301482200623,0.989195704460144,1,2,3,"[0.8616, 0.0729, 0.0304, 0.0073, 0.0051, 0.0035, 0.0029, 0.0025, 0.0018, 0.0012]","[0.013, 0.032, 0.075, 0.034, 0.062, 0.042, 0.095, 0.155, 0.47, 0.201]",3000,0.029774917289614677,0.09823216803715622,
14,R3,3240,0.07173914626009724,0.009869947358402744,-0.14762917030691505,0.04332782898507982,0.22160307901638115,0.0925382600612215,0.0875062820718302,0.5879950523376465,0.31701523065567017,0.03555046021938324,0.9050102829933167,0.969994843006134,0.9899722933769226,0,2,4,"[0.588, 0.317, 0.0356, 0.015, 0.0144, 0.0083, 0.0054, 0.0028, 0.0018, 0.0016]","[0.072, 0.01, 0.148, 0.003, 0.041, 0.01, 0.024, 0.038, 0.004, 0.013]",3000,0.023322265595197678,-0.2574054489433572,
14,R4,3240,0.08157225909984459,-0.04823295064142573,-0.07357139729897832,-0.03333095631105441,0.09814041992928124,0.1059452548800949,0.05557172725256757,0.6552264094352722,0.2674989402294159,0.02380289137363434,0.9227253198623657,0.9715208411216736,0.9901352524757385,0,2,4,"[0.6552, 0.2675, 0.0238, 0.0169, 0.0081, 0.0067, 0.0056, 0.0025, 0.0023, 0.0016]","[0.082, 0.048, 0.074, 0.083, 0.053, 0.06, 0.02, 0.224, 0.002, 0.153]",3000,0.019723182544112206,-0.2840375960268699,
14,R5,3240,-0.07415602613651753,-0.07973858905271315,0.03681293931850927,0.07087024425229388,-0.03921593605029764,-0.042530543667530576,-0.09195442303017211,0.5732871890068054,0.20488634705543518,0.09399774670600891,0.778173565864563,0.9536346197128296,0.979860782623291,0,4,5,"[0.5733, 0.2049, 0.094, 0.0511, 0.0304, 0.008, 0.0066, 0.0048, 0.0035, 0.0033]","[0.074, 0.08, 0.037, 0.039, 0.05, 0.034, 0.074, 0.069, 0.031, 0.135]",3000,0.001086121890693903,0.17212380566930952,
14,R6,3240,-0.0012770470999306286,0.055549706171094386,-0.08397390360669438,0.06488346955056905,-0.11155444402468348,-0.05917794630557174,-0.04665506475479541,0.7679279446601868,0.09372948110103607,0.06646133959293365,0.861657440662384,0.9789900779724121,0.9902089834213257,0,3,4,"[0.7679, 0.0937, 0.0665, 0.0346, 0.0163, 0.0042, 0.0028, 0.0016, 0.0015, 0.0011]","[0.001, 0.056, 0.084, 0.014, 0.006, 0.186, 0.107, 0.196, 0.015, 0.109]",3000,0.014453010633587837,0.22602420189682818,
14,R7,3240,-0.06486277935105506,-0.06528833795472166,-0.05818649450168336,-0.000402872728009846,-0.07310551482936645,-0.0270357962509488,-0.048695092347442064,0.8196694850921631,0.09141413867473602,0.03082173503935337,0.9110836386680603,0.9782177209854126,0.9904482364654541,0,2,4,"[0.8197, 0.0914, 0.0308, 0.0278, 0.0085, 0.0044, 0.0025, 0.0023, 0.0017, 0.0013]","[0.065, 0.065, 0.058, 0.048, 0.004, 0.056, 0.06, 0.041, 0.261, 0.022]",3000,0.02210509032011032,0.2006901179820548,
14,M0,3000,0.13017180374500995,0.16553485818956956,-0.21373782813376996,-0.041468783965501486,-0.12281862712837413,-0.011595854634868893,-0.0505269430181368,0.6439025402069092,0.13404983282089233,0.07398563623428345,0.7779523730278015,0.9086223244667053,0.9730347990989685,0,5,8,"[0.6439, 0.134, 0.074, 0.0361, 0.0206, 0.0186, 0.0175, 0.0121, 0.0088, 0.0074]","[0.13, 0.166, 0.214, 0.116, 0.017, 0.166, 0.006, 0.078, 0.067, 0.009]",3000,0.06590335816144943,0.04516561701635759,
14,E0,3240,0.22995770726832473,-0.25016162087065097,0.34235872034850334,-0.019953577850626243,-0.020367517389258558,0.050658371313138745,-0.1392166276156078,0.30887171626091003,0.0807093158364296,0.04705071449279785,0.38958102464675903,0.49167400598526,0.5617853999137878,2,164,285,"[0.3089, 0.0807, 0.0471, 0.0323, 0.0228, 0.017, 0.0149, 0.0139, 0.0126, 0.0117]","[0.23, 0.25, 0.342, 0.328, 0.022, 0.214, 0.05, 0.02, 0.042, 0.147]",3000,0.19394277036190033,-0.3563215840663776,
14,MEAN,3000,-0.134816286173661,-0.5780466818016244,0.16582673122692007,-0.007735817633380623,-0.01776433164410006,0.0027850221003096953,0.06857200188764066,0.2240469753742218,0.14036054909229279,0.08308613300323486,0.3644075393676758,0.5324352383613586,0.6447827219963074,1,92,194,"[0.224, 0.1404, 0.0831, 0.0459, 0.039, 0.0335, 0.0243, 0.021, 0.0178, 0.0157]","[0.135, 0.578, 0.166, 0.189, 0.154, 0.176, 0.196, 0.121, 0.245, 0.103]",3000,0.1861080676317215,0.22246789524216892,
15,T0,3240,-0.10858526137093381,-0.042418817817371196,0.01629091867995132,0.09841267249390576,0.09048189722920358,0.034241131306737664,-0.011950324640426396,0.6737229228019714,0.2682858407497406,0.014344906434416771,0.9420087337493896,0.9753493070602417,0.9881178736686707,1,2,3,"[0.6737, 0.2683, 0.0143, 0.0104, 0.0086, 0.0034, 0.0028, 0.0026, 0.0021, 0.0019]","[0.109, 0.042, 0.016, 0.057, 0.026, 0.171, 0.006, 0.253, 0.334, 0.045]",3000,0.06248358637094498,-0.009888211794734699,
15,T1,3240,-0.03484080229000074,0.020420464211579715,-0.02858666652329788,0.040761958069447546,0.07228613534300157,0.013321051333085181,0.005291786242600005,0.5421610474586487,0.29878753423690796,0.07195296883583069,0.8409485816955566,0.9447436928749084,0.9751855134963989,2,3,6,"[0.5422, 0.2988, 0.072, 0.0211, 0.0108, 0.0092, 0.0084, 0.0054, 0.0046, 0.0029]","[0.035, 0.02, 0.029, 0.027, 0.101, 0.035, 0.006, 0.273, 0.332, 0.503]",3000,0.050782185047864914,-0.019841829142933205,
15,T2,3240,-0.1180349260131131,-0.11344808650560778,0.12826805963760413,0.009913703418429605,0.014880866332080201,-0.028416328102504572,-0.017531022000090313,0.4264284670352936,0.2463444471359253,0.14275704324245453,0.6727728843688965,0.8689627647399902,0.9396895170211792,4,7,13,"[0.4264, 0.2463, 0.1428, 0.0312, 0.0223, 0.021, 0.0197, 0.0123, 0.0104, 0.0072]","[0.118, 0.113, 0.128, 0.032, 0.204, 0.687, 0.48, 0.419, 0.094, 0.464]",3000,0.0193332489579916,-0.01635506464510925,
15,T3,3240,-0.1003522952667531,-0.07069880345875106,-0.05208589297039124,-0.041968027587678355,-0.03545730394621722,-0.03222595779407842,0.01795537145825166,0.5820427536964417,0.2807489335536957,0.06351564824581146,0.8627916574478149,0.9612439274787903,0.9825742840766907,0,3,4,"[0.582, 0.2807, 0.0635, 0.0241, 0.0108, 0.0067, 0.005, 0.0041, 0.0035, 0.0022]","[0.1, 0.071, 0.052, 0.033, 0.159, 0.099, 0.051, 0.03, 0.104, 0.252]",3000,0.040126726031303406,0.1140672966817218,
15,T4,3240,-0.06759229898107223,0.13070612655612884,-0.05133729304071551,-0.0031023235702145424,-0.03384164250189282,-0.006865381871634655,-0.0089130815281519,0.6331220865249634,0.2092711627483368,0.07179207354784012,0.8423932790756226,0.9486252069473267,0.9783090949058533,2,3,6,"[0.6331, 0.2093, 0.0718, 0.0187, 0.0158, 0.011, 0.0068, 0.0057, 0.0039, 0.0023]","[0.068, 0.131, 0.051, 0.155, 0.066, 0.212, 0.02, 0.131, 0.386, 0.631]",3000,0.03394191339612007,0.06126992181337945,
15,T5,3240,-0.1027310755534392,0.08558272891337845,-0.04307320027173423,0.03616884401784847,0.03913972411309435,-0.010451321009111983,-0.023506915218323335,0.6051827073097229,0.27018609642982483,0.05106014758348465,0.8753688335418701,0.9629424214363098,0.982035756111145,1,3,4,"[0.6052, 0.2702, 0.0511, 0.0274, 0.0091, 0.0051, 0.0049, 0.004, 0.0026, 0.0025]","[0.103, 0.086, 0.043, 0.004, 0.111, 0.116, 0.13, 0.02, 0.053, 0.419]",3000,0.03990927338600159,-0.036400538691850504,
15,T6,3240,0.12182648155261408,-0.0385374344361331,0.0864398985487733,-0.041898208525922555,-0.05813780662498543,0.03294176131129286,0.004451488288571612,0.47083091735839844,0.3752882778644562,0.06637682765722275,0.8461191654205322,0.9506914615631104,0.9763513207435608,0,3,5,"[0.4708, 0.3753, 0.0664, 0.0283, 0.0099, 0.0077, 0.0068, 0.0049, 0.0035, 0.0028]","[0.122, 0.039, 0.086, 0.062, 0.135, 0.017, 0.076, 0.15, 0.187, 0.231]",3000,0.043047841638326645,-0.019783135108573303,
15,T7,3240,-0.17736696808983057,0.0021038065216919676,-0.04012798299048759,0.0007113493005527036,0.019177086053272813,-0.04336322364572381,0.01948453369477756,0.5654751062393188,0.263125479221344,0.08812444657087326,0.8286005854606628,0.9543672204017639,0.976963222026825,1,3,5,"[0.5655, 0.2631, 0.0881, 0.0242, 0.0134, 0.0071, 0.0055, 0.0046, 0.0029, 0.0025]","[0.177, 0.002, 0.04, 0.087, 0.003, 0.129, 0.003, 0.078, 0.403, 0.067]",3000,0.03392000496387482,0.0747040951878635,
15,T8,3240,-0.07960867826829848,-0.08799147169718342,-0.0667424416411881,-0.006364067071624347,-0.03256723229493609,-0.021565871273656258,0.01730314925738583,0.6093464493751526,0.2266979217529297,0.08275918662548065,0.8360443711280823,0.9539855122566223,0.9790684580802917,1,3,5,"[0.6093, 0.2267, 0.0828, 0.0253, 0.0099, 0.0069, 0.006, 0.0052, 0.0037, 0.0033]","[0.08, 0.088, 0.067, 0.112, 0.024, 0.103, 0.093, 0.03, 0.378, 0.268]",3000,0.03207492455840111,0.07724944645442508,
15,R0,3240,-0.05073428152568564,0.06138784450995328,-0.0878222918244841,-0.00405828472197194,0.0020213404186840193,-0.018645120909480735,-0.04469187195681058,0.8652304410934448,0.0715440884232521,0.025007735937833786,0.9367745518684387,0.9800044298171997,0.9917023777961731,0,2,3,"[0.8652, 0.0715, 0.025, 0.0138, 0.0044, 0.0033, 0.0024, 0.0023, 0.002, 0.0017]","[0.051, 0.061, 0.088, 0.147, 0.143, 0.082, 0.111, 0.116, 0.14, 0.27]",3000,0.028619593009352684,-0.02490600936784593,
15,R1,3240,0.012289451021600688,-0.08904693650784833,-0.06974942435450765,0.014020856641311912,-0.009078599044020644,0.06179082014800437,-0.018716350028503335,0.9024332761764526,0.05069230869412422,0.01943303644657135,0.9531255960464478,0.9825644493103027,0.9926250576972961,0,1,2,"[0.9024, 0.0507, 0.0194, 0.0063, 0.0037, 0.0027, 0.0024, 0.0018, 0.0017, 0.0014]","[0.012, 0.089, 0.07, 0.021, 0.097, 0.025, 0.042, 0.111, 0.105, 0.184]",3000,0.025939667597413063,-0.07960798668407196,
15,R2,3240,0.029831714556684732,0.047047270695684415,-0.0644452975534818,0.005113057469751145,-0.08353275325609982,0.07119668469695392,0.03772725724643114,0.8685508966445923,0.07207990437746048,0.026660364121198654,0.9406307935714722,0.9784855246543884,0.9898443222045898,1,2,3,"[0.8686, 0.0721, 0.0267, 0.007, 0.0042, 0.0032, 0.0028, 0.0025, 0.0017, 0.0012]","[0.03, 0.047, 0.064, 0.03, 0.009, 0.054, 0.068, 0.07, 0.471, 0.103]",3000,0.03029901348054409,0.07444339349899229,
15,R3,3240,0.06820917101653202,0.002774972316692545,-0.15727032381493827,0.05932631671214095,0.22389176075418007,0.09465342544389609,0.06854303657085767,0.6151249408721924,0.2951079308986664,0.03263847157359123,0.9102329015731812,0.9720362424850464,0.9907168745994568,0,2,4,"[0.6151, 0.2951, 0.0326, 0.0148, 0.0143, 0.0076, 0.0052, 0.0026, 0.0017, 0.0015]","[0.068, 0.003, 0.157, 0.006, 0.017, 0.01, 0.02, 0.042, 0.023, 0.014]",3000,0.02300717681646347,-0.3004586371284298,
15,R4,3240,-0.08446159382205647,-0.057767853841233854,-0.04826887933936492,0.032206961877208534,-0.10344436297081816,-0.09783254229235336,-0.06622944772263362,0.6611087322235107,0.26309752464294434,0.023496681824326515,0.9242062568664551,0.9726712703704834,0.9904777407646179,0,2,4,"[0.6611, 0.2631, 0.0235, 0.0173, 0.0077, 0.0062, 0.0053, 0.0024, 0.0024, 0.0015]","[0.084, 0.058, 0.048, 0.071, 0.055, 0.056, 0.007, 0.005, 0.202, 0.104]",3000,0.020055118948221207,0.27492146625605585,
15,R5,3240,-0.049862699272978275,-0.07036085058448284,0.04974718683464497,0.06827518591195422,-0.0702876313500689,-0.04058611839641339,-0.09748083298239273,0.6079150438308716,0.19600319862365723,0.07310350239276886,0.8039182424545288,0.9569521546363831,0.9812701940536499,0,4,5,"[0.6079, 0.196, 0.0731, 0.0513, 0.0286, 0.0078, 0.006, 0.0044, 0.0032, 0.003]","[0.05, 0.07, 0.05, 0.023, 0.041, 0.042, 0.067, 0.09, 0.03, 0.107]",3000,0.001240897225216031,0.2225228629294754,
15,R6,3240,-0.02200510517077273,-0.010016671612340886,-0.0713331523907526,0.06145264739579318,-0.09324276521488092,-0.06293138427483483,-0.05782548978384865,0.7817155122756958,0.08286639302968979,0.0681840032339096,0.8645818829536438,0.9799613356590271,0.990667998790741,0,3,4,"[0.7817, 0.0829, 0.0682, 0.0323, 0.0149, 0.0037, 0.0026, 0.0018, 0.0015, 0.0011]","[0.022, 0.01, 0.071, 0.019, 0.001, 0.187, 0.093, 0.121, 0.119, 0.18]",3000,0.011438527144491673,0.26873466093263954,
15,R7,3240,0.021061002070504594,-0.05469084853175702,-0.04273172831320237,-0.0580582816927127,0.07065402107911956,0.08260148328480951,0.055478518625833854,0.8068920969963074,0.09849569946527481,0.03305094316601753,0.905387818813324,0.9776895046234131,0.9899962544441223,0,2,4,"[0.8069, 0.0985, 0.0331, 0.0304, 0.0089, 0.0043, 0.0027, 0.0022, 0.0017, 0.0015]","[0.021, 0.055, 0.043, 0.1, 0.011, 0.027, 0.077, 0.07, 0.156, 0.097]",3000,0.020197929814457893,-0.15768078232793636,
15,M0,3000,0.13871999760203577,0.14172193397430446,-0.21532996880674413,-0.02500484547322079,-0.1164404614369851,-0.004361649615840456,-0.03938050872769532,0.6431396007537842,0.13211390376091003,0.07021286338567734,0.7752535343170166,0.9036592245101929,0.9723345041275024,0,5,8,"[0.6431, 0.1321, 0.0702, 0.0366, 0.0216, 0.0197, 0.0174, 0.0134, 0.0109, 0.0072]","[0.139, 0.142, 0.215, 0.101, 0.024, 0.119, 0.007, 0.041, 0.055, 0.04]",3000,0.06562070548534393,0.02061641966294269,
15,E0,3240,0.23117788277490914,-0.20410403172696803,0.39907915761245094,-0.011390831971348901,-0.007336493755832955,0.03421467166086816,-0.15989965184519403,0.23688490688800812,0.11074735224246979,0.05949527025222778,0.3476322591304779,0.4672761559486389,0.5484274625778198,1,172,301,"[0.2369, 0.1107, 0.0595, 0.0344, 0.0258, 0.0196, 0.0184, 0.0152, 0.0144, 0.0136]","[0.231, 0.204, 0.399, 0.253, 0.023, 0.123, 0.07, 0.107, 0.106, 0.171]",3000,0.17660793662071228,-0.3570413307882197,
15,MEAN,3000,-0.15898407791403377,-0.5598007400100403,0.21008779487947538,-0.005919667642034016,-0.01934526862052087,0.002342858297496114,0.07391426482529177,0.20648513734340668,0.14339923858642578,0.08013712614774704,0.34988439083099365,0.5189210772514343,0.6348583698272705,1,95,200,"[0.2065, 0.1434, 0.0801, 0.0485, 0.0404, 0.0352, 0.0248, 0.0216, 0.018, 0.0164]","[0.159, 0.56, 0.21, 0.197, 0.138, 0.107, 0.155, 0.152, 0.268, 0.094]",3000,0.18545888364315033,0.24379390801826653,
16,T0,3240,-0.059937458050563094,-0.07384500692772013,0.019552326741805598,0.024516913746190167,0.021359391022393967,0.014865372630920425,0.03866880363447289,0.6862625479698181,0.25752291083335876,0.013252376578748226,0.9437854290008545,0.9755227565765381,0.9885430932044983,0,2,3,"[0.6863, 0.2575, 0.0133, 0.01, 0.0085, 0.0035, 0.003, 0.0025, 0.0021, 0.0019]","[0.06, 0.074, 0.02, 0.066, 0.003, 0.165, 0.066, 0.246, 0.276, 0.195]",3000,0.061882030218839645,0.08856990323534675,
16,T1,3240,-0.004003109565837183,-0.004938849275343367,-0.049020543605611595,0.029837194678679284,0.10507961098814993,-0.001640674109811628,0.04095142562963768,0.49113497138023376,0.3105693459510803,0.06653866171836853,0.8017042875289917,0.912845253944397,0.9564968943595886,1,5,9,"[0.4911, 0.3106, 0.0665, 0.0297, 0.015, 0.0126, 0.0121, 0.0084, 0.0054, 0.0051]","[0.004, 0.005, 0.049, 0.042, 0.025, 0.027, 0.058, 0.103, 0.352, 0.084]",3000,0.0431765578687191,-0.06117211426503232,
16,T2,3240,-0.1299468065518701,-0.08578750649537777,0.12734219598936444,0.009519132357632774,0.012646056488186867,-0.032865104243536426,-0.013437373881477307,0.4024057984352112,0.2292492687702179,0.1382540464401245,0.6316550970077515,0.825191080570221,0.9156160950660706,5,9,18,"[0.4024, 0.2292, 0.1383, 0.0292, 0.026, 0.0241, 0.0217, 0.0193, 0.0149, 0.0105]","[0.13, 0.086, 0.127, 0.057, 0.002, 0.302, 0.457, 0.576, 0.329, 0.315]",3000,0.013933687470853329,-0.011625658229671825,
16,T3,3240,-0.09462034528654913,0.11191139292523807,-0.040234472091982734,-0.02308572837684421,-0.019904129829619043,-0.032813477864275034,0.018876031105734537,0.6275234818458557,0.2513681650161743,0.053792450577020645,0.87889164686203,0.9638829231262207,0.9840618371963501,0,3,4,"[0.6275, 0.2514, 0.0538, 0.0212, 0.01, 0.006, 0.0048, 0.0038, 0.0035, 0.002]","[0.095, 0.112, 0.04, 0.025, 0.148, 0.118, 0.054, 0.04, 0.108, 0.151]",3000,0.040789104998111725,0.10602176095604399,
16,T4,3240,-0.09486905412317997,0.09515123054083437,0.03602251371719823,0.009810895213261266,-0.02224937246427168,-0.026363795075031123,0.004495683654732842,0.6648957133293152,0.2006959170103073,0.057390253990888596,0.8655916452407837,0.9520349502563477,0.9797603487968445,2,3,5,"[0.6649, 0.2007, 0.0574, 0.0154, 0.0136, 0.0105, 0.0061, 0.005, 0.0036, 0.0025]","[0.095, 0.095, 0.036, 0.148, 0.069, 0.188, 0.049, 0.144, 0.462, 0.463]",3000,0.03616223484277725,0.06379254816754956,
16,T5,3240,-0.15855975403261788,0.07846293442826882,-0.028385698083052923,-0.01054523075413888,-0.004021614395167446,-0.034628486970319436,0.00033133765527536215,0.6185783743858337,0.2647826373577118,0.046157583594322205,0.8833609819412231,0.9651085138320923,0.9829132556915283,1,3,4,"[0.6186, 0.2648, 0.0462, 0.0269, 0.0087, 0.0049, 0.0046, 0.0037, 0.0024, 0.0022]","[0.159, 0.078, 0.028, 0.009, 0.115, 0.11, 0.076, 0.011, 0.355, 0.255]",3000,0.04013672098517418,0.06073890222674687,
16,T6,3240,-0.18488708586938185,-0.007308990141404423,0.07023471720523558,-0.019436257751878336,0.003501253247379844,-0.06136957855676017,0.01229065359186781,0.5104003548622131,0.34711188077926636,0.05848517268896103,0.8575122356414795,0.9516275525093079,0.976925790309906,0,3,5,"[0.5104, 0.3471, 0.0585, 0.0264, 0.0093, 0.0081, 0.0063, 0.0049, 0.0032, 0.0027]","[0.185, 0.007, 0.07, 0.067, 0.133, 0.007, 0.068, 0.173, 0.206, 0.246]",3000,0.0442475788295269,0.16170741168014827,
16,T7,3240,-0.1455835427425633,0.0024680207208638465,-0.029977290522779265,-0.024465516094061286,-0.006920539519526337,-0.04614369452973534,0.023741625512045963,0.5980494618415833,0.24757403135299683,0.07740453630685806,0.8456234931945801,0.9570819139480591,0.978142261505127,1,3,5,"[0.598, 0.2476, 0.0774, 0.022, 0.012, 0.0066, 0.0051, 0.0043, 0.0028, 0.0022]","[0.146, 0.002, 0.03, 0.095, 0.011, 0.125, 0.03, 0.103, 0.389, 0.044]",3000,0.03550136461853981,0.14330017134552314,
16,T8,3240,-0.08528604081361645,-0.10808087970971315,-0.054060959911576285,0.005958100292348337,-0.019825573993982083,-0.03582956833914077,0.015844529219506593,0.6733843088150024,0.19341032207012177,0.06348428875207901,0.8667946457862854,0.9592112898826599,0.9812763929367065,1,3,4,"[0.6734, 0.1934, 0.0635, 0.0211, 0.0078, 0.0061, 0.0053, 0.0047, 0.0032, 0.0028]","[0.085, 0.108, 0.054, 0.112, 0.002, 0.127, 0.013, 0.087, 0.426, 0.179]",3000,0.03337276354432106,0.08314363035397757,
16,R0,3240,-0.15410341969205668,0.15991918918565415,-0.1213888954794885,-0.04113469866084321,-0.040270850908056224,0.004071531513455277,-0.04129024522106143,0.7922331690788269,0.1451311707496643,0.023270776495337486,0.9373643398284912,0.9792676568031311,0.9913302063941956,1,2,3,"[0.7922, 0.1451, 0.0233, 0.0137, 0.0049, 0.0032, 0.0026, 0.0025, 0.002, 0.0018]","[0.154, 0.16, 0.121, 0.16, 0.107, 0.066, 0.009, 0.131, 0.334, 0.101]",3000,0.045410141348838806,0.06408743307488543,
16,R1,3240,0.028693251243040136,-0.14155303058925076,0.04198619102230868,-0.0020032503810617506,0.03071151204662995,-0.049474225437718525,0.04408303962956148,0.8875717520713806,0.0720120370388031,0.014425796456634998,0.9595837593078613,0.9832388758659363,0.99275803565979,0,2,2,"[0.8876, 0.072, 0.0144, 0.0055, 0.0037, 0.0024, 0.0021, 0.0019, 0.0017, 0.0015]","[0.029, 0.142, 0.042, 0.037, 0.015, 0.238, 0.062, 0.199, 0.022, 0.066]",3000,0.034761566668748856,0.008110383766074243,
16,R2,3240,0.16004041644364875,0.12035599248012055,-0.009243105446312593,0.02562743457796871,0.033650429242669457,0.030028612376470445,0.12887087107364442,0.8835811614990234,0.07826285809278488,0.014068897813558578,0.9618440270423889,0.98466557264328,0.992975652217865,0,2,2,"[0.8836, 0.0783, 0.0141, 0.0055, 0.0032, 0.0021, 0.0019, 0.0017, 0.0015, 0.0012]","[0.16, 0.12, 0.009, 0.04, 0.18, 0.041, 0.06, 0.028, 0.262, 0.038]",3000,0.036200061440467834,0.07787832412970135,
16,R3,3240,0.03292290412785125,0.009983380913897203,0.24042970060009822,0.01583058432806364,0.208130578892544,0.045094000189348456,0.14591123968250858,0.5595817565917969,0.2610194683074951,0.05117463320493698,0.820601224899292,0.9205004572868347,0.9672014117240906,0,5,8,"[0.5596, 0.261, 0.0512, 0.0269, 0.0218, 0.0132, 0.0118, 0.011, 0.0061, 0.0047]","[0.033, 0.01, 0.24, 0.09, 0.087, 0.023, 0.066, 0.05, 0.102, 0.002]",3000,0.17868326604366302,-0.2006719604017511,
16,R4,3240,-0.0791014676537145,-0.058180634640850507,-0.06553385491536057,0.025537632404530875,-0.09117158616453673,-0.095454483935864,-0.06914076709706199,0.6451000571250916,0.264241486787796,0.031756166368722916,0.90934157371521,0.9668720364570618,0.9859367609024048,0,2,4,"[0.6451, 0.2642, 0.0318, 0.0183, 0.0075, 0.0064, 0.006, 0.0031, 0.0021, 0.0014]","[0.079, 0.058, 0.066, 0.069, 0.042, 0.063, 0.043, 0.013, 0.162, 0.05]",3000,0.02133755013346672,0.25583045295312995,
16,R5,3240,0.012844959275433445,-0.08010899571549397,0.05189839046549807,0.05655180353553399,0.013620113532642536,0.028848453499420782,-0.03147577549335402,0.6338971853256226,0.18888428807258606,0.05655236914753914,0.8227814435958862,0.9573221802711487,0.9813616871833801,0,4,5,"[0.6339, 0.1889, 0.0566, 0.0453, 0.0327, 0.0078, 0.0057, 0.0043, 0.0032, 0.0029]","[0.013, 0.08, 0.052, 0.029, 0.045, 0.063, 0.048, 0.102, 0.078, 0.113]",3000,0.002518011024221778,0.0008061903320432609,
16,R6,3240,0.0014294577967104195,-0.07940826177979944,0.07207836765470382,0.06451274189531256,-0.08630570851118041,-0.08176930921948401,-0.0422671276113237,0.7949540615081787,0.07000841200351715,0.06112112104892731,0.8649624586105347,0.9798662066459656,0.9904331564903259,0,3,4,"[0.795, 0.07, 0.0611, 0.0401, 0.0137, 0.0035, 0.0028, 0.0017, 0.0014, 0.0012]","[0.001, 0.079, 0.072, 0.03, 0.004, 0.193, 0.086, 0.109, 0.155, 0.114]",3000,0.01740209013223648,0.2613839507464564,
16,R7,3240,-0.08371194297278481,-0.0609816967083011,-0.09048936488483955,-0.06931049179843288,-0.0037611404250607453,0.04226800629517004,-0.036902003154476434,0.8093754053115845,0.08832915872335434,0.03920869529247284,0.897704541683197,0.9764633774757385,0.988938570022583,0,3,4,"[0.8094, 0.0883, 0.0392, 0.0301, 0.0095, 0.004, 0.003, 0.0021, 0.0017, 0.0017]","[0.084, 0.061, 0.09, 0.111, 0.063, 0.03, 0.147, 0.102, 0.131, 0.042]",3000,0.022342627868056297,-0.02992775426911966,
16,M0,3000,0.12535921501977015,0.17398693777159582,-0.1940902541446871,-0.02673855899827497,-0.06352076309221674,-0.041865751644063406,0.019615576783410586,0.6473422646522522,0.11858398467302322,0.06426498293876648,0.7659262418746948,0.8906335234642029,0.9662447571754456,0,6,9,"[0.6473, 0.1186, 0.0643, 0.0338, 0.0267, 0.0213, 0.0192, 0.0155, 0.0133, 0.0063]","[0.125, 0.174, 0.194, 0.101, 0.047, 0.049, 0.054, 0.032, 0.01, 0.044]",3000,0.054421138018369675,-0.01871614830237822,
16,E0,3240,0.25272894924344275,-0.16983348469417262,0.40690403660426216,-0.018502971100619048,-0.013426636865797785,0.0444900548016037,-0.16167700910493082,0.22114314138889313,0.11163388192653656,0.061596162617206573,0.3327770233154297,0.4573116898536682,0.5420024991035461,1,181,315,"[0.2211, 0.1116, 0.0616, 0.0363, 0.0266, 0.0224, 0.0183, 0.0156, 0.0147, 0.0137]","[0.253, 0.17, 0.407, 0.22, 0.053, 0.078, 0.121, 0.066, 0.15, 0.201]",3000,0.16761747002601624,-0.3698018734562015,
16,MEAN,3000,-0.19031741336314695,-0.5680305791163782,0.23384185484750705,-0.005116039403012531,-0.021166118459652633,-0.0022268673477827327,0.08626692891965551,0.2010287493467331,0.14840170741081238,0.07122698426246643,0.3494304418563843,0.5081676840782166,0.6264764070510864,1,101,214,"[0.201, 0.1484, 0.0712, 0.0482, 0.0393, 0.034, 0.0255, 0.0217, 0.0201, 0.017]","[0.19, 0.568, 0.234, 0.177, 0.126, 0.097, 0.168, 0.117, 0.294, 0.126]",3000,0.18795296549797058,0.2800098396946267,
17,T0,3240,0.04836966087183646,-0.10232012950011024,0.04211813828900198,0.08217565387900784,0.046909447077799246,0.069874431676156,0.013818516223512586,0.6678769588470459,0.262323796749115,0.01584389992058277,0.9302007555961609,0.9686166644096375,0.984692394733429,1,2,4,"[0.6679, 0.2623, 0.0158, 0.0117, 0.0109, 0.0044, 0.0036, 0.0032, 0.0027, 0.0021]","[0.048, 0.102, 0.042, 0.055, 0.01, 0.032, 0.013, 0.306, 0.251, 0.117]",3000,0.05939100310206413,-0.11350990464935583,
17,T1,3240,0.008188753514685222,-0.0007724833559249882,0.03828655112234032,0.020496601737605747,0.09176272984479433,0.012800492303994215,0.03943539142342321,0.4947871267795563,0.30217185616493225,0.06224776804447174,0.7969589829444885,0.9061222672462463,0.9524461030960083,1,5,10,"[0.4948, 0.3022, 0.0622, 0.0327, 0.0142, 0.014, 0.013, 0.0087, 0.0058, 0.0049]","[0.008, 0.001, 0.038, 0.075, 0.01, 0.012, 0.112, 0.097, 0.404, 0.097]",3000,0.04504621401429176,-0.08260143408597218,
17,T2,3240,-0.12146571214401138,0.03173796372504382,0.07025143503324484,0.03308312701620836,0.07275173139780626,0.0007846019466787228,-0.03892176245630807,0.3376450836658478,0.25804513692855835,0.14763705432415009,0.5956902503967285,0.8117786645889282,0.9039433598518372,3,10,20,"[0.3376, 0.258, 0.1476, 0.0376, 0.0309, 0.025, 0.0204, 0.0194, 0.0169, 0.0104]","[0.121, 0.032, 0.07, 0.193, 0.58, 0.278, 0.116, 0.303, 0.568, 0.204]",3000,0.027498021721839905,-0.054203482848935294,
17,T3,3240,-0.08067666067509054,0.0642120698995171,-0.012139738449523934,-0.03824859504880564,-0.029100422382441725,-0.03640461898600397,0.014206606344881042,0.6357718706130981,0.2479100078344345,0.047273073345422745,0.8836818933486938,0.9611425399780273,0.9820789694786072,0,3,4,"[0.6358, 0.2479, 0.0473, 0.0199, 0.0103, 0.0061, 0.0054, 0.0039, 0.0036, 0.0019]","[0.081, 0.064, 0.012, 0.045, 0.16, 0.102, 0.1, 0.003, 0.107, 0.044]",3000,0.04200410470366478,0.10266602007072757,
17,T4,3240,-0.08129137067630138,-0.07284725938808626,-0.030114572135986634,0.02022633165710568,-0.01011476241007891,-0.01654278266601837,-0.01669689125846108,0.6548520922660828,0.1991501897573471,0.05853428319096565,0.8540022969245911,0.944924533367157,0.9744257926940918,2,3,6,"[0.6549, 0.1992, 0.0585, 0.0189, 0.0135, 0.0106, 0.0065, 0.0054, 0.0041, 0.003]","[0.081, 0.073, 0.03, 0.123, 0.041, 0.201, 0.04, 0.003, 0.599, 0.696]",3000,0.039870716631412506,0.0007436972117581338,
17,T5,3240,-0.13294286069722203,0.06619411667392566,-0.03691143485056594,-0.02041521814824282,-0.02338518396079657,-0.047254427103251895,-0.0046453333453107554,0.6202318072319031,0.2633272707462311,0.04525670036673546,0.8835591077804565,0.9622398018836975,0.9811051487922668,0,3,4,"[0.6202, 0.2633, 0.0453, 0.0244, 0.009, 0.0054, 0.0049, 0.0037, 0.0027, 0.0021]","[0.133, 0.066, 0.037, 0.017, 0.115, 0.198, 0.1, 0.027, 0.292, 0.141]",3000,0.04049688205122948,0.08619648134531872,
17,T6,3240,-0.1646403079016175,0.021243058771682966,0.05582650926198412,-0.011252560709341643,0.004506880923195023,-0.05664293150059396,0.010043953517834246,0.5349892377853394,0.3182324469089508,0.058653056621551514,0.8532216548919678,0.9493876099586487,0.9748716950416565,0,3,6,"[0.535, 0.3182, 0.0587, 0.0275, 0.01, 0.0079, 0.0065, 0.0048, 0.0034, 0.0028]","[0.165, 0.021, 0.056, 0.053, 0.077, 0.061, 0.057, 0.141, 0.162, 0.238]",3000,0.04220760986208916,0.15828452653228373,
17,T7,3240,-0.12863107965475037,0.023330764918906653,-0.039632792829429345,-0.02771506521514303,-0.012470086889010594,-0.054324647845856534,0.017685608483002057,0.6029101610183716,0.24378348886966705,0.07329103350639343,0.8466936349868774,0.9539434313774109,0.9761683940887451,1,3,5,"[0.6029, 0.2438, 0.0733, 0.0222, 0.0117, 0.0069, 0.0055, 0.0045, 0.0031, 0.0023]","[0.129, 0.023, 0.04, 0.084, 0.014, 0.13, 0.036, 0.13, 0.333, 0.04]",3000,0.035629939287900925,0.13071456171908502,
17,T8,3240,-0.07131028098581746,-0.070639345144191,-0.011675347875669834,0.006628795124721597,-0.026950423199137492,-0.025369185744368913,0.01328165215597199,0.6614906787872314,0.20043066143989563,0.06352582573890686,0.8619213104248047,0.9549392461776733,0.9784126877784729,2,3,5,"[0.6615, 0.2004, 0.0635, 0.0209, 0.0086, 0.0066, 0.0057, 0.0049, 0.0035, 0.0028]","[0.071, 0.071, 0.012, 0.102, 0.109, 0.13, 0.112, 0.043, 0.327, 0.418]",3000,0.033787913620471954,0.06686371505631873,
17,R0,3240,-0.14567231618988905,0.15580479393440977,0.10237878622606852,-0.04967104936676036,-0.04554274294707316,0.005727428956104435,-0.04511520941062235,0.7571075558662415,0.186994731426239,0.0198779609054327,0.9441022872924805,0.9805395007133484,0.9914756417274475,1,2,3,"[0.7571, 0.187, 0.0199, 0.0119, 0.0046, 0.0028, 0.0023, 0.0023, 0.0018, 0.0017]","[0.146, 0.156, 0.102, 0.157, 0.063, 0.087, 0.009, 0.052, 0.351, 0.013]",3000,0.05091201141476631,0.06218425129067217,
17,R1,3240,0.012275360506443634,-0.1878426515551032,0.08143806657618508,0.011458069995618584,0.06304269639802644,-0.0798976274151355,0.06659854655216288,0.8988046050071716,0.0651949942111969,0.012398360297083855,0.9639996290206909,0.9840361475944519,0.9928660988807678,0,2,2,"[0.8988, 0.0652, 0.0124, 0.0046, 0.003, 0.0026, 0.0018, 0.0016, 0.0014, 0.0014]","[0.012, 0.188, 0.081, 0.054, 0.008, 0.076, 0.169, 0.126, 0.001, 0.172]",3000,0.035162705928087234,0.04763876582279188,
17,R2,3240,0.1349400327615158,0.13041993203958877,-0.03694387097746504,0.03915969407497826,0.07472741173398441,0.009734237801672598,0.1282997737856705,0.9097145199775696,0.06006119027733803,0.01051193568855524,0.9697757363319397,0.9871178269386292,0.9937033653259277,0,1,2,"[0.9097, 0.0601, 0.0105, 0.0041, 0.0028, 0.0016, 0.0016, 0.0014, 0.0011, 0.0008]","[0.135, 0.13, 0.037, 0.004, 0.195, 0.055, 0.059, 0.039, 0.244, 0.055]",3000,0.03401494771242142,0.08881252708106616,
17,R3,3240,0.04674784029531014,0.04983876806197026,0.221606425026067,0.029995975016255363,0.21391961116031608,0.06244411549692444,0.12442889731465688,0.5506625175476074,0.2681507468223572,0.04901551827788353,0.8188132643699646,0.9173058271408081,0.9637073874473572,0,5,8,"[0.5507, 0.2682, 0.049, 0.0268, 0.0227, 0.0129, 0.0118, 0.0106, 0.006, 0.005]","[0.047, 0.05, 0.222, 0.1, 0.135, 0.009, 0.083, 0.061, 0.13, 0.067]",3000,0.1782705932855606,-0.23567785645699083,
17,R4,3240,-0.07444120498571868,-0.05468311324017482,-0.04953865116999767,0.016025288782713705,-0.0961891301016151,-0.07678982618672497,-0.07196893531371154,0.6392032504081726,0.2672432065010071,0.03465678542852402,0.9064464569091797,0.9663447141647339,0.9850622415542603,0,2,4,"[0.6392, 0.2672, 0.0347, 0.0177, 0.0076, 0.0064, 0.0057, 0.0032, 0.0019, 0.0015]","[0.074, 0.055, 0.05, 0.124, 0.007, 0.064, 0.037, 0.054, 0.016, 0.193]",3000,0.02289462834596634,0.24047431985080525,
17,R5,3240,-0.010143503878426243,-0.08644484894337216,0.03264901674603689,0.05067295374591929,0.014979482696927757,0.027523447583859592,-0.01717463497404034,0.64742112159729,0.18336650729179382,0.05210673809051514,0.8307876586914062,0.9554359316825867,0.980510413646698,0,4,5,"[0.6474, 0.1834, 0.0521, 0.0398, 0.0327, 0.0084, 0.006, 0.0043, 0.0034, 0.003]","[0.01, 0.086, 0.033, 0.027, 0.032, 0.07, 0.037, 0.113, 0.054, 0.014]",3000,0.0029000104404985905,0.024143715920703045,
17,R6,3240,0.00603529935698252,0.07421923339745468,-0.07286327132452286,0.05682190801516986,-0.07635863289315738,-0.08271839877139095,-0.022562803152361692,0.8131546974182129,0.060165874660015106,0.05531274899840355,0.8733205795288086,0.9788004755973816,0.9895073771476746,0,3,4,"[0.8132, 0.0602, 0.0553, 0.0378, 0.0124, 0.0036, 0.0028, 0.0016, 0.0015, 0.0013]","[0.006, 0.074, 0.073, 0.018, 0.008, 0.256, 0.179, 0.11, 0.077, 0.105]",3000,0.01905727945268154,0.2653259157441797,
17,R7,3240,0.0089833652002754,0.07988581221846668,-0.09214935396380833,-0.07752166196471817,0.05608827771725795,0.06451014259547339,0.03985182213478136,0.8035039901733398,0.08216695487499237,0.043277494609355927,0.8856709599494934,0.9715518951416016,0.9854248762130737,0,3,4,"[0.8035, 0.0822, 0.0433, 0.0324, 0.0102, 0.0038, 0.0037, 0.0024, 0.0021, 0.0019]","[0.009, 0.08, 0.092, 0.088, 0.072, 0.17, 0.12, 0.164, 0.129, 0.222]",3000,0.023451142013072968,-0.20280736104722005,
17,M0,3000,0.1477053558506044,0.18657744929978773,-0.16327409068388582,-0.03488280809777907,-0.03245149831842208,-0.026352123910324914,0.04090314461039726,0.6343603134155273,0.11713849008083344,0.07186493277549744,0.751498818397522,0.8856401443481445,0.9632570743560791,0,6,9,"[0.6344, 0.1171, 0.0719, 0.0351, 0.0272, 0.0215, 0.0203, 0.0154, 0.0133, 0.0071]","[0.148, 0.187, 0.163, 0.007, 0.062, 0.107, 0.001, 0.035, 0.011, 0.061]",3000,0.056801117956638336,-0.08375009772279093,
17,E0,3240,0.21479487682827195,-0.1586563541994326,0.4132106844454018,-0.023463108403170892,-0.017068265354268943,0.014698110473605423,-0.1575634646623718,0.19680216908454895,0.11432301998138428,0.07179421931505203,0.3111251890659332,0.44641080498695374,0.5375053286552429,1,188,330,"[0.1968, 0.1143, 0.0718, 0.0363, 0.0272, 0.0249, 0.0192, 0.0179, 0.0153, 0.0139]","[0.215, 0.159, 0.413, 0.185, 0.049, 0.066, 0.103, 0.137, 0.149, 0.169]",3000,0.15287695825099945,-0.2882648372241447,
17,MEAN,3000,-0.2223071960366021,-0.5783062351672503,0.18945588883416617,0.0033798411575398347,-0.018106922959523684,-0.007572291993049388,0.09137599904719537,0.195639967918396,0.1417478322982788,0.06655742973089218,0.3373878002166748,0.494657039642334,0.6172320246696472,2,105,223,"[0.1956, 0.1417, 0.0666, 0.0517, 0.039, 0.0355, 0.0265, 0.0222, 0.0204, 0.018]","[0.222, 0.578, 0.189, 0.205, 0.139, 0.058, 0.117, 0.025, 0.313, 0.168]",3000,0.19211019575595856,0.31001567604872543,
18,T0,3240,0.04977330843502775,-0.09298009249182253,0.07757978106775,0.10705783114266632,0.12286503507928684,0.059668880121333645,0.0045091619684118,0.6444870829582214,0.25519421696662903,0.023123957216739655,0.8996813297271729,0.9538361430168152,0.9765233397483826,1,3,5,"[0.6445, 0.2552, 0.0231, 0.0165, 0.0145, 0.0069, 0.0053, 0.0041, 0.0036, 0.0028]","[0.05, 0.093, 0.078, 0.058, 0.077, 0.194, 0.088, 0.432, 0.119, 0.062]",3000,0.05186362564563751,-0.15275075851793632,
18,T1,3240,0.007599885560101728,0.010538637933065477,-0.062400873249210204,0.02979283903182318,0.0777887844893163,0.014067033453838704,0.03919630978440912,0.4454416036605835,0.27531489729881287,0.09199123084545135,0.7207565307617188,0.8659675717353821,0.9262977838516235,2,8,15,"[0.4454, 0.2753, 0.092, 0.0347, 0.0185, 0.0165, 0.0159, 0.0104, 0.0096, 0.0079]","[0.008, 0.011, 0.062, 0.025, 0.106, 0.231, 0.134, 0.223, 0.426, 0.638]",3000,0.04661504179239273,-0.03877387432835131,
18,T2,3240,-0.10842964634525122,-0.020480715107085014,-0.12963270003771288,0.012834052627235757,0.046885127399362334,0.01574105405792627,-0.06378879985117877,0.3229488432407379,0.2574639320373535,0.14401523768901825,0.580412745475769,0.7928532361984253,0.8902503252029419,2,11,24,"[0.3229, 0.2575, 0.144, 0.0353, 0.0331, 0.0263, 0.0209, 0.0187, 0.017, 0.0147]","[0.108, 0.02, 0.13, 0.195, 0.666, 0.101, 0.484, 0.023, 0.269, 0.156]",3000,0.03588808327913284,-0.07080494218599777,
18,T3,3240,-0.0820868209684231,0.0374611841163444,0.05090939203427287,-0.047753695408767026,-0.04508477185522909,-0.01920096865682153,0.012106887536515603,0.6182830929756165,0.23404592275619507,0.059137292206287384,0.8523290157318115,0.9461676478385925,0.9750006198883057,0,3,6,"[0.6183, 0.234, 0.0591, 0.0221, 0.0126, 0.0102, 0.0075, 0.0047, 0.0036, 0.0028]","[0.082, 0.037, 0.051, 0.056, 0.158, 0.094, 0.115, 0.005, 0.136, 0.243]",3000,0.04031405970454216,0.11731981468795726,
18,T4,3240,-0.021822119614454422,0.007478267333314328,-0.08227423856254208,0.043179999580532515,0.007503945241784403,0.016877357655685973,-0.04143837690645089,0.6375624537467957,0.18004575371742249,0.06563156098127365,0.8176082372665405,0.9187254905700684,0.9571487903594971,3,4,9,"[0.6376, 0.18, 0.0656, 0.0214, 0.014, 0.0114, 0.0088, 0.0079, 0.0063, 0.004]","[0.022, 0.007, 0.082, 0.005, 0.278, 0.341, 0.639, 0.611, 0.08, 0.107]",3000,0.05019458010792732,-0.09972075836227134,
18,T5,3240,-0.12541786836710372,0.04238990609463659,0.0009476257026322356,0.023158248653668962,0.034625118177497964,-0.026696702359927847,-0.03494715725522649,0.6060023307800293,0.24966751039028168,0.05577928200364113,0.8556698560714722,0.9483405351638794,0.9748414158821106,1,3,6,"[0.606, 0.2497, 0.0558, 0.0248, 0.0121, 0.0089, 0.0068, 0.005, 0.0033, 0.0025]","[0.125, 0.042, 0.001, 0.016, 0.179, 0.169, 0.073, 0.06, 0.306, 0.041]",3000,0.04020987078547478,0.02213201898044522,
18,T6,3240,-0.1464544155584578,0.013314132189490572,0.03879795488797457,-0.034770767963314304,0.0020522178799216163,-0.05433726963682147,0.03469364047216126,0.5345970988273621,0.30059874057769775,0.06693442910909653,0.8351958394050598,0.9402954578399658,0.970302164554596,0,3,7,"[0.5346, 0.3006, 0.0669, 0.0264, 0.0118, 0.0092, 0.0079, 0.0052, 0.0042, 0.0036]","[0.146, 0.013, 0.039, 0.025, 0.047, 0.071, 0.024, 0.15, 0.111, 0.008]",3000,0.040288425981998444,0.17667844962936846,
18,T7,3240,-0.14818865584717983,-0.0033087698037701217,-0.002668734403437933,-0.033758607421383195,-0.0127485708296463,-0.05286292380357131,-0.0032401659507618327,0.6097792983055115,0.2327318787574768,0.0731339305639267,0.8425111770629883,0.9489351511001587,0.9729986786842346,1,3,6,"[0.6098, 0.2327, 0.0731, 0.0213, 0.012, 0.0077, 0.0062, 0.0042, 0.0037, 0.0023]","[0.148, 0.003, 0.003, 0.095, 0.07, 0.135, 0.022, 0.094, 0.204, 0.849]",3000,0.04035333916544914,0.12649316650829437,
18,T8,3240,-0.0634890148478196,0.014093680261403646,-0.002896033220413908,0.02674686746956568,-0.016491278926139465,-0.004952007484697046,-0.01750860213528974,0.6628559827804565,0.18059760332107544,0.07227885723114014,0.843453586101532,0.9454346299171448,0.971804141998291,2,3,6,"[0.6629, 0.1806, 0.0723, 0.0194, 0.0103, 0.0085, 0.0059, 0.0048, 0.0039, 0.0033]","[0.063, 0.014, 0.003, 0.078, 0.098, 0.067, 0.004, 0.355, 0.804, 0.037]",3000,0.04289659485220909,-0.0026418192470021645,
18,R0,3240,-0.09081317947984124,0.13782487708319002,0.0870013356210577,-0.041738610053718976,-0.0408793500199052,0.003313357746236998,-0.04395143417261099,0.7782239317893982,0.1638169139623642,0.01996968500316143,0.9420408606529236,0.9783892035484314,0.9899792671203613,2,2,3,"[0.7782, 0.1638, 0.02, 0.0115, 0.0049, 0.0031, 0.0027, 0.0022, 0.0018, 0.0018]","[0.091, 0.138, 0.087, 0.207, 0.041, 0.092, 0.06, 0.077, 0.309, 0.444]",3000,0.04945255070924759,0.03604197376656934,
18,R1,3240,-0.02618290770630753,-0.16166987660450036,0.08491300496240789,0.0007468221267168041,0.035399734002991436,-0.09693520459184393,0.05251468408431546,0.8911139369010925,0.0654299408197403,0.014869878068566322,0.9565438628196716,0.9801380634307861,0.9903810024261475,0,2,2,"[0.8911, 0.0654, 0.0149, 0.0049, 0.0038, 0.0031, 0.0019, 0.0019, 0.0018, 0.0016]","[0.026, 0.162, 0.085, 0.077, 0.029, 0.076, 0.086, 0.111, 0.161, 0.034]",3000,0.036012694239616394,0.0905923548253996,
18,R2,3240,0.13187638734801885,0.10924000284051985,-0.017352002702180125,0.03777592276183574,0.07211421522407963,0.009269493343268069,0.12474624641818476,0.8963842391967773,0.06604774296283722,0.012921701185405254,0.9624319672584534,0.9833303093910217,0.9916955828666687,0,2,2,"[0.8964, 0.066, 0.0129, 0.0046, 0.0034, 0.0026, 0.002, 0.0015, 0.0013, 0.0009]","[0.132, 0.109, 0.017, 0.019, 0.227, 0.01, 0.056, 0.101, 0.203, 0.035]",3000,0.03519818186759949,0.09418382368742402,
18,R3,3240,0.02092461571208177,-0.00240088025243867,0.22790010584496664,0.045591508862298416,0.21033980208658135,0.06145750638260164,0.14190353229277433,0.5244120955467224,0.29187312722206116,0.042466264218091965,0.816285252571106,0.9124271869659424,0.9617353081703186,0,5,8,"[0.5244, 0.2919, 0.0425, 0.0298, 0.0239, 0.0151, 0.0124, 0.0111, 0.0058, 0.0049]","[0.021, 0.002, 0.228, 0.142, 0.095, 0.054, 0.051, 0.087, 0.084, 0.106]",3000,0.16180285811424255,-0.20355900501340357,
18,R4,3240,-0.07428550341816924,-0.05394437880857931,-0.01582292940010632,0.02421079095354577,-0.09208470398942323,-0.08629589341992099,-0.04789380538704267,0.6325724124908447,0.2623245418071747,0.03541690856218338,0.8948969841003418,0.9583062529563904,0.9807930588722229,0,3,5,"[0.6326, 0.2623, 0.0354, 0.0184, 0.0096, 0.0077, 0.0062, 0.0037, 0.0029, 0.002]","[0.074, 0.054, 0.016, 0.104, 0.023, 0.068, 0.058, 0.164, 0.256, 0.037]",3000,0.04957197234034538,0.2532463186608359,
18,R5,3240,-0.006342279262000334,-0.09018337752544876,0.043105785002586126,0.06349792554754471,0.024177035890936917,0.014263116665853151,-0.03049473265208301,0.64506596326828,0.18049219250679016,0.0495392344892025,0.8255581855773926,0.9489052891731262,0.976550817489624,0,4,6,"[0.6451, 0.1805, 0.0495, 0.0388, 0.035, 0.01, 0.0058, 0.0047, 0.0037, 0.0034]","[0.006, 0.09, 0.043, 0.043, 0.006, 0.151, 0.053, 0.153, 0.011, 0.069]",3000,0.004874555394053459,0.03728389681938916,
18,R6,3240,-0.0021327235584420873,0.07235673836482723,-0.08560008713897994,0.06236200297110982,-0.07630609574241695,-0.0824694905452155,-0.020367310058962383,0.8186975121498108,0.05618544667959213,0.05259575694799423,0.8748829364776611,0.9759091138839722,0.9876708984375,0,3,4,"[0.8187, 0.0562, 0.0526, 0.0362, 0.0123, 0.0038, 0.0029, 0.0018, 0.0017, 0.0015]","[0.002, 0.072, 0.086, 0.023, 0.002, 0.192, 0.204, 0.077, 0.208, 0.015]",3000,0.02105027064681053,0.26346618304763814,
18,R7,3240,-0.0044566332517865835,-0.04510941868000862,-0.0710464129635572,-0.08217967311476684,0.05557821441100116,0.05837756873430947,0.049799306137656485,0.7745380401611328,0.087571881711483,0.0435575433075428,0.862109899520874,0.9548711180686951,0.977022111415863,1,3,5,"[0.7745, 0.0876, 0.0436, 0.0333, 0.0159, 0.0087, 0.0047, 0.0037, 0.0027, 0.0024]","[0.004, 0.045, 0.071, 0.12, 0.096, 0.466, 0.133, 0.082, 0.059, 0.009]",3000,0.11900809407234192,-0.1634768380875372,
18,M0,3000,0.19229737326204466,0.19856147643942035,-0.14596097353963888,-0.032363055750523104,-0.02055766085198763,0.0052276108114850785,0.04145423584338477,0.6167827248573303,0.11463762074708939,0.07514149695634842,0.7314203381538391,0.8727750182151794,0.9559872150421143,0,7,10,"[0.6168, 0.1146, 0.0751, 0.0404, 0.0258, 0.0237, 0.0219, 0.017, 0.0134, 0.0072]","[0.192, 0.199, 0.146, 0.028, 0.012, 0.073, 0.114, 0.028, 0.018, 0.19]",3000,0.05665058270096779,-0.14596431643430574,
18,E0,3240,0.14644410024337987,-0.18058588646293808,0.398310140374233,-0.045187652273771764,-0.021211213293181524,0.0011658812685486747,-0.14190385625396437,0.18660777807235718,0.11439472436904907,0.0754777267575264,0.30100250244140625,0.44161343574523926,0.5398905873298645,1,194,344,"[0.1866, 0.1144, 0.0755, 0.0332, 0.0319, 0.0237, 0.0221, 0.0215, 0.0172, 0.0138]","[0.146, 0.181, 0.398, 0.073, 0.258, 0.059, 0.024, 0.121, 0.157, 0.256]",3000,0.1506253033876419,-0.22034563049428166,
18,MEAN,3000,-0.23706741764085681,-0.5894274985484863,0.14841322520569156,0.0036360809206806926,-0.018608844880365166,-0.010363238522903728,0.09544184951389952,0.20113886892795563,0.14460919797420502,0.06002657487988472,0.34574806690216064,0.496542751789093,0.6176609396934509,1,106,225,"[0.2011, 0.1446, 0.06, 0.0529, 0.0379, 0.0353, 0.0262, 0.0222, 0.0197, 0.0177]","[0.237, 0.589, 0.148, 0.221, 0.131, 0.027, 0.183, 0.09, 0.269, 0.12]",3000,0.20235782861709595,0.32491337422751204,
19,T0,3240,0.10140968696150265,-0.06650999778233915,0.05331645410350403,0.07688094017759957,0.132696377462902,0.020497397718721198,0.039554220277796245,0.6530680060386658,0.24478980898857117,0.022109709680080414,0.8978577852249146,0.9505114555358887,0.975636899471283,1,3,5,"[0.6531, 0.2448, 0.0221, 0.0162, 0.0144, 0.0074, 0.0059, 0.0051, 0.0037, 0.003]","[0.101, 0.067, 0.053, 0.104, 0.032, 0.258, 0.179, 0.371, 0.022, 0.141]",3000,0.0500730499625206,-0.16981184802103616,
19,T1,3240,0.0660954919405873,-0.01107458331505564,-0.03414821583495046,0.017623000933121094,0.07050705895627744,0.033330185934282566,0.00981754687249967,0.4306229054927826,0.2748129963874817,0.08740326017141342,0.7054358720779419,0.8511018753051758,0.9172570109367371,1,9,17,"[0.4306, 0.2748, 0.0874, 0.0368, 0.0215, 0.0175, 0.0163, 0.0132, 0.0098, 0.0093]","[0.066, 0.011, 0.034, 0.135, 0.172, 0.096, 0.026, 0.206, 0.182, 0.703]",3000,0.04730480536818504,-0.09596915892384672,
19,T2,3240,-0.1653063886703826,-0.04586901815616308,-0.10901294820212121,0.01478464245105877,0.061736054491260885,0.004306325319878844,-0.0037845811390287898,0.365283340215683,0.2214413434267044,0.1372460126876831,0.5867246985435486,0.7905522584915161,0.8873651623725891,3,12,25,"[0.3653, 0.2214, 0.1372, 0.035, 0.0316, 0.0243, 0.022, 0.0206, 0.0173, 0.0125]","[0.165, 0.046, 0.109, 0.382, 0.65, 0.044, 0.023, 0.413, 0.045, 0.274]",3000,0.03138061985373497,-0.04670665627945045,
19,T3,3240,-0.12395877869192334,0.029340305329017827,0.03970966074982473,-0.04692953497933168,-0.047185254897895865,-0.041056683053560916,0.028017084850780926,0.6148838400840759,0.23039300739765167,0.057561736553907394,0.8452768325805664,0.9409713745117188,0.9710885882377625,1,3,6,"[0.6149, 0.2304, 0.0576, 0.0249, 0.0133, 0.0101, 0.0079, 0.005, 0.004, 0.0032]","[0.124, 0.029, 0.04, 0.077, 0.194, 0.152, 0.082, 0.015, 0.105, 0.326]",3000,0.039492275565862656,0.16497292817969364,
19,T4,3240,0.022365984273712714,-0.006599450522455236,-0.13382748411822953,0.05164426504937577,0.009735572874040387,0.02508850253495843,-0.04230045898769501,0.6418485045433044,0.1706022173166275,0.06341435760259628,0.8124507069587708,0.914930522441864,0.9541208148002625,3,4,10,"[0.6418, 0.1706, 0.0634, 0.0242, 0.0148, 0.011, 0.0096, 0.0078, 0.0062, 0.0046]","[0.022, 0.007, 0.134, 0.057, 0.273, 0.441, 0.631, 0.179, 0.11, 0.515]",3000,0.05195562168955803,-0.12395062362222307,
19,T5,3240,-0.13045766014991875,-0.004467501914848025,-0.00963287859821858,0.015525422582751422,0.011089477159847415,-0.016534439828084495,-0.021422123539776433,0.6039270162582397,0.24858726561069489,0.05500686168670654,0.8525142669677734,0.9462401866912842,0.9729993939399719,1,3,6,"[0.6039, 0.2486, 0.055, 0.0267, 0.012, 0.0091, 0.0069, 0.0048, 0.0033, 0.0027]","[0.13, 0.004, 0.01, 0.082, 0.175, 0.193, 0.061, 0.019, 0.229, 0.412]",3000,0.038607727736234665,0.06690223795042534,
19,T6,3240,-0.1430386841360174,-0.001425783010832615,0.010916341086757932,-0.04355034416575979,-0.009112568425716503,-0.06303777027168694,0.041361875092664174,0.5210566520690918,0.3124998211860657,0.06482800841331482,0.8335564732551575,0.9371486306190491,0.9674813747406006,0,4,7,"[0.5211, 0.3125, 0.0648, 0.0271, 0.0117, 0.0098, 0.0078, 0.0048, 0.0043, 0.0037]","[0.143, 0.001, 0.011, 0.025, 0.064, 0.102, 0.055, 0.061, 0.135, 0.092]",3000,0.04155164211988449,0.17716220874673297,
19,T7,3240,-0.1911825323763544,-0.028733953427434508,-0.04298493109652078,-0.03242194161403135,-0.015022618292844042,-0.07386401433892828,-0.015182516685500644,0.6149027347564697,0.22247715294361115,0.07365894317626953,0.8373798727989197,0.9455548524856567,0.970786452293396,1,3,6,"[0.6149, 0.2225, 0.0737, 0.0222, 0.0123, 0.0077, 0.0065, 0.0042, 0.0038, 0.003]","[0.191, 0.029, 0.043, 0.115, 0.007, 0.147, 0.038, 0.153, 0.123, 0.778]",3000,0.04008138179779053,0.1601383720631247,
19,T8,3240,-0.0705487511887324,0.012036632149960457,-0.004804304722980714,0.031024586305783555,-0.024434450155177378,-0.018547220350158617,-0.014110562840832988,0.6806644797325134,0.16545744240283966,0.06958170235157013,0.8461219072341919,0.9457209706306458,0.971407413482666,2,3,6,"[0.6807, 0.1655, 0.0696, 0.0189, 0.0111, 0.0078, 0.0059, 0.0049, 0.0038, 0.0033]","[0.071, 0.012, 0.005, 0.067, 0.144, 0.048, 0.05, 0.411, 0.799, 0.088]",3000,0.041107915341854095,0.009493114614903807,
19,R0,3240,-0.039307046214147004,0.1294801266259955,-0.07874273821587889,-0.045548224608989656,-0.02125948175145071,0.0011882023391155956,-0.041184319500380664,0.8210268020629883,0.125024676322937,0.018143072724342346,0.9460514783859253,0.9791054129600525,0.9904693961143494,1,2,3,"[0.821, 0.125, 0.0181, 0.01, 0.0049, 0.0033, 0.0026, 0.002, 0.0019, 0.0016]","[0.039, 0.129, 0.079, 0.172, 0.036, 0.009, 0.04, 0.115, 0.167, 0.377]",3000,0.04578983411192894,-0.016225481742389927,
19,R1,3240,-0.02322726580009843,0.1407705473132933,0.06769717806161879,-0.014340534117262889,0.009184759852288695,-0.10372197626818869,0.051963927570545694,0.8771565556526184,0.06956687569618225,0.016330145299434662,0.946723461151123,0.9762808680534363,0.9880015850067139,0,2,3,"[0.8772, 0.0696, 0.0163, 0.0083, 0.005, 0.0033, 0.0025, 0.0021, 0.0019, 0.0019]","[0.023, 0.141, 0.068, 0.057, 0.067, 0.121, 0.175, 0.114, 0.11, 0.006]",3000,0.036376021802425385,0.11108445061366996,
19,R2,3240,0.13483527245423255,0.11611013126713389,-0.00141257713820896,0.034199173724254656,0.04822554204046837,0.015102112995986837,0.12441585494954312,0.8776528835296631,0.0773940458893776,0.015137700363993645,0.9550469517707825,0.9794153571128845,0.9895517230033875,0,2,2,"[0.8777, 0.0774, 0.0151, 0.0054, 0.0038, 0.0036, 0.0023, 0.0017, 0.0015, 0.0011]","[0.135, 0.116, 0.001, 0.064, 0.242, 0.192, 0.064, 0.086, 0.111, 0.017]",3000,0.03646048158407211,0.1040872978039501,
19,R3,3240,0.01923582990382064,-0.02437042296737804,0.13889574342462024,0.055433386789131345,0.2072783745088646,0.04268094927295372,0.18008209771849068,0.5141303539276123,0.3093584477901459,0.03899183124303818,0.8234888315200806,0.9169701933860779,0.9652948379516602,0,5,8,"[0.5141, 0.3094, 0.039, 0.0323, 0.0222, 0.0152, 0.0139, 0.0099, 0.0049, 0.0044]","[0.019, 0.024, 0.139, 0.283, 0.067, 0.078, 0.05, 0.101, 0.065, 0.075]",3000,0.14556771516799927,-0.18069183099983324,
19,R4,3240,0.07377002147585328,-0.06912448442942791,-0.04107412598711413,-0.03713921052237762,0.09091472000935963,0.08805079601357421,0.03293326239949057,0.6611282825469971,0.2302376627922058,0.03454959765076637,0.8913659453392029,0.9572150111198425,0.9803456664085388,0,3,5,"[0.6611, 0.2302, 0.0345, 0.0214, 0.0099, 0.008, 0.0066, 0.0036, 0.0026, 0.0023]","[0.074, 0.069, 0.041, 0.089, 0.06, 0.041, 0.007, 0.142, 0.271, 0.078]",3000,0.04762459918856621,-0.2697709123890986,
19,R5,3240,-0.02456350578217128,-0.09312778096648347,0.009191690300793531,0.07466613847451974,-0.02059642399348041,-0.042956526715341545,-0.05600059831832546,0.6505722403526306,0.17544658482074738,0.05475156009197235,0.8260188102722168,0.9508446455001831,0.9774839282035828,0,4,5,"[0.6506, 0.1754, 0.0548, 0.0363, 0.0338, 0.0096, 0.0053, 0.0045, 0.0036, 0.0035]","[0.025, 0.093, 0.009, 0.047, 0.02, 0.099, 0.017, 0.159, 0.026, 0.04]",3000,0.005706667434424162,0.15391911953125842,
19,R6,3240,-0.029374057827948503,0.058787464269446504,-0.09864472151618604,0.05347733290629579,-0.09078034814647296,-0.0761973700565935,-0.02816336553208494,0.820556104183197,0.05927495285868645,0.04787604883313179,0.879831075668335,0.9750812649726868,0.9876220226287842,1,3,4,"[0.8206, 0.0593, 0.0479, 0.0355, 0.0118, 0.0041, 0.0029, 0.0022, 0.0017, 0.0017]","[0.029, 0.059, 0.099, 0.016, 0.014, 0.08, 0.212, 0.144, 0.378, 0.092]",3000,0.02237704023718834,0.290496983729812,
19,R7,3240,0.027383854712528414,-0.04290878678879138,-0.07326201999138852,-0.0788524740726984,0.06387569140783277,0.07091671154357193,0.053032925410602935,0.7868346571922302,0.07499320805072784,0.04108565300703049,0.8618278503417969,0.9559294581413269,0.9772264957427979,1,3,5,"[0.7868, 0.075, 0.0411, 0.0373, 0.0158, 0.007, 0.0047, 0.0041, 0.0031, 0.0024]","[0.027, 0.043, 0.073, 0.12, 0.036, 0.52, 0.127, 0.07, 0.059, 0.014]",3000,0.10825225710868835,-0.18849615250342158,
19,M0,3000,0.24532273807870797,-0.2041934161971405,-0.16029784669935218,-0.03135426723473498,-0.00771028677573392,0.0009472421965355298,0.05476250534822035,0.6100974082946777,0.12196356803178787,0.0777411013841629,0.732060968875885,0.8861058354377747,0.9601392149925232,0,6,9,"[0.6101, 0.122, 0.0777, 0.0522, 0.0241, 0.0213, 0.0194, 0.0148, 0.0107, 0.0078]","[0.245, 0.204, 0.16, 0.05, 0.127, 0.047, 0.08, 0.028, 0.048, 0.063]",3000,0.06404409557580948,-0.14863716181076414,
19,E0,3240,0.11065587231705336,-0.17818820682000105,0.3938608070257881,-0.051191429577561474,-0.030945341732014117,-0.006428478196339386,-0.1311733760731017,0.18684597313404083,0.1340121179819107,0.07468286901712418,0.32085809111595154,0.4566049575805664,0.5501385927200317,2,186,331,"[0.1868, 0.134, 0.0747, 0.0337, 0.0274, 0.0225, 0.0209, 0.0198, 0.0162, 0.014]","[0.111, 0.178, 0.394, 0.326, 0.03, 0.092, 0.033, 0.097, 0.18, 0.272]",3000,0.15253403782844543,-0.17764888866455403,
19,MEAN,3000,-0.26095594794043303,-0.5910862478820126,-0.18976225114207854,0.004092397001481457,-0.019958172339868935,-0.011786211757201766,0.09255605487231017,0.20631150901317596,0.15066157281398773,0.058637529611587524,0.3569730818271637,0.5070675611495972,0.6262808442115784,1,100,212,"[0.2063, 0.1507, 0.0586, 0.0538, 0.0376, 0.0344, 0.0255, 0.022, 0.0197, 0.0175]","[0.261, 0.591, 0.19, 0.119, 0.077, 0.046, 0.214, 0.094, 0.227, 0.134]",3000,0.20620623230934143,0.34247827487075067,
20,T0,3240,0.11713804327531817,-0.06443761537082757,0.06784029475308434,0.07728443949457162,0.11817115482916202,0.003352982722763287,0.06726775232787521,0.6719158291816711,0.22898170351982117,0.022027090191841125,0.9008975028991699,0.9530577659606934,0.9771154522895813,1,2,5,"[0.6719, 0.229, 0.022, 0.0163, 0.0138, 0.007, 0.0056, 0.0047, 0.0037, 0.003]","[0.117, 0.064, 0.068, 0.09, 0.011, 0.246, 0.119, 0.348, 0.023, 0.042]",3000,0.04865845665335655,-0.15064265537628999,
20,T1,3240,0.051677798971045734,-0.0053340381780041905,0.014855632886164918,-0.008830668651298258,0.06563072860268518,0.05778615123228063,-0.02247675754564438,0.3848782777786255,0.2619346082210541,0.10985946655273438,0.646812915802002,0.8211820125579834,0.9003342390060425,0,10,20,"[0.3849, 0.2619, 0.1099, 0.0412, 0.0233, 0.0199, 0.0187, 0.0159, 0.0133, 0.0114]","[0.052, 0.005, 0.015, 0.102, 0.109, 0.068, 0.013, 0.15, 0.038, 0.151]",3000,0.03200994431972504,-0.11115080144980263,
20,T2,3240,0.14940448411563406,-0.05880476780413276,-0.017544609566642014,0.017742444936098025,-0.03922625964852409,-0.020607303977867933,-0.02971965733384703,0.42808839678764343,0.14374324679374695,0.09941963106393814,0.5718316435813904,0.7636075019836426,0.8650736212730408,4,15,32,"[0.4281, 0.1437, 0.0994, 0.0627, 0.0297, 0.0263, 0.0227, 0.0194, 0.0175, 0.0156]","[0.149, 0.059, 0.018, 0.079, 0.419, 0.39, 0.288, 0.505, 0.242, 0.373]",3000,0.028143972158432007,0.013765106961753268,
20,T3,3240,-0.08647873056831724,0.03916720269948292,0.045179064427045425,-0.035953750629480516,-0.028720916871065257,-0.05170095073062725,0.019097444734353757,0.6849581003189087,0.18852068483829498,0.04711312800645828,0.8734787702560425,0.9525108337402344,0.9770917892456055,1,3,5,"[0.685, 0.1885, 0.0471, 0.021, 0.0109, 0.0082, 0.0067, 0.0041, 0.0032, 0.0024]","[0.086, 0.039, 0.045, 0.113, 0.192, 0.131, 0.09, 0.023, 0.02, 0.301]",3000,0.03856421262025833,0.13869849844043128,
20,T4,3240,0.005916701285664806,-0.00837669479183014,-0.11289394585487095,0.05205686799978862,0.011623544076504202,0.009210036428446207,-0.018630921788925513,0.6367900967597961,0.14945290982723236,0.07357693463563919,0.7862430214881897,0.9054852724075317,0.947935938835144,2,5,11,"[0.6368, 0.1495, 0.0736, 0.0257, 0.02, 0.0107, 0.01, 0.009, 0.0074, 0.0055]","[0.006, 0.008, 0.113, 0.041, 0.164, 0.783, 0.296, 0.068, 0.197, 0.515]",3000,0.04881294071674347,-0.08403202854880389,
20,T5,3240,-0.1667128831418903,0.019100429036027624,0.0012002481598325366,-0.022554512600175554,-0.035721759733581784,-0.04679997305276909,-0.009976526283770023,0.624107301235199,0.2367352992296219,0.05193391069769859,0.8608425855636597,0.9488005042076111,0.9752398729324341,1,3,6,"[0.6241, 0.2367, 0.0519, 0.0252, 0.0108, 0.009, 0.0071, 0.0046, 0.0032, 0.0025]","[0.167, 0.019, 0.001, 0.11, 0.185, 0.187, 0.009, 0.081, 0.048, 0.567]",3000,0.038435228168964386,0.18822817656374338,
20,T6,3240,-0.17666770608893087,-0.028750625289768406,-0.03427809833999689,0.024181899065742914,0.05815738352207772,-0.07145089637983856,0.015548583742718615,0.5200189352035522,0.30445361137390137,0.06852204352617264,0.8244725465774536,0.9342002272605896,0.967751681804657,0,4,7,"[0.52, 0.3045, 0.0685, 0.0289, 0.0123, 0.0118, 0.0088, 0.0051, 0.0042, 0.0036]","[0.177, 0.029, 0.034, 0.117, 0.158, 0.014, 0.053, 0.053, 0.15, 0.262]",3000,0.0386713370680809,0.101846046370618,
20,T7,3240,-0.21192066290008313,-0.02953987255962787,-0.030819180753830087,-0.031499177388413874,-0.022533811368718615,-0.06534870330000386,-0.012299947632979749,0.6110111474990845,0.22834251821041107,0.07293740659952164,0.8393536806106567,0.9462311267852783,0.9718132019042969,1,3,6,"[0.611, 0.2283, 0.0729, 0.0218, 0.0121, 0.0079, 0.0064, 0.0043, 0.0041, 0.0029]","[0.212, 0.03, 0.031, 0.158, 0.021, 0.188, 0.046, 0.226, 0.235, 0.725]",3000,0.039989084005355835,0.15891859702722377,
20,T8,3240,-0.058302192731490926,0.011591358597501163,-0.03135925032520164,0.03034917410084355,-0.023450939989022406,-0.015008042834714502,0.00015236350996793483,0.6791220307350159,0.16048197448253632,0.06980085372924805,0.8396040201187134,0.940382182598114,0.969875693321228,2,3,7,"[0.6791, 0.1605, 0.0698, 0.0203, 0.0106, 0.0085, 0.007, 0.0055, 0.0045, 0.004]","[0.058, 0.012, 0.031, 0.05, 0.2, 0.029, 0.1, 0.396, 0.019, 0.643]",3000,0.03604644164443016,0.031801049848697284,
20,R0,3240,0.025466566986527463,0.10831779100087871,-0.08766104004410943,0.0479770645269698,0.011520600937208017,-0.006003684053380567,0.015722482727573053,0.8028766512870789,0.14154715836048126,0.017933066934347153,0.9444237947463989,0.977628767490387,0.9897075891494751,0,2,3,"[0.8029, 0.1415, 0.0179, 0.0099, 0.0054, 0.0031, 0.003, 0.0022, 0.002, 0.0017]","[0.025, 0.108, 0.088, 0.169, 0.038, 0.114, 0.088, 0.149, 0.036, 0.041]",3000,0.048210546374320984,0.021902025203331208,
20,R1,3240,-0.023593045851460076,0.12178486468760581,-0.008590766506098683,0.017539529774090235,0.046147489254895924,-0.09794699471301445,0.022214554393629175,0.8583729267120361,0.07388585805892944,0.018363378942012787,0.9322587847709656,0.9702463150024414,0.9835602641105652,0,2,3,"[0.8584, 0.0739, 0.0184, 0.0132, 0.0064, 0.0039, 0.0026, 0.0024, 0.0023, 0.0021]","[0.024, 0.122, 0.009, 0.086, 0.15, 0.111, 0.146, 0.004, 0.201, 0.107]",3000,0.03820599243044853,0.10226093985570049,
20,R2,3240,0.14842120945231874,0.12318303280292656,-0.0029038286470433813,0.060785627758050076,0.03736826320298964,0.0299133711681031,0.10925764795373102,0.8513083457946777,0.08882791548967361,0.01728491485118866,0.9401362538337708,0.9707704186439514,0.9840559363365173,0,2,3,"[0.8513, 0.0888, 0.0173, 0.0085, 0.0049, 0.0042, 0.0029, 0.0023, 0.0021, 0.0018]","[0.148, 0.123, 0.003, 0.06, 0.069, 0.115, 0.018, 0.011, 0.106, 0.176]",3000,0.03708312660455704,0.0781174721534926,
20,R3,3240,-0.025846244618895856,0.05942235815566518,-0.25088461111085164,0.05870505200969472,0.1830088899539559,0.03319339859419115,0.20089925198317046,0.4425622820854187,0.28694725036621094,0.056873928755521774,0.7295095324516296,0.8546762466430664,0.9327656030654907,0,8,14,"[0.4426, 0.2869, 0.0569, 0.0346, 0.0337, 0.0295, 0.0154, 0.0133, 0.0124, 0.0075]","[0.026, 0.059, 0.251, 0.187, 0.049, 0.143, 0.012, 0.016, 0.032, 0.107]",3000,0.23547431826591492,-0.12135510764885335,
20,R4,3240,0.06666249876375792,-0.05812682389719101,-0.010855382473141892,-0.04521660923339429,0.09473962402855768,0.09713080890951335,0.032631264357154625,0.6707767844200134,0.2066488265991211,0.038085900247097015,0.8774256110191345,0.9521324038505554,0.9768211841583252,0,3,5,"[0.6708, 0.2066, 0.0381, 0.0252, 0.0114, 0.009, 0.0071, 0.0037, 0.0026, 0.0023]","[0.067, 0.058, 0.011, 0.003, 0.089, 0.048, 0.004, 0.101, 0.242, 0.111]",3000,0.04131244495511055,-0.28428793053680834,
20,R5,3240,0.030282242824336218,-0.09285647319123358,-0.004888465616931488,0.044405260054837505,0.03596570682617333,0.008858637410192776,-0.007314047467719631,0.6617473363876343,0.17827746272087097,0.04673391580581665,0.8400248289108276,0.9510155916213989,0.9772104620933533,0,4,5,"[0.6617, 0.1783, 0.0467, 0.034, 0.0302, 0.0088, 0.0056, 0.0046, 0.0037, 0.0035]","[0.03, 0.093, 0.005, 0.036, 0.05, 0.122, 0.001, 0.157, 0.052, 0.111]",3000,0.007596976589411497,-0.06153452920972467,
20,R6,3240,-0.0374006501886434,-0.04213588944450488,-0.10217059733462384,0.05697737031612621,-0.08151403081876199,-0.0793101700443254,-0.03794498720751377,0.8325896263122559,0.054269541054964066,0.04177228361368179,0.8868591785430908,0.9739089012145996,0.9872399568557739,0,3,4,"[0.8326, 0.0543, 0.0418, 0.0342, 0.0111, 0.0043, 0.0033, 0.0022, 0.0018, 0.0017]","[0.037, 0.042, 0.102, 0.033, 0.028, 0.116, 0.173, 0.033, 0.031, 0.025]",3000,0.022911163046956062,0.2909677171594948,
20,R7,3240,-0.014520486124251962,0.04174893826468377,0.041048927962474654,0.06270623805699838,-0.06154517978805591,-0.07309460439223571,-0.031119083544575953,0.7820665240287781,0.06266999989748001,0.04447275400161743,0.8447365164756775,0.9472219347953796,0.972492516040802,2,4,6,"[0.7821, 0.0627, 0.0445, 0.035, 0.0231, 0.0076, 0.0062, 0.0045, 0.004, 0.0029]","[0.015, 0.042, 0.041, 0.101, 0.037, 0.407, 0.6, 0.038, 0.01, 0.043]",3000,0.09216854721307755,0.22416858300414824,
20,M0,3000,0.2154996654340334,-0.23814118790333474,-0.16991097329046606,-0.014733580621198911,-0.009553111014709915,0.001855423967333134,0.030480653474834404,0.5916742086410522,0.12146805971860886,0.07453809678554535,0.7131422758102417,0.8689488172531128,0.9484941363334656,0,7,11,"[0.5917, 0.1215, 0.0745, 0.0498, 0.0314, 0.0237, 0.0222, 0.0151, 0.0107, 0.0078]","[0.215, 0.238, 0.17, 0.048, 0.05, 0.01, 0.223, 0.031, 0.036, 0.068]",3000,0.0562857910990715,-0.18891187681544647,
20,E0,3240,0.07053235689573316,-0.17805781121934805,0.3956248701901501,-0.054448371282576964,-0.0324243646969586,-0.008686286796478841,-0.1191726564806094,0.18904297053813934,0.13551387190818787,0.07106611132621765,0.324556827545166,0.45190873742103577,0.5399687886238098,2,188,331,"[0.189, 0.1355, 0.0711, 0.0321, 0.0242, 0.0211, 0.0202, 0.0187, 0.0148, 0.0133]","[0.071, 0.178, 0.396, 0.337, 0.006, 0.096, 0.133, 0.114, 0.147, 0.286]",3000,0.15258723497390747,-0.13113868100065787,
20,MEAN,3000,-0.10237423763156943,-0.6525012886051663,-0.17484289217500887,0.0026802773543577584,-0.013608373474154728,-0.011186482603386515,0.08004843588659273,0.2651689946651459,0.14289429783821106,0.056271761655807495,0.40806329250335693,0.542688250541687,0.6574684381484985,2,88,193,"[0.2652, 0.1429, 0.0563, 0.0459, 0.0325, 0.0316, 0.0242, 0.023, 0.0211, 0.015]","[0.102, 0.653, 0.175, 0.107, 0.047, 0.13, 0.312, 0.161, 0.056, 0.092]",3000,0.18997931480407715,0.21498027423407598,
21,T0,3240,0.10147133370988339,-0.06134131076916725,0.062035988478675363,0.03196120395286175,0.06293377242500645,0.016442492415515386,0.06726086065735498,0.6676801443099976,0.221406027674675,0.026371419429779053,0.8890861868858337,0.9464271068572998,0.9740086793899536,0,3,6,"[0.6677, 0.2214, 0.0264, 0.0173, 0.0137, 0.0093, 0.0063, 0.0051, 0.0038, 0.0031]","[0.101, 0.061, 0.062, 0.121, 0.109, 0.259, 0.18, 0.27, 0.005, 0.162]",3000,0.04757517948746681,-0.024096544803234313,
21,T1,3240,0.03769937813880178,0.009817698879741174,0.024101898255992616,-0.003904101627014156,0.08968854269403899,0.06516619947715006,-0.025914159193886573,0.36395078897476196,0.25086522102355957,0.11444976180791855,0.6148160099983215,0.7981343269348145,0.8824570178985596,3,12,23,"[0.364, 0.2509, 0.1144, 0.0437, 0.0252, 0.0215, 0.0199, 0.0161, 0.0137, 0.0131]","[0.038, 0.01, 0.024, 0.164, 0.24, 0.211, 0.057, 0.408, 0.613, 0.349]",3000,0.04500763863325119,-0.16010625776540865,
21,T2,3240,-0.10589769639832457,-0.11068817955037383,0.00412385907489606,-0.016085767243911173,0.030085673566380037,0.02535189695086875,0.07441982427990286,0.41357383131980896,0.12816306948661804,0.0988800972700119,0.541736900806427,0.7431908249855042,0.8576685190200806,2,16,34,"[0.4136, 0.1282, 0.0989, 0.057, 0.0456, 0.0336, 0.0258, 0.02, 0.0181, 0.017]","[0.106, 0.111, 0.004, 0.464, 0.64, 0.252, 0.056, 0.135, 0.113, 0.024]",3000,0.05231701582670212,-0.025930161486166153,
21,T3,3240,-0.17043332086175902,0.05560962264516421,0.014953413662089545,0.020650872482981013,0.033267109584675804,-0.014476184934672032,-0.006287356140577463,0.6873166561126709,0.18995751440525055,0.04617143049836159,0.8772741556167603,0.9543918967247009,0.977830171585083,0,3,5,"[0.6873, 0.19, 0.0462, 0.019, 0.0119, 0.007, 0.0058, 0.0047, 0.0037, 0.0022]","[0.17, 0.056, 0.015, 0.103, 0.211, 0.108, 0.095, 0.109, 0.121, 0.253]",3000,0.04022706672549248,0.13900268209869543,
21,T4,3240,0.030438880326971597,-0.004954441899050042,-0.0721210284180981,0.019463445145108792,0.0018125363040537323,-0.020942338332251,-0.026418831443594977,0.6041598916053772,0.14568085968494415,0.08717271685600281,0.7498407363891602,0.8881598114967346,0.9388681650161743,2,6,13,"[0.6042, 0.1457, 0.0872, 0.0291, 0.0221, 0.0169, 0.0098, 0.0092, 0.008, 0.0068]","[0.03, 0.005, 0.072, 0.072, 0.592, 0.623, 0.035, 0.243, 0.061, 0.262]",3000,0.056261371821165085,-0.07722233288661991,
21,T5,3240,-0.17593518363483268,0.015203833376647033,-0.027033757536182878,0.024628643691887296,0.07491869273382674,0.0045237341605144045,-0.015282901227833502,0.6190963983535767,0.23774807155132294,0.059129748493433,0.8568444848060608,0.9512952566146851,0.9761602878570557,0,3,5,"[0.6191, 0.2377, 0.0591, 0.024, 0.0113, 0.008, 0.0064, 0.0046, 0.0036, 0.0022]","[0.176, 0.015, 0.027, 0.046, 0.257, 0.146, 0.018, 0.001, 0.039, 0.185]",3000,0.03726872429251671,0.14415883057255324,
21,T6,3240,0.1836552347973382,0.02088302888330617,0.036910249432756115,-0.011467699523654156,-0.03993530636684705,0.013829065279373255,0.0005224342786189697,0.5753544569015503,0.24369283020496368,0.08924531191587448,0.8190472722053528,0.9429311156272888,0.9720709919929504,0,3,6,"[0.5754, 0.2437, 0.0892, 0.0234, 0.0112, 0.0096, 0.0075, 0.005, 0.0042, 0.0028]","[0.184, 0.021, 0.037, 0.09, 0.215, 0.124, 0.092, 0.067, 0.126, 0.166]",3000,0.03868674859404564,-0.1895086372772177,
21,T7,3240,-0.19423288877651734,-0.038780242674821504,-0.061583503374659426,0.022108290676242776,0.05888055190306742,-0.02441815067309265,-0.004943633669741248,0.6477788090705872,0.201393261551857,0.0778389424085617,0.849172055721283,0.9565773606300354,0.9769505262374878,1,3,5,"[0.6478, 0.2014, 0.0778, 0.0185, 0.0111, 0.0058, 0.0053, 0.0039, 0.003, 0.0023]","[0.194, 0.039, 0.062, 0.158, 0.108, 0.144, 0.033, 0.037, 0.235, 0.563]",3000,0.03704973682761192,0.16398940451012986,
21,T8,3240,-0.08686550305193558,0.032342813545244146,0.0003890406717991851,0.04746349744283462,0.05920600816048465,0.011987799871852625,0.015901104382983523,0.7055082321166992,0.16810466349124908,0.05381275340914726,0.8736128807067871,0.9521120190620422,0.9764392375946045,1,3,5,"[0.7055, 0.1681, 0.0538, 0.0167, 0.008, 0.0063, 0.0056, 0.0047, 0.0043, 0.0035]","[0.087, 0.032, 0.0, 0.033, 0.283, 0.105, 0.039, 0.246, 0.265, 0.715]",3000,0.04019007831811905,0.047386919280857774,
21,R0,3240,-0.012101129334434546,0.09462377415072583,0.09503368340981509,0.08339834945909921,0.07437385408946746,-0.0013505380637035614,0.010793164215028926,0.8121781945228577,0.13282454013824463,0.018055330961942673,0.9450027346611023,0.9776509404182434,0.989168107509613,0,2,3,"[0.8122, 0.1328, 0.0181, 0.0089, 0.0057, 0.0031, 0.0027, 0.0023, 0.0018, 0.0016]","[0.012, 0.095, 0.095, 0.196, 0.027, 0.237, 0.113, 0.12, 0.171, 0.15]",3000,0.0485013946890831,0.04283314271895553,
21,R1,3240,0.00029267354628027115,0.10283494270179255,-0.005080322309065953,0.022955654905850845,0.058676300389476486,-0.06920316439947216,-0.0010012451522995246,0.8504922389984131,0.07293926179409027,0.0196829903870821,0.9234315156936646,0.9644726514816284,0.9800119996070862,1,2,4,"[0.8505, 0.0729, 0.0197, 0.0149, 0.0065, 0.0042, 0.0039, 0.0027, 0.0025, 0.0023]","[0.0, 0.103, 0.005, 0.069, 0.185, 0.675, 0.091, 0.031, 0.216, 0.017]",3000,0.03838616609573364,0.07287745110341941,
21,R2,3240,0.1380974306232747,0.1383991838956762,0.014205505545978086,0.03838719754792797,0.01874701981408482,0.05337367444076107,0.06820664761290769,0.8432963490486145,0.09111817926168442,0.01886809431016445,0.9344145059585571,0.9678930640220642,0.9817973375320435,0,2,3,"[0.8433, 0.0911, 0.0189, 0.0088, 0.0059, 0.0042, 0.0032, 0.0025, 0.0022, 0.0019]","[0.138, 0.138, 0.014, 0.01, 0.058, 0.141, 0.019, 0.053, 0.272, 0.189]",3000,0.03673993796110153,0.07371741427236303,
21,R3,3240,-0.04774604604059643,0.12385164731576288,-0.2727308848843871,0.058203101481818766,0.156936270764436,0.04365542944161995,0.19463998345959113,0.4339868724346161,0.28016945719718933,0.0680115669965744,0.7141563296318054,0.8530561327934265,0.9299922585487366,0,8,15,"[0.434, 0.2802, 0.068, 0.0359, 0.0349, 0.0285, 0.0145, 0.014, 0.0125, 0.0074]","[0.048, 0.124, 0.273, 0.17, 0.052, 0.119, 0.026, 0.027, 0.021, 0.113]",3000,0.264132022857666,-0.09725930353122407,
21,R4,3240,0.06180207261993515,-0.05652468129957437,0.007481144175862732,-0.04405881400392344,0.07159037845564371,0.07168120268510496,0.022966967577332246,0.671483039855957,0.19274084270000458,0.04155343025922775,0.8642238974571228,0.9495142698287964,0.9752376079559326,1,3,6,"[0.6715, 0.1927, 0.0416, 0.0326, 0.0111, 0.0089, 0.007, 0.0041, 0.0031, 0.0026]","[0.062, 0.057, 0.007, 0.006, 0.082, 0.059, 0.033, 0.258, 0.307, 0.111]",3000,0.05789857357740402,-0.27317221191889984,
21,R5,3240,0.0069800588274396705,0.09262854096484884,0.01579836831266846,0.04455442381778738,0.04102126315743011,-0.009369297211976471,0.0071580705650533425,0.6690532565116882,0.1752767562866211,0.049313392490148544,0.8443300127983093,0.9522731900215149,0.9764774441719055,0,4,5,"[0.6691, 0.1753, 0.0493, 0.0315, 0.0272, 0.0082, 0.0052, 0.0041, 0.0034, 0.0033]","[0.007, 0.093, 0.016, 0.02, 0.058, 0.253, 0.065, 0.095, 0.027, 0.11]",3000,0.009713255800306797,-0.007857429502578284,
21,R6,3240,-0.022454301214432048,-0.04538588391327228,-0.07877542556600745,0.0729196424292707,-0.05490903729313599,-0.08470830920586224,-0.04654268751697794,0.8454219698905945,0.05235928297042847,0.03763853386044502,0.897781252861023,0.9751445055007935,0.9876057505607605,0,3,4,"[0.8454, 0.0524, 0.0376, 0.0294, 0.0103, 0.0038, 0.0032, 0.0021, 0.0017, 0.0017]","[0.022, 0.045, 0.079, 0.06, 0.036, 0.265, 0.133, 0.032, 0.054, 0.154]",3000,0.024665897712111473,0.2924094831660029,
21,R7,3240,-0.025794516326096785,0.05582680474575732,-0.05257553107372021,0.04985192960397654,-0.055303180281066906,-0.06342533026182491,-0.011952044826077417,0.7863108515739441,0.0544111505150795,0.041589654982089996,0.8407220244407654,0.9414489269256592,0.9708442687988281,1,4,6,"[0.7863, 0.0544, 0.0416, 0.0344, 0.0247, 0.0111, 0.0069, 0.0045, 0.0041, 0.0028]","[0.026, 0.056, 0.053, 0.155, 0.008, 0.734, 0.079, 0.076, 0.035, 0.066]",3000,0.1381671130657196,0.2309257918929654,
21,M0,3000,0.24039615416346025,-0.2397853726995534,-0.1431576603750963,-0.016635351043909816,-0.0026361464503822803,-0.0010965745593559046,0.03481081071789554,0.5797495245933533,0.12994399666786194,0.07437807321548462,0.7096935510635376,0.8670968413352966,0.9443495869636536,1,7,11,"[0.5797, 0.1299, 0.0744, 0.0497, 0.0333, 0.0226, 0.0218, 0.0139, 0.0102, 0.0087]","[0.24, 0.24, 0.143, 0.06, 0.05, 0.019, 0.301, 0.0, 0.099, 0.032]",3000,0.05992084741592407,-0.22098862375980133,
21,E0,3240,0.029022477935373072,-0.16472614023872822,0.39845582768206944,-0.0475724644290451,-0.03352281821169535,-0.00774095306653776,-0.12790488907493217,0.2091885507106781,0.1354243904352188,0.06616136431694031,0.3446129560470581,0.4666177034378052,0.5530813336372375,2,181,320,"[0.2092, 0.1354, 0.0662, 0.0321, 0.0237, 0.0217, 0.0199, 0.0169, 0.0145, 0.0136]","[0.029, 0.165, 0.398, 0.358, 0.055, 0.032, 0.165, 0.12, 0.207, 0.174]",3000,0.14930297434329987,-0.11310791311476413,
21,MEAN,3000,-0.022769585197666937,-0.6980791936377216,-0.19337530753281873,0.0012365253911109165,0.008276177492093117,0.0077678729988181275,-0.06163336283894648,0.2833517789840698,0.15694577991962433,0.05278273671865463,0.44029754400253296,0.5689392685890198,0.6801284551620483,1,78,175,"[0.2834, 0.1569, 0.0528, 0.0444, 0.0315, 0.0295, 0.0266, 0.0221, 0.0191, 0.014]","[0.023, 0.698, 0.193, 0.169, 0.156, 0.18, 0.266, 0.086, 0.154, 0.15]",3000,0.21428824961185455,-0.10391057986914505,
22,T0,3240,0.10660389921367512,0.08521329349217255,0.07394264611734222,0.03641450128779378,0.06638638973770229,0.023196463503159553,0.06704696791007166,0.6792178750038147,0.20867562294006348,0.02744945138692856,0.8878934979438782,0.94746994972229,0.9742308259010315,0,3,6,"[0.6792, 0.2087, 0.0274, 0.0178, 0.0143, 0.0086, 0.0062, 0.0051, 0.0038, 0.003]","[0.107, 0.085, 0.074, 0.158, 0.099, 0.285, 0.234, 0.256, 0.012, 0.189]",3000,0.047343067824840546,-0.020530886107284166,
22,T1,3240,0.042106124901236906,-0.012598561112330485,0.0229040032327257,0.016861715009865354,0.09001627517718157,0.04815225337399626,-0.027610968853205905,0.3685176372528076,0.24882295727729797,0.11681616306304932,0.6173405647277832,0.8026778101921082,0.884170413017273,2,12,24,"[0.3685, 0.2488, 0.1168, 0.0427, 0.0258, 0.0207, 0.0196, 0.0161, 0.0127, 0.0125]","[0.042, 0.013, 0.023, 0.147, 0.231, 0.186, 0.101, 0.382, 0.1, 0.679]",3000,0.04345173016190529,-0.13795502634039297,
22,T2,3240,-0.13243681405488306,-0.18900640311743153,-0.1736060456711314,0.016990814533447827,0.04556359012194925,-0.014156048595749843,0.13020935389320357,0.4177331328392029,0.12488145381212234,0.09344448149204254,0.5426145792007446,0.7337284088134766,0.8491641283035278,3,17,37,"[0.4177, 0.1249, 0.0934, 0.0557, 0.042, 0.036, 0.0261, 0.0215, 0.0175, 0.0144]","[0.132, 0.189, 0.174, 0.418, 0.479, 0.576, 0.064, 0.085, 0.076, 0.004]",3000,0.04758685454726219,0.02580576235833027,
22,T3,3240,0.20658528711103952,-0.034492891924735404,0.014913971207026802,-0.010016212938520673,-0.03486786267087651,0.008800432079480619,0.023650045225215383,0.6831592917442322,0.19264927506446838,0.04631815478205681,0.875808596611023,0.9536873698234558,0.9775835275650024,0,3,5,"[0.6832, 0.1926, 0.0463, 0.0186, 0.0129, 0.0072, 0.0057, 0.0049, 0.0039, 0.0022]","[0.207, 0.034, 0.015, 0.123, 0.193, 0.047, 0.096, 0.169, 0.102, 0.083]",3000,0.0397564098238945,-0.1821382950128767,
22,T4,3240,-0.0014761949752174987,0.0380546008762127,-0.0609185300252774,0.01951483300247744,0.007955145643541247,-0.025711193506797028,-0.021816506288929154,0.5863862037658691,0.1513027846813202,0.09104849398136139,0.7376890182495117,0.8849871158599854,0.9359717965126038,4,6,13,"[0.5864, 0.1513, 0.091, 0.0337, 0.0225, 0.0167, 0.0098, 0.0092, 0.0082, 0.007]","[0.001, 0.038, 0.061, 0.115, 0.561, 0.642, 0.037, 0.317, 0.074, 0.323]",3000,0.058224499225616455,-0.0577373508864077,
22,T5,3240,-0.1713884022914929,-0.015603544546028475,-0.022122999044194545,0.019445653534337724,0.07251515145715795,0.01247660876968335,-0.0465926359365503,0.6290164589881897,0.2371845543384552,0.05255397409200668,0.8662010431289673,0.95184326171875,0.9767966270446777,1,3,5,"[0.629, 0.2372, 0.0526, 0.0211, 0.012, 0.0081, 0.0064, 0.0045, 0.0036, 0.0024]","[0.171, 0.016, 0.022, 0.057, 0.274, 0.134, 0.057, 0.067, 0.106, 0.385]",3000,0.039417069405317307,0.11545373158625376,
22,T6,3240,0.13674909041065536,0.041386385412027105,0.029511871964606164,-0.007845101358582962,-0.03004577178806409,0.007973163735931913,0.005604726097006714,0.6011747121810913,0.22836461663246155,0.08277103304862976,0.8295392990112305,0.9446281790733337,0.9732727408409119,0,3,6,"[0.6012, 0.2284, 0.0828, 0.02, 0.0123, 0.0089, 0.0076, 0.0053, 0.0041, 0.0027]","[0.137, 0.041, 0.03, 0.096, 0.237, 0.163, 0.063, 0.104, 0.096, 0.166]",3000,0.03980870917439461,-0.14385401030918027,
22,T7,3240,-0.19924059832152044,0.02871762476145481,-0.0359630996686438,0.03066098822251043,0.06548036177180047,-0.042864995401056184,-0.004765092008641089,0.6614933609962463,0.19877685606479645,0.06593535840511322,0.8602702021598816,0.9564577341079712,0.976790189743042,1,3,5,"[0.6615, 0.1988, 0.0659, 0.0182, 0.0121, 0.0055, 0.0054, 0.0041, 0.0034, 0.002]","[0.199, 0.029, 0.036, 0.137, 0.146, 0.115, 0.048, 0.058, 0.154, 0.473]",3000,0.0376906618475914,0.15373680964335817,
22,T8,3240,-0.08726199593510829,0.045280528831790436,0.038887536842779874,0.03919393318968438,0.06282183721215512,0.003637895171040921,0.009165333311322656,0.7125006914138794,0.16523604094982147,0.050152238458395004,0.8777367472648621,0.9528626203536987,0.9770483374595642,2,3,5,"[0.7125, 0.1652, 0.0502, 0.017, 0.0079, 0.0062, 0.0054, 0.0049, 0.0043, 0.0034]","[0.087, 0.045, 0.039, 0.043, 0.298, 0.045, 0.163, 0.297, 0.387, 0.57]",3000,0.04077840596437454,0.053988762844038536,
22,R0,3240,-0.02315166643528846,0.08777208511039927,0.07991995041655252,0.07811556070205299,0.08882582774384896,-0.003544700501400076,0.01613825605825144,0.8112657070159912,0.13457457721233368,0.017538171261548996,0.9458402991294861,0.9778260588645935,0.9892327189445496,1,2,3,"[0.8113, 0.1346, 0.0175, 0.0089, 0.0056, 0.0032, 0.0025, 0.0023, 0.0018, 0.0016]","[0.023, 0.088, 0.08, 0.184, 0.034, 0.14, 0.096, 0.029, 0.348, 0.153]",3000,0.04918781667947769,0.0648779885867669,
22,R1,3240,0.009318304967531277,0.0667587155133617,-0.014181809647323122,0.011199861196260123,0.08586273281411426,-0.09006529508956686,0.022981380051605577,0.832672119140625,0.08098836988210678,0.02301800809800625,0.91366046667099,0.9606543779373169,0.9781507849693298,1,2,4,"[0.8327, 0.081, 0.023, 0.0172, 0.0068, 0.0053, 0.0041, 0.0029, 0.0028, 0.0024]","[0.009, 0.067, 0.014, 0.052, 0.22, 0.437, 0.172, 0.041, 0.141, 0.007]",3000,0.03874906525015831,0.068685509348861,
22,R2,3240,0.13106897140504561,0.1272320639562975,0.008987901616994632,0.018470254737468213,0.01684917633070862,0.03315791426829222,0.07134299831130592,0.8417743444442749,0.09298437833786011,0.018089741468429565,0.934758722782135,0.9680711627006531,0.9815725088119507,1,2,3,"[0.8418, 0.093, 0.0181, 0.0086, 0.0066, 0.0042, 0.003, 0.0023, 0.0022, 0.0019]","[0.131, 0.127, 0.009, 0.007, 0.111, 0.129, 0.032, 0.06, 0.319, 0.286]",3000,0.037835486233234406,0.08283503167319319,
22,R3,3240,-0.07231884756808206,0.07935783917762662,-0.2689467655963092,0.08061284298572327,0.16974605805033524,0.04469188915336506,0.20151047705556877,0.43847402930259705,0.2808781862258911,0.06166006252169609,0.7193522453308105,0.8556778430938721,0.9320991039276123,0,8,14,"[0.4385, 0.2809, 0.0617, 0.0385, 0.0361, 0.0278, 0.0163, 0.0135, 0.0117, 0.0071]","[0.072, 0.079, 0.269, 0.236, 0.151, 0.106, 0.054, 0.014, 0.015, 0.103]",3000,0.2535723149776459,-0.08319061342522482,
22,R4,3240,0.054543055693284506,-0.028553483767194198,0.03598634795445828,-0.03524191762930457,0.02338060569061704,0.0018392215839454443,-0.03308390141844877,0.6700565814971924,0.18612900376319885,0.04403093084692955,0.8561855554580688,0.9484346508979797,0.9745076298713684,1,3,6,"[0.6701, 0.1861, 0.044, 0.0374, 0.0108, 0.0088, 0.0071, 0.0042, 0.0033, 0.0027]","[0.055, 0.029, 0.036, 0.0, 0.06, 0.048, 0.027, 0.232, 0.348, 0.121]",3000,0.06001396104693413,-0.18684563678586114,
22,R5,3240,-0.0313675783075328,-0.09428312843710106,0.03432183129369357,0.035881055050671753,0.026588685850425234,-0.024236257544415787,0.010534916056083645,0.6648139953613281,0.17130813002586365,0.055644769221544266,0.8361221551895142,0.9516969323158264,0.9757274389266968,0,4,5,"[0.6648, 0.1713, 0.0556, 0.0328, 0.0271, 0.0078, 0.005, 0.0042, 0.0036, 0.0033]","[0.031, 0.094, 0.034, 0.06, 0.049, 0.199, 0.079, 0.07, 0.083, 0.09]",3000,0.01158846914768219,0.06314310939216095,
22,R6,3240,-0.03890735983585648,-0.05690362119798218,-0.05506078630750093,0.06992227306497421,-0.0462250294238508,-0.08441035447871567,-0.05825643242470143,0.8446705341339111,0.05576775223016739,0.03753716126084328,0.9004383087158203,0.9750978350639343,0.9877182841300964,0,2,4,"[0.8447, 0.0558, 0.0375, 0.0271, 0.0101, 0.0039, 0.0031, 0.0021, 0.0018, 0.0017]","[0.039, 0.057, 0.055, 0.072, 0.033, 0.201, 0.12, 0.042, 0.104, 0.024]",3000,0.027616655454039574,0.30373129977163593,
22,R7,3240,-0.04968059660556986,0.08104332882312672,-0.02413759515542453,0.04395921021669245,-0.03792432508474512,-0.054185996087914065,0.004390155814889284,0.7916340827941895,0.050725147128105164,0.04193718731403351,0.8423592448234558,0.9425832033157349,0.9706563949584961,1,4,6,"[0.7916, 0.0507, 0.0419, 0.0331, 0.0252, 0.0106, 0.0066, 0.0045, 0.0036, 0.0028]","[0.05, 0.081, 0.024, 0.104, 0.006, 0.747, 0.085, 0.137, 0.03, 0.203]",3000,0.1354399472475052,0.20018527104725437,
22,M0,3000,0.23744460192752231,-0.22791201998933674,-0.15156585698448677,-0.017899029965128443,-0.011974162568711156,-0.03164594685747465,0.03797194286446135,0.5767276883125305,0.12892495095729828,0.07819787412881851,0.70565265417099,0.8708876371383667,0.9447951316833496,0,7,11,"[0.5767, 0.1289, 0.0782, 0.053, 0.034, 0.022, 0.021, 0.013, 0.0098, 0.008]","[0.237, 0.228, 0.152, 0.068, 0.065, 0.167, 0.226, 0.011, 0.08, 0.08]",3000,0.060722045600414276,-0.2013320117793776,
22,E0,3240,-0.01109908952293725,-0.1527308879305921,0.39879847798578855,-0.04400578318762422,-0.03393705398943522,-0.013857215167662825,-0.1225782793213478,0.20856404304504395,0.1369972974061966,0.063541941344738,0.34556132555007935,0.46363675594329834,0.5479134917259216,2,181,316,"[0.2086, 0.137, 0.0635, 0.0311, 0.0235, 0.0215, 0.0189, 0.0167, 0.0138, 0.0134]","[0.011, 0.153, 0.399, 0.359, 0.097, 0.052, 0.134, 0.118, 0.247, 0.023]",3000,0.14579226076602936,-0.07759841530236963,
22,MEAN,3000,-0.010928359119670468,-0.6784882352017567,-0.20067609255037752,0.012990286592077077,0.014222595438728317,0.008968337978524804,-0.05279867143866451,0.29570966958999634,0.1564451903104782,0.05066189914941788,0.45215487480163574,0.5778836607933044,0.6845628023147583,1,76,172,"[0.2957, 0.1564, 0.0507, 0.0432, 0.0319, 0.0278, 0.0259, 0.0212, 0.0179, 0.0139]","[0.011, 0.678, 0.201, 0.189, 0.176, 0.231, 0.23, 0.11, 0.142, 0.185]",3000,0.21727873384952545,-0.11664978180333238,
23,T0,3240,0.05928476161929104,-0.06934117113897167,0.06724958499988035,0.045929877271941526,0.09281536522985363,0.006690051464777496,0.10110745428306754,0.6745696663856506,0.21340088546276093,0.027687938883900642,0.8879705667495728,0.9476121068000793,0.9743709564208984,0,3,6,"[0.6746, 0.2134, 0.0277, 0.0179, 0.014, 0.0083, 0.0062, 0.0055, 0.0038, 0.0029]","[0.059, 0.069, 0.067, 0.137, 0.109, 0.28, 0.198, 0.258, 0.056, 0.158]",3000,0.04773615673184395,0.008172677990384266,
23,T1,3240,0.0412486773992381,-0.001015585341841035,0.021639144673982525,0.008541477137505507,0.06896887648133307,0.04724335944077862,-0.033315457800434496,0.34887585043907166,0.2603132426738739,0.11961068958044052,0.6091890931129456,0.8026906847953796,0.8846086263656616,3,12,24,"[0.3489, 0.2603, 0.1196, 0.0449, 0.029, 0.0205, 0.0201, 0.0163, 0.0127, 0.0123]","[0.041, 0.001, 0.022, 0.147, 0.178, 0.257, 0.057, 0.314, 0.463, 0.648]",3000,0.04333832859992981,-0.09388065930926212,
23,T2,3240,-0.13808200588497255,-0.21302435629688918,-0.19513078543658416,0.032637739493466184,0.032806436683036705,-0.019931228121098897,0.1397975251569033,0.4306508004665375,0.12124902755022049,0.0879901647567749,0.5518998503684998,0.73430335521698,0.8442639112472534,2,18,40,"[0.4307, 0.1212, 0.088, 0.0564, 0.038, 0.0369, 0.023, 0.0215, 0.0161, 0.0124]","[0.138, 0.213, 0.195, 0.384, 0.017, 0.703, 0.17, 0.096, 0.088, 0.06]",3000,0.04325360059738159,0.035948458178386634,
23,T3,3240,0.1945353075428035,-0.07344820263611251,0.010361943935676176,-0.017013800772936873,-0.0528407760967037,0.017037538220547002,0.0056872523661557145,0.7063370943069458,0.17781534790992737,0.042449984699487686,0.8841524124145508,0.9561395645141602,0.9782723784446716,1,3,5,"[0.7063, 0.1778, 0.0424, 0.0174, 0.0121, 0.0068, 0.0051, 0.0046, 0.0036, 0.0021]","[0.195, 0.073, 0.01, 0.132, 0.145, 0.071, 0.095, 0.221, 0.051, 0.339]",3000,0.040373314172029495,-0.20494934495595057,
23,T4,3240,-0.012802721345524314,0.025101478729951852,-0.050543624375907446,0.023771149978951526,0.015175928731789915,-0.024499296377919894,-0.010529170525176284,0.5890999436378479,0.14503978192806244,0.08884423971176147,0.7341397404670715,0.8847339749336243,0.9355785250663757,4,6,13,"[0.5891, 0.145, 0.0888, 0.0397, 0.022, 0.0171, 0.0096, 0.0089, 0.0083, 0.0069]","[0.013, 0.025, 0.051, 0.036, 0.58, 0.524, 0.026, 0.383, 0.291, 0.342]",3000,0.05736182630062103,-0.03939066441572059,
23,T5,3240,-0.19149383635887848,-0.008667687527261252,-0.005888737879807293,0.020741784986729777,0.07102594023525267,-0.004998791799021357,-0.030255256386549703,0.6219973564147949,0.2427382618188858,0.053722891956567764,0.8647356033325195,0.9509654641151428,0.9757863283157349,1,3,5,"[0.622, 0.2427, 0.0537, 0.02, 0.0125, 0.0081, 0.0063, 0.0044, 0.0037, 0.0024]","[0.191, 0.009, 0.006, 0.086, 0.239, 0.087, 0.098, 0.055, 0.147, 0.377]",3000,0.03951643779873848,0.13294114948783947,
23,T6,3240,0.14985236560756982,0.03964747425966828,-0.05204962456988465,-0.01256680518018658,-0.040662443652951276,0.013666672272748566,0.004975093512984306,0.5897248387336731,0.23203173279762268,0.08663778752088547,0.8217566013336182,0.941630482673645,0.9716109037399292,0,3,6,"[0.5897, 0.232, 0.0866, 0.0203, 0.013, 0.0093, 0.008, 0.0055, 0.0044, 0.0028]","[0.15, 0.04, 0.052, 0.088, 0.245, 0.121, 0.037, 0.085, 0.126, 0.105]",3000,0.03832169249653816,-0.11598175982821235,
23,T7,3240,-0.2214570558128139,0.028849950639429068,-0.06344422734737622,0.02528264428386221,0.06885907241173936,-0.052155918129751476,-0.0068359901952163345,0.6637559533119202,0.19528016448020935,0.06775819510221481,0.8590360879898071,0.9567264914512634,0.9768959283828735,0,3,5,"[0.6638, 0.1953, 0.0678, 0.0174, 0.0125, 0.0058, 0.0051, 0.0041, 0.0031, 0.002]","[0.221, 0.029, 0.063, 0.194, 0.053, 0.166, 0.038, 0.029, 0.158, 0.253]",3000,0.037100836634635925,0.17870167521598151,
23,T8,3240,-0.09973870701833198,0.06373717336702708,-0.006883277691426231,0.03906051236696384,0.06970044694166222,-0.00439190454370458,0.01633202108335524,0.7032191157341003,0.17476490139961243,0.04970664530992508,0.8779840469360352,0.9531036019325256,0.9770231246948242,3,3,5,"[0.7032, 0.1748, 0.0497, 0.0168, 0.0086, 0.0059, 0.0056, 0.0048, 0.0042, 0.0034]","[0.1, 0.064, 0.007, 0.033, 0.188, 0.077, 0.182, 0.417, 0.407, 0.424]",3000,0.03959105908870697,0.055575807478033645,
23,R0,3240,0.008004257011548997,0.0704883375152744,0.08947157323247326,-0.08651938992368612,-0.10231302989328869,0.013286431629916063,-0.030888471030554164,0.8245049118995667,0.12438108026981354,0.01610216125845909,0.948885977268219,0.9783045649528503,0.9896440505981445,1,2,3,"[0.8245, 0.1244, 0.0161, 0.0082, 0.0051, 0.0034, 0.0023, 0.0021, 0.002, 0.0015]","[0.008, 0.07, 0.089, 0.179, 0.05, 0.037, 0.137, 0.114, 0.317, 0.3]",3000,0.04912492260336876,-0.07048679935615061,
23,R1,3240,-0.028714525000989387,0.0023388689178638904,-0.0272240572630852,-0.004291874218921232,0.06397511054946768,-0.08807317654151935,0.025179443160127532,0.8433613181114197,0.07554757595062256,0.021355941891670227,0.9189088940620422,0.9625226259231567,0.9791693091392517,0,2,4,"[0.8434, 0.0755, 0.0214, 0.0159, 0.0064, 0.0053, 0.0037, 0.003, 0.0024, 0.0021]","[0.029, 0.002, 0.027, 0.05, 0.294, 0.219, 0.133, 0.109, 0.11, 0.021]",3000,0.04030294716358185,0.1180499301851961,
23,R2,3240,0.08039072633503878,0.08782067292195116,0.009117867281656011,-0.013537012611591041,0.0009745406462084166,0.004121002748252084,0.07916593253969392,0.849989116191864,0.08511843532323837,0.017902376130223274,0.9351075291633606,0.9693071842193604,0.9818770885467529,1,2,3,"[0.85, 0.0851, 0.0179, 0.0089, 0.0074, 0.0038, 0.0027, 0.0021, 0.0021, 0.0019]","[0.08, 0.088, 0.009, 0.002, 0.024, 0.112, 0.063, 0.2, 0.123, 0.38]",3000,0.037798672914505005,0.14120766760161801,
23,R3,3240,-0.0752178018612491,0.07632160152160426,-0.2628898563616946,0.0824942728128629,0.16533443395255226,0.043106455686851675,0.20516895500950794,0.45402488112449646,0.2789888381958008,0.05425354838371277,0.7330137491226196,0.8649149537086487,0.9375470280647278,1,7,13,"[0.454, 0.279, 0.0543, 0.0429, 0.0348, 0.0258, 0.0178, 0.012, 0.0107, 0.0064]","[0.075, 0.076, 0.263, 0.334, 0.132, 0.127, 0.097, 0.007, 0.06, 0.101]",3000,0.24492740631103516,-0.0742251417569357,
23,R4,3240,0.07990472944553287,-0.023871018431208244,0.03447348474227822,-0.045061481406631215,0.0023365310441955407,0.0010246485346316757,0.02081667322839254,0.6808890700340271,0.1711997389793396,0.045484431087970734,0.8520888090133667,0.9487497806549072,0.9749398827552795,1,4,6,"[0.6809, 0.1712, 0.0455, 0.0406, 0.0106, 0.0092, 0.0067, 0.004, 0.0032, 0.0031]","[0.08, 0.024, 0.034, 0.019, 0.09, 0.04, 0.052, 0.172, 0.372, 0.179]",3000,0.06041900813579559,-0.13032796644919364,
23,R5,3240,-0.05738308246650149,-0.09040601960208108,0.03468712121788232,0.03544997874741991,0.01004873229866891,-0.032161761513315755,-0.004645127911307171,0.6646071672439575,0.16855747997760773,0.06003182381391525,0.833164632320404,0.9520851969718933,0.9759282469749451,0,4,5,"[0.6646, 0.1686, 0.06, 0.0325, 0.0264, 0.0077, 0.0049, 0.0041, 0.0038, 0.0033]","[0.057, 0.09, 0.035, 0.065, 0.041, 0.245, 0.081, 0.01, 0.002, 0.152]",3000,0.011533674784004688,0.10596270567361948,
23,R6,3240,-0.044798010292339555,0.07591203370921741,-0.05885327423922957,0.06565596938450055,-0.0463549423673335,-0.07623866701722265,-0.07557942610978519,0.8420315384864807,0.06000678241252899,0.03794177621603012,0.9020383358001709,0.9746679067611694,0.9878122210502625,0,2,4,"[0.842, 0.06, 0.0379, 0.0255, 0.0092, 0.0044, 0.003, 0.0022, 0.0019, 0.0017]","[0.045, 0.076, 0.059, 0.066, 0.041, 0.185, 0.101, 0.125, 0.099, 0.049]",3000,0.027459295466542244,0.3176213620958688,
23,R7,3240,-0.02089706102536421,0.08452656156457475,-0.028308492190034742,0.04133697755430493,-0.038629035359727434,-0.04196084087979652,0.026151909865030167,0.804089367389679,0.045710500329732895,0.04033563286066055,0.8497998714447021,0.9464534521102905,0.9722111225128174,1,4,6,"[0.8041, 0.0457, 0.0403, 0.0314, 0.0249, 0.0092, 0.0058, 0.0046, 0.0033, 0.0029]","[0.021, 0.085, 0.028, 0.097, 0.015, 0.745, 0.127, 0.147, 0.023, 0.007]",3000,0.1266956925392151,0.18404799715050094,
23,M0,3000,0.17258361171498945,-0.25303371348213016,-0.17368082249082117,-0.04755559256484754,-0.03729314802944607,-0.0041792492760462305,0.010034557056681144,0.5661846399307251,0.1420745849609375,0.0819942057132721,0.7082592248916626,0.8748874664306641,0.9473517537117004,1,7,11,"[0.5662, 0.1421, 0.082, 0.0514, 0.0332, 0.0234, 0.0211, 0.0114, 0.0093, 0.0073]","[0.173, 0.253, 0.174, 0.056, 0.077, 0.317, 0.016, 0.044, 0.122, 0.081]",3000,0.06575263291597366,-0.1405129691446354,
23,E0,3240,-0.07612821951969666,-0.14998184435344933,0.38261168474772767,-0.0392202958230796,-0.047189733105771126,-0.023679110583687855,-0.10976841781763369,0.20362626016139984,0.13973915576934814,0.059778470546007156,0.3433654308319092,0.45567023754119873,0.5385112166404724,2,177,308,"[0.2036, 0.1397, 0.0598, 0.0296, 0.0229, 0.0209, 0.0187, 0.0168, 0.0133, 0.0132]","[0.076, 0.15, 0.383, 0.384, 0.031, 0.131, 0.13, 0.088, 0.018, 0.275]",3000,0.14283500611782074,-0.01808824504426599,
23,MEAN,3000,-0.005916645972624011,-0.6903727714174385,-0.19330130611013224,0.011757002391525096,0.010346012272024233,0.010882784493809776,-0.05044981636553468,0.29862678050994873,0.15823058784008026,0.05207398906350136,0.4568573832511902,0.5842207074165344,0.6909674406051636,1,73,165,"[0.2986, 0.1582, 0.0521, 0.0429, 0.0324, 0.0277, 0.0272, 0.0209, 0.017, 0.0139]","[0.006, 0.69, 0.193, 0.16, 0.251, 0.132, 0.197, 0.195, 0.13, 0.169]",3000,0.2164854109287262,-0.12472786571425966,
24,T0,3240,0.04399094647037967,0.06579870659294078,-0.046044767376284206,0.0524030608236872,0.11308980222881879,-0.001968419406110626,0.11282901750112666,0.6698383092880249,0.2195132076740265,0.026995418593287468,0.889351487159729,0.9483657479286194,0.9751137495040894,0,3,6,"[0.6698, 0.2195, 0.027, 0.017, 0.015, 0.008, 0.0066, 0.0054, 0.0039, 0.0029]","[0.044, 0.066, 0.046, 0.164, 0.104, 0.247, 0.099, 0.276, 0.009, 0.136]",3000,0.04790704324841499,0.03365093235056558,
24,T1,3240,0.024473584104828704,-0.00258847122035347,0.03379999058158566,0.008972956038509172,0.04166019155851128,0.03338007759653219,-0.024774445106377496,0.35639217495918274,0.24684713780879974,0.11644163727760315,0.6032392978668213,0.7978864312171936,0.8796873688697815,1,13,26,"[0.3564, 0.2468, 0.1164, 0.0473, 0.031, 0.0207, 0.02, 0.0162, 0.0127, 0.0123]","[0.024, 0.003, 0.034, 0.129, 0.121, 0.228, 0.095, 0.266, 0.066, 0.779]",3000,0.041189517825841904,-0.03235988412838441,
24,T2,3240,-0.03219530727851173,-0.11394733359636328,-0.14959556940320556,0.04933262897220221,0.028494676679078738,-0.02022177163339643,0.16744562474737723,0.39881184697151184,0.11712757498025894,0.08617168664932251,0.5159394145011902,0.7018092274665833,0.8192666172981262,3,23,52,"[0.3988, 0.1171, 0.0862, 0.0566, 0.0431, 0.0361, 0.0264, 0.0241, 0.0174, 0.0134]","[0.032, 0.114, 0.15, 0.458, 0.569, 0.36, 0.256, 0.223, 0.071, 0.01]",3000,0.04148191213607788,-0.024544619308069247,
24,T3,3240,0.19350483900427723,0.0774561193086361,0.03351630673337734,-0.01620691898752351,-0.04788931388945257,0.003769940948840138,0.016720314490320017,0.6863645911216736,0.1898503303527832,0.0442410409450531,0.8762149214744568,0.9526098370552063,0.976889431476593,1,3,5,"[0.6864, 0.1899, 0.0442, 0.0193, 0.0128, 0.0072, 0.0055, 0.0049, 0.0043, 0.0024]","[0.194, 0.077, 0.034, 0.087, 0.211, 0.05, 0.139, 0.17, 0.022, 0.375]",3000,0.04032864794135094,-0.19901637233431407,
24,T4,3240,0.0016395203313800772,0.010545023250039367,-0.06255938261512269,0.008565352954288293,0.0011346604482410485,-0.02231959314235881,0.0046319566611857125,0.563388466835022,0.16819557547569275,0.0869239866733551,0.7315840721130371,0.8815348744392395,0.9322848916053772,3,7,14,"[0.5634, 0.1682, 0.0869, 0.04, 0.0231, 0.0167, 0.0099, 0.0089, 0.008, 0.0071]","[0.002, 0.011, 0.063, 0.079, 0.572, 0.58, 0.039, 0.291, 0.231, 0.386]",3000,0.05763741210103035,-0.00571655165998819,
24,T5,3240,-0.1680844236757906,-0.016850429040425118,-0.019821350382491568,0.02322034720328088,0.07601673355813489,-0.005911626397827987,-0.02695455805619194,0.6260267496109009,0.23980265855789185,0.050696853548288345,0.8658294081687927,0.9511389136314392,0.9761863946914673,1,3,5,"[0.626, 0.2398, 0.0507, 0.0223, 0.0123, 0.0083, 0.0063, 0.0043, 0.0037, 0.0025]","[0.168, 0.017, 0.02, 0.031, 0.289, 0.087, 0.094, 0.067, 0.076, 0.323]",3000,0.04006322845816612,0.1153560640175131,
24,T6,3240,0.13749019033471713,0.03451738577107889,-0.03610372521709819,-0.011353492352181084,-0.03615918988181006,0.009355538391834296,-0.004036255557707835,0.5915073156356812,0.22753451764583588,0.08461032062768936,0.8190418481826782,0.9394327402114868,0.9713202118873596,0,3,7,"[0.5915, 0.2275, 0.0846, 0.0226, 0.0132, 0.0101, 0.0087, 0.0057, 0.0046, 0.0028]","[0.137, 0.035, 0.036, 0.126, 0.233, 0.109, 0.028, 0.114, 0.089, 0.006]",3000,0.037620726972818375,-0.11015521373536379,
24,T7,3240,-0.21976629732241895,0.03833770618354781,-0.041939917388380106,0.02286995646920338,0.06154336459931568,-0.05830759545213009,0.0019702963197358605,0.6696179509162903,0.19735637307167053,0.05956549942493439,0.8669743537902832,0.9573076963424683,0.9777461290359497,0,3,5,"[0.6696, 0.1974, 0.0596, 0.0179, 0.0128, 0.0057, 0.0053, 0.0042, 0.0032, 0.002]","[0.22, 0.038, 0.042, 0.192, 0.056, 0.144, 0.132, 0.029, 0.078, 0.213]",3000,0.03789348527789116,0.17926572042309447,
24,T8,3240,0.08125569499169293,0.07310863443808548,0.026465896203564553,-0.033866490118734154,-0.06039353139471373,0.0024721565667283714,-0.02115634803141661,0.6996558308601379,0.1791364699602127,0.046171437948942184,0.8787922859191895,0.9524000287055969,0.9771379828453064,3,3,5,"[0.6997, 0.1791, 0.0462, 0.0186, 0.0088, 0.0061, 0.0057, 0.0052, 0.0043, 0.0035]","[0.081, 0.073, 0.026, 0.016, 0.14, 0.104, 0.012, 0.43, 0.453, 0.346]",3000,0.03944272920489311,-0.04413350883710512,
24,R0,3240,-0.033532470833932675,0.060593926386898825,0.10119420144408658,0.09066260352030331,0.08904456856247327,-0.046179964651141533,0.025806254872230844,0.8218887448310852,0.1250862181186676,0.015938779339194298,0.9469749927520752,0.9765632152557373,0.9888843297958374,0,2,3,"[0.8219, 0.1251, 0.0159, 0.0088, 0.0049, 0.0036, 0.0026, 0.0025, 0.002, 0.0017]","[0.034, 0.061, 0.101, 0.161, 0.058, 0.102, 0.131, 0.081, 0.222, 0.131]",3000,0.04833262041211128,0.09120693009071333,
24,R1,3240,-0.048531749504322944,0.06372029270991848,0.01545296505748687,-0.023177871402940885,0.051282449370396894,-0.08947689424417804,0.020343586262792354,0.8354913592338562,0.0767548680305481,0.022527655586600304,0.9122462272644043,0.958036482334137,0.9757534265518188,1,2,4,"[0.8355, 0.0768, 0.0225, 0.0159, 0.0074, 0.0051, 0.0044, 0.0031, 0.0027, 0.0023]","[0.049, 0.064, 0.015, 0.062, 0.203, 0.428, 0.165, 0.143, 0.051, 0.063]",3000,0.03801994398236275,0.13933595240687704,
24,R2,3240,0.034394661797023836,0.08338018078023797,-0.0030898750389726642,-0.007037148191834317,-0.005016425128457357,-0.019210566350420268,0.05824441376760477,0.8265047669410706,0.09779318422079086,0.019638551399111748,0.9242979288101196,0.9639120101928711,0.978861391544342,1,2,4,"[0.8265, 0.0978, 0.0196, 0.0112, 0.0087, 0.0044, 0.0032, 0.0027, 0.0024, 0.0023]","[0.034, 0.083, 0.003, 0.004, 0.06, 0.019, 0.016, 0.145, 0.146, 0.318]",3000,0.03628727048635483,0.16727068100820608,
24,R3,3240,0.052130094765289,0.04767122691176618,0.12435951959319945,-0.08497486419380022,-0.1691951031955289,-0.026810171025862577,-0.18252077882645415,0.41985809803009033,0.2691124379634857,0.0595322847366333,0.6889705657958984,0.8368990421295166,0.9209184050559998,1,9,17,"[0.4199, 0.2691, 0.0595, 0.0463, 0.0421, 0.0314, 0.0179, 0.0138, 0.0123, 0.0087]","[0.052, 0.048, 0.124, 0.234, 0.335, 0.155, 0.048, 0.031, 0.001, 0.064]",3000,0.21028922498226166,0.08668885699780063,
24,R4,3240,0.05809744870906667,-0.004631729596387761,0.036528216906205314,-0.009222908632132298,-0.06141467364311666,-0.014950970222780136,0.04300874716549259,0.6706646680831909,0.1653575897216797,0.048010215163230896,0.8360222578048706,0.9413348436355591,0.969843327999115,1,4,6,"[0.6707, 0.1654, 0.048, 0.0441, 0.0132, 0.0097, 0.0079, 0.0045, 0.0033, 0.0031]","[0.058, 0.005, 0.037, 0.041, 0.047, 0.089, 0.026, 0.109, 0.353, 0.289]",3000,0.05925091728568077,0.031693281206218074,
24,R5,3240,-0.04457109895380465,-0.08984734966993368,0.06576315654123627,0.005306300924810178,0.026556328526947618,0.007630886836560501,-0.00029230396634968327,0.6819528341293335,0.1557883769273758,0.05492549017071724,0.8377411961555481,0.9516023993492126,0.9750162959098816,0,4,5,"[0.682, 0.1558, 0.0549, 0.0353, 0.0237, 0.0069, 0.005, 0.0045, 0.0036, 0.0034]","[0.045, 0.09, 0.066, 0.061, 0.047, 0.213, 0.078, 0.046, 0.029, 0.193]",3000,0.01339371781796217,0.03195570810245028,
24,R6,3240,-0.0069423343460024945,0.04392580175583564,-0.055623925458126076,0.061851656640342464,-0.0374109313117762,-0.055697071445607475,-0.07159112208746421,0.8390312194824219,0.06094427406787872,0.039911191910505295,0.8999754786491394,0.9731640815734863,0.9871129989624023,0,3,4,"[0.839, 0.0609, 0.0399, 0.0245, 0.0088, 0.0046, 0.0036, 0.0022, 0.002, 0.0017]","[0.007, 0.044, 0.056, 0.064, 0.054, 0.184, 0.078, 0.078, 0.006, 0.036]",3000,0.027877438813447952,0.25789685585525984,
24,R7,3240,0.050913066819393525,0.08039084126703579,-0.03818593596581049,-0.027330269794786304,0.01367452388581639,0.04037176396513054,0.008287653757906788,0.7978103160858154,0.045316182076931,0.038954418152570724,0.8431264758110046,0.9399892687797546,0.9673812389373779,1,4,7,"[0.7978, 0.0453, 0.039, 0.03, 0.0279, 0.0097, 0.0066, 0.0048, 0.0035, 0.0028]","[0.051, 0.08, 0.038, 0.078, 0.016, 0.811, 0.149, 0.231, 0.027, 0.03]",3000,0.11244384944438934,-0.18058124777199552,
24,M0,3000,0.1494642335285372,-0.28116954752377116,-0.1869239392775184,-0.047609864173738296,-0.05067424030691267,-0.009936774831625002,0.01172173776096165,0.561892569065094,0.13820748031139374,0.08261540532112122,0.7001000642776489,0.8673170804977417,0.9419456124305725,1,7,12,"[0.5619, 0.1382, 0.0826, 0.0475, 0.0371, 0.0244, 0.021, 0.0123, 0.0091, 0.0078]","[0.149, 0.281, 0.187, 0.032, 0.082, 0.14, 0.339, 0.039, 0.098, 0.009]",3000,0.061747461557388306,-0.1013310425235436,
24,E0,3240,-0.00843823371131616,-0.1445954444812102,0.3687246328943527,-0.020828574200101358,-0.029921339759169528,-0.024961466274877993,-0.14023589316978388,0.227446049451828,0.13463416695594788,0.05824124813079834,0.3620802164077759,0.47138553857803345,0.551344633102417,2,172,300,"[0.2274, 0.1346, 0.0582, 0.0279, 0.0232, 0.0204, 0.0183, 0.0159, 0.0131, 0.0123]","[0.008, 0.145, 0.369, 0.352, 0.234, 0.06, 0.117, 0.098, 0.095, 0.228]",3000,0.14382019639015198,-0.13555100246903165,
24,MEAN,3000,-0.020448458053791037,-0.6933179718773722,-0.19571157429858185,0.014419312785820926,0.014229303065212176,0.005396359778142542,-0.047074820986359296,0.29827916622161865,0.15642432868480682,0.05261927843093872,0.45470350980758667,0.581165075302124,0.6901976466178894,2,74,169,"[0.2983, 0.1564, 0.0526, 0.0419, 0.0319, 0.0286, 0.0277, 0.0215, 0.0173, 0.0139]","[0.02, 0.693, 0.196, 0.179, 0.305, 0.054, 0.186, 0.175, 0.144, 0.15]",3000,0.2092210054397583,-0.11297784794886846,
25,T0,3240,-0.010795377500868128,-0.038021538422449215,0.08024281484326339,0.015988751056907058,0.07649025138227854,-0.015159060228786577,0.06041494717796573,0.6769867539405823,0.21089692413806915,0.02611306682229042,0.8878836631774902,0.9455735683441162,0.9738375544548035,1,3,6,"[0.677, 0.2109, 0.0261, 0.0167, 0.0149, 0.0078, 0.0074, 0.0063, 0.0039, 0.0029]","[0.011, 0.038, 0.08, 0.098, 0.168, 0.162, 0.441, 0.047, 0.004, 0.181]",3000,0.04732208326458931,0.052667286683195015,
25,T1,3240,0.004396829969412574,-0.05171210342547532,0.05192594514311382,0.0017022865396695251,0.04654759357913648,0.02632612961556411,-0.01910665011984488,0.3251793682575226,0.2596210241317749,0.12059474736452103,0.5848003625869751,0.7877618670463562,0.8770383596420288,2,13,27,"[0.3252, 0.2596, 0.1206, 0.0494, 0.0329, 0.0235, 0.0201, 0.0165, 0.0156, 0.0136]","[0.004, 0.052, 0.052, 0.079, 0.189, 0.072, 0.391, 0.662, 0.178, 0.105]",3000,0.03845096006989479,-0.034480942639602385,
25,T2,3240,0.01551323011119303,0.03315883700095799,-0.3394894021441817,0.056372663425024394,0.022306062277484023,-0.04005369845750498,0.18501536257817072,0.42652833461761475,0.11458579450845718,0.07331923395395279,0.5411141514778137,0.7125898003578186,0.826718807220459,4,22,50,"[0.4265, 0.1146, 0.0733, 0.0553, 0.0429, 0.0358, 0.0257, 0.0226, 0.0164, 0.0136]","[0.016, 0.033, 0.339, 0.414, 0.489, 0.387, 0.249, 0.244, 0.051, 0.014]",3000,0.04498428478837013,-0.017278928323055918,
25,T3,3240,0.21622507111506978,0.0870000953589643,0.025922526941529557,-0.0026374821592121556,-0.036454684301708895,0.010529904086390046,0.022152953718261745,0.6759833097457886,0.1936691701412201,0.04562430828809738,0.869652509689331,0.9491539001464844,0.9744247198104858,1,3,6,"[0.676, 0.1937, 0.0456, 0.0204, 0.0134, 0.0075, 0.0056, 0.0052, 0.0044, 0.0026]","[0.216, 0.087, 0.026, 0.107, 0.185, 0.032, 0.109, 0.232, 0.046, 0.387]",3000,0.03953973203897476,-0.21064784943154413,
25,T4,3240,-0.021536379847775823,0.005048558506391276,-0.010595436987639652,0.008912289261475026,0.005444453729227911,-0.026433029070220423,-0.0024250363072427896,0.5442982316017151,0.16267676651477814,0.09686554968357086,0.706974983215332,0.8762232065200806,0.930043637752533,4,7,14,"[0.5443, 0.1627, 0.0969, 0.0483, 0.0241, 0.0182, 0.0106, 0.0094, 0.0085, 0.0071]","[0.022, 0.005, 0.011, 0.228, 0.611, 0.367, 0.142, 0.126, 0.588, 0.354]",3000,0.05902508646249771,-0.00033554560070508027,
25,T5,3240,-0.1779925360261896,-0.00609173923919066,0.01155898439728203,0.022156360481735738,0.07830144319066139,-0.00969917604370009,-0.02158872868200245,0.6193154454231262,0.24319568276405334,0.0511687807738781,0.862511157989502,0.9481006860733032,0.9740040302276611,0,3,6,"[0.6193, 0.2432, 0.0512, 0.0213, 0.0131, 0.0088, 0.0063, 0.0045, 0.0038, 0.0024]","[0.178, 0.006, 0.012, 0.05, 0.238, 0.119, 0.14, 0.048, 0.133, 0.215]",3000,0.03996644169092178,0.11712876956413304,
25,T6,3240,0.13622082539310243,0.03144307150804137,0.05665007336461441,-0.01154658321635445,-0.02076415916489477,-0.00019289587138612352,-0.0019633355161007616,0.5772101283073425,0.22643090784549713,0.0924304649233818,0.8036410212516785,0.9329155683517456,0.9667320847511292,0,4,7,"[0.5772, 0.2264, 0.0924, 0.0237, 0.0132, 0.0109, 0.0087, 0.006, 0.0051, 0.0031]","[0.136, 0.031, 0.057, 0.139, 0.252, 0.151, 0.023, 0.122, 0.085, 0.027]",3000,0.036472853273153305,-0.10015505592086363,
25,T7,3240,-0.21656998434501148,0.03602588241766363,-0.048949188722225936,0.018462589397832213,0.054526691268565616,-0.06119466531405632,0.004453713410334237,0.6475278735160828,0.2115703523159027,0.06011181324720383,0.8590981960296631,0.952698290348053,0.975275993347168,0,3,5,"[0.6475, 0.2116, 0.0601, 0.0192, 0.0143, 0.0062, 0.0062, 0.0046, 0.0034, 0.0022]","[0.217, 0.036, 0.049, 0.226, 0.007, 0.128, 0.165, 0.039, 0.084, 0.18]",3000,0.03790048137307167,0.18489955732370708,
25,T8,3240,0.11507310582476843,0.07137328659739771,0.09399075924834746,-0.03386364604720243,-0.07214145256978988,0.010219855036794479,-0.02472348571843203,0.6850044131278992,0.18158981204032898,0.052742186933755875,0.8665941953659058,0.9491344094276428,0.9748420119285583,3,3,6,"[0.685, 0.1816, 0.0527, 0.02, 0.0098, 0.0065, 0.0056, 0.0054, 0.0045, 0.0037]","[0.115, 0.071, 0.094, 0.038, 0.12, 0.104, 0.397, 0.077, 0.46, 0.344]",3000,0.03869862109422684,-0.05990218406017166,
25,R0,3240,0.052771312125402633,0.05080459783113089,0.11910632496053963,-0.047196347473001964,-0.05517346084675058,0.025429032867739173,-0.021249717747458187,0.8199297189712524,0.12231914699077606,0.017708927392959595,0.9422488808631897,0.9745696187019348,0.9878573417663574,0,2,3,"[0.8199, 0.1223, 0.0177, 0.0098, 0.0048, 0.004, 0.0028, 0.0027, 0.002, 0.0018]","[0.053, 0.051, 0.119, 0.137, 0.072, 0.118, 0.076, 0.191, 0.253, 0.075]",3000,0.04702286422252655,-0.06532584783853004,
25,R1,3240,-0.026970778430904122,0.06981430194075801,0.03703195789776224,-0.04734394632777425,0.030073783016430017,-0.07631736037144032,0.019890122076853048,0.8295507431030273,0.07840538024902344,0.02459094114601612,0.9079561233520508,0.9556612968444824,0.9741088151931763,1,2,5,"[0.8296, 0.0784, 0.0246, 0.0158, 0.0073, 0.0059, 0.0042, 0.0031, 0.0029, 0.0023]","[0.027, 0.07, 0.037, 0.104, 0.219, 0.363, 0.042, 0.112, 0.014, 0.036]",3000,0.03843173757195473,0.14722946884666133,
25,R2,3240,0.033102885469031666,0.04862220539130055,-0.018580799892058002,-0.032032698314559654,-0.020888297737706295,0.01524902650298372,0.038556974496137306,0.808049738407135,0.11131811887025833,0.019403213635087013,0.9193678498268127,0.9601681232452393,0.9761281609535217,1,2,4,"[0.808, 0.1113, 0.0194, 0.0118, 0.0096, 0.0047, 0.0034, 0.003, 0.0025, 0.0023]","[0.033, 0.049, 0.019, 0.004, 0.024, 0.044, 0.016, 0.056, 0.038, 0.361]",3000,0.03896649554371834,0.16494097128420743,
25,R3,3240,0.03908035602379429,0.040800314694294,0.1545250008508247,-0.03060525958652121,-0.1628023983484553,-0.003861278774837773,-0.18946514259512925,0.4213224947452545,0.26958733797073364,0.05907002091407776,0.6909098625183105,0.840674638748169,0.9224790334701538,1,8,17,"[0.4213, 0.2696, 0.0591, 0.0474, 0.0433, 0.0313, 0.0174, 0.0134, 0.011, 0.0087]","[0.039, 0.041, 0.155, 0.208, 0.345, 0.149, 0.039, 0.066, 0.026, 0.057]",3000,0.2132882922887802,0.05375247990533395,
25,R4,3240,0.005156043762229006,0.010952218455378034,0.02827121178943606,0.0034507663228877583,-0.07889954773151121,-0.02504254504164581,0.04895233065840908,0.6679640412330627,0.15723900496959686,0.05298963934183121,0.8252030611038208,0.9373913407325745,0.9676426649093628,0,4,7,"[0.668, 0.1572, 0.053, 0.0437, 0.0155, 0.0097, 0.0082, 0.0051, 0.0039, 0.0032]","[0.005, 0.011, 0.028, 0.04, 0.037, 0.109, 0.051, 0.124, 0.282, 0.277]",3000,0.06441705673933029,0.09510854686078904,
25,R5,3240,-0.026422892196690022,0.08826863400488683,0.04598259856320131,0.007662354297744747,0.05517570153691777,0.025999417597215777,0.004760016829834257,0.6817061305046082,0.14771856367588043,0.06152201071381569,0.8294246792793274,0.9508962631225586,0.9744313955307007,0,4,5,"[0.6817, 0.1477, 0.0615, 0.0373, 0.0227, 0.0067, 0.0051, 0.0044, 0.0039, 0.0034]","[0.026, 0.088, 0.046, 0.042, 0.043, 0.173, 0.024, 0.031, 0.083, 0.188]",3000,0.014719601720571518,-0.04341200897655587,
25,R6,3240,0.012499747102477244,0.03452419574275312,-0.06234250129141423,0.04910812367916896,0.011545758804712118,-0.024118039797127806,-0.08248398648267918,0.828179657459259,0.07002629339694977,0.04090198129415512,0.8982059359550476,0.9713826775550842,0.98630690574646,0,3,4,"[0.8282, 0.07, 0.0409, 0.0237, 0.0086, 0.0052, 0.0037, 0.0024, 0.0021, 0.0016]","[0.012, 0.035, 0.062, 0.061, 0.059, 0.149, 0.061, 0.115, 0.065, 0.041]",3000,0.027446933090686798,0.1526906442519516,
25,R7,3240,0.051975571559502116,0.07732441443701629,0.02126891670621192,-0.016781594347979767,-0.024881678436976102,0.03251209482360595,0.0011488437867194783,0.8019617199897766,0.042259473353624344,0.037018392235040665,0.8442211747169495,0.9391036033630371,0.9675564169883728,2,4,7,"[0.802, 0.0423, 0.037, 0.0309, 0.027, 0.0097, 0.007, 0.005, 0.0037, 0.0031]","[0.052, 0.077, 0.021, 0.057, 0.034, 0.769, 0.31, 0.199, 0.014, 0.09]",3000,0.10843465477228165,-0.13682120975858958,
25,M0,3000,0.12675950756585014,-0.29960745083915213,-0.2066827716247395,-0.056754839687337376,-0.0576507357595671,0.0021163070179251436,0.002825773442982172,0.5657427906990051,0.1338789016008377,0.0851682722568512,0.6996216773986816,0.8682660460472107,0.9421636462211609,1,7,12,"[0.5657, 0.1339, 0.0852, 0.0463, 0.0372, 0.0249, 0.021, 0.0121, 0.0087, 0.0071]","[0.127, 0.3, 0.207, 0.029, 0.071, 0.126, 0.354, 0.048, 0.074, 0.054]",3000,0.06259342283010483,-0.087144030595237,
25,E0,3240,-0.06570794613260823,-0.13221595156985494,0.34453018389484363,-0.02625955919935309,-0.044430896285560184,-0.034714577307389624,-0.10743492719470336,0.22107107937335968,0.12845347821712494,0.05661671608686447,0.3495245575904846,0.4611183702945709,0.5472463369369507,2,169,293,"[0.2211, 0.1285, 0.0566, 0.0303, 0.0247, 0.0234, 0.0194, 0.0163, 0.0145, 0.0125]","[0.066, 0.132, 0.345, 0.153, 0.347, 0.251, 0.058, 0.12, 0.064, 0.016]",3000,0.13699650764465332,-0.05256663601486263,
25,MEAN,3000,0.0017927849782995494,-0.700662929475133,-0.17821514084055304,0.015221782482241946,0.011372374589961643,0.0046356493811345895,-0.04794503234303271,0.3129729628562927,0.15517191588878632,0.050532981753349304,0.46814489364624023,0.5928730368614197,0.7013112902641296,1,69,159,"[0.313, 0.1552, 0.0505, 0.0431, 0.0311, 0.0292, 0.0277, 0.0213, 0.0162, 0.014]","[0.002, 0.701, 0.178, 0.188, 0.283, 0.053, 0.18, 0.194, 0.132, 0.154]",3000,0.21255619823932648,-0.12831036174031638,
26,T0,3240,-0.0014929234747687054,-0.04873314603938114,0.09455756076109498,0.013490004454018873,0.09290877461932967,-0.013838361402057932,0.04809952314293285,0.6714348793029785,0.21095801889896393,0.02566087618470192,0.8823928833007812,0.9395754337310791,0.9705252051353455,1,3,7,"[0.6714, 0.211, 0.0257, 0.0162, 0.0153, 0.009, 0.0081, 0.0068, 0.004, 0.0031]","[0.001, 0.049, 0.095, 0.04, 0.167, 0.213, 0.412, 0.109, 0.09, 0.283]",3000,0.04648226499557495,0.0349920378233722,
26,T1,3240,0.020892340583706398,-0.07822288789801311,-0.04259594349919381,0.012080519692142895,0.06681774884456777,0.003787692315502115,0.0070385346237881495,0.3245846927165985,0.2427339106798172,0.12255207449197769,0.5673186182975769,0.7720557451248169,0.8672890067100525,3,14,31,"[0.3246, 0.2427, 0.1226, 0.0488, 0.0334, 0.0258, 0.022, 0.018, 0.0162, 0.0132]","[0.021, 0.078, 0.043, 0.116, 0.257, 0.34, 0.495, 0.514, 0.124, 0.098]",3000,0.04121809080243111,-0.04345003584161593,
26,T2,3240,0.036000066913156076,-0.041191158257849976,0.3174505675593854,0.0428574909928684,0.013420910850005663,-0.029913764557079378,0.1742087979127879,0.3967137336730957,0.12311846762895584,0.0723470002412796,0.519832193851471,0.6938369870185852,0.810568630695343,4,25,55,"[0.3967, 0.1231, 0.0723, 0.0559, 0.0458, 0.0387, 0.0264, 0.0209, 0.0167, 0.014]","[0.036, 0.041, 0.317, 0.402, 0.451, 0.401, 0.235, 0.282, 0.053, 0.163]",3000,0.05187729746103287,-0.029271378379818642,
26,T3,3240,0.21118217967291075,0.06092435623860059,0.004645590098661876,-0.016857903452047268,-0.047402367604007865,0.025380242508275908,0.012132708892570229,0.6513544321060181,0.20139315724372864,0.05176845192909241,0.8527475595474243,0.9409852027893066,0.9693015813827515,0,3,7,"[0.6514, 0.2014, 0.0518, 0.0222, 0.0143, 0.0085, 0.0061, 0.0057, 0.0052, 0.0028]","[0.211, 0.061, 0.005, 0.108, 0.192, 0.033, 0.195, 0.13, 0.154, 0.295]",3000,0.03625311329960823,-0.19659368249645964,
26,T4,3240,0.043499050696600476,0.01642546853248452,0.0021788857224366597,-0.0029785160717648185,-0.007195051335331622,0.027669298660604365,0.009459656966541554,0.5358826518058777,0.14827574789524078,0.10265835374593735,0.6841583847999573,0.8662254214286804,0.9247965216636658,2,8,16,"[0.5359, 0.1483, 0.1027, 0.0548, 0.0246, 0.0203, 0.012, 0.0099, 0.0088, 0.0076]","[0.043, 0.016, 0.002, 0.216, 0.624, 0.271, 0.207, 0.17, 0.637, 0.098]",3000,0.060030676424503326,-0.014246059474024898,
26,T5,3240,-0.15802960301333333,-0.004360053812901254,-0.03844483049769173,0.017017544161737702,0.07041879852615392,-0.010987899930704504,-0.019140532959859652,0.6016237735748291,0.25027376413345337,0.054542865604162216,0.8518975377082825,0.9426290988922119,0.9709396362304688,0,3,6,"[0.6016, 0.2503, 0.0545, 0.0223, 0.0139, 0.0097, 0.0067, 0.0048, 0.0043, 0.0028]","[0.158, 0.004, 0.038, 0.09, 0.264, 0.048, 0.158, 0.068, 0.077, 0.197]",3000,0.039126597344875336,0.10284019102881696,
26,T6,3240,0.13217541423385815,0.022373450606266325,-0.0775586842135484,-0.01599101071222405,-0.009392873997719792,0.008094130040569391,-0.007032709086753119,0.5561462044715881,0.22811110317707062,0.09828822314739227,0.7842572927474976,0.9233726263046265,0.96090167760849,0,4,8,"[0.5561, 0.2281, 0.0983, 0.0271, 0.0137, 0.0115, 0.0099, 0.0066, 0.0058, 0.0038]","[0.132, 0.022, 0.078, 0.195, 0.236, 0.207, 0.017, 0.224, 0.091, 0.105]",3000,0.03514532372355461,-0.09943380381276694,
26,T7,3240,-0.1804070114071322,-0.038955439862006856,-0.059866915157907735,0.006004757801455987,0.04506301545248602,-0.05387353895895069,0.025747990853880333,0.6318992972373962,0.21283377707004547,0.06419458985328674,0.8447330594062805,0.946171224117279,0.9714969396591187,0,3,6,"[0.6319, 0.2128, 0.0642, 0.0218, 0.0154, 0.0074, 0.0066, 0.0051, 0.0038, 0.0024]","[0.18, 0.039, 0.06, 0.216, 0.021, 0.099, 0.153, 0.032, 0.068, 0.109]",3000,0.03601987659931183,0.15987993732604042,
26,T8,3240,0.09260835888058644,0.06135830643458938,0.033363020234750726,-0.02767441723048279,-0.05069008050166356,0.009535689251080373,-0.02064993722324127,0.6776537299156189,0.17612488567829132,0.05603894591331482,0.853778600692749,0.9435425996780396,0.9712310433387756,2,3,6,"[0.6777, 0.1761, 0.056, 0.0231, 0.0106, 0.0071, 0.0061, 0.0055, 0.005, 0.0039]","[0.093, 0.061, 0.033, 0.064, 0.124, 0.116, 0.155, 0.143, 0.423, 0.454]",3000,0.03626300394535065,-0.054199898650319656,
26,R0,3240,-0.002374640130478983,0.043564646580228426,0.12052355351316374,-0.044724119420267563,-0.04462909640495472,0.015466908740854742,-0.007046343098328412,0.8203081488609314,0.12007690966129303,0.018293118104338646,0.9403850436210632,0.9739778637886047,0.9871998429298401,0,2,3,"[0.8203, 0.1201, 0.0183, 0.0106, 0.0047, 0.004, 0.0028, 0.0026, 0.002, 0.0018]","[0.002, 0.044, 0.121, 0.12, 0.049, 0.077, 0.015, 0.243, 0.204, 0.18]",3000,0.047125909477472305,-0.04038073192725049,
26,R1,3240,0.0016641114923924118,0.05695403313338872,-0.010783484425551805,-0.06346994600864032,0.030148624676681095,-0.0671179559765529,0.01209069325005165,0.8163626194000244,0.08291276544332504,0.0259915329515934,0.8992753624916077,0.9497791528701782,0.970096230506897,0,3,6,"[0.8164, 0.0829, 0.026, 0.0167, 0.0078, 0.007, 0.0044, 0.0033, 0.0032, 0.0024]","[0.002, 0.057, 0.011, 0.104, 0.242, 0.206, 0.014, 0.057, 0.144, 0.021]",3000,0.03787411376833916,0.1296022602781738,
26,R2,3240,0.032774518536909394,0.05818912894770288,-0.008358996730939419,-0.009722190424212483,-0.016611229325791153,0.026101254492597013,0.04188071113342628,0.7898311614990234,0.12399211525917053,0.020052291452884674,0.9138232469558716,0.9559678435325623,0.9742307066917419,1,2,5,"[0.7898, 0.124, 0.0201, 0.0122, 0.0099, 0.006, 0.0037, 0.0032, 0.0027, 0.0026]","[0.033, 0.058, 0.008, 0.056, 0.029, 0.075, 0.011, 0.083, 0.648, 0.211]",3000,0.03926757350564003,0.16466043002523142,
26,R3,3240,0.008921288392978559,0.05463858411553942,0.20862558720157895,0.0015576777977830121,-0.1436011216432915,-0.02033042849689429,-0.1715988191897556,0.40982764959335327,0.30206137895584106,0.05646475777029991,0.7118890285491943,0.8539240956306458,0.9280965924263,1,8,15,"[0.4098, 0.3021, 0.0565, 0.0442, 0.0414, 0.0291, 0.0161, 0.0117, 0.0094, 0.0079]","[0.009, 0.055, 0.209, 0.182, 0.334, 0.144, 0.006, 0.095, 0.045, 0.05]",3000,0.2100793421268463,0.07212637014944824,
26,R4,3240,-0.020707260240720317,-0.0026484178117495323,0.008816688829690401,-0.005576694373549343,-0.05148069121505138,0.0027549311606456387,0.05098127377907996,0.6572320461273193,0.1584750860929489,0.059248000383377075,0.8157071471214294,0.9331895112991333,0.9653642177581787,1,4,7,"[0.6572, 0.1585, 0.0592, 0.0419, 0.0163, 0.01, 0.0077, 0.0065, 0.0044, 0.0036]","[0.021, 0.003, 0.009, 0.025, 0.022, 0.106, 0.042, 0.08, 0.318, 0.26]",3000,0.07152026146650314,0.030508642590229985,
26,R5,3240,0.009487106232613274,0.08559071352517461,-0.026233041856326533,0.002146099442764466,0.07507118108807187,0.04637042871330285,0.014669531072491498,0.6706451177597046,0.1405196636915207,0.0722045749425888,0.8111647963523865,0.9466197490692139,0.9725708365440369,0,4,6,"[0.6706, 0.1405, 0.0722, 0.0415, 0.0218, 0.008, 0.0053, 0.0047, 0.0043, 0.0037]","[0.009, 0.086, 0.026, 0.048, 0.043, 0.186, 0.009, 0.027, 0.036, 0.172]",3000,0.01798604242503643,-0.13015668854681298,
26,R6,3240,0.06910847444480687,0.018880759313986865,-0.06251131140103612,0.05568583942111501,0.012340338384690635,-0.0014680900672914246,-0.07349170452372054,0.8223889470100403,0.0751882866024971,0.04151149466633797,0.8975772261619568,0.970309317111969,0.9854561686515808,0,3,4,"[0.8224, 0.0752, 0.0415, 0.023, 0.0083, 0.0051, 0.0036, 0.0029, 0.002, 0.0016]","[0.069, 0.019, 0.063, 0.065, 0.06, 0.192, 0.077, 0.05, 0.063, 0.001]",3000,0.026495076715946198,0.12120934738008889,
26,R7,3240,-0.023009260980215093,0.08959788534568884,-0.017877059962979745,-0.02584489149237416,-0.02517995851964147,0.026435645743902565,0.018834069518419684,0.805619478225708,0.04008898511528969,0.03587320074439049,0.8457084894180298,0.9387648105621338,0.9670583009719849,2,4,7,"[0.8056, 0.0401, 0.0359, 0.0308, 0.0264, 0.0096, 0.0067, 0.0051, 0.0037, 0.0032]","[0.023, 0.09, 0.018, 0.07, 0.029, 0.72, 0.415, 0.213, 0.003, 0.063]",3000,0.10571197420358658,-0.06051664263436341,
26,M0,3000,0.13933266897267596,-0.27732125948456665,-0.22951656986626157,-0.05918286133765094,-0.06228410786207315,0.001308256955585956,0.004586867152571709,0.5736082792282104,0.12890246510505676,0.0836053118109703,0.7025107145309448,0.8678283095359802,0.9417343735694885,1,7,12,"[0.5736, 0.1289, 0.0836, 0.0456, 0.0361, 0.0261, 0.0209, 0.0116, 0.0084, 0.0069]","[0.139, 0.277, 0.23, 0.056, 0.072, 0.105, 0.4, 0.046, 0.106, 0.15]",3000,0.06346036493778229,-0.0891804220195391,
26,E0,3240,-0.0402967239599866,-0.14845954564148972,0.338799951877555,-0.028808781363156333,-0.05752941057793659,-0.01841187586792842,-0.12069000764056882,0.2179722934961319,0.12384437024593353,0.05610145628452301,0.34181666374206543,0.4558468163013458,0.5441463589668274,2,172,298,"[0.218, 0.1238, 0.0561, 0.0322, 0.0257, 0.0242, 0.0181, 0.0175, 0.0156, 0.0129]","[0.04, 0.148, 0.339, 0.224, 0.282, 0.327, 0.032, 0.068, 0.02, 0.091]",3000,0.1344020515680313,-0.08295444158900148,
26,MEAN,3000,-0.01945889964532258,-0.6769964659338968,-0.2360970638454487,-0.013834270299538704,-0.013425704217912697,-0.006845260384364547,0.045032406491218105,0.2919241189956665,0.16024592518806458,0.051891032606363297,0.4521700441837311,0.5811699032783508,0.6914851665496826,1,71,163,"[0.2919, 0.1602, 0.0519, 0.0456, 0.0315, 0.0308, 0.0275, 0.0209, 0.0165, 0.0147]","[0.019, 0.677, 0.236, 0.146, 0.249, 0.167, 0.217, 0.171, 0.113, 0.16]",3000,0.2180870920419693,0.13719976119099073,
27,T0,3240,-0.0708519819760852,-0.059728449891586044,0.07007745158693497,-0.011821086912421098,-0.07516960714072377,0.0016643667353636404,-0.1110055379778083,0.693615198135376,0.19330832362174988,0.022635305300354958,0.8869235515594482,0.938873291015625,0.9710243940353394,1,3,7,"[0.6936, 0.1933, 0.0226, 0.0155, 0.0138, 0.0097, 0.0083, 0.0073, 0.0037, 0.0031]","[0.071, 0.06, 0.07, 0.085, 0.216, 0.298, 0.217, 0.015, 0.249, 0.486]",3000,0.04682375490665436,-0.03196520230109555,
27,T1,3240,-0.04295168994549573,-0.07783502379445939,-0.06572478979141408,-0.02357963698252655,-0.08981211057249078,0.013605614663895042,-0.02551830815603035,0.3262613117694855,0.2366669476032257,0.11722125113010406,0.5629282593727112,0.7652031779289246,0.8653619885444641,4,14,31,"[0.3263, 0.2367, 0.1172, 0.0488, 0.0363, 0.0285, 0.0236, 0.0177, 0.0162, 0.0142]","[0.043, 0.078, 0.066, 0.14, 0.363, 0.436, 0.558, 0.394, 0.035, 0.001]",3000,0.04505017027258873,0.06872223458029178,
27,T2,3240,0.01912013520750459,-0.07229947755316356,0.2596948103053393,0.053548005782354295,0.022861469681057966,-0.04282302179628756,0.16463660040619693,0.38878268003463745,0.12769559025764465,0.07119227945804596,0.5164783000946045,0.691085696220398,0.8068820238113403,3,25,55,"[0.3888, 0.1277, 0.0712, 0.0559, 0.0475, 0.0389, 0.0262, 0.0197, 0.0176, 0.0135]","[0.019, 0.072, 0.26, 0.361, 0.306, 0.569, 0.223, 0.252, 0.004, 0.033]",3000,0.04597514495253563,-0.03359206962737824,
27,T3,3240,0.22532943884327897,0.045053392787570326,0.0071523703325694675,-0.01939592144106205,-0.048900251700772626,0.023060930990098615,0.02206101663552211,0.6599451303482056,0.19259904325008392,0.04943040758371353,0.8525441884994507,0.9382763504981995,0.9678412675857544,1,3,7,"[0.6599, 0.1926, 0.0494, 0.0221, 0.0142, 0.0082, 0.0073, 0.0056, 0.0054, 0.003]","[0.225, 0.045, 0.007, 0.132, 0.181, 0.123, 0.197, 0.026, 0.176, 0.454]",3000,0.03531666472554207,-0.21079544703036512,
27,T4,3240,0.08001561333583146,0.07255159220273344,-0.047227561637925096,-0.005050712168745103,-0.01809820298314966,0.03876853370989117,0.010112248950304112,0.5618702173233032,0.12696416676044464,0.08848588913679123,0.6888343691825867,0.8703511357307434,0.9271993041038513,2,7,15,"[0.5619, 0.127, 0.0885, 0.0683, 0.0248, 0.0199, 0.0117, 0.0092, 0.0086, 0.0075]","[0.08, 0.073, 0.047, 0.265, 0.809, 0.099, 0.225, 0.091, 0.662, 0.177]",3000,0.06374696642160416,-0.033879148332641044,
27,T5,3240,-0.1675414188549438,0.0035999624600643113,0.027165565016574276,-0.0021700629155161663,0.05125204899415193,-0.015694557242482695,-0.019124755995875004,0.6030800938606262,0.2537137269973755,0.05023254454135895,0.8567938208580017,0.9425031542778015,0.9700690507888794,1,3,6,"[0.6031, 0.2537, 0.0502, 0.0216, 0.0138, 0.0086, 0.0067, 0.0048, 0.0046, 0.0028]","[0.168, 0.004, 0.027, 0.084, 0.259, 0.047, 0.148, 0.085, 0.055, 0.365]",3000,0.04014186933636665,0.1090959578027001,
27,T6,3240,0.105317115772337,-0.02086887645263064,0.0968527604209642,0.002687623320440964,0.00017202005397539525,0.007499176107214882,-0.010670830102237698,0.5498710870742798,0.22882528603076935,0.09695934504270554,0.7786963582038879,0.9183679819107056,0.9579395055770874,0,4,9,"[0.5499, 0.2288, 0.097, 0.0285, 0.0142, 0.0124, 0.0102, 0.007, 0.0061, 0.004]","[0.105, 0.021, 0.097, 0.199, 0.228, 0.182, 0.029, 0.282, 0.044, 0.215]",3000,0.03547504544258118,-0.07533672570927202,
27,T7,3240,-0.15378454847115075,-0.0479309176159284,-0.0699621991960394,0.005437988022871882,0.03546901720463659,-0.059205375301148715,0.03528869499885748,0.6267411708831787,0.21568843722343445,0.0628066137433052,0.8424296379089355,0.9432368278503418,0.9699651598930359,0,3,6,"[0.6267, 0.2157, 0.0628, 0.022, 0.016, 0.0077, 0.0072, 0.0052, 0.0039, 0.0027]","[0.154, 0.048, 0.07, 0.199, 0.037, 0.028, 0.214, 0.019, 0.043, 0.163]",3000,0.03568193316459656,0.14867368824361224,
27,T8,3240,0.07514531818444116,0.058784461829741244,0.043160926245213484,-0.030459124916843737,-0.04812412059022426,0.01016440363533398,-0.019491185260330873,0.6736388802528381,0.17800569534301758,0.054169055074453354,0.8516445755958557,0.9411728382110596,0.969661295413971,1,3,7,"[0.6736, 0.178, 0.0542, 0.0232, 0.0121, 0.0074, 0.0067, 0.0055, 0.005, 0.004]","[0.075, 0.059, 0.043, 0.107, 0.027, 0.189, 0.187, 0.14, 0.284, 0.463]",3000,0.03529127687215805,-0.0411012386369443,
27,R0,3240,-0.03982443016265784,0.05043433623555923,0.1277392851064018,-0.04965856930033824,-0.02731351146199603,0.012530744824578013,0.009441084024691035,0.8295338153839111,0.11065250635147095,0.018360627815127373,0.9401863217353821,0.9738026261329651,0.9871184825897217,0,2,3,"[0.8295, 0.1107, 0.0184, 0.0106, 0.0046, 0.004, 0.0028, 0.0025, 0.0021, 0.0018]","[0.04, 0.05, 0.128, 0.124, 0.045, 0.038, 0.231, 0.23, 0.057, 0.198]",3000,0.045850299298763275,-0.030607494825885123,
27,R1,3240,0.08473775839308509,0.06279095601327836,0.11158327016670275,-0.0671568115452535,0.04371400547240098,-0.04993389659903757,0.02366469560654454,0.8132634162902832,0.07824157923460007,0.029268624261021614,0.8915050029754639,0.9460656642913818,0.9673874378204346,1,3,6,"[0.8133, 0.0782, 0.0293, 0.0166, 0.0087, 0.0075, 0.0043, 0.0034, 0.0032, 0.003]","[0.085, 0.063, 0.112, 0.109, 0.356, 0.019, 0.059, 0.02, 0.164, 0.093]",3000,0.03784620761871338,0.0682921971413968,
27,R2,3240,-0.09394059674237062,0.06532701066818165,0.008053002311120099,-0.024516059837899205,0.00740083444433798,-0.038540645263132486,-0.05437349395928504,0.7883970141410828,0.12240435928106308,0.01906551420688629,0.910801351070404,0.9529154300689697,0.9737922549247742,2,2,5,"[0.7884, 0.1224, 0.0191, 0.0126, 0.0104, 0.0083, 0.0036, 0.0032, 0.003, 0.0027]","[0.094, 0.065, 0.008, 0.052, 0.109, 0.112, 0.196, 0.365, 0.066, 0.316]",3000,0.03778954967856407,-0.1379105614914913,
27,R3,3240,0.010831026632013808,0.06791419385623289,0.14198658094862238,-0.0002927141188522033,-0.13877765414005497,-0.018222138197326754,-0.15683156669562667,0.42990055680274963,0.29634955525398254,0.050896789878606796,0.7262501120567322,0.8583883047103882,0.9304629564285278,0,7,15,"[0.4299, 0.2963, 0.0509, 0.0416, 0.0397, 0.0283, 0.0162, 0.0108, 0.0093, 0.0074]","[0.011, 0.068, 0.142, 0.116, 0.288, 0.2, 0.047, 0.118, 0.113, 0.025]",3000,0.19044627249240875,0.08114143407422042,
27,R4,3240,-0.00649617615465849,-0.010418930525119854,0.005385412629838477,0.029760434323815622,-0.07502294173798889,-0.06555287975120504,0.0032654380558487994,0.6553499102592468,0.15925438702106476,0.059042952954769135,0.8146042823791504,0.9322332143783569,0.9654931426048279,1,4,7,"[0.6553, 0.1593, 0.059, 0.0427, 0.0159, 0.0098, 0.0081, 0.0065, 0.005, 0.004]","[0.006, 0.01, 0.005, 0.014, 0.021, 0.227, 0.073, 0.119, 0.354, 0.242]",3000,0.08052084594964981,0.07885401098141392,
27,R5,3240,-0.026804439998930146,-0.08573699722727784,-0.046292366852303264,-0.0015594796863607411,-0.07726994196064964,-0.058387052938828635,-0.015181213839303811,0.6552608609199524,0.1330232471227646,0.09289946407079697,0.7882841229438782,0.9450903534889221,0.9719908833503723,0,4,6,"[0.6553, 0.133, 0.0929, 0.0435, 0.0204, 0.0086, 0.0053, 0.0047, 0.0044, 0.0039]","[0.027, 0.086, 0.046, 0.055, 0.038, 0.216, 0.02, 0.024, 0.018, 0.123]",3000,0.020285582169890404,0.16018740506542462,
27,R6,3240,0.07104136887829367,-0.002226213841033054,-0.059515039875800736,0.05265683473006,-0.016476912229347045,-0.006815818778444306,-0.09468853284104439,0.8081865906715393,0.09055103361606598,0.04182527959346771,0.8987376093864441,0.9696712493896484,0.9850346446037292,1,3,4,"[0.8082, 0.0906, 0.0418, 0.0211, 0.008, 0.0052, 0.0034, 0.0031, 0.0021, 0.0016]","[0.071, 0.002, 0.06, 0.051, 0.058, 0.239, 0.071, 0.008, 0.39, 0.018]",3000,0.026328565552830696,0.16600988270646283,
27,R7,3240,-0.011678527265721782,0.0875887846115671,-0.058042231304301466,-0.004830008601922948,-0.04210351544133315,0.007241367347298232,0.04501081899045323,0.8048613667488098,0.041882362216711044,0.03415479511022568,0.8467437028884888,0.9379745721817017,0.9666457772254944,1,4,7,"[0.8049, 0.0419, 0.0342, 0.031, 0.026, 0.0096, 0.0068, 0.0053, 0.0036, 0.0033]","[0.012, 0.088, 0.058, 0.085, 0.049, 0.738, 0.291, 0.143, 0.125, 0.223]",3000,0.11935454607009888,-0.024721923331965885,
27,M0,3000,0.1297620343985809,-0.29564401539545937,-0.2807429004189256,-0.08033828489269879,-0.096191214906152,0.016889572815975393,-0.013712840773750786,0.5868484377861023,0.1245342344045639,0.08099357038736343,0.7113826870918274,0.869102954864502,0.9417486786842346,2,7,12,"[0.5868, 0.1245, 0.081, 0.0449, 0.0318, 0.026, 0.0204, 0.0115, 0.008, 0.0068]","[0.13, 0.296, 0.281, 0.045, 0.06, 0.091, 0.381, 0.072, 0.22, 0.383]",3000,0.06602174043655396,-0.06787682045145288,
27,E0,3240,0.000930256723117247,-0.13323490559825138,0.34002711248329315,-0.037457504838496546,-0.08024014903702863,-0.004207493088158445,-0.026275485105829714,0.22509367763996124,0.11947540938854218,0.05334419012069702,0.3445690870285034,0.45685243606567383,0.5451292395591736,3,169,293,"[0.2251, 0.1195, 0.0533, 0.0327, 0.0263, 0.0249, 0.0181, 0.0166, 0.0153, 0.0133]","[0.001, 0.133, 0.34, 0.215, 0.307, 0.339, 0.035, 0.023, 0.019, 0.242]",3000,0.1323121190071106,-0.017855896345074385,
27,MEAN,3000,-0.02381024524773734,-0.6908658667739955,0.22364475771076453,-0.013337503338462842,-0.01284233925055782,-0.0061312393889118005,0.04890434635525297,0.28481554985046387,0.1641862690448761,0.0522412471473217,0.44900181889533997,0.5839177370071411,0.6941559314727783,2,69,159,"[0.2848, 0.1642, 0.0522, 0.0503, 0.0324, 0.0311, 0.0276, 0.0207, 0.0162, 0.0147]","[0.024, 0.691, 0.224, 0.163, 0.316, 0.052, 0.175, 0.189, 0.133, 0.001]",3000,0.22782719135284424,0.1426473985121361,
28,T0,3240,-0.08505778653461146,-0.040817614669688286,0.034835926126898856,-0.003162555297008982,-0.08458764545367152,0.011233536503467506,-0.09493966218066156,0.6735430359840393,0.20767343044281006,0.022696223109960556,0.8812164664268494,0.9355705976486206,0.9695972204208374,2,3,7,"[0.6735, 0.2077, 0.0227, 0.0166, 0.015, 0.0102, 0.0086, 0.0078, 0.004, 0.0035]","[0.085, 0.041, 0.035, 0.06, 0.213, 0.137, 0.309, 0.015, 0.134, 0.493]",3000,0.04585312306880951,0.004402810370689575,
28,T1,3240,0.03352189231824773,-0.11761020435289277,-0.12159872447121858,-0.0039087508196161925,-0.07575303542238492,0.021218202150261954,-0.021418908018852507,0.3129277527332306,0.22841253876686096,0.11954114586114883,0.5413402915000916,0.7490125298500061,0.854781448841095,3,16,36,"[0.3129, 0.2284, 0.1195, 0.0517, 0.0364, 0.0305, 0.0237, 0.0183, 0.0178, 0.0155]","[0.034, 0.118, 0.122, 0.167, 0.307, 0.618, 0.51, 0.028, 0.11, 0.079]",3000,0.04498099908232689,0.032664552613789845,
28,T2,3240,0.024902576787817998,-0.06644762020692566,0.2591095781940164,0.04076510726676722,0.01234325618557751,-0.04122060434504139,0.1515150186027183,0.35915058851242065,0.11995396763086319,0.07567361742258072,0.47910454869270325,0.6572250723838806,0.7794170379638672,2,31,70,"[0.3592, 0.12, 0.0757, 0.0523, 0.0502, 0.0383, 0.0285, 0.0218, 0.0189, 0.0147]","[0.025, 0.066, 0.259, 0.204, 0.082, 0.581, 0.176, 0.352, 0.102, 0.181]",3000,0.04616479575634003,-0.04189778763292478,
28,T3,3240,0.19248553818389313,0.01459942764492701,0.022076682953309727,-0.005382496393607778,-0.03380598042494662,0.013232022120359411,0.02946412733926363,0.6653136610984802,0.18661141395568848,0.04938071221113205,0.8519250750541687,0.9372740983963013,0.9675096273422241,2,3,7,"[0.6653, 0.1866, 0.0494, 0.0222, 0.0137, 0.0083, 0.007, 0.0063, 0.0054, 0.0033]","[0.192, 0.015, 0.022, 0.159, 0.204, 0.054, 0.302, 0.118, 0.134, 0.583]",3000,0.0345255546271801,-0.15073061470933818,
28,T4,3240,0.07854050117117715,-0.03668803197429784,0.059902302441550925,-0.01808551125139118,-0.013637759162248325,0.06357622982024563,-0.017066879849659516,0.5288702845573425,0.12783172726631165,0.09169146418571472,0.6567020416259766,0.8446571826934814,0.9123190641403198,4,9,19,"[0.5289, 0.1278, 0.0917, 0.0683, 0.028, 0.0225, 0.015, 0.0119, 0.0098, 0.0084]","[0.079, 0.037, 0.06, 0.34, 0.722, 0.443, 0.53, 0.161, 0.166, 0.132]",3000,0.06864415854215622,-0.0832619472218602,
28,T5,3240,-0.18035758663367743,0.012476824348740567,-0.040954636207263515,0.003065298847975067,0.07025077955132944,-0.016743409623188068,-0.011259133590862431,0.6050540208816528,0.253475159406662,0.04711941257119179,0.8585292100906372,0.940359354019165,0.970308780670166,1,3,7,"[0.6051, 0.2535, 0.0471, 0.0222, 0.0125, 0.0089, 0.0074, 0.0062, 0.0046, 0.0029]","[0.18, 0.012, 0.041, 0.108, 0.253, 0.007, 0.209, 0.053, 0.104, 0.378]",3000,0.04041053727269173,0.11768629071115685,
28,T6,3240,0.103405632997234,-0.01648938537753192,0.09852800595304352,-0.0031135179954244075,-0.009855858585528551,-0.00235653058351222,-0.021373596851472044,0.5395488739013672,0.23266462981700897,0.09716656059026718,0.7722135186195374,0.9137763977050781,0.9562932252883911,1,5,9,"[0.5395, 0.2327, 0.0972, 0.0303, 0.0141, 0.0127, 0.0103, 0.0089, 0.0063, 0.0042]","[0.103, 0.016, 0.099, 0.199, 0.2, 0.263, 0.085, 0.28, 0.083, 0.418]",3000,0.036761991679668427,-0.07650964873074165,
28,T7,3240,0.14447172471363134,-0.06849667650861592,-0.07869880530235626,0.006105757628683998,-0.026387255306047998,0.038032741538276356,-0.017572598686356713,0.6482969522476196,0.20035646855831146,0.05809267982840538,0.8486534357070923,0.9438979625701904,0.9706746935844421,0,3,6,"[0.6483, 0.2004, 0.0581, 0.0208, 0.0163, 0.0081, 0.0076, 0.0047, 0.004, 0.0024]","[0.144, 0.068, 0.079, 0.2, 0.03, 0.092, 0.196, 0.007, 0.003, 0.187]",3000,0.034620534628629684,-0.12199134019239032,
28,T8,3240,0.042398044746773056,0.054527204672707885,0.07967081520823409,-0.006484887655983273,-1.8712831153451605e-05,-0.018890872055219304,0.006885254253219176,0.6742108464241028,0.17939035594463348,0.04745841771364212,0.8536012172698975,0.936659574508667,0.9685669541358948,3,3,7,"[0.6742, 0.1794, 0.0475, 0.0243, 0.0113, 0.0086, 0.0076, 0.0058, 0.0055, 0.0045]","[0.042, 0.055, 0.08, 0.151, 0.106, 0.289, 0.072, 0.356, 0.47, 0.416]",3000,0.03656025230884552,-0.03250316393987122,
28,R0,3240,0.09886082445459433,0.05876329244374479,0.1491370970811467,0.017410404243331477,0.007891149959689401,0.009329324221332425,0.020189460365887823,0.8308712244033813,0.11474698781967163,0.015823405236005783,0.945618212223053,0.9749065041542053,0.9878397583961487,1,2,3,"[0.8309, 0.1147, 0.0158, 0.0093, 0.0042, 0.0038, 0.0031, 0.0025, 0.0018, 0.0017]","[0.099, 0.059, 0.149, 0.076, 0.075, 0.061, 0.22, 0.241, 0.233, 0.456]",3000,0.048566535115242004,-0.0045753808424405145,
28,R1,3240,0.19332982792523662,0.07332256286694923,-0.0032558985395258234,-0.06389212655890288,0.06826277673001518,-0.009362186521572526,0.008682257093796553,0.8092601895332336,0.07629743963479996,0.02893594466149807,0.8855576515197754,0.9392753839492798,0.9636028409004211,2,3,7,"[0.8093, 0.0763, 0.0289, 0.0155, 0.0093, 0.0086, 0.0048, 0.004, 0.0038, 0.003]","[0.193, 0.073, 0.003, 0.127, 0.249, 0.175, 0.092, 0.354, 0.165, 0.418]",3000,0.0376732237637043,-0.0315772883260885,
28,R2,3240,-0.1182620072828321,0.07913246887728927,-0.0403926930773517,-0.017841240306115714,0.01622763563476804,-0.04772706689214465,-0.046113709379921826,0.770653486251831,0.14124611020088196,0.01619945839047432,0.9118995666503906,0.9538288116455078,0.9747248291969299,1,2,5,"[0.7707, 0.1412, 0.0162, 0.0135, 0.0123, 0.0087, 0.0038, 0.0032, 0.0029, 0.0024]","[0.118, 0.079, 0.04, 0.111, 0.127, 0.063, 0.158, 0.386, 0.029, 0.253]",3000,0.03452790528535843,-0.10908667008427525,
28,R3,3240,0.18082037430867326,0.10988962593018747,-0.23652788559432178,-0.03993670998728291,0.0072898922458754225,0.18036708398737497,-0.18560742653783857,0.39121371507644653,0.2607128918170929,0.07140642404556274,0.6519266366958618,0.815890908241272,0.901306688785553,0,10,22,"[0.3912, 0.2607, 0.0714, 0.055, 0.0376, 0.0341, 0.015, 0.0135, 0.0122, 0.0107]","[0.181, 0.11, 0.237, 0.111, 0.043, 0.2, 0.08, 0.037, 0.127, 0.041]",3000,0.265598863363266,-0.5367621937798908,
28,R4,3240,0.011587924442021625,0.03529023006549009,0.025412347506544433,-0.012643893487933882,-0.0064144806013821795,-0.015601138848404222,0.024242526508344218,0.6526786684989929,0.15673892199993134,0.062461547553539276,0.8094176054000854,0.9275131821632385,0.9621357321739197,1,4,8,"[0.6527, 0.1567, 0.0625, 0.0391, 0.0166, 0.01, 0.0085, 0.0069, 0.0049, 0.0044]","[0.012, 0.035, 0.025, 0.024, 0.049, 0.278, 0.012, 0.061, 0.439, 0.148]",3000,0.07249852269887924,-0.04692452080532392,
28,R5,3240,0.025018407741941282,0.06614131261880672,-0.08712467538994492,0.014229930724114227,0.02230646209476776,0.009608454295525563,0.02022723770087765,0.686146080493927,0.1219303235411644,0.07579565048217773,0.8080763816833496,0.9480167031288147,0.9737444519996643,0,4,6,"[0.6861, 0.1219, 0.0758, 0.0471, 0.017, 0.0076, 0.005, 0.0047, 0.0043, 0.004]","[0.025, 0.066, 0.087, 0.054, 0.017, 0.23, 0.067, 0.059, 0.042, 0.096]",3000,0.026578200981020927,-0.0405195010662077,
28,R6,3240,0.14728118040280824,-0.05790527169649877,-0.05159962174758658,0.09694583575789768,-0.006946129420812722,-0.038053803502234876,-0.059715164934696974,0.8206138610839844,0.07318981736898422,0.047615304589271545,0.8938036561012268,0.9701511859893799,0.984693706035614,1,3,4,"[0.8206, 0.0732, 0.0476, 0.0219, 0.0068, 0.0047, 0.0035, 0.0029, 0.0019, 0.0016]","[0.147, 0.058, 0.052, 0.085, 0.006, 0.316, 0.021, 0.279, 0.015, 0.164]",3000,0.03150681033730507,0.09029901338174369,
28,R7,3240,-0.1099933444637858,0.007003775963667798,0.05612439686235629,-0.07713461011595987,-0.023249080653034607,0.09207234077709715,0.030286552980658327,0.7908574342727661,0.04401841759681702,0.036521028727293015,0.8348758220672607,0.9278367757797241,0.9609337449073792,2,4,8,"[0.7909, 0.044, 0.0365, 0.0321, 0.0243, 0.0128, 0.0076, 0.0052, 0.0042, 0.0033]","[0.11, 0.007, 0.056, 0.077, 0.027, 0.655, 0.605, 0.157, 0.018, 0.119]",3000,0.09736348688602448,-0.05728492708589347,
28,M0,3000,0.11222500096734199,-0.28075345540120344,-0.2849917373522454,-0.07821523136711961,-0.09784755590733335,0.03219573802373519,-0.012932366050977097,0.5836944580078125,0.11600447446107864,0.08133278042078018,0.6996989250183105,0.8565022349357605,0.9326943159103394,1,7,14,"[0.5837, 0.116, 0.0813, 0.0408, 0.0347, 0.0297, 0.0183, 0.0125, 0.0083, 0.0074]","[0.112, 0.281, 0.285, 0.029, 0.052, 0.078, 0.388, 0.091, 0.213, 0.196]",3000,0.06384683400392532,-0.058139816927686494,
28,E0,3240,0.01716994245083763,-0.14314640788779345,0.3217477140145791,-0.04443308690967557,-0.05166234799696961,-0.011037941801534334,-0.12454279768281169,0.25730642676353455,0.11779029667377472,0.04780777916312218,0.37509673833847046,0.4826785624027252,0.5664540529251099,2,162,282,"[0.2573, 0.1178, 0.0478, 0.0342, 0.0256, 0.0237, 0.0177, 0.0155, 0.014, 0.0129]","[0.017, 0.143, 0.322, 0.036, 0.163, 0.487, 0.112, 0.019, 0.016, 0.178]",3000,0.12184576690196991,-0.13292341080537723,
28,MEAN,3000,-0.053178959241214366,-0.6959319068514083,0.3043982552645979,-0.010800536411107935,-0.013262990017286617,-0.010604683186100911,0.05687630628332209,0.2708756625652313,0.1667727530002594,0.051871199160814285,0.4376484155654907,0.5704804062843323,0.6855425834655762,3,74,172,"[0.2709, 0.1668, 0.0519, 0.048, 0.033, 0.0317, 0.0285, 0.0223, 0.0179, 0.0147]","[0.053, 0.696, 0.304, 0.019, 0.301, 0.011, 0.161, 0.117, 0.22, 0.083]",3000,0.22189579904079437,0.16179654102705682,
29,T0,3240,0.08051607061206968,0.006821846677773585,0.037887853741770235,0.009836826152917075,0.061883713060493985,-0.0062040105468874115,0.09742854802762384,0.6830565929412842,0.20366805791854858,0.02124766819179058,0.8867246508598328,0.9379211068153381,0.9701991677284241,3,3,7,"[0.6831, 0.2037, 0.0212, 0.0159, 0.014, 0.0089, 0.0087, 0.0073, 0.0039, 0.0035]","[0.081, 0.007, 0.038, 0.045, 0.176, 0.06, 0.366, 0.12, 0.343, 0.535]",3000,0.04764360934495926,0.029150507039951666,
29,T1,3240,0.02265803679782219,0.14987038035702543,0.08839992662850558,0.06839516561735604,0.1236343825451578,-0.022339582883845122,0.036355663407500176,0.29829052090644836,0.22801420092582703,0.11547081172466278,0.5263047218322754,0.7411995530128479,0.8488155007362366,3,17,39,"[0.2983, 0.228, 0.1155, 0.0595, 0.0399, 0.0323, 0.0242, 0.0179, 0.0173, 0.016]","[0.023, 0.15, 0.088, 0.193, 0.48, 0.605, 0.408, 0.096, 0.14, 0.037]",3000,0.044928498566150665,-0.10486080347789059,
29,T2,3240,0.020268394975497102,0.008367713953316482,0.24244392166787848,0.04378187528647552,0.01275246556453355,-0.044931699036416056,0.15098149114010484,0.33392059803009033,0.1214374378323555,0.08673722296953201,0.45535802841186523,0.6415333151817322,0.7656241059303284,1,34,76,"[0.3339, 0.1214, 0.0867, 0.0537, 0.0457, 0.0382, 0.0295, 0.0223, 0.0185, 0.0156]","[0.02, 0.008, 0.242, 0.076, 0.167, 0.632, 0.149, 0.251, 0.109, 0.299]",3000,0.04168097302317619,-0.03453510886527574,
29,T3,3240,0.16108606163447456,0.01804146811844011,0.010661655661028007,-0.005902050237702032,-0.03635520710410722,0.02258276816168465,0.014274036816995692,0.655254602432251,0.18916131556034088,0.05243496969342232,0.8444159030914307,0.9330778121948242,0.9650117754936218,2,4,8,"[0.6553, 0.1892, 0.0524, 0.0228, 0.0135, 0.0087, 0.0073, 0.0066, 0.0059, 0.0034]","[0.161, 0.018, 0.011, 0.156, 0.175, 0.081, 0.306, 0.136, 0.082, 0.647]",3000,0.03438333794474602,-0.1224685893949332,
29,T4,3240,-0.11684826236073495,-0.036566387216191334,0.12379255881249977,0.04352744559014147,0.027976656250791883,-0.07246090630455523,0.043745393100295696,0.5157232284545898,0.11848582327365875,0.09263470768928528,0.6342090368270874,0.826971173286438,0.9027454853057861,4,10,21,"[0.5157, 0.1185, 0.0926, 0.0694, 0.0308, 0.0272, 0.0162, 0.0123, 0.011, 0.009]","[0.117, 0.037, 0.124, 0.474, 0.591, 0.687, 0.415, 0.218, 0.15, 0.091]",3000,0.06902548670768738,0.11503792549177395,
29,T5,3240,-0.17057367742342228,0.0136981215848025,-0.030345066238456102,0.002056644676175332,0.07090586084930921,-0.015665798817666422,-0.02331145051530094,0.5838091969490051,0.2701324224472046,0.04962936416268349,0.8539416193962097,0.9372363686561584,0.9683219194412231,2,3,7,"[0.5838, 0.2701, 0.0496, 0.0221, 0.0116, 0.0094, 0.0074, 0.0063, 0.0051, 0.0029]","[0.171, 0.014, 0.03, 0.123, 0.307, 0.002, 0.221, 0.032, 0.128, 0.465]",3000,0.04094932973384857,0.10792067919998478,
29,T6,3240,0.09870443457146107,-0.010079240254483847,0.09999930713855601,0.00142823088038652,-0.005751558241539297,-0.004470008823992655,-0.023928200527036814,0.5241439938545227,0.23138460516929626,0.10358321666717529,0.7555285692214966,0.9078245162963867,0.9524283409118652,1,5,10,"[0.5241, 0.2314, 0.1036, 0.0338, 0.0149, 0.0134, 0.0106, 0.0093, 0.0067, 0.0046]","[0.099, 0.01, 0.1, 0.143, 0.228, 0.226, 0.112, 0.296, 0.164, 0.516]",3000,0.03567386046051979,-0.07710306347718963,
29,T7,3240,0.13051860278541014,-0.052993416247849826,-0.054855157575680234,0.006342661948581754,-0.0281417992450337,0.03811880280982823,-0.016841805255106368,0.6197600960731506,0.21966645121574402,0.05888502672314644,0.8394265174865723,0.9391745328903198,0.9678905606269836,0,4,7,"[0.6198, 0.2197, 0.0589, 0.0243, 0.0165, 0.0088, 0.008, 0.0052, 0.0042, 0.0025]","[0.131, 0.053, 0.055, 0.214, 0.004, 0.024, 0.243, 0.006, 0.095, 0.26]",3000,0.035064246505498886,-0.10610862228929446,
29,T8,3240,0.01689202117227976,0.06786876242506885,0.04401329414596197,0.000442718782056184,0.02260331064506513,-0.01693527548481187,0.02103903937699222,0.659206748008728,0.18956756591796875,0.0504327192902565,0.8487743139266968,0.9345516562461853,0.9667822122573853,3,4,7,"[0.6592, 0.1896, 0.0504, 0.024, 0.0113, 0.0087, 0.0073, 0.0063, 0.0055, 0.0044]","[0.017, 0.068, 0.044, 0.118, 0.287, 0.196, 0.093, 0.41, 0.533, 0.354]",3000,0.036163151264190674,-0.04833974008142047,
29,R0,3240,0.09241424645227449,0.06691696297786259,0.1467914447492753,0.003688966056285573,-0.013891120724912217,0.022880862307092808,0.01650350465561291,0.8314483761787415,0.11395614594221115,0.014868075028061867,0.9454045295715332,0.9734359979629517,0.9867339134216309,2,2,3,"[0.8314, 0.114, 0.0149, 0.0089, 0.0043, 0.0038, 0.0032, 0.0026, 0.0018, 0.0018]","[0.092, 0.067, 0.147, 0.063, 0.093, 0.088, 0.28, 0.28, 0.332, 0.426]",3000,0.04782017692923546,-0.009313221934299652,
29,R1,3240,0.21182988506451988,0.07405147426359371,0.06123195363343922,-0.04447661481009678,0.05412677709813227,-0.0018522540951123644,0.009836692872052188,0.8017160892486572,0.08201303333044052,0.027245059609413147,0.883729100227356,0.9358122944831848,0.961096465587616,3,3,8,"[0.8017, 0.082, 0.0272, 0.0151, 0.0097, 0.0091, 0.0048, 0.0044, 0.004, 0.003]","[0.212, 0.074, 0.061, 0.098, 0.313, 0.15, 0.169, 0.542, 0.183, 0.572]",3000,0.04170434921979904,-0.09732978834796233,
29,R2,3240,-0.15593717293449,0.09231892837604265,-0.1508959974907805,-0.02375640374367016,0.01996478533684531,-0.04185409057666364,-0.04846318455407619,0.7747915983200073,0.13457055389881134,0.015514606609940529,0.9093621373176575,0.9529651403427124,0.9735658168792725,2,2,5,"[0.7748, 0.1346, 0.0155, 0.015, 0.0131, 0.0083, 0.0039, 0.0034, 0.0029, 0.0022]","[0.156, 0.092, 0.151, 0.107, 0.125, 0.031, 0.421, 0.069, 0.237, 0.401]",3000,0.033318791538476944,-0.0816290779360241,
29,R3,3240,0.0516704635413368,0.08291668545877484,-0.2017741670673954,-0.06218537254171496,-0.10025288378735948,0.09180038729377417,-0.23963762686920956,0.3733893632888794,0.2841373383998871,0.06932409852743149,0.6575267314910889,0.813417911529541,0.8938378691673279,3,11,24,"[0.3734, 0.2841, 0.0693, 0.0508, 0.0357, 0.0309, 0.014, 0.0124, 0.012, 0.0112]","[0.052, 0.083, 0.202, 0.076, 0.106, 0.405, 0.249, 0.057, 0.564, 0.355]",3000,0.25108569860458374,-0.22091768246600738,
29,R4,3240,0.0660213858439981,0.017359352272415602,0.054453243674923574,-0.02350204221244064,0.09183386370279631,0.08294355377961814,0.025079038065544953,0.6458187699317932,0.15803319215774536,0.06740373373031616,0.8038519620895386,0.9242051839828491,0.9596819281578064,1,4,9,"[0.6458, 0.158, 0.0674, 0.0363, 0.0167, 0.0099, 0.0088, 0.0069, 0.0052, 0.0047]","[0.066, 0.017, 0.054, 0.044, 0.04, 0.289, 0.042, 0.075, 0.478, 0.026]",3000,0.07201173156499863,-0.2863041432859144,
29,R5,3240,0.0026381453993931827,-0.0824222667409231,-0.011316414964211569,-0.044860991379529536,-0.042542406131620185,0.0037877506807131043,-0.03292578261832359,0.69045490026474,0.11067594587802887,0.07586681842803955,0.8011308312416077,0.9434773921966553,0.9704750180244446,1,4,6,"[0.6905, 0.1107, 0.0759, 0.0502, 0.0163, 0.008, 0.0055, 0.0049, 0.0045, 0.0041]","[0.003, 0.082, 0.011, 0.054, 0.038, 0.317, 0.14, 0.055, 0.17, 0.109]",3000,0.028418269008398056,0.035021463850682555,
29,R6,3240,0.0960880071226582,-0.054661080462584256,-0.062406191674713604,0.11957572888887572,0.038953169713268475,-0.013688379447185272,-0.016756900345695994,0.8106909394264221,0.07537281513214111,0.051189590245485306,0.8860637545585632,0.9667471051216125,0.982424259185791,3,3,4,"[0.8107, 0.0754, 0.0512, 0.0225, 0.007, 0.005, 0.0038, 0.0029, 0.0021, 0.0019]","[0.096, 0.055, 0.062, 0.082, 0.046, 0.128, 0.014, 0.605, 0.475, 0.557]",3000,0.05916256830096245,0.060713464903460065,
29,R7,3240,-0.011383742972357835,-0.010150188201988111,0.007730481087180569,-0.0959054390418986,-0.05436408566926985,0.06487692917716034,-0.01252700299426059,0.7843215465545654,0.04336819052696228,0.039317794144153595,0.8276897668838501,0.9217653274536133,0.9586135745048523,2,5,8,"[0.7843, 0.0434, 0.0393, 0.0317, 0.023, 0.0144, 0.0089, 0.0055, 0.0045, 0.0036]","[0.011, 0.01, 0.008, 0.068, 0.007, 0.619, 0.632, 0.106, 0.021, 0.04]",3000,0.10309029370546341,-0.06223944838849454,
29,M0,3000,0.10989586836174872,-0.2756954724407818,-0.2911884653346402,-0.10230780041675308,-0.11879848344228323,0.05583903710220747,-0.01626979340788726,0.5940576195716858,0.10947058349847794,0.0788283720612526,0.7035282254219055,0.8545952439308167,0.9291118383407593,2,7,15,"[0.5941, 0.1095, 0.0788, 0.0386, 0.0337, 0.0292, 0.0172, 0.0119, 0.0086, 0.0076]","[0.11, 0.276, 0.291, 0.034, 0.053, 0.081, 0.396, 0.009, 0.309, 0.07]",3000,0.06473518162965775,-0.017193270755984175,
29,E0,3240,-0.0678586419958922,-0.14979004781758518,-0.2891454363016177,-0.06794780720821125,-0.0615238810282342,-0.02098243988482745,-0.10517617818877031,0.2524508833885193,0.1220485046505928,0.04280684143304825,0.3744993805885315,0.47678470611572266,0.5607771277427673,1,162,277,"[0.2525, 0.122, 0.0428, 0.0328, 0.0267, 0.0221, 0.0184, 0.0154, 0.0146, 0.0135]","[0.068, 0.15, 0.289, 0.066, 0.117, 0.511, 0.138, 0.105, 0.036, 0.179]",3000,0.1181575134396553,-0.023620691551877643,
29,MEAN,3000,-0.11903082035306925,-0.6991139009346028,0.3124229611599532,-0.00698097496427819,-0.01681638878762547,-0.013577457338067303,0.07767639841358122,0.256382018327713,0.17474842071533203,0.05439111217856407,0.43113043904304504,0.5660544037818909,0.6818504333496094,2,75,176,"[0.2564, 0.1747, 0.0544, 0.0471, 0.0334, 0.0312, 0.0282, 0.0236, 0.0183, 0.0145]","[0.119, 0.699, 0.312, 0.006, 0.298, 0.084, 0.161, 0.153, 0.213, 0.074]",3000,0.22830811142921448,0.22703044781666548,
30,T0,3240,0.09040104264617624,0.005288624416582566,-0.0019257820221652358,0.00911574666172231,0.06900918128873959,-0.0011801783410271994,0.08783533187241495,0.6750230193138123,0.20504190027713776,0.02091165818274021,0.8800649046897888,0.9326891303062439,0.9674515724182129,4,3,7,"[0.675, 0.205, 0.0209, 0.0172, 0.0145, 0.0099, 0.0091, 0.0073, 0.0044, 0.0041]","[0.09, 0.005, 0.002, 0.099, 0.145, 0.448, 0.086, 0.301, 0.704, 0.45]",3000,0.0515865683555603,0.032552782165169415,
30,T1,3240,0.06779256679039918,0.17134310701011746,-0.048178886891366755,-0.07793165126648971,-0.11733766958960776,0.011941399242999758,-0.029080273362664756,0.2913268506526947,0.21953105926513672,0.11653290688991547,0.5108579397201538,0.7263371348381042,0.8379047513008118,3,19,43,"[0.2913, 0.2195, 0.1165, 0.058, 0.041, 0.0348, 0.0248, 0.0191, 0.0168, 0.0162]","[0.068, 0.171, 0.048, 0.161, 0.537, 0.619, 0.396, 0.068, 0.16, 0.004]",3000,0.04487428441643715,0.051389339581387805,
30,T2,3240,0.013604362363400103,0.07191297223399311,0.1650845091580775,0.035968081319615465,0.004294626989847371,-0.04731331110655355,0.14361721304630015,0.3053145706653595,0.11778107285499573,0.09053494781255722,0.4230956435203552,0.6112361550331116,0.7417569756507874,2,38,86,"[0.3053, 0.1178, 0.0905, 0.0561, 0.0415, 0.0384, 0.0306, 0.0231, 0.0197, 0.0188]","[0.014, 0.072, 0.165, 0.037, 0.176, 0.693, 0.008, 0.185, 0.319, 0.194]",3000,0.03969849273562431,-0.025338403184385315,
30,T3,3240,0.08594864151082293,0.00733121223401583,0.03270521954147098,-0.003031657130553943,-0.027586037189911095,0.010620189197711002,0.003036979283054244,0.6434038281440735,0.18965661525726318,0.056838326156139374,0.8330604434013367,0.9266888499259949,0.960479199886322,2,4,8,"[0.6434, 0.1897, 0.0568, 0.0234, 0.0134, 0.0094, 0.0077, 0.0067, 0.0058, 0.0041]","[0.086, 0.007, 0.033, 0.13, 0.3, 0.169, 0.345, 0.15, 0.114, 0.75]",3000,0.03692043945193291,-0.08792034474836649,
30,T4,3240,0.10837009253346788,-0.039202819952556235,0.22094134024823214,-0.04998266216576078,-0.02733012857708295,0.07045009502405898,-0.034903619251006025,0.4968460500240326,0.12014912813901901,0.0940059944987297,0.6169951558113098,0.8114627003669739,0.8922567963600159,4,11,25,"[0.4968, 0.1201, 0.094, 0.0674, 0.0331, 0.0297, 0.017, 0.0129, 0.0113, 0.0098]","[0.108, 0.039, 0.221, 0.495, 0.647, 0.643, 0.549, 0.109, 0.144, 0.073]",3000,0.07138071954250336,-0.09813791187166791,
30,T5,3240,-0.20112862405938314,0.033872131042863,-0.02905158434474763,0.00049582088092005,0.0795929542118027,-0.029962347372588537,-0.01850633876717387,0.5859588980674744,0.26668256521224976,0.049107491970062256,0.8526414632797241,0.9353027939796448,0.9665950536727905,2,3,7,"[0.586, 0.2667, 0.0491, 0.0223, 0.0113, 0.0095, 0.0074, 0.0063, 0.0052, 0.0029]","[0.201, 0.034, 0.029, 0.107, 0.311, 0.005, 0.216, 0.055, 0.129, 0.804]",3000,0.04295598343014717,0.14471538356873576,
30,T6,3240,0.08648963283603642,0.0028346092831984236,0.0857804028619959,0.0052601791045653245,-0.0008823918812355087,-0.014099067833717581,-0.03224535173067578,0.5205367207527161,0.22561246156692505,0.10603277385234833,0.7461491823196411,0.9017949104309082,0.9478586316108704,3,5,11,"[0.5205, 0.2256, 0.106, 0.0351, 0.0146, 0.0135, 0.0111, 0.0096, 0.0068, 0.005]","[0.086, 0.003, 0.086, 0.112, 0.259, 0.3, 0.117, 0.447, 0.129, 0.641]",3000,0.03680513799190521,-0.07466397648260127,
30,T7,3240,0.1694740515121785,-0.04309314528733502,-0.04823904401332599,0.011839144745920783,-0.022706018418050148,0.042305183200389423,-0.02107039433728286,0.6199913620948792,0.22029462456703186,0.058087799698114395,0.8402860164642334,0.9369398355484009,0.9662827849388123,0,4,7,"[0.62, 0.2203, 0.0581, 0.0225, 0.0161, 0.009, 0.0082, 0.0054, 0.0042, 0.0026]","[0.169, 0.043, 0.048, 0.164, 0.008, 0.232, 0.231, 0.01, 0.106, 0.286]",3000,0.03442971780896187,-0.14976932551891017,
30,T8,3240,-0.030415931046990502,0.07170789550978918,0.05706256048472623,0.017030624883338022,0.03608440949754435,-0.020145703625387503,0.00975093162830641,0.6665189862251282,0.1754729300737381,0.0497329980134964,0.8419919013977051,0.9289631843566895,0.9624780416488647,4,4,8,"[0.6665, 0.1755, 0.0497, 0.0244, 0.0128, 0.0085, 0.0074, 0.0069, 0.006, 0.0047]","[0.03, 0.072, 0.057, 0.075, 0.47, 0.381, 0.027, 0.506, 0.483, 0.253]",3000,0.03860512375831604,-0.04321462671326024,
30,R0,3240,0.09600416295348857,0.06706424453784429,0.15657560528407516,0.006237295391567742,-0.022087131205946672,0.023772851152247573,0.007059691664772542,0.8351434469223022,0.11137571930885315,0.013247532770037651,0.946519136428833,0.9725637435913086,0.9862068891525269,1,2,3,"[0.8351, 0.1114, 0.0132, 0.0084, 0.0044, 0.004, 0.0035, 0.0025, 0.0019, 0.0018]","[0.096, 0.067, 0.157, 0.065, 0.149, 0.003, 0.298, 0.236, 0.095, 0.455]",3000,0.04795664921402931,-0.018267684930879338,
30,R1,3240,0.12663684802510383,0.09112909418782023,-0.0003307041216689228,-0.013627363462942984,0.06369713931805877,-0.05295369857346496,0.032499763821343244,0.7913258671760559,0.08115313947200775,0.03257710859179497,0.8724790215492249,0.9310489296913147,0.957327663898468,3,3,8,"[0.7913, 0.0812, 0.0326, 0.0148, 0.0112, 0.009, 0.0052, 0.0048, 0.004, 0.0033]","[0.127, 0.091, 0.0, 0.143, 0.311, 0.1, 0.682, 0.16, 0.247, 0.645]",3000,0.04589363560080528,0.017068227890109835,
30,R2,3240,-0.14179187051566386,-0.09008924144768603,-0.16434073582031625,-0.04231599636328117,0.012409882771806652,-0.023752851672900064,-0.05788888734203357,0.7838441729545593,0.12204736471176147,0.019155295565724373,0.9058915376663208,0.9525032043457031,0.9729376435279846,2,2,5,"[0.7838, 0.122, 0.0192, 0.0151, 0.0123, 0.0076, 0.0042, 0.0034, 0.003, 0.0023]","[0.142, 0.09, 0.164, 0.065, 0.092, 0.025, 0.519, 0.106, 0.21, 0.436]",3000,0.03127254545688629,-0.07042791819008626,
30,R3,3240,0.044719788831525546,-0.08578367425231073,0.1617750740988881,-0.05195955954531085,-0.1631351346395182,-0.046625465124796116,-0.16652897206630715,0.3679417669773102,0.29535990953445435,0.08031163364648819,0.6633017063140869,0.8230504393577576,0.8998492956161499,3,11,23,"[0.3679, 0.2954, 0.0803, 0.0456, 0.0339, 0.028, 0.0134, 0.0123, 0.0117, 0.0114]","[0.045, 0.086, 0.162, 0.032, 0.128, 0.418, 0.668, 0.345, 0.186, 0.04]",3000,0.2774782180786133,0.06385717725190937,
30,R4,3240,0.028593848014887957,0.03767795398232678,0.032991346764990125,-0.029447931869214315,0.0836128114126245,0.09178240137393105,-0.02804568923422636,0.6064409017562866,0.18810990452766418,0.06517558544874191,0.7945507764816284,0.9084972739219666,0.9519525170326233,2,5,10,"[0.6064, 0.1881, 0.0652, 0.0321, 0.0167, 0.0132, 0.0096, 0.0086, 0.0071, 0.005]","[0.029, 0.038, 0.033, 0.101, 0.117, 0.421, 0.033, 0.138, 0.531, 0.221]",3000,0.1105353832244873,-0.3565788244241062,
30,R5,3240,0.03655490816349299,-0.07632710571061398,-0.03872444856994761,-0.055833366752981936,-0.016025676334892904,0.027403194619144124,-0.051718188944766263,0.6959986686706543,0.10303466022014618,0.07742976397275925,0.7990333437919617,0.9393272995948792,0.9682116508483887,1,4,7,"[0.696, 0.103, 0.0774, 0.0472, 0.0157, 0.0093, 0.0057, 0.0048, 0.0046, 0.0045]","[0.037, 0.076, 0.039, 0.05, 0.027, 0.384, 0.175, 0.06, 0.249, 0.007]",3000,0.028693141415715218,-0.0473199030495958,
30,R6,3240,0.0603247948576087,-0.12745846578503095,-0.06376102849672824,0.1266222176817301,0.0011670758185339382,-0.05977811630375939,-0.02977375441492409,0.8157477378845215,0.07639708369970322,0.045336030423641205,0.8921447992324829,0.9653822779655457,0.9815942049026489,3,3,4,"[0.8157, 0.0764, 0.0453, 0.021, 0.0069, 0.0052, 0.0038, 0.0031, 0.0023, 0.0019]","[0.06, 0.127, 0.064, 0.096, 0.042, 0.014, 0.074, 0.669, 0.57, 0.527]",3000,0.056258127093315125,0.1551719021455245,
30,R7,3240,0.03369117130962347,0.10085491635446199,0.030578930850713216,-0.10148268537472119,-0.05450419333675279,0.044821663075957044,-0.004903765293088461,0.7605449557304382,0.045204877853393555,0.0409485399723053,0.8057498335838318,0.9079126715660095,0.9542471170425415,3,5,9,"[0.7605, 0.0452, 0.0409, 0.033, 0.0282, 0.0205, 0.0106, 0.0059, 0.005, 0.0042]","[0.034, 0.101, 0.031, 0.082, 0.187, 0.657, 0.246, 0.447, 0.344, 0.164]",3000,0.17876894772052765,-0.13863271495304236,
30,M0,3000,0.13395013740953204,-0.2831357044066034,-0.29271786596366844,-0.09419660932030079,-0.11665768798072969,0.06835703365377832,-0.0041806442603581516,0.5969521999359131,0.10434753447771072,0.0810302272439003,0.7012997269630432,0.8521235585212708,0.9270918965339661,1,8,16,"[0.597, 0.1043, 0.081, 0.0371, 0.0327, 0.028, 0.0177, 0.0122, 0.009, 0.0081]","[0.134, 0.283, 0.293, 0.02, 0.02, 0.085, 0.262, 0.022, 0.333, 0.041]",3000,0.0673561841249466,-0.05835817584593252,
30,E0,3240,-0.0060814243477351135,-0.15568691907007562,0.2863102290098178,-0.05881273004848925,-0.046969306014661386,-0.013693619211459495,-0.13751670837828603,0.26499685645103455,0.12451732158660889,0.0409575030207634,0.38951417803764343,0.489448606967926,0.5680051445960999,1,161,274,"[0.265, 0.1245, 0.041, 0.0307, 0.0283, 0.0201, 0.0179, 0.0148, 0.0131, 0.0127]","[0.006, 0.156, 0.286, 0.098, 0.15, 0.487, 0.178, 0.086, 0.017, 0.134]",3000,0.11574491113424301,-0.09567182613108557,
30,MEAN,3000,-0.14802802065516427,0.6773255744324017,0.3206739013769585,-0.005856736940741253,-0.01614668134740584,-0.014615406567134236,0.09133411561223925,0.243255153298378,0.17377427220344543,0.05662008747458458,0.4170294404029846,0.5541508197784424,0.6696995496749878,2,82,191,"[0.2433, 0.1738, 0.0566, 0.0462, 0.0343, 0.0314, 0.0267, 0.0238, 0.0186, 0.015]","[0.148, 0.677, 0.321, 0.013, 0.279, 0.083, 0.172, 0.159, 0.205, 0.091]",3000,0.23653145134449005,0.2554015386822245,
31,T0,3240,-0.0946417606049965,0.05894377799692076,-0.0536719333844783,-0.051253495789628976,-0.10327411615914989,-0.0588124793423136,-0.043499023085593655,0.7063506245613098,0.18375864624977112,0.018047859892249107,0.8901093006134033,0.9367112517356873,0.9692603945732117,2,3,7,"[0.7064, 0.1838, 0.018, 0.0158, 0.0127, 0.0104, 0.0084, 0.0062, 0.004, 0.0036]","[0.095, 0.059, 0.054, 0.198, 0.115, 0.078, 0.27, 0.272, 0.781, 0.37]",3000,0.054439932107925415,0.04998585428698393,
31,T1,3240,-0.17536465591727737,0.19137918016479244,0.10357701210395105,0.04302179711244364,0.08220789175685748,-0.018703885009573613,0.007378513272984635,0.2991284132003784,0.1998220533132553,0.10736656188964844,0.4989504814147949,0.7119207382202148,0.8276957273483276,2,21,47,"[0.2991, 0.1998, 0.1074, 0.0572, 0.0484, 0.037, 0.0265, 0.0204, 0.0167, 0.0153]","[0.175, 0.191, 0.104, 0.133, 0.688, 0.606, 0.228, 0.035, 0.005, 0.204]",3000,0.049523305147886276,0.03954925620606666,
31,T2,3240,0.0035971210027325165,0.23585846958982543,0.1469153966619937,0.035526414443897106,0.0026536819315435673,-0.047187668088340635,0.14345958187678814,0.2722969651222229,0.12360204011201859,0.09687630087137222,0.3958989977836609,0.5878007411956787,0.7230620980262756,3,42,94,"[0.2723, 0.1236, 0.0969, 0.054, 0.041, 0.0394, 0.0309, 0.0235, 0.0227, 0.0187]","[0.004, 0.236, 0.147, 0.02, 0.668, 0.326, 0.055, 0.038, 0.34, 0.079]",3000,0.03960573673248291,-0.012039143618595972,
31,T3,3240,0.07731335824834354,-0.044411106873746546,-0.021592665803991405,0.0025666404015614874,-0.029587113966765968,-0.009689035801991657,0.02198631180951638,0.6758331060409546,0.1709768921136856,0.04944730922579765,0.846809983253479,0.9300572276115417,0.9614644646644592,1,4,8,"[0.6758, 0.171, 0.0494, 0.0204, 0.0134, 0.0085, 0.0069, 0.0062, 0.0053, 0.0044]","[0.077, 0.044, 0.022, 0.133, 0.276, 0.224, 0.166, 0.199, 0.216, 0.763]",3000,0.03761767968535423,-0.11224093710264163,
31,T4,3240,0.1524935612100143,-0.11003047968926952,0.27799509152995966,-0.06933709474521282,-0.043566308133642755,0.12058182347705229,-0.04170762737496527,0.5064646005630493,0.10900287330150604,0.08436940610408783,0.6154674887657166,0.800503671169281,0.8875237703323364,3,12,26,"[0.5065, 0.109, 0.0844, 0.0624, 0.0383, 0.0314, 0.0198, 0.0138, 0.0123, 0.0098]","[0.152, 0.11, 0.278, 0.615, 0.86, 0.092, 0.613, 0.036, 0.086, 0.114]",3000,0.07855131477117538,-0.13698385241671793,
31,T5,3240,-0.19077640222228248,0.06036936461704612,-0.02170049252725357,-0.0075075835600737295,0.06930668113437122,-0.032349885553260516,-0.001801554704851255,0.6125053763389587,0.24356497824192047,0.04472442716360092,0.856070339679718,0.9342212080955505,0.9656245112419128,2,3,7,"[0.6125, 0.2436, 0.0447, 0.0219, 0.0115, 0.0096, 0.0071, 0.0061, 0.0052, 0.0034]","[0.191, 0.06, 0.022, 0.09, 0.355, 0.042, 0.134, 0.059, 0.15, 0.867]",3000,0.04436671361327171,0.13954407680744055,
31,T6,3240,0.08468797257170335,0.015179519989334369,0.07801069161572569,0.0007681558189162569,-0.0018348537073679953,-0.016714680383342367,-0.024786238898359784,0.522880494594574,0.2207372933626175,0.10748911648988724,0.7436177730560303,0.9002896547317505,0.9471558332443237,2,5,11,"[0.5229, 0.2207, 0.1075, 0.0355, 0.0137, 0.0134, 0.0119, 0.0098, 0.0068, 0.005]","[0.085, 0.015, 0.078, 0.108, 0.239, 0.148, 0.084, 0.478, 0.121, 0.639]",3000,0.037074461579322815,-0.07293059714655034,
31,T7,3240,0.180116989989465,0.03386265123809057,0.042009837392459566,0.016997275356732164,-0.022011080482856292,0.04399195098027261,-0.024598898387777055,0.6379421949386597,0.21225695312023163,0.05262259766459465,0.8501991629600525,0.9395782351493835,0.9670893549919128,0,3,7,"[0.6379, 0.2123, 0.0526, 0.0201, 0.0167, 0.0085, 0.0076, 0.0051, 0.0039, 0.0024]","[0.18, 0.034, 0.042, 0.128, 0.004, 0.256, 0.233, 0.003, 0.161, 0.089]",3000,0.03473213315010071,-0.1581853232671379,
31,T8,3240,0.030626651745575335,0.06384509385064459,0.05510846475215822,0.01845428773238761,0.04561401225088341,-0.021077934590290715,0.01099064426581168,0.6830497980117798,0.15892934799194336,0.04759698361158371,0.8419791460037231,0.9274190664291382,0.9608668088912964,3,4,8,"[0.683, 0.1589, 0.0476, 0.0238, 0.0141, 0.0082, 0.0075, 0.0074, 0.0059, 0.0044]","[0.031, 0.064, 0.055, 0.0, 0.435, 0.514, 0.658, 0.229, 0.165, 0.11]",3000,0.0433531180024147,-0.09563690555639627,
31,R0,3240,0.07040675800574783,-0.059663896107363855,0.14789076989844616,0.012138037231267418,-0.024798134873447415,0.027640647250411734,0.022324067513491332,0.8385128974914551,0.10867784172296524,0.01205915492027998,0.9471907615661621,0.9719839692115784,0.9857551455497742,3,2,3,"[0.8385, 0.1087, 0.0121, 0.008, 0.0047, 0.0037, 0.0035, 0.0025, 0.0021, 0.0019]","[0.07, 0.06, 0.148, 0.044, 0.343, 0.062, 0.251, 0.237, 0.784, 0.346]",3000,0.05555691942572594,0.020023480932066642,
31,R1,3240,-0.15105153299313642,0.12077581146768411,0.08317331708679591,-0.0001550109874845946,-0.05940227373601957,0.03773705987367624,-0.0489841268166968,0.7782394886016846,0.08299963921308517,0.03285232186317444,0.8612391352653503,0.9218108654022217,0.9507285356521606,4,4,10,"[0.7782, 0.083, 0.0329, 0.0142, 0.0135, 0.0089, 0.006, 0.005, 0.0049, 0.0042]","[0.151, 0.121, 0.083, 0.341, 0.018, 0.105, 0.719, 0.663, 0.392, 0.049]",3000,0.06561246514320374,0.004621944632179315,
31,R2,3240,-0.17454720116405234,-0.08952008322687242,-0.1860613733198037,-0.06764669743157585,0.005972385125914192,-0.019202498015253432,-0.04376610035608714,0.7982457876205444,0.10571450740098953,0.02116120234131813,0.9039602875709534,0.9517323970794678,0.971834659576416,4,2,5,"[0.7982, 0.1057, 0.0212, 0.0159, 0.0107, 0.0065, 0.0053, 0.0033, 0.0028, 0.0022]","[0.175, 0.09, 0.186, 0.121, 0.081, 0.029, 0.67, 0.302, 0.31, 0.633]",3000,0.03399550914764404,-0.004585875729694792,
31,R3,3240,0.06847446501852018,0.08547107511897171,-0.19888977039071723,-0.04596762923688414,-0.16695914877135254,-0.043989093295683235,-0.19010871730826653,0.39831969141960144,0.2742682695388794,0.06756424158811569,0.6725879907608032,0.8191537261009216,0.9008468389511108,2,10,23,"[0.3983, 0.2743, 0.0676, 0.0444, 0.0346, 0.0291, 0.0163, 0.0125, 0.0121, 0.0116]","[0.068, 0.085, 0.199, 0.033, 0.212, 0.485, 0.693, 0.193, 0.102, 0.047]",3000,0.2512111961841583,0.0491336252833282,
31,R4,3240,0.0170939680465107,-0.012247543941509174,0.05480808423294976,-0.028442602279563023,0.0716501505335601,0.09805494994385013,-0.058401461024856535,0.6103084683418274,0.18201804161071777,0.06584858894348145,0.7923265099525452,0.9048284292221069,0.9518101811408997,3,5,10,"[0.6103, 0.182, 0.0658, 0.0309, 0.0158, 0.014, 0.0107, 0.0097, 0.0074, 0.0052]","[0.017, 0.012, 0.055, 0.092, 0.23, 0.352, 0.147, 0.535, 0.304, 0.035]",3000,0.11809749156236649,-0.3484532301236601,
31,R5,3240,0.10527044581510835,-0.08615521147444224,-0.021010972279609862,-0.05840809779025083,0.005706017453950974,0.044444659453955156,-0.01856012009553072,0.7133931517601013,0.08979707211256027,0.07509540766477585,0.8031902313232422,0.9369849562644958,0.9668887257575989,1,4,7,"[0.7134, 0.0898, 0.0751, 0.044, 0.0147, 0.0103, 0.006, 0.0047, 0.0046, 0.0044]","[0.105, 0.086, 0.021, 0.045, 0.038, 0.39, 0.171, 0.03, 0.205, 0.031]",3000,0.02688254788517952,-0.1307623665272792,
31,R6,3240,0.022336230407786286,-0.0016281704289075056,-0.06905426895157059,0.12249686071444037,-0.020986572368513173,-0.02616410631125191,0.00177962569422101,0.8207119703292847,0.07603992521762848,0.04094797745347023,0.896751880645752,0.9632536172866821,0.9807930588722229,2,3,4,"[0.8207, 0.076, 0.0409, 0.0192, 0.0064, 0.0056, 0.0038, 0.0034, 0.0027, 0.0021]","[0.022, 0.002, 0.069, 0.1, 0.015, 0.062, 0.29, 0.724, 0.689, 0.254]",3000,0.06742138415575027,0.236977716492278,
31,R7,3240,-0.0002998284958361718,0.05646851916889371,0.07303514934492847,-0.0927297900970912,-0.07015662223056278,0.013921887080684038,-0.028764723498933414,0.7761529088020325,0.04049397632479668,0.03828730806708336,0.8166468739509583,0.9117649793624878,0.9575431942939758,3,5,9,"[0.7762, 0.0405, 0.0383, 0.0309, 0.0259, 0.0192, 0.011, 0.0059, 0.0055, 0.0041]","[0.0, 0.056, 0.073, 0.057, 0.244, 0.668, 0.324, 0.386, 0.297, 0.163]",3000,0.17769986391067505,-0.05309567452484747,
31,M0,3000,0.16767317687751507,0.2801452236433455,-0.2907880654449563,-0.10453814731596173,-0.12999639062997909,0.08090264716306264,-0.009859566534627044,0.5925279855728149,0.10457464307546616,0.08398804068565369,0.6971026062965393,0.8493521213531494,0.9259069561958313,2,8,16,"[0.5925, 0.1046, 0.084, 0.0369, 0.0314, 0.0267, 0.0198, 0.0125, 0.0094, 0.0082]","[0.168, 0.28, 0.291, 0.032, 0.016, 0.072, 0.304, 0.073, 0.435, 0.114]",3000,0.07173550128936768,-0.07217012259176092,
31,E0,3240,0.017190846440279305,-0.1749726017681853,0.2867484714363871,-0.061881801489280436,-0.04021927122682976,-0.01704343080039429,-0.1105679240343222,0.2577560245990753,0.13990682363510132,0.043113645166158676,0.39766284823417664,0.5002089738845825,0.5760854482650757,1,160,275,"[0.2578, 0.1399, 0.0431, 0.0315, 0.0279, 0.0188, 0.0179, 0.0143, 0.0125, 0.0124]","[0.017, 0.175, 0.287, 0.208, 0.203, 0.395, 0.256, 0.021, 0.119, 0.064]",3000,0.12629738450050354,-0.09710542387507962,
31,MEAN,3000,-0.16004972157897654,0.6705965285353067,0.29009530290189806,-0.0061060431631133946,-0.017526374499463208,-0.017548792441473157,0.09482033216635607,0.22552894055843353,0.17703154683113098,0.059066109359264374,0.4025604724884033,0.5425007939338684,0.6582350730895996,2,85,198,"[0.2255, 0.177, 0.0591, 0.0455, 0.0354, 0.0311, 0.0262, 0.0239, 0.0191, 0.0154]","[0.16, 0.671, 0.29, 0.124, 0.3, 0.116, 0.215, 0.111, 0.166, 0.075]",3000,0.24329154193401337,0.2679458454124432,
32,T0,3240,-0.16531504939038127,0.023495985106896565,-0.024415167945776334,-0.09773821146842902,-0.17439956268624124,-0.07631839901799777,-0.08024538669915642,0.6878253817558289,0.1951131969690323,0.019135644659399986,0.8829385638237,0.9314147233963013,0.9675149321556091,2,3,7,"[0.6878, 0.1951, 0.0191, 0.0162, 0.0132, 0.0104, 0.0097, 0.0075, 0.0043, 0.0042]","[0.165, 0.023, 0.024, 0.174, 0.09, 0.109, 0.253, 0.176, 0.431, 0.831]",3000,0.05152497813105583,0.08308601079063056,
32,T1,3240,0.26162454128159995,-0.2568991037821065,0.07691544643620116,-0.03687789792190256,-0.05450836854712759,-0.009160823500134824,0.0082852923987686,0.2904322147369385,0.19174882769584656,0.09788507968187332,0.48218104243278503,0.693906843662262,0.8115732669830322,3,24,56,"[0.2904, 0.1917, 0.0979, 0.0624, 0.0514, 0.0375, 0.0269, 0.0231, 0.0161, 0.0141]","[0.262, 0.257, 0.077, 0.562, 0.578, 0.465, 0.095, 0.049, 0.051, 0.15]",3000,0.04752952978014946,-0.10032610349943458,
32,T2,3240,-0.012568080035916647,0.1646131086848461,0.07425786376426481,0.04142439339395922,0.003999309883726526,-0.06172961219090074,0.12410851872788754,0.24691663682460785,0.10423324257135391,0.09011400490999222,0.35114988684654236,0.5422019362449646,0.6819537281990051,1,58,131,"[0.2469, 0.1042, 0.0901, 0.0594, 0.0415, 0.0355, 0.0325, 0.0286, 0.0235, 0.0197]","[0.013, 0.165, 0.074, 0.011, 0.69, 0.001, 0.3, 0.228, 0.178, 0.016]",3000,0.035496339201927185,-0.005662198317435795,
32,T3,3240,0.034633795270961935,-0.013375173957233364,-0.020237818357100194,0.013220497347865809,-0.02260720861619537,-0.019832442383330887,0.010593714188315442,0.6545180678367615,0.1794203668832779,0.05140798166394234,0.8339384198188782,0.9231195449829102,0.9592772126197815,2,4,9,"[0.6545, 0.1794, 0.0514, 0.0243, 0.0135, 0.0097, 0.0087, 0.0071, 0.0061, 0.0045]","[0.035, 0.013, 0.02, 0.124, 0.328, 0.2, 0.189, 0.107, 0.101, 0.812]",3000,0.03707217052578926,-0.0792264773622411,
32,T4,3240,0.16249033738908294,-0.18049306713228397,0.23406159345949495,-0.08352111471095514,-0.0304648147546122,0.11082332568052536,-0.07595790648336004,0.4529317021369934,0.10791698098182678,0.08570753782987595,0.5608487129211426,0.7557504773139954,0.851237416267395,4,17,38,"[0.4529, 0.1079, 0.0857, 0.0594, 0.0498, 0.0295, 0.0208, 0.0173, 0.0154, 0.0126]","[0.162, 0.18, 0.234, 0.739, 0.708, 0.327, 0.412, 0.26, 0.044, 0.001]",3000,0.08882497251033783,-0.22103234606158895,
32,T5,3240,-0.18528344600129446,-0.03302683489495743,-0.015094120603049599,0.004852796792103101,0.06723023718522017,-0.023634627396102535,0.010992415283688498,0.64299476146698,0.22528745234012604,0.03857938572764397,0.8682821989059448,0.9375791549682617,0.9674912691116333,2,3,7,"[0.643, 0.2253, 0.0386, 0.0207, 0.01, 0.0087, 0.0072, 0.006, 0.0048, 0.0033]","[0.185, 0.033, 0.015, 0.045, 0.349, 0.013, 0.019, 0.142, 0.087, 0.846]",3000,0.046758830547332764,0.15700745897378474,
32,T6,3240,0.14107870204403977,0.029477438328322482,0.05111832042438342,-0.013075382124912395,-0.010807833571317142,-0.018683168964535174,-0.012798854873070541,0.5390968918800354,0.20537430047988892,0.10289017856121063,0.7444711923599243,0.8992877006530762,0.9467146396636963,3,6,11,"[0.5391, 0.2054, 0.1029, 0.0368, 0.0151, 0.0122, 0.0121, 0.0107, 0.007, 0.0055]","[0.141, 0.029, 0.051, 0.069, 0.227, 0.336, 0.04, 0.423, 0.15, 0.671]",3000,0.03796626627445221,-0.11582293958461996,
32,T7,3240,-0.2000751319549044,0.019864706472248143,0.002909364710452828,-0.023579361026160088,0.017876847350939806,-0.03457441251566458,0.01504652803480081,0.6452317833900452,0.2064250260591507,0.05082886293530464,0.8516567945480347,0.938135027885437,0.9669166207313538,1,3,7,"[0.6452, 0.2064, 0.0508, 0.0217, 0.014, 0.0087, 0.0079, 0.0053, 0.0041, 0.0027]","[0.2, 0.02, 0.003, 0.157, 0.042, 0.279, 0.228, 0.029, 0.058, 0.35]",3000,0.035014860332012177,0.17968942470251675,
32,T8,3240,-0.041314368827583145,0.08404964629628908,0.09435209126406514,-0.006991013380994341,0.02553668233293755,-0.0005355186353708126,-0.00250662409102291,0.7337358593940735,0.13508592545986176,0.0375642403960228,0.8688217997550964,0.9374944567680359,0.9670920968055725,4,3,7,"[0.7337, 0.1351, 0.0376, 0.0196, 0.0115, 0.0085, 0.0064, 0.0059, 0.0051, 0.0037]","[0.041, 0.084, 0.094, 0.063, 0.501, 0.587, 0.374, 0.539, 0.268, 0.14]",3000,0.043884266167879105,-0.04947973155765715,
32,R0,3240,0.09971537561809633,-0.05445313573471195,0.09769854485040129,0.00886875177792825,-0.038445047333917806,0.009839966730857744,0.06883625741771739,0.8434656858444214,0.105599045753479,0.011501602828502655,0.9490647315979004,0.9729238152503967,0.9865608811378479,3,2,3,"[0.8435, 0.1056, 0.0115, 0.0078, 0.0045, 0.0038, 0.0032, 0.0026, 0.0021, 0.002]","[0.1, 0.054, 0.098, 0.126, 0.481, 0.391, 0.031, 0.112, 0.24, 0.756]",3000,0.05573919042944908,0.07798363941668021,
32,R1,3240,-0.03244609503422582,0.21130007705618575,0.08626253926203589,0.0194007492219838,-0.02333778928231223,0.034085467461947065,-0.038742329917571997,0.7628468871116638,0.08054155856370926,0.03366837278008461,0.8433884382247925,0.9069312810897827,0.9423962235450745,2,5,12,"[0.7628, 0.0805, 0.0337, 0.0155, 0.0144, 0.0098, 0.0087, 0.0062, 0.0056, 0.0051]","[0.032, 0.211, 0.086, 0.097, 0.025, 0.128, 0.752, 0.276, 0.383, 0.24]",3000,0.06793095171451569,-0.08418298276351166,
32,R2,3240,-0.17112280743109926,-0.010226259965822637,0.20182298137716836,-0.09145050539221598,-0.010507738307955282,-0.014593625605205126,-0.034887138435309266,0.7912967205047607,0.1038641631603241,0.02548683062195778,0.8951609134674072,0.9472424983978271,0.9693045020103455,2,3,6,"[0.7913, 0.1039, 0.0255, 0.0168, 0.0098, 0.0068, 0.0057, 0.004, 0.003, 0.0026]","[0.171, 0.01, 0.202, 0.246, 0.089, 0.095, 0.311, 0.42, 0.013, 0.062]",3000,0.03302329406142235,0.0191667961366841,
32,R3,3240,0.0982465744443542,-0.09766579203181328,-0.20227982247140944,-0.029103209783367674,-0.15963306898478233,-0.029502370394399482,-0.22807779704973885,0.32852569222450256,0.2446618378162384,0.10415224730968475,0.573187530040741,0.7621222138404846,0.8489338159561157,2,17,39,"[0.3285, 0.2447, 0.1042, 0.0515, 0.0333, 0.0228, 0.0181, 0.0165, 0.0153, 0.0142]","[0.098, 0.098, 0.202, 0.127, 0.211, 0.33, 0.579, 0.052, 0.042, 0.049]",3000,0.320451021194458,-0.02347982138678037,
32,R4,3240,0.1303862981822105,0.024878762344593165,0.004807772503295327,-0.008197566702525727,0.023453367760536952,0.08976526626914193,-0.11734561376801607,0.6104233264923096,0.16273722052574158,0.06042264401912689,0.7731605768203735,0.8827651739120483,0.9380422830581665,3,7,13,"[0.6104, 0.1627, 0.0604, 0.0276, 0.0216, 0.0167, 0.0127, 0.0111, 0.0084, 0.0063]","[0.13, 0.025, 0.005, 0.046, 0.353, 0.177, 0.587, 0.492, 0.106, 0.134]",3000,0.15323388576507568,-0.41715930631650633,
32,R5,3240,0.11955596690804161,-0.05896460058933954,-0.12293266969968254,-0.0561594986015624,0.06460025582446971,0.13980337860549322,0.04231669654265716,0.7529626488685608,0.0785728469491005,0.052962612360715866,0.8315355181694031,0.9404301047325134,0.968122124671936,4,4,6,"[0.753, 0.0786, 0.053, 0.0447, 0.0112, 0.0097, 0.0061, 0.0044, 0.0038, 0.0037]","[0.12, 0.059, 0.123, 0.09, 0.007, 0.104, 0.303, 0.305, 0.391, 0.551]",3000,0.03309951722621918,-0.2954564599851076,
32,R6,3240,0.08438155359951931,-0.25723077050289084,-0.042395912754892094,0.049924323275264526,0.019183244138585295,-0.03252969813466228,0.013578650719926248,0.8350785374641418,0.06273619085550308,0.0421479195356369,0.8978147506713867,0.9630821347236633,0.9812944531440735,4,3,4,"[0.8351, 0.0627, 0.0421, 0.0172, 0.0059, 0.0052, 0.0048, 0.0032, 0.0027, 0.0023]","[0.084, 0.257, 0.042, 0.096, 0.183, 0.202, 0.583, 0.626, 0.53, 0.34]",3000,0.0650724545121193,0.14921521268797494,
32,R7,3240,0.2325660214822007,-0.13390633884969758,-0.004469172104572002,-0.07366723718536985,0.00520492691308328,0.05701109507087982,-0.05825119503336598,0.7380015850067139,0.04885680228471756,0.040125761181116104,0.7868583798408508,0.8899763226509094,0.9430166482925415,4,6,12,"[0.738, 0.0489, 0.0401, 0.0358, 0.0271, 0.0224, 0.0118, 0.0086, 0.0054, 0.0048]","[0.233, 0.134, 0.004, 0.675, 0.405, 0.261, 0.327, 0.153, 0.312, 0.027]",3000,0.19874446094036102,-0.4634739549619313,
32,M0,3000,0.12079210545642671,-0.30844713064633483,0.02155469960518304,-0.08047769448183036,-0.08603583824082507,0.08262505513219338,0.056568553090038436,0.5788568258285522,0.09788670390844345,0.0809141993522644,0.6767435073852539,0.8232399821281433,0.9043264985084534,3,10,23,"[0.5789, 0.0979, 0.0809, 0.0345, 0.0311, 0.0273, 0.0208, 0.0146, 0.0096, 0.0088]","[0.121, 0.308, 0.022, 0.04, 0.019, 0.123, 0.301, 0.077, 0.506, 0.054]",3000,0.06857147812843323,-0.04732148016091966,
32,E0,3240,0.11919249897543883,-0.1636381437773142,0.22822326350339625,-0.05683098543953082,-0.03299980682224044,-0.005084235906314088,-0.12507985418629602,0.2885498106479645,0.14175236225128174,0.039195045828819275,0.4303021728992462,0.529617428779602,0.5990522503852844,1,155,266,"[0.2885, 0.1418, 0.0392, 0.033, 0.0271, 0.0177, 0.0162, 0.0122, 0.0118, 0.0115]","[0.119, 0.164, 0.228, 0.205, 0.279, 0.418, 0.204, 0.031, 0.08, 0.034]",3000,0.11570528894662857,-0.20138548378196017,
32,MEAN,3000,-0.18791346809869539,0.6621263789010933,0.3133925081695822,-0.0012051888430136143,-0.01286220769960177,-0.020253045043441997,0.10474852897726807,0.21570947766304016,0.1770012378692627,0.05693908408284187,0.39271071553230286,0.5250781178474426,0.6409619450569153,3,98,227,"[0.2157, 0.177, 0.0569, 0.0411, 0.0343, 0.0313, 0.0268, 0.0229, 0.0194, 0.0156]","[0.188, 0.662, 0.313, 0.098, 0.315, 0.152, 0.175, 0.008, 0.17, 0.056]",3000,0.2488308846950531,0.29317162075800307,
33,T0,3240,-0.16152867777904478,0.02543351511583337,-0.018838643479417005,-0.11273385648888838,-0.19512033150030114,-0.002928522526983674,-0.08272601425199423,0.6681546568870544,0.1955920159816742,0.021577930077910423,0.8637466430664062,0.9198624491691589,0.9603796005249023,2,4,8,"[0.6682, 0.1956, 0.0216, 0.0193, 0.0153, 0.0115, 0.011, 0.0081, 0.0053, 0.0046]","[0.162, 0.025, 0.019, 0.103, 0.144, 0.196, 0.272, 0.207, 0.711, 0.649]",3000,0.05425383523106575,0.10061323956042884,
33,T1,3240,0.2829494095298136,-0.2905077083189378,0.08397133816469281,-0.054404794955469835,-0.0622704663764716,0.009511837739414504,-0.01028418228282415,0.2862730324268341,0.17846238613128662,0.09976877272129059,0.4647354185581207,0.6808573007583618,0.801461398601532,3,26,63,"[0.2863, 0.1785, 0.0998, 0.0664, 0.0499, 0.0353, 0.0283, 0.0265, 0.0165, 0.0141]","[0.283, 0.291, 0.084, 0.695, 0.378, 0.305, 0.058, 0.081, 0.036, 0.182]",3000,0.05040306597948074,-0.10479385120006218,
33,T2,3240,-0.01595375846657791,0.07308299054675982,-0.04306553397079813,0.04826467810544688,0.007820557699468591,-0.06833184280747075,0.10725751024172568,0.22184009850025177,0.10434670746326447,0.0904243215918541,0.32618680596351624,0.5226074457168579,0.6635162234306335,3,66,149,"[0.2218, 0.1043, 0.0904, 0.0614, 0.0446, 0.0373, 0.0312, 0.0288, 0.024, 0.0196]","[0.016, 0.073, 0.043, 0.0, 0.592, 0.099, 0.464, 0.322, 0.278, 0.032]",3000,0.03505922108888626,-0.010808672342054834,
33,T3,3240,-0.016236536461733092,-0.029204414353330148,0.007841952519270962,-0.012031083056878854,0.050617192670187675,-0.03358025171571626,0.027175666788225795,0.6135466694831848,0.1871635764837265,0.061020273715257645,0.8007102608680725,0.9030631184577942,0.9472553133964539,3,5,11,"[0.6135, 0.1872, 0.061, 0.0265, 0.0149, 0.013, 0.0095, 0.0081, 0.0072, 0.0063]","[0.016, 0.029, 0.008, 0.081, 0.42, 0.419, 0.11, 0.068, 0.123, 0.726]",3000,0.03997400403022766,0.09121033274770486,
33,T4,3240,0.05122901691695037,0.3164209695836773,-0.037210410561906535,-0.05858865010531769,-0.045757669650484126,0.11679300171733392,-0.09765206133529847,0.43516528606414795,0.100071981549263,0.08147884160280228,0.5352372527122498,0.7314075827598572,0.8333956003189087,4,20,45,"[0.4352, 0.1001, 0.0815, 0.0615, 0.0532, 0.0292, 0.0216, 0.0209, 0.0169, 0.0134]","[0.051, 0.316, 0.037, 0.793, 0.667, 0.175, 0.048, 0.355, 0.007, 0.063]",3000,0.0820104256272316,-0.1647897681733788,
33,T5,3240,-0.13089715343462033,0.04973847490036753,0.008192166439090733,0.004060661263838038,0.07374285050921536,-0.017798010890266405,-0.007901594115319113,0.6164917349815369,0.2293526828289032,0.047224223613739014,0.8458443880081177,0.9254036545753479,0.9599825143814087,2,4,8,"[0.6165, 0.2294, 0.0472, 0.0214, 0.0109, 0.0098, 0.0082, 0.0067, 0.0056, 0.0043]","[0.131, 0.05, 0.008, 0.018, 0.343, 0.023, 0.178, 0.12, 0.146, 0.79]",3000,0.04618462547659874,0.10753110514752215,
33,T6,3240,-0.07187285214379706,0.022699683762738815,0.03662982635364649,-0.00413913912605536,0.02219884716750441,-0.003703956968450369,0.05011186970578843,0.5305737257003784,0.20137034356594086,0.104929618537426,0.7319440841674805,0.8888855576515198,0.9392685294151306,3,6,13,"[0.5306, 0.2014, 0.1049, 0.0363, 0.0157, 0.0141, 0.0122, 0.011, 0.0069, 0.0061]","[0.072, 0.023, 0.037, 0.014, 0.202, 0.369, 0.021, 0.431, 0.121, 0.738]",3000,0.03768272325396538,0.09428108800890182,
33,T7,3240,-0.18198643832965863,0.007047367373544063,-0.035754732098420235,-0.02196697728705424,0.020764668586064936,-0.037463164157935665,0.005028311541455409,0.642950177192688,0.20182617008686066,0.051378652453422546,0.8447763323783875,0.9333582520484924,0.9633879065513611,2,4,7,"[0.643, 0.2018, 0.0514, 0.0222, 0.015, 0.009, 0.0081, 0.0057, 0.0043, 0.0031]","[0.182, 0.007, 0.036, 0.167, 0.026, 0.382, 0.151, 0.075, 0.172, 0.798]",3000,0.0421738438308239,0.15612777591409605,
33,T8,3240,-0.08248261676304242,0.08998230643130643,0.09671148731450914,-0.004209445190238421,0.01930328803988022,0.005818197189179039,-0.0049802324859632915,0.7266387343406677,0.13354603946208954,0.037698861211538315,0.8601847887039185,0.9302575588226318,0.9622041583061218,3,4,8,"[0.7266, 0.1335, 0.0377, 0.02, 0.0124, 0.0099, 0.0068, 0.0061, 0.0052, 0.004]","[0.082, 0.09, 0.097, 0.141, 0.291, 0.675, 0.459, 0.438, 0.243, 0.082]",3000,0.04603638872504234,-0.0100391180219476,
33,R0,3240,-0.19406960265298046,-0.060636325282505024,0.06393964394218014,-0.009480997299781824,0.029287560402505474,-0.004558049078413737,-0.05891921156743793,0.8379248976707458,0.10706618428230286,0.01175767369568348,0.9449911117553711,0.9702450037002563,0.9845110177993774,5,2,3,"[0.8379, 0.1071, 0.0118, 0.0084, 0.0051, 0.0042, 0.0032, 0.0027, 0.0021, 0.002]","[0.194, 0.061, 0.064, 0.14, 0.483, 0.396, 0.039, 0.308, 0.659, 0.411]",3000,0.05470864847302437,-0.013788847876815405,
33,R1,3240,-0.16527115729235126,0.27371982493806696,0.15516022739675656,-0.012969765582332279,-0.0624923766490125,0.03393761146940124,-0.042064498839829184,0.7476062774658203,0.07805711030960083,0.034907277673482895,0.8256633877754211,0.8946101069450378,0.9329936504364014,5,6,15,"[0.7476, 0.0781, 0.0349, 0.019, 0.0151, 0.0104, 0.0092, 0.0075, 0.0061, 0.0052]","[0.165, 0.274, 0.155, 0.336, 0.065, 0.332, 0.74, 0.421, 0.367, 0.264]",3000,0.0707775130867958,0.03804940272604661,
33,R2,3240,-0.22420171688239685,0.10361740996125753,0.22722206997130348,-0.089086643857351,-0.020527611445402247,-0.02732782048604602,-0.028637402855550602,0.7781501412391663,0.104206882417202,0.030036527663469315,0.8823570013046265,0.940647304058075,0.9652625322341919,2,3,7,"[0.7782, 0.1042, 0.03, 0.0187, 0.0095, 0.0077, 0.0064, 0.0043, 0.0033, 0.003]","[0.224, 0.104, 0.227, 0.188, 0.131, 0.325, 0.058, 0.38, 0.171, 0.21]",3000,0.033418089151382446,0.09112649517071539,
33,R3,3240,0.31424899642024867,-0.1363073588862846,0.34319401196884525,-0.09664554710050137,-0.1586590409189941,0.06380007169210564,-0.3455423281881098,0.3070189952850342,0.24305005371570587,0.10341468453407288,0.5500690340995789,0.7425479292869568,0.8366371393203735,3,19,45,"[0.307, 0.2431, 0.1034, 0.0499, 0.0391, 0.0267, 0.0208, 0.0177, 0.0157, 0.0132]","[0.314, 0.136, 0.343, 0.195, 0.431, 0.263, 0.038, 0.207, 0.04, 0.097]",3000,0.3074483573436737,-0.4516429604986646,
33,R4,3240,0.033666197971726736,0.03595643482069433,0.012110828485394987,-0.023745559940178886,0.00752663019367159,0.10218591561560655,-0.1044032158209889,0.6259985566139221,0.14672772586345673,0.0584401898086071,0.77272629737854,0.8773978352546692,0.934848427772522,2,7,14,"[0.626, 0.1467, 0.0584, 0.0268, 0.0194, 0.0168, 0.0139, 0.0116, 0.0086, 0.0065]","[0.034, 0.036, 0.012, 0.163, 0.346, 0.134, 0.179, 0.595, 0.05, 0.148]",3000,0.1422320008277893,-0.3417687922091119,
33,R5,3240,-0.06010864952575135,-0.07726094699474886,-0.1525604645920279,-0.067553142186297,0.025922929494397447,0.11371446595213944,0.036410854644283785,0.7511019706726074,0.07886957377195358,0.05047168955206871,0.8299715518951416,0.9353275299072266,0.964974045753479,4,4,7,"[0.7511, 0.0789, 0.0505, 0.0422, 0.0127, 0.0109, 0.0062, 0.0048, 0.0041, 0.0036]","[0.06, 0.077, 0.153, 0.086, 0.174, 0.084, 0.369, 0.347, 0.43, 0.47]",3000,0.03831882029771805,-0.10313825572436192,
33,R6,3240,0.48093657573527077,-0.32188855081946716,-0.045626818500728535,0.08657322899531517,0.12781302166925143,-0.024229923964048408,0.07495281985527175,0.8353132009506226,0.059640057384967804,0.04115528613328934,0.8949532508850098,0.9598695635795593,0.9794365167617798,5,3,4,"[0.8353, 0.0596, 0.0412, 0.0177, 0.0061, 0.0055, 0.0052, 0.0037, 0.0029, 0.0023]","[0.481, 0.322, 0.046, 0.096, 0.079, 0.671, 0.379, 0.158, 0.605, 0.278]",3000,0.05919329822063446,-0.27975828550942955,
33,R7,3240,-0.026037200763155553,-0.20992087730004044,0.2213585247846446,0.1024306825008145,0.0158275118420132,-0.05625400212600067,0.05247297867124863,0.7446344494819641,0.04481087997555733,0.039275459945201874,0.7894453406333923,0.8898018598556519,0.9416861534118652,2,6,13,"[0.7446, 0.0448, 0.0393, 0.0335, 0.0276, 0.0211, 0.0117, 0.0082, 0.0062, 0.0048]","[0.026, 0.21, 0.221, 0.655, 0.423, 0.207, 0.252, 0.062, 0.235, 0.166]",3000,0.18753209710121155,0.2666311837137362,
33,M0,3000,0.10727043590127887,-0.3103380895624168,0.1339256218046022,-0.04625757851296371,-0.06483541143225285,0.09378522267494803,0.05015023548463619,0.5827080011367798,0.09882412850856781,0.07716389000415802,0.6815321445465088,0.8225083351135254,0.901648759841919,3,10,24,"[0.5827, 0.0988, 0.0772, 0.0338, 0.03, 0.0258, 0.0212, 0.0136, 0.01, 0.0085]","[0.107, 0.31, 0.134, 0.062, 0.002, 0.155, 0.361, 0.051, 0.66, 0.096]",3000,0.07209283113479614,-0.07110673735348506,
33,E0,3240,0.09071681566013194,-0.1330984979996078,0.1977969380114099,-0.04364067218878957,-0.02709871038509307,0.005897703277545837,-0.1326164332783128,0.29216885566711426,0.1704828292131424,0.04363426938652992,0.46265166997909546,0.5610733032226562,0.6258098483085632,1,147,262,"[0.2922, 0.1705, 0.0436, 0.0298, 0.025, 0.0182, 0.0141, 0.0113, 0.0108, 0.0104]","[0.091, 0.133, 0.198, 0.266, 0.245, 0.433, 0.051, 0.061, 0.06, 0.058]",3000,0.10514536499977112,-0.18106144606197927,
33,MEAN,3000,-0.23307315496988917,0.6329666135064054,0.30284816797461006,0.0012355113250901249,-0.011661173574222116,-0.02218087492132705,0.11780818331817883,0.20826146006584167,0.17771436274051666,0.05613783746957779,0.38597583770751953,0.5178126096725464,0.6319770812988281,2,104,241,"[0.2083, 0.1777, 0.0561, 0.0407, 0.035, 0.0311, 0.0252, 0.0222, 0.0197, 0.016]","[0.233, 0.633, 0.303, 0.147, 0.27, 0.208, 0.227, 0.007, 0.116, 0.015]",3000,0.2545808255672455,0.3354470929442737,
34,T0,3240,-0.26606746125208025,0.06467337664435663,0.10256236445982884,-0.123125248418755,-0.2127294862862542,0.02056198852392411,-0.058254715495709444,0.6500163078308105,0.18931487202644348,0.02394980564713478,0.8393311500549316,0.9015145301818848,0.94803786277771,3,5,11,"[0.65, 0.1893, 0.0239, 0.0216, 0.0166, 0.0127, 0.0117, 0.01, 0.0073, 0.0048]","[0.266, 0.065, 0.103, 0.054, 0.16, 0.497, 0.001, 0.252, 0.705, 0.515]",3000,0.05818483978509903,0.13718211803582875,
34,T1,3240,0.25474023750150065,-0.33563909074687276,0.21133274851536057,-0.07776684193018225,-0.07865030338178623,0.019668670246779693,-0.02796069349763961,0.2779565155506134,0.15759332478046417,0.10513976216316223,0.43554985523223877,0.6521878838539124,0.7767559885978699,2,33,78,"[0.278, 0.1576, 0.1051, 0.0662, 0.0453, 0.0343, 0.0318, 0.0269, 0.0161, 0.0155]","[0.255, 0.336, 0.211, 0.745, 0.223, 0.069, 0.142, 0.004, 0.004, 0.106]",3000,0.0652080550789833,-0.08553360909308905,
34,T2,3240,-0.026807081508269763,0.03667851327559106,-0.033443821272519034,0.04218376705009586,0.010261427929287402,-0.05946853952346232,0.11448633926351283,0.21175828576087952,0.10417241603136063,0.08516719192266464,0.31593069434165955,0.5158635973930359,0.6537025570869446,3,73,165,"[0.2118, 0.1042, 0.0852, 0.068, 0.0468, 0.0349, 0.0315, 0.0268, 0.0237, 0.021]","[0.027, 0.037, 0.033, 0.19, 0.538, 0.115, 0.366, 0.275, 0.421, 0.054]",3000,0.04056863486766815,0.00036481671571424727,
34,T3,3240,0.0027655544622268197,-0.012286206145486851,0.028466208942559742,0.011455131766197082,0.1208892675619917,-0.10068546906562123,0.09378287801117342,0.5751363039016724,0.18164971470832825,0.07015418261289597,0.7567859888076782,0.8717913031578064,0.9248096942901611,3,8,16,"[0.5751, 0.1816, 0.0702, 0.0272, 0.0176, 0.0164, 0.0111, 0.0094, 0.0085, 0.0076]","[0.003, 0.012, 0.028, 0.026, 0.094, 0.593, 0.097, 0.54, 0.413, 0.071]",3000,0.04473794624209404,0.12121161429622813,
34,T4,3240,-0.13179618420607742,-0.22901366310648935,-0.12881170668710337,-0.11792883972963994,-0.1025670361558391,0.18751392723838797,-0.12684343941745346,0.37905335426330566,0.09201638400554657,0.08532527834177017,0.4710697531700134,0.6773993968963623,0.7939471006393433,3,27,63,"[0.3791, 0.092, 0.0853, 0.0749, 0.0461, 0.0329, 0.027, 0.0212, 0.019, 0.0165]","[0.132, 0.229, 0.129, 0.845, 0.323, 0.061, 0.134, 0.445, 0.049, 0.136]",3000,0.10339322686195374,-0.07609891247020908,
34,T5,3240,-0.1569329299241453,-0.0707373559272436,3.319337680223056e-05,-0.0058612009719800455,0.05475635871206387,-0.03791180766207414,0.022271190058710217,0.6125209331512451,0.2168818712234497,0.05223267897963524,0.8294028043746948,0.9136002063751221,0.9521478414535522,5,4,10,"[0.6125, 0.2169, 0.0522, 0.0201, 0.0118, 0.0103, 0.0086, 0.0071, 0.0065, 0.006]","[0.157, 0.071, 0.0, 0.036, 0.449, 0.302, 0.358, 0.051, 0.613, 0.368]",3000,0.047010913491249084,0.15900923607991044,
34,T6,3240,0.0971129005295242,-0.005930929791036914,0.029726230304120197,-0.011518882855209083,-0.03273451930793087,0.03702257056831089,-0.06052862510995424,0.5244895815849304,0.1907557249069214,0.10829680413007736,0.7152453064918518,0.8762169480323792,0.9300117492675781,3,7,16,"[0.5245, 0.1908, 0.1083, 0.0361, 0.0165, 0.0149, 0.0125, 0.0113, 0.0081, 0.007]","[0.097, 0.006, 0.03, 0.028, 0.16, 0.436, 0.042, 0.493, 0.683, 0.057]",3000,0.03880328685045242,-0.11471641520076248,
34,T7,3240,-0.1660454486730649,-0.008804972686078348,0.05729351641995949,-0.012761392751095809,0.03353176201002081,-0.03694102172463282,-0.002628437052163977,0.6406348943710327,0.1971713751554489,0.048917580395936966,0.8378062844276428,0.9241660237312317,0.957497775554657,2,4,9,"[0.6406, 0.1972, 0.0489, 0.0226, 0.0148, 0.0107, 0.0079, 0.006, 0.0048, 0.0039]","[0.166, 0.009, 0.057, 0.229, 0.155, 0.478, 0.028, 0.122, 0.112, 0.773]",3000,0.04411252215504646,0.15216998404778007,
34,T8,3240,-0.060543229535975324,0.06687745505107481,0.11538602695867367,-0.01984108819022713,0.004746533478098339,0.02442279062553001,-0.008364735069436236,0.705309271812439,0.12400218099355698,0.04162183031439781,0.8293114304542542,0.9065228700637817,0.9466792345046997,3,5,11,"[0.7053, 0.124, 0.0416, 0.0202, 0.0154, 0.0132, 0.0091, 0.0069, 0.0058, 0.0053]","[0.061, 0.067, 0.115, 0.215, 0.573, 0.715, 0.282, 0.36, 0.176, 0.115]",3000,0.05515990033745766,-0.031742853823205894,
34,R0,3240,-0.23676111002864705,-0.06975881568707586,0.045521606766587216,-0.00034562141931919525,0.018938210520422993,0.01168825855282348,-0.06794440979702739,0.8426489233970642,0.09829877316951752,0.011588129214942455,0.9409477114677429,0.9667882323265076,0.9814330339431763,5,2,3,"[0.8426, 0.0983, 0.0116, 0.0082, 0.0061, 0.0044, 0.0031, 0.0027, 0.0024, 0.002]","[0.237, 0.07, 0.046, 0.129, 0.49, 0.448, 0.006, 0.556, 0.587, 0.391]",3000,0.055260248482227325,0.009611673526205929,
34,R1,3240,-0.22333450858312337,0.30541870183537523,0.26449753674171983,-0.021738088955017006,-0.053769427818746406,0.06287775624125902,-0.0014026092580124766,0.7299941182136536,0.07528415322303772,0.03245144709944725,0.8052783012390137,0.8756812214851379,0.9193983674049377,4,8,19,"[0.73, 0.0753, 0.0325, 0.0201, 0.0179, 0.0133, 0.0104, 0.0073, 0.0068, 0.0058]","[0.223, 0.305, 0.264, 0.363, 0.18, 0.712, 0.385, 0.298, 0.192, 0.079]",3000,0.09144868701696396,0.0861689228588076,
34,R2,3240,-0.23793711540965706,0.1473773119944778,0.2799822673611649,-0.09091203665249353,-0.02175662596800237,-0.018003718792686946,-0.030504733802299705,0.737331748008728,0.11498823761940002,0.034411631524562836,0.8523199558258057,0.919877290725708,0.949664831161499,3,4,11,"[0.7373, 0.115, 0.0344, 0.022, 0.0112, 0.0095, 0.0073, 0.0052, 0.0043, 0.0035]","[0.238, 0.147, 0.28, 0.069, 0.099, 0.597, 0.023, 0.322, 0.597, 0.184]",3000,0.040015604346990585,0.10779848656477328,
34,R3,3240,0.32245155906719425,-0.16533094799754308,0.40043058423304356,-0.14429020721320154,-0.020414196336387604,0.1361932030820729,-0.22217941536123392,0.31362593173980713,0.2379530817270279,0.09860911220312119,0.5515789985656738,0.743111789226532,0.8360176682472229,3,19,46,"[0.3136, 0.238, 0.0986, 0.0544, 0.0386, 0.0269, 0.0206, 0.0173, 0.0156, 0.0125]","[0.322, 0.165, 0.4, 0.218, 0.408, 0.257, 0.028, 0.18, 0.003, 0.186]",3000,0.28844398260116577,-0.6409556459507034,
34,R4,3240,0.017729311319322424,0.05235601353422256,-0.03431548844119079,-0.06741278004789233,-0.005789293423053048,0.12203695892272663,-0.0874635355302216,0.6204845309257507,0.13369616866111755,0.05498804152011871,0.7541806697845459,0.8600630760192871,0.926193118095398,3,8,16,"[0.6205, 0.1337, 0.055, 0.0267, 0.0242, 0.0191, 0.0162, 0.0143, 0.0098, 0.0068]","[0.018, 0.052, 0.034, 0.459, 0.576, 0.061, 0.394, 0.082, 0.019, 0.18]",3000,0.16933973133563995,-0.34066788028809003,
34,R5,3240,-0.12029631666260483,-0.07401941497277147,-0.16322703000025487,-0.08709734108830916,-0.0022633014526012504,0.10967072660879215,0.012511316866100108,0.732918381690979,0.0841769427061081,0.049654386937618256,0.8170953392982483,0.9206855893135071,0.9547644257545471,4,4,9,"[0.7329, 0.0842, 0.0497, 0.039, 0.0149, 0.0112, 0.007, 0.0061, 0.0053, 0.0045]","[0.12, 0.074, 0.163, 0.077, 0.327, 0.044, 0.599, 0.453, 0.428, 0.234]",3000,0.05299947038292885,-0.05484372985444171,
34,R6,3240,-0.5233994452224795,-0.47302706469440164,-0.06462106622346447,-0.14063791545639487,-0.16373859788206813,0.04726917593830384,-0.11244491488387921,0.810845673084259,0.05770765244960785,0.044769950211048126,0.8685533404350281,0.9424191117286682,0.9678986668586731,4,3,6,"[0.8108, 0.0577, 0.0448, 0.0206, 0.0085, 0.0081, 0.0054, 0.0048, 0.0041, 0.0031]","[0.523, 0.473, 0.065, 0.113, 0.197, 0.761, 0.128, 0.161, 0.364, 0.17]",3000,0.13463352620601654,0.34617045826722015,
34,R7,3240,0.04684126511641881,0.6032689633914265,-0.3041394377802113,0.14772439622538752,0.07173277842007934,-0.1369461100691504,0.13769678571713587,0.6353916525840759,0.07616489380598068,0.05271301791071892,0.7115565538406372,0.8401349782943726,0.9114439487457275,4,9,21,"[0.6354, 0.0762, 0.0527, 0.039, 0.0369, 0.0217, 0.0186, 0.012, 0.0109, 0.0081]","[0.047, 0.603, 0.304, 0.032, 0.115, 0.225, 0.321, 0.181, 0.115, 0.311]",3000,0.32754629850387573,0.3070726469080053,
34,M0,3000,0.1927173455063689,-0.3725469275255889,0.24800924327343404,-0.06200546780896769,-0.04183856570993328,0.06655137903847858,0.015432780263699758,0.5587712526321411,0.09673643112182617,0.07196500152349472,0.6555076837539673,0.7928857207298279,0.888649582862854,3,12,29,"[0.5588, 0.0967, 0.072, 0.034, 0.0314, 0.0246, 0.0226, 0.0218, 0.0177, 0.0091]","[0.193, 0.373, 0.248, 0.005, 0.098, 0.294, 0.325, 0.221, 0.458, 0.107]",3000,0.12459391355514526,-0.1871062597661583,
34,E0,3240,0.05880260915841321,-0.12512295103798973,0.27954286364722203,-0.05521783551648424,-0.03266062870971803,0.032102414752612315,-0.13127532733124622,0.30412840843200684,0.1806873232126236,0.04440196603536606,0.48481571674346924,0.5813077688217163,0.6472172141075134,1,145,273,"[0.3041, 0.1807, 0.0444, 0.0298, 0.0223, 0.0187, 0.0133, 0.0119, 0.0116, 0.0104]","[0.059, 0.125, 0.28, 0.378, 0.225, 0.285, 0.018, 0.082, 0.08, 0.101]",3000,0.11817116290330887,-0.15938412809668795,
34,MEAN,3000,-0.47701587409098456,-0.5091141871963927,0.29598990713044643,-0.0028215541979781864,-0.02215522067370143,-0.03546245086813252,0.17906117224717574,0.20489297807216644,0.17971903085708618,0.05391652137041092,0.3846120238304138,0.5137468576431274,0.6292148232460022,2,106,247,"[0.2049, 0.1797, 0.0539, 0.0399, 0.0353, 0.0298, 0.0241, 0.022, 0.0208, 0.0188]","[0.477, 0.509, 0.296, 0.242, 0.143, 0.244, 0.264, 0.037, 0.128, 0.023]",3000,0.2790793180465698,0.5625574491186688,
35,T0,3240,-0.21795917527679004,0.12921387715211916,0.08914655733156412,-0.06922247204414675,-0.12597387013242853,0.04583715058623683,0.025536571894298515,0.6596388816833496,0.18435503542423248,0.022725705057382584,0.8439939022064209,0.9035831689834595,0.9487344026565552,3,5,11,"[0.6596, 0.1844, 0.0227, 0.0206, 0.0162, 0.0132, 0.0111, 0.0095, 0.0067, 0.0046]","[0.218, 0.129, 0.089, 0.104, 0.112, 0.601, 0.158, 0.092, 0.684, 0.534]",3000,0.059180304408073425,0.1667067927461622,
35,T1,3240,0.22653450471998,-0.3591923861925949,-0.31306380825024366,-0.0854720746077479,-0.09261868702250009,0.042548130689061985,-0.01759783834955768,0.2646663188934326,0.13788041472434998,0.10489165037870407,0.4025467336177826,0.6213992834091187,0.7552839517593384,4,38,89,"[0.2647, 0.1379, 0.1049, 0.0716, 0.0423, 0.0393, 0.0324, 0.029, 0.0175, 0.0157]","[0.227, 0.359, 0.313, 0.63, 0.334, 0.062, 0.211, 0.03, 0.021, 0.142]",3000,0.07723446935415268,-0.03820321024732048,
35,T2,3240,-0.051916518438913754,-0.164086996950349,-0.12717733844112145,0.046930132369988636,0.03789463730971517,-0.06090118845092285,0.12160392297901466,0.20177330076694489,0.1017351821064949,0.083717942237854,0.3035084903240204,0.5130900144577026,0.653986394405365,5,73,167,"[0.2018, 0.1017, 0.0837, 0.0735, 0.0524, 0.0361, 0.033, 0.0258, 0.024, 0.022]","[0.052, 0.164, 0.127, 0.317, 0.419, 0.068, 0.334, 0.401, 0.399, 0.268]",3000,0.052310168743133545,0.03224041744565612,
35,T3,3240,0.13235193836112744,0.006603916173119164,-0.007465723169685497,-0.04124560398348949,-0.10351987195336214,0.1967302982833112,-0.03154777942498632,0.603130042552948,0.15335355699062347,0.06334882229566574,0.7564836144447327,0.8675952553749084,0.9208742380142212,3,8,18,"[0.6031, 0.1534, 0.0633, 0.027, 0.0208, 0.0168, 0.0118, 0.0093, 0.008, 0.0073]","[0.132, 0.007, 0.007, 0.247, 0.558, 0.456, 0.097, 0.595, 0.267, 0.125]",3000,0.04612215608358383,-0.18887711983792385,
35,T4,3240,-0.028072874244220145,0.5534449386793748,-0.47232354234612045,-0.11836848718692107,-0.08795311138814621,0.1939418261317914,-0.1132710034775823,0.33565589785575867,0.09528306126594543,0.08532307296991348,0.4309389591217041,0.635193943977356,0.7661533951759338,3,33,76,"[0.3357, 0.0953, 0.0853, 0.0757, 0.0432, 0.0388, 0.0263, 0.0251, 0.0225, 0.0184]","[0.028, 0.553, 0.472, 0.517, 0.194, 0.039, 0.178, 0.096, 0.062, 0.142]",3000,0.10392065346240997,-0.10359812484010303,
35,T5,3240,-0.1253390258590157,-0.0226096630296389,-0.019091664028579446,-0.0023826790950749275,0.045520174028306146,-0.039521066681903076,0.02637380136451384,0.6055893898010254,0.21268373727798462,0.055846136063337326,0.81827312707901,0.9067835807800293,0.9483545422554016,3,5,11,"[0.6056, 0.2127, 0.0558, 0.0193, 0.0134, 0.0121, 0.0086, 0.0075, 0.0072, 0.0062]","[0.125, 0.023, 0.019, 0.025, 0.503, 0.277, 0.347, 0.045, 0.567, 0.217]",3000,0.047495629638433456,0.15386605868643674,
35,T6,3240,-0.10310020298469502,-0.0038499009254036637,0.025782911641565088,0.002357939673091791,0.03491909081325974,-0.051536296655884835,0.05296357574312312,0.5281580686569214,0.17949232459068298,0.10958536714315414,0.7076504230499268,0.869983434677124,0.9257270693778992,3,8,17,"[0.5282, 0.1795, 0.1096, 0.0348, 0.018, 0.0157, 0.0127, 0.0109, 0.0094, 0.0071]","[0.103, 0.004, 0.026, 0.055, 0.273, 0.52, 0.058, 0.503, 0.576, 0.05]",3000,0.03936043754220009,0.1142607515839455,
35,T7,3240,-0.18849077611129028,0.005888704263573665,0.10278533210921163,-0.015343087839498804,0.03394684897603752,-0.04787038991717123,-0.017124601099691918,0.6659821271896362,0.17860998213291168,0.04577038437128067,0.8445920944213867,0.9260880351066589,0.9589093327522278,2,4,8,"[0.666, 0.1786, 0.0458, 0.022, 0.0138, 0.0114, 0.0073, 0.0055, 0.0045, 0.004]","[0.188, 0.006, 0.103, 0.269, 0.249, 0.453, 0.046, 0.196, 0.172, 0.756]",3000,0.04459764435887337,0.17442920704535544,
35,T8,3240,0.01293305856153862,0.09541558504674055,0.14909503078794747,-0.004713837207510121,0.0016057214739074557,0.03736500959632131,-0.039187594178193404,0.7270573377609253,0.10290918499231339,0.03916684165596962,0.8299665451049805,0.9081958532333374,0.9467101693153381,2,5,11,"[0.7271, 0.1029, 0.0392, 0.0214, 0.0176, 0.0131, 0.0086, 0.0066, 0.0054, 0.0049]","[0.013, 0.095, 0.149, 0.318, 0.124, 0.801, 0.241, 0.195, 0.185, 0.042]",3000,0.05881701782345772,-0.12249544938494274,
35,R0,3240,-0.24443071903150093,-0.07970727463238267,0.06401757343754298,-0.004731219738563605,-0.0010297699357875642,0.0061088520300092266,-0.07398543046629295,0.8593993782997131,0.08370532840490341,0.010268726386129856,0.9431046843528748,0.9680213928222656,0.9818907976150513,4,2,3,"[0.8594, 0.0837, 0.0103, 0.0078, 0.0069, 0.0043, 0.0027, 0.0025, 0.0023, 0.002]","[0.244, 0.08, 0.064, 0.011, 0.267, 0.453, 0.33, 0.333, 0.571, 0.202]",3000,0.054281096905469894,0.020418883872197962,
35,R1,3240,-0.3288938560463292,0.28656622630879097,0.3133399408672461,-0.04374574346969553,-0.10031371031139397,0.11584058882449352,-0.02560692273847126,0.7015756368637085,0.06922730803489685,0.03122175857424736,0.7708029747009277,0.8477990031242371,0.9001504778862,6,10,25,"[0.7016, 0.0692, 0.0312, 0.0252, 0.0206, 0.0164, 0.0117, 0.009, 0.0079, 0.0074]","[0.329, 0.287, 0.313, 0.416, 0.408, 0.616, 0.105, 0.279, 0.417, 0.043]",3000,0.09124352782964706,0.25339630018638326,
35,R2,3240,-0.2818910325167085,-0.20534857766819695,-0.30696313063360914,-0.07975467072590431,-0.03318493947496701,0.011532192643299313,-0.06238799188412095,0.6703610420227051,0.13538549840450287,0.036874379962682724,0.8057465553283691,0.8789907097816467,0.9243312478065491,3,7,18,"[0.6704, 0.1354, 0.0369, 0.0202, 0.0162, 0.0132, 0.0113, 0.008, 0.0067, 0.0062]","[0.282, 0.205, 0.307, 0.085, 0.081, 0.728, 0.17, 0.142, 0.463, 0.015]",3000,0.03930731117725372,0.1421627031287815,
35,R3,3240,0.23313763911952898,-0.16784298476426038,0.43429367778999767,-0.14373444369569346,-0.14602742218369183,0.06157882398875471,-0.3493231318723275,0.3405367434024811,0.23136934638023376,0.0888572484254837,0.5719060897827148,0.7505530118942261,0.8415749669075012,2,18,44,"[0.3405, 0.2314, 0.0889, 0.0533, 0.0365, 0.0254, 0.0232, 0.0163, 0.0144, 0.0116]","[0.233, 0.168, 0.434, 0.222, 0.435, 0.232, 0.026, 0.195, 0.032, 0.175]",3000,0.2680768370628357,-0.38950128493472946,
35,R4,3240,0.010165303122196066,-0.0415583554512907,0.0012449559810692142,-0.0244242577502347,-0.015119957896941639,0.12182062330428643,-0.10889181326225009,0.6676427125930786,0.10264983773231506,0.046101897954940796,0.7702925205230713,0.8675088882446289,0.9307515621185303,2,7,15,"[0.6676, 0.1026, 0.0461, 0.0314, 0.0197, 0.0179, 0.0158, 0.0146, 0.0091, 0.006]","[0.01, 0.042, 0.001, 0.403, 0.676, 0.015, 0.245, 0.159, 0.019, 0.292]",3000,0.1575772762298584,-0.28148267638205404,
35,R5,3240,-0.15362820651337875,-0.09102414608372243,-0.1923678247493842,-0.059254189304147435,-0.04517604690096474,0.042350507346672436,-0.05743863218435621,0.7424182295799255,0.08515612781047821,0.04927760362625122,0.8275743722915649,0.9229003190994263,0.9552287459373474,1,4,9,"[0.7424, 0.0852, 0.0493, 0.0303, 0.0158, 0.0098, 0.0068, 0.006, 0.0052, 0.0045]","[0.154, 0.091, 0.192, 0.076, 0.25, 0.011, 0.105, 0.71, 0.153, 0.267]",3000,0.046250130981206894,0.09232526980750311,
35,R6,3240,-0.3681819283136711,-0.17525481221999775,-0.04838111683227374,-0.0680584497831321,-0.14325997049194755,0.04534373093908598,-0.15316810659783534,0.8027637004852295,0.05984644964337349,0.043198954313993454,0.8626101613044739,0.9369398951530457,0.9637588858604431,3,3,7,"[0.8028, 0.0598, 0.0432, 0.0217, 0.0094, 0.0086, 0.0055, 0.0049, 0.0042, 0.0036]","[0.368, 0.175, 0.048, 0.151, 0.592, 0.509, 0.021, 0.111, 0.202, 0.057]",3000,0.11639076471328735,0.2113392046482033,
35,R7,3240,0.048658495008725496,0.7434229890331573,-0.05105187705398785,0.15091540184569358,0.07246867565212725,-0.16564749220491037,0.1456381271049601,0.6064071655273438,0.07564688473939896,0.05757467448711395,0.6820540428161621,0.8123292922973633,0.8925600647926331,2,11,26,"[0.6064, 0.0756, 0.0576, 0.0393, 0.0334, 0.0216, 0.0201, 0.0149, 0.012, 0.0115]","[0.049, 0.743, 0.051, 0.176, 0.034, 0.187, 0.063, 0.136, 0.01, 0.358]",3000,0.28424888849258423,0.29638610146888383,
35,M0,3000,0.21867736941006413,-0.42468166302646176,-0.22418088756682608,-0.13324927869386244,-0.057125641651073145,0.07237708240312905,-0.04003340668121753,0.5434302687644958,0.10234096646308899,0.08023287355899811,0.6457712650299072,0.7959075570106506,0.8854629993438721,4,12,29,"[0.5434, 0.1023, 0.0802, 0.0355, 0.0344, 0.0239, 0.0216, 0.0197, 0.0154, 0.0089]","[0.219, 0.425, 0.224, 0.086, 0.076, 0.519, 0.083, 0.42, 0.305, 0.223]",3000,0.12380702048540115,-0.1995952514789621,
35,E0,3240,0.11855296960463924,-0.11576928713182595,0.2619596803528009,-0.04016149773445434,-0.02487584592821278,0.021431730804854332,-0.14266753566313217,0.2898028492927551,0.20810866355895996,0.04925099387764931,0.4979115128517151,0.5982998013496399,0.6648862361907959,1,134,260,"[0.2898, 0.2081, 0.0493, 0.0284, 0.0228, 0.0187, 0.0145, 0.012, 0.0109, 0.0105]","[0.119, 0.116, 0.262, 0.44, 0.259, 0.12, 0.121, 0.126, 0.175, 0.011]",3000,0.11801038682460785,-0.23696914156639168,
35,MEAN,3000,-0.5814340454419825,0.34233936234818524,0.2849871498849209,0.007173437607466245,-0.01493986534099296,-0.04113582636745273,0.1797614852858949,0.21024830639362335,0.18236389756202698,0.05656546354293823,0.3926122188568115,0.5247438549995422,0.6393105983734131,3,98,229,"[0.2102, 0.1824, 0.0566, 0.0412, 0.0344, 0.0282, 0.0253, 0.0228, 0.0203, 0.0181]","[0.581, 0.342, 0.285, 0.3, 0.132, 0.224, 0.246, 0.127, 0.06, 0.015]",3000,0.2845463752746582,0.6395960222224997,
36,T0,3240,0.24219056508953712,0.0990509117748912,0.10010812817699227,0.07083094359063935,0.1343551034865242,0.032630382873911956,-0.043256158351193105,0.6543743014335632,0.19544947147369385,0.022280441597104073,0.8498237729072571,0.9077251553535461,0.9518265128135681,3,5,10,"[0.6544, 0.1954, 0.0223, 0.0198, 0.0159, 0.0125, 0.0108, 0.0095, 0.0065, 0.0048]","[0.242, 0.099, 0.1, 0.159, 0.151, 0.53, 0.191, 0.151, 0.646, 0.615]",3000,0.056440893560647964,-0.23717843632037058,
36,T1,3240,0.3367363635068156,-0.5736238260078715,-0.18786917299416178,-0.10009394334603267,-0.0693475275705938,0.01900540315823325,-0.04055880737527827,0.2287125587463379,0.138483926653862,0.11280892789363861,0.3671965003013611,0.6055138111114502,0.7342430949211121,4,44,104,"[0.2287, 0.1385, 0.1128, 0.082, 0.0435, 0.0355, 0.0316, 0.0267, 0.0197, 0.0152]","[0.337, 0.574, 0.188, 0.358, 0.4, 0.121, 0.088, 0.057, 0.024, 0.11]",3000,0.10670813173055649,-0.21911598968114968,
36,T2,3240,0.11883312401855539,0.3202860261233022,-0.33193577075428626,0.014473497138034008,0.03219935297158882,-0.07363109463192735,0.04841709704062865,0.2375754565000534,0.09473247081041336,0.07421154528856277,0.33230793476104736,0.5235416293144226,0.6583811640739441,5,75,172,"[0.2376, 0.0947, 0.0742, 0.0721, 0.045, 0.0359, 0.0323, 0.0247, 0.0215, 0.0204]","[0.119, 0.32, 0.332, 0.506, 0.18, 0.16, 0.277, 0.064, 0.381, 0.317]",3000,0.06670702248811722,-0.12669277325536174,
36,T3,3240,-0.006113639330227451,0.02262654899257662,-0.0755638968966183,0.05551613073203361,0.11077948967662721,-0.05737574166198288,0.032259945854005184,0.5506821870803833,0.17282769083976746,0.07013119012117386,0.7235099077224731,0.8458930850028992,0.9066818952560425,3,10,20,"[0.5507, 0.1728, 0.0701, 0.0294, 0.0228, 0.0177, 0.0145, 0.0111, 0.009, 0.0085]","[0.006, 0.023, 0.076, 0.3, 0.563, 0.067, 0.072, 0.579, 0.089, 0.273]",3000,0.04935401305556297,-0.015451162079039696,
36,T4,3240,-0.3728443103466916,-0.770911043427717,0.2463186985416711,0.135731935227019,0.10575570065839554,-0.12216175670012643,0.1995231106961807,0.22738002240657806,0.13249821960926056,0.0935596227645874,0.3598782420158386,0.575307309627533,0.7155929207801819,3,47,105,"[0.2274, 0.1325, 0.0936, 0.0721, 0.0497, 0.0374, 0.0326, 0.0273, 0.0227, 0.0203]","[0.373, 0.771, 0.246, 0.358, 0.078, 0.194, 0.06, 0.071, 0.039, 0.05]",3000,0.15344977378845215,0.47470879020241796,
36,T5,3240,0.13981291284416417,0.012219727391737859,0.07161579588235346,-0.005594748951375061,-0.04860716247944194,0.07305243946165983,-0.015254121692650918,0.6013330817222595,0.22371728718280792,0.05042658746242523,0.8250503540039062,0.9106842279434204,0.9519749283790588,3,5,10,"[0.6013, 0.2237, 0.0504, 0.0188, 0.0164, 0.0127, 0.0085, 0.0074, 0.0067, 0.0061]","[0.14, 0.012, 0.072, 0.085, 0.531, 0.119, 0.455, 0.456, 0.203, 0.234]",3000,0.04738520458340645,-0.15161968021274133,
36,T6,3240,-0.1404272830805484,0.007662470138050999,-0.010599495703663206,-0.01028669728655023,0.012839658844843286,-0.04853116461227913,0.03717325818159455,0.5149198174476624,0.1989043951034546,0.10591086745262146,0.7138242125511169,0.8710063695907593,0.9273816347122192,3,8,16,"[0.5149, 0.1989, 0.1059, 0.0337, 0.0175, 0.0164, 0.0124, 0.0109, 0.0095, 0.0072]","[0.14, 0.008, 0.011, 0.084, 0.332, 0.43, 0.093, 0.726, 0.153, 0.054]",3000,0.043682657182216644,0.147550164059522,
36,T7,3240,-0.1561371612025501,0.03169814087312756,0.12331785337267775,-0.031921406612625346,0.03331584226507214,-0.08584722507298106,-0.011397140860275663,0.7023067474365234,0.17058685421943665,0.03417929634451866,0.8728935718536377,0.9365609288215637,0.9655762314796448,3,3,7,"[0.7023, 0.1706, 0.0342, 0.0182, 0.0113, 0.0109, 0.0058, 0.0049, 0.0039, 0.0035]","[0.156, 0.032, 0.123, 0.274, 0.42, 0.381, 0.008, 0.226, 0.218, 0.726]",3000,0.04724625498056412,0.1716118301136899,
36,T8,3240,-0.05442912136377285,0.07141709563321083,0.04925391812815642,0.01466108170065982,-0.005430583536806537,0.014383095097492669,-0.04949398443266646,0.7346295118331909,0.09710228443145752,0.0369550846517086,0.8317317962646484,0.9094906449317932,0.9479964971542358,2,5,11,"[0.7346, 0.0971, 0.037, 0.0238, 0.017, 0.0133, 0.009, 0.0062, 0.0056, 0.0044]","[0.054, 0.071, 0.049, 0.258, 0.054, 0.783, 0.409, 0.146, 0.15, 0.014]",3000,0.06098669394850731,-0.05097339019208616,
36,R0,3240,-0.18911179012663304,-0.08721314620133352,0.08640546487176501,0.012946357277970019,0.015585183261979964,0.0029705912337747915,-0.0748197104368616,0.8630817532539368,0.08429241925477982,0.009076185524463654,0.947374165058136,0.9713504314422607,0.9837661385536194,2,2,3,"[0.8631, 0.0843, 0.0091, 0.0084, 0.0065, 0.0038, 0.0025, 0.0021, 0.0021, 0.0019]","[0.189, 0.087, 0.086, 0.168, 0.271, 0.379, 0.615, 0.147, 0.295, 0.215]",3000,0.05223723500967026,-0.011562247566042195,
36,R1,3240,0.08751643905403356,0.31359090562394076,-0.5937697694797895,0.10282941260266541,0.0674669429519845,0.01991248891141758,0.11772672158869471,0.6225634217262268,0.0625646784901619,0.04358911141753197,0.6851280927658081,0.7902132868766785,0.8637195229530334,5,16,39,"[0.6226, 0.0626, 0.0436, 0.0365, 0.025, 0.0189, 0.0173, 0.0131, 0.0126, 0.0116]","[0.088, 0.314, 0.594, 0.386, 0.338, 0.032, 0.328, 0.275, 0.202, 0.046]",3000,0.11959806084632874,-0.1038587890483038,
36,R2,3240,-0.1583102276816149,0.24796317994257205,-0.13428931269958633,-0.09080142021846122,-0.04195185573241974,-0.06953230379776419,-0.04333543449021739,0.4442342221736908,0.19640298187732697,0.04396538808941841,0.640637218952179,0.7590182423591614,0.8400443196296692,2,21,53,"[0.4442, 0.1964, 0.044, 0.0412, 0.0332, 0.0215, 0.0185, 0.0165, 0.0131, 0.0114]","[0.158, 0.248, 0.134, 0.599, 0.359, 0.264, 0.07, 0.015, 0.293, 0.142]",3000,0.0512358695268631,0.11978838902039195,
36,R3,3240,0.25316474010473333,-0.16497341456848116,-0.45115291247159256,-0.0647816807593305,-0.11555995707891038,-0.016688001456526987,-0.26161208213453707,0.3047611117362976,0.19657526910305023,0.11451743543148041,0.501336395740509,0.718798041343689,0.8107477426528931,2,25,60,"[0.3048, 0.1966, 0.1145, 0.0681, 0.0349, 0.026, 0.0203, 0.0184, 0.0149, 0.0124]","[0.253, 0.165, 0.451, 0.153, 0.534, 0.254, 0.061, 0.189, 0.004, 0.067]",3000,0.3287109434604645,-0.2739819319769021,
36,R4,3240,-0.0661345345945419,0.08581207465433273,0.00832765755481905,0.021753880616831266,-0.10756162113896411,0.10242975272338947,-0.2120956953295212,0.6654037237167358,0.09137312322854996,0.04531162604689598,0.7567768692970276,0.8563032746315002,0.9218894243240356,2,8,18,"[0.6654, 0.0914, 0.0453, 0.0328, 0.0214, 0.0186, 0.0174, 0.013, 0.01, 0.0066]","[0.066, 0.086, 0.008, 0.237, 0.601, 0.385, 0.293, 0.165, 0.112, 0.216]",3000,0.15564508736133575,-0.08325491552638963,
36,R5,3240,-0.18647178510267298,-0.12375059514819585,-0.09605600793051283,-0.0008406695985045175,-0.07157633733351276,-0.015439811520727027,-0.0599177698382557,0.7105978727340698,0.09438255429267883,0.04062343016266823,0.8049803972244263,0.8956678509712219,0.9416292905807495,3,6,12,"[0.7106, 0.0944, 0.0406, 0.0327, 0.0174, 0.0137, 0.0098, 0.0086, 0.007, 0.0067]","[0.186, 0.124, 0.096, 0.088, 0.41, 0.081, 0.389, 0.738, 0.078, 0.269]",3000,0.052615948021411896,0.16263796169776082,
36,R6,3240,-0.19072179008093956,-0.20308801690108022,0.011613092376154408,-0.05198738980429138,-0.17862664744887533,-0.042668037828056525,-0.12691790860973257,0.7762537598609924,0.05029401555657387,0.04482489451766014,0.8265478014945984,0.9111891388893127,0.9474946856498718,1,5,11,"[0.7763, 0.0503, 0.0448, 0.0218, 0.018, 0.0109, 0.008, 0.0075, 0.0051, 0.0048]","[0.191, 0.203, 0.012, 0.053, 0.761, 0.281, 0.003, 0.005, 0.246, 0.219]",3000,0.14932338893413544,0.19291896724091345,
36,R7,3240,-0.26679886349641396,-0.7279239944480633,0.12684081872242758,0.1637299583829449,0.1178923838267464,-0.16073840727594202,0.19923388600387412,0.4739629626274109,0.11743270605802536,0.07528085261583328,0.5913956761360168,0.7366407513618469,0.8303046822547913,2,21,52,"[0.474, 0.1174, 0.0753, 0.0407, 0.0293, 0.0252, 0.0221, 0.0171, 0.0149, 0.0143]","[0.267, 0.728, 0.127, 0.245, 0.204, 0.335, 0.103, 0.204, 0.022, 0.018]",3000,0.30104488134384155,0.5798614338657841,
36,M0,3000,-0.2505671330784663,-0.413553033795106,-0.33569129694718414,0.11519318982009043,0.04488726528005632,-0.11663411078183092,0.07054874942411135,0.5050205588340759,0.10088761150836945,0.06910688430070877,0.6059081554412842,0.7539417743682861,0.8550170063972473,4,17,41,"[0.505, 0.1009, 0.0691, 0.043, 0.0359, 0.0316, 0.0215, 0.0195, 0.0178, 0.0106]","[0.251, 0.414, 0.336, 0.182, 0.443, 0.471, 0.119, 0.103, 0.274, 0.244]",3000,0.13866807520389557,0.3352036270662654,
36,E0,3240,-0.12215584428320367,-0.1498585789460772,0.31403212145343595,0.02839568170453427,0.0015437537559215434,-0.0072561842713828,0.13727380255172078,0.30766576528549194,0.19103054702281952,0.05048733577132225,0.49869632720947266,0.5997756123542786,0.66635662317276,2,130,255,"[0.3077, 0.191, 0.0505, 0.0276, 0.023, 0.0183, 0.0137, 0.0124, 0.0118, 0.0104]","[0.122, 0.15, 0.314, 0.486, 0.187, 0.013, 0.135, 0.022, 0.266, 0.157]",3000,0.12220699340105057,0.25615579386401643,
36,MEAN,3000,-0.39598707304182174,-0.5779956358859208,-0.38271776035570004,-0.006249544408991127,-0.021260900967853488,-0.02940168701968026,0.1458307548937845,0.2350589781999588,0.2010044902563095,0.05420462042093277,0.4360634684562683,0.5638904571533203,0.6698132753372192,3,81,196,"[0.2351, 0.201, 0.0542, 0.0409, 0.0327, 0.0257, 0.0234, 0.0214, 0.0196, 0.0159]","[0.396, 0.578, 0.383, 0.283, 0.23, 0.163, 0.108, 0.055, 0.007, 0.028]",3000,0.2885519862174988,0.49255954780059835,
37,T0,3240,0.25202700765728375,0.08453659514058666,0.10031052267328296,0.05309922554544142,0.1391937212377663,4.27571869914978e-05,-0.02249448499660573,0.6552692651748657,0.19275937974452972,0.022316426038742065,0.8480286598205566,0.906093955039978,0.9512696862220764,4,5,10,"[0.6553, 0.1928, 0.0223, 0.0196, 0.0161, 0.0132, 0.0105, 0.0098, 0.0067, 0.0049]","[0.252, 0.085, 0.1, 0.105, 0.138, 0.384, 0.317, 0.013, 0.642, 0.651]",3000,0.05466068536043167,-0.2272193345281277,
37,T1,3240,-0.3338061992540391,-0.6627548809400458,-0.03807505193790279,0.09157348824269407,0.0615392570293781,-0.010727397762314171,0.04867194804493497,0.21015335619449615,0.15606991946697235,0.10871356725692749,0.3662232756614685,0.5964916944503784,0.730069100856781,3,45,107,"[0.2102, 0.1561, 0.1087, 0.076, 0.0456, 0.0352, 0.0331, 0.0286, 0.0203, 0.0164]","[0.334, 0.663, 0.038, 0.277, 0.394, 0.172, 0.01, 0.044, 0.048, 0.081]",3000,0.1340642124414444,0.22646110380493298,
37,T2,3240,0.12707767162746134,-0.4547436358545033,0.45201411799424307,0.007754036255525573,0.02418466415755877,-0.06223938680060285,0.041687834826752965,0.24340605735778809,0.10099183768033981,0.08434111624956131,0.3443979024887085,0.5389899015426636,0.6693878769874573,3,70,164,"[0.2434, 0.101, 0.0843, 0.0707, 0.0395, 0.0362, 0.0305, 0.0251, 0.0198, 0.0188]","[0.127, 0.455, 0.452, 0.116, 0.154, 0.109, 0.284, 0.039, 0.414, 0.031]",3000,0.09743308275938034,-0.13304530966498052,
37,T3,3240,-0.011334429726889481,0.022756659744195027,0.10041754968404941,0.045877421255164204,0.0969760265331191,-0.04902271015682838,0.030808373118492643,0.5349124670028687,0.17193575203418732,0.07850581407546997,0.7068482041358948,0.838912844657898,0.9029191136360168,2,10,21,"[0.5349, 0.1719, 0.0785, 0.0302, 0.0234, 0.0184, 0.0153, 0.0116, 0.0095, 0.0093]","[0.011, 0.023, 0.1, 0.271, 0.538, 0.225, 0.065, 0.58, 0.197, 0.102]",3000,0.049934305250644684,-0.04298886757172181,
37,T4,3240,-0.24658902264322086,-0.8195344802347337,-0.18881658461438044,0.15309066261022378,0.10792961962768945,-0.1421653348003361,0.1975488117187184,0.2340793013572693,0.1453850418329239,0.09043850004673004,0.379464328289032,0.5856910347938538,0.7235793471336365,1,45,102,"[0.2341, 0.1454, 0.0904, 0.0669, 0.0489, 0.0363, 0.0338, 0.0262, 0.0215, 0.0201]","[0.247, 0.82, 0.189, 0.288, 0.165, 0.209, 0.038, 0.025, 0.081, 0.072]",3000,0.1844632625579834,0.3684363689084936,
37,T5,3240,0.1650886846481495,0.007660946792560918,0.09196835351381237,-0.0014389025972369263,-0.03479057067625496,0.07603904409000993,-0.015500783637879701,0.5985804200172424,0.2168872356414795,0.05399949848651886,0.8154676556587219,0.9064531326293945,0.9489856362342834,3,5,11,"[0.5986, 0.2169, 0.054, 0.019, 0.018, 0.0133, 0.0086, 0.0078, 0.007, 0.0058]","[0.165, 0.008, 0.092, 0.231, 0.571, 0.13, 0.428, 0.47, 0.288, 0.196]",3000,0.046952515840530396,-0.18248021433150435,
37,T6,3240,0.15939448565299627,0.014037895002608082,-0.033519411797017895,0.0002345699827210665,-0.029875860297100328,0.06959166234737674,-0.05630844564349756,0.5147340297698975,0.18957334756851196,0.10697229206562042,0.7043073773384094,0.8644419312477112,0.9235532879829407,2,8,17,"[0.5147, 0.1896, 0.107, 0.0343, 0.0189, 0.0178, 0.0133, 0.0112, 0.0093, 0.0076]","[0.159, 0.014, 0.034, 0.1, 0.271, 0.508, 0.249, 0.634, 0.09, 0.028]",3000,0.04580235853791237,-0.17499336641577481,
37,T7,3240,-0.14634671621004405,0.074841218657923,0.13388543134527725,-0.03962645101829884,0.025743181206492747,-0.07985154987564244,-0.015057694728799175,0.6950458884239197,0.17800144851207733,0.03258086368441582,0.8730473518371582,0.9356978535652161,0.9651287794113159,3,3,7,"[0.695, 0.178, 0.0326, 0.0186, 0.0115, 0.0112, 0.0058, 0.005, 0.004, 0.0033]","[0.146, 0.075, 0.134, 0.328, 0.405, 0.131, 0.029, 0.262, 0.154, 0.741]",3000,0.04813487082719803,0.17364687966455097,
37,T8,3240,-0.01096573572371585,0.08206254472543736,0.04233744527823237,0.02105659576021876,-0.008547501540924658,0.025783537031126565,-0.06079185331332617,0.7276427149772644,0.10430246591567993,0.03477856516838074,0.8319451808929443,0.9088453650474548,0.9476691484451294,2,5,11,"[0.7276, 0.1043, 0.0348, 0.0256, 0.0165, 0.0136, 0.0087, 0.0062, 0.0059, 0.0045]","[0.011, 0.082, 0.042, 0.188, 0.051, 0.769, 0.432, 0.014, 0.251, 0.037]",3000,0.06238734349608421,-0.10281078722421301,
37,R0,3240,0.17086659163575796,-0.0642304915955463,0.344959202105175,-0.012913114892027244,-0.021060317776957483,0.016074655235387054,0.06353601398210922,0.8713324069976807,0.07726378738880157,0.00954373273998499,0.948596179485321,0.9721639752388,0.9840481877326965,4,2,3,"[0.8713, 0.0773, 0.0095, 0.0081, 0.0059, 0.0037, 0.0025, 0.0021, 0.0018, 0.0018]","[0.171, 0.064, 0.345, 0.181, 0.259, 0.334, 0.66, 0.021, 0.25, 0.417]",3000,0.055505696684122086,0.009179636793786562,
37,R1,3240,0.097132918214821,-0.4316462436954007,-0.5687057852832078,0.12635078855663787,0.06259620641311553,0.05248902216068573,0.14738115626122517,0.5949965119361877,0.062181707471609116,0.05500119552016258,0.6571782231330872,0.7725616693496704,0.8546696305274963,5,18,43,"[0.595, 0.0622, 0.055, 0.0363, 0.0241, 0.0206, 0.0184, 0.0155, 0.015, 0.0126]","[0.097, 0.432, 0.569, 0.333, 0.229, 0.435, 0.212, 0.049, 0.161, 0.324]",3000,0.1525564342737198,-0.07930696055471252,
37,R2,3240,0.014750380465184074,-0.29247179156471154,-0.7656027534473984,-0.030924242302156072,0.009320066772724423,-0.09814999710398116,-0.07340280112721484,0.3867053687572479,0.20501962304115295,0.06893353909254074,0.5917249917984009,0.7377809882164001,0.8262991905212402,1,24,60,"[0.3867, 0.205, 0.0689, 0.0447, 0.0324, 0.0244, 0.0191, 0.0167, 0.0147, 0.0137]","[0.015, 0.292, 0.766, 0.025, 0.049, 0.071, 0.075, 0.287, 0.057, 0.264]",3000,0.10402540862560272,-0.01674387981597933,
37,R3,3240,0.28411660956854606,-0.21317136895171965,-0.4249976993176421,-0.09161701603062677,-0.09501489025728398,-0.04465474251585605,-0.268277711185933,0.3159272074699402,0.17866463959217072,0.12334578484296799,0.4945918321609497,0.7233043909072876,0.8158160448074341,2,23,57,"[0.3159, 0.1787, 0.1233, 0.0681, 0.0373, 0.0258, 0.0206, 0.0192, 0.0151, 0.0119]","[0.284, 0.213, 0.425, 0.054, 0.573, 0.196, 0.11, 0.239, 0.013, 0.081]",3000,0.35242319107055664,-0.28517755964176805,
37,R4,3240,-0.11514873709338543,0.07989661893884664,-0.005455139774526443,0.03646648978472446,-0.1095979085422694,0.08188527017633396,-0.20448684834244654,0.6781932711601257,0.08098890632390976,0.04600241407752037,0.7591821551322937,0.8640152812004089,0.92646324634552,2,8,16,"[0.6782, 0.081, 0.046, 0.0375, 0.0214, 0.0177, 0.0167, 0.0122, 0.0096, 0.0062]","[0.115, 0.08, 0.005, 0.162, 0.435, 0.628, 0.164, 0.117, 0.15, 0.169]",3000,0.15259751677513123,-0.03000976160353895,
37,R5,3240,-0.23018025612903464,-0.12723776983597032,-0.013919434936313051,0.013492621250947488,-0.08694424025717598,-0.02374538212452726,-0.06498402738576312,0.6905688047409058,0.10772465169429779,0.04420081526041031,0.7982934713363647,0.8919768333435059,0.9402922987937927,3,6,12,"[0.6906, 0.1077, 0.0442, 0.0308, 0.0186, 0.0145, 0.0103, 0.0095, 0.0072, 0.0068]","[0.23, 0.127, 0.014, 0.065, 0.473, 0.008, 0.392, 0.728, 0.23, 0.186]",3000,0.05717066302895546,0.20987143539711678,
37,R6,3240,0.21124205022228085,-0.20055518228082375,0.003075191820618101,0.03328856812357121,0.17904058335152234,0.06217388597358267,0.152140085306689,0.7803035974502563,0.049642544239759445,0.04090007394552231,0.8299461603164673,0.9121593832969666,0.947780191898346,1,5,11,"[0.7803, 0.0496, 0.0409, 0.0218, 0.0195, 0.0106, 0.0078, 0.0071, 0.0054, 0.0047]","[0.211, 0.201, 0.003, 0.049, 0.774, 0.235, 0.019, 0.015, 0.256, 0.134]",3000,0.17700329422950745,-0.23850580061622687,
37,R7,3240,-0.27907905054652343,-0.7562814814806784,0.038307520571644715,0.1427294451294053,0.10623769791271451,-0.15247108143113744,0.24250950817995792,0.4695328176021576,0.13910765945911407,0.0738048255443573,0.6086404919624329,0.7451088428497314,0.8355695605278015,1,19,48,"[0.4695, 0.1391, 0.0738, 0.0358, 0.0269, 0.0257, 0.0205, 0.0161, 0.0148, 0.0133]","[0.279, 0.756, 0.038, 0.293, 0.2, 0.263, 0.083, 0.264, 0.153, 0.032]",3000,0.36466455459594727,0.5787040655520034,
37,M0,3000,0.2479548677222555,-0.4732925478382339,0.30600794978624285,-0.1181460015288257,-0.03809832498810601,0.11159781349625233,-0.050338881041455064,0.4948623478412628,0.11006121337413788,0.07389852404594421,0.6049235463142395,0.7604390978813171,0.8585360646247864,5,16,38,"[0.4949, 0.1101, 0.0739, 0.0442, 0.0375, 0.0324, 0.0194, 0.0192, 0.0161, 0.0109]","[0.248, 0.473, 0.306, 0.273, 0.368, 0.423, 0.065, 0.009, 0.253, 0.302]",3000,0.15986041724681854,-0.31957335855592633,
37,E0,3240,-0.1253110037980549,-0.14516870034261017,0.33596983830014193,0.027264421292353562,0.0008592619946709075,-0.007676298490541055,0.13793423975222613,0.32511505484580994,0.18119895458221436,0.052562691271305084,0.5063140392303467,0.6084982752799988,0.6748743653297424,2,124,245,"[0.3251, 0.1812, 0.0526, 0.027, 0.0226, 0.0174, 0.0139, 0.0131, 0.0119, 0.0101]","[0.125, 0.145, 0.336, 0.455, 0.203, 0.052, 0.2, 0.151, 0.196, 0.12]",3000,0.12868747115135193,0.2606191748946516,
37,MEAN,3000,-0.7055734512562856,-0.21260369819894132,-0.3526637197306001,-0.009753299255985948,-0.04279165010704479,-0.04577215185967484,0.10724703578911697,0.23135894536972046,0.22595538198947906,0.05363023281097412,0.45731431245803833,0.5860739350318909,0.6906366944313049,3,72,176,"[0.2314, 0.226, 0.0536, 0.0411, 0.034, 0.025, 0.0239, 0.0209, 0.0189, 0.0159]","[0.706, 0.213, 0.353, 0.305, 0.211, 0.198, 0.093, 0.088, 0.031, 0.003]",3000,0.3015947937965393,0.624005385799819,
38,T0,3240,0.24186569407698516,0.07933758098067738,0.09165784567973839,0.044277864988638685,0.13118512270148774,-0.010739133289643876,-0.019575625261123455,0.6595291495323181,0.18886548280715942,0.02331259660422802,0.8483946323394775,0.9064094424247742,0.9511626362800598,4,5,10,"[0.6595, 0.1889, 0.0233, 0.0186, 0.0161, 0.0133, 0.0105, 0.0096, 0.0065, 0.0048]","[0.242, 0.079, 0.092, 0.098, 0.175, 0.36, 0.308, 0.022, 0.647, 0.63]",3000,0.05558612197637558,-0.22402535256340844,
38,T1,3240,-0.3656595409433489,-0.6644481447818902,0.05466364058005952,0.09662558022678995,0.06703499048725403,-0.011661962218884539,0.06710185852652852,0.20057643949985504,0.1650967299938202,0.10964470356702805,0.3656731843948364,0.5927890539169312,0.7268369793891907,3,46,110,"[0.2006, 0.1651, 0.1096, 0.0701, 0.0474, 0.0358, 0.0334, 0.0271, 0.0207, 0.0169]","[0.366, 0.664, 0.055, 0.242, 0.4, 0.204, 0.044, 0.09, 0.054, 0.064]",3000,0.1372225284576416,0.26111636021675505,
38,T2,3240,0.12746920165854683,-0.45455755749613613,0.4103556640148463,0.011447937203502134,0.029799164772075736,-0.06332204935128811,0.03940576202364198,0.23963527381420135,0.0980658084154129,0.08499912172555923,0.33770108222961426,0.5348793864250183,0.6657429337501526,4,72,169,"[0.2396, 0.0981, 0.085, 0.0727, 0.0395, 0.0363, 0.03, 0.0251, 0.0205, 0.0189]","[0.127, 0.455, 0.41, 0.095, 0.194, 0.016, 0.322, 0.038, 0.121, 0.494]",3000,0.09493458271026611,-0.13143297478154436,
38,T3,3240,-0.004998489779876209,0.05096758169875801,0.05141433436202363,0.02763874634524649,0.08659957785458729,-0.07118718417516498,0.015851122399402257,0.5154832601547241,0.17157834768295288,0.08430631458759308,0.687061607837677,0.8311542272567749,0.8991615176200867,3,11,22,"[0.5155, 0.1716, 0.0843, 0.0345, 0.0253, 0.0193, 0.0166, 0.0121, 0.0103, 0.0096]","[0.005, 0.051, 0.051, 0.346, 0.478, 0.144, 0.118, 0.599, 0.042, 0.161]",3000,0.052609048783779144,-0.052647879744881595,
38,T4,3240,0.021851440039587555,-0.8196162773052393,-0.13361237729515404,0.12355941864754443,0.09858939241162701,-0.14543117329640307,0.14292591823343803,0.22443145513534546,0.15338335931301117,0.0864173099398613,0.3778148293495178,0.5792647004127502,0.7200555801391602,1,45,102,"[0.2244, 0.1534, 0.0864, 0.0637, 0.0514, 0.0386, 0.0349, 0.0258, 0.022, 0.0196]","[0.022, 0.82, 0.134, 0.297, 0.15, 0.175, 0.216, 0.048, 0.112, 0.106]",3000,0.18531343340873718,0.070268378581727,
38,T5,3240,0.19437548176246108,0.0029821491635747565,0.1100694922130279,0.00418425448218241,-0.02842864656504468,0.08219541322197053,-0.020789146775271727,0.587014377117157,0.21818561851978302,0.053813278675079346,0.8051999807357788,0.8987751007080078,0.9440457820892334,2,6,12,"[0.587, 0.2182, 0.0538, 0.0206, 0.0191, 0.0141, 0.0094, 0.0085, 0.0073, 0.0059]","[0.194, 0.003, 0.11, 0.468, 0.14, 0.289, 0.569, 0.269, 0.23, 0.011]",3000,0.051285602152347565,-0.22484826511848893,
38,T6,3240,0.20217590053906487,-0.006011562752693679,-0.05289342387628869,-0.009031022254998257,-0.04866918821530004,0.0960030145219658,-0.08410014668236722,0.507228434085846,0.18663723766803741,0.10554137825965881,0.6938656568527222,0.8567649126052856,0.9201498031616211,2,8,18,"[0.5072, 0.1866, 0.1055, 0.036, 0.0214, 0.0198, 0.0149, 0.0118, 0.0092, 0.0077]","[0.202, 0.006, 0.053, 0.15, 0.255, 0.56, 0.228, 0.621, 0.101, 0.043]",3000,0.047801293432712555,-0.21850485406770867,
38,T7,3240,-0.14084275325112341,0.06198009706707697,0.11947891489872572,-0.019706027835164265,0.025829681296191932,-0.08125267780390329,-0.0002456434521973814,0.6996043920516968,0.1721496433019638,0.032654400914907455,0.8717540502548218,0.9353550672531128,0.9644492864608765,3,3,7,"[0.6996, 0.1721, 0.0327, 0.0192, 0.0118, 0.0113, 0.0057, 0.0048, 0.004, 0.0033]","[0.141, 0.062, 0.119, 0.382, 0.378, 0.242, 0.035, 0.216, 0.202, 0.73]",3000,0.047964755445718765,0.16366473915129595,
38,T8,3240,0.001823247202098263,0.09822983349934954,0.03970769331902235,0.025491046316701124,-0.010211876325708065,0.027847695349435084,-0.047407452011757785,0.728043258190155,0.10280145704746246,0.03389669954776764,0.8308447003364563,0.9094480276107788,0.9479752779006958,2,5,11,"[0.728, 0.1028, 0.0339, 0.0276, 0.0171, 0.0132, 0.0086, 0.0064, 0.0056, 0.0046]","[0.002, 0.098, 0.04, 0.199, 0.228, 0.724, 0.486, 0.086, 0.2, 0.207]",3000,0.06257396191358566,-0.11001487016089304,
38,R0,3240,0.171006175129466,-0.05482030284440008,0.32033918397607347,-0.011797191625617796,-0.02366444166499256,0.030480434567208614,0.05637212005544226,0.8818592429161072,0.06897637248039246,0.010590770281851292,0.9508355855941772,0.9739945530891418,0.9852668046951294,4,2,2,"[0.8819, 0.069, 0.0106, 0.0073, 0.0053, 0.0036, 0.0024, 0.0022, 0.0016, 0.0015]","[0.171, 0.055, 0.32, 0.209, 0.252, 0.191, 0.71, 0.349, 0.48, 0.221]",3000,0.05562657490372658,0.005410591843344541,
38,R1,3240,0.04586076272903047,-0.4268884248408214,-0.5739195568614391,0.13781932235720112,0.06036347285118642,0.05163033545130334,0.1545789047843953,0.6069806218147278,0.05895121023058891,0.052735790610313416,0.6659318208694458,0.7773343324661255,0.8580924868583679,4,17,41,"[0.607, 0.059, 0.0527, 0.0344, 0.0243, 0.0217, 0.0176, 0.0155, 0.014, 0.0121]","[0.046, 0.427, 0.574, 0.356, 0.01, 0.492, 0.242, 0.007, 0.218, 0.257]",3000,0.152933269739151,-0.0008789616740200565,
38,R2,3240,-0.061954359433438404,-0.29419775164289325,-0.7742889122096354,0.02303696379763608,-0.02382229812218843,0.10662604306515709,0.0425895733858506,0.3889443874359131,0.2036464661359787,0.0674307569861412,0.592590868473053,0.7404178380966187,0.8271415829658508,1,24,59,"[0.3889, 0.2036, 0.0674, 0.0496, 0.0308, 0.0238, 0.0177, 0.0165, 0.0154, 0.0133]","[0.062, 0.294, 0.774, 0.018, 0.09, 0.069, 0.046, 0.222, 0.086, 0.24]",3000,0.10040675848722458,0.047806065342707704,
38,R3,3240,0.2981534201179222,-0.21236174496532367,-0.43844936255381867,-0.08526061106853934,-0.09778798420396993,-0.06831801271190548,-0.2281694466142612,0.3283945620059967,0.17567019164562225,0.116509348154068,0.5040647387504578,0.7245309948921204,0.8187252283096313,2,23,55,"[0.3284, 0.1757, 0.1165, 0.0674, 0.0365, 0.0255, 0.0229, 0.0194, 0.0149, 0.0115]","[0.298, 0.212, 0.438, 0.078, 0.556, 0.227, 0.124, 0.167, 0.055, 0.08]",3000,0.34278199076652527,-0.25603789490113266,
38,R4,3240,-0.1360918453445438,0.08153648604749263,0.01241112761146866,0.03788256525304486,-0.0863605863330821,0.059925234094841025,-0.1564253318130189,0.6825023293495178,0.0755484402179718,0.045693282037973404,0.758050799369812,0.86673504114151,0.9275912642478943,2,7,16,"[0.6825, 0.0755, 0.0457, 0.0412, 0.0218, 0.0171, 0.0164, 0.0121, 0.0091, 0.0062]","[0.136, 0.082, 0.012, 0.204, 0.301, 0.674, 0.099, 0.066, 0.153, 0.072]",3000,0.1599067747592926,0.01450406130105098,
38,R5,3240,-0.19256502466992673,-0.12690040085381127,0.002489616494235568,0.006712753317919288,-0.10270339413571267,-0.050713534244151204,-0.06182238939146628,0.6867685317993164,0.11289538443088531,0.0453050397336483,0.7996639013290405,0.8931223154067993,0.9409323334693909,3,6,12,"[0.6868, 0.1129, 0.0453, 0.0281, 0.02, 0.014, 0.0104, 0.0091, 0.0075, 0.0068]","[0.193, 0.127, 0.002, 0.101, 0.535, 0.04, 0.411, 0.699, 0.154, 0.235]",3000,0.054881561547517776,0.24535455054211175,
38,R6,3240,0.15627150759569733,-0.2658295075760128,0.011335861066732731,0.013377479048873186,0.16257727700006036,0.06664627153745949,0.1708875675898317,0.7865247130393982,0.0495293103158474,0.04031946510076523,0.8360540270805359,0.9148207902908325,0.9489967823028564,1,5,11,"[0.7865, 0.0495, 0.0403, 0.0203, 0.0181, 0.0104, 0.0074, 0.0068, 0.0049, 0.0047]","[0.156, 0.266, 0.011, 0.04, 0.771, 0.246, 0.017, 0.036, 0.242, 0.183]",3000,0.1692224144935608,-0.16611350849915185,
38,R7,3240,-0.23873899877425003,-0.7708975190181491,-0.006551708393021032,0.14172792062311645,0.10663081570487516,-0.13339687879011117,0.27431914489899817,0.4893123209476471,0.1323595941066742,0.07335928827524185,0.6216719150543213,0.7540282011032104,0.8415482640266418,3,18,45,"[0.4893, 0.1324, 0.0734, 0.0343, 0.0247, 0.0247, 0.02, 0.0165, 0.0137, 0.0126]","[0.239, 0.771, 0.007, 0.309, 0.328, 0.084, 0.046, 0.297, 0.192, 0.009]",3000,0.35841456055641174,0.5477812967784994,
38,M0,3000,0.24673040314676264,-0.4468429184882114,-0.33453955233541033,-0.12906706326547393,-0.042925073362832904,0.10703329806988646,-0.050481526374831984,0.5028178691864014,0.11110934615135193,0.07699134945869446,0.6139272451400757,0.7729011178016663,0.8653666377067566,5,15,36,"[0.5028, 0.1111, 0.077, 0.043, 0.039, 0.0311, 0.0188, 0.0176, 0.0144, 0.0105]","[0.247, 0.447, 0.335, 0.205, 0.389, 0.457, 0.191, 0.044, 0.227, 0.333]",3000,0.1579735279083252,-0.3092916356169078,
38,E0,3240,-0.12718365802380943,-0.1436090628022732,0.3245325517749682,0.022528068626408274,-0.005721473903041497,-0.0039417089679855575,0.13917198244460063,0.32972463965415955,0.17833958566188812,0.051861099898815155,0.5080642104148865,0.6079565286636353,0.6738510131835938,2,124,241,"[0.3297, 0.1783, 0.0519, 0.026, 0.022, 0.0166, 0.0138, 0.0132, 0.012, 0.0104]","[0.127, 0.144, 0.325, 0.448, 0.234, 0.054, 0.231, 0.013, 0.197, 0.149]",3000,0.12131043523550034,0.25596685075653164,
38,MEAN,3000,-0.3603947912613998,-0.6125307742250506,-0.3618506629842872,-0.005066527356380534,-0.01721422602894587,-0.028243877937912495,0.14269714507616224,0.22954674065113068,0.22750148177146912,0.05490431189537048,0.457048237323761,0.5890811681747437,0.6934404373168945,4,70,173,"[0.2295, 0.2275, 0.0549, 0.043, 0.0341, 0.0253, 0.0237, 0.0203, 0.0192, 0.0159]","[0.36, 0.613, 0.362, 0.306, 0.203, 0.207, 0.065, 0.107, 0.035, 0.031]",3000,0.2976870834827423,0.4610004123224985,
39,T0,3240,-0.1725413682888335,0.066120470553958,-0.06869128440550835,-0.021718748671757212,-0.09068344049130148,0.019785821262576705,0.014433854161696633,0.6658103466033936,0.18850013613700867,0.02313995733857155,0.8543105125427246,0.9107877016067505,0.9532817602157593,4,5,10,"[0.6658, 0.1885, 0.0231, 0.0181, 0.0152, 0.0121, 0.01, 0.0096, 0.0063, 0.0045]","[0.173, 0.066, 0.069, 0.101, 0.154, 0.379, 0.4, 0.14, 0.613, 0.632]",3000,0.05468155816197395,0.12406233427640125,
39,T1,3240,-0.5195040500866867,-0.6513560548984598,0.02846367887614985,-0.0830011387595894,-0.10348824971906581,0.048477720290214826,0.09143504194682398,0.19753625988960266,0.18283498287200928,0.10593143850564957,0.38037124276161194,0.6002869606018066,0.7325723767280579,3,44,107,"[0.1975, 0.1828, 0.1059, 0.0659, 0.0481, 0.0376, 0.0316, 0.0262, 0.0204, 0.0166]","[0.52, 0.651, 0.028, 0.233, 0.354, 0.273, 0.078, 0.106, 0.029, 0.095]",3000,0.14869502186775208,0.5848616730758471,
39,T2,3240,0.11134671802863325,-0.5249223854395212,0.26866686265723005,0.01603693772919509,0.03115267894309692,-0.06176813040700784,0.019866854512235434,0.24742130935192108,0.1022438108921051,0.08508582413196564,0.349665105342865,0.5466609597206116,0.6752591729164124,2,68,162,"[0.2474, 0.1022, 0.0851, 0.0733, 0.0386, 0.0349, 0.0288, 0.0252, 0.0214, 0.0182]","[0.111, 0.525, 0.269, 0.023, 0.2, 0.018, 0.256, 0.182, 0.079, 0.303]",3000,0.09262784570455551,-0.1355481442236949,
39,T3,3240,0.06546503538490306,0.05329668421957873,0.07104767622623138,-0.03053494052989396,-0.08308164298596817,0.09879814781057303,0.0069735606460720285,0.5248256921768188,0.1614612340927124,0.0827476754784584,0.6862869262695312,0.8298376798629761,0.8998125195503235,3,11,23,"[0.5248, 0.1615, 0.0827, 0.0358, 0.025, 0.0204, 0.0173, 0.0127, 0.0104, 0.0092]","[0.065, 0.053, 0.071, 0.311, 0.519, 0.163, 0.07, 0.593, 0.075, 0.139]",3000,0.053005438297986984,0.01900135699907133,
39,T4,3240,0.4825330756243631,-0.8031452534669152,-0.0539673245324247,0.06267220345041082,0.08987873391790885,-0.12332100711652694,-0.012885295104502297,0.21047377586364746,0.15989969670772552,0.08540310710668564,0.3703734874725342,0.5741795301437378,0.7125028371810913,2,46,105,"[0.2105, 0.1599, 0.0854, 0.0659, 0.0525, 0.0393, 0.0324, 0.0246, 0.0231, 0.019]","[0.483, 0.803, 0.054, 0.256, 0.109, 0.11, 0.225, 0.079, 0.103, 0.169]",3000,0.18749026954174042,-0.4251440387138096,
39,T5,3240,0.22481600926071707,0.038603428362998696,0.112487585755644,7.544225175045252e-05,-0.02802123624767721,0.09153766834975695,-0.022758242955443042,0.5771205425262451,0.22167328000068665,0.054193880409002304,0.7987937927246094,0.8940791487693787,0.9409038424491882,3,6,13,"[0.5771, 0.2217, 0.0542, 0.0218, 0.0192, 0.015, 0.0098, 0.009, 0.0073, 0.0057]","[0.225, 0.039, 0.112, 0.436, 0.201, 0.315, 0.594, 0.161, 0.195, 0.049]",3000,0.052529964596033096,-0.24803616870797776,
39,T6,3240,0.2381185633069389,0.01601217640493209,0.04463807307933479,-0.012023359287020089,-0.04415531738907989,0.10252367791986827,-0.07740115390379922,0.49829474091529846,0.19414201378822327,0.10149136185646057,0.6924367547035217,0.8515351414680481,0.9177718162536621,4,8,19,"[0.4983, 0.1941, 0.1015, 0.0356, 0.022, 0.0204, 0.0159, 0.0125, 0.0096, 0.0078]","[0.238, 0.016, 0.045, 0.179, 0.476, 0.483, 0.301, 0.612, 0.147, 0.046]",3000,0.05050955340266228,-0.25042124544552297,
39,T7,3240,-0.1260201668977751,0.07168654922040697,0.18507113109580087,-0.021239696707716464,0.021662965084597193,-0.08024924034439063,0.025558697685888414,0.6925960183143616,0.17704419791698456,0.03139436990022659,0.8696402311325073,0.9333693385124207,0.9632335901260376,3,3,7,"[0.6926, 0.177, 0.0314, 0.0202, 0.0122, 0.0117, 0.0058, 0.005, 0.004, 0.0034]","[0.126, 0.072, 0.185, 0.379, 0.369, 0.242, 0.025, 0.245, 0.196, 0.709]",3000,0.04688902199268341,0.1561620395436711,
39,T8,3240,0.04971869617006145,0.08430209005662398,0.019674744678043834,-0.003139952166490337,-0.0319469876897151,0.04984592651255271,-0.03761824138292932,0.732680082321167,0.10031629353761673,0.03263428062200546,0.8329963684082031,0.9096149206161499,0.9481797218322754,2,5,11,"[0.7327, 0.1003, 0.0326, 0.0278, 0.0162, 0.0132, 0.0086, 0.0065, 0.0055, 0.0047]","[0.05, 0.084, 0.02, 0.213, 0.239, 0.727, 0.459, 0.171, 0.171, 0.162]",3000,0.0628318041563034,-0.15787232885077856,
39,R0,3240,-0.20978242817925286,0.056939979768410094,0.4363107650029384,0.007924040250159177,0.01347003365689863,-0.03304974918010374,-0.05931451332199111,0.8868870735168457,0.06439756602048874,0.01142740249633789,0.951284646987915,0.9747997522354126,0.9860041737556458,4,2,2,"[0.8869, 0.0644, 0.0114, 0.0072, 0.0049, 0.0036, 0.0024, 0.0021, 0.0016, 0.0015]","[0.21, 0.057, 0.436, 0.224, 0.176, 0.084, 0.687, 0.485, 0.152, 0.488]",3000,0.055171675980091095,0.01778129530319365,
39,R1,3240,0.10590632527615111,-0.40014878104521023,-0.6020011607033205,0.14277924553043933,0.08216224467304152,0.0542256102876601,0.08691446255851785,0.6155414581298828,0.05754128098487854,0.05310094729065895,0.673082709312439,0.78351891040802,0.8619652986526489,4,16,40,"[0.6155, 0.0575, 0.0531, 0.0328, 0.0246, 0.0209, 0.0165, 0.016, 0.0135, 0.0116]","[0.106, 0.4, 0.602, 0.386, 0.028, 0.468, 0.256, 0.001, 0.248, 0.186]",3000,0.15257379412651062,-0.09820642885707073,
39,R2,3240,0.2340409053628972,-0.3083815092252839,0.7709080320528969,0.0021158179980605286,0.018182307554457364,-0.09959645347472156,-0.01170824915028052,0.4067550301551819,0.19510701298713684,0.06582675874233246,0.6018620729446411,0.7505480051040649,0.832878053188324,2,22,56,"[0.4068, 0.1951, 0.0658, 0.0533, 0.0295, 0.0227, 0.0163, 0.0155, 0.0154, 0.0124]","[0.234, 0.308, 0.771, 0.0, 0.116, 0.072, 0.264, 0.034, 0.13, 0.155]",3000,0.10454389452934265,-0.1620268575973946,
39,R3,3240,0.25191611993186874,-0.22259442384466452,0.43660940100682766,-0.053590796537112635,-0.08897514017966739,-0.07244082360627821,-0.24149948251553052,0.3493688404560089,0.16733098030090332,0.11343789100646973,0.5166997909545898,0.7326035499572754,0.8265195488929749,2,21,51,"[0.3494, 0.1673, 0.1134, 0.0666, 0.0358, 0.0256, 0.0243, 0.0185, 0.0141, 0.0115]","[0.252, 0.223, 0.437, 0.101, 0.543, 0.23, 0.282, 0.169, 0.051, 0.047]",3000,0.3540787696838379,-0.24927793354173083,
39,R4,3240,-0.08210558958004112,0.07294498706779004,0.039978664935438314,0.029319747947795596,-0.07378702116164301,0.07476435801480501,-0.12430525405860238,0.6931602954864502,0.07021865993738174,0.044750191271305084,0.7633789777755737,0.8728834986686707,0.9311907291412354,2,7,15,"[0.6932, 0.0702, 0.0448, 0.0427, 0.0221, 0.0164, 0.0156, 0.0113, 0.0087, 0.0064]","[0.082, 0.073, 0.04, 0.23, 0.183, 0.554, 0.396, 0.064, 0.123, 0.002]",3000,0.15743385255336761,-0.0374450100146947,
39,R5,3240,-0.17612460926443785,-0.1394597371058315,0.016833452836499927,0.0007042488909608701,-0.10680759128916913,-0.0682128403415551,-0.05245358613307715,0.6814790368080139,0.12269485741853714,0.04687866196036339,0.8041738867759705,0.8956681489944458,0.9419736266136169,3,6,12,"[0.6815, 0.1227, 0.0469, 0.0249, 0.0197, 0.0131, 0.0105, 0.0088, 0.0073, 0.0067]","[0.176, 0.139, 0.017, 0.067, 0.447, 0.033, 0.427, 0.687, 0.041, 0.291]",3000,0.052841562777757645,0.26492875006264305,
39,R6,3240,0.05022191709097345,-0.2840134270930826,0.020390556366698974,0.0014124944020152174,0.15654880507400218,0.08044515069721163,0.15363580814871355,0.7913253307342529,0.052582573145627975,0.03907238319516182,0.84390789270401,0.9186738729476929,0.951385498046875,1,4,10,"[0.7913, 0.0526, 0.0391, 0.0187, 0.017, 0.0101, 0.0069, 0.0061, 0.0048, 0.0047]","[0.05, 0.284, 0.02, 0.013, 0.766, 0.248, 0.003, 0.048, 0.227, 0.033]",3000,0.16513146460056305,-0.09878512522353093,
39,R7,3240,-0.14518858034416765,-0.7733109203643437,-0.10296441461397189,0.10537456987553678,0.12988142459720153,-0.1634864331263862,0.2686453232929814,0.5139026641845703,0.13560327887535095,0.06975923478603363,0.6495059728622437,0.7741100192070007,0.85500568151474,3,16,39,"[0.5139, 0.1356, 0.0698, 0.0318, 0.023, 0.0226, 0.018, 0.0166, 0.0124, 0.0114]","[0.145, 0.773, 0.103, 0.312, 0.152, 0.188, 0.134, 0.309, 0.201, 0.011]",3000,0.37845149636268616,0.429761282192244,
39,M0,3000,0.24433631977380607,-0.5125862113927562,0.2543244837574368,-0.14509368434356765,-0.04880926301008655,0.11060225758374259,-0.05688199322069765,0.5088137984275818,0.11465393006801605,0.0833168774843216,0.623467743396759,0.7883095741271973,0.8749703168869019,5,14,32,"[0.5088, 0.1147, 0.0833, 0.0424, 0.0391, 0.0296, 0.0184, 0.0155, 0.0125, 0.0107]","[0.244, 0.513, 0.254, 0.149, 0.381, 0.442, 0.328, 0.011, 0.188, 0.337]",3000,0.16368412971496582,-0.28928132841568066,
39,E0,3240,-0.13355416780287183,-0.1481863624087196,0.31421024674251746,0.0156394836104349,-0.012849427919160227,-0.0010230208174563187,0.1397488035073234,0.33762454986572266,0.17648708820343018,0.049650516360998154,0.5141116380691528,0.6104499101638794,0.6754984855651855,2,121,234,"[0.3376, 0.1765, 0.0497, 0.0256, 0.0211, 0.0161, 0.0139, 0.0127, 0.0119, 0.0106]","[0.134, 0.148, 0.314, 0.44, 0.249, 0.093, 0.235, 0.025, 0.165, 0.173]",3000,0.1147458478808403,0.2501084872920257,
39,MEAN,3000,-0.5851994127354431,-0.37166823627926626,-0.29451411322060056,0.0033165656186295747,-0.014332221082482307,-0.040634381536302944,0.17533164909720675,0.23788505792617798,0.22287926077842712,0.054500140249729156,0.4607643187046051,0.5940396189689636,0.699298083782196,3,67,164,"[0.2379, 0.2229, 0.0545, 0.0446, 0.0342, 0.0256, 0.0238, 0.0205, 0.0194, 0.016]","[0.585, 0.372, 0.295, 0.359, 0.22, 0.191, 0.062, 0.042, 0.136, 0.023]",3000,0.30256447196006775,0.6499579102500277,
40,T0,3240,0.1331503363181143,0.043845660600620104,-0.0786218559812502,0.036134251016896206,0.10820367039396823,0.0007413670377842217,-0.029055995969449352,0.6586851477622986,0.19916659593582153,0.02187640406191349,0.8578517436981201,0.9121496677398682,0.9539544582366943,3,5,10,"[0.6587, 0.1992, 0.0219, 0.0173, 0.0151, 0.0117, 0.0101, 0.009, 0.0063, 0.0047]","[0.133, 0.044, 0.079, 0.131, 0.147, 0.291, 0.443, 0.012, 0.582, 0.63]",3000,0.055457744747400284,-0.1482343072790829,
40,T1,3240,-0.6394204024321539,0.5766243403009921,0.010851412216150902,0.0414116113553981,0.009326070092458413,0.01182060478467668,0.11494553811411298,0.20154063403606415,0.18071162700653076,0.10055296868085861,0.3822522759437561,0.5948053002357483,0.7269326448440552,3,49,120,"[0.2015, 0.1807, 0.1006, 0.0648, 0.0472, 0.0353, 0.0321, 0.0249, 0.0225, 0.0174]","[0.639, 0.577, 0.011, 0.126, 0.385, 0.219, 0.01, 0.08, 0.011, 0.172]",3000,0.15890903770923615,0.5883330850981147,
40,T2,3240,0.11697625173677453,-0.48553927631819715,0.2907908171871161,0.016196750500520784,0.03183571662190887,-0.06640254687818146,0.0158182104987156,0.23826074600219727,0.10780218243598938,0.08226628601551056,0.34606292843818665,0.5364765524864197,0.6628479361534119,1,78,184,"[0.2383, 0.1078, 0.0823, 0.0719, 0.0362, 0.0324, 0.0281, 0.0257, 0.0214, 0.0187]","[0.117, 0.486, 0.291, 0.027, 0.23, 0.106, 0.233, 0.227, 0.026, 0.007]",3000,0.08976296335458755,-0.13686122617800928,
40,T3,3240,-0.023597270820895973,0.07627818170576289,0.04566165023061687,-0.04262100224388018,-0.09538275984340008,0.03361048976807059,0.012593542554412113,0.49472370743751526,0.17396269738674164,0.08916310220956802,0.6686863899230957,0.8193540573120117,0.8939788341522217,3,11,24,"[0.4947, 0.174, 0.0892, 0.0332, 0.0283, 0.0207, 0.0196, 0.0133, 0.0106, 0.0104]","[0.024, 0.076, 0.046, 0.381, 0.426, 0.241, 0.019, 0.565, 0.096, 0.0]",3000,0.04787923023104668,0.09422733846705936,
40,T4,3240,-0.2929720807642732,-0.7507206522004408,0.1258138958633874,0.08367475233119079,0.07076480851947298,-0.08777064885380777,0.14320153050784679,0.1898382157087326,0.15923503041267395,0.09275209158658981,0.34907323122024536,0.5692843198776245,0.705007016658783,2,51,120,"[0.1898, 0.1592, 0.0928, 0.0765, 0.051, 0.0371, 0.031, 0.0252, 0.0224, 0.0201]","[0.293, 0.751, 0.126, 0.306, 0.071, 0.166, 0.21, 0.149, 0.09, 0.017]",3000,0.1712321788072586,0.30197068307627745,
40,T5,3240,0.24832281178344862,0.053568413082386725,0.10136950834210144,0.0017074681829234968,-0.01804165503040203,0.07751161091793207,-0.007291179964822449,0.5609971284866333,0.23329271376132965,0.054763369262218475,0.7942898273468018,0.8916124105453491,0.9392063021659851,3,6,13,"[0.561, 0.2333, 0.0548, 0.0222, 0.0204, 0.0143, 0.01, 0.0097, 0.0077, 0.0059]","[0.248, 0.054, 0.101, 0.406, 0.21, 0.261, 0.402, 0.524, 0.178, 0.039]",3000,0.05038520321249962,-0.2798329643819317,
40,T6,3240,0.2226947771287758,0.0220328509212677,-0.04786319329432592,-0.02098993242283261,-0.053783520386273494,0.11027820823595343,-0.07450752303160635,0.4750388562679291,0.20389999449253082,0.10539659857749939,0.6789388656616211,0.8460489511489868,0.9149918556213379,3,9,19,"[0.475, 0.2039, 0.1054, 0.0388, 0.0229, 0.0219, 0.0162, 0.0129, 0.0098, 0.0082]","[0.223, 0.022, 0.048, 0.194, 0.46, 0.461, 0.206, 0.621, 0.176, 0.014]",3000,0.04798704385757446,-0.22888508877232858,
40,T7,3240,-0.06141261613017737,0.080185332867182,-0.18099097664648306,-0.01972048838295426,0.025127285955690505,-0.07282669318726613,0.027589333929199412,0.7055011987686157,0.1748417764902115,0.028214208781719208,0.880342960357666,0.9381887912750244,0.966225266456604,3,3,7,"[0.7055, 0.1748, 0.0282, 0.0184, 0.0112, 0.011, 0.0054, 0.0048, 0.0037, 0.0032]","[0.061, 0.08, 0.181, 0.366, 0.34, 0.109, 0.009, 0.264, 0.121, 0.708]",3000,0.04793811962008476,0.10761739517110001,
40,T8,3240,0.01752896210071224,0.1093948037981905,0.0005986166571235508,-0.00528190239714701,-0.03169248480334373,0.03274329922946542,-0.03225025825360629,0.7516017556190491,0.09653278440237045,0.028507543727755547,0.8481345176696777,0.9173098802566528,0.9531433582305908,3,4,10,"[0.7516, 0.0965, 0.0285, 0.0244, 0.0163, 0.0125, 0.0076, 0.0058, 0.0054, 0.0045]","[0.018, 0.109, 0.001, 0.179, 0.33, 0.722, 0.42, 0.208, 0.164, 0.157]",3000,0.0630292296409607,-0.1262148343442882,
40,R0,3240,0.18642583359567633,-0.05871752481075404,0.35075220632080334,-0.01854190165992971,-0.030023799375446924,0.025775119626614138,0.03748363777795611,0.8839091658592224,0.06755354255437851,0.01169154979288578,0.9514626860618591,0.974723756313324,0.9858333468437195,5,2,2,"[0.8839, 0.0676, 0.0117, 0.0067, 0.0048, 0.0036, 0.0024, 0.002, 0.0016, 0.0015]","[0.186, 0.059, 0.351, 0.235, 0.19, 0.164, 0.682, 0.462, 0.421, 0.34]",3000,0.053613513708114624,-0.0164847146790391,
40,R1,3240,0.021174177322812064,-0.14874761947703075,-0.6585641185993115,0.11571814510328106,0.13137963433250707,0.01554594359592168,0.12330543159945749,0.622857928276062,0.05388480797410011,0.04992580786347389,0.6767427325248718,0.7813159227371216,0.8640663027763367,4,16,40,"[0.6229, 0.0539, 0.0499, 0.0311, 0.0236, 0.0214, 0.0192, 0.017, 0.0139, 0.0113]","[0.021, 0.149, 0.659, 0.355, 0.042, 0.306, 0.12, 0.025, 0.015, 0.377]",3000,0.1367969810962677,-0.08937053384279985,
40,R2,3240,-0.1475542077059239,0.31743115855165566,-0.07197690323324978,-0.012373545486445814,-0.022520176527127966,0.034772779475958915,0.017233720701139692,0.3494628071784973,0.18368104100227356,0.06667576730251312,0.5331438779830933,0.7054319977760315,0.7939331531524658,2,34,85,"[0.3495, 0.1837, 0.0667, 0.0602, 0.0454, 0.0262, 0.0219, 0.0151, 0.014, 0.0113]","[0.148, 0.317, 0.072, 0.762, 0.146, 0.022, 0.023, 0.014, 0.254, 0.131]",3000,0.08933126926422119,0.13500891327731043,
40,R3,3240,0.30207857693842627,0.22733952159315987,-0.4592207201187965,-0.051285523917334215,-0.07822566975894216,-0.052694579771994605,-0.2656774567239582,0.3567526042461395,0.16024525463581085,0.10415896773338318,0.5169978737831116,0.7257590293884277,0.8205276727676392,3,22,56,"[0.3568, 0.1602, 0.1042, 0.0697, 0.0349, 0.0257, 0.024, 0.0191, 0.0138, 0.0121]","[0.302, 0.227, 0.459, 0.124, 0.511, 0.089, 0.217, 0.209, 0.046, 0.004]",3000,0.33662015199661255,-0.29865631640808876,
40,R4,3240,-0.11735059687907327,0.08296115619731634,-0.01648034438286977,-0.023654725362676005,-0.14817392314812267,0.0454096532968538,-0.11427550635099161,0.7187603116035461,0.06149979308247566,0.04566638171672821,0.7802600860595703,0.8853534460067749,0.936802864074707,1,7,14,"[0.7188, 0.0615, 0.0457, 0.0393, 0.0202, 0.014, 0.0138, 0.0099, 0.0079, 0.0059]","[0.117, 0.083, 0.016, 0.2, 0.197, 0.244, 0.685, 0.018, 0.142, 0.145]",3000,0.14942045509815216,0.10646680505151498,
40,R5,3240,-0.1627156987640294,-0.1444878216072024,-0.04666260545028118,0.008861271506152261,-0.10272178453607245,-0.06733197527939364,-0.030506641027662748,0.6868863701820374,0.11706314235925674,0.04221104830503464,0.8039495348930359,0.8909880518913269,0.9405843615531921,3,6,12,"[0.6869, 0.1171, 0.0422, 0.0265, 0.0183, 0.0133, 0.0125, 0.0091, 0.008, 0.0068]","[0.163, 0.144, 0.047, 0.126, 0.41, 0.195, 0.283, 0.711, 0.122, 0.375]",3000,0.057685140520334244,0.26206263278842057,
40,R6,3240,0.014165433234958315,-0.1978924900249987,-0.023566037797145646,-0.01901202535872443,0.1554660207266334,0.1007327765791924,0.062448859490848774,0.7955890893936157,0.044391460716724396,0.03767436742782593,0.8399805426597595,0.9169012904167175,0.950229823589325,2,5,10,"[0.7956, 0.0444, 0.0377, 0.0211, 0.0182, 0.01, 0.0071, 0.0068, 0.0051, 0.0043]","[0.014, 0.198, 0.024, 0.336, 0.653, 0.28, 0.172, 0.032, 0.219, 0.073]",3000,0.152166947722435,-0.1610312044774487,
40,R7,3240,-0.3573476052970264,-0.7409918877868972,-0.0014865133896664329,0.09216655260965971,0.12046946374423956,-0.12548178202669857,0.2926862135283723,0.5005201101303101,0.14138202369213104,0.0700315535068512,0.6419021487236023,0.7672215700149536,0.8466783165931702,3,18,45,"[0.5005, 0.1414, 0.07, 0.0317, 0.0236, 0.0215, 0.0168, 0.0163, 0.0128, 0.012]","[0.357, 0.741, 0.001, 0.334, 0.271, 0.066, 0.15, 0.27, 0.143, 0.052]",3000,0.3677939474582672,0.5756825772087387,
40,M0,3000,0.16527862328716628,-0.4717865016532868,-0.26773805290126995,-0.11361609633553074,-0.0032605462535843775,0.06480845659597465,-0.02668070149898935,0.5357966423034668,0.10738369077444077,0.07760260254144669,0.6431803107261658,0.7944374680519104,0.8774631023406982,4,14,32,"[0.5358, 0.1074, 0.0776, 0.0382, 0.0355, 0.0283, 0.0161, 0.0147, 0.0127, 0.0112]","[0.165, 0.472, 0.268, 0.154, 0.364, 0.476, 0.167, 0.024, 0.228, 0.353]",3000,0.15045525133609772,-0.21235986786034225,
40,E0,3240,-0.14517613838940632,-0.16479586916801733,0.3161248628629014,0.014182669286629524,-0.014426277336186647,-0.005436723301484689,0.14311192417448562,0.343136727809906,0.1741817742586136,0.051174622029066086,0.5173184871673584,0.6154441833496094,0.6793243288993835,2,121,236,"[0.3431, 0.1742, 0.0512, 0.0258, 0.0212, 0.0155, 0.0139, 0.0126, 0.0115, 0.0104]","[0.145, 0.165, 0.316, 0.421, 0.253, 0.095, 0.268, 0.016, 0.118, 0.186]",3000,0.11463842540979385,0.2630151783204378,
40,MEAN,3000,-0.5607395155591778,-0.44123705753783504,-0.2754242735019476,-0.007380206215122482,-0.022340631995790037,-0.047344918619517125,0.09916069294159569,0.22950199246406555,0.22502422332763672,0.05441420525312424,0.45452621579170227,0.5861051678657532,0.6922447681427002,3,71,174,"[0.2295, 0.225, 0.0544, 0.044, 0.0332, 0.0275, 0.0237, 0.0201, 0.0193, 0.0155]","[0.561, 0.441, 0.275, 0.423, 0.127, 0.201, 0.033, 0.121, 0.073, 0.062]",3000,0.293770432472229,0.47962544148854414,
41,T0,3240,0.12770539822995078,0.045737911334718315,-0.10441470032839188,0.010477203831141455,0.09936918292791705,-0.009690218221046097,-0.018141892427239754,0.6610887050628662,0.19621030986309052,0.021741490811109543,0.8572990298271179,0.9111860990524292,0.9528754949569702,3,5,10,"[0.6611, 0.1962, 0.0217, 0.0166, 0.0156, 0.0118, 0.01, 0.0089, 0.0062, 0.0048]","[0.128, 0.046, 0.104, 0.115, 0.187, 0.233, 0.522, 0.04, 0.57, 0.605]",3000,0.05626147612929344,-0.12093434811735192,
41,T1,3240,-0.6860509345010531,0.33513640423442814,-0.01213094868585668,0.014565266760525341,-0.01906611160172279,0.010698996009049055,0.1337893644347738,0.20682212710380554,0.17798326909542084,0.10044213384389877,0.3848053812980652,0.5957850813865662,0.7269599437713623,3,49,119,"[0.2068, 0.178, 0.1004, 0.0625, 0.0481, 0.0361, 0.0307, 0.0243, 0.0223, 0.0178]","[0.686, 0.335, 0.012, 0.031, 0.434, 0.167, 0.05, 0.073, 0.042, 0.199]",3000,0.163099467754364,0.6063101790705907,
41,T2,3240,0.07556081837732273,-0.5203388721398499,0.19760129555873385,0.020011861636230144,0.03787898095398505,-0.06900693513674831,0.03510995871901518,0.25619301199913025,0.10637446492910385,0.07986265420913696,0.3625674843788147,0.5492116212844849,0.6774219870567322,2,71,171,"[0.2562, 0.1064, 0.0799, 0.0711, 0.0357, 0.0315, 0.0294, 0.0271, 0.0217, 0.0187]","[0.076, 0.52, 0.198, 0.077, 0.153, 0.14, 0.009, 0.279, 0.062, 0.324]",3000,0.09392755478620529,-0.1034023163463114,
41,T3,3240,0.020244329290771104,0.05969008491737214,0.06237075307636319,0.042697269139284684,0.09383892224836811,-0.03674617064573864,-0.013832762163250908,0.4899066090583801,0.17298227548599243,0.09063446521759033,0.6628888845443726,0.8161543607711792,0.8906865119934082,4,12,26,"[0.4899, 0.173, 0.0906, 0.0342, 0.0284, 0.0204, 0.0178, 0.0141, 0.0113, 0.011]","[0.02, 0.06, 0.062, 0.4, 0.42, 0.335, 0.053, 0.551, 0.072, 0.053]",3000,0.0518694669008255,-0.08448869958125849,
41,T4,3240,-0.47401898959930555,-0.7122884295562437,0.20971029817249373,0.08228772461619897,0.06097682748331246,-0.06411949684473188,0.1632511412498024,0.18832464516162872,0.15636494755744934,0.09770085662603378,0.34468960762023926,0.5680152773857117,0.7052392363548279,2,51,118,"[0.1883, 0.1564, 0.0977, 0.0755, 0.0501, 0.0392, 0.0305, 0.0251, 0.0226, 0.0198]","[0.474, 0.712, 0.21, 0.299, 0.083, 0.263, 0.184, 0.168, 0.157, 0.048]",3000,0.1681225746870041,0.46659025688599787,
41,T5,3240,0.23488153234243403,0.07769233527450642,-0.10916898763343907,0.0035820800587058376,0.003227092858632762,0.06806471199189831,-0.006417773334047096,0.5618310570716858,0.23222796618938446,0.052242014557123184,0.7940590381622314,0.8897814750671387,0.9375566840171814,2,6,14,"[0.5618, 0.2322, 0.0522, 0.0239, 0.0196, 0.0143, 0.0104, 0.0099, 0.0076, 0.0056]","[0.235, 0.078, 0.109, 0.385, 0.26, 0.252, 0.628, 0.011, 0.149, 0.074]",3000,0.054217368364334106,-0.29200679725869155,
41,T6,3240,0.16556103340938236,0.04273304818515279,-0.029807388748989437,-0.017647597498551305,-0.04315636365656181,0.11421175487968938,-0.07011909715476258,0.4249946177005768,0.24820400774478912,0.10573140531778336,0.6731986403465271,0.8423731923103333,0.9127541780471802,3,9,20,"[0.425, 0.2482, 0.1057, 0.0396, 0.0239, 0.0223, 0.0164, 0.0121, 0.0107, 0.0089]","[0.166, 0.043, 0.03, 0.164, 0.466, 0.486, 0.172, 0.609, 0.1, 0.029]",3000,0.04742911830544472,-0.1937463451807582,
41,T7,3240,-0.08868328144723128,0.10135295499201366,-0.159334468319157,-0.019629673280065596,0.021349122148827043,-0.07441927412768144,0.030170048731542984,0.6808007955551147,0.19628702104091644,0.02950862981379032,0.8770878314971924,0.9368712306022644,0.9651848077774048,5,3,7,"[0.6808, 0.1963, 0.0295, 0.0187, 0.0116, 0.0107, 0.0053, 0.0049, 0.004, 0.0034]","[0.089, 0.101, 0.159, 0.396, 0.332, 0.256, 0.034, 0.307, 0.377, 0.575]",3000,0.05034744367003441,0.1665713729500877,
41,T8,3240,0.06804168434291001,0.09835467711392726,0.06409956873917827,-0.0434038166767766,-0.06154190406450876,0.055634766517930596,-0.014002494169244694,0.7555633783340454,0.09503162652254105,0.027477862313389778,0.8505949974060059,0.9165940284729004,0.9528953433036804,3,4,10,"[0.7556, 0.095, 0.0275, 0.0231, 0.0154, 0.0124, 0.008, 0.0058, 0.0053, 0.0048]","[0.068, 0.098, 0.064, 0.287, 0.308, 0.714, 0.422, 0.181, 0.149, 0.171]",3000,0.06585703790187836,-0.15552262432888758,
41,R0,3240,-0.21232060238373107,-0.04410859793369615,0.42314914790083535,0.017050536551585647,0.02768751336714487,-0.030209055049876157,-0.04879189163580602,0.8842724561691284,0.0658823549747467,0.01257503591477871,0.9501547813415527,0.9740974307060242,0.9851269721984863,4,2,2,"[0.8843, 0.0659, 0.0126, 0.0068, 0.0046, 0.0035, 0.0025, 0.0019, 0.0016, 0.0015]","[0.212, 0.044, 0.423, 0.237, 0.234, 0.18, 0.661, 0.523, 0.214, 0.401]",3000,0.05535923317074776,0.013081858880069139,
41,R1,3240,0.024492570223489787,-0.15587025881302985,-0.6570591657629062,0.10972711741361016,0.13578637717593947,-0.004944495794866516,0.14287523573496005,0.6278970837593079,0.05465956777334213,0.04865793511271477,0.6825566291809082,0.7848665118217468,0.8675667643547058,4,16,39,"[0.6279, 0.0547, 0.0487, 0.0289, 0.0247, 0.0215, 0.0199, 0.0177, 0.013, 0.0106]","[0.024, 0.156, 0.657, 0.342, 0.524, 0.242, 0.022, 0.113, 0.017, 0.379]",3000,0.1324516385793686,-0.07272613896954327,
41,R2,3240,-0.11203213180104206,0.2687238687123546,-0.42423707360825574,-0.013350778645620676,-0.015835185256488787,0.04793871494238237,-0.0075832482268329065,0.36564669013023376,0.18633316457271576,0.06443166732788086,0.5519798398017883,0.7187848687171936,0.8054245710372925,2,31,78,"[0.3656, 0.1863, 0.0644, 0.0583, 0.044, 0.0279, 0.0196, 0.0144, 0.0135, 0.0113]","[0.112, 0.269, 0.424, 0.609, 0.088, 0.019, 0.026, 0.009, 0.27, 0.14]",3000,0.09559765458106995,0.062456833292802785,
41,R3,3240,0.27693283102988797,0.23689991112314962,-0.49403156495328115,-0.07245805733193222,-0.0676170421033326,-0.10794846363911197,-0.19847949420999456,0.3756127655506134,0.16636957228183746,0.09891176223754883,0.5419823527336121,0.7363893389701843,0.8310500979423523,2,21,52,"[0.3756, 0.1664, 0.0989, 0.0625, 0.033, 0.0266, 0.0232, 0.0191, 0.0132, 0.0125]","[0.277, 0.237, 0.494, 0.161, 0.509, 0.086, 0.23, 0.175, 0.041, 0.006]",3000,0.3289494216442108,-0.20022028614084975,
41,R4,3240,-0.05571750778404132,0.07387842848893998,-0.03646189557714133,-0.011588331812516634,-0.15235531561418095,0.02698651633513645,-0.11446037741235747,0.7197727560997009,0.061550430953502655,0.045715879648923874,0.7813231945037842,0.8859522342681885,0.9372032880783081,3,6,14,"[0.7198, 0.0616, 0.0457, 0.0383, 0.0206, 0.0145, 0.0137, 0.0097, 0.0076, 0.0058]","[0.056, 0.074, 0.036, 0.167, 0.342, 0.531, 0.423, 0.005, 0.108, 0.134]",3000,0.1489039957523346,0.11101391615966419,
41,R5,3240,-0.16736522199073017,-0.1601304724089824,0.05750896814892511,0.00920494169394848,-0.1013240998531581,-0.07027209284027604,-0.02748428830149306,0.676099956035614,0.12013807147741318,0.04488663747906685,0.7962380051612854,0.8864138126373291,0.9394447803497314,3,6,13,"[0.6761, 0.1201, 0.0449, 0.0275, 0.0178, 0.0154, 0.0136, 0.0092, 0.0084, 0.0066]","[0.167, 0.16, 0.058, 0.136, 0.308, 0.21, 0.262, 0.711, 0.098, 0.327]",3000,0.05966150388121605,0.26963751739233704,
41,R6,3240,0.007130256163071685,-0.1449425519381456,-0.020806102555839496,-0.029459223710410966,0.1219010276008753,0.12467854247555508,0.02142756416695754,0.7939000129699707,0.04544013738632202,0.03880545496940613,0.8393401503562927,0.9164285063743591,0.9501465559005737,2,5,10,"[0.7939, 0.0454, 0.0388, 0.0202, 0.0181, 0.0101, 0.0071, 0.0066, 0.0051, 0.0047]","[0.007, 0.145, 0.021, 0.423, 0.574, 0.291, 0.241, 0.002, 0.107, 0.223]",3000,0.15377545356750488,-0.17619360117820068,
41,R7,3240,-0.3916550399048184,-0.7173026588110001,0.009660010434757484,0.09332463676508225,0.12231363837007203,-0.12863401885493958,0.28538400302664246,0.5147914290428162,0.14407025277614594,0.0658816397190094,0.6588616967201233,0.7763367891311646,0.8527204990386963,3,17,42,"[0.5148, 0.1441, 0.0659, 0.03, 0.0216, 0.0204, 0.0165, 0.0158, 0.012, 0.0117]","[0.392, 0.717, 0.01, 0.352, 0.248, 0.047, 0.092, 0.216, 0.141, 0.053]",3000,0.3806909918785095,0.5781919665298514,
41,M0,3000,0.17841828203157292,-0.45628115761998195,-0.260116031120282,-0.12657790056129598,-0.018222866510278195,0.053959701849442175,-0.015585425045081891,0.5392385721206665,0.10866290330886841,0.0841645821928978,0.6479014754295349,0.8042774200439453,0.8845112919807434,4,13,29,"[0.5392, 0.1087, 0.0842, 0.037, 0.0352, 0.0275, 0.0159, 0.0134, 0.0122, 0.0114]","[0.178, 0.456, 0.26, 0.033, 0.317, 0.489, 0.254, 0.005, 0.13, 0.324]",3000,0.14961180090904236,-0.1888648301004638,
41,E0,3240,-0.14829103453977627,-0.1579483114095823,0.3040323216084463,0.011285546573053813,-0.01824640315066128,-0.0026581697782635267,0.1432024535543875,0.3507119119167328,0.17249497771263123,0.049816131591796875,0.523206889629364,0.6182252764701843,0.6821533441543579,2,118,230,"[0.3507, 0.1725, 0.0498, 0.0245, 0.0207, 0.0149, 0.0138, 0.0131, 0.0117, 0.0105]","[0.148, 0.158, 0.304, 0.414, 0.273, 0.02, 0.285, 0.118, 0.137, 0.181]",3000,0.10844722390174866,0.2590061713782556,
41,MEAN,3000,-0.7005300439118666,-0.06933263806476975,-0.25042837634401804,-0.009921582421761459,-0.047563220214650356,-0.04696170391429932,0.13083637544426388,0.23276914656162262,0.22371208667755127,0.05496741831302643,0.4564812183380127,0.5895625948905945,0.6958950757980347,2,69,169,"[0.2328, 0.2237, 0.055, 0.0452, 0.0329, 0.0279, 0.0239, 0.02, 0.0191, 0.0155]","[0.701, 0.069, 0.25, 0.382, 0.235, 0.19, 0.056, 0.077, 0.09, 0.054]",3000,0.2971227765083313,0.6881644377887255,
42,T0,3240,0.1385904338481573,0.04447649222526665,-0.09663331365637078,0.028057446491628016,0.11324559524343454,0.004833573535734928,-0.012197057941838596,0.6659262776374817,0.19428586959838867,0.02083767019212246,0.8602121472358704,0.9122265577316284,0.9530981183052063,3,5,10,"[0.6659, 0.1943, 0.0208, 0.016, 0.0152, 0.0117, 0.01, 0.0087, 0.0058, 0.0046]","[0.139, 0.044, 0.097, 0.1, 0.167, 0.253, 0.519, 0.15, 0.568, 0.616]",3000,0.05600222945213318,-0.155766988448414,
42,T1,3240,-0.6910818267924794,0.21409461930856785,-0.03416721785031497,0.002237132073664931,-0.02356926543131624,0.005080507093977223,0.14028402014509064,0.20275473594665527,0.1864265650510788,0.09876479208469391,0.38918131589889526,0.5937057137489319,0.7239901423454285,2,49,121,"[0.2028, 0.1864, 0.0988, 0.0584, 0.0474, 0.0369, 0.0307, 0.0247, 0.0208, 0.0171]","[0.691, 0.214, 0.034, 0.003, 0.408, 0.198, 0.087, 0.032, 0.07, 0.254]",3000,0.16560493409633636,0.6294932838129296,
42,T2,3240,0.06806771743793942,0.536372980434588,-0.14779774139507215,0.019352383957021733,0.03864084208430734,-0.05613516933476617,0.03669000248320467,0.2396741509437561,0.11500655859708786,0.08373251557350159,0.35468071699142456,0.5426505208015442,0.6730368137359619,1,73,173,"[0.2397, 0.115, 0.0837, 0.0683, 0.036, 0.0317, 0.0309, 0.0259, 0.0224, 0.0195]","[0.068, 0.536, 0.148, 0.05, 0.047, 0.148, 0.051, 0.202, 0.073, 0.212]",3000,0.10475536435842514,-0.10307587852464586,
42,T3,3240,0.0026666661185490124,0.036754418731120744,0.07151430847934148,0.041155139516551496,0.09548212741870424,-0.0578863041838257,-0.0015981453100573834,0.49097830057144165,0.17242291569709778,0.09088514745235443,0.6634012460708618,0.8162604570388794,0.8903558850288391,4,12,26,"[0.491, 0.1724, 0.0909, 0.0326, 0.0294, 0.02, 0.0174, 0.0146, 0.0113, 0.0108]","[0.003, 0.037, 0.072, 0.447, 0.391, 0.386, 0.021, 0.536, 0.056, 0.009]",3000,0.05219736695289612,-0.05247549239420237,
42,T4,3240,-0.5105527513343112,-0.6728323660715013,0.22963494060328354,0.07888762215720832,0.05767871033306184,-0.04577652528464019,0.1627577200310489,0.18083007633686066,0.15331149101257324,0.10428063571453094,0.3341415524482727,0.5602776408195496,0.6978175640106201,4,52,121,"[0.1808, 0.1533, 0.1043, 0.0729, 0.0489, 0.0394, 0.0302, 0.0252, 0.023, 0.0198]","[0.511, 0.673, 0.23, 0.339, 0.059, 0.322, 0.144, 0.218, 0.145, 0.111]",3000,0.15918265283107758,0.5120210437272736,
42,T5,3240,0.24114090337400385,0.07866179207373729,0.13267328833496966,-0.00492463851466813,0.00528828348243538,0.06593047663430315,-0.008835035772949244,0.5515238642692566,0.23631452023983002,0.05341525748372078,0.7878383994102478,0.8855366110801697,0.9346058964729309,3,6,15,"[0.5515, 0.2363, 0.0534, 0.0239, 0.0204, 0.0145, 0.0105, 0.0102, 0.0081, 0.0058]","[0.241, 0.079, 0.133, 0.373, 0.296, 0.416, 0.621, 0.12, 0.116, 0.0]",3000,0.05511585623025894,-0.2870023082051997,
42,T6,3240,0.18524247123665905,0.04736001666719756,-0.03052725207857239,-0.018471796873514246,-0.04023436022829285,0.11236194234618739,-0.05016377622551908,0.41900938749313354,0.24965587258338928,0.10581222176551819,0.6686652898788452,0.8377348184585571,0.9100195169448853,3,9,21,"[0.419, 0.2497, 0.1058, 0.0396, 0.0237, 0.0223, 0.0172, 0.0122, 0.0112, 0.0094]","[0.185, 0.047, 0.031, 0.179, 0.465, 0.42, 0.206, 0.594, 0.028, 0.0]",3000,0.04717852920293808,-0.20597702080357722,
42,T7,3240,-0.10391638041320236,0.10140743806928537,0.14721164590033692,0.029869716307862833,0.08722332712476168,-0.10086900293898668,0.09393098053905953,0.6648980379104614,0.2099529504776001,0.030046770349144936,0.8748509883880615,0.9347652196884155,0.9640995860099792,4,3,7,"[0.6649, 0.21, 0.03, 0.0182, 0.0116, 0.0111, 0.0054, 0.0049, 0.0043, 0.0037]","[0.104, 0.101, 0.147, 0.37, 0.288, 0.092, 0.078, 0.315, 0.383, 0.606]",3000,0.05072150006890297,0.18055508191042993,
42,T8,3240,0.11058232913703625,0.09685328058794769,0.05851609811847715,-0.04869663752835544,-0.06636384340823721,0.0686147590100706,-0.007200856039672758,0.7565683722496033,0.09329267591238022,0.02834819070994854,0.8498610258102417,0.9167429804801941,0.952879786491394,4,4,10,"[0.7566, 0.0933, 0.0283, 0.0229, 0.0156, 0.0122, 0.0078, 0.006, 0.0053, 0.0049]","[0.111, 0.097, 0.059, 0.324, 0.302, 0.713, 0.454, 0.136, 0.204, 0.158]",3000,0.06486808508634567,-0.17683796698423665,
42,R0,3240,-0.19284470312548485,-0.04947983158568031,0.4052325217007858,0.020846187317511807,0.017356299219961752,-0.02916107706045356,-0.04944278723614721,0.8911646008491516,0.060498759150505066,0.012659850530326366,0.9516633749008179,0.9747738242149353,0.9854811429977417,5,2,2,"[0.8912, 0.0605, 0.0127, 0.0063, 0.0041, 0.0033, 0.0025, 0.0018, 0.0017, 0.0014]","[0.193, 0.049, 0.405, 0.241, 0.236, 0.195, 0.598, 0.539, 0.455, 0.333]",3000,0.05525064095854759,-0.002281744754761731,
42,R1,3240,0.15297821721424976,-0.1871231650594923,-0.646668978886813,0.08300090183515489,0.13135097512852567,-0.01300106306900111,0.11999011325561083,0.6345028281211853,0.053946588188409805,0.04765891656279564,0.6884494423866272,0.7885732054710388,0.869711697101593,4,15,37,"[0.6345, 0.0539, 0.0477, 0.0274, 0.0251, 0.0214, 0.02, 0.0172, 0.0124, 0.0102]","[0.153, 0.187, 0.647, 0.366, 0.454, 0.114, 0.197, 0.098, 0.015, 0.338]",3000,0.12956233322620392,-0.1716842072727481,
42,R2,3240,-0.027332285621528164,0.1900052156779565,-0.47609448762677226,-0.007437079453510773,-0.02179911672753644,0.09075272057325803,-0.08822426969650131,0.3733619749546051,0.1929062008857727,0.06423389911651611,0.5662682056427002,0.723894476890564,0.8099370002746582,2,29,75,"[0.3734, 0.1929, 0.0642, 0.0524, 0.041, 0.0281, 0.0193, 0.0143, 0.0135, 0.0108]","[0.027, 0.19, 0.476, 0.568, 0.037, 0.027, 0.057, 0.126, 0.225, 0.005]",3000,0.09915369004011154,-0.07998946412302325,
42,R3,3240,0.20295558134340788,0.23875207715311816,-0.46210100493585277,-0.06055437579116608,-0.045370016789303885,-0.08449745975074995,-0.16995549032268475,0.3868027925491333,0.1678503304719925,0.09777522832155228,0.5546531081199646,0.7429213523864746,0.8381772041320801,2,20,49,"[0.3868, 0.1679, 0.0978, 0.0576, 0.0329, 0.0278, 0.0227, 0.019, 0.013, 0.0127]","[0.203, 0.239, 0.462, 0.184, 0.547, 0.296, 0.151, 0.202, 0.032, 0.021]",3000,0.3303380310535431,-0.1885943022862549,
42,R4,3240,-0.04569295404540708,0.057336973328283594,-0.06347980924603264,0.014300691306136322,-0.13589438535928336,0.049818871472540334,-0.13871634976046562,0.7209333181381226,0.05962164327502251,0.04649472236633301,0.7805549502372742,0.8863798975944519,0.9371923208236694,3,6,14,"[0.7209, 0.0596, 0.0465, 0.0387, 0.0207, 0.0144, 0.0135, 0.0094, 0.0076, 0.006]","[0.046, 0.057, 0.063, 0.137, 0.368, 0.476, 0.476, 0.014, 0.095, 0.168]",3000,0.14881642162799835,0.03412279616592445,
42,R5,3240,-0.1532087200547467,-0.1585463091546028,0.15967177536259158,0.008618945293205664,-0.10287012016458985,-0.07715297688561178,-0.032897571784183934,0.6674819588661194,0.1269407570362091,0.043972983956336975,0.7944227457046509,0.8844259977340698,0.9384627342224121,2,7,13,"[0.6675, 0.1269, 0.044, 0.0283, 0.0177, 0.0155, 0.0142, 0.0093, 0.0086, 0.0065]","[0.153, 0.159, 0.16, 0.149, 0.183, 0.308, 0.121, 0.727, 0.141, 0.23]",3000,0.060181859880685806,0.26577686176175325,
42,R6,3240,0.04579652743458145,-0.09472648233507049,-0.0026653745472324593,-0.02876490954764012,0.11593421376320223,0.127875286371103,0.011455629763878728,0.7879511117935181,0.04846544936299324,0.042312152683734894,0.8364165425300598,0.916263997554779,0.9498159885406494,2,5,11,"[0.788, 0.0485, 0.0423, 0.0195, 0.018, 0.0099, 0.0072, 0.0064, 0.0054, 0.0046]","[0.046, 0.095, 0.003, 0.412, 0.586, 0.298, 0.225, 0.018, 0.007, 0.199]",3000,0.15097151696681976,-0.21189816620889648,
42,R7,3240,0.4344297563420499,-0.7076187348492057,-0.004262715351444615,-0.08677656619261132,-0.12714043326934835,0.1083004570724521,-0.27250170504729243,0.5329413414001465,0.14162670075893402,0.06224674731492996,0.6745680570602417,0.7860504984855652,0.8586898446083069,3,16,39,"[0.5329, 0.1416, 0.0622, 0.0284, 0.0208, 0.0192, 0.0161, 0.0147, 0.0117, 0.011]","[0.434, 0.708, 0.004, 0.352, 0.204, 0.125, 0.201, 0.218, 0.027, 0.144]",3000,0.39228516817092896,-0.5978545020666285,
42,M0,3000,0.18078058643963096,-0.4600420141068679,-0.305463607887542,-0.1291617925702295,-0.028142664068118623,0.060448537390586296,-0.02445803008197894,0.5439505577087402,0.10673840343952179,0.08804785460233688,0.6506889462471008,0.810235321521759,0.8882631063461304,4,12,28,"[0.544, 0.1067, 0.088, 0.037, 0.0345, 0.0261, 0.0159, 0.0128, 0.0121, 0.0112]","[0.181, 0.46, 0.305, 0.084, 0.256, 0.499, 0.317, 0.144, 0.047, 0.217]",3000,0.14614064991474152,-0.1841192723298265,
42,E0,3240,-0.14313552684377695,-0.1666047091703186,0.29243347902919076,0.009235810756205994,-0.020780560247734607,0.00022907951859632374,0.1404979666233756,0.3518773317337036,0.17537285387516022,0.04823262616991997,0.5272501707077026,0.619526743888855,0.683226466178894,2,118,229,"[0.3519, 0.1754, 0.0482, 0.0233, 0.0207, 0.0151, 0.0133, 0.0124, 0.0122, 0.0108]","[0.143, 0.167, 0.292, 0.378, 0.317, 0.11, 0.244, 0.151, 0.059, 0.136]",3000,0.10208731889724731,0.2478340661044295,
42,MEAN,3000,-0.6570657682255738,0.18273327934273856,-0.22504470933271803,-0.0025037535391900503,-0.03203378440069628,-0.045586625374894135,0.1506177037074428,0.23541918396949768,0.2182929366827011,0.05700913071632385,0.4537121057510376,0.5884336829185486,0.6942552924156189,3,70,170,"[0.2354, 0.2183, 0.057, 0.0452, 0.0325, 0.028, 0.0239, 0.0201, 0.0187, 0.0152]","[0.657, 0.183, 0.225, 0.362, 0.316, 0.129, 0.046, 0.022, 0.125, 0.024]",3000,0.29524651169776917,0.6975343596095125,
43,T0,3240,0.19258491494951632,0.06384935780448849,-0.008679686755688422,0.020561518364386754,0.10721618170305675,-0.016902552618450892,-0.014831179968148214,0.6720492243766785,0.1926933228969574,0.020408112555742264,0.8647425174713135,0.9145427942276001,0.9551030993461609,5,4,9,"[0.672, 0.1927, 0.0204, 0.0151, 0.0143, 0.0114, 0.0104, 0.0088, 0.0056, 0.0045]","[0.193, 0.064, 0.009, 0.091, 0.16, 0.358, 0.312, 0.33, 0.556, 0.587]",3000,0.055393144488334656,-0.16445751690497756,
43,T1,3240,-0.6893299750413427,-0.10223320137728445,0.09764720401528017,-0.015826191612616718,-0.03574749146326119,0.00023859072350133862,0.1357489459808441,0.2040521800518036,0.1892000287771225,0.09671540558338165,0.3932521939277649,0.5927785038948059,0.7228214144706726,2,49,121,"[0.2041, 0.1892, 0.0967, 0.0564, 0.0464, 0.0364, 0.0329, 0.0238, 0.0193, 0.0176]","[0.689, 0.102, 0.098, 0.042, 0.373, 0.203, 0.081, 0.005, 0.033, 0.297]",3000,0.1650933176279068,0.644962091822681,
43,T2,3240,0.09086221313171884,0.4908820918717289,-0.16050188578939859,0.012740893443794954,0.032227467358922464,-0.0471446385392266,0.014478834479474047,0.22969743609428406,0.12000434845685959,0.08629066497087479,0.34970179200172424,0.5382691025733948,0.6720499992370605,1,72,172,"[0.2297, 0.12, 0.0863, 0.0655, 0.0367, 0.0322, 0.031, 0.0252, 0.0244, 0.021]","[0.091, 0.491, 0.161, 0.115, 0.009, 0.071, 0.234, 0.054, 0.137, 0.229]",3000,0.1097482293844223,-0.1339109915591444,
43,T3,3240,0.010079795806087396,-0.02024980342723983,0.06632621251940775,-0.038838834798113085,-0.09875575409716239,0.09216455399211354,-0.0014443437965370035,0.49642670154571533,0.16965772211551666,0.08804947882890701,0.6660844087600708,0.8199529647827148,0.8926764130592346,4,11,26,"[0.4964, 0.1697, 0.088, 0.0359, 0.0299, 0.02, 0.0161, 0.0145, 0.0114, 0.0107]","[0.01, 0.02, 0.066, 0.424, 0.403, 0.35, 0.158, 0.517, 0.035, 0.015]",3000,0.050324779003858566,0.014412131493186566,
43,T4,3240,0.4948016102040553,-0.62034600305154,-0.29102137501012504,-0.06879636629369458,-0.04125309397779134,0.041041091163290334,-0.14252529686559373,0.17428922653198242,0.14920812845230103,0.11491593718528748,0.32349735498428345,0.5534908771514893,0.6916079521179199,3,52,122,"[0.1743, 0.1492, 0.1149, 0.07, 0.045, 0.0402, 0.0302, 0.0241, 0.0229, 0.0207]","[0.495, 0.62, 0.291, 0.388, 0.059, 0.276, 0.159, 0.047, 0.194, 0.128]",3000,0.14464013278484344,-0.48885160594560473,
43,T5,3240,0.22597668051763817,0.044742884953304765,-0.14760069720077346,-0.006599133786891543,0.00837675179063789,0.0678237240125233,-0.0031431385472485097,0.542604386806488,0.2328965663909912,0.05616265535354614,0.7755009531974792,0.8784521818161011,0.9300978183746338,3,7,16,"[0.5426, 0.2329, 0.0562, 0.0256, 0.0212, 0.0149, 0.0114, 0.011, 0.0084, 0.006]","[0.226, 0.045, 0.148, 0.393, 0.263, 0.306, 0.618, 0.213, 0.146, 0.064]",3000,0.05560204014182091,-0.25827327652988197,
43,T6,3240,0.2395545143214188,0.03579763702818097,-0.02091082951220449,-0.01049438506225496,-0.025936854479156658,0.11700916436211523,-0.02532698879957772,0.42185714840888977,0.23668968677520752,0.1053709089756012,0.6585468053817749,0.8319582939147949,0.905035138130188,2,10,23,"[0.4219, 0.2367, 0.1054, 0.0423, 0.0257, 0.0221, 0.0172, 0.0127, 0.0115, 0.0096]","[0.24, 0.036, 0.021, 0.147, 0.502, 0.263, 0.285, 0.592, 0.175, 0.034]",3000,0.044531241059303284,-0.2461686635404536,
43,T7,3240,-0.12510400596751156,0.12053066597922842,0.16573641108410828,0.0138778160046332,0.053241557609760515,-0.07956722104603181,0.04787971618686651,0.6452046632766724,0.2219129502773285,0.03204459697008133,0.8671176433563232,0.9302831292152405,0.9608961939811707,4,4,8,"[0.6452, 0.2219, 0.032, 0.0186, 0.0125, 0.0112, 0.0056, 0.0052, 0.0047, 0.0039]","[0.125, 0.121, 0.166, 0.365, 0.291, 0.317, 0.092, 0.232, 0.538, 0.472]",3000,0.05163440480828285,0.2120416283562772,
43,T8,3240,0.09859915561354005,0.09371210895509163,0.0389668800039678,-0.04486841319042298,-0.06740802194797214,0.07404484716047197,-0.0010552913803695194,0.7636643052101135,0.09194578230381012,0.02656758390367031,0.8556100726127625,0.9194909334182739,0.9547631740570068,4,4,10,"[0.7637, 0.0919, 0.0266, 0.0222, 0.0151, 0.0117, 0.0077, 0.006, 0.005, 0.0048]","[0.099, 0.094, 0.039, 0.369, 0.4, 0.681, 0.486, 0.086, 0.209, 0.116]",3000,0.06534484773874283,-0.1561997936842167,
43,R0,3240,-0.2175785369515286,-0.03718439158723529,0.3903198845605637,0.01193549214060666,-0.009461173903605872,-0.0239142016896127,-0.08250600406137733,0.8943772315979004,0.057726386934518814,0.013289748691022396,0.9521036148071289,0.9749756455421448,0.9856745600700378,5,2,2,"[0.8944, 0.0577, 0.0133, 0.0059, 0.0037, 0.0034, 0.0026, 0.0019, 0.0016, 0.0013]","[0.218, 0.037, 0.39, 0.237, 0.282, 0.149, 0.555, 0.53, 0.533, 0.311]",3000,0.05739622935652733,-0.01611153907289752,
43,R1,3240,0.2219444205470165,-0.15203547810224644,-0.6485531653002582,0.08534693282226442,0.1078210601444416,0.005309794134540893,0.011199671612014765,0.6252956390380859,0.0542948916554451,0.048730507493019104,0.6795905232429504,0.7841424942016602,0.867660641670227,3,15,38,"[0.6253, 0.0543, 0.0487, 0.029, 0.0268, 0.0226, 0.0209, 0.0167, 0.0126, 0.0107]","[0.222, 0.152, 0.649, 0.383, 0.35, 0.016, 0.263, 0.168, 0.004, 0.258]",3000,0.13761572539806366,-0.2988437265099274,
43,R2,3240,0.03010177317079103,0.15423422040271775,0.5164120608560081,0.013962176780789143,0.0011739238622248144,-0.10273425165251647,0.11195274769972115,0.38433969020843506,0.18928399682044983,0.06800621747970581,0.5736236572265625,0.7284191846847534,0.811035692691803,2,29,74,"[0.3843, 0.1893, 0.068, 0.0495, 0.0373, 0.0262, 0.0188, 0.0142, 0.0132, 0.0103]","[0.03, 0.154, 0.516, 0.506, 0.063, 0.059, 0.06, 0.204, 0.198, 0.04]",3000,0.10852371901273727,0.15425131340489878,
43,R3,3240,0.21982777079810792,0.2323149222686451,-0.4655033588705951,-0.046403179450709174,-0.047663328432900866,-0.06875654298434204,-0.19472852670825938,0.41110554337501526,0.1554543673992157,0.09265625476837158,0.566559910774231,0.7455041408538818,0.8422801494598389,3,19,48,"[0.4111, 0.1555, 0.0927, 0.0549, 0.0314, 0.0297, 0.0224, 0.0184, 0.0139, 0.0123]","[0.22, 0.232, 0.466, 0.195, 0.563, 0.357, 0.155, 0.156, 0.068, 0.045]",3000,0.3307807743549347,-0.2750038175699598,
43,R4,3240,-0.0008471821659620472,0.060630522053667396,0.08820295672297722,0.030022844236710117,-0.09576053723799136,0.05422712014830999,-0.14470926544674123,0.7261337041854858,0.05975306034088135,0.044757820665836334,0.7858867645263672,0.8898295164108276,0.9392881393432617,2,6,13,"[0.7261, 0.0598, 0.0448, 0.0387, 0.0205, 0.0141, 0.013, 0.009, 0.0073, 0.006]","[0.001, 0.061, 0.088, 0.101, 0.271, 0.591, 0.36, 0.003, 0.061, 0.188]",3000,0.14964529871940613,-0.05745503619449043,
43,R5,3240,-0.1466026701483608,-0.14847029252177396,0.15773343856180438,0.0047912858848637285,-0.11024816004119471,-0.08194789062010803,-0.027591299556329673,0.6610386967658997,0.13291381299495697,0.04397705942392349,0.7939525246620178,0.8830996155738831,0.9378787875175476,2,7,13,"[0.661, 0.1329, 0.044, 0.0285, 0.0167, 0.0164, 0.0145, 0.0093, 0.0083, 0.0064]","[0.147, 0.148, 0.158, 0.176, 0.408, 0.203, 0.125, 0.709, 0.208, 0.111]",3000,0.06101280078291893,0.2789729568706945,
43,R6,3240,0.07887927504156596,0.006478276384004702,-0.0744315287591675,-0.04139843652776512,0.11961797199806003,0.1083658758993831,0.026954348323679597,0.7807742953300476,0.055439215153455734,0.04511789605021477,0.8362135291099548,0.9175166487693787,0.950649082660675,3,5,10,"[0.7808, 0.0554, 0.0451, 0.0184, 0.0178, 0.0098, 0.0068, 0.0061, 0.0059, 0.0045]","[0.079, 0.006, 0.074, 0.492, 0.494, 0.333, 0.185, 0.058, 0.01, 0.258]",3000,0.14810247719287872,-0.20328577831353248,
43,R7,3240,-0.4391626479160734,0.6930366108391882,-0.03225912858269024,0.07922020833096022,0.11562851494904876,-0.10039165395593906,0.2707782696898702,0.5473912358283997,0.13822971284389496,0.058495644479990005,0.6856209635734558,0.7922420501708984,0.8636236786842346,3,15,37,"[0.5474, 0.1382, 0.0585, 0.027, 0.0211, 0.0187, 0.0159, 0.014, 0.012, 0.0107]","[0.439, 0.693, 0.032, 0.359, 0.139, 0.097, 0.177, 0.25, 0.041, 0.133]",3000,0.4042990803718567,0.6282021305978869,
43,M0,3000,-0.2186379171153162,-0.4470260232015784,0.4046491720733196,0.12813410612472445,0.03744671568420152,-0.07306577458134628,0.04986115180389711,0.5429558753967285,0.10760635882616043,0.09057515114545822,0.6505622267723083,0.81279456615448,0.8886568546295166,5,12,27,"[0.543, 0.1076, 0.0906, 0.0382, 0.0334, 0.0254, 0.0162, 0.0129, 0.0114, 0.01]","[0.219, 0.447, 0.405, 0.127, 0.253, 0.508, 0.361, 0.333, 0.035, 0.21]",3000,0.1460535228252411,0.21448748456676453,
43,E0,3240,-0.14392363643870337,-0.17933415592902588,0.2550920431189581,0.0014903911106028834,-0.028388422293204877,0.0017453232927654688,0.13869034203439976,0.3612891137599945,0.1755761206150055,0.04883619025349617,0.536865234375,0.6277487277984619,0.6901820302009583,2,114,224,"[0.3613, 0.1756, 0.0488, 0.0212, 0.0208, 0.0159, 0.0125, 0.0125, 0.0108, 0.0107]","[0.144, 0.179, 0.255, 0.368, 0.314, 0.257, 0.205, 0.076, 0.16, 0.021]",3000,0.09951693564653397,0.23671353708837783,
43,MEAN,3000,-0.553664474467679,-0.370791376070454,-0.24672844558933882,-0.005158526587928112,-0.027271401420488017,-0.03599583999951513,0.1668950531179225,0.23189683258533478,0.21561111509799957,0.057736221700906754,0.44750794768333435,0.5878921747207642,0.693467915058136,4,70,171,"[0.2319, 0.2156, 0.0577, 0.0487, 0.034, 0.0272, 0.0241, 0.0199, 0.019, 0.0153]","[0.554, 0.371, 0.247, 0.318, 0.383, 0.094, 0.047, 0.005, 0.128, 0.017]",3000,0.2923215627670288,0.6369689676552576,
44,T0,3240,0.1231735991131204,0.05026106754734463,-0.03184326038440691,0.03448441402184943,0.12072560452957189,-0.010950922961042659,0.0034715028886768686,0.6666900515556335,0.2047547847032547,0.019004356116056442,0.871444821357727,0.9182906746864319,0.957308292388916,5,4,9,"[0.6667, 0.2048, 0.019, 0.0145, 0.0134, 0.0108, 0.0099, 0.0085, 0.0055, 0.0043]","[0.123, 0.05, 0.032, 0.403, 0.108, 0.125, 0.474, 0.382, 0.574, 0.507]",3000,0.0551578626036644,-0.14622311645552843,
44,T1,3240,-0.6716581546880511,0.44392230654772036,0.07701651098191215,0.005726910061645006,-0.010500858021658352,-0.007104983158826949,0.15442615635159732,0.21291521191596985,0.16514095664024353,0.1086718887090683,0.3780561685562134,0.5857325196266174,0.7093327641487122,3,58,142,"[0.2129, 0.1651, 0.1087, 0.0562, 0.0428, 0.0326, 0.0304, 0.0224, 0.0204, 0.0178]","[0.672, 0.444, 0.077, 0.076, 0.31, 0.106, 0.043, 0.126, 0.165, 0.261]",3000,0.16979071497917175,0.6431207865354746,
44,T2,3240,-0.14683831993315494,0.4912020759532467,-0.1185370676078228,-0.0031654448093202084,-0.02491507715628727,0.04058732889901518,0.013712514788012366,0.228671133518219,0.11310120671987534,0.08105970174074173,0.3417723476886749,0.5201031565666199,0.6498706340789795,1,87,206,"[0.2287, 0.1131, 0.0811, 0.061, 0.0363, 0.0318, 0.0289, 0.025, 0.023, 0.021]","[0.147, 0.491, 0.119, 0.118, 0.07, 0.174, 0.148, 0.08, 0.162, 0.214]",3000,0.10477219521999359,0.18724962273022702,
44,T3,3240,-0.007105158985726874,-0.01954842725180687,0.060860825095602145,-0.04537980821127338,-0.09415408062125623,0.0576836409489441,-0.004732201728572095,0.4707247316837311,0.17856429517269135,0.09016162902116776,0.6492890119552612,0.8090481162071228,0.8851850032806396,3,12,28,"[0.4707, 0.1786, 0.0902, 0.0386, 0.031, 0.02, 0.0171, 0.0164, 0.0114, 0.0113]","[0.007, 0.02, 0.061, 0.554, 0.216, 0.463, 0.234, 0.476, 0.065, 0.007]",3000,0.05168008804321289,0.042610795284340246,
44,T4,3240,-0.2724362509575191,-0.23484962166962736,-0.5953609037179867,0.022587884833344677,0.008633888787685761,0.04469523104078041,0.06538596991367768,0.1750994771718979,0.14359796047210693,0.1197027713060379,0.318697452545166,0.5487874746322632,0.6791750192642212,2,62,146,"[0.1751, 0.1436, 0.1197, 0.0686, 0.0418, 0.034, 0.0296, 0.025, 0.0213, 0.0205]","[0.272, 0.235, 0.595, 0.501, 0.001, 0.281, 0.029, 0.036, 0.024, 0.246]",3000,0.10772240906953812,0.31537765284521774,
44,T5,3240,0.20422073887580863,0.04546601967438702,0.1318866507986099,0.0012414255147533688,0.009029018406598355,0.0673350945280419,0.005946317904556544,0.5238986015319824,0.23821282386779785,0.0571257621049881,0.7621114253997803,0.8679966926574707,0.9242173433303833,3,8,18,"[0.5239, 0.2382, 0.0571, 0.0271, 0.0217, 0.0158, 0.0127, 0.012, 0.0091, 0.0066]","[0.204, 0.045, 0.132, 0.437, 0.194, 0.51, 0.586, 0.059, 0.062, 0.099]",3000,0.0553378127515316,-0.23196775943477294,
44,T6,3240,0.2423273882973286,0.020135586081038197,0.027061018532381298,-0.00034564414536543766,-0.009540903324315413,0.1069068699834218,0.025321695218611683,0.40329819917678833,0.24413195252418518,0.107838474214077,0.6474301815032959,0.8260296583175659,0.9007453322410583,3,10,25,"[0.4033, 0.2441, 0.1078, 0.0435, 0.0272, 0.0214, 0.0181, 0.0136, 0.0114, 0.0102]","[0.242, 0.02, 0.027, 0.165, 0.494, 0.037, 0.302, 0.578, 0.189, 0.068]",3000,0.04387040063738823,-0.23853333362503706,
44,T7,3240,-0.10807772332230259,0.12182571193928243,0.15028740565864704,-6.23647723083912e-05,0.029755897000151667,-0.050072845470797496,0.039515988794723955,0.6233306527137756,0.24148055911064148,0.031638793647289276,0.8648111820220947,0.9282898902893066,0.9598817229270935,4,4,8,"[0.6233, 0.2415, 0.0316, 0.0187, 0.0132, 0.0116, 0.0058, 0.0054, 0.0047, 0.0041]","[0.108, 0.122, 0.15, 0.361, 0.226, 0.451, 0.191, 0.155, 0.612, 0.361]",3000,0.05268389731645584,0.1937209780662338,
44,T8,3240,0.020764259196845644,0.1043527155229304,0.019978109953513123,-0.04476821204429969,-0.07079282619889674,0.06848470084981143,0.00193549230693856,0.7517614364624023,0.09166911989450455,0.02719283662736416,0.8434305787086487,0.9104170799255371,0.9507147669792175,4,5,10,"[0.7518, 0.0917, 0.0272, 0.0238, 0.016, 0.0136, 0.0093, 0.0067, 0.0055, 0.0053]","[0.021, 0.104, 0.02, 0.413, 0.453, 0.7, 0.388, 0.029, 0.134, 0.101]",3000,0.07276676595211029,-0.08543821797860388,
44,R0,3240,-0.2038771636170578,-0.06797408737489898,0.4244132032853006,0.01795362937837238,0.002537171670617371,-0.0005333742919098759,-0.06623445810588541,0.8749407529830933,0.07452718913555145,0.014445138163864613,0.9494679570198059,0.9737975597381592,0.9848031997680664,5,2,3,"[0.8749, 0.0745, 0.0144, 0.006, 0.0039, 0.0035, 0.0028, 0.0018, 0.0016, 0.0013]","[0.204, 0.068, 0.424, 0.229, 0.199, 0.154, 0.488, 0.486, 0.499, 0.469]",3000,0.06279194355010986,-0.04391216578886536,
44,R1,3240,0.1394012449208042,-0.42145864235927427,-0.4652561892382924,0.05426727041333926,0.1129956060544595,0.006479125376693902,0.051054131858218665,0.5940269827842712,0.05795959010720253,0.05361074581742287,0.6519865989685059,0.7695951461791992,0.8621364831924438,3,17,42,"[0.594, 0.058, 0.0536, 0.0365, 0.0275, 0.0258, 0.0239, 0.019, 0.0129, 0.0109]","[0.139, 0.421, 0.465, 0.405, 0.246, 0.03, 0.284, 0.162, 0.147, 0.212]",3000,0.12135420739650726,-0.2518290326635861,
44,R2,3240,0.020754602484092357,0.18615186112720644,-0.5114246006933221,0.02006847659783707,0.04800737495532064,-0.13141991004007983,0.14726489836610565,0.3360244929790497,0.19126692414283752,0.07407133281230927,0.5272914171218872,0.700598955154419,0.7865555286407471,3,38,98,"[0.336, 0.1913, 0.0741, 0.0562, 0.0431, 0.0253, 0.0196, 0.0166, 0.0134, 0.0111]","[0.021, 0.186, 0.511, 0.467, 0.114, 0.03, 0.124, 0.372, 0.022, 0.032]",3000,0.10901378095149994,0.10329422699844605,
44,R3,3240,0.24427604357720187,0.25631202277833576,-0.4872973487200729,-0.050562314637946075,-0.004611436124353687,-0.06393377113007268,-0.16307381487660158,0.40406930446624756,0.15771888196468353,0.09236985445022583,0.5617882013320923,0.7375820875167847,0.8342037200927734,2,21,53,"[0.4041, 0.1577, 0.0924, 0.0514, 0.0321, 0.0283, 0.0231, 0.0186, 0.0138, 0.0127]","[0.244, 0.256, 0.487, 0.238, 0.515, 0.118, 0.075, 0.153, 0.057, 0.077]",3000,0.3285748064517975,-0.369527550552886,
44,R4,3240,-0.024960543563927396,0.0715931084568914,-0.09080163313215776,0.0025152038312521714,-0.15882455469934334,0.05779755709651867,-0.12414882393658282,0.7166799902915955,0.058709967881441116,0.0493277907371521,0.7753899693489075,0.8851124048233032,0.9359613656997681,2,6,14,"[0.7167, 0.0587, 0.0493, 0.0389, 0.0215, 0.016, 0.0128, 0.0088, 0.0072, 0.006]","[0.025, 0.072, 0.091, 0.187, 0.498, 0.682, 0.126, 0.056, 0.061, 0.061]",3000,0.14971213042736053,0.05872572303255864,
44,R5,3240,-0.19398936572013237,-0.1900386833259666,0.35936603359638497,0.004957543244687702,-0.10903291254733465,-0.07818086355809584,0.0023135639976093994,0.607182502746582,0.13969926536083221,0.04197816178202629,0.7468817830085754,0.8530296683311462,0.9163856506347656,5,8,18,"[0.6072, 0.1397, 0.042, 0.0385, 0.0257, 0.0185, 0.0157, 0.0139, 0.009, 0.0063]","[0.194, 0.19, 0.359, 0.281, 0.495, 0.393, 0.397, 0.361, 0.128, 0.091]",3000,0.08529624342918396,0.3240106473392092,
44,R6,3240,0.13772915754827814,-0.04789745353999344,-0.32020526937094984,-0.04641732182100463,0.1217516570151898,0.09358384297151198,0.016204728575917524,0.7462736964225769,0.0669335126876831,0.04640962928533554,0.81320720911026,0.9080109000205994,0.9430432915687561,2,5,12,"[0.7463, 0.0669, 0.0464, 0.0276, 0.0208, 0.0102, 0.008, 0.0062, 0.006, 0.0048]","[0.138, 0.048, 0.32, 0.724, 0.209, 0.294, 0.179, 0.056, 0.014, 0.275]",3000,0.15596380829811096,-0.2483487181937436,
44,R7,3240,-0.41685703482660763,-0.6549020492636133,-0.0726712483080902,0.05089252424535555,0.07537467451951539,-0.05708465450439229,0.24432037210899193,0.5248002409934998,0.14780768752098083,0.05651751160621643,0.6726078987121582,0.7796810269355774,0.8522581458091736,3,17,44,"[0.5248, 0.1478, 0.0565, 0.0298, 0.0207, 0.0187, 0.0154, 0.0145, 0.0133, 0.0106]","[0.417, 0.655, 0.073, 0.406, 0.12, 0.105, 0.153, 0.111, 0.273, 0.084]",3000,0.4026143252849579,0.672865580317646,
44,M0,3000,-0.26243878313167557,-0.45513617046027044,0.4953493445498478,0.1334949185285717,0.03783586659229877,-0.08399517509778198,0.07428711698946382,0.5519481897354126,0.10075847059488297,0.08625601977109909,0.6527066826820374,0.8100006580352783,0.8852431178092957,4,12,29,"[0.5519, 0.1008, 0.0863, 0.0368, 0.0343, 0.0246, 0.0149, 0.0128, 0.0119, 0.011]","[0.262, 0.455, 0.495, 0.313, 0.269, 0.439, 0.209, 0.123, 0.07, 0.207]",3000,0.1504083126783371,0.2948399752934322,
44,E0,3240,-0.1474171203541197,-0.2049946619519084,0.2832819548423637,-2.7057525695698197e-05,-0.02713014883214658,0.00040704928359329407,0.1384539753279205,0.3563615083694458,0.17036353051662445,0.050227321684360504,0.5267250537872314,0.6192670464515686,0.6830259561538696,1,118,229,"[0.3564, 0.1704, 0.0502, 0.0218, 0.0205, 0.0152, 0.0132, 0.0127, 0.0115, 0.0111]","[0.147, 0.205, 0.283, 0.489, 0.035, 0.21, 0.182, 0.09, 0.028, 0.095]",3000,0.10383209586143494,0.2430812521468933,
44,MEAN,3000,-0.5930387228905564,0.2679860072919742,-0.25170872080422285,-0.006751561609711731,-0.02628843433952289,-0.04971596387171453,0.16983089135645413,0.24002021551132202,0.202846959233284,0.06063467264175415,0.4428671598434448,0.586421012878418,0.6922898292541504,3,72,176,"[0.24, 0.2028, 0.0606, 0.0491, 0.0339, 0.0272, 0.0241, 0.0198, 0.0193, 0.0154]","[0.593, 0.268, 0.252, 0.358, 0.374, 0.097, 0.002, 0.082, 0.065, 0.078]",3000,0.29738980531692505,0.6789123383503664,
45,T0,3240,0.0844260738182354,0.059786867817986214,-0.028035110821503832,0.014870275918938693,0.11524187442497197,-0.017504291927550524,0.03675826548748822,0.6696643233299255,0.2000253051519394,0.019419768825173378,0.8696896433830261,0.9168106317520142,0.9563555717468262,4,4,9,"[0.6697, 0.2, 0.0194, 0.0143, 0.0134, 0.0111, 0.0104, 0.0083, 0.0054, 0.0044]","[0.084, 0.06, 0.028, 0.385, 0.108, 0.213, 0.235, 0.406, 0.587, 0.47]",3000,0.054409727454185486,-0.09471231831014776,
45,T1,3240,-0.6453322558957685,0.5201154656823909,-0.08789458970411788,0.0026014314315781543,-0.008330982087807843,-0.015450958001046079,0.1601456156585832,0.2193857580423355,0.15502695739269257,0.1146116554737091,0.3744127154350281,0.5837721824645996,0.7046430110931396,2,60,147,"[0.2194, 0.155, 0.1146, 0.0546, 0.0401, 0.0308, 0.0277, 0.023, 0.0213, 0.0182]","[0.645, 0.52, 0.088, 0.102, 0.283, 0.144, 0.066, 0.231, 0.014, 0.026]",3000,0.1794087290763855,0.6500034978338034,
45,T2,3240,-0.17580726851149006,0.4543851097962744,-0.11346200712485294,0.002164270903379051,-0.01664672695448023,0.03972292687040743,0.030482947490917216,0.21537816524505615,0.11655169725418091,0.08244380354881287,0.33192986249923706,0.5098708868026733,0.6404557228088379,2,91,216,"[0.2154, 0.1166, 0.0824, 0.0593, 0.0362, 0.0345, 0.0278, 0.025, 0.0224, 0.0209]","[0.176, 0.454, 0.113, 0.147, 0.076, 0.175, 0.198, 0.044, 0.298, 0.313]",3000,0.10836135596036911,0.21712265163537867,
45,T3,3240,-0.002095894318336448,-0.004327000206555411,0.051499001269594315,-0.041981663486086354,-0.09146973079714218,0.05419134718774051,-0.01857229230296529,0.457710862159729,0.1771765500307083,0.09141488373279572,0.6348873972892761,0.8006802797317505,0.8811753988265991,3,13,30,"[0.4577, 0.1772, 0.0914, 0.042, 0.0324, 0.0212, 0.0179, 0.0172, 0.0124, 0.0118]","[0.002, 0.004, 0.051, 0.614, 0.164, 0.488, 0.199, 0.423, 0.084, 0.02]",3000,0.05688798055052757,0.01993862112508128,
45,T4,3240,-0.20699526002603655,0.27550684971502903,-0.542546421321394,0.02354111231033998,0.007005163170187856,0.05409820223871219,0.027330175398301407,0.18516120314598083,0.13732324540615082,0.1201670914888382,0.32248443365097046,0.5492963790893555,0.6759338974952698,2,64,151,"[0.1852, 0.1373, 0.1202, 0.0673, 0.0393, 0.0319, 0.0279, 0.0249, 0.0215, 0.0203]","[0.207, 0.276, 0.543, 0.548, 0.046, 0.213, 0.009, 0.16, 0.207, 0.005]",3000,0.1025945320725441,0.24639166890376882,
45,T5,3240,0.2100953261275967,0.04334140824979388,0.13631346287457774,0.007509674397735578,0.0041801833898392465,0.07271991586100966,-0.008011360281640584,0.5053562521934509,0.2428884357213974,0.05775870010256767,0.7482447028160095,0.8584157824516296,0.9172755479812622,3,8,21,"[0.5054, 0.2429, 0.0578, 0.0288, 0.0236, 0.0158, 0.0137, 0.0129, 0.0095, 0.007]","[0.21, 0.043, 0.136, 0.477, 0.197, 0.589, 0.524, 0.008, 0.05, 0.138]",3000,0.055406440049409866,-0.25189211436591585,
45,T6,3240,0.23421507100737346,0.01693320812514142,-0.03624730546512694,-0.0019910170267629745,-0.0015066021476686283,0.10531649392393715,0.035734102010224,0.4061999022960663,0.23871365189552307,0.10671090334653854,0.6449135541915894,0.8226215839385986,0.8970515131950378,3,11,26,"[0.4062, 0.2387, 0.1067, 0.0436, 0.0274, 0.0206, 0.0184, 0.0136, 0.0114, 0.0103]","[0.234, 0.017, 0.036, 0.182, 0.48, 0.214, 0.311, 0.559, 0.185, 0.146]",3000,0.04369157552719116,-0.2399931929324181,
45,T7,3240,-0.14407686143256093,0.10547064286203518,-0.14587639319006163,-0.0009804830486057582,0.012219291746013,-0.053067918350058085,0.02009111172587778,0.6116130352020264,0.24745051562786102,0.03291032090783119,0.8590635657310486,0.924116849899292,0.9574944376945496,3,4,9,"[0.6116, 0.2475, 0.0329, 0.0181, 0.014, 0.0118, 0.0063, 0.0057, 0.0053, 0.0043]","[0.144, 0.105, 0.146, 0.37, 0.205, 0.456, 0.168, 0.117, 0.676, 0.239]",3000,0.05323990434408188,0.2250924768569391,
45,T8,3240,0.005536098282698976,0.09093954107669922,-0.025289082085660716,-0.04857323260992356,-0.09099743173872579,0.07952037404117068,0.0025378644492955586,0.7573999166488647,0.09230731427669525,0.025358034297823906,0.8497072458267212,0.9126743674278259,0.9522086977958679,4,5,10,"[0.7574, 0.0923, 0.0254, 0.0221, 0.0155, 0.0131, 0.0091, 0.0067, 0.0055, 0.0051]","[0.006, 0.091, 0.025, 0.585, 0.56, 0.613, 0.354, 0.059, 0.195, 0.105]",3000,0.07521503418684006,-0.06413399530337803,
45,R0,3240,-0.19231433262797176,-0.07402472988276469,0.4824466447491572,0.016426937527767117,0.0011153285852618395,0.0020116726881895114,-0.0720969965691305,0.8759081363677979,0.07350228726863861,0.015249577350914478,0.9494104385375977,0.9739939570426941,0.9848365187644958,5,2,3,"[0.8759, 0.0735, 0.0152, 0.0057, 0.0037, 0.0034, 0.0028, 0.0018, 0.0016, 0.0013]","[0.192, 0.074, 0.482, 0.241, 0.174, 0.161, 0.492, 0.439, 0.609, 0.356]",3000,0.06597460806369781,-0.046578974758483244,
45,R1,3240,0.24993819223060984,-0.618778117090605,0.2853486779716785,0.08928720204368638,0.11451638795225928,0.03545909395843444,-0.02285336528831066,0.58207768201828,0.06925695389509201,0.05650275945663452,0.6513346433639526,0.7724243998527527,0.8637281060218811,1,17,42,"[0.5821, 0.0693, 0.0565, 0.0344, 0.0302, 0.0267, 0.023, 0.0182, 0.0125, 0.0109]","[0.25, 0.619, 0.285, 0.214, 0.12, 0.256, 0.278, 0.165, 0.194, 0.167]",3000,0.133452370762825,-0.47071232365076643,
45,R2,3240,-0.03437725207498405,0.22298212161669195,0.6213382480021596,-0.009232726466194928,0.05537028721925452,-0.13764343044276217,0.13580796900103628,0.3385922312736511,0.17899948358535767,0.07700806856155396,0.5175917148590088,0.6890196800231934,0.7813780307769775,2,40,101,"[0.3386, 0.179, 0.077, 0.055, 0.0394, 0.0292, 0.0211, 0.0184, 0.0125, 0.0112]","[0.034, 0.223, 0.621, 0.326, 0.102, 0.068, 0.278, 0.24, 0.042, 0.075]",3000,0.11566518247127533,0.0934197883375493,
45,R3,3240,0.2946976622436976,0.296377674212837,-0.528156951824036,-0.07266802423215768,0.009920973049340783,-0.05688564335081172,-0.1605093851886269,0.41809961199760437,0.151607483625412,0.08962317556142807,0.5697070956230164,0.7422964572906494,0.8387590646743774,3,20,51,"[0.4181, 0.1516, 0.0896, 0.0489, 0.0341, 0.0281, 0.0221, 0.02, 0.0141, 0.0121]","[0.295, 0.296, 0.528, 0.281, 0.4, 0.364, 0.019, 0.141, 0.022, 0.058]",3000,0.32118192315101624,-0.45261179477978963,
45,R4,3240,0.04577224591842145,0.0719987714842124,-0.11983906680926144,0.027834421572437467,-0.12740818742865828,0.04646711442511772,-0.16450226291762376,0.7232889533042908,0.05525332689285278,0.04834751412272453,0.7785422801971436,0.887629508972168,0.9374550580978394,2,6,14,"[0.7233, 0.0553, 0.0483, 0.0387, 0.0221, 0.0166, 0.0121, 0.0084, 0.0068, 0.0059]","[0.046, 0.072, 0.12, 0.1, 0.521, 0.656, 0.154, 0.078, 0.007, 0.087]",3000,0.15110763907432556,-0.08135502660176028,
45,R5,3240,-0.18389927623612215,-0.2018538375410843,0.3286784426700458,0.00613285735972832,-0.10678673763792233,-0.07328141951968904,-0.0063162783896748035,0.5968172550201416,0.13912314176559448,0.044750284403562546,0.7359403967857361,0.8470337390899658,0.911636471748352,4,9,19,"[0.5968, 0.1391, 0.0448, 0.0385, 0.0279, 0.0194, 0.0153, 0.014, 0.0089, 0.0069]","[0.184, 0.202, 0.329, 0.206, 0.484, 0.414, 0.465, 0.281, 0.149, 0.267]",3000,0.08800585567951202,0.3004627886177748,
45,R6,3240,0.16361635028969926,-0.0029660310636637024,-0.37762704933827285,-0.04778212303067367,0.1058081185283426,0.074674679140951,0.01061220712907168,0.7383623719215393,0.072575144469738,0.04827556014060974,0.8109375238418579,0.9090748429298401,0.9432188868522644,4,5,12,"[0.7384, 0.0726, 0.0483, 0.0292, 0.0206, 0.0097, 0.0078, 0.0061, 0.0058, 0.0048]","[0.164, 0.003, 0.378, 0.718, 0.139, 0.32, 0.136, 0.114, 0.008, 0.313]",3000,0.15783725678920746,-0.22418072379504428,
45,R7,3240,-0.37611737092447606,0.6009199673011113,-0.09485152586941928,0.042147131933849835,0.0804737791539061,-0.061685612084213796,0.2594069501876016,0.5225051045417786,0.15040580928325653,0.05481671169400215,0.6729109287261963,0.7791411876678467,0.8532019853591919,3,17,43,"[0.5225, 0.1504, 0.0548, 0.0311, 0.0203, 0.0186, 0.0171, 0.015, 0.0131, 0.0102]","[0.376, 0.601, 0.095, 0.464, 0.02, 0.12, 0.114, 0.075, 0.275, 0.074]",3000,0.40469658374786377,0.667921345502715,
45,M0,3000,-0.2792571020062837,-0.3800365047503854,0.5295645523688255,0.13729829312645503,0.047567249564197715,-0.07518200819730154,0.054421685728991295,0.5559565424919128,0.09592399001121521,0.08918321132659912,0.6518805027008057,0.8122536540031433,0.885886013507843,4,12,28,"[0.556, 0.0959, 0.0892, 0.0372, 0.034, 0.0242, 0.0154, 0.0125, 0.0112, 0.0104]","[0.279, 0.38, 0.53, 0.311, 0.293, 0.384, 0.27, 0.274, 0.031, 0.085]",3000,0.15916666388511658,0.26759516368090264,
45,E0,3240,-0.13955104202718263,-0.18813190299013147,0.28392487769393315,-0.00036344549007344596,-0.026553336455429583,-0.0003491390189088687,0.13613149356328355,0.3553808927536011,0.17135903239250183,0.05067827180027962,0.5267399549484253,0.6194719672203064,0.6837313771247864,1,117,224,"[0.3554, 0.1714, 0.0507, 0.0217, 0.0204, 0.0156, 0.0134, 0.0124, 0.0118, 0.0111]","[0.14, 0.188, 0.284, 0.486, 0.049, 0.205, 0.131, 0.14, 0.07, 0.032]",3000,0.10293571650981903,0.24035145537064131,
45,MEAN,3000,-0.5959948616947776,0.23015458289837326,-0.269950642069046,-0.007470335420876211,-0.02901709086888969,-0.05060785651239709,0.1697259364796609,0.23985938727855682,0.1950644701719284,0.06265534460544586,0.43492385745048523,0.5812128186225891,0.6882894039154053,3,73,177,"[0.2399, 0.1951, 0.0627, 0.0503, 0.0333, 0.0268, 0.0248, 0.02, 0.0194, 0.0161]","[0.596, 0.23, 0.27, 0.363, 0.362, 0.088, 0.019, 0.027, 0.081, 0.088]",3000,0.29714179039001465,0.683780357358709,
46,T0,3240,0.03136266502129626,0.06339268659530718,0.014406017531950373,-0.005991618634718647,0.09771306509509539,-0.038183670301165484,0.04866611818369789,0.6685434579849243,0.19520710408687592,0.019664982333779335,0.8637505769729614,0.9119212031364441,0.9534813165664673,4,5,10,"[0.6685, 0.1952, 0.0197, 0.0145, 0.014, 0.0119, 0.0107, 0.0084, 0.0057, 0.0049]","[0.031, 0.063, 0.014, 0.238, 0.093, 0.316, 0.091, 0.461, 0.579, 0.349]",3000,0.056443650275468826,-0.0010328745834234578,
46,T1,3240,-0.6602884437830889,-0.5071242740395451,-0.03690042288013993,0.0079442311168263,-0.006778997133114559,-0.011965793319545124,0.15214765584203654,0.21543608605861664,0.150956392288208,0.11880497634410858,0.36639249324798584,0.5773742198944092,0.6990692019462585,2,63,153,"[0.2154, 0.151, 0.1188, 0.0534, 0.0387, 0.0313, 0.0259, 0.0235, 0.023, 0.0181]","[0.66, 0.507, 0.037, 0.121, 0.233, 0.2, 0.006, 0.191, 0.059, 0.011]",3000,0.18160580098628998,0.6446663793384798,
46,T2,3240,-0.18943937663465382,0.43872723080242826,-0.10557699399097241,0.0014938909956940531,-0.013791317864491654,0.039448164384631064,0.037338183142830286,0.20264846086502075,0.1187300905585289,0.08236026018857956,0.32137855887413025,0.5004974603652954,0.6286026239395142,3,99,232,"[0.2026, 0.1187, 0.0824, 0.0585, 0.0382, 0.0346, 0.0262, 0.0244, 0.0221, 0.0208]","[0.189, 0.439, 0.106, 0.148, 0.061, 0.125, 0.195, 0.075, 0.392, 0.407]",3000,0.11501163989305496,0.228217623596838,
46,T3,3240,0.05631576522905009,0.009787518578180018,0.09889373288211808,-0.040069851570720794,-0.08533149014908568,0.0525999065312861,-0.03178278597521329,0.43862810730934143,0.18030066788196564,0.08545233309268951,0.6189287900924683,0.7854433655738831,0.8727936744689941,2,14,34,"[0.4386, 0.1803, 0.0855, 0.0491, 0.0319, 0.0268, 0.0186, 0.0174, 0.0132, 0.0115]","[0.056, 0.01, 0.099, 0.683, 0.229, 0.354, 0.126, 0.044, 0.217, 0.083]",3000,0.07824467122554779,-0.05081254616479786,
46,T4,3240,-0.16095133484718763,0.3591646828775378,-0.5487582412840392,0.0006256996016324455,-0.015418682901898257,0.06608904029453037,0.00493469642370368,0.19059115648269653,0.1329057216644287,0.11378883570432663,0.32349687814712524,0.539547860622406,0.6674194931983948,3,68,162,"[0.1906, 0.1329, 0.1138, 0.0651, 0.0371, 0.0313, 0.0283, 0.0251, 0.0239, 0.0193]","[0.161, 0.359, 0.549, 0.497, 0.113, 0.19, 0.014, 0.219, 0.124, 0.041]",3000,0.09612948447465897,0.20336182534086758,
46,T5,3240,0.2021289298499677,0.04565197406718534,0.149995892770966,0.004203260333151858,0.006305740478045137,0.0732353226223869,-0.009961332095399136,0.48173555731773376,0.24517160654067993,0.06042294576764107,0.7269071340560913,0.8437567353248596,0.9067594408988953,3,10,25,"[0.4817, 0.2452, 0.0604, 0.0302, 0.0263, 0.0164, 0.0148, 0.014, 0.0102, 0.0075]","[0.202, 0.046, 0.15, 0.548, 0.136, 0.549, 0.473, 0.083, 0.081, 0.118]",3000,0.056403469294309616,-0.24550367570055012,
46,T6,3240,0.21584907888788904,0.009083258485297445,-0.029826112983233954,-0.00027549067567231306,0.013524373074592567,0.0842698220362536,0.028041645524837133,0.4094694256782532,0.22864526510238647,0.10527782142162323,0.6381146907806396,0.8142905831336975,0.8906159996986389,3,12,29,"[0.4095, 0.2286, 0.1053, 0.0431, 0.0277, 0.0214, 0.0187, 0.0143, 0.0118, 0.0101]","[0.216, 0.009, 0.03, 0.201, 0.453, 0.022, 0.425, 0.453, 0.11, 0.204]",3000,0.044342510402202606,-0.24433498773837053,
46,T7,3240,-0.12375655056212204,0.11137862159379949,0.1400471719543863,-0.009538352489687745,0.009405815644630357,-0.05797497348793606,0.042576445386006495,0.604137122631073,0.25061312317848206,0.03343692049384117,0.8547502756118774,0.9206366539001465,0.9548918008804321,3,4,9,"[0.6041, 0.2506, 0.0334, 0.0179, 0.0146, 0.0123, 0.0065, 0.0058, 0.0054, 0.0044]","[0.124, 0.111, 0.14, 0.369, 0.2, 0.338, 0.04, 0.006, 0.696, 0.231]",3000,0.0522373802959919,0.22598840156932568,
46,T8,3240,0.022826928296187977,0.11461427255427703,0.15670268520758446,-0.035737933274545726,-0.07227007268658225,0.07600364406260895,-0.007324779515045519,0.7579938173294067,0.09326189011335373,0.023363851010799408,0.8512557148933411,0.9124900698661804,0.9518666863441467,3,5,10,"[0.758, 0.0933, 0.0234, 0.0223, 0.0155, 0.0127, 0.0093, 0.0067, 0.0054, 0.0053]","[0.023, 0.115, 0.157, 0.421, 0.664, 0.436, 0.146, 0.182, 0.127, 0.169]",3000,0.08841930329799652,-0.06625327672933161,
46,R0,3240,-0.047068498524860024,-0.07089604933232581,-0.5253079479474138,0.008633574681130397,-0.018246670819159948,-0.00695370854377379,-0.089551095184186,0.8802875280380249,0.06887543201446533,0.01579810120165348,0.9491629600524902,0.9736844301223755,0.9844915270805359,3,2,3,"[0.8803, 0.0689, 0.0158, 0.0053, 0.0034, 0.0033, 0.0028, 0.0018, 0.0017, 0.0013]","[0.047, 0.071, 0.525, 0.24, 0.195, 0.194, 0.516, 0.036, 0.694, 0.235]",3000,0.0735466256737709,-0.15896362100537365,
46,R1,3240,0.1495877846967619,-0.6509546488179985,-0.11163127059993333,0.09601215948967957,0.12045535177370958,0.04709844005050709,0.015424500257741277,0.5816362500190735,0.07516894489526749,0.06655825674533844,0.6568052172660828,0.7886791229248047,0.8704031109809875,1,15,39,"[0.5816, 0.0752, 0.0666, 0.0335, 0.0318, 0.0241, 0.0199, 0.0165, 0.0118, 0.0096]","[0.15, 0.651, 0.112, 0.019, 0.191, 0.259, 0.268, 0.15, 0.186, 0.193]",3000,0.13917036354541779,-0.3734825001001873,
46,R2,3240,0.001136235773693246,0.17966523377890647,-0.643920876614461,0.018231772531557392,-0.06413137425688624,0.12979533797927217,-0.11724337056830764,0.3530692756175995,0.17776009440422058,0.07532716542482376,0.5308293700218201,0.6945536136627197,0.7885374426841736,2,38,97,"[0.3531, 0.1778, 0.0753, 0.0515, 0.0369, 0.0305, 0.0223, 0.018, 0.0125, 0.0107]","[0.001, 0.18, 0.644, 0.294, 0.109, 0.056, 0.315, 0.205, 0.03, 0.027]",3000,0.11586202681064606,-0.06758695088699682,
46,R3,3240,0.3210337732959368,0.28655589361375666,-0.5775871712076545,-0.058522041990796525,-0.013621586945312736,-0.04016177925528338,-0.18089299552075358,0.43897977471351624,0.16289588809013367,0.08280087262392044,0.6018756628036499,0.7590951323509216,0.8505502343177795,3,18,46,"[0.439, 0.1629, 0.0828, 0.0418, 0.0327, 0.0263, 0.0212, 0.0193, 0.0137, 0.011]","[0.321, 0.287, 0.578, 0.277, 0.351, 0.29, 0.029, 0.121, 0.077, 0.053]",3000,0.30843934416770935,-0.4270153659966265,
46,R4,3240,0.05096160866977511,0.06725961856098116,0.10555652701251994,0.024750142839480304,-0.11061999865694888,0.04833717608012368,-0.18068456294021484,0.7292255163192749,0.05314508453011513,0.04757937416434288,0.7823706269264221,0.8899638652801514,0.9394255876541138,2,6,13,"[0.7292, 0.0531, 0.0476, 0.0374, 0.0226, 0.0175, 0.0114, 0.0082, 0.0068, 0.0055]","[0.051, 0.067, 0.106, 0.112, 0.619, 0.623, 0.131, 0.063, 0.022, 0.133]",3000,0.1637372225522995,-0.12327613958595712,
46,R5,3240,-0.1897056101111449,-0.22158575636975927,-0.34540522583144917,0.008228526688540164,-0.10427013267575462,-0.07404494225945371,0.0006245195600894543,0.598755419254303,0.1421426236629486,0.044299546629190445,0.7408980131149292,0.8499498963356018,0.9125750660896301,4,9,19,"[0.5988, 0.1421, 0.0443, 0.0373, 0.0275, 0.0201, 0.0148, 0.0131, 0.0084, 0.0063]","[0.19, 0.222, 0.345, 0.162, 0.478, 0.396, 0.447, 0.239, 0.152, 0.265]",3000,0.09453373402357101,0.30685240636571237,
46,R6,3240,0.12100127911718932,0.03012889262494833,-0.42406265489544454,-0.04259075327520806,0.10768416043564642,0.09312991640254856,0.013687917361528266,0.73809415102005,0.07880857586860657,0.04719584435224533,0.816902756690979,0.9124090075492859,0.9447540640830994,4,5,12,"[0.7381, 0.0788, 0.0472, 0.0292, 0.0192, 0.0091, 0.0069, 0.0063, 0.0054, 0.0045]","[0.121, 0.03, 0.424, 0.712, 0.066, 0.304, 0.163, 0.028, 0.13, 0.305]",3000,0.1646193265914917,-0.19271841688446198,
46,R7,3240,-0.3548454624266873,-0.5682730097912086,0.13453785874611787,0.03957893964283815,0.07037962215063957,-0.06120103892880182,0.23281039884788365,0.5399373173713684,0.1461970955133438,0.05045858398079872,0.686134397983551,0.7863842844963074,0.8596315383911133,3,16,40,"[0.5399, 0.1462, 0.0505, 0.0298, 0.0199, 0.0188, 0.0179, 0.0144, 0.0128, 0.0094]","[0.355, 0.568, 0.135, 0.478, 0.069, 0.132, 0.084, 0.04, 0.254, 0.102]",3000,0.40448278188705444,0.6645014500775849,
46,M0,3000,-0.2636324404376209,-0.29495864864520804,0.5950417798694018,0.14555760593572506,0.04151682539684868,-0.059180812779592896,0.026953614607942388,0.5668331980705261,0.09566468745470047,0.08621245622634888,0.662497878074646,0.8176383376121521,0.8904157876968384,4,12,27,"[0.5668, 0.0957, 0.0862, 0.0361, 0.0328, 0.0234, 0.0167, 0.0121, 0.0107, 0.0099]","[0.264, 0.295, 0.595, 0.39, 0.205, 0.38, 0.315, 0.223, 0.037, 0.026]",3000,0.16293348371982574,0.22443451172952875,
46,E0,3240,-0.1426207066119342,-0.1776294413402028,0.2638260217923672,-0.0001914740383284733,-0.026473987472002417,-0.0016171100963842113,0.13546537568388728,0.3475892245769501,0.17167022824287415,0.04924113303422928,0.5192594528198242,0.6101670265197754,0.6762670278549194,2,121,229,"[0.3476, 0.1717, 0.0492, 0.0212, 0.0205, 0.016, 0.0138, 0.0127, 0.0125, 0.0113]","[0.143, 0.178, 0.264, 0.34, 0.377, 0.226, 0.092, 0.146, 0.216, 0.107]",3000,0.09863723069429398,0.2441089993929819,
46,MEAN,3000,-0.5910118763654421,0.21760540677712448,-0.26224738901680106,-0.011771531885855257,-0.032547876422420075,-0.052245635557421025,0.17108677431616223,0.22913174331188202,0.18431918323040009,0.06383595615625381,0.4134509265422821,0.562292218208313,0.6741177439689636,3,79,189,"[0.2291, 0.1843, 0.0638, 0.0521, 0.033, 0.0282, 0.0263, 0.0205, 0.0201, 0.0167]","[0.591, 0.218, 0.262, 0.379, 0.309, 0.11, 0.001, 0.087, 0.057, 0.099]",3000,0.29381871223449707,0.6864139188156946,
47,T0,3240,0.011645586892222184,0.07224297748531058,-0.019619309739507738,-0.002364845283727171,0.07412279770924009,-0.05381158426583572,0.05232854470553852,0.6729115843772888,0.19281752407550812,0.019972018897533417,0.8657290935516357,0.9138113260269165,0.9550381302833557,3,4,9,"[0.6729, 0.1928, 0.02, 0.0145, 0.0137, 0.0119, 0.011, 0.008, 0.0055, 0.0048]","[0.012, 0.072, 0.02, 0.134, 0.328, 0.157, 0.179, 0.544, 0.503, 0.264]",3000,0.056535929441452026,0.0477655417710669,
47,T1,3240,-0.6744640186721754,-0.3100816590871949,-0.026316121716880848,0.014852338215682954,-0.006048013465567284,0.0020847208984238748,0.14758617437271043,0.20623089373111725,0.14655953645706177,0.1342172622680664,0.3527904152870178,0.576254665851593,0.699015736579895,3,61,150,"[0.2062, 0.1466, 0.1342, 0.0518, 0.0375, 0.032, 0.025, 0.0243, 0.0222, 0.0193]","[0.674, 0.31, 0.026, 0.109, 0.096, 0.322, 0.027, 0.149, 0.156, 0.009]",3000,0.16829897463321686,0.6338741115839359,
47,T2,3240,0.22530923902542005,0.4187459397303458,-0.09918303246315228,-0.0036534347861504157,0.008741929272123325,-0.03224073907034066,-0.05421839282210267,0.19124458730220795,0.12606626749038696,0.07960676401853561,0.3173108696937561,0.49428850412368774,0.6243008375167847,3,99,232,"[0.1912, 0.1261, 0.0796, 0.0568, 0.0406, 0.0371, 0.0255, 0.024, 0.0229, 0.0204]","[0.225, 0.419, 0.099, 0.183, 0.032, 0.019, 0.325, 0.009, 0.262, 0.39]",3000,0.12218953669071198,-0.26359131299394317,
47,T3,3240,0.05612672522885382,0.018398918375381577,0.1401763609094902,-0.03890274172600635,-0.08610815647643118,0.05177257009961246,-0.02248752418029848,0.4548734426498413,0.17628741264343262,0.07794788479804993,0.6311608552932739,0.7913926839828491,0.8776081204414368,2,14,34,"[0.4549, 0.1763, 0.0779, 0.0491, 0.0332, 0.027, 0.0182, 0.0177, 0.0125, 0.0109]","[0.056, 0.018, 0.14, 0.662, 0.345, 0.292, 0.084, 0.052, 0.217, 0.081]",3000,0.0821230486035347,-0.05287839444253969,
47,T4,3240,-0.03260954066346682,0.4188412859476297,-0.5748167423406065,-0.01516623992499005,-0.01808103128454881,0.07087882661215317,-0.05851339388175541,0.19750629365444183,0.1336607038974762,0.11455805599689484,0.33116698265075684,0.5463635921478271,0.6710537075996399,3,68,160,"[0.1975, 0.1337, 0.1146, 0.0622, 0.0384, 0.0301, 0.0278, 0.026, 0.0221, 0.0187]","[0.033, 0.419, 0.575, 0.485, 0.163, 0.128, 0.048, 0.068, 0.197, 0.018]",3000,0.08614253997802734,0.09953699449330702,
47,T5,3240,0.22900311108708188,0.09251917143338123,0.15378800913324553,0.012282629732442804,0.022640339727813968,0.060394775176497835,-0.012299045901985646,0.4600078761577606,0.2514418363571167,0.06259898841381073,0.7114497423171997,0.8338407874107361,0.8984391689300537,2,11,29,"[0.46, 0.2514, 0.0626, 0.0322, 0.0276, 0.0162, 0.0152, 0.0145, 0.0111, 0.0077]","[0.229, 0.093, 0.154, 0.576, 0.094, 0.548, 0.286, 0.028, 0.132, 0.06]",3000,0.056615158915519714,-0.26203050256187865,
47,T6,3240,0.18720887230103742,0.0032747908622514804,-0.015862485085853466,0.0010962745834257775,0.013919315692965879,0.06607564894526079,0.01675591859464498,0.384788453578949,0.2247156947851181,0.11397036910057068,0.6095041632652283,0.801002025604248,0.8796215653419495,3,13,33,"[0.3848, 0.2247, 0.114, 0.0474, 0.0301, 0.0211, 0.0197, 0.0148, 0.0127, 0.0104]","[0.187, 0.003, 0.016, 0.195, 0.445, 0.42, 0.265, 0.436, 0.087, 0.241]",3000,0.04166771098971367,-0.2313524957707244,
47,T7,3240,-0.12811276681502382,0.11242199517601144,0.1393763335101089,-0.0010827945205781314,0.002209900242083804,-0.06273139277878959,0.048265862326513954,0.5995398163795471,0.24991682171821594,0.033751364797353745,0.8494566679000854,0.9161826968193054,0.9516410827636719,4,4,10,"[0.5995, 0.2499, 0.0338, 0.0178, 0.0151, 0.012, 0.0069, 0.006, 0.0058, 0.0046]","[0.128, 0.112, 0.139, 0.372, 0.23, 0.393, 0.052, 0.401, 0.567, 0.228]",3000,0.05281689390540123,0.21526433587781946,
47,T8,3240,0.006185369296789376,0.11287059141887952,-0.4510800662126836,-0.030975620430614567,-0.07009652124212212,0.07882873115439563,0.002849387928606983,0.7552420496940613,0.09513203799724579,0.023339571431279182,0.8503741025924683,0.9120191335678101,0.9515730738639832,3,5,10,"[0.7552, 0.0951, 0.0233, 0.0222, 0.0161, 0.0121, 0.0098, 0.0068, 0.0055, 0.0053]","[0.006, 0.113, 0.451, 0.029, 0.716, 0.375, 0.02, 0.214, 0.239, 0.158]",3000,0.09180918335914612,-0.0429747804539371,
47,R0,3240,-0.03698277030674197,-0.04858180928555992,-0.5257566822039207,0.008741902179778828,-0.02252069241123073,-0.0009697234901904491,-0.0708527072033254,0.8876082301139832,0.0628340020775795,0.016642875969409943,0.9504422545433044,0.9748960733413696,0.9852310419082642,3,2,2,"[0.8876, 0.0628, 0.0166, 0.0047, 0.0031, 0.003, 0.0028, 0.002, 0.0015, 0.0011]","[0.037, 0.049, 0.526, 0.227, 0.058, 0.196, 0.439, 0.289, 0.711, 0.2]",3000,0.07435878366231918,-0.15708327662684418,
47,R1,3240,0.13326115316392953,-0.5965260493474706,-0.34406704144934563,0.11203087055176583,0.09248004640086985,0.11999496385641313,-0.06056693658011056,0.5660604238510132,0.08447305858135223,0.07864135503768921,0.6505334973335266,0.7944952845573425,0.873988151550293,2,15,38,"[0.5661, 0.0845, 0.0786, 0.0334, 0.0319, 0.0235, 0.0185, 0.0168, 0.0115, 0.0092]","[0.133, 0.597, 0.344, 0.188, 0.048, 0.233, 0.234, 0.111, 0.206, 0.238]",3000,0.14625799655914307,-0.4742399335779465,
47,R2,3240,-0.005687242175447261,0.18827860985679018,-0.7078879690960378,0.018784857707750534,-0.06276078834056689,0.14873850868042893,-0.11735447959280962,0.36456725001335144,0.17191483080387115,0.07930540293455124,0.5364820957183838,0.7063249945640564,0.7973931431770325,1,34,89,"[0.3646, 0.1719, 0.0793, 0.0511, 0.0394, 0.0292, 0.0225, 0.0163, 0.0129, 0.0101]","[0.006, 0.188, 0.708, 0.194, 0.002, 0.08, 0.288, 0.189, 0.027, 0.024]",3000,0.12577855587005615,-0.14484558548977822,
47,R3,3240,0.21994401036803582,0.28901066415078447,0.6007151080980885,-0.0311412576816006,-0.021507700814978433,-0.04298023553117217,-0.13629261519979669,0.4742870330810547,0.1521439552307129,0.0750044584274292,0.6264309883117676,0.7704553604125977,0.8606057167053223,1,16,42,"[0.4743, 0.1521, 0.075, 0.0383, 0.0307, 0.0259, 0.0212, 0.0188, 0.0138, 0.0104]","[0.22, 0.289, 0.601, 0.269, 0.279, 0.293, 0.038, 0.16, 0.147, 0.01]",3000,0.29785239696502686,-0.25736569688080274,
47,R4,3240,0.08922521230410926,-0.03439316317520813,0.10184204290080125,0.029523124147661013,-0.07241144098754622,0.0666578698027185,-0.16697128694182584,0.7427917718887329,0.05029167979955673,0.046837013214826584,0.7930834293365479,0.8972981572151184,0.9432165622711182,2,6,12,"[0.7428, 0.0503, 0.0468, 0.0353, 0.0221, 0.0154, 0.0113, 0.0078, 0.0062, 0.0053]","[0.089, 0.034, 0.102, 0.137, 0.5, 0.671, 0.076, 0.077, 0.013, 0.063]",3000,0.15717437863349915,-0.20045664908392055,
47,R5,3240,-0.19048896743400953,-0.22287014063466404,-0.2986236172444616,0.007910362132599692,-0.1064582507171385,-0.07883029290262264,0.004952700660463502,0.6079586744308472,0.13732688128948212,0.04336678609251976,0.7452855706214905,0.8523380160331726,0.914686381816864,4,8,19,"[0.608, 0.1373, 0.0434, 0.0365, 0.0272, 0.0202, 0.0155, 0.0124, 0.0081, 0.0061]","[0.19, 0.223, 0.299, 0.017, 0.501, 0.404, 0.426, 0.198, 0.174, 0.307]",3000,0.09407169371843338,0.32396606688877116,
47,R6,3240,-0.12269382110606784,0.0837138979704757,-0.3975791066072789,0.02960935823155351,-0.10917056021580752,-0.09013114499285502,-0.008077205711361023,0.7348746657371521,0.08647746592760086,0.0476108193397522,0.8213521242141724,0.9142263531684875,0.9461355209350586,2,5,11,"[0.7349, 0.0865, 0.0476, 0.0271, 0.0182, 0.009, 0.007, 0.0063, 0.0051, 0.0046]","[0.123, 0.084, 0.398, 0.698, 0.0, 0.291, 0.151, 0.243, 0.079, 0.258]",3000,0.15947861969470978,0.20457424006196687,
47,R7,3240,-0.3782788187688953,-0.5715063607840191,0.1062687452986239,0.044205899927024936,0.06934041842634979,-0.07209977240362382,0.22047820751521072,0.5483835935592651,0.14430738985538483,0.046419382095336914,0.6926909685134888,0.7891445755958557,0.8623018860816956,3,16,39,"[0.5484, 0.1443, 0.0464, 0.0296, 0.0205, 0.0197, 0.0179, 0.0138, 0.0128, 0.0089]","[0.378, 0.572, 0.106, 0.464, 0.078, 0.092, 0.097, 0.025, 0.271, 0.108]",3000,0.40610185265541077,0.6683034418507762,
47,M0,3000,-0.23963126324312417,-0.24635356284125198,0.5397226962504192,0.13623104171666114,0.03975579474039918,-0.042836890155807245,0.0035242417259688952,0.5643485188484192,0.09740354120731354,0.08804070949554443,0.6617520451545715,0.8210734724998474,0.8927333354949951,4,11,26,"[0.5643, 0.0974, 0.088, 0.0381, 0.0331, 0.023, 0.0165, 0.0117, 0.0103, 0.0101]","[0.24, 0.246, 0.54, 0.381, 0.238, 0.362, 0.303, 0.174, 0.042, 0.028]",3000,0.16834191977977753,0.18179494666354282,
47,E0,3240,-0.1445158978569855,-0.17563700186987544,0.2525647959117612,-0.0008080765437432802,-0.028345741304557363,-0.0006091775076592194,0.13389148398426554,0.3484064042568207,0.17070332169532776,0.049310024827718735,0.5191097259521484,0.6101605296134949,0.6747472882270813,1,122,229,"[0.3484, 0.1707, 0.0493, 0.0217, 0.02, 0.0162, 0.0134, 0.0125, 0.0119, 0.0105]","[0.145, 0.176, 0.253, 0.223, 0.431, 0.249, 0.083, 0.144, 0.172, 0.197]",3000,0.09754910320043564,0.24271870876594592,
47,MEAN,3000,-0.5940257696401586,0.12903149171500175,0.24764110748805626,-0.017681456865263893,-0.03694842764035636,-0.06104925127021688,0.16461238226831715,0.22553658485412598,0.17533376812934875,0.06397706270217896,0.40087035298347473,0.5528284311294556,0.6678835153579712,2,80,191,"[0.2255, 0.1753, 0.064, 0.0542, 0.0337, 0.0294, 0.0269, 0.0216, 0.0202, 0.017]","[0.594, 0.129, 0.248, 0.408, 0.19, 0.17, 0.06, 0.121, 0.061, 0.132]",3000,0.2954796552658081,0.6952023639021776,
48,T0,3240,0.14367544992321005,0.1129642285629653,0.07983905733122962,0.004011932393284827,0.05358074862645428,-0.027022873978043874,0.0468333988096496,0.6397372484207153,0.2271505743265152,0.01815914548933506,0.8668878078460693,0.9129348993301392,0.9539034962654114,3,5,10,"[0.6397, 0.2272, 0.0182, 0.0144, 0.0135, 0.0116, 0.01, 0.0083, 0.0059, 0.0053]","[0.144, 0.113, 0.08, 0.362, 0.269, 0.083, 0.192, 0.529, 0.002, 0.466]",3000,0.06054721400141716,-0.035363525206732506,
48,T1,3240,-0.6794498101840883,-0.05446677683885556,-0.36544657856477114,0.023957468348080716,0.0062743697245132585,-0.013814678500709283,0.1500698855126423,0.20064722001552582,0.1403111219406128,0.11897800117731094,0.3409583568572998,0.5476464033126831,0.6683852672576904,2,80,193,"[0.2006, 0.1403, 0.119, 0.0499, 0.0378, 0.0297, 0.0275, 0.023, 0.0213, 0.0192]","[0.679, 0.054, 0.365, 0.08, 0.056, 0.3, 0.129, 0.077, 0.046, 0.151]",3000,0.16798797249794006,0.6362141804243509,
48,T2,3240,-0.22770172764412486,0.40273693025743107,0.12824854273744307,0.0004317321407686629,-0.008284022684439807,0.036931830442579854,0.04939136936027442,0.18187470734119415,0.12479891628026962,0.07834402471780777,0.3066736161708832,0.4818134009838104,0.6073008179664612,3,116,269,"[0.1819, 0.1248, 0.0783, 0.0561, 0.0407, 0.0353, 0.0248, 0.0236, 0.0216, 0.0202]","[0.228, 0.403, 0.128, 0.151, 0.04, 0.004, 0.267, 0.064, 0.335, 0.409]",3000,0.11987026035785675,0.2578876884779989,
48,T3,3240,-0.09237549565085956,-0.00020982899176711747,-0.2041450032527162,0.03672037403273097,0.07976510640576784,-0.031609141058541006,0.04713299874369696,0.39318719506263733,0.21091975271701813,0.0724869966506958,0.6041069626808167,0.7717970013618469,0.8625556230545044,2,16,40,"[0.3932, 0.2109, 0.0725, 0.0592, 0.036, 0.0288, 0.0197, 0.0168, 0.013, 0.0124]","[0.092, 0.0, 0.204, 0.647, 0.383, 0.126, 0.047, 0.173, 0.224, 0.063]",3000,0.09192588180303574,0.09187713213014774,
48,T4,3240,-0.007607714601974891,0.5150469904426604,-0.47106611478403626,-0.007683538641612016,-0.011935710453801528,0.06872755214244702,-0.056889176376991306,0.2185249626636505,0.11282284557819366,0.09263976663351059,0.33134782314300537,0.5201790928840637,0.6457071900367737,3,86,201,"[0.2185, 0.1128, 0.0926, 0.0598, 0.0364, 0.0318, 0.0277, 0.0241, 0.0226, 0.0193]","[0.008, 0.515, 0.471, 0.463, 0.086, 0.257, 0.09, 0.003, 0.175, 0.032]",3000,0.0761660784482956,0.09591570333977788,
48,T5,3240,0.22347070353415593,0.09141165100837005,-0.15329087106614997,0.01592664276096802,0.025840143580375643,0.058705788477609586,-0.007691639100167023,0.4371931850910187,0.2515450716018677,0.06582532823085785,0.688738226890564,0.8191080689430237,0.88728928565979,2,12,33,"[0.4372, 0.2515, 0.0658, 0.0363, 0.0282, 0.017, 0.0156, 0.0148, 0.0125, 0.0084]","[0.223, 0.091, 0.153, 0.603, 0.028, 0.563, 0.021, 0.216, 0.111, 0.044]",3000,0.059375662356615067,-0.25303094979638324,
48,T6,3240,0.1577937867782666,-0.0028525532751050115,0.004237457174688827,0.002989957242439137,0.010074154529420346,0.059425683966261356,0.03772152463048336,0.37742191553115845,0.21447525918483734,0.11816254258155823,0.591897189617157,0.7882879376411438,0.8699061274528503,4,15,37,"[0.3774, 0.2145, 0.1182, 0.0468, 0.0314, 0.0223, 0.0191, 0.0161, 0.0128, 0.0114]","[0.158, 0.003, 0.004, 0.171, 0.432, 0.468, 0.307, 0.406, 0.038, 0.22]",3000,0.04142294451594353,-0.18477790886289416,
48,T7,3240,-0.14175077549214538,0.12315394771632529,0.10581640350837068,0.0033701002213342717,0.006848477065093006,-0.0804462206225582,0.03126736008594556,0.6056528687477112,0.23836193978786469,0.033693332225084305,0.8440148234367371,0.9124022722244263,0.9495434761047363,5,5,11,"[0.6057, 0.2384, 0.0337, 0.0182, 0.0165, 0.0127, 0.0072, 0.0067, 0.0059, 0.0047]","[0.142, 0.123, 0.106, 0.075, 0.322, 0.312, 0.388, 0.468, 0.418, 0.204]",3000,0.052659403532743454,0.20886345703904144,
48,T8,3240,-0.06750126620847058,0.09470079778000993,-0.7590997674287864,-0.01776603829809231,-0.06738012681003479,0.06963055346434648,-0.012579333349961985,0.7240936756134033,0.09608296304941177,0.027961645275354385,0.8201766610145569,0.8924811482429504,0.9387379884719849,2,6,14,"[0.7241, 0.0961, 0.028, 0.0229, 0.0214, 0.015, 0.0117, 0.0075, 0.0062, 0.0058]","[0.068, 0.095, 0.759, 0.107, 0.55, 0.019, 0.149, 0.152, 0.045, 0.083]",3000,0.12009931355714798,-0.008834777634194498,
48,R0,3240,0.0027619699106441443,-0.02812094545831519,-0.554042002010334,0.005572564636800515,-0.038617338200938524,0.019450094120057947,-0.11755494812830879,0.8824729323387146,0.06245512515306473,0.015968503430485725,0.9449280500411987,0.971220076084137,0.9837813973426819,3,2,3,"[0.8825, 0.0625, 0.016, 0.0059, 0.0045, 0.0032, 0.0029, 0.0027, 0.002, 0.0018]","[0.003, 0.028, 0.554, 0.07, 0.253, 0.115, 0.213, 0.645, 0.572, 0.043]",3000,0.0637640655040741,-0.15828370866645983,
48,R1,3240,0.06504505898345898,-0.467625613541801,-0.4015025775796808,0.04926933569901553,0.10161795327710009,-0.04884637893832975,0.10482016989682481,0.5390715003013611,0.09246530383825302,0.07934748381376266,0.6315367817878723,0.7946109175682068,0.8669299483299255,3,16,43,"[0.5391, 0.0925, 0.0793, 0.0518, 0.0319, 0.0213, 0.0162, 0.0141, 0.0117, 0.009]","[0.065, 0.468, 0.402, 0.328, 0.111, 0.122, 0.159, 0.026, 0.172, 0.109]",3000,0.12451197952032089,-0.0967484477599566,
48,R2,3240,0.0597446564442072,0.12478156254900256,-0.7011136998808218,0.015275703751159928,-0.07222745936624986,0.08832804757464315,-0.11723598808531802,0.3424457609653473,0.1652403473854065,0.07553787529468536,0.5076861381530762,0.6797297596931458,0.7728331089019775,1,42,110,"[0.3424, 0.1652, 0.0755, 0.0541, 0.0424, 0.0285, 0.0226, 0.0164, 0.0144, 0.0111]","[0.06, 0.125, 0.701, 0.189, 0.074, 0.079, 0.262, 0.195, 0.067, 0.03]",3000,0.12774497270584106,-0.11744770356796902,
48,R3,3240,0.26144758030444615,-0.2834729452887329,0.5839404749756111,-0.03222207825438373,0.0013679518058019073,0.007142544854812494,-0.12189077990600398,0.4840734899044037,0.1522062122821808,0.07099958509206772,0.6362797021865845,0.7746673226356506,0.8637051582336426,2,16,41,"[0.4841, 0.1522, 0.071, 0.0363, 0.0311, 0.0244, 0.0222, 0.018, 0.0132, 0.0113]","[0.261, 0.283, 0.584, 0.318, 0.194, 0.096, 0.201, 0.16, 0.083, 0.054]",3000,0.2957431375980377,-0.3840140503290095,
48,R4,3240,0.1078490869704878,0.06728214497606412,0.13387456621290472,0.0032465394688781205,-0.029718484244846428,0.134731519102542,-0.13252068635213782,0.7511970400810242,0.06182536855340004,0.039425402879714966,0.8130224347114563,0.9041586518287659,0.9467605352401733,2,5,11,"[0.7512, 0.0618, 0.0394, 0.0309, 0.0208, 0.0144, 0.0099, 0.0075, 0.0056, 0.0052]","[0.108, 0.067, 0.134, 0.154, 0.58, 0.669, 0.035, 0.072, 0.03, 0.042]",3000,0.15419113636016846,-0.2986199134579794,
48,R5,3240,-0.15560934020954476,-0.2522465745855236,-0.3871392030918476,0.01399383804683061,-0.10984248106043186,-0.06536861410713381,-0.012140463295705246,0.5603460073471069,0.13967463374137878,0.05914659425616264,0.7000206708908081,0.8245236873626709,0.894405722618103,4,11,25,"[0.5603, 0.1397, 0.0591, 0.0343, 0.0311, 0.0248, 0.0157, 0.0129, 0.0092, 0.0073]","[0.156, 0.252, 0.387, 0.5, 0.341, 0.271, 0.448, 0.19, 0.139, 0.099]",3000,0.12970244884490967,0.2594616333276195,
48,R6,3240,0.20536423230798373,0.09674365273373066,-0.6533649256343208,0.022456535392843112,-0.09858399846511129,-0.011072131369022471,-0.1471187670038268,0.6991167068481445,0.09492678940296173,0.04127117618918419,0.7940434813499451,0.8955331444740295,0.9342256188392639,2,6,14,"[0.6991, 0.0949, 0.0413, 0.0383, 0.0219, 0.0116, 0.0086, 0.0072, 0.0061, 0.0052]","[0.205, 0.097, 0.653, 0.642, 0.144, 0.225, 0.237, 0.066, 0.04, 0.284]",3000,0.19308415055274963,-0.29013641558062314,
48,R7,3240,-0.4249240691878197,-0.5438739723884846,0.11598990897954849,0.03260816257245367,0.05830502273533148,-0.04788640224169003,0.19632007982145033,0.5048704743385315,0.15424121916294098,0.046796899288892746,0.6591116786003113,0.7621811628341675,0.8416615724563599,3,20,50,"[0.5049, 0.1542, 0.0468, 0.0314, 0.0248, 0.0198, 0.0185, 0.0159, 0.0144, 0.0108]","[0.425, 0.544, 0.116, 0.465, 0.133, 0.032, 0.036, 0.273, 0.113, 0.198]",3000,0.4067137837409973,0.6636750095971234,
48,M0,3000,-0.2064215958316012,-0.3243542651782859,0.5561608584848884,0.14611516914891579,0.04483739249882772,-0.026931421595312966,0.0052905705242522055,0.5536479949951172,0.09321990609169006,0.08854527771472931,0.6468678712844849,0.8055969476699829,0.8824613094329834,4,13,29,"[0.5536, 0.0932, 0.0885, 0.0376, 0.0325, 0.0222, 0.016, 0.0143, 0.0128, 0.0117]","[0.206, 0.324, 0.556, 0.367, 0.199, 0.352, 0.082, 0.162, 0.005, 0.245]",3000,0.16053737699985504,0.13944616985887393,
48,E0,3240,-0.14352098119327852,-0.17314627604674013,0.2764236026960951,0.003606916871502092,-0.021811997053914157,-0.004766810268608957,0.1341644278801297,0.33298537135124207,0.16104255616664886,0.056698836386203766,0.49402791261672974,0.5991342663764954,0.667004406452179,3,129,240,"[0.333, 0.161, 0.0567, 0.0257, 0.0227, 0.0172, 0.0146, 0.0132, 0.0118, 0.011]","[0.144, 0.173, 0.276, 0.361, 0.373, 0.091, 0.086, 0.296, 0.339, 0.057]",3000,0.11046323925256729,0.24817639348272186,
48,MEAN,3000,0.5794426039520624,0.09209435376828812,0.19520887083051702,0.02246316523908516,0.040500761247969946,0.06667009455185444,-0.1718761165848121,0.22049866616725922,0.1683277040719986,0.06482116878032684,0.3888263702392578,0.5410633683204651,0.6570066213607788,2,86,204,"[0.2205, 0.1683, 0.0648, 0.0547, 0.0327, 0.029, 0.0273, 0.022, 0.02, 0.0176]","[0.579, 0.092, 0.195, 0.467, 0.099, 0.166, 0.111, 0.185, 0.056, 0.127]",3000,0.29740598797798157,-0.6941041444923443,
49,T0,3240,0.284015544990955,0.11143712802400153,-0.0075829482841690875,0.03049057191518654,0.09023384249236302,-0.02316731274049311,0.0405823149714946,0.626974880695343,0.22848311066627502,0.018438618630170822,0.8554580211639404,0.9050031304359436,0.9493594169616699,3,5,11,"[0.627, 0.2285, 0.0184, 0.016, 0.0151, 0.0125, 0.0098, 0.0094, 0.0068, 0.0058]","[0.284, 0.111, 0.008, 0.256, 0.459, 0.112, 0.607, 0.451, 0.16, 0.25]",3000,0.06594036519527435,-0.1968095376803987,
49,T1,3240,-0.6727383468332192,-0.05847322679978871,0.41329105115551773,0.022225312689501515,0.0021565280485443634,-0.010489667369514556,0.14987894458267603,0.19791439175605774,0.14669004082679749,0.11558645963668823,0.3446044325828552,0.5477260947227478,0.6699045300483704,2,78,189,"[0.1979, 0.1467, 0.1156, 0.049, 0.0385, 0.0318, 0.028, 0.0232, 0.0209, 0.0182]","[0.673, 0.058, 0.413, 0.091, 0.022, 0.293, 0.187, 0.161, 0.054, 0.136]",3000,0.16276799142360687,0.6300948636016427,
49,T2,3240,-0.2022311037025067,0.4173142455345438,0.12462396612920691,-0.0037623661641566636,-0.009000968504640529,0.03573984847444586,0.04462765480068747,0.1830492615699768,0.13027574121952057,0.0775427371263504,0.3133249878883362,0.48592066764831543,0.6097638010978699,4,114,266,"[0.183, 0.1303, 0.0775, 0.0542, 0.0409, 0.0349, 0.0244, 0.0234, 0.0213, 0.0198]","[0.202, 0.417, 0.125, 0.139, 0.021, 0.027, 0.303, 0.077, 0.359, 0.306]",3000,0.12326687574386597,0.24432965262654216,
49,T3,3240,-0.07426801586026945,0.012267703068200296,0.239302116562268,0.03543171634725479,0.07817064679953684,-0.03478551800184851,0.04471539031601319,0.39104121923446655,0.20655348896980286,0.07551860809326172,0.5975947380065918,0.7684324383735657,0.8615685701370239,2,16,41,"[0.391, 0.2066, 0.0755, 0.0596, 0.0357, 0.0284, 0.0207, 0.0177, 0.0134, 0.0129]","[0.074, 0.012, 0.239, 0.615, 0.396, 0.06, 0.059, 0.184, 0.081, 0.217]",3000,0.09382053464651108,0.07819735340208862,
49,T4,3240,-0.0002886785216338381,0.5293278175795028,-0.43246686545987484,0.007589645715648118,0.007711975561751842,-0.06407189109385894,0.053421085776013025,0.21170419454574585,0.11581054329872131,0.0924297347664833,0.32751473784446716,0.5150189399719238,0.6463127732276917,3,85,202,"[0.2117, 0.1158, 0.0924, 0.0594, 0.0357, 0.033, 0.0277, 0.025, 0.0244, 0.0213]","[0.0, 0.529, 0.432, 0.424, 0.059, 0.293, 0.099, 0.021, 0.032, 0.183]",3000,0.08246275037527084,-0.0983378658876464,
49,T5,3240,0.2153206087326297,0.08120323241442366,-0.16666811863009612,0.027481388044595958,0.02849097216508333,0.061748656226929946,-0.02238332406626344,0.4087584614753723,0.25157397985458374,0.0675698071718216,0.660332441329956,0.8001704812049866,0.874003529548645,2,15,39,"[0.4088, 0.2516, 0.0676, 0.0416, 0.0306, 0.0191, 0.0172, 0.0154, 0.0132, 0.009]","[0.215, 0.081, 0.167, 0.622, 0.015, 0.514, 0.211, 0.123, 0.068, 0.112]",3000,0.06471869349479675,-0.2907421260421618,
49,T6,3240,0.17436711013872386,0.0021269574880432938,0.010838507124814174,-0.0036317601954010755,0.017090411920958958,0.047437159953249625,0.04162844420028293,0.35209932923316956,0.22332869470119476,0.12071817368268967,0.5754280090332031,0.7745521664619446,0.8611204624176025,3,16,41,"[0.3521, 0.2233, 0.1207, 0.0462, 0.0322, 0.0231, 0.0203, 0.0171, 0.0143, 0.0118]","[0.174, 0.002, 0.011, 0.204, 0.552, 0.415, 0.005, 0.354, 0.06, 0.169]",3000,0.04313259944319725,-0.19524912158349297,
49,T7,3240,-0.1151548958904583,0.12686312928590315,-0.05959830906627641,-0.017049383979657672,0.0023504915085194094,-0.07864864187573223,0.05156363922320317,0.5881503224372864,0.24083128571510315,0.0379796177148819,0.8289816379547119,0.9029051661491394,0.9434673190116882,5,5,12,"[0.5882, 0.2408, 0.038, 0.0188, 0.0171, 0.0127, 0.0093, 0.0071, 0.0064, 0.005]","[0.115, 0.127, 0.06, 0.251, 0.335, 0.398, 0.535, 0.311, 0.348, 0.158]",3000,0.05492710322141647,0.21128153242910397,
49,T8,3240,-0.023481947683728892,0.0875646056854864,-0.7237722622073005,0.008365220117592768,0.06252993444538876,-0.09950663421752834,0.058526874375308374,0.6990982294082642,0.1031445786356926,0.03252451494336128,0.8022428154945374,0.8830981850624084,0.9331916570663452,2,7,15,"[0.6991, 0.1031, 0.0325, 0.0258, 0.0226, 0.0157, 0.0125, 0.0091, 0.0068, 0.006]","[0.023, 0.088, 0.724, 0.157, 0.6, 0.019, 0.209, 0.098, 0.037, 0.01]",3000,0.12401903420686722,0.1854504540851056,
49,R0,3240,0.011391851569804311,0.02570165235622296,-0.46759893829951427,0.004952140834504572,-0.05005891259605307,0.03213117975442028,-0.13811404471361463,0.8794463872909546,0.06283965706825256,0.01751759834587574,0.9422860145568848,0.9694885611534119,0.9830480813980103,4,2,3,"[0.8794, 0.0628, 0.0175, 0.0052, 0.0045, 0.0036, 0.003, 0.0029, 0.0023, 0.0019]","[0.011, 0.026, 0.468, 0.05, 0.235, 0.416, 0.134, 0.45, 0.352, 0.293]",3000,0.06655722111463547,-0.19518584403576836,
49,R1,3240,0.13626807399025753,-0.45961756856263514,-0.37002495208661096,0.013770313155749751,0.0948766332744356,-0.08500369905307092,0.1500962778501541,0.5576257705688477,0.09237755089998245,0.07530877739191055,0.6500033140182495,0.8099749088287354,0.878058135509491,3,14,38,"[0.5576, 0.0924, 0.0753, 0.0509, 0.0338, 0.0209, 0.0149, 0.013, 0.0111, 0.0082]","[0.136, 0.46, 0.37, 0.367, 0.13, 0.271, 0.136, 0.056, 0.154, 0.141]",3000,0.12270595133304596,-0.06010369390513283,
49,R2,3240,0.025338579333528285,-0.07292324268532395,-0.6467973752065135,-0.004461686650166018,-0.05577812634543204,0.1578376628144211,-0.1509945931776888,0.3750441372394562,0.15311120450496674,0.07605894654989243,0.5281553268432617,0.7000011205673218,0.7868924736976624,1,38,100,"[0.375, 0.1531, 0.0761, 0.0519, 0.0438, 0.0281, 0.0198, 0.0151, 0.0133, 0.0105]","[0.025, 0.073, 0.647, 0.289, 0.086, 0.087, 0.242, 0.188, 0.024, 0.084]",3000,0.11545325070619583,-0.23368628808448982,
49,R3,3240,0.259011424076789,-0.27542084174525056,-0.5855668565641665,-0.03250252328792873,0.016827490839917733,0.026901339157584313,-0.11364574288257757,0.5039005279541016,0.14967583119869232,0.064231276512146,0.6535763740539551,0.7792314291000366,0.8686865568161011,1,15,39,"[0.5039, 0.1497, 0.0642, 0.0335, 0.028, 0.0249, 0.0226, 0.017, 0.0138, 0.0111]","[0.259, 0.275, 0.586, 0.273, 0.218, 0.184, 0.193, 0.197, 0.066, 0.035]",3000,0.286709189414978,-0.404343450851102,
49,R4,3240,-0.19458326200188572,-0.007948406282705838,0.16820205921772333,-0.012915436240891299,-0.0035799154884673706,-0.12564804544505925,0.13412398899066266,0.7665988802909851,0.05821094661951065,0.03368730470538139,0.8248098492622375,0.9107402563095093,0.950203001499176,2,5,10,"[0.7666, 0.0582, 0.0337, 0.0306, 0.0216, 0.0129, 0.009, 0.0071, 0.0055, 0.0049]","[0.195, 0.008, 0.168, 0.016, 0.528, 0.689, 0.017, 0.113, 0.066, 0.026]",3000,0.15697503089904785,0.4579331375987513,
49,R5,3240,-0.1474896043689856,-0.24287531881551191,0.37921022699217644,0.020279865546971584,-0.10863138946605289,-0.04787975087086508,-0.019145599472975557,0.5707787871360779,0.1308707296848297,0.064021535217762,0.70164954662323,0.8303226828575134,0.8983715772628784,3,11,24,"[0.5708, 0.1309, 0.064, 0.0344, 0.0303, 0.0235, 0.0161, 0.012, 0.0091, 0.0073]","[0.147, 0.243, 0.379, 0.524, 0.158, 0.234, 0.459, 0.182, 0.162, 0.125]",3000,0.13415510952472687,0.21541487407244417,
49,R6,3240,0.19011298944033558,0.12102205745610344,-0.6206490763982947,0.038048689483857444,-0.11772980727093371,-0.01248679656656268,-0.18124907984433128,0.6846359968185425,0.10413587093353271,0.04147464036941528,0.7887718677520752,0.8928468227386475,0.9323996901512146,2,6,15,"[0.6846, 0.1041, 0.0415, 0.0406, 0.022, 0.0116, 0.009, 0.0069, 0.0068, 0.0051]","[0.19, 0.121, 0.621, 0.688, 0.169, 0.204, 0.207, 0.073, 0.057, 0.285]",3000,0.19420622289180756,-0.3135324763965582,
49,R7,3240,-0.420666284880523,-0.5207160392040426,0.1199923249770585,0.05024784801311312,0.06327779319374824,-0.023652494405532035,0.16746340199089169,0.5028795599937439,0.15935513377189636,0.048899490386247635,0.6622346639633179,0.7680146098136902,0.8456317782402039,3,19,47,"[0.5029, 0.1594, 0.0489, 0.0317, 0.0252, 0.0191, 0.0175, 0.0157, 0.0144, 0.0108]","[0.421, 0.521, 0.12, 0.484, 0.094, 0.031, 0.003, 0.258, 0.09, 0.204]",3000,0.4056685268878937,0.6098386954582776,
49,M0,3000,-0.1636483945131996,0.3846582060723314,0.40678868118238315,0.14143712992534985,0.05272307787394332,-0.009983344522329438,-0.02658770245857861,0.5560622811317444,0.09297671169042587,0.09060924500226974,0.6490389704704285,0.8111142516136169,0.8842888474464417,4,12,28,"[0.5561, 0.093, 0.0906, 0.0383, 0.0332, 0.0216, 0.0153, 0.0134, 0.0118, 0.0111]","[0.164, 0.385, 0.407, 0.341, 0.103, 0.399, 0.254, 0.071, 0.077, 0.152]",3000,0.16118991374969482,0.03445362396543166,
49,E0,3240,-0.13763316513214433,-0.18953072033642873,0.28245300329288014,0.006029230983686042,-0.020826297710287205,-0.0011102969257243528,0.12498113361714813,0.3424616754055023,0.1508214771747589,0.0585944838821888,0.49328315258026123,0.6042414307594299,0.6728729009628296,3,127,239,"[0.3425, 0.1508, 0.0586, 0.0278, 0.0246, 0.0172, 0.0156, 0.0141, 0.0113, 0.0106]","[0.138, 0.19, 0.282, 0.351, 0.374, 0.099, 0.246, 0.198, 0.379, 0.079]",3000,0.11469607800245285,0.23547044403622938,
49,MEAN,3000,0.5627455059376247,0.09213449023622103,0.18737192315269435,0.020774388212880832,0.03816172254146319,0.07295805586422074,-0.17499912563566902,0.21944041550159454,0.16951791942119598,0.0640520304441452,0.3889583349227905,0.5427306890487671,0.658235490322113,2,85,203,"[0.2194, 0.1695, 0.0641, 0.0562, 0.0336, 0.0297, 0.0269, 0.0215, 0.0197, 0.0177]","[0.563, 0.092, 0.187, 0.467, 0.091, 0.16, 0.141, 0.225, 0.052, 0.126]",3000,0.2935020625591278,-0.692863231517467,
50,T0,3240,0.37629239653203556,0.09535783237419124,-0.07457134398263607,0.07282721367509538,0.10269957359091045,0.017583188454923033,0.022995799000945897,0.6359633803367615,0.2216440737247467,0.018251297995448112,0.8576074838638306,0.9070764183998108,0.9502877593040466,3,5,10,"[0.636, 0.2216, 0.0183, 0.0163, 0.015, 0.0125, 0.0094, 0.0086, 0.0069, 0.0058]","[0.376, 0.095, 0.075, 0.068, 0.528, 0.023, 0.628, 0.239, 0.154, 0.221]",3000,0.06525566428899765,-0.2943868162520839,
50,T1,3240,-0.6512805458180837,0.06214413013298739,-0.46814528512811887,0.0228663429410235,0.01079771625899248,-0.017432498543670003,0.15137039867479904,0.1993228942155838,0.1533118188381195,0.11479520052671432,0.3526347279548645,0.55757737159729,0.6815072894096375,2,72,179,"[0.1993, 0.1533, 0.1148, 0.0479, 0.0422, 0.0332, 0.0283, 0.0239, 0.0212, 0.0173]","[0.651, 0.062, 0.468, 0.108, 0.005, 0.263, 0.272, 0.202, 0.0, 0.173]",3000,0.1519985795021057,0.6218693464957676,
50,T2,3240,-0.21334851590611473,0.39290560441987593,-0.127370596432654,-0.001139825057654504,-0.007862168279552974,0.03285069477469505,0.05327436833176118,0.1857367902994156,0.1331777721643448,0.07648974657058716,0.3189145624637604,0.4902040660381317,0.6165871024131775,3,108,254,"[0.1857, 0.1332, 0.0765, 0.0535, 0.0413, 0.0369, 0.0247, 0.0235, 0.0212, 0.0201]","[0.213, 0.393, 0.127, 0.147, 0.028, 0.047, 0.365, 0.044, 0.339, 0.2]",3000,0.11482509225606918,0.25986156004805416,
50,T3,3240,-0.05000473492838294,-0.0020214078219057737,0.1107646547028366,0.03373459847289021,0.07617832354221227,-0.031838992287836744,0.03683062626144731,0.3918491005897522,0.20516666769981384,0.07612492889165878,0.5970157384872437,0.7659081220626831,0.8621425032615662,2,16,41,"[0.3918, 0.2052, 0.0761, 0.0588, 0.034, 0.0287, 0.0211, 0.0197, 0.0145, 0.0122]","[0.05, 0.002, 0.111, 0.642, 0.389, 0.148, 0.17, 0.01, 0.045, 0.226]",3000,0.08580663800239563,0.05086455752207869,
50,T4,3240,0.02332769870280907,-0.4865698615774272,0.45836489327318936,0.005680788245571299,0.005508233402371798,-0.06091612535970326,0.04319183090521578,0.22051148116588593,0.112494558095932,0.09339231997728348,0.33300602436065674,0.5202212333679199,0.6576244235038757,4,80,194,"[0.2205, 0.1125, 0.0934, 0.0559, 0.038, 0.036, 0.0292, 0.0263, 0.0239, 0.022]","[0.023, 0.487, 0.458, 0.365, 0.011, 0.371, 0.02, 0.086, 0.086, 0.159]",3000,0.07828837633132935,-0.12917017358843444,
50,T5,3240,0.22006449085234497,0.09393479704085993,0.26091022113290974,0.025774945791880638,0.02400774342900053,0.06081498450393927,-0.026351139292646684,0.3876558542251587,0.22706250846385956,0.07154691219329834,0.6147183775901794,0.7732822895050049,0.8526654839515686,2,18,49,"[0.3877, 0.2271, 0.0715, 0.0549, 0.0322, 0.0235, 0.0187, 0.014, 0.0135, 0.0097]","[0.22, 0.094, 0.261, 0.626, 0.024, 0.462, 0.161, 0.12, 0.119, 0.02]",3000,0.07264699041843414,-0.2863940947263171,
50,T6,3240,0.17089221066897736,0.0054848423732653424,0.01719153119082003,8.016611783888511e-05,0.020551853648340633,0.04288460251759948,0.050099329881860076,0.3425776958465576,0.22582225501537323,0.1188262477517128,0.568399965763092,0.7654786109924316,0.8536196351051331,3,18,45,"[0.3426, 0.2258, 0.1188, 0.045, 0.0333, 0.0229, 0.0208, 0.0176, 0.0151, 0.0117]","[0.171, 0.005, 0.017, 0.184, 0.594, 0.34, 0.102, 0.367, 0.037, 0.115]",3000,0.044853001832962036,-0.17641383460674884,
50,T7,3240,-0.12104173890828326,0.13187849086531792,-0.021794893990293964,-0.026012535162103605,-0.005278208087080975,-0.08571837847865395,0.0832443940019615,0.5971765518188477,0.23119120299816132,0.0357445552945137,0.8283677697181702,0.8994097709655762,0.9412964582443237,4,6,13,"[0.5972, 0.2312, 0.0357, 0.0187, 0.0166, 0.0142, 0.0095, 0.0069, 0.0063, 0.005]","[0.121, 0.132, 0.022, 0.513, 0.251, 0.41, 0.542, 0.41, 0.24, 0.081]",3000,0.05959285423159599,0.2636242295599794,
50,T8,3240,-0.0005882929351605017,0.09698208917449147,-0.7611881388554007,-0.014138524716874473,0.05365963657656148,-0.11288769909680291,0.11468435347169155,0.6753718256950378,0.10542228817939758,0.036733511835336685,0.7807941436767578,0.8736680150032043,0.9267784357070923,1,7,17,"[0.6754, 0.1054, 0.0367, 0.0291, 0.027, 0.016, 0.0132, 0.0093, 0.0075, 0.0071]","[0.001, 0.097, 0.761, 0.119, 0.258, 0.033, 0.208, 0.087, 0.152, 0.094]",3000,0.1336243748664856,0.2542165525132105,
50,R0,3240,-0.05736255892181405,0.02188551273856916,-0.4439319917573379,0.01574718132760003,-0.06416067845164036,0.033446076764434694,-0.14586012695631378,0.8740151524543762,0.05881696939468384,0.01793104037642479,0.9328321218490601,0.9660872220993042,0.981354296207428,4,2,3,"[0.874, 0.0588, 0.0179, 0.0099, 0.0055, 0.0046, 0.0032, 0.0029, 0.0025, 0.0021]","[0.057, 0.022, 0.444, 0.079, 0.451, 0.435, 0.088, 0.298, 0.143, 0.389]",3000,0.06992419064044952,-0.11471689788745194,
50,R1,3240,0.06779158840499083,-0.4522677753978009,-0.17241323553031193,-0.014455176335929949,0.09154605559604886,-0.08625429162810604,0.16754603855879824,0.6039815545082092,0.08560817688703537,0.0683637261390686,0.6895897388458252,0.8373972177505493,0.8971730470657349,3,11,31,"[0.604, 0.0856, 0.0684, 0.0486, 0.0308, 0.0191, 0.0127, 0.0113, 0.0093, 0.0074]","[0.068, 0.452, 0.172, 0.497, 0.207, 0.302, 0.114, 0.073, 0.088, 0.161]",3000,0.11416707187891006,0.07165250678419952,
50,R2,3240,0.2234043168199733,-0.07796905703262179,-0.5655116131764225,-0.004495653034578832,-0.02461750639254872,0.1280971459764076,-0.22776874947142398,0.4404663145542145,0.12165019661188126,0.08267705887556076,0.5621165037155151,0.7428783178329468,0.8176743388175964,1,29,80,"[0.4405, 0.1217, 0.0827, 0.053, 0.0451, 0.0248, 0.0155, 0.013, 0.0119, 0.0097]","[0.223, 0.078, 0.566, 0.24, 0.292, 0.116, 0.153, 0.168, 0.151, 0.204]",3000,0.12126167863607407,-0.5019546973185709,
50,R3,3240,0.2803751438962698,0.25447141201964185,-0.5704938469041875,0.019041147737927998,-0.020458102496877215,0.02944676118209655,-0.15438129065269685,0.5404708385467529,0.15594804286956787,0.047994308173656464,0.6964188814163208,0.8024787306785583,0.88666832447052,3,13,32,"[0.5405, 0.1559, 0.048, 0.0307, 0.0274, 0.023, 0.0222, 0.0148, 0.0129, 0.0112]","[0.28, 0.254, 0.57, 0.145, 0.005, 0.043, 0.409, 0.436, 0.218, 0.018]",3000,0.24425671994686127,-0.44666459926194374,
50,R4,3240,-0.2564092782390744,-0.05058638068206814,0.1953067345898744,-0.038074870415924306,-0.02772665425751366,-0.10544888022664081,0.11039144129921594,0.7873290777206421,0.05245211720466614,0.02939843013882637,0.8397811651229858,0.9179215431213379,0.9532302618026733,2,5,10,"[0.7873, 0.0525, 0.0294, 0.0279, 0.0209, 0.0118, 0.0078, 0.006, 0.0055, 0.0042]","[0.256, 0.051, 0.195, 0.223, 0.483, 0.689, 0.059, 0.121, 0.283, 0.021]",3000,0.1691773533821106,0.4924745598173989,
50,R5,3240,0.09099052275693338,-0.28287765481945626,-0.4398973235088113,-0.030591565239429602,0.09054681488387097,0.03912669973066388,0.038890904841653536,0.5637707710266113,0.11530028283596039,0.06399384140968323,0.6790710687637329,0.8115558624267578,0.8854049444198608,3,13,27,"[0.5638, 0.1153, 0.064, 0.0374, 0.031, 0.025, 0.0176, 0.0138, 0.0092, 0.0083]","[0.091, 0.283, 0.44, 0.442, 0.101, 0.122, 0.422, 0.161, 0.116, 0.118]",3000,0.19432774186134338,-0.11538580752580142,
50,R6,3240,0.27804037271928,0.17567829893103565,-0.6126452706152021,0.030801340620435408,-0.07467621262893251,0.018596632141032042,-0.24237810933442547,0.634166419506073,0.11183184385299683,0.05645610764622688,0.7459982633590698,0.8661027550697327,0.9164589643478394,2,8,19,"[0.6342, 0.1118, 0.0565, 0.0387, 0.025, 0.0157, 0.0107, 0.0097, 0.0078, 0.0065]","[0.278, 0.176, 0.613, 0.217, 0.208, 0.137, 0.137, 0.054, 0.212, 0.327]",3000,0.2462678998708725,-0.4904989709972501,
50,R7,3240,-0.4563758066153567,-0.5362031691042544,-0.09118189288984417,0.05204701113544745,0.06548875738607812,-0.04871807708432981,0.16451416468508315,0.4830612540245056,0.16839344799518585,0.052216943353414536,0.6514546871185303,0.7619775533676147,0.8436529636383057,4,19,47,"[0.4831, 0.1684, 0.0522, 0.0321, 0.0262, 0.0195, 0.0186, 0.0172, 0.0153, 0.0111]","[0.456, 0.536, 0.091, 0.452, 0.03, 0.013, 0.004, 0.304, 0.172, 0.223]",3000,0.4140278398990631,0.6383947191525327,
50,M0,3000,-0.17655992447111796,0.42105833919118985,-0.4118809435645572,0.12857652787965027,0.04144624773958735,0.011727538847099279,-0.06600869333516958,0.5544328689575195,0.09424944967031479,0.08975739777088165,0.6486822962760925,0.8083447813987732,0.8875362873077393,4,12,26,"[0.5544, 0.0942, 0.0898, 0.0372, 0.0327, 0.0233, 0.019, 0.0145, 0.0121, 0.0103]","[0.177, 0.421, 0.412, 0.298, 0.069, 0.384, 0.14, 0.322, 0.01, 0.203]",3000,0.15145961940288544,-0.0008949414535538018,
50,E0,3240,-0.14279148418064372,-0.21587229832581006,0.3289775449792222,0.002290312086649928,-0.021192761620078434,-0.005844651291213908,0.12733207490209728,0.3348451256752014,0.14424040913581848,0.06087054684758186,0.4790855348110199,0.5956711173057556,0.6663625240325928,3,129,245,"[0.3348, 0.1442, 0.0609, 0.0285, 0.0272, 0.0187, 0.0171, 0.0134, 0.0113, 0.0102]","[0.143, 0.216, 0.329, 0.397, 0.289, 0.07, 0.218, 0.308, 0.211, 0.016]",3000,0.12854738533496857,0.24002356735421154,
50,MEAN,3000,0.5641731445128902,0.16875599207723896,0.17990266477065467,0.019289713776615706,0.029696986980770175,0.06876580549730185,-0.1742729146210959,0.22195103764533997,0.16871215403079987,0.06162455305457115,0.390663206577301,0.5405414700508118,0.656360924243927,2,87,206,"[0.222, 0.1687, 0.0616, 0.0547, 0.0336, 0.03, 0.0267, 0.0215, 0.0198, 0.0179]","[0.564, 0.169, 0.18, 0.445, 0.097, 0.127, 0.128, 0.222, 0.064, 0.153]",3000,0.29960930347442627,-0.6761610161358134,
51,T0,3240,0.2950279083310874,0.02556369133339356,0.06607728608450379,0.10593370033933662,0.10818971968378581,0.03774091295898698,-0.012208445198328954,0.6379610300064087,0.22542287409305573,0.01753348298370838,0.8633838891983032,0.9110119342803955,0.9522206783294678,2,5,10,"[0.638, 0.2254, 0.0175, 0.016, 0.0141, 0.0128, 0.0091, 0.0072, 0.0068, 0.0053]","[0.295, 0.026, 0.066, 0.2, 0.575, 0.172, 0.595, 0.229, 0.109, 0.272]",3000,0.06440570205450058,-0.2917518085948559,
51,T1,3240,0.6300112115072954,0.04039512760750225,-0.4020639014133204,-0.017373814555778088,-0.005805227053439898,0.010759487267016365,-0.15279837516568526,0.19885492324829102,0.164882630109787,0.10772738605737686,0.363737553358078,0.5640184879302979,0.6931639909744263,2,67,168,"[0.1989, 0.1649, 0.1077, 0.048, 0.0446, 0.0336, 0.0295, 0.0252, 0.0227, 0.0182]","[0.63, 0.04, 0.402, 0.007, 0.168, 0.247, 0.23, 0.226, 0.131, 0.219]",3000,0.1373104602098465,-0.6053730620557115,
51,T2,3240,-0.2231973646306846,0.3602747227587605,-0.14017198726056776,-0.0016132376057406644,-0.0064581513930599115,0.02958486494793507,0.053958717486930804,0.19278845191001892,0.13878855109214783,0.07718446850776672,0.33157700300216675,0.5031086206436157,0.6322935223579407,2,97,232,"[0.1928, 0.1388, 0.0772, 0.0528, 0.0415, 0.0344, 0.0286, 0.0233, 0.0226, 0.0203]","[0.223, 0.36, 0.14, 0.176, 0.016, 0.051, 0.308, 0.071, 0.17, 0.151]",3000,0.11036641150712967,0.2695173511239994,
51,T3,3240,0.04042935246475641,-0.039328636665175776,0.028529909933490947,-0.039532551574590145,-0.0843598544418589,0.03893664640551964,-0.03140734161416453,0.3938358724117279,0.20126540958881378,0.080162912607193,0.5951012969017029,0.766440212726593,0.8625711798667908,3,16,41,"[0.3938, 0.2013, 0.0802, 0.0572, 0.034, 0.0282, 0.0211, 0.0197, 0.0151, 0.0121]","[0.04, 0.039, 0.029, 0.621, 0.357, 0.356, 0.144, 0.114, 0.06, 0.216]",3000,0.07108680158853531,-0.040616837682930396,
51,T4,3240,-0.024464833268432972,0.3956062689702056,0.4105816818046098,-0.007346751339331969,-0.01079978292418271,0.06476719904354648,-0.04736621481727408,0.25483667850494385,0.12419737875461578,0.0793784037232399,0.37903404235839844,0.5619595050811768,0.6916584968566895,3,66,164,"[0.2548, 0.1242, 0.0794, 0.0646, 0.039, 0.0354, 0.0283, 0.0245, 0.0232, 0.0182]","[0.024, 0.396, 0.411, 0.293, 0.244, 0.344, 0.147, 0.097, 0.101, 0.052]",3000,0.06996998935937881,0.09122164716326829,
51,T5,3240,0.19164396817687393,0.06640461797286827,0.36904919670633946,0.022202203084025145,0.014351638838315089,0.06590359991037979,-0.041939007568609556,0.3700723946094513,0.2221851944923401,0.07494035363197327,0.5922576189041138,0.7601629495620728,0.8402019739151001,3,20,55,"[0.3701, 0.2222, 0.0749, 0.0618, 0.0312, 0.0235, 0.0196, 0.0135, 0.0132, 0.0103]","[0.192, 0.066, 0.369, 0.554, 0.025, 0.46, 0.049, 0.097, 0.053, 0.244]",3000,0.07485592365264893,-0.26533150878345835,
51,T6,3240,0.15550937618754915,0.016222806881341784,0.034658400560260656,0.009231200546258657,0.025304538764992293,0.02642657442339618,0.055913005478679514,0.32009080052375793,0.232777938246727,0.12628832459449768,0.5528687238693237,0.7592113018035889,0.8489528894424438,3,19,48,"[0.3201, 0.2328, 0.1263, 0.0441, 0.0359, 0.0231, 0.0218, 0.0176, 0.0153, 0.0119]","[0.156, 0.016, 0.035, 0.159, 0.571, 0.428, 0.037, 0.347, 0.009, 0.033]",3000,0.04324408993124962,-0.16461374059413772,
51,T7,3240,-0.183496592778477,0.15063442074383834,-0.04396157644740035,-0.03933536021768367,-0.02051723298529449,-0.09222959770092697,0.07639725226503696,0.6029214859008789,0.2193838506937027,0.0355972945690155,0.8223053216934204,0.8953874111175537,0.9388031959533691,4,6,14,"[0.6029, 0.2194, 0.0356, 0.0197, 0.0178, 0.0153, 0.0099, 0.0068, 0.0064, 0.0049]","[0.183, 0.151, 0.044, 0.519, 0.007, 0.422, 0.489, 0.405, 0.248, 0.048]",3000,0.06076589599251747,0.330028019887116,
51,T8,3240,-0.11755142905341973,0.07878240003595077,-0.7787584097918075,-0.022372908347225738,0.0406688177549494,-0.14021920297067084,0.16473970636050697,0.6606271266937256,0.10506793111562729,0.040274761617183685,0.7656950354576111,0.8674858212471008,0.9222761988639832,2,8,18,"[0.6606, 0.1051, 0.0403, 0.0327, 0.0289, 0.0156, 0.0142, 0.0099, 0.0078, 0.0074]","[0.118, 0.079, 0.779, 0.359, 0.166, 0.053, 0.21, 0.043, 0.042, 0.005]",3000,0.1428360641002655,0.41401019108670567,
51,R0,3240,-0.018107271017521475,0.06011818588333609,-0.3850963836344446,0.023661124492568027,-0.06304839336311328,0.05028897247222814,-0.13523173615991835,0.8771450519561768,0.054927974939346313,0.017189394682645798,0.9320729970932007,0.9659193158149719,0.9814557433128357,5,2,4,"[0.8771, 0.0549, 0.0172, 0.0096, 0.0071, 0.0047, 0.0033, 0.0027, 0.0024, 0.0024]","[0.018, 0.06, 0.385, 0.075, 0.38, 0.534, 0.305, 0.234, 0.05, 0.392]",3000,0.06926189363002777,-0.13457413505639712,
51,R1,3240,0.20533963228394803,-0.3347599129743716,0.3942567895379124,0.019243420115957345,0.048911436213419146,-0.1639668137680519,0.05609823548996709,0.683501660823822,0.06627156585454941,0.05604524910449982,0.7497732043266296,0.8721309304237366,0.9214520454406738,4,8,21,"[0.6835, 0.0663, 0.056, 0.0388, 0.0275, 0.0169, 0.0094, 0.0089, 0.0073, 0.0067]","[0.205, 0.335, 0.394, 0.439, 0.23, 0.347, 0.119, 0.058, 0.09, 0.11]",3000,0.1070864126086235,0.09409250382405386,
51,R2,3240,0.10398911527212361,-0.140111205559261,-0.571285296792339,0.017296083421991446,-0.03518765088872929,0.1173505517605753,-0.23732192202106994,0.5225235819816589,0.10004613548517227,0.07211583852767944,0.622569739818573,0.7914315462112427,0.8534003496170044,1,20,57,"[0.5225, 0.1, 0.0721, 0.0514, 0.0453, 0.0199, 0.0123, 0.0113, 0.0095, 0.0089]","[0.104, 0.14, 0.571, 0.23, 0.215, 0.169, 0.059, 0.05, 0.177, 0.218]",3000,0.10598541051149368,-0.30568992002116585,
51,R3,3240,-0.0991737313645921,0.24833134497706202,-0.6137015102604407,-0.07206837894343661,-0.11524125539265279,0.01314044003267999,-0.14914256999239328,0.5710017085075378,0.17546552419662476,0.03757166862487793,0.7464672327041626,0.8378477096557617,0.90960693359375,2,9,23,"[0.571, 0.1755, 0.0376, 0.0301, 0.0237, 0.0207, 0.0171, 0.015, 0.0097, 0.0092]","[0.099, 0.248, 0.614, 0.257, 0.052, 0.134, 0.281, 0.391, 0.299, 0.042]",3000,0.20855925977230072,0.05464386780315197,
51,R4,3240,-0.2556027824440512,0.10080425314293948,0.11954408444353858,-0.030613600234916445,-0.054593330785888454,-0.09688903518331224,0.04112803628084871,0.8133017420768738,0.04392467439174652,0.028265537694096565,0.8572264313697815,0.929369330406189,0.9593476057052612,2,4,8,"[0.8133, 0.0439, 0.0283, 0.0259, 0.0179, 0.0097, 0.0069, 0.0052, 0.0048, 0.0035]","[0.256, 0.101, 0.12, 0.226, 0.407, 0.678, 0.172, 0.101, 0.181, 0.008]",3000,0.1637815535068512,0.4932647929195902,
51,R5,3240,0.023978388685671148,-0.29789499948212145,0.43309690794941264,-0.02583638528448826,0.06191916879232638,0.03566781841009254,0.052727081472388165,0.5920007228851318,0.09494460374116898,0.06012607738375664,0.6869453191757202,0.8163294792175293,0.8912312984466553,3,12,26,"[0.592, 0.0949, 0.0601, 0.0374, 0.0319, 0.0258, 0.0182, 0.0131, 0.0095, 0.0082]","[0.024, 0.298, 0.433, 0.394, 0.291, 0.067, 0.34, 0.177, 0.035, 0.219]",3000,0.19755123555660248,0.037432494604783165,
51,R6,3240,-0.11020289743900963,0.24251215194232922,-0.5832038085744464,-0.009033405297598543,0.05198917464771355,0.00984540757383055,0.2059257558917534,0.618717610836029,0.10944176465272903,0.06541904807090759,0.7281593680381775,0.8567463755607605,0.9110566973686218,1,9,20,"[0.6187, 0.1094, 0.0654, 0.0384, 0.0248, 0.0168, 0.0134, 0.0098, 0.0075, 0.0069]","[0.11, 0.243, 0.583, 0.162, 0.218, 0.221, 0.071, 0.039, 0.221, 0.288]",3000,0.25220242142677307,0.3274614769831199,
51,R7,3240,-0.32756642650794493,-0.5322952358959734,-0.03364512590106527,0.034245922072616515,0.03853313690562485,-0.038022782874961615,0.1641068917755002,0.49754923582077026,0.16564753651618958,0.05212017148733139,0.6631968021392822,0.7732691764831543,0.8543157577514648,3,17,41,"[0.4975, 0.1656, 0.0521, 0.0327, 0.0253, 0.0206, 0.0187, 0.0162, 0.0152, 0.0105]","[0.328, 0.532, 0.034, 0.43, 0.055, 0.02, 0.229, 0.16, 0.204, 0.188]",3000,0.40522119402885437,0.5772559610063298,
51,M0,3000,0.20427428214414278,0.3849378531792704,0.4240890008658443,-0.158655525436988,-0.08097356351990888,0.00656575383254769,-0.002332548465074866,0.5563580989837646,0.10042718797922134,0.09177698940038681,0.6567853093147278,0.8214400410652161,0.8966230750083923,5,11,23,"[0.5564, 0.1004, 0.0918, 0.0402, 0.0327, 0.023, 0.0195, 0.013, 0.0103, 0.0094]","[0.204, 0.385, 0.424, 0.27, 0.13, 0.325, 0.209, 0.316, 0.072, 0.415]",3000,0.15438778698444366,-0.03077647549499674,
51,E0,3240,-0.14168278542505905,-0.18789329838678798,0.35285984428076334,-0.0032559482327240573,-0.02666176061539458,0.0007601484223051456,0.1240392304670707,0.34451019763946533,0.13977175951004028,0.06386197358369827,0.4842819571495056,0.6042143106460571,0.6749558448791504,2,122,234,"[0.3445, 0.1398, 0.0639, 0.0284, 0.0277, 0.0202, 0.0172, 0.0119, 0.0111, 0.0104]","[0.142, 0.188, 0.353, 0.373, 0.193, 0.108, 0.26, 0.235, 0.287, 0.042]",3000,0.1374547779560089,0.23174854806911438,
51,MEAN,3000,-0.5671225081654122,-0.19243420972952216,0.10059368370397635,-0.011834455772838953,-0.024399230543531894,-0.06631548307563723,0.16866220635583928,0.2253112494945526,0.1696995198726654,0.06058911234140396,0.395010769367218,0.5465332269668579,0.6634742617607117,2,83,196,"[0.2253, 0.1697, 0.0606, 0.0564, 0.0345, 0.0298, 0.0282, 0.0209, 0.0199, 0.0181]","[0.567, 0.192, 0.101, 0.425, 0.17, 0.08, 0.116, 0.218, 0.015, 0.173]",3000,0.2996809780597687,0.6735884880201769,
52,T0,3240,0.29205634991922047,0.04316549804537407,-0.12486478218925194,0.09651108089798487,0.118812707579439,0.03559299225205194,0.009866841205391582,0.5947641134262085,0.2894554138183594,0.015038343146443367,0.8842195272445679,0.9250030517578125,0.960455596446991,2,4,8,"[0.5948, 0.2895, 0.015, 0.0138, 0.0119, 0.0119, 0.0075, 0.006, 0.0058, 0.0043]","[0.292, 0.043, 0.125, 0.109, 0.028, 0.626, 0.544, 0.08, 0.044, 0.259]",3000,0.06953871250152588,-0.2637779613291852,
52,T1,3240,-0.5251504805700179,0.4531495469385602,-0.30950792552010786,0.008267447452050259,0.013986209876646206,-0.06063783293966845,0.12841530062808718,0.21668441593647003,0.15732085704803467,0.09548497200012207,0.3740052580833435,0.564548671245575,0.6981580853462219,3,64,162,"[0.2167, 0.1573, 0.0955, 0.052, 0.043, 0.0358, 0.0301, 0.0258, 0.0223, 0.0195]","[0.525, 0.453, 0.31, 0.02, 0.033, 0.12, 0.289, 0.066, 0.125, 0.079]",3000,0.1296537220478058,0.5311275123550463,
52,T2,3240,0.14508163111748096,0.4007791085322916,-0.13363445785282255,0.009663854732889266,0.014856427453294005,-0.031829180613054134,-0.0195917417170248,0.24271075427532196,0.13704490661621094,0.07525937259197235,0.3797556757926941,0.5424246788024902,0.6637917757034302,2,85,209,"[0.2427, 0.137, 0.0753, 0.0475, 0.0399, 0.0339, 0.0243, 0.0232, 0.0209, 0.0191]","[0.145, 0.401, 0.134, 0.076, 0.008, 0.021, 0.091, 0.257, 0.347, 0.14]",3000,0.09560943394899368,-0.20691058804020127,
52,T3,3240,-0.009630941239047428,-0.05714631975400384,0.08195740377676282,0.04236789717043829,0.08608914057737976,-0.03758280860760844,0.025961362470878685,0.3530556857585907,0.2227582037448883,0.09413935989141464,0.575813889503479,0.7593605518341064,0.8583559989929199,2,17,41,"[0.3531, 0.2228, 0.0941, 0.0578, 0.0316, 0.0264, 0.0224, 0.0202, 0.017, 0.013]","[0.01, 0.057, 0.082, 0.56, 0.458, 0.268, 0.137, 0.255, 0.057, 0.239]",3000,0.05859389156103134,0.009997594010787638,
52,T4,3240,-0.041255911959293144,-0.33777049793251523,0.06253862546997964,-0.003839876527727275,-0.01158750477432505,0.07224193135285766,-0.047397474637020306,0.3025690019130707,0.10551240295171738,0.07356654107570648,0.40808141231536865,0.5785660147666931,0.7109434008598328,4,61,151,"[0.3026, 0.1055, 0.0736, 0.0628, 0.0341, 0.0333, 0.0299, 0.0273, 0.0232, 0.0187]","[0.041, 0.338, 0.063, 0.444, 0.093, 0.427, 0.356, 0.104, 0.136, 0.043]",3000,0.06406792253255844,0.10859172548844309,
52,T5,3240,0.1946547194474414,0.06559370771157437,0.40235416170267363,0.022987163529040695,0.01889958223549848,0.06152556551317916,-0.04669445305856445,0.35974422097206116,0.2203548550605774,0.07748518139123917,0.5800991058349609,0.7526242733001709,0.8345324993133545,3,21,57,"[0.3597, 0.2204, 0.0775, 0.0632, 0.0318, 0.0243, 0.0204, 0.0135, 0.013, 0.0106]","[0.195, 0.066, 0.402, 0.521, 0.062, 0.474, 0.08, 0.084, 0.062, 0.156]",3000,0.0733729898929596,-0.2676355802638137,
52,T6,3240,0.1496833255053266,0.04352811811536154,-0.007431457613277858,0.010521020527159954,0.03295193507105695,0.012515592814242905,0.06728991264909559,0.31102871894836426,0.22270208597183228,0.12691038846969604,0.5337308049201965,0.7469119429588318,0.8412758708000183,4,20,51,"[0.311, 0.2227, 0.1269, 0.0465, 0.0397, 0.0256, 0.0211, 0.0183, 0.017, 0.0124]","[0.15, 0.044, 0.007, 0.251, 0.47, 0.488, 0.319, 0.32, 0.135, 0.021]",3000,0.04316155984997749,-0.16033004799992867,
52,T7,3240,-0.0963645359790192,0.1615500965992005,-0.013700748949185977,-0.0489099030417598,-0.018175330549169345,-0.08404665894819704,0.06682754369063489,0.5858108997344971,0.23952795565128326,0.03550088033080101,0.8253388404846191,0.8973144292831421,0.9401661157608032,4,6,14,"[0.5858, 0.2395, 0.0355, 0.0198, 0.0167, 0.0151, 0.0099, 0.0066, 0.0061, 0.0051]","[0.096, 0.162, 0.014, 0.493, 0.081, 0.492, 0.495, 0.503, 0.159, 0.028]",3000,0.06162235513329506,0.2389481831203438,
52,T8,3240,-0.035784877023075416,0.0620454540914101,-0.7357661911908608,-0.0072511799006698225,0.04249501791042744,-0.1459940474526091,0.15091032621961617,0.6251739859580994,0.1437758207321167,0.040308114141225815,0.7689498066902161,0.8713906407356262,0.925645112991333,2,7,17,"[0.6252, 0.1438, 0.0403, 0.0335, 0.0286, 0.0152, 0.0145, 0.0095, 0.0076, 0.0074]","[0.036, 0.062, 0.736, 0.137, 0.303, 0.172, 0.105, 0.062, 0.084, 0.067]",3000,0.13792604207992554,0.31696535664944964,
52,R0,3240,0.06469367915437983,0.0971363646691636,-0.09132061115448878,-0.04551874513946666,0.08067109579108223,-0.02673416356603075,0.13766504167506952,0.8689689636230469,0.05439542606472969,0.018201656639575958,0.9233644008636475,0.9644703269004822,0.9804122447967529,3,2,4,"[0.869, 0.0544, 0.0182, 0.0156, 0.0073, 0.0046, 0.0033, 0.0032, 0.0026, 0.0023]","[0.065, 0.097, 0.091, 0.177, 0.374, 0.503, 0.161, 0.215, 0.146, 0.385]",3000,0.05583697557449341,0.02028833254375378,
52,R1,3240,0.4666239367624083,-0.28724052000797745,-0.14042222651607264,0.03515671268984163,0.0922906289675448,-0.18886738682006954,0.007829243074276815,0.6930665969848633,0.07377378642559052,0.054770298302173615,0.766840398311615,0.8850576281547546,0.9330831170082092,4,6,16,"[0.6931, 0.0738, 0.0548, 0.0371, 0.0263, 0.0179, 0.0092, 0.0082, 0.0069, 0.0058]","[0.467, 0.287, 0.14, 0.567, 0.341, 0.401, 0.107, 0.087, 0.124, 0.09]",3000,0.07992175966501236,-0.23358141267055527,
52,R2,3240,0.1323990488819944,-0.2343824091004762,-0.13582490576639197,0.060472063636718025,0.019668175342224037,0.00031529966769766414,-0.14672080323808998,0.5419279932975769,0.11645175516605377,0.0731288343667984,0.6583797335624695,0.822184681892395,0.8786013126373291,1,14,42,"[0.5419, 0.1165, 0.0731, 0.0548, 0.0359, 0.0183, 0.0112, 0.0102, 0.0092, 0.0076]","[0.132, 0.234, 0.136, 0.602, 0.19, 0.168, 0.035, 0.144, 0.112, 0.232]",3000,0.07271511852741241,-0.2054613694237465,
52,R3,3240,-0.14007350242288838,-0.1902592482811898,-0.346566465036325,-0.08321909249499895,-0.06158084185851911,0.11474022450662186,-0.15243289100616986,0.592922568321228,0.15253086388111115,0.042095448821783066,0.745453417301178,0.8435095548629761,0.9145317673683167,3,9,23,"[0.5929, 0.1525, 0.0421, 0.0295, 0.0265, 0.0232, 0.0162, 0.0139, 0.0089, 0.0088]","[0.14, 0.19, 0.347, 0.092, 0.088, 0.529, 0.165, 0.28, 0.058, 0.307]",3000,0.17473380267620087,-0.09348251776241184,
52,R4,3240,-0.29052292972879756,0.08985179051962353,0.19702499484237468,-0.05055798041811301,0.009045945082743296,-0.08848551324595043,0.11716412698343465,0.8215463757514954,0.04508817940950394,0.029018491506576538,0.8666345477104187,0.9339470267295837,0.9614520072937012,3,4,8,"[0.8215, 0.0451, 0.029, 0.0205, 0.0178, 0.0085, 0.0063, 0.0047, 0.0045, 0.0034]","[0.291, 0.09, 0.197, 0.213, 0.421, 0.696, 0.127, 0.113, 0.237, 0.303]",3000,0.16276560723781586,0.41946246433362144,
52,R5,3240,0.014159161143477615,-0.42489944076106195,-0.09698781984057932,-0.024210826658080817,-0.012569315826490906,-0.01678146417103523,0.013653307964047035,0.5225120782852173,0.09717471152544022,0.08591363579034805,0.6196867823600769,0.7827858924865723,0.8674560785293579,3,15,34,"[0.5225, 0.0972, 0.0859, 0.0453, 0.0318, 0.0261, 0.0181, 0.0163, 0.0134, 0.0108]","[0.014, 0.425, 0.097, 0.4, 0.1, 0.299, 0.0, 0.156, 0.336, 0.181]",3000,0.17328202724456787,0.1546102219147754,
52,R6,3240,-0.09879380783888667,0.23096347894656652,-0.5626601038237157,-0.026512781234118887,0.07169143225769423,0.056659332929067524,0.24174712424903955,0.5493647456169128,0.11431265622377396,0.08947271853685379,0.6636773943901062,0.819431483745575,0.8900131583213806,4,12,27,"[0.5494, 0.1143, 0.0895, 0.035, 0.0312, 0.0225, 0.0161, 0.0153, 0.009, 0.0078]","[0.099, 0.231, 0.563, 0.211, 0.311, 0.302, 0.009, 0.03, 0.011, 0.313]",3000,0.24060247838497162,0.23383644320142088,
52,R7,3240,-0.2875674166486943,-0.5554715695002314,0.005638951571701775,0.016471991184630098,0.04069846681655722,0.002300223172760937,0.16514228679366175,0.44387581944465637,0.1584203690290451,0.08978667110204697,0.6022961735725403,0.7611053586006165,0.8503596782684326,2,17,42,"[0.4439, 0.1584, 0.0898, 0.0378, 0.0313, 0.0223, 0.0204, 0.0172, 0.0149, 0.0145]","[0.288, 0.555, 0.006, 0.357, 0.031, 0.01, 0.055, 0.246, 0.005, 0.172]",3000,0.3505638539791107,0.4758750206982944,
52,M0,3000,-0.19387505175156908,0.40247144329497403,0.3389602547547967,0.1295396630114205,0.06928833387394939,-0.018202902610614472,-0.022319803063834007,0.5604442954063416,0.09023580700159073,0.0840676873922348,0.6506801247596741,0.8111996650695801,0.894128143787384,4,11,23,"[0.5604, 0.0902, 0.0841, 0.0393, 0.0372, 0.0327, 0.0192, 0.0121, 0.0097, 0.0092]","[0.194, 0.402, 0.339, 0.241, 0.117, 0.158, 0.443, 0.406, 0.156, 0.152]",3000,0.13573390245437622,0.005044374678748636,
52,E0,3240,-0.15497240778151639,-0.14975589196823505,0.38560591278170947,-0.005335994708529114,-0.026202457975755124,-0.005121599807982281,0.12812066092981828,0.34804341197013855,0.12771455943584442,0.0676158145070076,0.4757579565048218,0.604063093662262,0.6729760766029358,3,121,233,"[0.348, 0.1277, 0.0676, 0.0352, 0.0255, 0.0207, 0.0165, 0.0112, 0.0105, 0.01]","[0.155, 0.15, 0.386, 0.224, 0.356, 0.115, 0.261, 0.315, 0.036, 0.199]",3000,0.1393238604068756,0.24151597238576433,
52,MEAN,3000,0.25244221388407256,-0.5671953105528716,0.20759774399049133,0.00992454420219559,0.017665808233126225,0.015258294948818377,-0.09468016833164807,0.25291335582733154,0.19856387376785278,0.05329066887497902,0.4514772295951843,0.586808979511261,0.6927022337913513,2,72,173,"[0.2529, 0.1986, 0.0533, 0.0493, 0.0328, 0.0258, 0.0243, 0.0204, 0.0196, 0.0157]","[0.252, 0.567, 0.208, 0.397, 0.205, 0.042, 0.193, 0.231, 0.069, 0.109]",3000,0.2836048901081085,-0.35084371407747444,
53,T0,3240,-0.3481481533367313,0.06099285550707359,-0.0031922577003005016,-0.0836543732172292,-0.1166313924853058,-0.03277472945402169,-0.05770244639012157,0.6107532978057861,0.27198025584220886,0.01698177494108677,0.8827335834503174,0.9272029399871826,0.9616169333457947,4,4,8,"[0.6108, 0.272, 0.017, 0.014, 0.0134, 0.0114, 0.0072, 0.006, 0.0056, 0.0042]","[0.348, 0.061, 0.003, 0.256, 0.306, 0.468, 0.52, 0.2, 0.09, 0.273]",3000,0.06690376251935959,0.24224389061528295,
53,T1,3240,0.5651376273193434,0.42844855785744357,-0.16916489713579125,-0.006196303265351981,-0.008836047978414524,0.04719164550524406,-0.14172919430774725,0.20871798694133759,0.16185910999774933,0.0934704840183258,0.3705770969390869,0.5661574006080627,0.7008529305458069,2,61,154,"[0.2087, 0.1619, 0.0935, 0.0571, 0.045, 0.0379, 0.0298, 0.0249, 0.0219, 0.0202]","[0.565, 0.428, 0.169, 0.051, 0.065, 0.037, 0.266, 0.138, 0.089, 0.26]",3000,0.14052432775497437,-0.5725367905299462,
53,T2,3240,0.14043265817653733,0.41262835495279004,-0.11600637738524262,0.009686840968732716,0.008410946878758036,-0.026008461878755326,-0.016392179369568133,0.26502153277397156,0.13892583549022675,0.07418300956487656,0.4039473533630371,0.5659668445587158,0.6841753721237183,2,74,187,"[0.265, 0.1389, 0.0742, 0.0479, 0.04, 0.0317, 0.026, 0.0225, 0.0195, 0.0185]","[0.14, 0.413, 0.116, 0.087, 0.027, 0.032, 0.082, 0.18, 0.355, 0.126]",3000,0.10116883367300034,-0.20003385867121873,
53,T3,3240,0.017490013269313775,-0.039379966884644166,0.06632287921030225,0.04554202351213641,0.08698997447854437,-0.03886404134018887,0.019616490517663954,0.3367154598236084,0.2138567864894867,0.11577742546796799,0.5505722761154175,0.7523933053016663,0.8562133312225342,3,17,42,"[0.3367, 0.2139, 0.1158, 0.0566, 0.0294, 0.0263, 0.0251, 0.0205, 0.0179, 0.014]","[0.017, 0.039, 0.066, 0.547, 0.424, 0.085, 0.302, 0.222, 0.07, 0.27]",3000,0.05565190687775612,-0.016493483773012817,
53,T4,3240,-0.05239297724162984,-0.35539447191953966,0.08082015596305198,-0.0023220253042430966,-0.012142164181535445,0.06866181675640978,-0.03829580056424621,0.28921663761138916,0.1091068834066391,0.07623336464166641,0.39832353591918945,0.5765351057052612,0.7094436883926392,4,60,149,"[0.2892, 0.1091, 0.0762, 0.0675, 0.0345, 0.0332, 0.0296, 0.0282, 0.0236, 0.0185]","[0.052, 0.355, 0.081, 0.413, 0.036, 0.398, 0.061, 0.439, 0.066, 0.022]",3000,0.07582292705774307,0.1213194316440569,
53,T5,3240,0.1744046010855985,0.06380633257525657,0.43220415636335563,0.017969359336947405,0.02012308349361355,0.061222777402517685,-0.04392343308363915,0.34854134917259216,0.2191672921180725,0.07934403419494629,0.5677086114883423,0.7433682084083557,0.8270988464355469,3,22,62,"[0.3485, 0.2192, 0.0793, 0.0648, 0.0316, 0.025, 0.021, 0.0141, 0.0131, 0.0105]","[0.174, 0.064, 0.432, 0.504, 0.075, 0.476, 0.135, 0.039, 0.067, 0.02]",3000,0.07280833274126053,-0.25228917369665554,
53,T6,3240,0.13253040874978167,-0.03108102821046179,-0.0407855465484777,0.011497870581413104,0.030623622329433463,0.012983408967511434,0.05994543356778558,0.3030887246131897,0.21898481249809265,0.1278831660747528,0.52207350730896,0.7356225848197937,0.8324812650680542,3,22,56,"[0.3031, 0.219, 0.1279, 0.047, 0.0387, 0.027, 0.0213, 0.0189, 0.0171, 0.0125]","[0.133, 0.031, 0.041, 0.259, 0.495, 0.458, 0.364, 0.27, 0.062, 0.038]",3000,0.04326017200946808,-0.14037621044395454,
53,T7,3240,-0.12663388074911,0.15527594508859413,0.014981010824583533,-0.03978760464079427,-0.01986953172640496,-0.08529157830590424,0.0769605777237843,0.5808454155921936,0.2326068878173828,0.03773290663957596,0.8134523034095764,0.8898485898971558,0.9351009726524353,4,6,15,"[0.5808, 0.2326, 0.0377, 0.0206, 0.0181, 0.0156, 0.0105, 0.0073, 0.0065, 0.0054]","[0.127, 0.155, 0.015, 0.478, 0.113, 0.517, 0.472, 0.377, 0.249, 0.066]",3000,0.06082148104906082,0.2785072696969226,
53,T8,3240,-0.006473771809841105,0.04115145039430538,-0.664551537700865,-0.013917788675233791,0.03726098035205197,-0.1433752043112092,0.14505664815633254,0.6054810285568237,0.15697112679481506,0.0404801182448864,0.7624521255493164,0.8690542578697205,0.9244561195373535,2,8,18,"[0.6055, 0.157, 0.0405, 0.0364, 0.0298, 0.0167, 0.014, 0.0096, 0.0077, 0.0075]","[0.006, 0.041, 0.665, 0.019, 0.4, 0.222, 0.092, 0.045, 0.041, 0.051]",3000,0.13388805091381073,0.29785033315543363,
53,R0,3240,0.10899054042461934,0.09174949592562633,-0.19020564629525236,-0.045426407347520084,0.12009642595760443,-0.03725073684495324,0.18084726177549684,0.872738242149353,0.05192449688911438,0.01648556999862194,0.924662709236145,0.964550256729126,0.9809840321540833,4,2,4,"[0.8727, 0.0519, 0.0165, 0.0154, 0.008, 0.0046, 0.0037, 0.0031, 0.0026, 0.0024]","[0.109, 0.092, 0.19, 0.024, 0.373, 0.49, 0.391, 0.289, 0.132, 0.419]",3000,0.05978917330503464,-0.012726614841930727,
53,R1,3240,0.40480702373169947,-0.3327445543641195,-0.0834472752440124,0.029502157337839955,0.08206718774656212,-0.19802844282333645,0.024144403856311388,0.7006301879882812,0.07132270932197571,0.05474388226866722,0.7719528675079346,0.8858604431152344,0.9376217722892761,4,6,14,"[0.7006, 0.0713, 0.0547, 0.0343, 0.0249, 0.0197, 0.0124, 0.0078, 0.0065, 0.0053]","[0.405, 0.333, 0.083, 0.543, 0.357, 0.298, 0.126, 0.05, 0.131, 0.066]",3000,0.07742477208375931,-0.1588437985445934,
53,R2,3240,0.22813708621832315,-0.2865449028746342,-0.17308453048447775,0.0663954378455777,0.05391451990043559,-0.038088736602512864,-0.14865505976588594,0.5796411037445068,0.10909414291381836,0.06896774470806122,0.6887352466583252,0.8414189219474792,0.8942333459854126,1,11,33,"[0.5796, 0.1091, 0.069, 0.0531, 0.0306, 0.0166, 0.011, 0.0101, 0.0082, 0.0069]","[0.228, 0.287, 0.173, 0.574, 0.216, 0.172, 0.151, 0.112, 0.095, 0.222]",3000,0.07055860757827759,-0.33838630797620206,
53,R3,3240,-0.06487718837041473,0.18074806572635202,0.31527701617463466,-0.07404975349872937,-0.08906632501633262,0.1817202928808341,-0.22036798730004367,0.6324928998947144,0.1370697021484375,0.037292931228876114,0.7695626020431519,0.861799955368042,0.9253969192504883,3,8,19,"[0.6325, 0.1371, 0.0373, 0.0313, 0.0236, 0.0188, 0.0164, 0.0128, 0.0082, 0.0073]","[0.065, 0.181, 0.315, 0.187, 0.051, 0.59, 0.174, 0.159, 0.033, 0.307]",3000,0.16176031529903412,-0.2622142318250879,
53,R4,3240,-0.19554900694085703,0.11781403020339941,0.24370036039733287,-0.03112274208823912,0.010093728210396977,-0.08060344843230179,0.0995211525527045,0.8254582285881042,0.043833497911691666,0.030370358377695084,0.8692917227745056,0.9367820024490356,0.9632952809333801,3,4,7,"[0.8255, 0.0438, 0.0304, 0.0188, 0.0183, 0.0077, 0.0064, 0.0046, 0.0044, 0.0034]","[0.196, 0.118, 0.244, 0.393, 0.216, 0.713, 0.054, 0.071, 0.153, 0.324]",3000,0.1617494523525238,0.3316268720281285,
53,R5,3240,0.08344170911815317,-0.45116842901732457,0.0371801630221799,-0.01166492012326055,-0.016011719090570194,-0.02594169863037394,0.0039055810344811787,0.5290390849113464,0.09228304773569107,0.08109895139932632,0.6213221549987793,0.7858566641807556,0.8724463582038879,3,14,33,"[0.529, 0.0923, 0.0811, 0.0514, 0.032, 0.028, 0.0189, 0.0165, 0.0127, 0.0105]","[0.083, 0.451, 0.037, 0.329, 0.135, 0.294, 0.016, 0.17, 0.357, 0.188]",3000,0.18459683656692505,0.11208194998259147,
53,R6,3240,0.025856272890414343,0.24802412086631137,-0.5719208844310762,-0.02386604938119752,0.07202642545370008,0.08679252746474651,0.19280299772835016,0.5475966930389404,0.11299163103103638,0.09118974953889847,0.6605883240699768,0.8235893845558167,0.8928242921829224,2,11,26,"[0.5476, 0.113, 0.0912, 0.0413, 0.0305, 0.0219, 0.0164, 0.0137, 0.0094, 0.0079]","[0.026, 0.248, 0.572, 0.068, 0.265, 0.327, 0.027, 0.092, 0.068, 0.185]",3000,0.2561306953430176,0.02639710645836428,
53,R7,3240,-0.24581931185020703,-0.5545552793374247,0.10346331490646114,0.008655466788940126,0.04495276645315092,0.027989537679571606,0.15722957580644056,0.4441848397254944,0.1626388430595398,0.09879736602306366,0.6068236827850342,0.7718074917793274,0.8582916855812073,2,16,39,"[0.4442, 0.1626, 0.0988, 0.0367, 0.0294, 0.0221, 0.0195, 0.018, 0.0149, 0.0119]","[0.246, 0.555, 0.103, 0.334, 0.036, 0.078, 0.038, 0.285, 0.128, 0.216]",3000,0.3607091009616852,0.3894196121272032,
53,M0,3000,0.1968336489200248,-0.40704225025198937,0.1783319068424818,-0.1108957593255018,-0.0670352695167409,0.017213105190722406,-0.004275662243400955,0.5532340407371521,0.09456896036863327,0.08554430305957794,0.647803008556366,0.8098245859146118,0.8961521983146667,3,11,22,"[0.5532, 0.0946, 0.0855, 0.0416, 0.0349, 0.0335, 0.0214, 0.0123, 0.0099, 0.0093]","[0.197, 0.407, 0.178, 0.123, 0.178, 0.132, 0.419, 0.364, 0.029, 0.055]",3000,0.13522830605506897,-0.03726933546752265,
53,E0,3240,-0.15058282476114823,-0.10476676112438993,0.3790985636437838,-0.010352733988739815,-0.02739171577934373,-0.004269039226903192,0.12808015678997078,0.3417111039161682,0.12565816938877106,0.07092312723398209,0.4673692584037781,0.6036608815193176,0.6737250089645386,3,120,230,"[0.3417, 0.1257, 0.0709, 0.0398, 0.0256, 0.0207, 0.0171, 0.0118, 0.0107, 0.0098]","[0.151, 0.105, 0.379, 0.243, 0.352, 0.163, 0.248, 0.028, 0.356, 0.171]",3000,0.13873150944709778,0.23757739809072045,
53,MEAN,3000,0.18260542831233978,-0.6074857311577306,0.19555701003765244,0.016412696710288652,0.020201790900700275,0.007312803325814389,-0.08515562857441476,0.271315336227417,0.20140781998634338,0.051211681216955185,0.4727231562137604,0.6048747301101685,0.708332359790802,2,65,158,"[0.2713, 0.2014, 0.0512, 0.0483, 0.0327, 0.0257, 0.024, 0.0199, 0.0184, 0.0155]","[0.183, 0.607, 0.196, 0.378, 0.266, 0.07, 0.18, 0.102, 0.171, 0.07]",3000,0.28430062532424927,-0.282654541121963,
54,T0,3240,-0.2550567855827076,0.0642705727673548,0.039819141752660665,-0.03603009869790631,-0.059846790427626737,-0.01955642830250715,-0.056781957535674464,0.626380205154419,0.2538681626319885,0.01957051455974579,0.8802483677864075,0.9286616444587708,0.9618473649024963,5,4,8,"[0.6264, 0.2539, 0.0196, 0.015, 0.0139, 0.0107, 0.0071, 0.0062, 0.0053, 0.0039]","[0.255, 0.064, 0.04, 0.37, 0.004, 0.378, 0.471, 0.347, 0.238, 0.311]",3000,0.06533931195735931,0.1177913978625749,
54,T1,3240,-0.5341180495313631,0.44781043262981035,-0.14977656633498238,0.005199836991545024,0.005883225126154671,-0.051563187420087676,0.1270583052451925,0.2029658704996109,0.16553516685962677,0.08958898484706879,0.36850103735923767,0.5638720989227295,0.7003875970840454,2,61,153,"[0.203, 0.1655, 0.0896, 0.0585, 0.0473, 0.0379, 0.0308, 0.0258, 0.0223, 0.0198]","[0.534, 0.448, 0.15, 0.068, 0.052, 0.045, 0.231, 0.069, 0.116, 0.191]",3000,0.13610300421714783,0.5428682429856192,
54,T2,3240,0.13655957620345144,0.4119293142207712,-0.11457917720636736,0.011110351229925283,0.00797780480642618,-0.024279495691425484,-0.02008973209851962,0.26507267355918884,0.13592112064361572,0.07353872805833817,0.40099379420280457,0.5622671842575073,0.6818003058433533,2,74,187,"[0.2651, 0.1359, 0.0735, 0.0484, 0.0394, 0.0329, 0.0265, 0.0221, 0.0197, 0.0184]","[0.137, 0.412, 0.115, 0.08, 0.043, 0.005, 0.093, 0.159, 0.407, 0.036]",3000,0.09506119042634964,-0.200148076908797,
54,T3,3240,0.021882490819954137,-0.041456284177396455,0.05186116134392818,0.04794372793370449,0.08853320269768745,-0.042384865469268576,0.019950330080979913,0.33088648319244385,0.20947584509849548,0.1116119921207428,0.5403623580932617,0.7409940361976624,0.8515559434890747,2,17,42,"[0.3309, 0.2095, 0.1116, 0.0593, 0.0297, 0.0277, 0.0249, 0.023, 0.0187, 0.0162]","[0.022, 0.041, 0.052, 0.523, 0.468, 0.127, 0.184, 0.26, 0.098, 0.292]",3000,0.05054419860243797,-0.017121112970407533,
54,T4,3240,0.048459502811983086,-0.34669605027855077,-0.035655157288445906,0.002025236647771695,0.010320036100120403,-0.06623449686075995,0.03596805979090369,0.2905537784099579,0.10642737150192261,0.0802968442440033,0.3969811499118805,0.5795215368270874,0.7124811410903931,4,57,143,"[0.2906, 0.1064, 0.0803, 0.0658, 0.0364, 0.0327, 0.0299, 0.0275, 0.024, 0.0188]","[0.048, 0.347, 0.036, 0.404, 0.045, 0.471, 0.053, 0.376, 0.05, 0.023]",3000,0.07676632702350616,-0.1223912455659341,
54,T5,3240,-0.15937604981682424,0.09111224186322671,0.4934195761557973,-0.013604188898601457,-0.018760967356259872,-0.061753506924824626,0.03777103087794256,0.34633663296699524,0.21249711513519287,0.07976191490888596,0.5588337182998657,0.7356681823730469,0.8211543560028076,3,24,66,"[0.3463, 0.2125, 0.0798, 0.0659, 0.0311, 0.0249, 0.0215, 0.0145, 0.0138, 0.0107]","[0.159, 0.091, 0.493, 0.446, 0.089, 0.474, 0.163, 0.03, 0.057, 0.233]",3000,0.07161864638328552,0.23617459730791807,
54,T6,3240,0.13450632493783357,-0.04598287457828383,-0.042587136045982764,0.010588615640053914,0.03147079706981752,0.01313557202302899,0.051870740570790344,0.3072184920310974,0.20996108651161194,0.12493249028921127,0.5171796083450317,0.7274095416069031,0.8257948160171509,5,23,60,"[0.3072, 0.21, 0.1249, 0.0453, 0.04, 0.0264, 0.022, 0.0189, 0.0179, 0.0131]","[0.135, 0.046, 0.043, 0.349, 0.483, 0.431, 0.333, 0.304, 0.036, 0.069]",3000,0.04113537073135376,-0.15697854888267154,
54,T7,3240,-0.14746453909565788,0.15331272870863397,-0.016739667084716373,-0.037070725820777355,-0.0155199752919794,-0.09218584506367641,0.07475339572568188,0.5722371935844421,0.23451514542102814,0.0392756350338459,0.8067523241043091,0.8851884603500366,0.9321372509002686,4,6,16,"[0.5722, 0.2345, 0.0393, 0.0206, 0.0186, 0.0162, 0.0107, 0.0077, 0.0067, 0.0057]","[0.147, 0.153, 0.017, 0.5, 0.089, 0.439, 0.451, 0.405, 0.234, 0.041]",3000,0.05987754464149475,0.2969395170989661,
54,T8,3240,-0.017605320489225515,0.026880998293466657,-0.6527208386556574,-0.014173195616331057,0.03006244696321152,-0.15224759839107915,0.1380982935990588,0.5890386700630188,0.16867512464523315,0.042240552604198456,0.757713794708252,0.8672888278961182,0.9238875508308411,2,8,18,"[0.589, 0.1687, 0.0422, 0.0375, 0.0298, 0.0171, 0.0144, 0.0097, 0.008, 0.0074]","[0.018, 0.027, 0.653, 0.225, 0.373, 0.23, 0.11, 0.037, 0.08, 0.074]",3000,0.1349065750837326,0.3234759613392072,
54,R0,3240,0.10589807697935899,0.08105161081582449,-0.33259390943490696,-0.0026162556097740247,0.15795655233194175,-0.01849730060389063,0.1739640824267033,0.8722471594810486,0.05131181702017784,0.016940364614129066,0.9235589504241943,0.9642704129219055,0.9812478423118591,5,2,4,"[0.8722, 0.0513, 0.0169, 0.015, 0.0088, 0.0047, 0.0042, 0.003, 0.0027, 0.0024]","[0.106, 0.081, 0.333, 0.066, 0.381, 0.486, 0.392, 0.239, 0.116, 0.371]",3000,0.06046915799379349,-0.11501611435997648,
54,R1,3240,0.24803505883345447,-0.3435874085362014,-0.02854655527696119,0.0012367568431292612,0.07226127087815493,-0.24184333847460238,0.11537737398314613,0.7063441872596741,0.06966215372085571,0.05688183009624481,0.7760063409805298,0.8900983333587646,0.9412846565246582,2,6,13,"[0.7063, 0.0697, 0.0569, 0.0338, 0.0234, 0.0202, 0.0128, 0.007, 0.0061, 0.0051]","[0.248, 0.344, 0.029, 0.56, 0.257, 0.251, 0.152, 0.019, 0.112, 0.09]",3000,0.0778731107711792,0.12469561027808125,
54,R2,3240,0.06122986237685582,-0.33466345210614373,-0.0561689507518859,0.04730175942305583,0.023057000076776454,-0.05707757623292597,-0.0992598272663735,0.5921465158462524,0.10601802915334702,0.06967686116695404,0.6981645226478577,0.8528550863265991,0.9035860896110535,2,10,28,"[0.5921, 0.106, 0.0697, 0.0572, 0.0278, 0.0153, 0.0116, 0.0093, 0.0076, 0.007]","[0.061, 0.335, 0.056, 0.575, 0.198, 0.174, 0.123, 0.08, 0.062, 0.225]",3000,0.07351426035165787,-0.08975084790411456,
54,R3,3240,-0.03489381152424518,0.1662694159010097,0.24437402249176754,-0.08423810343083799,-0.09969813089898756,0.13732862370111526,-0.25357883401449305,0.6457700133323669,0.12463290989398956,0.03623996675014496,0.7704029083251953,0.8639500737190247,0.9286264777183533,2,7,17,"[0.6458, 0.1246, 0.0362, 0.034, 0.0233, 0.0197, 0.0179, 0.0115, 0.0087, 0.0069]","[0.035, 0.166, 0.244, 0.296, 0.018, 0.475, 0.585, 0.115, 0.02, 0.257]",3000,0.15971840918064117,-0.22437194115417072,
54,R4,3240,-0.1499724304620802,0.14753239961667725,0.24037796176280418,-0.053184625243046804,0.023132879895762126,-0.09387114835468814,0.1203997820497832,0.8267900347709656,0.04303192347288132,0.03134258836507797,0.8698219656944275,0.9377794861793518,0.9641110897064209,3,3,7,"[0.8268, 0.043, 0.0313, 0.0194, 0.0172, 0.0072, 0.0065, 0.0047, 0.0043, 0.0036]","[0.15, 0.148, 0.24, 0.369, 0.206, 0.702, 0.135, 0.099, 0.146, 0.344]",3000,0.15922653675079346,0.31976355161252396,
54,R5,3240,0.14128103461574312,0.45695380759438164,-0.11579083010545868,-0.014224369210231068,-0.0021358968626005634,-0.019305547593162508,0.016581135207330244,0.5259732007980347,0.0916152372956276,0.07832925021648407,0.617588460445404,0.7837320566177368,0.8733580708503723,3,14,32,"[0.526, 0.0916, 0.0783, 0.0561, 0.0317, 0.0291, 0.0197, 0.0171, 0.013, 0.0108]","[0.141, 0.457, 0.116, 0.309, 0.177, 0.287, 0.062, 0.11, 0.355, 0.207]",3000,0.18697701394557953,0.036558041145371756,
54,R6,3240,0.1685795554118251,0.25816429147353487,-0.5745890683859476,-0.014000246928231418,0.0824944650746992,0.09951143414206341,0.08679778310077105,0.5329797267913818,0.11336106061935425,0.09478634595870972,0.6463407874107361,0.8198744654655457,0.8922146558761597,1,12,26,"[0.533, 0.1134, 0.0948, 0.0495, 0.0293, 0.0222, 0.0186, 0.0131, 0.0101, 0.0082]","[0.169, 0.258, 0.575, 0.007, 0.237, 0.275, 0.191, 0.088, 0.061, 0.115]",3000,0.2524596154689789,-0.25032591732174037,
54,R7,3240,-0.11926778545790298,-0.5441090064783516,0.1884217884562898,0.006866501360271401,0.036633994109221406,0.04248758106874616,0.10000466983362646,0.43514809012413025,0.16347895562648773,0.11051418632268906,0.5986270308494568,0.7777615785598755,0.8619301915168762,2,15,37,"[0.4351, 0.1635, 0.1105, 0.0407, 0.0279, 0.0217, 0.0195, 0.0176, 0.0145, 0.0108]","[0.119, 0.544, 0.188, 0.316, 0.012, 0.067, 0.115, 0.224, 0.216, 0.22]",3000,0.35319066047668457,0.227817228876296,
54,M0,3000,0.1635603947247198,0.4346358573642351,0.23079274665900296,-0.13419527285459432,-0.08693087254007861,0.023690184382372022,-0.04260091113704961,0.5544613003730774,0.0942961797118187,0.08512987941503525,0.6487574577331543,0.814835250377655,0.8987146615982056,4,11,21,"[0.5545, 0.0943, 0.0851, 0.045, 0.036, 0.0309, 0.0209, 0.0129, 0.01, 0.0092]","[0.164, 0.435, 0.231, 0.142, 0.161, 0.134, 0.416, 0.348, 0.057, 0.372]",3000,0.1431598961353302,-0.02282483662930022,
54,E0,3240,-0.15705729012483044,-0.07568232141296297,0.3858862897942215,-0.01250968695376172,-0.029769322190052534,-0.0014229194048078946,0.12522270741037875,0.3443908393383026,0.12051387131214142,0.0705643743276596,0.4649047255516052,0.6037023067474365,0.6732207536697388,2,120,229,"[0.3444, 0.1205, 0.0706, 0.0428, 0.0254, 0.021, 0.0167, 0.0117, 0.0106, 0.0094]","[0.157, 0.076, 0.386, 0.25, 0.236, 0.179, 0.273, 0.004, 0.307, 0.127]",3000,0.1394163966178894,0.2406062658485792,
54,MEAN,3000,0.15006349658560814,-0.6012509506964112,0.25491849351081713,0.01867864904161912,0.02006662861258714,0.007553148806618438,-0.08453257933707765,0.2761071026325226,0.19796834886074066,0.05043398588895798,0.47407543659210205,0.6052343249320984,0.7083538770675659,2,65,159,"[0.2761, 0.198, 0.0504, 0.0482, 0.0325, 0.0257, 0.0234, 0.0198, 0.0183, 0.0159]","[0.15, 0.601, 0.255, 0.339, 0.284, 0.098, 0.175, 0.06, 0.217, 0.094]",3000,0.27782613039016724,-0.25689514840556277,
55,T0,3240,-0.18735888931551795,0.07492648535649638,0.2864901366969504,-0.01452794985199645,-0.05774716825522635,-0.020685279659746182,-0.051725811472461275,0.9088428616523743,0.0561254657804966,0.012599471025168896,0.9649683237075806,0.9841621518135071,0.9915289878845215,5,1,2,"[0.9088, 0.0561, 0.0126, 0.0037, 0.0029, 0.0023, 0.0015, 0.0015, 0.0012, 0.0008]","[0.187, 0.075, 0.286, 0.315, 0.056, 0.324, 0.081, 0.588, 0.342, 0.358]",3000,0.0642770379781723,0.09121263746535611,
55,T1,3240,-0.5577298656620729,0.424070913873264,-0.11619339688806977,0.004486276728157693,0.006302032732383392,-0.05356346720642754,0.14481745735270485,0.20295777916908264,0.16181868314743042,0.08960174024105072,0.36477646231651306,0.556057333946228,0.6963170170783997,2,61,152,"[0.203, 0.1618, 0.0896, 0.057, 0.0447, 0.0408, 0.0304, 0.0257, 0.0233, 0.0202]","[0.558, 0.424, 0.116, 0.086, 0.017, 0.001, 0.217, 0.16, 0.09, 0.174]",3000,0.14080971479415894,0.5824583709749587,
55,T2,3240,0.11828633297803191,0.41113799158333997,-0.14025927623436882,0.01157921198211991,0.00020048909233856804,-0.023190088822311185,-0.009954565908252708,0.26053592562675476,0.13785548508167267,0.0759044662117958,0.3983914256095886,0.5640224814414978,0.6857420802116394,2,72,180,"[0.2605, 0.1379, 0.0759, 0.0502, 0.0395, 0.0338, 0.0271, 0.0226, 0.0201, 0.0182]","[0.118, 0.411, 0.14, 0.11, 0.038, 0.05, 0.137, 0.159, 0.301, 0.018]",3000,0.09824786335229874,-0.17558065493917693,
55,T3,3240,0.081424720931434,-0.04670070146877539,0.10736774845850562,0.04412336373223232,0.10253032301649095,-0.058357469799247136,-0.0071534040811699505,0.44722265005111694,0.13695260882377625,0.12691281735897064,0.5841752290725708,0.8167876601219177,0.8977708220481873,3,11,25,"[0.4472, 0.137, 0.1269, 0.0708, 0.0349, 0.02, 0.0189, 0.0163, 0.0139, 0.0118]","[0.081, 0.047, 0.107, 0.056, 0.496, 0.023, 0.481, 0.109, 0.372, 0.23]",3000,0.01648630201816559,0.0032613808832813603,
55,T4,3240,0.04685236729923416,-0.32908074939822674,-0.013177351268715942,0.0006187582780195395,0.007072379762209654,-0.0627809612574035,0.03167767764246074,0.2885280251502991,0.10298853367567062,0.07900863885879517,0.3915165662765503,0.5767728090286255,0.7141208052635193,4,56,137,"[0.2885, 0.103, 0.079, 0.0658, 0.0404, 0.0335, 0.0309, 0.028, 0.0251, 0.0198]","[0.047, 0.329, 0.013, 0.375, 0.046, 0.386, 0.122, 0.063, 0.454, 0.018]",3000,0.0793716236948967,-0.12305126565467013,
55,T5,3240,0.11433006853024141,0.10949035528836196,0.5399848112407556,0.013440558074455692,0.019889450379170875,0.0594607424870163,-0.018217434102017167,0.3331943452358246,0.21137109398841858,0.08182583749294281,0.5445654392242432,0.7245455384254456,0.8147128224372864,3,26,70,"[0.3332, 0.2114, 0.0818, 0.0668, 0.0313, 0.0271, 0.0228, 0.0149, 0.0143, 0.0111]","[0.114, 0.109, 0.54, 0.395, 0.124, 0.465, 0.213, 0.015, 0.01, 0.172]",3000,0.07244139909744263,-0.165301297353319,
55,T6,3240,0.1282075345048942,-0.039963573008764075,-0.032881646387723125,0.010635873783612766,0.029822920147839882,0.012673718749851959,0.05994853879589863,0.29911375045776367,0.2058909833431244,0.12944915890693665,0.5050047636032104,0.7224047780036926,0.8201965093612671,4,24,64,"[0.2991, 0.2059, 0.1294, 0.0476, 0.0403, 0.0254, 0.0219, 0.0192, 0.0184, 0.0129]","[0.128, 0.04, 0.033, 0.293, 0.52, 0.441, 0.314, 0.329, 0.017, 0.076]",3000,0.04131775349378586,-0.1495579278850103,
55,T7,3240,-0.16669564678689056,0.15595874736934487,0.0429789137944914,-0.03198794979804498,-0.011746995874104178,-0.10005226281327625,0.0815528476470262,0.5645946264266968,0.2345290631055832,0.04163765534758568,0.7991237044334412,0.8815202116966248,0.9297966361045837,4,7,17,"[0.5646, 0.2345, 0.0416, 0.0218, 0.019, 0.0166, 0.0109, 0.008, 0.0069, 0.0057]","[0.167, 0.156, 0.043, 0.496, 0.128, 0.351, 0.452, 0.448, 0.188, 0.057]",3000,0.059762053191661835,0.3218292593039147,
55,T8,3240,-0.04389603010352592,0.05693517441125501,-0.472154169606919,-0.02469750823767997,0.030896699406759206,-0.14708664054524978,0.15232772850555176,0.5951258540153503,0.1538834273815155,0.04535194858908653,0.7490092515945435,0.8660370707511902,0.9242295622825623,3,8,18,"[0.5951, 0.1539, 0.0454, 0.0375, 0.0342, 0.0182, 0.0143, 0.0099, 0.0083, 0.0074]","[0.044, 0.057, 0.472, 0.42, 0.561, 0.226, 0.116, 0.036, 0.074, 0.137]",3000,0.13047778606414795,0.3520898824867608,
55,R0,3240,0.09483692240366215,0.07820767566766053,-0.3676739813260865,0.0021362036741694504,0.15590131982247754,-0.00845786444620458,0.1525377853410089,0.8785668015480042,0.04721402749419212,0.017079642042517662,0.9257808327674866,0.9646046757698059,0.9819991588592529,5,2,4,"[0.8786, 0.0472, 0.0171, 0.0127, 0.0091, 0.0049, 0.0045, 0.003, 0.0026, 0.0024]","[0.095, 0.078, 0.368, 0.088, 0.368, 0.404, 0.487, 0.206, 0.22, 0.396]",3000,0.06480181962251663,-0.08397356010573162,
55,R1,3240,0.37543118738454506,-0.3279654600475095,-0.05377057756814345,0.015753664849388775,0.08568695335276236,-0.1731513514682586,0.0733964673982151,0.711253821849823,0.07117883116006851,0.0554327629506588,0.7824326753616333,0.8949450254440308,0.9457183480262756,3,6,11,"[0.7113, 0.0712, 0.0554, 0.0337, 0.0234, 0.0202, 0.014, 0.0062, 0.0055, 0.0049]","[0.375, 0.328, 0.054, 0.556, 0.043, 0.219, 0.152, 0.01, 0.167, 0.014]",3000,0.07685370743274689,-0.15771594635019187,
55,R2,3240,0.16880856516354062,-0.26113273934522124,-0.24202628059428247,0.050030978747543836,0.0708952051482093,-0.05612752689558525,-0.1042388747692567,0.6007147431373596,0.11330175399780273,0.07099859416484833,0.7140164971351624,0.8641406893730164,0.9138167500495911,1,9,23,"[0.6007, 0.1133, 0.071, 0.0559, 0.0232, 0.0138, 0.0125, 0.0089, 0.0082, 0.0063]","[0.169, 0.261, 0.242, 0.577, 0.2, 0.169, 0.11, 0.107, 0.067, 0.183]",3000,0.07002458721399307,-0.2730555022565051,
55,R3,3240,0.041733741976211575,0.11718678845937737,0.1936602893661902,-0.07633685138878979,-0.024707633637994275,0.06399396951066444,-0.18417885435372677,0.641094446182251,0.15182550251483917,0.03907035291194916,0.792919933795929,0.8824883699417114,0.9382524490356445,2,6,14,"[0.6411, 0.1518, 0.0391, 0.029, 0.0215, 0.0185, 0.0148, 0.0097, 0.0071, 0.0057]","[0.042, 0.117, 0.194, 0.29, 0.027, 0.369, 0.599, 0.084, 0.032, 0.251]",3000,0.141468808054924,-0.28669203321157827,
55,R4,3240,-0.12889423112718673,0.15876609562858743,0.14229312385709356,-0.07777153989172275,0.013179846138719463,-0.0781966749442251,0.12616331790542298,0.8361470103263855,0.039328500628471375,0.031612295657396317,0.8754755258560181,0.9410111904144287,0.9664442539215088,3,3,7,"[0.8361, 0.0393, 0.0316, 0.0186, 0.0154, 0.0068, 0.0062, 0.0047, 0.0041, 0.0037]","[0.129, 0.159, 0.142, 0.399, 0.238, 0.709, 0.055, 0.387, 0.131, 0.143]",3000,0.16575941443443298,0.2962825695948425,
55,R5,3240,-0.17884879809785895,0.40918021037295776,-0.21369354933302628,0.03579216519262288,0.07129555136032353,-0.001617527296388353,0.07451343291521031,0.5698096752166748,0.08132839947938919,0.06702904403209686,0.6511380672454834,0.7985606789588928,0.8854793906211853,3,13,29,"[0.5698, 0.0813, 0.067, 0.0515, 0.0289, 0.0284, 0.019, 0.0168, 0.0125, 0.0101]","[0.179, 0.409, 0.214, 0.309, 0.12, 0.161, 0.13, 0.076, 0.386, 0.145]",3000,0.18480424582958221,0.05174299384544694,
55,R6,3240,0.2923976396159065,-0.41613478986335456,-0.47952246598068876,-0.030267079479489676,0.06674038916709067,0.11252162255744674,0.00427711791894761,0.5381314754486084,0.10498455166816711,0.09952469915151596,0.6431159973144531,0.8225381970405579,0.8956738114356995,2,11,25,"[0.5381, 0.105, 0.0995, 0.0512, 0.0287, 0.0227, 0.0184, 0.0125, 0.0118, 0.0077]","[0.292, 0.416, 0.48, 0.006, 0.21, 0.236, 0.237, 0.083, 0.005, 0.059]",3000,0.25101885199546814,-0.4355534896402151,
55,R7,3240,-0.13539700303097163,-0.531234944407969,0.20482627341802395,0.0049568062583938075,0.040032713695686645,0.03297112500481559,0.086201556531617,0.4177544116973877,0.17422010004520416,0.1139819473028183,0.5919744968414307,0.7783917188644409,0.8633871078491211,2,15,36,"[0.4178, 0.1742, 0.114, 0.044, 0.0284, 0.0226, 0.0201, 0.0178, 0.0142, 0.0104]","[0.135, 0.531, 0.205, 0.315, 0.045, 0.012, 0.125, 0.235, 0.146, 0.157]",3000,0.3542202115058899,0.20636967405919823,
55,M0,3000,0.17953059450866757,0.4548285554213302,0.3349982412538697,-0.15120243723703197,-0.06699578301456915,0.04391621790965619,-0.019573233499123478,0.5532062649726868,0.10005240887403488,0.08108566701412201,0.6532586812973022,0.8194337487220764,0.9026012420654297,4,10,20,"[0.5532, 0.1001, 0.0811, 0.0502, 0.0349, 0.0327, 0.0203, 0.012, 0.0092, 0.0088]","[0.18, 0.455, 0.335, 0.184, 0.137, 0.097, 0.401, 0.275, 0.064, 0.435]",3000,0.14605170488357544,-0.04843333453311867,
55,E0,3240,0.1454403938192381,-0.02942013850340362,0.3645263616416743,0.02055004466693194,0.03213207181988754,0.003738486954723133,-0.12338870787811257,0.35738125443458557,0.12737314403057098,0.07042163610458374,0.48475438356399536,0.6215458512306213,0.6909250020980835,2,110,216,"[0.3574, 0.1274, 0.0704, 0.0422, 0.0242, 0.0217, 0.0164, 0.011, 0.0107, 0.0096]","[0.145, 0.029, 0.365, 0.262, 0.109, 0.194, 0.311, 0.004, 0.083, 0.157]",3000,0.13514472544193268,-0.22873589915175918,
55,MEAN,3000,0.16710031165020794,-0.5958928723831102,0.2906227981652753,0.01571271855754969,0.02039631491309036,0.006376971951741613,-0.08577784520380008,0.27649879455566406,0.19862470030784607,0.0501590333878994,0.47512349486351013,0.6042494773864746,0.7072905898094177,2,65,159,"[0.2765, 0.1986, 0.0502, 0.0468, 0.0322, 0.0259, 0.0231, 0.0199, 0.0184, 0.0156]","[0.167, 0.596, 0.291, 0.302, 0.294, 0.135, 0.132, 0.076, 0.174, 0.131]",3000,0.2748410701751709,-0.27281868071907556,
56,T0,3240,-0.10150936427682478,0.10066883634711668,0.3179415433793776,-0.04879539067085585,-0.06599881099994123,-0.009930034590429317,-0.0968410035319587,0.7988296747207642,0.1146349161863327,0.03876733034849167,0.9134646058082581,0.9666871428489685,0.9822642803192139,5,2,3,"[0.7988, 0.1146, 0.0388, 0.0082, 0.0062, 0.0049, 0.0033, 0.0031, 0.0026, 0.0017]","[0.102, 0.101, 0.318, 0.266, 0.028, 0.358, 0.105, 0.56, 0.445, 0.351]",3000,0.06340069323778152,0.01782426217811175,
56,T1,3240,-0.3500862828559192,0.4823913142404314,-0.11871616429538993,0.009329197227800824,0.01138986580995553,-0.08388705009343925,0.05701652294898046,0.20980125665664673,0.15720097720623016,0.08562326431274414,0.3670022487640381,0.5542653203010559,0.6938358545303345,2,64,157,"[0.2098, 0.1572, 0.0856, 0.0566, 0.045, 0.0399, 0.0305, 0.0272, 0.0224, 0.0196]","[0.35, 0.482, 0.119, 0.058, 0.032, 0.041, 0.201, 0.116, 0.173, 0.074]",3000,0.12748973071575165,0.35069509492678497,
56,T2,3240,0.10704357473268403,-0.4236649714251929,-0.13183141045711777,0.009360631229635543,-0.0021893625546614403,-0.01671512243965666,-0.01912033386111037,0.25742533802986145,0.14146630465984344,0.07442943006753922,0.3988916277885437,0.560969352722168,0.6803271770477295,2,75,186,"[0.2574, 0.1415, 0.0744, 0.0479, 0.0398, 0.0339, 0.0258, 0.0222, 0.0198, 0.0177]","[0.107, 0.424, 0.132, 0.07, 0.058, 0.035, 0.124, 0.11, 0.364, 0.117]",3000,0.0948391929268837,-0.17751692408838643,
56,T3,3240,0.021328293594212334,-0.043927970833300724,0.0733102964414235,0.04046518235673647,0.09265727984315676,-0.0503647259593692,0.01079625428859828,0.3252902030944824,0.18615196645259857,0.11663037538528442,0.5114421844482422,0.7461248636245728,0.8570016026496887,3,16,38,"[0.3253, 0.1862, 0.1166, 0.0745, 0.0436, 0.0292, 0.0255, 0.021, 0.0197, 0.0155]","[0.021, 0.044, 0.073, 0.236, 0.392, 0.058, 0.45, 0.188, 0.354, 0.242]",3000,0.030484819784760475,0.008165463987597432,
56,T4,3240,-0.04481462730765021,-0.3175699723932281,-0.005740806990325011,5.120605907897058e-05,-0.004110919476751165,0.05439083606744702,-0.02887878851705676,0.2973482310771942,0.09960874170064926,0.08116044104099274,0.3969569802284241,0.5811884999275208,0.7114407420158386,4,59,142,"[0.2973, 0.0996, 0.0812, 0.0638, 0.0392, 0.0318, 0.0303, 0.0257, 0.0241, 0.0184]","[0.045, 0.318, 0.006, 0.389, 0.041, 0.371, 0.099, 0.117, 0.472, 0.001]",3000,0.07239178568124771,0.1339608249140621,
56,T5,3240,-0.10112292090135827,0.11257546565751714,0.5436155697084204,-0.008433604165215509,-0.01830971214364829,-0.06472281199343012,0.013639920476036927,0.3230099081993103,0.21942800283432007,0.08188485354185104,0.5424379110336304,0.7217720746994019,0.8122379779815674,3,26,72,"[0.323, 0.2194, 0.0819, 0.0669, 0.0306, 0.0266, 0.023, 0.0151, 0.0144, 0.0114]","[0.101, 0.113, 0.544, 0.396, 0.109, 0.435, 0.262, 0.03, 0.009, 0.027]",3000,0.07298372685909271,0.14995381371601268,
56,T6,3240,0.12948214176221434,-0.04476489120140419,-0.028030277165908536,0.011437060951274306,0.026660109923686677,0.01940277912071262,0.062204870244887515,0.2953757047653198,0.20529615879058838,0.12930525839328766,0.5006718635559082,0.7182565331459045,0.8168420791625977,4,25,67,"[0.2954, 0.2053, 0.1293, 0.0467, 0.0416, 0.0256, 0.0219, 0.0194, 0.0191, 0.0127]","[0.129, 0.045, 0.028, 0.317, 0.504, 0.348, 0.41, 0.284, 0.249, 0.077]",3000,0.04249017685651779,-0.14057750445542003,
56,T7,3240,-0.18407745823028102,0.15472677253487843,-0.04155611908711638,-0.027879286910023716,-0.006962179114146571,-0.0906288241423527,0.07545813857463606,0.5521854758262634,0.2431374341249466,0.04183322563767433,0.7953228950500488,0.8785439133644104,0.9276792407035828,4,7,18,"[0.5522, 0.2431, 0.0418, 0.0225, 0.0189, 0.0166, 0.0112, 0.0084, 0.007, 0.0059]","[0.184, 0.155, 0.042, 0.495, 0.099, 0.388, 0.454, 0.478, 0.184, 0.019]",3000,0.05960696563124657,0.31604802945002347,
56,T8,3240,0.0036424675329411182,-0.09598049878420573,-0.48989754665515345,0.012156140508219256,0.10867518602179425,-0.16098217617342453,0.18849690770342267,0.5889590978622437,0.17123691737651825,0.04380466416478157,0.7601960301399231,0.8703359365463257,0.9252293705940247,3,7,18,"[0.589, 0.1712, 0.0438, 0.035, 0.0314, 0.017, 0.0135, 0.0096, 0.0078, 0.007]","[0.004, 0.096, 0.49, 0.268, 0.529, 0.303, 0.104, 0.003, 0.053, 0.085]",3000,0.1293257474899292,0.2858136527117941,
56,R0,3240,0.25363085063902924,0.10914012368330825,0.2818238708204727,0.024739626963810928,0.13252102360332738,0.008909341860865009,0.059997900204140794,0.8804289698600769,0.0469156838953495,0.015960730612277985,0.9273446798324585,0.9667392373085022,0.9831812381744385,4,2,4,"[0.8804, 0.0469, 0.016, 0.015, 0.0085, 0.0049, 0.0042, 0.0027, 0.0024, 0.0022]","[0.254, 0.109, 0.282, 0.07, 0.368, 0.326, 0.433, 0.276, 0.215, 0.432]",3000,0.0594063475728035,-0.2505745130778784,
56,R1,3240,0.32866420557137005,-0.2861792395888951,-0.11334721300485094,0.011674322409640888,0.061010758235358384,-0.17066656675221145,0.08195251972375683,0.7239071726799011,0.07376865297555923,0.04864439368247986,0.7976758480072021,0.9007749557495117,0.9498119354248047,2,5,11,"[0.7239, 0.0738, 0.0486, 0.0304, 0.024, 0.019, 0.0149, 0.0056, 0.0051, 0.0044]","[0.329, 0.286, 0.113, 0.542, 0.133, 0.29, 0.15, 0.021, 0.168, 0.034]",3000,0.06992191821336746,-0.07453452854801387,
56,R2,3240,0.10393227556555557,-0.26560514566189614,-0.22111362698412124,0.03461908802293603,0.06562756249872442,-0.11877974644380733,-0.0447849637613609,0.6073909401893616,0.11689019203186035,0.0688454732298851,0.7242811322212219,0.8668567538261414,0.917065441608429,1,8,22,"[0.6074, 0.1169, 0.0688, 0.0524, 0.0213, 0.0143, 0.0121, 0.0093, 0.0085, 0.006]","[0.104, 0.266, 0.221, 0.585, 0.193, 0.169, 0.119, 0.111, 0.021, 0.12]",3000,0.06673405319452286,-0.0756246170982122,
56,R3,3240,0.015550296444302992,0.13844548228355458,0.15835332723167936,0.02445740924069047,0.12169783349834458,-0.04254108379254663,0.26271182425297707,0.6548083424568176,0.12685427069664001,0.04200207442045212,0.7816625833511353,0.8765531182289124,0.9322670698165894,2,7,16,"[0.6548, 0.1269, 0.042, 0.0295, 0.0234, 0.0193, 0.0143, 0.0097, 0.0068, 0.0055]","[0.016, 0.138, 0.158, 0.191, 0.045, 0.414, 0.654, 0.012, 0.05, 0.266]",3000,0.1358841210603714,0.14484675344474807,
56,R4,3240,-0.1496288053349916,0.1421454017290447,-0.18137629846122397,-0.05817334925745546,0.018238613708924156,-0.03576860799762094,0.1666054090592966,0.8377609252929688,0.039930038154125214,0.031726185232400894,0.8776909708976746,0.9423123598098755,0.9675602316856384,3,3,7,"[0.8378, 0.0399, 0.0317, 0.0181, 0.0148, 0.0066, 0.0064, 0.0046, 0.0042, 0.0035]","[0.15, 0.142, 0.181, 0.332, 0.227, 0.205, 0.676, 0.347, 0.127, 0.128]",3000,0.16134090721607208,0.3186312055304641,
56,R5,3240,0.10305198849565066,0.3416018108797912,-0.2314210135178283,-0.027999266625272308,-0.013933727545289236,0.002380131341249714,-0.014729607176734388,0.5112215876579285,0.09582166373729706,0.07255822420120239,0.6070432662963867,0.7732099890708923,0.8663340210914612,3,16,38,"[0.5112, 0.0958, 0.0726, 0.0598, 0.0338, 0.0281, 0.0225, 0.0172, 0.0142, 0.0111]","[0.103, 0.342, 0.231, 0.292, 0.061, 0.033, 0.332, 0.008, 0.411, 0.054]",3000,0.16957971453666687,0.019531382632396347,
56,R6,3240,0.18572836917298335,-0.5248036245939435,-0.2914533577150969,-0.04187455348609483,0.04505907878985652,0.11587992179397255,0.022419922877882,0.5054019689559937,0.10854252427816391,0.09961260110139847,0.6139444708824158,0.8051852583885193,0.8847463726997375,2,13,30,"[0.5054, 0.1085, 0.0996, 0.0631, 0.0285, 0.0232, 0.0224, 0.014, 0.0119, 0.008]","[0.186, 0.525, 0.291, 0.049, 0.234, 0.209, 0.313, 0.166, 0.052, 0.029]",3000,0.23229490220546722,-0.31148902442624293,
56,R7,3240,-0.02917166507497074,-0.44608299354199066,0.36579125996235207,-0.006218341481576851,0.027823552152896842,0.031026352826522132,0.05257216630763484,0.3882128596305847,0.1738702803850174,0.1327565461397171,0.5620831251144409,0.7737500071525574,0.8586127758026123,3,16,40,"[0.3882, 0.1739, 0.1328, 0.0485, 0.0304, 0.0234, 0.0195, 0.0176, 0.0141, 0.0102]","[0.029, 0.446, 0.366, 0.305, 0.023, 0.03, 0.131, 0.16, 0.012, 0.091]",3000,0.3304215371608734,0.08550734529276693,
56,M0,3000,0.2164001363809914,-0.4590229902782416,0.2929629769975878,-0.0993836947170615,-0.05614713280275222,0.023721443061968144,-0.042392329239725385,0.5312511324882507,0.09760019183158875,0.0809846967458725,0.6288512945175171,0.8002575635910034,0.8926813006401062,2,11,23,"[0.5313, 0.0976, 0.081, 0.0502, 0.0402, 0.0398, 0.0207, 0.0124, 0.0103, 0.0092]","[0.216, 0.459, 0.293, 0.017, 0.164, 0.009, 0.388, 0.244, 0.109, 0.241]",3000,0.13981235027313232,-0.12138861190255529,
56,E0,3240,0.14664231924912696,-0.016222748453755546,0.348425243798004,0.02158856795580129,0.029990432793367765,0.003990460374536288,-0.12477685059807278,0.35328739881515503,0.11387937515974045,0.07350987195968628,0.4671667814254761,0.6111800074577332,0.6818392276763916,1,117,227,"[0.3533, 0.1139, 0.0735, 0.0458, 0.0247, 0.0215, 0.0167, 0.0124, 0.0104, 0.0097]","[0.147, 0.016, 0.348, 0.273, 0.109, 0.222, 0.284, 0.067, 0.172, 0.094]",3000,0.1335393339395523,-0.23754175941937325,
56,MEAN,3000,0.13009296105803397,-0.60401302861368,-0.2999748850788843,0.012270975758362175,0.017093013612593397,0.0009471632916716087,-0.07722690712865819,0.2934499979019165,0.18828971683979034,0.048685166984796524,0.48173969984054565,0.6063686609268188,0.7047683000564575,2,68,163,"[0.2934, 0.1883, 0.0487, 0.0452, 0.0307, 0.0249, 0.0223, 0.0188, 0.0176, 0.0149]","[0.13, 0.604, 0.3, 0.322, 0.248, 0.155, 0.164, 0.061, 0.152, 0.091]",3000,0.2649545967578888,-0.22850973048077902,
57,T0,3240,-0.06338414452223211,0.1213156828719068,0.37324447094771257,-0.05804884045382255,-0.05796368443535925,-0.02336547002699434,-0.08153270909491854,0.7669985294342041,0.1301487535238266,0.04478178918361664,0.8971472978591919,0.9598221182823181,0.9784317016601562,5,3,4,"[0.767, 0.1301, 0.0448, 0.0103, 0.0075, 0.0057, 0.0041, 0.0037, 0.0031, 0.002]","[0.063, 0.121, 0.373, 0.273, 0.029, 0.318, 0.165, 0.568, 0.496, 0.343]",3000,0.06270433217287064,0.023027637987385507,
57,T1,3240,-0.38676969705863246,0.4704576892637954,-0.0995243557321498,0.008366125928876691,0.008811605874189115,-0.08550770852894184,0.07223173205014112,0.20528972148895264,0.15570664405822754,0.08279596269130707,0.3609963655471802,0.5484311580657959,0.688962459564209,2,65,161,"[0.2053, 0.1557, 0.0828, 0.0577, 0.047, 0.0395, 0.0312, 0.0268, 0.0224, 0.0206]","[0.387, 0.47, 0.1, 0.052, 0.034, 0.03, 0.231, 0.106, 0.194, 0.128]",3000,0.1281968057155609,0.3944617890770251,
57,T2,3240,0.09960875724840239,-0.4229271905258492,0.1427945843038923,0.006059204008475584,-0.006529120867994353,-0.012097856391301391,-0.016472845961502756,0.26323115825653076,0.13616447150707245,0.07497313618659973,0.3993956446647644,0.5613469481468201,0.6790697574615479,2,75,186,"[0.2632, 0.1362, 0.075, 0.0469, 0.0401, 0.0334, 0.0259, 0.0216, 0.0196, 0.0171]","[0.1, 0.423, 0.143, 0.075, 0.066, 0.048, 0.141, 0.105, 0.365, 0.147]",3000,0.09307064116001129,-0.1669259426644878,
57,T3,3240,0.027481639001762617,-0.020611974116288182,0.0565534249386346,0.039205913286397685,0.0901634436548602,-0.05252975708497796,0.00702905677383419,0.3369293212890625,0.18737925589084625,0.11006822437047958,0.5243085622787476,0.7434612512588501,0.8562775254249573,3,16,38,"[0.3369, 0.1874, 0.1101, 0.0698, 0.0393, 0.0311, 0.0253, 0.0216, 0.0195, 0.0153]","[0.027, 0.021, 0.057, 0.329, 0.268, 0.217, 0.423, 0.023, 0.298, 0.328]",3000,0.03290214389562607,0.0011080270378569681,
57,T4,3240,-0.04741031539908521,-0.31260622410572675,0.0163807589417646,-0.0010743435076254445,-0.0035649329709212907,0.0514868935148545,-0.025932968929780774,0.28716132044792175,0.0999026894569397,0.08094660192728043,0.38706400990486145,0.5737751126289368,0.7058688402175903,4,58,141,"[0.2872, 0.0999, 0.0809, 0.0654, 0.0404, 0.032, 0.0312, 0.0253, 0.0247, 0.0189]","[0.047, 0.313, 0.016, 0.381, 0.093, 0.314, 0.214, 0.106, 0.475, 0.044]",3000,0.07640275359153748,0.14316125126314166,
57,T5,3240,-0.10733851118162484,0.07342364684912894,0.5106426976697711,-0.015450496539072173,-0.01849929723801833,-0.06362238293389846,0.02685735765253997,0.3194880485534668,0.21842148900032043,0.0821317806839943,0.5379095077514648,0.7168806791305542,0.8090840578079224,3,28,76,"[0.3195, 0.2184, 0.0821, 0.0671, 0.0298, 0.0262, 0.023, 0.0161, 0.0152, 0.0118]","[0.107, 0.073, 0.511, 0.438, 0.144, 0.422, 0.258, 0.028, 0.061, 0.011]",3000,0.0716000497341156,0.17102697123485133,
57,T6,3240,0.14009351989418065,-0.0444770760822435,-0.02346609496737583,0.011319571419354184,0.021836616537049016,0.03165352163516287,0.060933590711986285,0.2938656210899353,0.2052617222070694,0.12804454565048218,0.4991273283958435,0.7156534194946289,0.8143655061721802,5,26,70,"[0.2939, 0.2053, 0.128, 0.0467, 0.0418, 0.0256, 0.0217, 0.0198, 0.019, 0.0127]","[0.14, 0.044, 0.023, 0.429, 0.421, 0.33, 0.385, 0.134, 0.311, 0.096]",3000,0.04213520884513855,-0.15336408395228238,
57,T7,3240,-0.17975254403157742,0.15939492799997818,0.05357771946182435,-0.025425736841107566,-0.0020597010771816267,-0.09390486015357302,0.08091695164733187,0.5526028275489807,0.23751308023929596,0.04376556724309921,0.7901158928871155,0.8761376142501831,0.9261079430580139,4,7,19,"[0.5526, 0.2375, 0.0438, 0.0228, 0.0194, 0.0171, 0.0113, 0.0085, 0.007, 0.0061]","[0.18, 0.159, 0.054, 0.497, 0.066, 0.399, 0.442, 0.498, 0.177, 0.013]",3000,0.059191931039094925,0.3162603886248723,
57,T8,3240,-0.01889695703243548,0.09022373118388248,-0.39131172081479176,0.016226431315546824,0.09970881884369749,-0.1421053720608051,0.16167379832323908,0.590999186038971,0.1676810383796692,0.04421490803360939,0.7586802244186401,0.8711878061294556,0.9264259934425354,4,7,17,"[0.591, 0.1677, 0.0442, 0.0347, 0.0336, 0.0179, 0.0134, 0.0093, 0.0078, 0.0069]","[0.019, 0.09, 0.391, 0.543, 0.527, 0.326, 0.111, 0.01, 0.054, 0.048]",3000,0.12785351276397705,0.2743453389451723,
57,R0,3240,0.2630603829701743,0.10942829971143461,-0.33259797873911573,0.04500535016963736,0.1322487654978918,0.028693809962538574,0.040848501368412574,0.8806951642036438,0.04585430771112442,0.017047876492142677,0.92654949426651,0.9653990268707275,0.9834094047546387,5,2,4,"[0.8807, 0.0459, 0.017, 0.0137, 0.0082, 0.0066, 0.0042, 0.0026, 0.0024, 0.0022]","[0.263, 0.109, 0.333, 0.103, 0.346, 0.278, 0.452, 0.323, 0.295, 0.436]",3000,0.05917707458138466,-0.29200493336556144,
57,R1,3240,0.3453002301316536,-0.3015780931177172,-0.08484890585951985,0.010431289800727656,0.09122227912414618,-0.16727303272078492,0.10903666241169076,0.7422190308570862,0.06194918602705002,0.04368801414966583,0.8041682243347168,0.9046275019645691,0.9535379409790039,5,5,10,"[0.7422, 0.0619, 0.0437, 0.0302, 0.0266, 0.0183, 0.0163, 0.0052, 0.0048, 0.0042]","[0.345, 0.302, 0.085, 0.481, 0.49, 0.339, 0.243, 0.005, 0.151, 0.059]",3000,0.06832270324230194,-0.13163479599291966,
57,R2,3240,0.024581632011382203,-0.28676349326788264,-0.16410091405659633,0.03372251449307312,0.0726033893877047,-0.1539553395833899,-0.01277240642777921,0.6271025538444519,0.10634586960077286,0.06406894326210022,0.7334484457969666,0.868062436580658,0.9213957190513611,1,8,20,"[0.6271, 0.1063, 0.0641, 0.0502, 0.0203, 0.0172, 0.012, 0.0099, 0.0085, 0.0058]","[0.025, 0.287, 0.164, 0.589, 0.2, 0.091, 0.134, 0.136, 0.008, 0.099]",3000,0.06444507092237473,0.04809692808070546,
57,R3,3240,0.01705315262651635,0.13673415766551436,0.1758030311122837,0.0367097899948058,0.12711000723088162,-0.05234933280340685,0.25393781163503193,0.6647647023200989,0.1190415546298027,0.04193942993879318,0.7838062644004822,0.8774272799491882,0.9341827034950256,2,7,16,"[0.6648, 0.119, 0.0419, 0.0285, 0.0231, 0.0215, 0.0138, 0.0092, 0.007, 0.0052]","[0.017, 0.137, 0.176, 0.162, 0.043, 0.387, 0.666, 0.005, 0.002, 0.25]",3000,0.13089720904827118,0.12243150987519066,
57,R4,3240,-0.13341648508619253,0.1692564765876474,-0.19125079623002014,-0.051076050564331385,-0.01262503520239613,-0.0683099552568434,0.13738964777810153,0.8373976349830627,0.03855593502521515,0.0359465554356575,0.8759535551071167,0.9440080523490906,0.9689874053001404,3,3,6,"[0.8374, 0.0386, 0.0359, 0.0183, 0.0138, 0.0068, 0.006, 0.0048, 0.0039, 0.0035]","[0.133, 0.169, 0.191, 0.302, 0.209, 0.152, 0.68, 0.489, 0.183, 0.115]",3000,0.1555768996477127,0.3949223269521883,
57,R5,3240,0.03764580094613847,0.34294637532989714,-0.21091186619321203,-0.025551157920771162,-0.018091564511140197,-0.005068398683202664,0.014541769304533407,0.522445023059845,0.09150950610637665,0.06949902325868607,0.6139545440673828,0.7773262858390808,0.8700372576713562,3,15,37,"[0.5224, 0.0915, 0.0695, 0.0602, 0.0337, 0.0288, 0.0214, 0.0176, 0.014, 0.0109]","[0.038, 0.343, 0.211, 0.297, 0.086, 0.089, 0.309, 0.076, 0.404, 0.085]",3000,0.1683061122894287,0.1146070127543436,
57,R6,3240,0.16364090430889514,-0.5100107302153792,-0.294799966980288,-0.04502251838400608,0.04551153017282653,0.12549601102675897,0.034193366582679074,0.5066701173782349,0.10805591195821762,0.09955817461013794,0.6147260069847107,0.8056175708770752,0.8856573700904846,2,13,30,"[0.5067, 0.1081, 0.0996, 0.0638, 0.0275, 0.0233, 0.0224, 0.014, 0.0122, 0.0082]","[0.164, 0.51, 0.295, 0.06, 0.231, 0.074, 0.333, 0.16, 0.075, 0.001]",3000,0.23216353356838226,-0.28719322902521843,
57,R7,3240,-0.030219598074974107,-0.431741501447774,0.37651704297335964,-0.006123727799681785,0.03650581573287407,0.034713285814802,0.05564456804264653,0.38921719789505005,0.17137913405895233,0.136654332280159,0.5605963468551636,0.7734794616699219,0.85990971326828,3,16,39,"[0.3892, 0.1714, 0.1367, 0.0459, 0.0303, 0.0237, 0.0198, 0.0178, 0.0153, 0.0099]","[0.03, 0.432, 0.377, 0.3, 0.027, 0.023, 0.147, 0.088, 0.045, 0.084]",3000,0.3283470571041107,0.06247142707948551,
57,M0,3000,0.20302620671311553,-0.5046782932308527,0.2951660995026349,-0.09998301591529893,-0.06311034564327497,0.016266841101467804,-0.058645435119903444,0.5261724591255188,0.10001379996538162,0.08150865882635117,0.6261862516403198,0.8023335337638855,0.8916658163070679,2,11,23,"[0.5262, 0.1, 0.0815, 0.0535, 0.0412, 0.0344, 0.0223, 0.0123, 0.0107, 0.0097]","[0.203, 0.505, 0.295, 0.005, 0.14, 0.102, 0.358, 0.233, 0.064, 0.191]",3000,0.14316143095493317,-0.11306663922630741,
57,E0,3240,0.14469978574435194,-0.03683968356931815,0.3480988690635911,0.02064761928805461,0.03042129218560382,0.002594189635383547,-0.12258011521946621,0.35182344913482666,0.11545338481664658,0.07368940114974976,0.46727684140205383,0.6120771169662476,0.6828280091285706,1,116,225,"[0.3518, 0.1155, 0.0737, 0.0466, 0.0245, 0.0211, 0.0168, 0.0124, 0.0105, 0.01]","[0.145, 0.037, 0.348, 0.28, 0.088, 0.213, 0.266, 0.103, 0.204, 0.025]",3000,0.13349346816539764,-0.23472590571622448,
57,MEAN,3000,0.09931171893049252,-0.6091383336288781,0.3541189428644925,0.011738727395279433,0.01505971214183026,-0.00200130913481713,-0.0662008840850744,0.3038041889667511,0.1845330148935318,0.047648847103118896,0.4883372187614441,0.6123678088188171,0.7107259035110474,3,66,159,"[0.3038, 0.1845, 0.0476, 0.0445, 0.0319, 0.0249, 0.022, 0.0191, 0.0175, 0.0149]","[0.099, 0.609, 0.354, 0.138, 0.304, 0.149, 0.148, 0.066, 0.154, 0.133]",3000,0.2598455548286438,-0.19306107357757651,
58,T0,3240,-0.039886538755501494,-0.14757669167141077,0.3280558683118155,-0.052461523065951095,-0.05270096182538325,-0.021388828833558485,-0.07503508655006341,0.7850662469863892,0.12232773005962372,0.03627018257975578,0.9073939919471741,0.9615598917007446,0.9793412089347839,4,2,4,"[0.7851, 0.1223, 0.0363, 0.0107, 0.0072, 0.0054, 0.004, 0.0034, 0.003, 0.0019]","[0.04, 0.148, 0.328, 0.282, 0.019, 0.291, 0.237, 0.573, 0.526, 0.303]",3000,0.06226596236228943,0.0033692877863153578,
58,T1,3240,-0.35592849409911126,0.46056352229979614,-0.09043095400903137,0.01194658266484878,0.014821587539275994,-0.08993151991257012,0.05793446444195603,0.193559929728508,0.15909571945667267,0.08127564191818237,0.35265564918518066,0.5421192646026611,0.6851274967193604,2,67,162,"[0.1936, 0.1591, 0.0813, 0.0613, 0.0469, 0.0389, 0.0329, 0.0276, 0.0226, 0.0209]","[0.356, 0.461, 0.09, 0.01, 0.018, 0.019, 0.248, 0.148, 0.214, 0.005]",3000,0.12921297550201416,0.3503733882168666,
58,T2,3240,0.11121034227662298,-0.42035470655242385,-0.13310134685006275,0.002439436914715361,-0.003608816558919183,-0.01970563315960216,-0.0197417936091251,0.26430660486221313,0.13218237459659576,0.07189548760652542,0.3964889645576477,0.5543435215950012,0.6743497848510742,1,77,191,"[0.2643, 0.1322, 0.0719, 0.0454, 0.0406, 0.0339, 0.0252, 0.0221, 0.0218, 0.0171]","[0.111, 0.42, 0.133, 0.087, 0.077, 0.057, 0.159, 0.17, 0.227, 0.151]",3000,0.0892343744635582,-0.17171094286336006,
58,T3,3240,0.032683085902658046,-0.002790791407303401,0.0715861127417467,0.041509991138823844,0.09152245816456495,-0.054502566764867415,0.0005369224351594363,0.34244608879089355,0.18756869435310364,0.1032329797744751,0.5300147533416748,0.746672511100769,0.858077347278595,3,16,37,"[0.3424, 0.1876, 0.1032, 0.0731, 0.0403, 0.0311, 0.0248, 0.0214, 0.0191, 0.015]","[0.033, 0.003, 0.072, 0.307, 0.235, 0.239, 0.408, 0.032, 0.291, 0.346]",3000,0.02880304679274559,-0.002604609905730887,
58,T4,3240,-0.050088004099531194,-0.2757854575450791,0.061091846474107515,-0.0032163781503479275,-0.005023569786060482,0.05394565981354772,-0.025626329254748212,0.2844236195087433,0.1030733659863472,0.08458520472049713,0.3874969780445099,0.5766060948371887,0.7070751786231995,2,57,138,"[0.2844, 0.1031, 0.0846, 0.0644, 0.0401, 0.0314, 0.0303, 0.0258, 0.0245, 0.0186]","[0.05, 0.276, 0.061, 0.365, 0.102, 0.156, 0.261, 0.119, 0.511, 0.115]",3000,0.07623664289712906,0.14118918898210206,
58,T5,3240,-0.08386934652666375,0.08357156331349083,0.5132286813793736,-0.012254958593249538,-0.017123397962349286,-0.05615084120562318,0.02636117505110452,0.31876465678215027,0.217853844165802,0.08199667930603027,0.5366184711456299,0.7145426273345947,0.8076234459877014,3,29,79,"[0.3188, 0.2179, 0.082, 0.067, 0.029, 0.0256, 0.0225, 0.0168, 0.0162, 0.0119]","[0.084, 0.084, 0.513, 0.434, 0.14, 0.379, 0.299, 0.044, 0.072, 0.007]",3000,0.07039263099431992,0.14644701481637054,
58,T6,3240,0.14690939883116186,-0.05102701166125958,0.0028585723504523596,0.01309537495357195,0.022576547161665877,0.03946484034300055,0.05534488160873508,0.2911377251148224,0.2033856213092804,0.1296546310186386,0.4945233464241028,0.7123603224754333,0.8109380006790161,4,27,73,"[0.2911, 0.2034, 0.1297, 0.0465, 0.0417, 0.0256, 0.0218, 0.0196, 0.0188, 0.0127]","[0.147, 0.051, 0.003, 0.395, 0.442, 0.341, 0.285, 0.296, 0.302, 0.077]",3000,0.04120621830224991,-0.1670607786826158,
58,T7,3240,-0.17203512907193116,0.1643273671604912,0.06612183643460853,-0.02475759062843559,-0.00248683337789116,-0.09183885256597377,0.07737200895656171,0.5476486086845398,0.2375154346227646,0.04493677243590355,0.7851640582084656,0.8730987310409546,0.9242949485778809,4,7,19,"[0.5476, 0.2375, 0.0449, 0.0233, 0.0197, 0.0176, 0.0114, 0.0088, 0.0072, 0.0062]","[0.172, 0.164, 0.066, 0.471, 0.104, 0.422, 0.436, 0.484, 0.196, 0.015]",3000,0.058311689645051956,0.29980742237406616,
58,T8,3240,-0.04285443642366863,0.09525425543373839,-0.33240615737428264,0.012229527637965525,0.09301117612266163,-0.13692801284117276,0.1686127669187679,0.5920906662940979,0.16805121302604675,0.04574314132332802,0.7601418495178223,0.8734643459320068,0.9276459813117981,3,7,17,"[0.5921, 0.1681, 0.0457, 0.0339, 0.0337, 0.0173, 0.0132, 0.0091, 0.0077, 0.0068]","[0.043, 0.095, 0.332, 0.631, 0.049, 0.342, 0.108, 0.03, 0.048, 0.031]",3000,0.12722013890743256,0.2977714067665494,
58,R0,3240,0.2534204395554521,0.1140364838077476,-0.26406081239710466,0.05680216192522482,0.12862380568691886,0.060235357722155144,0.01515820578158227,0.8805330991744995,0.04445919767022133,0.017811734229326248,0.9249923229217529,0.9641943573951721,0.9834691882133484,5,2,4,"[0.8805, 0.0445, 0.0178, 0.013, 0.0084, 0.0078, 0.0043, 0.0028, 0.0024, 0.0021]","[0.253, 0.114, 0.264, 0.107, 0.269, 0.384, 0.436, 0.321, 0.399, 0.395]",3000,0.05874784290790558,-0.3652349050245944,
58,R1,3240,0.34286187329758694,-0.29513731121856335,-0.07581412199219881,0.0011174881523211655,0.11320427483609292,-0.13732765537236744,0.1331859998748953,0.7528780698776245,0.05685940757393837,0.04066167771816254,0.809737503528595,0.9095193147659302,0.9562273025512695,3,5,9,"[0.7529, 0.0569, 0.0407, 0.0342, 0.0249, 0.0176, 0.0155, 0.0049, 0.0047, 0.004]","[0.343, 0.295, 0.076, 0.217, 0.523, 0.304, 0.269, 0.033, 0.149, 0.064]",3000,0.0667068362236023,-0.18040372605037258,
58,R2,3240,0.04511896570627981,-0.2674347109463192,-0.1818727410541293,0.024012628833588828,0.0809675025806381,-0.14602218661845875,-0.00557320462644575,0.6360981464385986,0.10377220809459686,0.06261765211820602,0.7398703694343567,0.8704198598861694,0.9244797825813293,1,7,19,"[0.6361, 0.1038, 0.0626, 0.0487, 0.0193, 0.0188, 0.0113, 0.0103, 0.008, 0.0056]","[0.045, 0.267, 0.182, 0.588, 0.187, 0.104, 0.136, 0.168, 0.012, 0.092]",3000,0.061388980597257614,0.0006958483160844284,
58,R3,3240,-0.06875619384441384,0.11053295216839898,0.18325421442609327,0.09050717696267357,0.023081084300917157,-0.08866808398632815,0.12545356679798828,0.6499153971672058,0.14119970798492432,0.040942829102277756,0.7911151051521301,0.8827123641967773,0.937714159488678,1,6,14,"[0.6499, 0.1412, 0.0409, 0.0284, 0.0222, 0.0222, 0.0128, 0.0086, 0.0066, 0.0049]","[0.069, 0.111, 0.183, 0.151, 0.077, 0.133, 0.666, 0.013, 0.017, 0.245]",3000,0.11960338056087494,0.3438120240083801,
58,R4,3240,-0.17173318651929737,-0.04855961197284789,0.17157948218055247,-0.05480523929558353,0.0007475718021414755,-0.056255833102312414,0.14704758710104607,0.8339126110076904,0.03935925289988518,0.03814094141125679,0.8732718825340271,0.9432013034820557,0.9688352942466736,2,3,6,"[0.8339, 0.0394, 0.0381, 0.0184, 0.0134, 0.0075, 0.0059, 0.0049, 0.0039, 0.0035]","[0.172, 0.049, 0.172, 0.246, 0.227, 0.136, 0.664, 0.535, 0.202, 0.085]",3000,0.15406917035579681,0.3867502684543978,
58,R5,3240,0.02974877795837847,0.33251457158498243,-0.2067916694812992,-0.017071655957622885,-0.031900576386405935,0.009745605853406268,-0.005364791410039842,0.5174900889396667,0.09191220253705978,0.06965500116348267,0.6094022989273071,0.7743952870368958,0.8693593740463257,3,15,37,"[0.5175, 0.0919, 0.0697, 0.0612, 0.0342, 0.0293, 0.0227, 0.0179, 0.0141, 0.011]","[0.03, 0.333, 0.207, 0.303, 0.088, 0.068, 0.276, 0.168, 0.4, 0.091]",3000,0.1682717353105545,0.09819533811252776,
58,R6,3240,0.1967070755225218,-0.5379315847216366,-0.23528378769109493,-0.046614191785251356,0.04207310870648312,0.12797636776524995,0.008944371623247151,0.5030884146690369,0.10808423161506653,0.104109026491642,0.6111726760864258,0.8072412014007568,0.8866137862205505,2,12,29,"[0.5031, 0.1081, 0.1041, 0.0639, 0.0281, 0.0238, 0.0219, 0.0137, 0.012, 0.008]","[0.197, 0.538, 0.235, 0.057, 0.204, 0.051, 0.31, 0.159, 0.101, 0.051]",3000,0.2354796975851059,-0.34023880526557204,
58,R7,3240,0.018415705262513946,-0.4251884413283061,0.3755199872864694,-0.010102239245864555,0.027702560346739805,0.04148753737682254,0.04031940897453395,0.38319486379623413,0.17884840071201324,0.13682329654693604,0.5620432496070862,0.7757039070129395,0.8615639805793762,3,16,38,"[0.3832, 0.1788, 0.1368, 0.0461, 0.0307, 0.0239, 0.0196, 0.0176, 0.0151, 0.0097]","[0.018, 0.425, 0.376, 0.309, 0.015, 0.029, 0.162, 0.074, 0.039, 0.072]",3000,0.3275808095932007,-0.010360749394096388,
58,M0,3000,0.215356728352676,-0.5204972897810102,0.29920572051779637,-0.09030217600688706,-0.05479237941851287,0.019776288347832436,-0.06593857470688098,0.5231855511665344,0.09679849445819855,0.08232121169567108,0.6199840307235718,0.7996135354042053,0.8903632164001465,2,12,23,"[0.5232, 0.0968, 0.0823, 0.0554, 0.0419, 0.0336, 0.0232, 0.0128, 0.0111, 0.01]","[0.215, 0.52, 0.299, 0.004, 0.129, 0.088, 0.342, 0.284, 0.023, 0.194]",3000,0.1440706104040146,-0.15904120252865972,
58,E0,3240,0.14703225340406748,-0.051502348625185775,0.3285350350059973,0.02122034016010238,0.02955344756317211,0.004633592881753055,-0.12779909087676525,0.3541390895843506,0.11111307889223099,0.07571757584810257,0.465252161026001,0.610832154750824,0.6823488473892212,1,117,226,"[0.3541, 0.1111, 0.0757, 0.0465, 0.0233, 0.0206, 0.0178, 0.0122, 0.0108, 0.0101]","[0.147, 0.052, 0.329, 0.285, 0.014, 0.207, 0.29, 0.107, 0.205, 0.006]",3000,0.1322978287935257,-0.24831673683448696,
58,MEAN,3000,0.0831307297397073,-0.6120534646030379,0.3539251448970666,0.010397674150493093,0.014082390241527394,-0.004066240252508241,-0.0651556128251252,0.30384036898612976,0.18401430547237396,0.047043874859809875,0.48785465955734253,0.6104482412338257,0.7090438604354858,2,67,163,"[0.3038, 0.184, 0.047, 0.0439, 0.0317, 0.025, 0.0219, 0.0194, 0.0174, 0.015]","[0.083, 0.612, 0.354, 0.077, 0.294, 0.173, 0.157, 0.034, 0.184, 0.148]",3000,0.25877392292022705,-0.1760219573397726,
59,T0,3240,-0.20262445079072672,0.11531168026533174,0.24393939466857695,-0.007838013932668801,-0.023940188305173,0.0037939135071537347,-0.054838868672858344,0.9466898441314697,0.03193456679582596,0.006348801776766777,0.9786244034767151,0.9899649620056152,0.994612991809845,4,1,2,"[0.9467, 0.0319, 0.0063, 0.0031, 0.0019, 0.0015, 0.001, 0.0009, 0.0008, 0.0005]","[0.203, 0.115, 0.244, 0.311, 0.038, 0.259, 0.166, 0.588, 0.498, 0.308]",3000,0.06188952550292015,0.11362184817733977,
59,T1,3240,0.44323791014785335,0.4427423607848833,-0.08477648588411861,-0.0035426982747486266,-0.012963910240412446,0.0927003417594176,-0.11336446288994553,0.19349366426467896,0.15346573293209076,0.07774902880191803,0.3469594120979309,0.5295417308807373,0.6770782470703125,2,69,165,"[0.1935, 0.1535, 0.0777, 0.0593, 0.0455, 0.043, 0.0334, 0.0278, 0.023, 0.0203]","[0.443, 0.443, 0.085, 0.006, 0.016, 0.075, 0.267, 0.119, 0.212, 0.011]",3000,0.1260865032672882,-0.48508404010574313,
59,T2,3240,0.10431994148282525,0.4213331937268065,-0.1551312784844009,-0.004054278362275883,-0.007224371542562163,-0.01331206971458235,-0.017005214361174227,0.25990650057792664,0.12946845591068268,0.07357053458690643,0.3893749713897705,0.5516875982284546,0.6731846928596497,1,77,189,"[0.2599, 0.1295, 0.0736, 0.0472, 0.0416, 0.0325, 0.0263, 0.0232, 0.0216, 0.0179]","[0.104, 0.421, 0.155, 0.1, 0.029, 0.097, 0.136, 0.195, 0.147, 0.047]",3000,0.08828127384185791,-0.16146347683691892,
59,T3,3240,0.07186219403480036,-0.027983253365354847,0.07736912226528497,0.03645653556331669,0.08880419699189059,-0.046781448876650186,-0.00738701155123794,0.6372606158256531,0.09240729361772537,0.0770006999373436,0.7296679019927979,0.8762549757957458,0.9299158453941345,3,7,15,"[0.6373, 0.0924, 0.077, 0.0465, 0.023, 0.0143, 0.0121, 0.0106, 0.0092, 0.0074]","[0.072, 0.028, 0.077, 0.029, 0.4, 0.105, 0.456, 0.112, 0.143, 0.346]",3000,-0.018237261101603508,0.01977123266032919,
59,T4,3240,-0.03826023845778536,0.33259233472108096,-0.01568316548001869,-0.0008807883704303058,-0.003145831970241102,0.05410972160897207,-0.028194162565976857,0.2867426574230194,0.09364215284585953,0.08422426879405975,0.38038480281829834,0.5643436908721924,0.701826274394989,4,57,137,"[0.2867, 0.0936, 0.0842, 0.0588, 0.0409, 0.0342, 0.0303, 0.0283, 0.026, 0.0186]","[0.038, 0.333, 0.016, 0.351, 0.0, 0.119, 0.325, 0.131, 0.416, 0.069]",3000,0.06785548478364944,0.12040629374351282,
59,T5,3240,-0.10585023027644327,0.05259545666316019,-0.44996940869518004,-0.013382696395312766,-0.016775611416318153,-0.06454242550602415,0.022526953590457085,0.31146544218063354,0.21797646582126617,0.08194252848625183,0.5294418931007385,0.7075040936470032,0.8033994436264038,4,30,83,"[0.3115, 0.218, 0.0819, 0.0667, 0.0294, 0.0262, 0.0225, 0.0181, 0.0167, 0.0124]","[0.106, 0.053, 0.45, 0.499, 0.203, 0.301, 0.311, 0.021, 0.021, 0.055]",3000,0.06813404709100723,0.17450833614773278,
59,T6,3240,-0.15091351685632654,-0.04506912519285687,0.009581985387233843,-0.012995819879278534,-0.023101499460760618,-0.037283019768809565,-0.045119413110602365,0.29169631004333496,0.19522519409656525,0.13213936984539032,0.486921489238739,0.7066709995269775,0.8071100115776062,4,28,75,"[0.2917, 0.1952, 0.1321, 0.0472, 0.0404, 0.0266, 0.023, 0.0192, 0.0189, 0.0128]","[0.151, 0.045, 0.01, 0.355, 0.474, 0.34, 0.094, 0.36, 0.248, 0.083]",3000,0.03979751467704773,0.17705479247069986,
59,T7,3240,-0.15563887136460852,0.16717509389589108,-0.07188901625702701,-0.01736019490679116,0.008884735523759272,-0.0833873563623778,0.12744422229976057,0.5366930365562439,0.250532865524292,0.04440496116876602,0.7872259020805359,0.8750370740890503,0.9249356389045715,4,7,19,"[0.5367, 0.2505, 0.0444, 0.0235, 0.0199, 0.0171, 0.011, 0.0086, 0.007, 0.0062]","[0.156, 0.167, 0.072, 0.458, 0.165, 0.358, 0.416, 0.471, 0.212, 0.041]",3000,0.05722846835851669,0.3094445441347666,
59,T8,3240,-0.02424037236867936,-0.1299369269177347,-0.21072810213026238,0.03513839510940024,0.09691359774290538,-0.1128847624527078,0.13750008407451764,0.5640090703964233,0.1949433982372284,0.049390796571969986,0.7589524984359741,0.8749155402183533,0.9293420910835266,2,7,16,"[0.564, 0.1949, 0.0494, 0.034, 0.0326, 0.0187, 0.0127, 0.0083, 0.008, 0.0067]","[0.024, 0.13, 0.211, 0.659, 0.195, 0.306, 0.047, 0.077, 0.087, 0.098]",3000,0.12159710377454758,0.22610493442367502,
59,R0,3240,0.18769317266496555,0.12843149289649375,-0.32657940434885746,0.07142331315190342,0.14914451102802442,0.06931151960476345,0.006613225058373209,0.8692041635513306,0.04811656475067139,0.019583093002438545,0.917320728302002,0.9606692790985107,0.9820621013641357,6,2,4,"[0.8692, 0.0481, 0.0196, 0.0144, 0.0093, 0.009, 0.0043, 0.0032, 0.0026, 0.0023]","[0.188, 0.128, 0.327, 0.111, 0.256, 0.39, 0.414, 0.341, 0.404, 0.415]",3000,0.057872187346220016,-0.32794751549334156,
59,R1,3240,0.5283708203046672,0.32200531948927535,-0.08105627992659868,0.055694991576134514,0.08652612907090235,-0.08419535149729035,-0.05172789169401584,0.7285588383674622,0.06389059126377106,0.04433915764093399,0.792449414730072,0.903427243232727,0.9538940191268921,3,5,10,"[0.7286, 0.0639, 0.0443, 0.0395, 0.0272, 0.0196, 0.0165, 0.0054, 0.005, 0.004]","[0.528, 0.322, 0.081, 0.105, 0.546, 0.087, 0.226, 0.194, 0.051, 0.115]",3000,0.06995123624801636,-0.5606762519135162,
59,R2,3240,0.08175594529205228,-0.2966055798657782,-0.14619218761443742,0.026830267244271795,0.06097068879454778,-0.0873377756532719,-0.06568775611768335,0.636860191822052,0.10584112256765366,0.0632612407207489,0.7427012920379639,0.8735993504524231,0.9265667796134949,1,7,18,"[0.6369, 0.1058, 0.0633, 0.0482, 0.0194, 0.0182, 0.0114, 0.0104, 0.0078, 0.0053]","[0.082, 0.297, 0.146, 0.578, 0.229, 0.167, 0.043, 0.199, 0.07, 0.091]",3000,0.06139247491955757,-0.1672503757828287,
59,R3,3240,0.14705857181740103,0.10392547444320799,0.09752876697292817,-0.09544455207738782,-0.011873558971472672,0.05582598712538859,-0.11598764318105483,0.6581183075904846,0.1353929340839386,0.041516490280628204,0.7935112714767456,0.8853424191474915,0.9390153288841248,2,6,14,"[0.6581, 0.1354, 0.0415, 0.0278, 0.0226, 0.0221, 0.0123, 0.0083, 0.0064, 0.0047]","[0.147, 0.104, 0.098, 0.131, 0.034, 0.465, 0.661, 0.006, 0.01, 0.242]",3000,0.11741353571414948,-0.39323424761845327,
59,R4,3240,-0.25915453950188827,0.062450904798483926,0.17430971128906372,-0.08081092410057421,-0.0271274084441273,-0.07696862828448887,0.1129123623436601,0.8183115720748901,0.04424678906798363,0.039251908659935,0.8625583648681641,0.9373255372047424,0.9661072492599487,2,3,7,"[0.8183, 0.0442, 0.0393, 0.0199, 0.0157, 0.0088, 0.0063, 0.0053, 0.0046, 0.0038]","[0.259, 0.062, 0.174, 0.118, 0.214, 0.098, 0.652, 0.565, 0.272, 0.09]",3000,0.15215186774730682,0.4511937420858975,
59,R5,3240,-0.05949841046630553,0.37073301966181055,-0.1069211833338638,0.02964114935550001,0.10547525643028971,-0.035027869980533706,0.09133217172602111,0.5576230883598328,0.08493538945913315,0.06377856433391571,0.6425584554672241,0.7894213795661926,0.877844512462616,4,14,34,"[0.5576, 0.0849, 0.0638, 0.0535, 0.0296, 0.0275, 0.0211, 0.0169, 0.0133, 0.0097]","[0.059, 0.371, 0.107, 0.305, 0.114, 0.076, 0.327, 0.173, 0.356, 0.176]",3000,0.1650349348783493,0.01518421670978738,
59,R6,3240,0.40588877077246616,0.23852612302695905,-0.555489552415948,-0.056284601480455845,0.04312583118848594,0.11289843267724158,-0.06941439107204578,0.49492889642715454,0.1090829074382782,0.10460378974676132,0.6040117740631104,0.8030964732170105,0.8842203617095947,3,13,30,"[0.4949, 0.1091, 0.1046, 0.065, 0.0295, 0.0253, 0.0217, 0.0139, 0.0123, 0.0079]","[0.406, 0.239, 0.555, 0.057, 0.181, 0.039, 0.327, 0.147, 0.136, 0.056]",3000,0.23243026435375214,-0.5712194864797797,
59,R7,3240,0.10660297561427655,-0.30505719283201177,-0.4600625342622271,-0.023649517736293892,0.01765816773120627,0.04672342621077042,0.013711163283282427,0.37386560440063477,0.1893068104982376,0.136112779378891,0.5631723999977112,0.7777433395385742,0.8629422187805176,2,16,37,"[0.3739, 0.1893, 0.1361, 0.0468, 0.0316, 0.0239, 0.0195, 0.0174, 0.015, 0.0094]","[0.107, 0.305, 0.46, 0.299, 0.01, 0.042, 0.178, 0.003, 0.07, 0.048]",3000,0.32442066073417664,-0.10813871164976009,
59,M0,3000,0.21444403074063478,0.4201729027991572,0.31367103737949537,-0.11677088165847446,-0.10929091152154947,0.06427342549767093,-0.11198278228359823,0.5442735552787781,0.08824089914560318,0.07940232008695602,0.632514476776123,0.8064749240875244,0.8951345682144165,3,11,22,"[0.5443, 0.0882, 0.0794, 0.0542, 0.0403, 0.0319, 0.0231, 0.0131, 0.0109, 0.0097]","[0.214, 0.42, 0.314, 0.13, 0.117, 0.078, 0.334, 0.246, 0.024, 0.148]",3000,0.13916106522083282,-0.10753349469145133,
59,E0,3240,0.1491167818921077,-0.12741172825622454,0.3179477049244629,0.03206279133877353,0.03808878122673251,0.005159543028006323,-0.12573996486369238,0.3964785635471344,0.11573450267314911,0.0670638456940651,0.5122130513191223,0.645702600479126,0.7112964987754822,2,104,210,"[0.3965, 0.1157, 0.0671, 0.0429, 0.0235, 0.0192, 0.0161, 0.0116, 0.0097, 0.009]","[0.149, 0.127, 0.318, 0.287, 0.123, 0.144, 0.348, 0.119, 0.034, 0.002]",3000,0.12761157751083374,-0.23800311925774295,
59,MEAN,3000,0.11995912101024259,-0.607978369709656,-0.3645422986971029,0.008843765177744503,0.017246154951003873,-0.0058001909557047785,-0.06733435737657475,0.30808043479919434,0.17652788758277893,0.04625480994582176,0.48460832238197327,0.6071738600730896,0.7052867412567139,3,69,167,"[0.3081, 0.1765, 0.0463, 0.0441, 0.0322, 0.025, 0.0218, 0.0189, 0.0172, 0.0151]","[0.12, 0.608, 0.365, 0.039, 0.326, 0.209, 0.108, 0.049, 0.16, 0.157]",3000,0.2541254758834839,-0.20938389974457258,
60,T0,3240,-0.11619019451999474,-0.13935227486560423,0.2748384245741329,-0.044329048332930526,-0.05102786901454215,-0.02869983117050204,-0.06208239991066921,0.7040001153945923,0.1867271363735199,0.021312661468982697,0.8907272815704346,0.9432858824729919,0.9695075154304504,2,3,6,"[0.704, 0.1867, 0.0213, 0.0188, 0.0125, 0.0084, 0.0064, 0.0047, 0.004, 0.0029]","[0.116, 0.139, 0.275, 0.311, 0.048, 0.206, 0.257, 0.616, 0.046, 0.225]",3000,0.060248926281929016,0.017758751060151668,
60,T1,3240,-0.17736991736250193,0.4868389613398275,-0.09559980200701632,0.03336554602589293,0.02305694848058131,-0.05967105250898673,-0.03029147893254323,0.18804791569709778,0.14887118339538574,0.07350417226552963,0.3369190990924835,0.5198583602905273,0.6653835773468018,1,73,175,"[0.188, 0.1489, 0.0735, 0.0652, 0.0442, 0.0385, 0.0332, 0.0291, 0.0234, 0.0213]","[0.177, 0.487, 0.096, 0.052, 0.005, 0.002, 0.223, 0.192, 0.188, 0.01]",3000,0.11429351568222046,0.112694969595657,
60,T2,3240,0.10063965390889822,-0.4114963866349968,0.16062358718494849,-0.00047780850325403857,-0.003668559625644383,-0.012924983149857764,-0.025419059956014407,0.24992117285728455,0.12472162395715714,0.07543788850307465,0.3746427893638611,0.5367449522018433,0.6598913669586182,1,83,202,"[0.2499, 0.1247, 0.0754, 0.0457, 0.041, 0.0352, 0.0258, 0.0221, 0.0216, 0.0185]","[0.101, 0.411, 0.161, 0.137, 0.006, 0.055, 0.155, 0.01, 0.199, 0.018]",3000,0.08577616512775421,-0.1695787110211378,
60,T3,3240,0.012131486546664702,-0.010834151165778313,0.0052299003945155105,0.032657524532342955,0.07981650543301057,-0.054731030222169234,0.010896841017138928,0.3513045012950897,0.1961401104927063,0.1003456562757492,0.5474445819854736,0.7416302561759949,0.8472134470939636,4,17,40,"[0.3513, 0.1961, 0.1003, 0.0611, 0.0327, 0.0253, 0.024, 0.0224, 0.0193, 0.0146]","[0.012, 0.011, 0.005, 0.406, 0.002, 0.348, 0.334, 0.04, 0.041, 0.47]",3000,0.02258382737636566,0.012002082724724455,
60,T4,3240,-0.0329598996630726,-0.3101271560602005,0.03875981462726114,-0.000335086061129983,-0.011735666289907163,0.07344333696606609,-0.04638650836230643,0.306490421295166,0.1062583178281784,0.07550908625125885,0.4127487540245056,0.5824500322341919,0.7096863389015198,3,57,135,"[0.3065, 0.1063, 0.0755, 0.0555, 0.0387, 0.0308, 0.0288, 0.0259, 0.0239, 0.0178]","[0.033, 0.31, 0.039, 0.361, 0.038, 0.103, 0.286, 0.184, 0.414, 0.253]",3000,0.05893711373209953,0.09521580146790219,
60,T5,3240,-0.07356958554144542,0.056805801451515314,-0.34012862367297575,-0.020467388424381294,-0.02494052519022885,-0.04906917670485802,0.05513831292640733,0.316751092672348,0.21233725547790527,0.08251343667507172,0.5290883779525757,0.7085552215576172,0.8036580085754395,3,30,84,"[0.3168, 0.2123, 0.0825, 0.0693, 0.0277, 0.0253, 0.0225, 0.0182, 0.0167, 0.0123]","[0.074, 0.057, 0.34, 0.575, 0.138, 0.275, 0.379, 0.099, 0.067, 0.079]",3000,0.06591086089611053,0.1897643168671764,
60,T6,3240,0.1458870990887028,0.053255672414550204,-0.005522021925721636,0.007601122601265719,0.013335184547363198,0.03988357435838229,0.0429661638175479,0.2882694900035858,0.19198890030384064,0.13177745044231415,0.48025840520858765,0.7010428309440613,0.8014388084411621,3,30,81,"[0.2883, 0.192, 0.1318, 0.0468, 0.0422, 0.0264, 0.0211, 0.0204, 0.0196, 0.0129]","[0.146, 0.053, 0.006, 0.409, 0.418, 0.298, 0.403, 0.176, 0.257, 0.119]",3000,0.04042492061853409,-0.16091744144799322,
60,T7,3240,-0.14831690875101367,0.18154835501531041,-0.06310257495493851,-0.017756558097913985,0.007073514656042334,-0.07689771237910181,0.13060932649874576,0.5351102352142334,0.25173765420913696,0.04406595230102539,0.7868478894233704,0.8751145005226135,0.9256551861763,3,7,19,"[0.5351, 0.2517, 0.0441, 0.0241, 0.0201, 0.0165, 0.0114, 0.0087, 0.0075, 0.0065]","[0.148, 0.182, 0.063, 0.406, 0.223, 0.281, 0.48, 0.279, 0.362, 0.029]",3000,0.05808553472161293,0.30249830959171703,
60,T8,3240,0.00444750732741981,0.13857587079520492,-0.31442285242029655,0.04022571968595739,0.09900404089345999,-0.10471881420093981,0.1275191843535172,0.5689948201179504,0.19853916764259338,0.04651080071926117,0.7675340175628662,0.8774124979972839,0.9290543794631958,3,7,17,"[0.569, 0.1985, 0.0465, 0.0329, 0.0304, 0.0163, 0.0124, 0.0088, 0.0075, 0.0066]","[0.004, 0.139, 0.314, 0.587, 0.252, 0.379, 0.096, 0.019, 0.035, 0.021]",3000,0.12417470663785934,0.18066631655195284,
60,R0,3240,0.37263938654241446,-0.11332729096323833,0.10388742438696334,0.016575841603791608,0.07803433413425234,0.07707785692168548,-0.007885869075336496,0.8555537462234497,0.05458400398492813,0.021809102967381477,0.9101377725601196,0.9594472646713257,0.9809787273406982,5,2,4,"[0.8556, 0.0546, 0.0218, 0.0184, 0.0091, 0.0083, 0.0051, 0.003, 0.0029, 0.0022]","[0.373, 0.113, 0.104, 0.261, 0.242, 0.42, 0.369, 0.36, 0.005, 0.515]",3000,0.04200311377644539,-0.49539176036815913,
60,R1,3240,0.2533331204591939,-0.22414957106646738,-0.11800244211577672,0.02472297492564132,0.012531300157860489,-0.03892722278178822,-0.013806616457515441,0.7567660808563232,0.0616539791226387,0.03801538422703743,0.8184200525283813,0.9155898690223694,0.9600374102592468,2,5,8,"[0.7568, 0.0617, 0.038, 0.0335, 0.0256, 0.0169, 0.0154, 0.0045, 0.0042, 0.0034]","[0.253, 0.224, 0.118, 0.149, 0.452, 0.419, 0.268, 0.022, 0.128, 0.076]",3000,0.058093201369047165,-0.2720614799905562,
60,R2,3240,0.15996792559090686,-0.25038478017942956,-0.2679258157875699,0.04662740236886375,0.10293432223512336,-0.09103186577537496,-0.029098219222889143,0.6458538174629211,0.10864348709583282,0.06352092325687408,0.7544972896575928,0.8822662234306335,0.9328799843788147,1,6,16,"[0.6459, 0.1086, 0.0635, 0.045, 0.0193, 0.018, 0.0106, 0.0095, 0.0074, 0.0052]","[0.16, 0.25, 0.268, 0.544, 0.281, 0.161, 0.074, 0.196, 0.101, 0.086]",3000,0.0559370331466198,-0.3950950524050437,
60,R3,3240,0.11333666995240047,0.10812929415370898,-0.05345896571222003,-0.0778900682926853,-0.027362579426415026,-0.05084497803030627,-0.18089940494016973,0.6669273376464844,0.11596367508172989,0.03802352398633957,0.782891035079956,0.8803400993347168,0.9353474974632263,2,6,15,"[0.6669, 0.116, 0.038, 0.0333, 0.0262, 0.0204, 0.0132, 0.0098, 0.0066, 0.005]","[0.113, 0.108, 0.053, 0.1, 0.009, 0.485, 0.643, 0.164, 0.022, 0.134]",3000,0.11180098354816437,-0.249843418867733,
60,R4,3240,-0.32215602354428347,-0.034964108373532574,-0.17333061900736,-0.03830773597522415,0.0032205672330862384,-0.05666194534278523,0.14865810904137022,0.8099892735481262,0.04616903141140938,0.04416745901107788,0.8561583161354065,0.9353861808776855,0.9655449390411377,4,3,7,"[0.81, 0.0462, 0.0442, 0.0188, 0.0163, 0.0105, 0.0061, 0.0052, 0.0047, 0.0037]","[0.322, 0.035, 0.173, 0.095, 0.222, 0.057, 0.67, 0.559, 0.246, 0.367]",3000,0.1456640362739563,0.499332953297207,
60,R5,3240,0.12339949309349836,0.31776948648105124,-0.06192463735322742,-0.013238353884020105,-0.02280110758973462,0.05746085074412801,-0.04747051875391638,0.5164262652397156,0.09474855661392212,0.0669168159365654,0.6111748218536377,0.7692328095436096,0.8625159859657288,4,16,39,"[0.5164, 0.0947, 0.0669, 0.0582, 0.033, 0.0279, 0.0241, 0.0163, 0.0143, 0.0107]","[0.123, 0.318, 0.062, 0.342, 0.113, 0.079, 0.351, 0.203, 0.414, 0.151]",3000,0.15612436830997467,-0.06775173758340104,
60,R6,3240,0.1559184185321468,-0.09081893311555804,-0.5881137957094417,-0.044154625668935285,0.03174368715887363,0.10986913894007806,-0.012003595630402148,0.4862876236438751,0.11606405675411224,0.10752979665994644,0.6023516654968262,0.803318202495575,0.8836617469787598,1,13,31,"[0.4863, 0.1161, 0.1075, 0.0634, 0.03, 0.0255, 0.0216, 0.0134, 0.0122, 0.0077]","[0.156, 0.091, 0.588, 0.128, 0.027, 0.283, 0.26, 0.178, 0.141, 0.018]",3000,0.22340688109397888,-0.26351927145798193,
60,R7,3240,-0.2460971251863046,-0.3062300419919512,-0.4514232188767287,0.02395574438679564,-0.026926464702021553,-0.025505550464384893,0.02702793083395564,0.35830458998680115,0.19731676578521729,0.14224298298358917,0.5556213855743408,0.7789583802223206,0.8622161149978638,3,16,38,"[0.3583, 0.1973, 0.1422, 0.0458, 0.0353, 0.0237, 0.0184, 0.0174, 0.0148, 0.009]","[0.246, 0.306, 0.451, 0.305, 0.028, 0.074, 0.132, 0.028, 0.006, 0.108]",3000,0.316531777381897,0.2730330890513522,
60,M0,3000,0.2062551015448171,-0.4203760122339796,-0.17440125988744867,-0.05160196541735653,-0.0778677041663245,-0.00836381217206787,-0.03509968213527399,0.5194406509399414,0.08920706063508987,0.08199453353881836,0.6086477041244507,0.7888222932815552,0.8827645182609558,2,12,25,"[0.5194, 0.0892, 0.082, 0.0521, 0.0461, 0.0333, 0.0242, 0.013, 0.0121, 0.0114]","[0.206, 0.42, 0.174, 0.035, 0.106, 0.066, 0.313, 0.243, 0.077, 0.045]",3000,0.13391996920108795,-0.057294422814027954,
60,E0,3240,0.14620478804603487,-0.051015164484825945,-0.2944680502298357,0.02412255361218937,0.030399200467086378,0.0033868966390855574,-0.12944500601397746,0.36000826954841614,0.10306956619024277,0.07313303649425507,0.4630778431892395,0.6037229895591736,0.6774855256080627,2,123,235,"[0.36, 0.1031, 0.0731, 0.0453, 0.0222, 0.0208, 0.0174, 0.0137, 0.012, 0.0099]","[0.146, 0.051, 0.294, 0.31, 0.116, 0.195, 0.301, 0.118, 0.076, 0.152]",3000,0.1220887079834938,-0.2564808687955985,
60,MEAN,3000,0.10658258826370054,-0.5982765188717474,0.24193904424577523,0.004333305829653524,0.012166579240578622,-0.0025113270444836687,-0.06554221500885853,0.31168636679649353,0.16602754592895508,0.04726860672235489,0.4777139127254486,0.601836085319519,0.6966263055801392,1,75,179,"[0.3117, 0.166, 0.0473, 0.0445, 0.0324, 0.024, 0.0217, 0.018, 0.0165, 0.0146]","[0.107, 0.598, 0.242, 0.299, 0.284, 0.223, 0.15, 0.063, 0.156, 0.174]",3000,0.2435506135225296,-0.18867705789069802,
61,T0,3240,-0.19686181807099865,-0.14570361280060243,0.1885266428134181,-0.056360309956981824,-0.05100492613371142,-0.07167263391035303,-0.03392093949337856,0.6435652375221252,0.2209567427635193,0.024585116654634476,0.8645219802856445,0.9287549257278442,0.9622188806533813,4,4,8,"[0.6436, 0.221, 0.0246, 0.0239, 0.0157, 0.0108, 0.0083, 0.0058, 0.0049, 0.0036]","[0.197, 0.146, 0.189, 0.424, 0.039, 0.11, 0.32, 0.623, 0.354, 0.209]",3000,0.06218978017568588,0.12479011461057767,
61,T1,3240,-0.14989955217071183,0.4923706293558125,0.05888187281285992,0.037066057137816716,0.02808598638342653,-0.055629748247358085,-0.034429441346081224,0.18468846380710602,0.14647483825683594,0.07287140935659409,0.33116328716278076,0.5132738947868347,0.6563345789909363,1,76,180,"[0.1847, 0.1465, 0.0729, 0.0658, 0.0434, 0.0363, 0.0329, 0.0292, 0.0235, 0.0211]","[0.15, 0.492, 0.059, 0.119, 0.005, 0.055, 0.19, 0.181, 0.198, 0.072]",3000,0.11500061303377151,0.08763463022643361,
61,T2,3240,0.10759675637721548,-0.40914774070200444,0.17157886296441133,0.0022677154537164086,-0.0004837608608033377,-0.020627951937921253,-0.018998453861874005,0.2430162876844406,0.12114621698856354,0.0754862055182457,0.36416250467300415,0.5268499851226807,0.6507060527801514,1,87,208,"[0.243, 0.1211, 0.0755, 0.047, 0.0402, 0.0348, 0.0259, 0.0229, 0.0215, 0.0188]","[0.108, 0.409, 0.172, 0.137, 0.02, 0.044, 0.131, 0.134, 0.188, 0.041]",3000,0.0862351506948471,-0.16513351220128328,
61,T3,3240,0.006210885785753232,-0.019094376327850982,-0.00798694994987789,0.03324382936632526,0.07989180169411746,-0.05434629552485918,0.015333854124505126,0.3323604464530945,0.19877102971076965,0.10087418556213379,0.5311315059661865,0.7262670993804932,0.8349540829658508,3,19,46,"[0.3324, 0.1988, 0.1009, 0.0617, 0.0326, 0.026, 0.0245, 0.0237, 0.0202, 0.0143]","[0.006, 0.019, 0.008, 0.398, 0.039, 0.436, 0.2, 0.083, 0.104, 0.463]",3000,0.024228055030107498,0.024249229260174154,
61,T4,3240,-0.04423941284514969,-0.2834579524485326,0.0831173832199228,-0.0009246050690542157,-0.011799239619419309,0.07175198543087799,-0.039445509308278455,0.2878364622592926,0.10230495780706406,0.08402036875486374,0.39014142751693726,0.5749372243881226,0.703225314617157,2,59,139,"[0.2878, 0.1023, 0.084, 0.0581, 0.0427, 0.0321, 0.029, 0.0261, 0.0232, 0.0178]","[0.044, 0.283, 0.083, 0.328, 0.074, 0.121, 0.244, 0.163, 0.461, 0.293]",3000,0.06512640416622162,0.10634779807564838,
61,T5,3240,-0.06493497107452216,0.06631167969082818,-0.2957384898648,-0.023347677298966224,-0.02357124181888104,-0.036730723585169746,0.06885074121309878,0.3130909502506256,0.20694948732852936,0.08390010893344879,0.5200404524803162,0.7024186849594116,0.7992089986801147,2,32,89,"[0.3131, 0.2069, 0.0839, 0.0707, 0.0278, 0.0253, 0.0223, 0.0194, 0.0168, 0.0129]","[0.065, 0.066, 0.296, 0.604, 0.096, 0.219, 0.409, 0.048, 0.005, 0.092]",3000,0.06848625093698502,0.19877123405702143,
61,T6,3240,0.1453128984071096,0.05203673008578455,0.00858872122367398,0.010242166327135259,0.014094479270375857,0.04099910028038905,0.03853774845183173,0.2813096046447754,0.1918347179889679,0.13237185776233673,0.4731443226337433,0.6949743628501892,0.7965533137321472,3,31,86,"[0.2813, 0.1918, 0.1324, 0.0467, 0.0427, 0.0274, 0.021, 0.0204, 0.0196, 0.0131]","[0.145, 0.052, 0.009, 0.367, 0.45, 0.292, 0.273, 0.205, 0.322, 0.129]",3000,0.04077262058854103,-0.166393226389133,
61,T7,3240,-0.179998905038843,0.18904336678687547,0.08574709979012138,-0.016925394675720434,0.007977546877700487,-0.08132442903279276,0.12723814007490516,0.5139592289924622,0.2560991644859314,0.04757516831159592,0.7700583934783936,0.8641496300697327,0.9185171723365784,3,8,22,"[0.514, 0.2561, 0.0476, 0.0249, 0.0216, 0.0168, 0.0124, 0.0098, 0.0081, 0.0072]","[0.18, 0.189, 0.086, 0.438, 0.223, 0.289, 0.503, 0.17, 0.41, 0.01]",3000,0.06090717390179634,0.32151645622216235,
61,T8,3240,-0.03519479534748175,0.150607538359303,-0.21744140910392068,0.04071889779541541,0.09966743718678041,-0.09010769985815316,0.1411765187176189,0.5363747477531433,0.19773606956005096,0.05647465959191322,0.7341108322143555,0.8526523113250732,0.9110226631164551,2,9,24,"[0.5364, 0.1977, 0.0565, 0.0358, 0.0263, 0.0195, 0.0136, 0.0093, 0.009, 0.0069]","[0.035, 0.151, 0.217, 0.626, 0.024, 0.438, 0.109, 0.065, 0.044, 0.057]",3000,0.11757155507802963,0.1873364452279746,
61,R0,3240,0.3405210849248619,0.14012298366303563,-0.11215899241933808,0.05002251804347619,0.12660417414381137,0.06050901565069967,0.0018446775163605102,0.8658939003944397,0.048088397830724716,0.020459000021219254,0.9139822721481323,0.9612012505531311,0.9814903140068054,5,2,4,"[0.8659, 0.0481, 0.0205, 0.0178, 0.0089, 0.0081, 0.0047, 0.0027, 0.0026, 0.0021]","[0.341, 0.14, 0.112, 0.199, 0.182, 0.419, 0.359, 0.414, 0.162, 0.498]",3000,0.04304599016904831,-0.46241299282008247,
61,R1,3240,0.49333737764855495,0.1613948408945691,-0.13269453379462193,0.0803505694376929,0.07203424717863349,-0.036422334694625344,-0.09393758347067427,0.7599063515663147,0.06754507124423981,0.03547580540180206,0.8274514079093933,0.9212369322776794,0.9625623226165771,3,5,7,"[0.7599, 0.0675, 0.0355, 0.0347, 0.0236, 0.0152, 0.0146, 0.0044, 0.0039, 0.0032]","[0.493, 0.161, 0.133, 0.116, 0.494, 0.393, 0.291, 0.068, 0.179, 0.09]",3000,0.04959879443049431,-0.6565651161155274,
61,R2,3240,0.32532199809108553,0.2303478488959332,-0.29845404278148896,0.04408313458991132,0.08255402114242257,-0.05367151990650462,-0.13597995862910917,0.6444392800331116,0.11740987747907639,0.06377024203538895,0.7618491649627686,0.8891271948814392,0.9372871518135071,3,6,15,"[0.6444, 0.1174, 0.0638, 0.0425, 0.021, 0.0164, 0.0104, 0.0096, 0.0067, 0.005]","[0.325, 0.23, 0.298, 0.536, 0.363, 0.219, 0.078, 0.194, 0.105, 0.093]",3000,0.05233554169535637,-0.579665990319316,
61,R3,3240,-0.16299586708508132,0.1007963657307465,0.043282790407626726,0.07102675184832871,0.02945339008673066,0.006580616410060063,0.18699967995613434,0.6767824292182922,0.10583388060331345,0.03772006928920746,0.7826163172721863,0.8810842037200928,0.9354106783866882,3,6,15,"[0.6768, 0.1058, 0.0377, 0.0331, 0.0277, 0.0198, 0.0125, 0.0103, 0.0069, 0.0048]","[0.163, 0.101, 0.043, 0.137, 0.026, 0.434, 0.575, 0.316, 0.016, 0.138]",3000,0.10546008497476578,0.3716605115232465,
61,R4,3240,-0.30474944007426785,-0.09113708424381074,0.16419411596343905,-0.049419606600117696,0.01308274188949099,-0.03785992731467522,0.1809189726970279,0.8112773299217224,0.04355568438768387,0.0419100746512413,0.8548330068588257,0.9310573935508728,0.9640679955482483,4,4,7,"[0.8113, 0.0436, 0.0419, 0.0194, 0.0149, 0.0129, 0.0068, 0.0051, 0.0046, 0.0037]","[0.305, 0.091, 0.164, 0.093, 0.206, 0.171, 0.642, 0.151, 0.373, 0.436]",3000,0.14978954195976257,0.4517955166269251,
61,R5,3240,0.13332585023596671,0.3477603084188021,-0.006901154450008408,-0.010349023102773091,-0.038850916508675344,0.04870544772235241,-0.048213512503742846,0.5085155367851257,0.08930810540914536,0.0738152489066124,0.5978236198425293,0.7641927003860474,0.8572526574134827,4,17,42,"[0.5085, 0.0893, 0.0738, 0.0595, 0.033, 0.0275, 0.0236, 0.0167, 0.0147, 0.0105]","[0.133, 0.348, 0.007, 0.306, 0.156, 0.011, 0.319, 0.194, 0.416, 0.216]",3000,0.1575857549905777,-0.09122960540683457,
61,R6,3240,0.22450774307072904,-0.05412845598656181,-0.5911410294977327,-0.04889642944593386,0.03270399972206548,0.11789281361319512,-0.027107345384469534,0.43353036046028137,0.1505972295999527,0.11113505810499191,0.5841276049613953,0.7873390316963196,0.8714246153831482,1,15,37,"[0.4335, 0.1506, 0.1111, 0.063, 0.0291, 0.0283, 0.0207, 0.0148, 0.012, 0.0084]","[0.225, 0.054, 0.591, 0.163, 0.017, 0.28, 0.246, 0.27, 0.09, 0.052]",3000,0.21954353153705597,-0.36203589022926963,
61,R7,3240,0.0758734670361709,-0.22781616434032465,-0.5154330994704268,-0.004933034333962806,0.02572195676932291,0.021952415252948297,0.007421326858348944,0.33823588490486145,0.21705086529254913,0.14354336261749268,0.5552867650985718,0.7780969142913818,0.8581278920173645,2,17,41,"[0.3382, 0.2171, 0.1435, 0.0458, 0.0335, 0.0237, 0.018, 0.0163, 0.0135, 0.0085]","[0.076, 0.228, 0.515, 0.309, 0.055, 0.095, 0.023, 0.166, 0.035, 0.189]",3000,0.29947102069854736,-0.0994027658196388,
61,M0,3000,0.20595934321488932,-0.3390071152661552,0.040957861982577476,-0.04371136229908712,-0.058635109066915256,-0.015198706521188602,-0.022037181635331197,0.499290406703949,0.09082936495542526,0.08074168115854263,0.5901197791099548,0.7774462699890137,0.8777074217796326,2,13,27,"[0.4993, 0.0908, 0.0807, 0.0538, 0.0528, 0.0377, 0.0248, 0.0133, 0.0126, 0.0119]","[0.206, 0.339, 0.041, 0.121, 0.004, 0.089, 0.304, 0.134, 0.274, 0.135]",3000,0.1283017098903656,-0.07425209375230903,
61,E0,3240,0.1450511921571278,-0.039643960391198045,0.2620303487528184,0.025672176486370803,0.031198919293384676,0.00278780100829156,-0.12637655068929118,0.337201863527298,0.1057501807808876,0.0760795846581459,0.442952036857605,0.5902906656265259,0.6635863780975342,1,133,249,"[0.3372, 0.1058, 0.0761, 0.0485, 0.0228, 0.0208, 0.017, 0.0131, 0.0121, 0.0103]","[0.145, 0.04, 0.262, 0.34, 0.132, 0.207, 0.278, 0.034, 0.2, 0.179]",3000,0.11855887621641159,-0.2529667558896339,
61,MEAN,3000,0.08215739176490693,-0.6185349944111642,-0.2738041361923946,0.0023450617489221433,0.009412114032122079,-0.00966684390393309,-0.05716134936892898,0.3242438733577728,0.16113819181919098,0.04452257975935936,0.485382080078125,0.603931188583374,0.6962852478027344,1,75,182,"[0.3242, 0.1611, 0.0445, 0.0426, 0.0314, 0.0232, 0.0212, 0.0176, 0.0161, 0.0142]","[0.082, 0.619, 0.274, 0.263, 0.287, 0.258, 0.087, 0.073, 0.182, 0.15]",3000,0.24002641439437866,-0.15721887716239868,
62,T0,3240,-0.12972286938053496,-0.16232633434352628,0.20741730651310183,-0.048197979072766683,-0.05389382099775214,-0.05161281538050388,-0.05333750425852458,0.6508991718292236,0.21589677035808563,0.024609332904219627,0.8667959570884705,0.9293779730796814,0.9618726372718811,4,4,8,"[0.6509, 0.2159, 0.0246, 0.0227, 0.0153, 0.0103, 0.0082, 0.0057, 0.0049, 0.0035]","[0.13, 0.162, 0.207, 0.447, 0.021, 0.121, 0.363, 0.607, 0.361, 0.228]",3000,0.06199385225772858,0.060201611440483666,
62,T1,3240,-0.09897461354894735,0.529577869512955,-0.09363018796301094,0.036992553132152044,0.03454265467765238,-0.05631912898740668,-0.046171966877998426,0.1784694939851761,0.1434818059206009,0.07121923565864563,0.321951299905777,0.5034909248352051,0.6511613130569458,1,79,185,"[0.1785, 0.1435, 0.0712, 0.0646, 0.0457, 0.0382, 0.0344, 0.0305, 0.0235, 0.0211]","[0.099, 0.53, 0.094, 0.075, 0.012, 0.013, 0.229, 0.18, 0.203, 0.007]",3000,0.11357033252716064,0.041283230661412124,
62,T2,3240,0.10431591461189146,-0.4031646633207446,0.18815132818062577,-0.0026274760048418024,-0.007400305686259834,-0.008427182155081104,-0.02604484885397024,0.2373209446668625,0.11720152944326401,0.07670824974775314,0.3545224666595459,0.52109694480896,0.6469640731811523,1,90,212,"[0.2373, 0.1172, 0.0767, 0.0508, 0.0391, 0.0342, 0.0262, 0.0234, 0.023, 0.0191]","[0.104, 0.403, 0.188, 0.142, 0.013, 0.079, 0.124, 0.099, 0.174, 0.084]",3000,0.0859268382191658,-0.16785706545633877,
62,T3,3240,0.008346047403153926,-0.01718568373392804,0.058268093459955705,0.03370224241921594,0.07734138853250519,-0.04992907604202216,0.009852675243710468,0.32990920543670654,0.19324350357055664,0.10049576312303543,0.5231527090072632,0.7171699404716492,0.8279173374176025,3,20,48,"[0.3299, 0.1932, 0.1005, 0.061, 0.0325, 0.0273, 0.0252, 0.0233, 0.0206, 0.0143]","[0.008, 0.017, 0.058, 0.421, 0.086, 0.039, 0.459, 0.087, 0.029, 0.464]",3000,0.023673908784985542,0.021456311106904047,
62,T4,3240,-0.04065466615525899,-0.3169202944744542,0.028476817515670473,-0.002804431054042366,-0.012230356940093105,0.0668099333722793,-0.037431902051247086,0.27983224391937256,0.09442950040102005,0.08382181078195572,0.374261736869812,0.5600457787513733,0.6948341131210327,4,62,146,"[0.2798, 0.0944, 0.0838, 0.0586, 0.0434, 0.0335, 0.0296, 0.0287, 0.0252, 0.0178]","[0.041, 0.317, 0.028, 0.382, 0.002, 0.384, 0.16, 0.311, 0.021, 0.227]",3000,0.05834480747580528,0.11264562292235596,
62,T5,3240,-0.0664296726649995,0.07455085577287998,-0.24018396949202112,-0.023584149812636585,-0.022497349708377936,-0.030995659726714926,0.07162454204257125,0.312551349401474,0.20425735414028168,0.08533715456724167,0.5168086886405945,0.700976550579071,0.7978232502937317,2,33,92,"[0.3126, 0.2043, 0.0853, 0.0716, 0.0272, 0.0255, 0.0221, 0.0192, 0.0167, 0.0133]","[0.066, 0.075, 0.24, 0.641, 0.086, 0.204, 0.408, 0.029, 0.018, 0.065]",3000,0.06897438317537308,0.2027218096992655,
62,T6,3240,0.13889917403747454,-0.05548359360620021,-0.011140603829606188,0.00785770807128903,0.013271066338087176,0.029154902304755308,0.03603287591451571,0.2747689187526703,0.18559227883815765,0.13472715020179749,0.46036118268966675,0.6869405508041382,0.7895821332931519,4,33,90,"[0.2748, 0.1856, 0.1347, 0.0465, 0.0453, 0.0275, 0.0217, 0.0203, 0.0198, 0.0133]","[0.139, 0.055, 0.011, 0.318, 0.477, 0.327, 0.298, 0.32, 0.297, 0.12]",3000,0.04104505851864815,-0.15733204493019712,
62,T7,3240,-0.11291371577863035,0.19349193038763118,0.07455597605604354,-0.020727746499009016,0.0039921781162542015,-0.07383613784399139,0.11365666740521264,0.5106107592582703,0.2534518837928772,0.04986219480633736,0.7640626430511475,0.8609052300453186,0.9153335094451904,3,9,23,"[0.5106, 0.2535, 0.0499, 0.0259, 0.0211, 0.0166, 0.0122, 0.0102, 0.0081, 0.0073]","[0.113, 0.193, 0.075, 0.478, 0.172, 0.286, 0.442, 0.281, 0.39, 0.013]",3000,0.06018969789147377,0.2284419732079635,
62,T8,3240,-0.12156630960779555,0.1766909861997725,-0.1791606470666691,0.0069035293290071525,0.08890495740617638,-0.12514486488242266,0.18859604779725947,0.5228750705718994,0.19821704924106598,0.061850860714912415,0.7210921049118042,0.8457869291305542,0.9058681130409241,2,10,27,"[0.5229, 0.1982, 0.0619, 0.0371, 0.0258, 0.0199, 0.0139, 0.0098, 0.0095, 0.007]","[0.122, 0.177, 0.179, 0.637, 0.052, 0.414, 0.147, 0.064, 0.089, 0.062]",3000,0.11564839631319046,0.3258651198469622,
62,R0,3240,0.40940479042803346,0.14922609339260648,0.11708929783296337,0.030146638779969464,0.12223316110618032,0.052132942141432125,-0.0014777919787439294,0.8597878217697144,0.05068449303507805,0.020079635083675385,0.9104723334312439,0.9590317010879517,0.9805052876472473,5,2,5,"[0.8598, 0.0507, 0.0201, 0.0191, 0.0094, 0.0085, 0.005, 0.0029, 0.0028, 0.0022]","[0.409, 0.149, 0.117, 0.017, 0.165, 0.415, 0.372, 0.447, 0.236, 0.49]",3000,0.04327739402651787,-0.5004685583971613,
62,R1,3240,0.27715622500774895,-0.15234348418891314,-0.13215630249708846,0.05538139503746517,0.021582600499581914,-0.10026637300258727,-0.01609596576493824,0.7583535313606262,0.06619245558977127,0.03622584044933319,0.8245459794998169,0.9202713966369629,0.9624052047729492,2,5,7,"[0.7584, 0.0662, 0.0362, 0.0358, 0.0237, 0.0155, 0.0149, 0.0046, 0.0038, 0.0033]","[0.277, 0.152, 0.132, 0.127, 0.487, 0.403, 0.267, 0.073, 0.06, 0.125]",3000,0.04904243350028992,-0.22912601154776133,
62,R2,3240,0.1818739266130608,-0.2477720769622291,-0.2568162309424909,0.036478106284323256,0.08034986631511919,-0.11368180362164883,-0.07377558790432576,0.6444209814071655,0.11430462449789047,0.06555056571960449,0.7587255835533142,0.8891641497612,0.9383315443992615,2,6,14,"[0.6444, 0.1143, 0.0656, 0.0426, 0.0223, 0.0165, 0.0107, 0.0097, 0.007, 0.0051]","[0.182, 0.248, 0.257, 0.571, 0.313, 0.203, 0.063, 0.16, 0.142, 0.118]",3000,0.05101607367396355,-0.32120473121179527,
62,R3,3240,0.14381200623012183,0.1167472827540566,-0.027749924854536732,-0.06501770853083995,-0.02256556580018633,0.025528491935194443,-0.16365891592541132,0.6685113310813904,0.10894889384508133,0.03755410015583038,0.7774602174758911,0.8760421872138977,0.932636559009552,3,7,15,"[0.6685, 0.1089, 0.0376, 0.033, 0.028, 0.0198, 0.0131, 0.0111, 0.0074, 0.0053]","[0.144, 0.117, 0.028, 0.15, 0.023, 0.447, 0.546, 0.356, 0.092, 0.097]",3000,0.09900228679180145,-0.3900275761604017,
62,R4,3240,-0.32261049530579355,-0.04449137715928439,0.18498210469349607,-0.040204356818744784,0.01678476795972535,-0.05830714155457046,0.16524084109055265,0.8024612069129944,0.04504751041531563,0.04298870638012886,0.8475087285041809,0.9283729195594788,0.9627341628074646,4,4,8,"[0.8025, 0.045, 0.043, 0.0218, 0.016, 0.0134, 0.007, 0.0054, 0.0046, 0.0039]","[0.323, 0.044, 0.185, 0.07, 0.137, 0.178, 0.637, 0.281, 0.377, 0.427]",3000,0.14841203391551971,0.48453642172856853,
62,R5,3240,0.10662460508194352,0.352849774311844,-0.032811344221755856,0.00755090352709642,-0.014407767670813003,0.017841214466373226,-0.017215969480831105,0.5209746956825256,0.08539189398288727,0.07330813258886337,0.6063665747642517,0.7687385082244873,0.8593814373016357,3,17,41,"[0.521, 0.0854, 0.0733, 0.0577, 0.0313, 0.0264, 0.0227, 0.0167, 0.0147, 0.0102]","[0.107, 0.353, 0.033, 0.297, 0.176, 0.031, 0.319, 0.193, 0.405, 0.234]",3000,0.1582711637020111,-0.03709968924716902,
62,R6,3240,0.22792330112658388,0.0037255597853724886,-0.5877911011497736,-0.048153454614217876,0.043169385919379674,0.10802696024786175,-0.021439024941912473,0.42270180583000183,0.16183528304100037,0.10858739167451859,0.5845370888710022,0.7850184440612793,0.8679946660995483,1,16,39,"[0.4227, 0.1618, 0.1086, 0.0631, 0.0288, 0.0268, 0.0214, 0.0144, 0.0119, 0.0085]","[0.228, 0.004, 0.588, 0.198, 0.039, 0.28, 0.231, 0.266, 0.087, 0.039]",3000,0.21260766685009003,-0.3668627290004989,
62,R7,3240,0.24227990635881805,-0.18328377363028572,-0.5352172861695531,-0.017742136514368394,0.027927275536688247,0.04372456509701106,-0.041446204828549514,0.3364947736263275,0.21492204070091248,0.14621299505233765,0.55141681432724,0.7746759057044983,0.8558291792869568,2,18,43,"[0.3365, 0.2149, 0.1462, 0.0434, 0.0337, 0.024, 0.0184, 0.0165, 0.0136, 0.0088]","[0.242, 0.183, 0.535, 0.31, 0.004, 0.092, 0.028, 0.154, 0.043, 0.222]",3000,0.2956250011920929,-0.336835131842335,
62,M0,3000,0.2047726259395176,-0.33290284916180896,0.10999089299302697,-0.04828568873197574,-0.0644237555744052,-0.010937988512430014,-0.03954947371044998,0.5005010962486267,0.08776290714740753,0.07816649973392487,0.588263988494873,0.7748429775238037,0.8770685791969299,2,13,28,"[0.5005, 0.0878, 0.0782, 0.0556, 0.0528, 0.0385, 0.0245, 0.0138, 0.0129, 0.0126]","[0.205, 0.333, 0.11, 0.141, 0.01, 0.1, 0.305, 0.073, 0.212, 0.263]",3000,0.12488090246915817,-0.08517794365499509,
62,E0,3240,0.13970425065317693,-0.033270665743148,-0.23375516151250406,0.02637613966883727,0.03246156466743414,0.001800684987040255,-0.12238014188658809,0.3396357297897339,0.09851422160863876,0.07497777789831161,0.43814995884895325,0.5857136249542236,0.6581462025642395,2,137,254,"[0.3396, 0.0985, 0.075, 0.0497, 0.0229, 0.0207, 0.0169, 0.0127, 0.0117, 0.0105]","[0.14, 0.033, 0.234, 0.363, 0.152, 0.182, 0.316, 0.035, 0.172, 0.236]",3000,0.11749707162380219,-0.24471851969525443,
62,MEAN,3000,0.10907513733954657,-0.6178589995104388,0.21719740270378682,0.000875316164995741,0.013511391630813559,-0.013356476786180838,-0.05718956006636258,0.33010658621788025,0.15429966151714325,0.04703517630696297,0.4844062328338623,0.6042296886444092,0.6952136754989624,2,77,186,"[0.3301, 0.1543, 0.047, 0.0413, 0.0315, 0.0232, 0.0208, 0.0169, 0.0159, 0.0142]","[0.109, 0.618, 0.217, 0.286, 0.322, 0.262, 0.083, 0.1, 0.145, 0.029]",3000,0.23267151415348053,-0.17766974646481223,
63,T0,3240,-0.17958465749953811,-0.16294109395617876,0.37959175912673143,-0.05078647588661534,-0.06017002203793091,-0.03523455710761324,-0.05262583736417941,0.7643491625785828,0.13434156775474548,0.017065992578864098,0.8986907005310059,0.9417544603347778,0.9716536402702332,4,3,6,"[0.7643, 0.1343, 0.0171, 0.0161, 0.0099, 0.0093, 0.0071, 0.0058, 0.0043, 0.0034]","[0.18, 0.163, 0.38, 0.223, 0.052, 0.127, 0.092, 0.373, 0.597, 0.499]",3000,0.06643799692392349,0.12481015662714894,
63,T1,3240,-0.1140656343800701,0.513634811482785,-0.10776203149347562,0.035242346136492644,0.036840135095598144,-0.06779217058600867,-0.026913761990117142,0.17418500781059265,0.13497087359428406,0.07236816734075546,0.3091558814048767,0.4872296154499054,0.6387327909469604,1,83,189,"[0.1742, 0.135, 0.0724, 0.058, 0.0477, 0.0411, 0.0352, 0.0304, 0.0237, 0.0211]","[0.114, 0.514, 0.108, 0.087, 0.001, 0.019, 0.185, 0.196, 0.219, 0.052]",3000,0.11041340976953506,0.08739947241704017,
63,T2,3240,0.10851548451317995,-0.40937153288787226,-0.1867982057753977,-0.0015403374755986008,-0.003857854550213114,-0.015147319286110461,-0.025700102083363485,0.22636187076568604,0.11394982784986496,0.07574501633644104,0.3403117060661316,0.5086001753807068,0.6347380876541138,1,94,219,"[0.2264, 0.1139, 0.0757, 0.0532, 0.0394, 0.0347, 0.0273, 0.0235, 0.0219, 0.0187]","[0.109, 0.409, 0.187, 0.112, 0.003, 0.089, 0.096, 0.122, 0.054, 0.131]",3000,0.08919332176446915,-0.16966740347750642,
63,T3,3240,-0.1386380714552959,-0.014397539163973813,0.02695082805947045,-0.019552734317062476,-0.04445007350067739,0.023782820596490048,0.022876699856028818,0.5317605137825012,0.14335684478282928,0.09012223780155182,0.6751173734664917,0.8340625762939453,0.8964260816574097,3,11,24,"[0.5318, 0.1434, 0.0901, 0.0422, 0.0266, 0.0156, 0.0141, 0.0118, 0.0108, 0.01]","[0.139, 0.014, 0.027, 0.108, 0.35, 0.063, 0.385, 0.053, 0.319, 0.146]",3000,0.04779364913702011,0.07590728242753463,
63,T4,3240,-0.0447678812769218,-0.32559431597912286,-0.02183048119870227,-0.0029500170360877258,-0.015842384731325265,0.06919696899420094,-0.03505565191506224,0.2699512243270874,0.09452135860919952,0.0815213993191719,0.36447256803512573,0.5488115549087524,0.6823215484619141,3,66,154,"[0.27, 0.0945, 0.0815, 0.0591, 0.0437, 0.0321, 0.0301, 0.0271, 0.026, 0.0182]","[0.045, 0.326, 0.022, 0.394, 0.029, 0.379, 0.245, 0.267, 0.04, 0.181]",3000,0.06061708554625511,0.111517929881855,
63,T5,3240,-0.05594631223054293,0.0896413352281028,-0.2786448791718226,-0.020585559754846966,-0.021029175935662385,-0.021519590610170575,0.04788142665853765,0.309530645608902,0.1983807384967804,0.0883045643568039,0.5079113841056824,0.6954693794250488,0.7928470969200134,2,35,97,"[0.3095, 0.1984, 0.0883, 0.0717, 0.0276, 0.0255, 0.0221, 0.0197, 0.0168, 0.0134]","[0.056, 0.09, 0.279, 0.617, 0.083, 0.209, 0.396, 0.027, 0.051, 0.021]",3000,0.06891120225191116,0.15604134127046534,
63,T6,3240,0.14032051084545677,-0.05643136614865666,-0.008976641946417535,0.007644962024537183,0.014202226358034507,0.023872478825034474,0.03149945169176504,0.27273839712142944,0.17694738507270813,0.13451656699180603,0.4496857821941376,0.6787056922912598,0.7824513912200928,3,35,96,"[0.2727, 0.1769, 0.1345, 0.0487, 0.0458, 0.0277, 0.0222, 0.0209, 0.0197, 0.0133]","[0.14, 0.056, 0.009, 0.255, 0.497, 0.332, 0.183, 0.368, 0.144, 0.147]",3000,0.041694704443216324,-0.1604723995746226,
63,T7,3240,-0.14298134549493186,-0.21558521978131673,0.0706555092447392,-0.02732688353611838,-0.0026582086063146157,-0.07865822444189734,0.0797590214148843,0.478426069021225,0.25386300683021545,0.06005580723285675,0.7322890758514404,0.843425452709198,0.9015915989875793,3,10,30,"[0.4784, 0.2539, 0.0601, 0.0289, 0.0222, 0.0162, 0.0139, 0.0111, 0.0096, 0.0074]","[0.143, 0.216, 0.071, 0.574, 0.105, 0.366, 0.534, 0.281, 0.098, 0.139]",3000,0.06208670511841774,0.23926158313603332,
63,T8,3240,-0.23333759376458132,0.19440119644620402,-0.16663715628024878,-0.012718884458553948,0.05135405072108618,-0.1630022491123696,0.19161109171362226,0.4930456876754761,0.19721689820289612,0.07028716802597046,0.6902625560760498,0.8250141143798828,0.8904750943183899,3,12,36,"[0.493, 0.1972, 0.0703, 0.04, 0.0245, 0.0208, 0.0158, 0.0116, 0.0103, 0.007]","[0.233, 0.194, 0.167, 0.665, 0.346, 0.318, 0.145, 0.005, 0.037, 0.03]",3000,0.10739397257566452,0.47512586107261673,
63,R0,3240,0.252245378844553,0.17046838071892356,-0.1238108531425358,0.09643314204550238,0.1368196711066711,0.022726410069089868,-0.017114373989889176,0.8445820808410645,0.055905625224113464,0.021601760759949684,0.9004877209663391,0.9529685378074646,0.9766878485679626,4,2,5,"[0.8446, 0.0559, 0.0216, 0.0203, 0.0106, 0.009, 0.0058, 0.0035, 0.0029, 0.0027]","[0.252, 0.17, 0.124, 0.032, 0.132, 0.455, 0.392, 0.495, 0.077, 0.411]",3000,0.044112853705883026,-0.3618325245425566,
63,R1,3240,0.25493829747537705,0.10865857996376861,-0.11596174564264267,0.07880072907772645,0.020693683003922412,-0.11926668453592243,-0.07760975101214687,0.7546389698982239,0.07266318053007126,0.03670448064804077,0.8273021578788757,0.9227245450019836,0.9642266631126404,2,5,7,"[0.7546, 0.0727, 0.0367, 0.0347, 0.0241, 0.0161, 0.0141, 0.0047, 0.0033, 0.0032]","[0.255, 0.109, 0.116, 0.108, 0.463, 0.394, 0.06, 0.102, 0.044, 0.159]",3000,0.038832105696201324,-0.27229825360846305,
63,R2,3240,0.2261482825439417,0.2528026154427171,-0.27315145935260665,0.07478014105019157,0.029651483655574865,-0.072241434182637,-0.17421253239734147,0.6423251628875732,0.11994829028844833,0.06748268753290176,0.7622734308242798,0.8951330184936523,0.9417377710342407,2,6,13,"[0.6423, 0.1199, 0.0675, 0.0434, 0.022, 0.0156, 0.0102, 0.0092, 0.0067, 0.0049]","[0.226, 0.253, 0.273, 0.565, 0.335, 0.214, 0.031, 0.13, 0.12, 0.144]",3000,0.04863174259662628,-0.4435973854662704,
63,R3,3240,0.16728277376931908,0.12355218858786336,0.014208451388356363,-0.05743463397987069,-0.01640956342278993,0.0073224373929160575,-0.11692457492029065,0.6605775356292725,0.11541088670492172,0.036896105855703354,0.7759883999824524,0.8739165663719177,0.9301138520240784,3,7,16,"[0.6606, 0.1154, 0.0369, 0.0329, 0.0282, 0.0182, 0.0129, 0.011, 0.0088, 0.0054]","[0.167, 0.124, 0.014, 0.147, 0.057, 0.423, 0.383, 0.545, 0.103, 0.086]",3000,0.08165300637483597,-0.365633747238678,
63,R4,3240,-0.3309165271636653,0.06871935042203597,-0.14512687147804432,-0.05078758306815541,0.010862385811695383,-0.06973433919493922,0.13943333205614045,0.7983196973800659,0.04372679814696312,0.04299890249967575,0.8420464992523193,0.9256501197814941,0.9603820443153381,5,4,8,"[0.7983, 0.0437, 0.043, 0.0236, 0.017, 0.0133, 0.0074, 0.0053, 0.0048, 0.004]","[0.331, 0.069, 0.145, 0.057, 0.139, 0.282, 0.669, 0.497, 0.315, 0.38]",3000,0.14673228561878204,0.4462149045878386,
63,R5,3240,-0.2089924234663955,0.2969054578748745,0.195287982056562,0.017174853758938475,0.05156902899334684,-0.07723116114725692,0.10591652971192014,0.5464794635772705,0.07830639183521271,0.07323901355266571,0.624785840511322,0.7793129682540894,0.8651520609855652,2,16,40,"[0.5465, 0.0783, 0.0732, 0.0548, 0.0264, 0.0244, 0.0214, 0.0165, 0.0141, 0.0095]","[0.209, 0.297, 0.195, 0.275, 0.196, 0.039, 0.363, 0.188, 0.377, 0.242]",3000,0.1565375179052353,0.2804767970730445,
63,R6,3240,0.4319382094927554,0.004213034096694868,-0.5993557612759625,-0.05660018818670322,0.04796352361282765,0.10557169035494224,-0.0899714591837889,0.4011462330818176,0.1721886694431305,0.10908129811286926,0.5733349323272705,0.7751965522766113,0.8568148016929626,2,17,45,"[0.4011, 0.1722, 0.1091, 0.0633, 0.0295, 0.0241, 0.0212, 0.0149, 0.0122, 0.0092]","[0.432, 0.004, 0.599, 0.169, 0.043, 0.252, 0.228, 0.285, 0.077, 0.068]",3000,0.20743660628795624,-0.6109103739112836,
63,R7,3240,0.20823705613624663,-0.18929330169792016,-0.5360205585514847,-0.011422986753314868,0.032303543857340036,0.05192060552462174,-0.03483750136809928,0.33385375142097473,0.21544800698757172,0.14778681099414825,0.5493017435073853,0.7720801830291748,0.8536754846572876,2,18,45,"[0.3339, 0.2154, 0.1478, 0.042, 0.033, 0.0245, 0.0181, 0.016, 0.0137, 0.0093]","[0.208, 0.189, 0.536, 0.304, 0.015, 0.069, 0.027, 0.133, 0.019, 0.226]",3000,0.28620007634162903,-0.2993426043779913,
63,M0,3000,0.22316475652552523,-0.4039869036460477,0.17265891240663428,-0.0533592764132415,-0.06636958852385702,-0.0031206182746745035,-0.05835032184304011,0.4875858724117279,0.0912376269698143,0.07509898394346237,0.5788235068321228,0.7679672241210938,0.8749487996101379,2,13,29,"[0.4876, 0.0912, 0.0751, 0.0591, 0.0549, 0.0423, 0.0253, 0.0139, 0.0133, 0.0122]","[0.223, 0.404, 0.173, 0.098, 0.185, 0.116, 0.311, 0.062, 0.166, 0.268]",3000,0.12533099949359894,-0.12334370524954258,
63,E0,3240,0.1460634831058415,-0.02295288472030799,-0.1959978148847339,0.026415651320761253,0.032674437632655796,0.0015491871275816367,-0.12414171361023049,0.3203759491443634,0.10637955367565155,0.07560448348522186,0.42675548791885376,0.5743212699890137,0.6486417055130005,2,144,265,"[0.3204, 0.1064, 0.0756, 0.0491, 0.0229, 0.0197, 0.0173, 0.0141, 0.0127, 0.0105]","[0.146, 0.023, 0.196, 0.392, 0.147, 0.189, 0.265, 0.329, 0.033, 0.26]",3000,0.11660388112068176,-0.25424163119642773,
63,MEAN,3000,0.12678048361582836,-0.6269519273904599,-0.24507506514297092,0.0027461207701271204,0.017557896035222672,-0.017724658903626397,-0.05035230600223937,0.32723549008369446,0.15633630752563477,0.04639203101396561,0.4835717976093292,0.6025458574295044,0.6944556832313538,2,79,192,"[0.3272, 0.1563, 0.0464, 0.0405, 0.0321, 0.0233, 0.0206, 0.0169, 0.0161, 0.0151]","[0.127, 0.627, 0.245, 0.231, 0.332, 0.293, 0.05, 0.141, 0.184, 0.061]",3000,0.23189473152160645,-0.19266339952534867,
64,T0,3240,0.08873606067202165,-0.16913535554353232,-0.4341598836023475,0.02895769197104673,0.061976529213392445,0.02069419748190155,0.07525237215847097,0.7709135413169861,0.12564556300640106,0.017119653522968292,0.8965591192245483,0.9416543245315552,0.9717507362365723,3,3,7,"[0.7709, 0.1256, 0.0171, 0.0161, 0.0118, 0.0079, 0.0072, 0.0064, 0.0054, 0.0032]","[0.089, 0.169, 0.434, 0.136, 0.126, 0.227, 0.049, 0.223, 0.524, 0.568]",3000,0.061521124094724655,0.046793479857077505,
64,T1,3240,-0.17777038932301076,0.4983661766699919,0.09382120954842448,0.027688666738426043,0.02765116131949255,-0.06315546926426875,-0.005368264241863023,0.1662416011095047,0.1339501589536667,0.07338614016771317,0.3001917600631714,0.4779532253742218,0.625435471534729,1,92,204,"[0.1662, 0.134, 0.0734, 0.0575, 0.0469, 0.0393, 0.0342, 0.0296, 0.0231, 0.0213]","[0.178, 0.498, 0.094, 0.094, 0.001, 0.081, 0.157, 0.19, 0.241, 0.002]",3000,0.12119928002357483,0.13951795409074713,
64,T2,3240,0.10270933819896189,-0.41326229696374095,0.19120852471773725,8.326990890549314e-05,-0.009513804541401126,-0.013554456274524429,-0.03712106622895672,0.2350284904241562,0.10957019776105881,0.07120001316070557,0.3445986807346344,0.5044912695884705,0.6258733868598938,1,101,228,"[0.235, 0.1096, 0.0712, 0.0512, 0.0375, 0.0331, 0.0268, 0.0231, 0.0205, 0.0178]","[0.103, 0.413, 0.191, 0.089, 0.015, 0.03, 0.132, 0.116, 0.027, 0.143]",3000,0.0841173455119133,-0.17265165054538853,
64,T3,3240,-0.13072022235061753,-0.008463339749358274,-0.011027147270857084,0.016110935227499065,-0.015174542361340682,0.007923226669058474,0.0279665579549945,0.6606866121292114,0.09332465380430222,0.06761334091424942,0.7540112733840942,0.8708117604255676,0.9178710579872131,2,8,19,"[0.6607, 0.0933, 0.0676, 0.0316, 0.0176, 0.0122, 0.0103, 0.0093, 0.0081, 0.0072]","[0.131, 0.008, 0.011, 0.092, 0.375, 0.076, 0.008, 0.383, 0.076, 0.23]",3000,0.0597090944647789,0.09306313096660572,
64,T4,3240,0.04476816613421864,-0.25310758189190974,0.08496733055024526,0.0026128466300919515,0.01967258917335965,-0.0740253654102997,0.040344278872041894,0.25223973393440247,0.09818797558546066,0.08046110719442368,0.3504277169704437,0.5333107709884644,0.6661585569381714,2,72,165,"[0.2522, 0.0982, 0.0805, 0.0606, 0.0418, 0.0326, 0.031, 0.0244, 0.024, 0.0208]","[0.045, 0.253, 0.085, 0.394, 0.003, 0.229, 0.264, 0.199, 0.32, 0.092]",3000,0.06453821063041687,-0.09962252296031947,
64,T5,3240,0.22539927397436887,-0.006812211203649974,0.49649006869376705,0.040045511499583554,0.014829067517055348,0.006921522835718583,-0.027993743791598927,0.2774159610271454,0.20393694937229156,0.13079577684402466,0.48135292530059814,0.7249486446380615,0.8142321109771729,3,28,78,"[0.2774, 0.2039, 0.1308, 0.079, 0.0338, 0.0235, 0.0212, 0.0185, 0.0142, 0.0119]","[0.225, 0.007, 0.496, 0.127, 0.533, 0.017, 0.083, 0.345, 0.019, 0.004]",3000,0.05190085992217064,-0.11638507766025877,
64,T6,3240,-0.10072313539303801,-0.03642591381580333,-0.005936485316485761,-0.0033349715386986277,-7.262667717773444e-05,-0.002893107340020712,-0.007524119247142544,0.27854859828948975,0.16570813953876495,0.13374383747577667,0.4442567229270935,0.6733285188674927,0.776186466217041,3,36,96,"[0.2785, 0.1657, 0.1337, 0.049, 0.0463, 0.0269, 0.0234, 0.0204, 0.019, 0.0131]","[0.101, 0.036, 0.006, 0.094, 0.521, 0.309, 0.217, 0.357, 0.295, 0.166]",3000,0.042668502777814865,0.14293453188342037,
64,T7,3240,-0.2838185591195729,0.22549575608356517,0.07295738614373694,-0.021238628558303985,-0.022818988592183523,-0.06324895684876419,0.04186277500436185,0.4233424961566925,0.27984756231307983,0.06657253205776215,0.7031900882720947,0.8308117389678955,0.8932097554206848,3,12,33,"[0.4233, 0.2798, 0.0666, 0.0362, 0.0248, 0.0165, 0.0146, 0.0119, 0.0112, 0.0082]","[0.284, 0.225, 0.073, 0.602, 0.082, 0.463, 0.46, 0.266, 0.176, 0.16]",3000,0.0600915364921093,0.3424663918965852,
64,T8,3240,0.20822104059973479,0.22450384362723275,-0.14914068162006217,0.017969300895781963,0.015399099555194383,0.08158583148667439,-0.062090059161030456,0.40536513924598694,0.2558346390724182,0.08628816902637482,0.6611998081207275,0.8160443305969238,0.8852146863937378,2,13,37,"[0.4054, 0.2558, 0.0863, 0.0429, 0.0256, 0.0214, 0.0169, 0.0122, 0.01, 0.0087]","[0.208, 0.225, 0.149, 0.687, 0.347, 0.087, 0.199, 0.008, 0.009, 0.057]",3000,0.08997520804405212,-0.3688661036329835,
64,R0,3240,0.3453323584350974,0.30819593171938425,0.35569229582599554,0.006552563937425014,0.004753655576828697,0.14426298559588002,-0.08362121151653323,0.8171562552452087,0.06426995247602463,0.02703605405986309,0.881426215171814,0.9438297152519226,0.9738152623176575,5,3,6,"[0.8172, 0.0643, 0.027, 0.021, 0.0144, 0.0115, 0.0081, 0.0043, 0.0032, 0.0029]","[0.345, 0.308, 0.356, 0.142, 0.431, 0.109, 0.155, 0.243, 0.07, 0.515]",3000,0.042331498116254807,-0.5136519456223072,
64,R1,3240,0.10106116079415889,0.01564307546612204,0.19488490570539507,0.010009070321361665,-0.014797632279483882,0.11248619003897094,-0.13555696063008352,0.7774695754051208,0.05368254333734512,0.04564516618847847,0.8311521410942078,0.9274435043334961,0.968549907207489,1,4,7,"[0.7775, 0.0537, 0.0456, 0.0278, 0.0228, 0.0172, 0.011, 0.0053, 0.0046, 0.0031]","[0.101, 0.016, 0.195, 0.177, 0.174, 0.605, 0.181, 0.098, 0.096, 0.001]",3000,0.032097697257995605,-0.3673421492057047,
64,R2,3240,0.403852026727901,0.4276358198708101,-0.12135436984898507,0.0850290246683424,0.035503167144850085,0.1149775278738709,-0.22917079641975197,0.6563481688499451,0.1471896916627884,0.05234387516975403,0.8035378456115723,0.9117537140846252,0.95289146900177,3,5,10,"[0.6563, 0.1472, 0.0523, 0.0394, 0.0165, 0.0156, 0.0094, 0.0067, 0.0055, 0.0039]","[0.404, 0.428, 0.121, 0.408, 0.047, 0.172, 0.069, 0.021, 0.042, 0.254]",3000,0.0935833528637886,-0.9070622910605967,
64,R3,3240,-0.11199984259315432,-0.015996475855962405,0.03452230435684115,0.03474696033060738,0.07919002221310457,0.03642285132916714,0.1397153016983146,0.6495002508163452,0.10359849780797958,0.04105782508850098,0.753098726272583,0.8560903668403625,0.9214971661567688,3,8,17,"[0.6495, 0.1036, 0.0411, 0.0343, 0.0276, 0.0215, 0.0145, 0.0112, 0.0098, 0.0084]","[0.112, 0.016, 0.035, 0.051, 0.172, 0.387, 0.012, 0.613, 0.407, 0.007]",3000,0.061505045741796494,0.13779006685450124,
64,R4,3240,0.326401792093836,-0.19933410267211463,0.14993699005254454,-0.07339684046713858,-0.04311096795696594,0.04766114233151825,-0.017420710906945476,0.799294650554657,0.04460130259394646,0.04050782322883606,0.8438959717750549,0.9293494820594788,0.9633331298828125,4,4,8,"[0.7993, 0.0446, 0.0405, 0.0266, 0.0183, 0.0127, 0.0072, 0.0056, 0.0045, 0.004]","[0.326, 0.199, 0.15, 0.012, 0.15, 0.469, 0.569, 0.221, 0.109, 0.342]",3000,0.1436329334974289,-0.23726053525805646,
64,R5,3240,0.031246827027026677,0.24698553492169312,0.31066927085094254,0.06627763988451443,0.07422538620860451,-0.06615741290171405,0.058729315009372784,0.6187962889671326,0.06753186136484146,0.06032603979110718,0.6863281726837158,0.8131598830223083,0.8852211833000183,2,13,32,"[0.6188, 0.0675, 0.0603, 0.0464, 0.0201, 0.0186, 0.0156, 0.0152, 0.0136, 0.0091]","[0.031, 0.247, 0.311, 0.234, 0.126, 0.241, 0.065, 0.312, 0.282, 0.199]",3000,0.16000846028327942,-0.008722543842271741,
64,R6,3240,0.21562507090361296,0.07677248188884359,-0.40270380234383235,-0.04125648673566937,0.05010009754146202,0.0966858087529809,-0.04426562171534342,0.35893288254737854,0.20150747895240784,0.09045059978961945,0.5604403614997864,0.7677141427993774,0.84892737865448,2,19,48,"[0.3589, 0.2015, 0.0905, 0.0838, 0.033, 0.0234, 0.02, 0.0142, 0.0121, 0.0116]","[0.216, 0.077, 0.403, 0.466, 0.07, 0.079, 0.3, 0.185, 0.206, 0.131]",3000,0.16801336407661438,-0.36457408079273745,
64,R7,3240,-0.5098701329271752,-0.11281185501236113,-0.3975479779749431,-0.011345992602015053,-0.0824922210388849,-0.03358301427048969,0.1509831345594804,0.3798745274543762,0.20201079547405243,0.13614989817142487,0.5818853378295898,0.8004959225654602,0.8691551089286804,3,16,38,"[0.3799, 0.202, 0.1361, 0.0535, 0.029, 0.0193, 0.0152, 0.0138, 0.0119, 0.0085]","[0.51, 0.113, 0.398, 0.474, 0.174, 0.041, 0.097, 0.026, 0.093, 0.223]",3000,0.2671847343444824,0.722814812511769,
64,M0,3000,0.23319497591656077,-0.16403662116852855,0.34477432090631666,-0.0011389119993357993,-0.047196939845232294,-0.028000624067188482,-0.01809170559148834,0.4424601197242737,0.12708111107349396,0.09123457223176956,0.5695412158966064,0.7841935157775879,0.8767168521881104,1,13,29,"[0.4425, 0.1271, 0.0912, 0.0675, 0.0559, 0.0297, 0.0246, 0.0141, 0.0124, 0.0118]","[0.233, 0.164, 0.345, 0.014, 0.011, 0.266, 0.274, 0.14, 0.091, 0.205]",3000,0.12918852269649506,-0.11894682556051174,
64,E0,3240,0.14089610891818374,-0.21585432602579063,-0.16371885284439774,0.01040841067650159,0.01731181910587089,-0.004824928050935742,-0.08917987259264258,0.34902051091194153,0.09793588519096375,0.07564502954483032,0.4469563961029053,0.6004166603088379,0.6830203533172607,3,113,228,"[0.349, 0.0979, 0.0756, 0.0451, 0.0328, 0.0267, 0.0163, 0.0155, 0.0128, 0.0113]","[0.141, 0.216, 0.164, 0.206, 0.443, 0.301, 0.374, 0.085, 0.202, 0.045]",3000,0.10064933449029922,-0.22419843280297175,
64,MEAN,3000,0.15749448392299928,-0.6579193386651109,0.06408123379087129,-0.0012288844581639295,0.02163256545440718,-0.02624069692812884,-0.013320998016476494,0.3594730496406555,0.13232187926769257,0.08132491260766983,0.4917949438095093,0.638839840888977,0.7224957346916199,2,64,157,"[0.3595, 0.1323, 0.0813, 0.0369, 0.0288, 0.0209, 0.0186, 0.0165, 0.0144, 0.0133]","[0.157, 0.658, 0.064, 0.138, 0.273, 0.432, 0.073, 0.118, 0.129, 0.067]",3000,0.1993347555398941,-0.17376035593163783,
