layer,position,n_horizon,rho_pc1_horizon,rho_pc2_horizon,rho_pc3_horizon,rho_pc1_reward_ratio,rho_pc1_short_reward,rho_pc1_short_delay,rho_pc1_long_delay,evr_pc1,evr_pc2,evr_pc3,cum_evr_2,cum_evr_5,cum_evr_10,n_pc_horizon,n_pc_90,n_pc_95,evr_top10,rho_top10,n_choice,silhouette_choice_pc3,rho_pc1_p_short,ridge_r2_horizon
0,T0,1890,,,,,,,,,,,,,,0,1,1,"[NaN, NaN, NaN, NaN, NaN, NaN, NaN, NaN, NaN, NaN]","[null, null, null, null, null, null, null, null, null, null]",2000,0.0,,
0,T1,1890,,,,,,,,,,,,,,0,1,1,"[NaN, NaN, NaN, NaN, NaN, NaN, NaN, NaN, NaN, NaN]","[null, null, null, null, null, null, null, null, null, null]",2000,0.0,,
0,T2,1890,,,,,,,,,,,,,,0,1,1,"[NaN, NaN, NaN, NaN, NaN, NaN, NaN, NaN, NaN, NaN]","[null, null, null, null, null, null, null, null, null, null]",2000,0.0,,
0,T3,1890,,,,,,,,,,,,,,0,1,1,"[NaN, NaN, NaN, NaN, NaN, NaN, NaN, NaN, NaN, NaN]","[null, null, null, null, null, null, null, null, null, null]",2000,0.0,,
0,T4,1890,,,,,,,,,,,,,,0,1,1,"[NaN, NaN, NaN, NaN, NaN, NaN, NaN, NaN, NaN, NaN]","[null, null, null, null, null, null, null, null, null, null]",2000,0.0,,
0,T5,1890,,,,,,,,,,,,,,0,1,1,"[NaN, NaN, NaN, NaN, NaN, NaN, NaN, NaN, NaN, NaN]","[null, null, null, null, null, null, null, null, null, null]",2000,0.0,,
0,T6,1890,,,,,,,,,,,,,,0,1,1,"[NaN, NaN, NaN, NaN, NaN, NaN, NaN, NaN, NaN, NaN]","[null, null, null, null, null, null, null, null, null, null]",2000,0.0,,
0,T7,1890,,,,,,,,,,,,,,0,1,1,"[NaN, NaN, NaN, NaN, NaN, NaN, NaN, NaN, NaN, NaN]","[null, null, null, null, null, null, null, null, null, null]",2000,0.0,,
0,T8,1890,,,,,,,,,,,,,,0,1,1,"[NaN, NaN, NaN, NaN, NaN, NaN, NaN, NaN, NaN, NaN]","[null, null, null, null, null, null, null, null, null, null]",2000,0.0,,
0,R0,1890,,,,,,,,,,,,,,0,1,1,"[NaN, NaN, NaN, NaN, NaN, NaN, NaN, NaN, NaN, NaN]","[null, null, null, null, null, null, null, null, null, null]",2000,0.0,,
0,R1,1890,,,,,,,,,,,,,,0,1,1,"[NaN, NaN, NaN, NaN, NaN, NaN, NaN, NaN, NaN, NaN]","[null, null, null, null, null, null, null, null, null, null]",2000,0.0,,
0,R2,1890,,,,,,,,,,,,,,0,1,1,"[NaN, NaN, NaN, NaN, NaN, NaN, NaN, NaN, NaN, NaN]","[null, null, null, null, null, null, null, null, null, null]",2000,0.0,,
0,R3,1890,-0.20984522343093676,0.20984522343093676,-0.20984522343093676,0.07798007241562128,-0.059625451851838006,0.006356993916963477,0.004672124041613689,0.9999997615814209,1.444464448226157e-12,1.7317257607141662e-23,0.9999997615814209,0.9999997615814209,0.9999997615814209,0,1,1,"[1.0, 0.0, 0.0, 0.0, 0.0, 0.0, 0.0, 0.0, 0.0, 0.0]","[0.21, 0.21, 0.21, 0.21, 0.21, 0.21, 0.21, 0.21, 0.21, 0.21]",2000,-0.016340315341949463,-0.03560008390937564,
0,R4,1890,,,,,,,,,,,,,,0,1,1,"[NaN, NaN, NaN, NaN, NaN, NaN, NaN, NaN, NaN, NaN]","[null, null, null, null, null, null, null, null, null, null]",2000,0.0,,
0,R5,1890,,,,,,,,,,,,,,0,1,1,"[NaN, NaN, NaN, NaN, NaN, NaN, NaN, NaN, NaN, NaN]","[null, null, null, null, null, null, null, null, null, null]",2000,0.0,,
0,R6,1890,0.02464483446658916,0.02061121135835404,0.019294990310852342,0.018090678314211312,0.03651548004595488,0.02030950739974147,-0.047741491859744016,0.5634031891822815,0.40037766098976135,0.03621895611286163,0.9637808799743652,0.9999998211860657,0.9999998211860657,0,2,2,"[0.5634, 0.4004, 0.0362, 0.0, 0.0, 0.0, 0.0, 0.0, 0.0, 0.0]","[0.025, 0.021, 0.019, 0.01, 0.015, 0.043, 0.021, 0.025, 0.04, 0.021]",2000,0.027072928845882416,-0.09774022050268223,
0,R7,1890,-0.06555564827626295,-0.046377670957442184,-0.008830677393870274,0.04938374649770962,-0.6210198723314728,0.07212563544859886,0.02993739722588724,0.657819390296936,0.27292463183403015,0.06925574690103531,0.9307440519332886,0.9999998211860657,0.9999998211860657,0,2,3,"[0.6578, 0.2729, 0.0693, 0.0, 0.0, 0.0, 0.0, 0.0, 0.0, 0.0]","[0.066, 0.046, 0.009, 0.158, 0.029, 0.158, 0.079, 0.009, 0.009, 0.011]",2000,0.05782339349389076,0.11561849660418595,
1,T0,1890,0.37518626217835255,-0.041311664592341146,-0.6459839881020086,0.15140552041202993,0.663948356182753,-0.030526383370827026,0.07651056165976429,0.4657312333583832,0.22021175920963287,0.14397256076335907,0.6859430074691772,0.9186772108078003,0.9754703640937805,2,5,7,"[0.4657, 0.2202, 0.144, 0.0624, 0.0263, 0.0213, 0.0138, 0.0113, 0.0063, 0.0042]","[0.375, 0.041, 0.646, 0.002, 0.06, 0.206, 0.047, 0.07, 0.009, 0.074]",2000,0.08284791558980942,-0.1319114886798849,
1,T1,1890,0.02343427740596488,0.620566958472632,0.19747071308820177,-0.27343130133428734,-0.8034678351657781,0.08077336406642101,-0.1735434809431572,0.3460766673088074,0.26255181431770325,0.09045539796352386,0.608628511428833,0.7842181324958801,0.8778550624847412,1,13,25,"[0.3461, 0.2626, 0.0905, 0.0496, 0.0355, 0.028, 0.0207, 0.0187, 0.0139, 0.0123]","[0.023, 0.621, 0.197, 0.294, 0.1, 0.266, 0.019, 0.231, 0.124, 0.066]",2000,0.13291305303573608,0.020320485538798314,
1,T2,1890,0.5182345251630504,-0.5700062213239044,0.30472926798327926,0.21644104426841107,0.5689252419875805,-0.13924438045121412,0.1331050107442922,0.5335145592689514,0.1639772355556488,0.06895196437835693,0.6974917650222778,0.8627944588661194,0.956189751625061,4,7,10,"[0.5335, 0.164, 0.069, 0.051, 0.0454, 0.0309, 0.0245, 0.0182, 0.0124, 0.0075]","[0.518, 0.57, 0.305, 0.113, 0.418, 0.054, 0.146, 0.05, 0.015, 0.072]",2000,0.11246179789304733,-0.2841825273867921,
1,T3,1890,0.05163169515614812,-0.3787302373894624,0.6433942632804033,-0.017436387663862348,0.36274316054317646,-0.05523258408622894,0.04452289887656117,0.5421481132507324,0.2097645252943039,0.06838260591030121,0.7519126534461975,0.8677770495414734,0.903005838394165,2,10,62,"[0.5421, 0.2098, 0.0684, 0.0284, 0.0191, 0.0093, 0.0083, 0.0067, 0.006, 0.0049]","[0.052, 0.379, 0.643, 0.246, 0.222, 0.24, 0.027, 0.126, 0.02, 0.002]",2000,0.10904448479413986,0.03506807570056648,
1,T4,1890,-0.2211886621999106,0.2637064089163344,0.37854301212509334,-0.1310833861156791,-0.5951850022173415,0.08377920763808819,-0.16719717223554956,0.2861223816871643,0.22229842841625214,0.07716988027095795,0.5084208250045776,0.6709665060043335,0.7869648337364197,2,28,100,"[0.2861, 0.2223, 0.0772, 0.047, 0.0384, 0.0327, 0.0259, 0.0216, 0.0195, 0.0163]","[0.221, 0.264, 0.379, 0.536, 0.048, 0.28, 0.039, 0.216, 0.259, 0.189]",2000,0.05592287331819534,0.14246600622815403,
1,T5,1890,0.3615589727417645,-0.03630313514815498,0.5612501072874656,0.20009911090939592,0.6973054430273458,-0.03020568836274423,0.11888914250284385,0.47985419631004333,0.23253180086612701,0.10431542992591858,0.7123860120773315,0.8965262174606323,0.9535431265830994,2,6,10,"[0.4799, 0.2325, 0.1043, 0.0541, 0.0257, 0.0155, 0.0141, 0.0111, 0.0092, 0.0071]","[0.362, 0.036, 0.561, 0.18, 0.088, 0.218, 0.032, 0.07, 0.021, 0.082]",2000,0.0972643718123436,-0.2716803283392931,
1,T6,1890,-0.01961077665452772,-0.568395558962582,-0.01021524615248076,0.10718831192995239,0.06913145428555618,-0.02232000769971512,-0.06069066381964277,0.420184850692749,0.17638565599918365,0.08877565711736679,0.5965704917907715,0.7646864652633667,0.8383616209030151,2,23,121,"[0.4202, 0.1764, 0.0888, 0.053, 0.0263, 0.0211, 0.0159, 0.014, 0.0125, 0.0102]","[0.02, 0.568, 0.01, 0.516, 0.033, 0.035, 0.03, 0.213, 0.024, 0.026]",2000,0.06823338568210602,-0.027161978528511595,
1,T7,1890,0.24541126163934077,-0.4503803912008786,0.38622613536639927,0.1812221705426382,0.6085736713634305,-0.0027835288611805873,0.1911247693388586,0.4378044307231903,0.22286191582679749,0.11307591199874878,0.6606663465499878,0.8801536560058594,0.9587374329566956,3,6,9,"[0.4378, 0.2229, 0.1131, 0.0631, 0.0433, 0.0328, 0.0156, 0.012, 0.0106, 0.0076]","[0.245, 0.45, 0.386, 0.236, 0.156, 0.038, 0.076, 0.261, 0.264, 0.319]",2000,0.08251984417438507,-0.09966181706641378,
1,T8,1890,0.2605806887249282,0.12774890528133795,-0.6873882887219007,0.16866693395427101,0.6775931589007338,-0.06060450967917988,0.0916088541659513,0.4220100939273834,0.21533027291297913,0.07961344718933105,0.6373403668403625,0.7900480031967163,0.861526370048523,2,17,49,"[0.422, 0.2153, 0.0796, 0.0454, 0.0277, 0.0215, 0.0147, 0.0144, 0.0112, 0.0097]","[0.261, 0.128, 0.687, 0.347, 0.121, 0.091, 0.064, 0.141, 0.073, 0.215]",2000,0.08275771886110306,-0.2155196210653322,
1,R0,1890,0.29228571017663835,0.6531582322290166,0.03598792112478207,0.012560127261225129,0.3631372970538618,-0.03213699832592286,0.110206859754126,0.6179856657981873,0.15850836038589478,0.06727489084005356,0.776494026184082,0.8939019441604614,0.9362224340438843,1,6,16,"[0.618, 0.1585, 0.0673, 0.0315, 0.0186, 0.0118, 0.0108, 0.008, 0.0066, 0.0051]","[0.292, 0.653, 0.036, 0.038, 0.15, 0.101, 0.189, 0.04, 0.043, 0.039]",2000,0.11632707715034485,-0.19690311419509732,
1,R1,1890,0.6443801617284084,-0.34348977089253774,0.05588996077142453,0.12117727321450301,0.47819566861510004,-0.05129648201812943,0.11258185699601558,0.20157256722450256,0.07854669541120529,0.07687173783779144,0.28011927008628845,0.46123576164245605,0.585059642791748,2,445,775,"[0.2016, 0.0785, 0.0769, 0.0541, 0.0502, 0.0441, 0.0269, 0.0222, 0.0163, 0.0142]","[0.644, 0.343, 0.056, 0.071, 0.069, 0.109, 0.164, 0.138, 0.169, 0.173]",2000,0.13539886474609375,-0.42023619614960916,
1,R2,1890,0.36128272982214626,-0.4234333769772108,0.5867581338950622,-0.1769123996120492,-0.009932366031183795,0.009204386224265148,-0.010817555616624458,0.21212685108184814,0.181270033121109,0.09606717526912689,0.39339688420295715,0.6342074871063232,0.7600471377372742,3,42,222,"[0.2121, 0.1813, 0.0961, 0.0938, 0.0509, 0.0364, 0.0283, 0.0232, 0.0208, 0.0171]","[0.361, 0.423, 0.587, 0.299, 0.141, 0.138, 0.055, 0.078, 0.052, 0.048]",2000,0.10420259088277817,-0.3290107746977671,
1,R3,1890,0.10991982090122603,-0.7355928351739212,-0.18085105953978733,-0.08794119522080936,0.03380444252595375,-0.07075993093124398,0.07219248940757209,0.999746561050415,3.865248800138943e-05,2.0135479644523002e-05,0.9997851848602295,0.9998392462730408,0.9998882412910461,2,1,1,"[0.9997, 0.0, 0.0, 0.0, 0.0, 0.0, 0.0, 0.0, 0.0, 0.0]","[0.11, 0.736, 0.181, 0.44, 0.059, 0.105, 0.041, 0.095, 0.091, 0.002]",2000,-0.014582697302103043,0.1634338917694366,
1,R4,1890,-0.3231048205877903,-0.6068887657840143,-0.4688436453322098,0.010200371200778957,-0.3332770322698832,0.014296453717566535,-0.03911228294735709,0.9988122582435608,0.00032176257809624076,0.00014184393512550741,0.9991340041160583,0.9994100332260132,0.9995702505111694,3,1,1,"[0.9988, 0.0003, 0.0001, 0.0001, 0.0001, 0.0, 0.0, 0.0, 0.0, 0.0]","[0.323, 0.607, 0.469, 0.007, 0.246, 0.019, 0.253, 0.138, 0.168, 0.041]",2000,-0.010113234631717205,0.09362963412918648,
1,R5,1890,0.5022034405918127,0.5280482596347731,-0.22937808772589227,-0.07798837000339619,0.0439319305007563,0.00038380751895999635,0.033843318593549804,0.7378336787223816,0.19526806473731995,0.013485770672559738,0.9331017732620239,0.962716281414032,0.9783466458320618,2,2,4,"[0.7378, 0.1953, 0.0135, 0.0104, 0.0058, 0.0044, 0.0035, 0.003, 0.0026, 0.0021]","[0.502, 0.528, 0.229, 0.06, 0.121, 0.017, 0.246, 0.193, 0.252, 0.284]",2000,0.1395316869020462,-0.18450941099292745,
1,R6,1890,-0.10852878441242501,0.03861137791171062,0.022033088593843224,-0.01249371416387894,-0.0670402329401075,-0.02630339503336572,0.04234558452958405,0.5705656409263611,0.38231125473976135,0.041038621217012405,0.9528769254684448,0.9994933009147644,0.9998337626457214,2,2,2,"[0.5706, 0.3823, 0.041, 0.0051, 0.0005, 0.0002, 0.0001, 0.0, 0.0, 0.0]","[0.109, 0.039, 0.022, 0.236, 0.05, 0.062, 0.363, 0.183, 0.633, 0.115]",2000,0.029597362503409386,0.11511145893087803,
1,R7,1890,-0.08618496220339772,-0.13924269793188285,-0.021313406686537976,0.040961352108067756,-0.529858948245167,0.06933899688790314,-0.010656211436077548,0.5118529200553894,0.2833884656429291,0.11764106899499893,0.7952413558959961,0.9856036901473999,0.9997003674507141,0,3,4,"[0.5119, 0.2834, 0.1176, 0.0599, 0.0128, 0.0077, 0.0035, 0.0018, 0.0009, 0.0003]","[0.086, 0.139, 0.021, 0.094, 0.002, 0.076, 0.048, 0.005, 0.172, 0.062]",2000,0.06751523166894913,0.06718306996435802,
2,T0,1890,-0.3453381079810715,-0.29105921249229727,0.6460705151900351,-0.1773634106963506,-0.6941506083838405,0.02509860223940808,-0.08212330138883589,0.5041448473930359,0.22481189668178558,0.1240696981549263,0.7289567589759827,0.9250265955924988,0.9719032645225525,2,4,7,"[0.5041, 0.2248, 0.1241, 0.05, 0.022, 0.0178, 0.0113, 0.0089, 0.0052, 0.0037]","[0.345, 0.291, 0.646, 0.045, 0.025, 0.198, 0.008, 0.07, 0.004, 0.029]",2000,0.08122950047254562,0.11423344516374005,
2,T1,1890,-0.15241512897411302,-0.1260648912817403,-0.6487494618396191,-0.1972196691074463,-0.7348999696406628,0.0807165595243592,-0.09462362091479497,0.3934541344642639,0.20285312831401825,0.1443527638912201,0.5963072776794434,0.8319153189659119,0.9077579379081726,1,10,19,"[0.3935, 0.2029, 0.1444, 0.0552, 0.036, 0.0214, 0.0179, 0.0143, 0.0116, 0.0106]","[0.152, 0.126, 0.649, 0.127, 0.229, 0.075, 0.14, 0.06, 0.183, 0.018]",2000,0.08578256517648697,0.04274596437916739,
2,T2,1890,0.48092757554632903,0.5646873342992709,-0.32136174084407826,0.23623207837820837,0.5429754911299798,-0.20549306978755658,0.13210788606523802,0.5479552745819092,0.17357228696346283,0.0631943866610527,0.7215275764465332,0.8681797981262207,0.9551138281822205,4,7,10,"[0.548, 0.1736, 0.0632, 0.0445, 0.0389, 0.0303, 0.0213, 0.0168, 0.0116, 0.007]","[0.481, 0.565, 0.321, 0.026, 0.468, 0.05, 0.202, 0.057, 0.018, 0.064]",2000,0.11180366575717926,-0.2632824709564011,
2,T3,1890,0.4884539365054644,-0.36917662448778255,-0.4835769086141413,0.18159456985230066,0.3220390136435024,-0.10578321046001431,0.05637592194236456,0.43068912625312805,0.22255276143550873,0.08547160774469376,0.6532418727874756,0.819083571434021,0.9064509272575378,5,10,20,"[0.4307, 0.2226, 0.0855, 0.0518, 0.0286, 0.0269, 0.0231, 0.0156, 0.012, 0.0098]","[0.488, 0.369, 0.484, 0.32, 0.084, 0.416, 0.028, 0.134, 0.099, 0.039]",2000,0.11438629031181335,-0.2979290337873633,
2,T4,1890,-0.38452357564474604,-0.408662890810731,-0.6113879243773713,-0.1559605040991616,-0.19141174292344595,0.10936538584656595,0.005290529266516722,0.43409162759780884,0.14781633019447327,0.08095552027225494,0.5819079875946045,0.7747991681098938,0.8654199242591858,3,15,35,"[0.4341, 0.1478, 0.081, 0.0692, 0.0428, 0.0242, 0.0211, 0.0176, 0.0144, 0.0133]","[0.385, 0.409, 0.611, 0.17, 0.011, 0.075, 0.037, 0.212, 0.147, 0.16]",2000,0.0991503894329071,0.25386944188065513,
2,T5,1890,0.4136023697815655,-0.016730203750291044,0.5329709031429537,0.1676886795070527,0.619076318735634,-0.07023438928828285,0.1003255418928417,0.47865423560142517,0.2321213185787201,0.11214985698461533,0.7107755541801453,0.8975638151168823,0.9514406323432922,2,6,10,"[0.4787, 0.2321, 0.1121, 0.0507, 0.0239, 0.015, 0.0127, 0.0104, 0.0088, 0.007]","[0.414, 0.017, 0.533, 0.17, 0.124, 0.226, 0.04, 0.065, 0.012, 0.082]",2000,0.11106543987989426,-0.307768888079422,
2,T6,1890,-0.33916203234425235,0.06440199080491205,0.48516141733611234,-0.2355105978120311,-0.734705495341234,0.1110302222617786,-0.12921256261810937,0.34651511907577515,0.2158280611038208,0.1663583368062973,0.562343180179596,0.8236904144287109,0.8846979737281799,4,13,29,"[0.3465, 0.2158, 0.1664, 0.068, 0.027, 0.0164, 0.0133, 0.0121, 0.0099, 0.0093]","[0.339, 0.064, 0.485, 0.408, 0.315, 0.0, 0.194, 0.151, 0.116, 0.004]",2000,0.0883738100528717,0.25235448195021715,
2,T7,1890,-0.28002559706855773,0.4486285383978811,0.37695124597375973,-0.19749868138914153,-0.629423318711857,-0.00012568982341025413,-0.2076675737306734,0.4457235336303711,0.2125844806432724,0.1135597676038742,0.6583080291748047,0.8742490410804749,0.9551266431808472,4,6,10,"[0.4457, 0.2126, 0.1136, 0.06, 0.0424, 0.0353, 0.016, 0.012, 0.01, 0.0075]","[0.28, 0.449, 0.377, 0.199, 0.162, 0.047, 0.096, 0.307, 0.176, 0.314]",2000,0.08280795067548752,0.12590518927281188,
2,T8,1890,0.2046613615193521,0.2841515240937634,0.5678802496404123,0.20149084843157608,0.7091598973112542,-0.02321112135513903,0.13790301854843234,0.4240863621234894,0.16030314564704895,0.11979652941226959,0.5843895077705383,0.8004977107048035,0.9016741514205933,1,10,20,"[0.4241, 0.1603, 0.1198, 0.0566, 0.0397, 0.0319, 0.0235, 0.0191, 0.014, 0.0127]","[0.205, 0.284, 0.568, 0.228, 0.25, 0.01, 0.107, 0.167, 0.254, 0.11]",2000,0.0755871906876564,-0.12164412376652009,
2,R0,1890,-0.3194265402487196,0.49050720741540016,0.46055773883699935,-0.04429732718886194,-0.44427114974470827,0.04841119347489593,-0.14209995801246522,0.3710128664970398,0.21590790152549744,0.13264943659305573,0.5869207382202148,0.8038397431373596,0.8871461153030396,3,12,31,"[0.371, 0.2159, 0.1326, 0.0511, 0.0332, 0.0269, 0.0229, 0.013, 0.0108, 0.0098]","[0.319, 0.491, 0.461, 0.177, 0.032, 0.121, 0.03, 0.266, 0.207, 0.019]",2000,0.10780482739210129,0.26737942146917815,
2,R1,1890,0.246242880514387,-0.6108027386281539,0.17679389319707775,0.20548617753153647,0.603458843185835,-0.06336117790963261,0.13782050601678308,0.32226666808128357,0.14963698387145996,0.089391328394413,0.47190365195274353,0.6381688117980957,0.7392090559005737,1,117,421,"[0.3223, 0.1496, 0.0894, 0.0409, 0.036, 0.0271, 0.0225, 0.02, 0.0164, 0.0151]","[0.246, 0.611, 0.177, 0.235, 0.078, 0.294, 0.004, 0.053, 0.068, 0.159]",2000,0.11531670391559601,0.014479887358668038,
2,R2,1890,0.4566531129121041,0.3061767564391052,-0.3994500034828168,0.21599433320681358,0.6407855385346484,-0.04126169900752881,0.14624538219960753,0.283653199672699,0.1682198941707611,0.09884251654148102,0.4518730938434601,0.6679997444152832,0.7869823575019836,4,30,102,"[0.2837, 0.1682, 0.0988, 0.0635, 0.0538, 0.0366, 0.0262, 0.0216, 0.0203, 0.0144]","[0.457, 0.306, 0.399, 0.17, 0.001, 0.105, 0.013, 0.111, 0.37, 0.263]",2000,0.09738720953464508,-0.3231705770632181,
2,R3,1890,0.1616581674132843,-0.5005180531421671,-0.28567587144734424,-0.118653274078678,-0.10591303387461617,-0.018700584941489816,0.016053763024420062,0.9991365075111389,0.0002118171687470749,0.00010502504301257432,0.9993483424186707,0.9995705485343933,0.9997133612632751,2,1,1,"[0.9991, 0.0002, 0.0001, 0.0001, 0.0001, 0.0, 0.0, 0.0, 0.0, 0.0]","[0.162, 0.501, 0.286, 0.168, 0.221, 0.128, 0.248, 0.4, 0.123, 0.002]",2000,-0.013289866968989372,0.08474190455819257,
2,R4,1890,0.19865396078976807,-0.4712260739660883,-0.40096840328631167,-0.0011333917648595425,0.17366451557665874,-0.05399358955532795,-0.027945101527377475,0.9977127313613892,0.0004796212597284466,0.0003072709369007498,0.9981923699378967,0.9989498257637024,0.9992669820785522,3,1,1,"[0.9977, 0.0005, 0.0003, 0.0003, 0.0002, 0.0001, 0.0001, 0.0001, 0.0001, 0.0]","[0.199, 0.471, 0.401, 0.016, 0.31, 0.169, 0.101, 0.062, 0.225, 0.236]",2000,-0.01024753786623478,0.013904255539186233,
2,R5,1890,-0.10159250282713904,0.5662616079718165,-0.05829538537369717,-0.05887296201935671,-0.31552760182180595,0.018872215922192105,-0.04775186619484209,0.9069725275039673,0.04017859324812889,0.013916313648223877,0.9471511244773865,0.9733772277832031,0.9850767254829407,1,1,3,"[0.907, 0.0402, 0.0139, 0.0085, 0.0038, 0.0031, 0.0029, 0.0025, 0.0016, 0.0015]","[0.102, 0.566, 0.058, 0.17, 0.061, 0.1, 0.267, 0.124, 0.006, 0.127]",2000,0.05662821605801582,-0.07639162668394582,
2,R6,1890,-0.08901549663591678,0.010711560554455872,0.17624424474766862,-0.001350607876209891,-0.08531610892958756,-0.012566929545870803,0.043081549142285916,0.5257874131202698,0.3671949803829193,0.059625618159770966,0.8929823637008667,0.9945635199546814,0.9986247420310974,0,3,3,"[0.5258, 0.3672, 0.0596, 0.0376, 0.0044, 0.002, 0.0009, 0.0006, 0.0003, 0.0002]","[0.089, 0.011, 0.176, 0.035, 0.098, 0.032, 0.063, 0.2, 0.242, 0.19]",2000,0.02447018213570118,0.08403041918816566,
2,R7,1890,-0.056989023137169435,-0.08085556509911693,-0.004766153174312875,0.0571494670889343,-0.570241407654955,0.0749151688583688,-0.002265888269605815,0.5007862448692322,0.246768519282341,0.14854049682617188,0.7475547790527344,0.9621136784553528,0.9978530406951904,0,4,5,"[0.5008, 0.2468, 0.1485, 0.0528, 0.0132, 0.0123, 0.0091, 0.0084, 0.0039, 0.0021]","[0.057, 0.081, 0.005, 0.065, 0.019, 0.145, 0.108, 0.038, 0.002, 0.165]",2000,0.06474592536687851,0.04920067107139192,
3,T0,1890,0.34857766687929037,0.29347967907355316,0.6516293211109837,0.17391898735658817,0.7152366289685702,-0.03991273355835276,0.07749765712160196,0.46454259753227234,0.2353571206331253,0.14047308266162872,0.6998997330665588,0.9123315215110779,0.9599115252494812,2,5,9,"[0.4645, 0.2354, 0.1405, 0.0497, 0.0223, 0.0163, 0.0116, 0.0094, 0.0054, 0.0049]","[0.349, 0.293, 0.652, 0.011, 0.045, 0.248, 0.001, 0.003, 0.015, 0.03]",2000,0.08740685880184174,-0.1407683401930165,
3,T1,1890,-0.18680510906536835,-0.3931630911342017,-0.6038076509090741,-0.24059393923948505,-0.7792299915405924,0.03295814219180851,-0.1173446718969957,0.49395158886909485,0.15763916075229645,0.10088277608156204,0.6515907645225525,0.8263754844665527,0.9044317603111267,2,10,20,"[0.494, 0.1576, 0.1009, 0.0404, 0.0335, 0.0231, 0.0175, 0.0149, 0.013, 0.0096]","[0.187, 0.393, 0.604, 0.286, 0.035, 0.267, 0.102, 0.086, 0.158, 0.095]",2000,0.06351839005947113,0.11360620348576024,
3,T2,1890,0.5171755781542466,0.48805538787164965,-0.4357892101933951,0.23337941103491577,0.5531440359045235,-0.15100822041113587,0.14033316656831923,0.49038878083229065,0.18658524751663208,0.07722984999418259,0.6769740581512451,0.8489636182785034,0.9450594782829285,3,7,11,"[0.4904, 0.1866, 0.0772, 0.0505, 0.0443, 0.0335, 0.0232, 0.0181, 0.013, 0.0082]","[0.517, 0.488, 0.436, 0.278, 0.271, 0.146, 0.179, 0.103, 0.008, 0.067]",2000,0.11065219342708588,-0.2868670076485134,
3,T3,1890,0.47443525642400824,0.33005787330143943,-0.6366681325771065,0.1757329356119127,0.3259766829067877,-0.10744673196302171,0.04639123856079005,0.4246094822883606,0.20768268406391144,0.09128992259502411,0.6322921514511108,0.7988068461418152,0.8814047574996948,4,13,33,"[0.4246, 0.2077, 0.0913, 0.0432, 0.032, 0.0257, 0.021, 0.0155, 0.0106, 0.0097]","[0.474, 0.33, 0.637, 0.023, 0.131, 0.387, 0.14, 0.066, 0.075, 0.206]",2000,0.10543785244226456,-0.2930422409007358,
3,T4,1890,-0.3706810452357573,0.16770237526333379,-0.7303507001273076,-0.17841777628388122,-0.5730429366406959,0.06858386507816515,-0.07183054650279366,0.42592868208885193,0.18801246583461761,0.08677150309085846,0.6139411330223083,0.7885926961898804,0.8698586821556091,2,15,35,"[0.4259, 0.188, 0.0868, 0.0621, 0.0258, 0.0247, 0.0192, 0.0136, 0.0127, 0.011]","[0.371, 0.168, 0.73, 0.275, 0.081, 0.17, 0.158, 0.016, 0.03, 0.096]",2000,0.09147195518016815,0.2256310859458789,
3,T5,1890,-0.37119605197330463,0.022306025185628985,0.5647124687794957,-0.17174674928323558,-0.6508727263044637,0.048957255296567304,-0.10154748577250898,0.4609900116920471,0.23755662143230438,0.10923270881175995,0.6985466480255127,0.8861573934555054,0.9428529739379883,2,6,12,"[0.461, 0.2376, 0.1092, 0.0543, 0.0241, 0.0162, 0.0123, 0.011, 0.0097, 0.0075]","[0.371, 0.022, 0.565, 0.165, 0.082, 0.241, 0.018, 0.082, 0.024, 0.077]",2000,0.1001572385430336,0.27397823554954986,
3,T6,1890,-0.3354846676036683,-0.002633918248374618,0.6234401556492732,-0.24448560156157145,-0.7416029086208767,0.07066749489791693,-0.13105122479835402,0.36763882637023926,0.2038760483264923,0.09571702778339386,0.5715148448944092,0.7645159959793091,0.8440813422203064,2,19,51,"[0.3676, 0.2039, 0.0957, 0.0664, 0.0309, 0.0257, 0.0164, 0.0141, 0.0121, 0.0112]","[0.335, 0.003, 0.623, 0.291, 0.178, 0.188, 0.116, 0.136, 0.05, 0.044]",2000,0.06475875526666641,0.20728546614498305,
3,T7,1890,-0.31524119764254666,-0.4133713109667248,0.39787583021642575,-0.19258087031528714,-0.6391546272089127,0.012715576618806214,-0.18498620368769417,0.45694226026535034,0.19597822427749634,0.1286541372537613,0.6529204845428467,0.8696971535682678,0.9483610987663269,5,6,11,"[0.4569, 0.196, 0.1287, 0.0477, 0.0404, 0.0337, 0.0161, 0.0113, 0.01, 0.0075]","[0.315, 0.413, 0.398, 0.025, 0.119, 0.006, 0.099, 0.365, 0.056, 0.334]",2000,0.08255013823509216,0.16086660439589898,
3,T8,1890,0.22861924099047853,0.27239582720377575,0.56034725863853,0.22763400956162308,0.7466192333105073,-0.04000145439034616,0.13735105334745468,0.4115832448005676,0.17574696242809296,0.12159625440835953,0.5873302221298218,0.800477147102356,0.8924465775489807,1,11,25,"[0.4116, 0.1757, 0.1216, 0.0542, 0.0373, 0.0291, 0.0206, 0.0172, 0.0138, 0.0111]","[0.229, 0.272, 0.56, 0.166, 0.11, 0.212, 0.091, 0.141, 0.263, 0.158]",2000,0.07200996577739716,-0.13000576218788717,
3,R0,1890,-0.3552155611566648,0.10273005158289293,0.6040746659774905,-0.1348030409258009,-0.632369088306875,0.05593753200628562,-0.169192722270795,0.3829312324523926,0.2216169387102127,0.10406213998794556,0.6045481562614441,0.7876788973808289,0.8685941100120544,3,15,41,"[0.3829, 0.2216, 0.1041, 0.0455, 0.0336, 0.0247, 0.0204, 0.0165, 0.0108, 0.0085]","[0.355, 0.103, 0.604, 0.104, 0.114, 0.175, 0.133, 0.344, 0.024, 0.041]",2000,0.08094958961009979,0.2147929051974868,
3,R1,1890,0.2725477001997037,0.14670991175351344,0.5802444394386781,0.2856397732801114,0.7433071030714877,-0.040401955977969,0.18088219860479687,0.3546329140663147,0.14776718616485596,0.11941249668598175,0.5024001002311707,0.7505114078521729,0.8218081593513489,2,37,226,"[0.3546, 0.1478, 0.1194, 0.0966, 0.0321, 0.0217, 0.0148, 0.0133, 0.0121, 0.0093]","[0.273, 0.147, 0.58, 0.509, 0.158, 0.113, 0.087, 0.271, 0.071, 0.034]",2000,0.08019281178712845,-0.1336844591829653,
3,R2,1890,-0.32418946030899376,-0.38780755893394375,0.4416569122723301,-0.2335560015482577,-0.7289733606228765,0.02189003841112082,-0.1357377848888504,0.33624592423439026,0.14174236357212067,0.10625040531158447,0.4779883027076721,0.6849534511566162,0.7974958419799805,3,33,115,"[0.3362, 0.1417, 0.1063, 0.0629, 0.0378, 0.0366, 0.0237, 0.0208, 0.0185, 0.0131]","[0.324, 0.388, 0.442, 0.272, 0.182, 0.161, 0.209, 0.271, 0.169, 0.264]",2000,0.07750348001718521,0.183421018864497,
3,R3,1890,0.13242967697231375,0.3446138500813352,-0.3804546128837249,-0.17619878617061155,-0.23636310098426397,-0.007629570502532478,-0.04192802652928135,0.9984954595565796,0.00034825122565962374,0.0001802427286747843,0.9988437294960022,0.9992241263389587,0.9994916319847107,3,1,1,"[0.9985, 0.0003, 0.0002, 0.0001, 0.0001, 0.0001, 0.0001, 0.0001, 0.0, 0.0]","[0.132, 0.345, 0.38, 0.171, 0.28, 0.095, 0.434, 0.148, 0.06, 0.129]",2000,-0.01326429471373558,0.11520189519774203,
3,R4,1890,0.1491996912939007,-0.07217859737239421,-0.28576274645198213,-0.07341922765827842,-0.06800017894935749,-0.03429907699031493,-0.057201090679603495,0.9881682991981506,0.0047648088075220585,0.002079382073134184,0.9929330945014954,0.9969287514686584,0.9982697367668152,3,1,1,"[0.9882, 0.0048, 0.0021, 0.0015, 0.0004, 0.0004, 0.0003, 0.0003, 0.0002, 0.0001]","[0.149, 0.072, 0.286, 0.075, 0.097, 0.395, 0.305, 0.402, 0.202, 0.162]",2000,-0.00866098701953888,0.020914727981612202,
3,R5,1890,0.30079147931401323,0.1593485101989278,-0.14535583124523108,0.07493110577452414,0.4346251093262902,-0.04481516098151495,0.05617685198639731,0.7823694944381714,0.09920264035463333,0.05112772807478905,0.8815721273422241,0.9688350558280945,0.9866565465927124,2,3,4,"[0.7824, 0.0992, 0.0511, 0.0259, 0.0103, 0.0082, 0.0051, 0.0018, 0.0015, 0.0012]","[0.301, 0.159, 0.145, 0.066, 0.283, 0.556, 0.011, 0.119, 0.087, 0.032]",2000,0.016489574685692787,-0.039614380490580456,
3,R6,1890,0.06556999476098162,-0.02022485415313693,0.26481708193060943,0.02267715365079189,-0.049655142094686876,0.036262135411366636,-0.04014722063418519,0.4415223002433777,0.30263474583625793,0.10601009428501129,0.744157075881958,0.9536946415901184,0.988041877746582,0,4,5,"[0.4415, 0.3026, 0.106, 0.0752, 0.0284, 0.0142, 0.0073, 0.006, 0.0039, 0.003]","[0.066, 0.02, 0.265, 0.076, 0.115, 0.02, 0.051, 0.029, 0.066, 0.052]",2000,0.020847853273153305,-0.07866783807199904,
3,R7,1890,-0.10246758268559579,-0.10118934431876977,-0.011569702816442809,-0.006036662038106036,-0.574484263584256,0.058477755020569004,0.020792321916271596,0.49028924107551575,0.2216016799211502,0.14904195070266724,0.7118909358978271,0.9306206107139587,0.9858181476593018,0,4,6,"[0.4903, 0.2216, 0.149, 0.0459, 0.0237, 0.0194, 0.0117, 0.0107, 0.0076, 0.0057]","[0.102, 0.101, 0.012, 0.131, 0.016, 0.185, 0.024, 0.024, 0.045, 0.014]",2000,0.06547068804502487,0.11810316955606302,
4,T0,1890,0.3213059880690872,0.4130204742465466,0.6269756691795306,0.18743373600915006,0.7295447963376867,-0.044731763570359254,0.07476066607535531,0.5898578763008118,0.17653386294841766,0.10167010128498077,0.7663917541503906,0.9170839190483093,0.95716392993927,3,4,9,"[0.5899, 0.1765, 0.1017, 0.0333, 0.0158, 0.0115, 0.0108, 0.0084, 0.0051, 0.0043]","[0.321, 0.413, 0.627, 0.047, 0.085, 0.139, 0.13, 0.052, 0.06, 0.024]",2000,0.08300086855888367,-0.17570303210573535,
4,T1,1890,0.1744506907938095,-0.6600089370588581,0.3771331541547974,0.24998507290242036,0.7835875288026123,-0.05150301796953804,0.12280802983398717,0.4372047781944275,0.14117969572544098,0.11791941523551941,0.5783844590187073,0.7760481834411621,0.8606746196746826,2,15,33,"[0.4372, 0.1412, 0.1179, 0.0425, 0.0372, 0.0231, 0.0176, 0.0159, 0.0142, 0.0139]","[0.174, 0.66, 0.377, 0.272, 0.011, 0.193, 0.202, 0.199, 0.008, 0.116]",2000,0.08393915742635727,-0.07713439963688588,
4,T2,1890,-0.5273568416651735,0.4973253200898544,-0.4952029968440121,-0.20028436396399485,-0.4996191843689553,0.18153122840788163,-0.1004729288388226,0.38126808404922485,0.23616904020309448,0.08856344223022461,0.6174371242523193,0.8135313391685486,0.925380289554596,3,8,14,"[0.3813, 0.2362, 0.0886, 0.0629, 0.0446, 0.0351, 0.0282, 0.0234, 0.015, 0.0102]","[0.527, 0.497, 0.495, 0.226, 0.055, 0.194, 0.179, 0.098, 0.022, 0.001]",2000,0.10946827381849289,0.2906724202282992,
4,T3,1890,0.08527613245372839,-0.3600470330785738,-0.7227080996213874,0.08952177874892646,0.5630649588703097,-0.046562937139832054,0.13480920115625417,0.39296332001686096,0.23908966779708862,0.08999373763799667,0.632053017616272,0.8037550449371338,0.8816945552825928,2,13,38,"[0.393, 0.2391, 0.09, 0.0544, 0.0273, 0.0199, 0.0185, 0.0155, 0.0139, 0.0101]","[0.085, 0.36, 0.723, 0.128, 0.049, 0.159, 0.063, 0.101, 0.292, 0.168]",2000,0.06557246297597885,0.0056239823479139845,
4,T4,1890,-0.41818368027987407,-0.2670245086793632,0.6271047530821924,-0.16804273136662656,-0.5506628213203719,0.04826176175789007,-0.10320774169138837,0.32937780022621155,0.18525010347366333,0.0983327254652977,0.5146279335021973,0.7088554501533508,0.8217183351516724,3,20,46,"[0.3294, 0.1853, 0.0983, 0.0495, 0.0464, 0.0354, 0.0255, 0.0204, 0.0172, 0.0144]","[0.418, 0.267, 0.627, 0.474, 0.051, 0.088, 0.099, 0.045, 0.064, 0.02]",2000,0.08291956782341003,0.23100807797179823,
4,T5,1890,-0.3540877071146096,0.09769049439333624,0.586942817577493,-0.1731669496016244,-0.658751536668753,0.06763822646620513,-0.09756449252703009,0.4291566014289856,0.26243093609809875,0.09609849750995636,0.6915875673294067,0.8633773326873779,0.9295623302459717,2,8,14,"[0.4292, 0.2624, 0.0961, 0.051, 0.0247, 0.0195, 0.0152, 0.0118, 0.0108, 0.0089]","[0.354, 0.098, 0.587, 0.132, 0.076, 0.238, 0.06, 0.014, 0.118, 0.015]",2000,0.09097372740507126,0.2586620072833375,
4,T6,1890,-0.407940001407788,-0.11908735526946408,0.6671244950411623,-0.20592220830953498,-0.6998682533909015,0.06115024486909208,-0.1143140495615183,0.4187358319759369,0.14654748141765594,0.08286965638399124,0.5652832984924316,0.7401024699211121,0.8275818824768066,2,22,60,"[0.4187, 0.1465, 0.0829, 0.0573, 0.0347, 0.0224, 0.019, 0.0187, 0.0148, 0.0126]","[0.408, 0.119, 0.667, 0.135, 0.134, 0.033, 0.254, 0.192, 0.093, 0.097]",2000,0.07081727683544159,0.25121509737648956,
4,T7,1890,-0.3112387957971798,0.4959792471343771,0.2695541045806235,-0.18797819589787426,-0.6451390653643339,0.028412421338844574,-0.1713034407900208,0.4811916649341583,0.16822105646133423,0.12854503095149994,0.6494127511978149,0.8627675175666809,0.937846302986145,3,7,12,"[0.4812, 0.1682, 0.1285, 0.0469, 0.0379, 0.029, 0.0168, 0.012, 0.0091, 0.0082]","[0.311, 0.496, 0.27, 0.002, 0.13, 0.048, 0.111, 0.356, 0.217, 0.286]",2000,0.07956250011920929,0.1734936095438718,
4,T8,1890,-0.24079188017949307,0.23234985251874957,-0.5705328187234191,-0.23013292320384826,-0.7420021656184457,0.03204922045747513,-0.16350836376330447,0.4021572768688202,0.16017235815525055,0.11924628913402557,0.5623296499252319,0.7667887210845947,0.866009533405304,1,15,36,"[0.4022, 0.1602, 0.1192, 0.0484, 0.0368, 0.0278, 0.0218, 0.0186, 0.0162, 0.0148]","[0.241, 0.232, 0.571, 0.046, 0.085, 0.164, 0.083, 0.249, 0.135, 0.201]",2000,0.06374013423919678,0.12548332240294896,
4,R0,1890,-0.37419361131180984,-0.04560154530074242,-0.6376871497595102,-0.20620816676740142,-0.7028802253219534,0.05010843470266619,-0.20987587241990743,0.32376453280448914,0.18899956345558167,0.09909575432538986,0.5127640962600708,0.6879331469535828,0.7999690175056458,3,28,80,"[0.3238, 0.189, 0.0991, 0.0413, 0.0348, 0.033, 0.0255, 0.0218, 0.0168, 0.0149]","[0.374, 0.046, 0.638, 0.024, 0.324, 0.008, 0.043, 0.003, 0.036, 0.173]",2000,0.0843467116355896,0.20007620834665266,
4,R1,1890,-0.13509942309511866,0.1676740704172231,-0.6885597571035135,-0.29794291009366397,-0.7870179607212096,0.03972435847552172,-0.1964665411859599,0.356436550617218,0.13834036886692047,0.09295132756233215,0.4947769045829773,0.7006846070289612,0.7844563722610474,1,47,232,"[0.3564, 0.1383, 0.093, 0.0706, 0.0423, 0.021, 0.02, 0.0163, 0.0142, 0.0124]","[0.135, 0.168, 0.689, 0.095, 0.119, 0.181, 0.03, 0.041, 0.027, 0.232]",2000,0.061948347836732864,0.04272018837185344,
4,R2,1890,-0.3082759673390654,-0.2017156630853468,-0.5597444375597049,-0.2508685958997576,-0.7154334329726593,0.05802758530409956,-0.244009115909629,0.30652493238449097,0.125428706407547,0.08496138453483582,0.43195363879203796,0.6180713772773743,0.7453553080558777,3,51,179,"[0.3065, 0.1254, 0.085, 0.0579, 0.0432, 0.0349, 0.0303, 0.0232, 0.0214, 0.0175]","[0.308, 0.202, 0.56, 0.16, 0.342, 0.063, 0.135, 0.247, 0.024, 0.104]",2000,0.06723945587873459,0.1552743052337677,
4,R3,1890,-0.2020053152984662,0.256538450164474,-0.4639259430761684,0.18221241838451277,0.2882784392921565,0.059146515167868126,0.04190193087917362,0.9976155161857605,0.0004607342998497188,0.00026013635215349495,0.9980762600898743,0.9986328482627869,0.9990686178207397,3,1,1,"[0.9976, 0.0005, 0.0003, 0.0002, 0.0001, 0.0001, 0.0001, 0.0001, 0.0001, 0.0001]","[0.202, 0.257, 0.464, 0.448, 0.146, 0.137, 0.005, 0.424, 0.055, 0.106]",2000,-0.01268239226192236,-0.06625873529938639,
4,R4,1890,-0.22240906558339257,0.06285533813653695,-0.360917762816483,0.11727263840256132,0.07723885073825602,0.039918128658958794,0.030591700068338324,0.9836342930793762,0.004579064901918173,0.0031377547420561314,0.9882133603096008,0.9938488602638245,0.9961209297180176,5,1,1,"[0.9836, 0.0046, 0.0031, 0.0015, 0.001, 0.0007, 0.0006, 0.0004, 0.0003, 0.0003]","[0.222, 0.063, 0.361, 0.095, 0.314, 0.32, 0.133, 0.334, 0.237, 0.397]",2000,-0.004991400521248579,0.04888098490664021,
4,R5,1890,0.24511703501628146,0.18101311992503066,-0.09845733584696005,0.05595275328197327,0.3116820764401561,-0.045414707647656975,0.022257905969577222,0.8228235244750977,0.06755124777555466,0.037151310592889786,0.8903747797012329,0.9555076360702515,0.975208044052124,3,3,5,"[0.8228, 0.0676, 0.0372, 0.0214, 0.0066, 0.0059, 0.0045, 0.004, 0.0028, 0.0024]","[0.245, 0.181, 0.098, 0.124, 0.152, 0.371, 0.419, 0.398, 0.033, 0.182]",2000,0.005397484637796879,-0.018646293804870588,
4,R6,1890,0.07006307065486257,0.11036038149022086,0.23755571276120252,0.010174355070610527,-0.011672975463213074,-0.0023912008122343826,-0.04443154790568779,0.4102526307106018,0.24733108282089233,0.15229246020317078,0.6575837135314941,0.908414363861084,0.9600903391838074,0,5,9,"[0.4103, 0.2473, 0.1523, 0.0716, 0.0269, 0.0152, 0.012, 0.0109, 0.0075, 0.006]","[0.07, 0.11, 0.238, 0.153, 0.102, 0.039, 0.063, 0.052, 0.05, 0.032]",2000,0.020545637235045433,-0.07957779833020026,
4,R7,1890,-0.13643239172422125,-0.10764144965773692,0.017161718306334246,0.04533787019944224,-0.47087755848390717,0.0766609016224214,0.0018394013476281707,0.528296947479248,0.1915730983018875,0.11127776652574539,0.7198700308799744,0.9118058085441589,0.9681991338729858,0,5,8,"[0.5283, 0.1916, 0.1113, 0.0448, 0.0359, 0.0233, 0.0103, 0.0085, 0.0075, 0.0069]","[0.136, 0.108, 0.017, 0.199, 0.055, 0.128, 0.071, 0.129, 0.124, 0.03]",2000,0.05808328092098236,0.07717371623486241,
5,T0,1890,0.34770894787822904,0.437148581738141,-0.5985826198984634,0.17442340023184438,0.7131413540645621,-0.04133584968921068,0.06762413074727337,0.5565866827964783,0.18889588117599487,0.10307911038398743,0.7454825639724731,0.9013644456863403,0.9430624842643738,3,5,12,"[0.5566, 0.1889, 0.1031, 0.0353, 0.0176, 0.0119, 0.0115, 0.0087, 0.005, 0.0046]","[0.348, 0.437, 0.599, 0.001, 0.048, 0.073, 0.212, 0.061, 0.067, 0.026]",2000,0.09085581451654434,-0.18947718801415206,
5,T1,1890,-0.1598217492593162,-0.009972351727558375,-0.7242604094857538,-0.25821509416937116,-0.8013813108395754,0.05688199279865681,-0.13763394713645627,0.4291796386241913,0.12756392359733582,0.10840946435928345,0.5567435622215271,0.7387192249298096,0.8375408053398132,1,18,43,"[0.4292, 0.1276, 0.1084, 0.0413, 0.0323, 0.0274, 0.0235, 0.0195, 0.0149, 0.0136]","[0.16, 0.01, 0.724, 0.221, 0.006, 0.057, 0.166, 0.229, 0.097, 0.082]",2000,0.08010614663362503,0.0355905634022082,
5,T2,1890,-0.5670529641776082,0.4488139000414963,-0.546341425544698,-0.19750843573543614,-0.5548026014674806,0.10278555806432448,-0.1241095483767931,0.3489421308040619,0.23291514813899994,0.1017434373497963,0.5818572640419006,0.7893379926681519,0.9084964990615845,3,10,17,"[0.3489, 0.2329, 0.1017, 0.0593, 0.0464, 0.0364, 0.0286, 0.0246, 0.0172, 0.0124]","[0.567, 0.449, 0.546, 0.074, 0.064, 0.026, 0.013, 0.223, 0.077, 0.005]",2000,0.10558528453111649,0.3058510940352479,
5,T3,1890,0.02513133061978013,-0.31952106250820544,-0.7465961178328897,0.07212612655555824,0.47374338387189613,-0.038510790410592764,0.11232363620233356,0.32919931411743164,0.27810603380203247,0.0873098149895668,0.6073053479194641,0.7690988183021545,0.8530139327049255,2,17,60,"[0.3292, 0.2781, 0.0873, 0.0445, 0.0299, 0.022, 0.0187, 0.0172, 0.0144, 0.0115]","[0.025, 0.32, 0.747, 0.043, 0.167, 0.036, 0.099, 0.112, 0.043, 0.091]",2000,0.06218857690691948,0.03425439673253047,
5,T4,1890,-0.2298077222262761,0.197665124426674,-0.47711903998164806,-0.2459576883149567,-0.7066507315806618,0.02756930214929928,0.05421019336607212,0.30145490169525146,0.17359665036201477,0.10916352272033691,0.47505155205726624,0.7031684517860413,0.8162660002708435,2,22,54,"[0.3015, 0.1736, 0.1092, 0.0717, 0.0473, 0.0336, 0.0239, 0.0227, 0.018, 0.0149]","[0.23, 0.198, 0.477, 0.649, 0.182, 0.066, 0.207, 0.043, 0.111, 0.025]",2000,0.07142781466245651,0.17230562720633633,
5,T5,1890,0.32733263548678615,0.22269623661176294,-0.6306886956620767,0.18230711778200367,0.6430529444418726,-0.020505821647251076,0.09516112073982394,0.40218469500541687,0.26647910475730896,0.08257827162742615,0.6686637997627258,0.8327469229698181,0.9109389185905457,2,9,18,"[0.4022, 0.2665, 0.0826, 0.0527, 0.0288, 0.023, 0.0197, 0.0135, 0.012, 0.01]","[0.327, 0.223, 0.631, 0.018, 0.062, 0.173, 0.084, 0.061, 0.128, 0.051]",2000,0.08171747624874115,-0.24158478207146478,
5,T6,1890,-0.3780640703718408,-0.30870895146828153,0.5361762673333715,-0.19816911967643916,-0.7019387493877759,0.03938537469038511,-0.11483148090984845,0.3799973726272583,0.15514786541461945,0.08881168067455292,0.5351452231407166,0.7297245264053345,0.8223982453346252,4,23,63,"[0.38, 0.1551, 0.0888, 0.057, 0.0488, 0.0337, 0.0176, 0.0153, 0.0136, 0.0124]","[0.378, 0.309, 0.536, 0.498, 0.045, 0.039, 0.227, 0.037, 0.005, 0.077]",2000,0.08011870086193085,0.2535613117931077,
5,T7,1890,-0.18958726801841175,0.5441246399924856,-0.19955613512299286,-0.1832503089436214,-0.6585550561640525,0.06546887904805689,-0.10566593239620126,0.49501264095306396,0.1602584421634674,0.12726619839668274,0.655271053314209,0.8653492331504822,0.9348796010017395,2,7,13,"[0.495, 0.1603, 0.1273, 0.0526, 0.0303, 0.0264, 0.0167, 0.0104, 0.0084, 0.0077]","[0.19, 0.544, 0.2, 0.07, 0.05, 0.028, 0.1, 0.391, 0.152, 0.226]",2000,0.07984574884176254,0.1268142337335388,
5,T8,1890,0.23647962753259502,0.2824170135141081,-0.5434124325564557,0.2201209057631623,0.7348237898423821,-0.03420054382411822,0.14196039759676882,0.43948283791542053,0.1420007199048996,0.10651591420173645,0.5814835429191589,0.767349362373352,0.8702816367149353,2,14,37,"[0.4395, 0.142, 0.1065, 0.0452, 0.0342, 0.0276, 0.0237, 0.0212, 0.0155, 0.0149]","[0.236, 0.282, 0.543, 0.018, 0.084, 0.032, 0.111, 0.096, 0.349, 0.107]",2000,0.06573283672332764,-0.14406180112753605,
5,R0,1890,0.30066035497252513,0.13393438801338362,0.6554181526793151,0.24130381197919767,0.7516870596815778,-0.02401839638951427,0.17561004415118403,0.31735530495643616,0.17340274155139923,0.09454560279846191,0.4907580614089966,0.6754618883132935,0.7844434976577759,2,34,114,"[0.3174, 0.1734, 0.0945, 0.0459, 0.0442, 0.033, 0.0235, 0.0204, 0.0163, 0.0158]","[0.301, 0.134, 0.655, 0.152, 0.131, 0.038, 0.187, 0.099, 0.028, 0.17]",2000,0.07305152714252472,-0.166679645482864,
5,R1,1890,-0.29645370151017164,-0.5173508082164922,-0.5047359631228623,-0.27297101460502,-0.7346362955510295,0.03498932366330828,-0.19561187538075625,0.3276769518852234,0.11940687149763107,0.11475524306297302,0.44708383083343506,0.6585200428962708,0.7556514739990234,3,62,265,"[0.3277, 0.1194, 0.1148, 0.0605, 0.0362, 0.0246, 0.0235, 0.0187, 0.0156, 0.0147]","[0.296, 0.517, 0.505, 0.037, 0.145, 0.05, 0.013, 0.045, 0.08, 0.311]",2000,0.07488492131233215,0.12431714702499046,
5,R2,1890,-0.3160592554564595,-0.2732213183944847,-0.4723996650092164,-0.27685547452285564,-0.7502312260996358,0.043283761237648,-0.20909912108711487,0.2835860252380371,0.11654382944107056,0.08918693661689758,0.40012985467910767,0.5846289396286011,0.7122440934181213,3,72,246,"[0.2836, 0.1165, 0.0892, 0.0537, 0.0416, 0.0349, 0.0305, 0.0246, 0.0211, 0.0165]","[0.316, 0.273, 0.472, 0.235, 0.361, 0.136, 0.228, 0.023, 0.125, 0.166]",2000,0.0732407495379448,0.16500628169428716,
5,R3,1890,-0.1973479065606174,0.14336102850114846,-0.45560566251123163,0.1871560440544534,0.2450964346391268,0.054774448255483506,0.07358616039010034,0.9977933764457703,0.000465201010229066,0.0002615958801470697,0.9982585906982422,0.9988089799880981,0.9992103576660156,4,1,1,"[0.9978, 0.0005, 0.0003, 0.0001, 0.0001, 0.0001, 0.0001, 0.0001, 0.0001, 0.0001]","[0.197, 0.143, 0.456, 0.01, 0.418, 0.432, 0.325, 0.014, 0.115, 0.076]",2000,-0.012491796165704727,-0.03492081106592379,
5,R4,1890,0.15368014830015955,-0.011277248666054932,0.20050555929217542,-0.12502316335338598,0.028992586784115208,-0.06627335429955626,-0.0024442129039779544,0.9866414666175842,0.005352141335606575,0.0018828685861080885,0.9919936060905457,0.9957228302955627,0.9973644018173218,2,1,1,"[0.9866, 0.0054, 0.0019, 0.0013, 0.0006, 0.0005, 0.0004, 0.0003, 0.0002, 0.0002]","[0.154, 0.011, 0.201, 0.253, 0.356, 0.215, 0.246, 0.281, 0.089, 0.41]",2000,-0.009034289978444576,0.02186699872116114,
5,R5,1890,-0.29356741785597734,0.2161604073302187,0.0798243854952676,-0.031082748828706607,-0.40475975491080235,0.0506190763476631,-0.04447535609618794,0.7115780115127563,0.12719997763633728,0.03547307476401329,0.838778018951416,0.9194213151931763,0.958408534526825,2,5,9,"[0.7116, 0.1272, 0.0355, 0.0247, 0.0205, 0.0124, 0.0101, 0.0075, 0.0047, 0.0043]","[0.294, 0.216, 0.08, 0.114, 0.084, 0.014, 0.174, 0.333, 0.303, 0.116]",2000,0.015242387540638447,0.02971725468227101,
5,R6,1890,0.08199912227843345,0.04255988521036103,0.2545070324879567,0.009020947787657128,-0.003948057825762411,0.007301292448138499,-0.03318876926476533,0.46710044145584106,0.25995805859565735,0.10067453235387802,0.7270585298538208,0.9302066564559937,0.963513970375061,0,4,8,"[0.4671, 0.26, 0.1007, 0.0752, 0.0273, 0.0096, 0.0076, 0.0069, 0.0053, 0.0039]","[0.082, 0.043, 0.255, 0.017, 0.126, 0.045, 0.054, 0.022, 0.089, 0.028]",2000,0.020201949402689934,-0.08492186784657998,
5,R7,1890,0.08880280732162531,-0.06925736777514852,0.01215128095539279,-0.021934276293422483,0.48474892427360056,-0.05477726603716004,0.003947388484206669,0.5577958226203918,0.18427133560180664,0.09909224510192871,0.7420671582221985,0.9148330092430115,0.9673269391059875,0,5,8,"[0.5578, 0.1843, 0.0991, 0.0385, 0.0351, 0.0239, 0.0088, 0.0078, 0.0066, 0.0053]","[0.089, 0.069, 0.012, 0.162, 0.042, 0.158, 0.004, 0.105, 0.128, 0.207]",2000,0.05301882326602936,-0.08129251937772176,
6,T0,1890,0.32255440811366487,0.5010382303869748,-0.5652242278483187,0.17269615281553757,0.7121537285426219,-0.04652873344939967,0.06825488882451776,0.5016579031944275,0.23432724177837372,0.09490035474300385,0.7359851598739624,0.8827176690101624,0.9269232153892517,3,7,19,"[0.5017, 0.2343, 0.0949, 0.0351, 0.0167, 0.0135, 0.0109, 0.0091, 0.0055, 0.0052]","[0.323, 0.501, 0.565, 0.013, 0.016, 0.11, 0.177, 0.092, 0.106, 0.004]",2000,0.10010551661252975,-0.16793959840286102,
6,T1,1890,-0.18279622749916755,0.006121870936904326,-0.7326252727612678,-0.2516565587936791,-0.7931588268680441,0.05578024374682608,-0.13630742561686074,0.39067935943603516,0.1477489173412323,0.1020377054810524,0.5384283065795898,0.7132337093353271,0.8184111714363098,1,22,55,"[0.3907, 0.1477, 0.102, 0.039, 0.0338, 0.0294, 0.0242, 0.0216, 0.0167, 0.0133]","[0.183, 0.006, 0.733, 0.117, 0.046, 0.009, 0.298, 0.124, 0.017, 0.004]",2000,0.08208804577589035,0.0704551362416449,
6,T2,1890,-0.5460903955845775,0.43927453631173574,0.5597388509451975,-0.192743840350709,-0.5688470184198992,0.11522680684682013,-0.11918579856319934,0.3456191420555115,0.21863743662834167,0.08998694270849228,0.5642565488815308,0.787244975566864,0.9025010466575623,3,10,19,"[0.3456, 0.2186, 0.09, 0.0806, 0.0524, 0.0342, 0.0288, 0.0223, 0.0174, 0.0126]","[0.546, 0.439, 0.56, 0.03, 0.149, 0.018, 0.054, 0.219, 0.063, 0.024]",2000,0.09675755351781845,0.2872980462708206,
6,T3,1890,0.32209252076891753,0.21747753863084796,-0.11983755168414498,0.0073355857012567674,-0.03353730358972821,0.2748001475115225,-0.03202696297829075,0.2875051498413086,0.2079717218875885,0.18560932576656342,0.4954768717288971,0.7966639995574951,0.8678650856018066,2,15,48,"[0.2875, 0.208, 0.1856, 0.0706, 0.045, 0.0207, 0.0162, 0.0123, 0.0122, 0.0098]","[0.322, 0.217, 0.12, 0.763, 0.083, 0.156, 0.043, 0.101, 0.053, 0.181]",2000,0.04280221462249756,-0.2793100237137018,
6,T4,1890,-0.19988490137725226,0.2198581032435856,-0.3826033347129675,-0.2814102107578686,-0.7699218018465502,0.02947712643084025,0.023702959663896076,0.28971824049949646,0.17405752837657928,0.11177697032690048,0.46377575397491455,0.6876697540283203,0.7978559136390686,2,27,74,"[0.2897, 0.1741, 0.1118, 0.0678, 0.0443, 0.032, 0.0242, 0.0198, 0.0187, 0.0155]","[0.2, 0.22, 0.383, 0.715, 0.183, 0.079, 0.184, 0.005, 0.101, 0.016]",2000,0.06692768633365631,0.10025854269836147,
6,T5,1890,-0.3344870504929992,0.2544290736195349,0.6312619652730723,-0.18385125292303026,-0.6255150313258679,0.006951351155653498,-0.10438085673199511,0.3787728250026703,0.2482985556125641,0.0847613513469696,0.6270713806152344,0.8065187931060791,0.8950045704841614,3,11,23,"[0.3788, 0.2483, 0.0848, 0.0571, 0.0376, 0.0258, 0.0199, 0.0179, 0.0129, 0.012]","[0.334, 0.254, 0.631, 0.302, 0.069, 0.031, 0.07, 0.084, 0.122, 0.047]",2000,0.0877234935760498,0.2412460487940336,
6,T6,1890,0.38466003148626965,-0.25356810732590485,0.5070697047956783,0.1987467839316163,0.7043525179632418,-0.02623581030672578,0.09486689568678593,0.35462915897369385,0.14782394468784332,0.0945669636130333,0.502453088760376,0.6983130574226379,0.7979714274406433,3,30,93,"[0.3546, 0.1478, 0.0946, 0.0547, 0.0466, 0.032, 0.0201, 0.017, 0.016, 0.0145]","[0.385, 0.254, 0.507, 0.498, 0.218, 0.032, 0.107, 0.144, 0.039, 0.091]",2000,0.07535059750080109,-0.26293676885830813,
6,T7,1890,-0.15011254962697096,0.5021602255678224,-0.32498620309430754,-0.17774905141814204,-0.6413556843617604,0.07917033392848746,-0.10152631313578082,0.5611447691917419,0.12839441001415253,0.11215628683567047,0.6895391941070557,0.8775261640548706,0.9360491633415222,2,7,14,"[0.5611, 0.1284, 0.1122, 0.051, 0.0249, 0.0218, 0.0136, 0.0089, 0.008, 0.0062]","[0.15, 0.502, 0.325, 0.127, 0.04, 0.024, 0.128, 0.291, 0.207, 0.264]",2000,0.07316672056913376,0.11457685909711642,
6,T8,1890,-0.23969710172014094,0.2342214600793591,-0.5546373050371846,-0.2168648616142234,-0.7117713901125767,0.018266392448630375,-0.1268362235537403,0.4401159882545471,0.135377436876297,0.10964304953813553,0.5754934549331665,0.7611228227615356,0.860727846622467,2,16,46,"[0.4401, 0.1354, 0.1096, 0.0446, 0.0314, 0.0285, 0.0233, 0.0191, 0.0145, 0.0142]","[0.24, 0.234, 0.555, 0.032, 0.041, 0.016, 0.101, 0.055, 0.116, 0.38]",2000,0.0646982416510582,0.14091970973596762,
6,R0,1890,0.30823745103052325,-0.016797692731897004,-0.6105627086578896,0.25839621377575434,0.7587064510241809,0.009324085379891009,0.1765795675945573,0.34951692819595337,0.13976624608039856,0.0912720337510109,0.48928317427635193,0.6688773036003113,0.7688801288604736,2,42,147,"[0.3495, 0.1398, 0.0913, 0.0504, 0.0379, 0.0291, 0.0211, 0.0184, 0.0162, 0.0151]","[0.308, 0.017, 0.611, 0.107, 0.167, 0.242, 0.137, 0.148, 0.045, 0.079]",2000,0.07153106480836868,-0.1751696207700685,
6,R1,1890,-0.28112725862876,-0.5638842513694379,0.4524239854712794,-0.2949896457550309,-0.766577295345437,0.022711715665048076,-0.16760739292606744,0.3970414400100708,0.09949193149805069,0.09010692685842514,0.4965333640575409,0.6698697805404663,0.7712450623512268,2,58,233,"[0.397, 0.0995, 0.0901, 0.0457, 0.0375, 0.0297, 0.0269, 0.0167, 0.0149, 0.0132]","[0.281, 0.564, 0.452, 0.236, 0.066, 0.213, 0.036, 0.03, 0.071, 0.012]",2000,0.06948778033256531,0.14641283579464212,
6,R2,1890,0.29508243274254375,-0.1555459320528525,-0.49903410209652194,0.29864046828605045,0.7601687710627921,-0.0390038395114422,0.17243311824688803,0.284824013710022,0.10673289746046066,0.08963593095541,0.39155691862106323,0.570541501045227,0.6903117299079895,2,92,296,"[0.2848, 0.1067, 0.0896, 0.0502, 0.0391, 0.0348, 0.0263, 0.0217, 0.0206, 0.0164]","[0.295, 0.156, 0.499, 0.101, 0.195, 0.471, 0.089, 0.076, 0.059, 0.019]",2000,0.07627136260271072,-0.18112956053135998,
6,R3,1890,-0.11860277630989367,0.20670015619791068,-0.4160206663713876,0.178848306080888,0.2416987855227758,0.046028120553166775,0.1181145598671308,0.9977386593818665,0.0004511302395258099,0.00025901838671416044,0.9981898069381714,0.9987635612487793,0.9991799592971802,2,1,1,"[0.9977, 0.0005, 0.0003, 0.0002, 0.0001, 0.0001, 0.0001, 0.0001, 0.0001, 0.0001]","[0.119, 0.207, 0.416, 0.142, 0.002, 0.255, 0.504, 0.069, 0.235, 0.027]",2000,-0.011509292759001255,-0.07317955198423653,
6,R4,1890,0.11969038221966977,-0.04457484396378674,0.3146472083112776,-0.13513954578107376,-0.035213747243820086,0.01492220772121802,-0.08679352922345487,0.9873717427253723,0.004284960683435202,0.0017223857576027513,0.9916567206382751,0.9953292012214661,0.9969231486320496,3,1,1,"[0.9874, 0.0043, 0.0017, 0.0013, 0.0006, 0.0005, 0.0004, 0.0003, 0.0002, 0.0002]","[0.12, 0.045, 0.315, 0.043, 0.359, 0.175, 0.409, 0.236, 0.017, 0.081]",2000,-0.008328731171786785,0.01600913932261042,
6,R5,1890,0.27018632683195776,-0.23884701218658072,0.07732000633452212,0.02485465449408348,0.31954342214285264,-0.030867171878311693,0.045596624564120086,0.72006756067276,0.10038910806179047,0.026506708934903145,0.8204566836357117,0.8876108527183533,0.9395528435707092,1,6,13,"[0.7201, 0.1004, 0.0265, 0.023, 0.0176, 0.0156, 0.0113, 0.0098, 0.009, 0.0062]","[0.27, 0.239, 0.077, 0.502, 0.086, 0.013, 0.101, 0.098, 0.268, 0.022]",2000,0.021848656237125397,-0.01600983529279076,
6,R6,1890,0.05892934949165316,0.05672958421910533,0.2371440277931952,0.009239329181431027,0.001648980680304886,0.007859047392569346,-0.03775331744326652,0.4698578119277954,0.25447797775268555,0.09397879987955093,0.724335789680481,0.9132712483406067,0.9615718126296997,0,5,8,"[0.4699, 0.2545, 0.094, 0.0623, 0.0327, 0.0182, 0.01, 0.0091, 0.0065, 0.0045]","[0.059, 0.057, 0.237, 0.001, 0.041, 0.07, 0.05, 0.04, 0.023, 0.046]",2000,0.021308962255716324,-0.06839429468252897,
6,R7,1890,-0.05198417538793294,-0.04567618514145371,0.0026282880093076396,0.050476955982200346,-0.4476366174551918,0.06303245224244758,0.04135452981645941,0.60671466588974,0.1860283464193344,0.08827047049999237,0.7927430272102356,0.9357048869132996,0.9758231043815613,0,4,7,"[0.6067, 0.186, 0.0883, 0.0381, 0.0166, 0.0124, 0.0099, 0.0067, 0.0058, 0.0053]","[0.052, 0.046, 0.003, 0.112, 0.127, 0.101, 0.151, 0.098, 0.048, 0.056]",2000,0.05244360491633415,0.09929754496291496,
7,T0,1890,-0.3384465306581211,-0.5012408041450558,-0.5581609798107419,-0.16892022023769912,-0.7021737017400622,0.043516586266705085,-0.06515230279338897,0.49501609802246094,0.21890109777450562,0.0985061302781105,0.7139171957969666,0.8657627105712891,0.9128212928771973,3,8,26,"[0.495, 0.2189, 0.0985, 0.0362, 0.0172, 0.0149, 0.0113, 0.0094, 0.006, 0.0055]","[0.338, 0.501, 0.558, 0.0, 0.011, 0.073, 0.198, 0.084, 0.087, 0.039]",2000,0.09981036186218262,0.1763136147789882,
7,T1,1890,-0.22417187151435344,0.04289923976841921,-0.17122501429878031,-0.2571940219607967,-0.785982396414897,0.04862202053403424,-0.11880969300194255,0.30432477593421936,0.125776007771492,0.1196313351392746,0.43010079860687256,0.6694357395172119,0.7880499958992004,1,25,62,"[0.3043, 0.1258, 0.1196, 0.0881, 0.0317, 0.0283, 0.0279, 0.0244, 0.0197, 0.0183]","[0.224, 0.043, 0.171, 0.769, 0.173, 0.01, 0.166, 0.226, 0.117, 0.116]",2000,0.06742255389690399,0.09375565235316634,
7,T2,1890,-0.5635693712741371,0.39675189757221696,0.5528817510695371,-0.18086181567744883,-0.5865650623801287,0.0950325188293082,-0.12775159920527812,0.33957839012145996,0.21637451648712158,0.09254147857427597,0.5559529066085815,0.7821638584136963,0.8974891901016235,3,11,20,"[0.3396, 0.2164, 0.0925, 0.0783, 0.0554, 0.033, 0.0291, 0.023, 0.0178, 0.0125]","[0.564, 0.397, 0.553, 0.156, 0.172, 0.066, 0.055, 0.223, 0.073, 0.008]",2000,0.09470827877521515,0.30683291781384037,
7,T3,1890,0.21001982314182963,-0.21221046842337749,-0.037371218386134095,0.11055495937042635,0.4750284458765157,0.25083232449490445,0.04264264780672211,0.3886391520500183,0.1835893839597702,0.14528506994247437,0.5722285509109497,0.8136844038963318,0.874152660369873,1,14,53,"[0.3886, 0.1836, 0.1453, 0.0594, 0.0367, 0.0171, 0.0127, 0.0117, 0.0101, 0.0088]","[0.21, 0.212, 0.037, 0.787, 0.02, 0.086, 0.084, 0.154, 0.017, 0.002]",2000,0.03305814787745476,-0.2102195088997856,
7,T4,1890,-0.22469770721891028,-0.21715303244836837,-0.37499780129853866,-0.2857637973007331,-0.8024457236353261,0.020179202734655437,-0.019620761808296885,0.2957698702812195,0.16113771498203278,0.11252391338348389,0.45690757036209106,0.6808899641036987,0.7984545230865479,2,31,103,"[0.2958, 0.1611, 0.1125, 0.0651, 0.0464, 0.0419, 0.0229, 0.0198, 0.0185, 0.0145]","[0.225, 0.217, 0.375, 0.683, 0.262, 0.158, 0.123, 0.075, 0.023, 0.001]",2000,0.060178931802511215,0.12204241985836614,
7,T5,1890,0.33155532369877777,-0.26121139189777026,0.6212880964791997,0.18110888930057933,0.6169059388980082,-0.019437098450394028,0.09757132738323393,0.3649641275405884,0.24672521650791168,0.08487553894519806,0.6116893291473389,0.7927510738372803,0.8825420141220093,3,12,31,"[0.365, 0.2467, 0.0849, 0.0577, 0.0385, 0.0255, 0.0201, 0.0185, 0.0136, 0.0122]","[0.332, 0.261, 0.621, 0.327, 0.055, 0.022, 0.082, 0.078, 0.149, 0.036]",2000,0.08738337457180023,-0.24648250218940998,
7,T6,1890,-0.3688053468265392,-0.14793057952160618,0.6588357380661106,-0.23649625231121504,-0.7329116235663903,0.030950105753816883,-0.10312246846422991,0.365963339805603,0.18533499538898468,0.07850603014230728,0.5512983202934265,0.7196387648582458,0.8165643811225891,2,27,88,"[0.366, 0.1853, 0.0785, 0.0486, 0.0412, 0.0284, 0.0239, 0.0162, 0.0152, 0.0132]","[0.369, 0.148, 0.659, 0.299, 0.162, 0.121, 0.009, 0.128, 0.073, 0.108]",2000,0.07133331149816513,0.24425169405641814,
7,T7,1890,0.16582300720283955,0.37609640598182215,0.4486311264916457,0.18607850094866826,0.6604590952305747,-0.07342733364748324,0.11432054716113342,0.5703226923942566,0.13017818331718445,0.09961964190006256,0.7005008459091187,0.8738532066345215,0.9316263794898987,3,7,15,"[0.5703, 0.1302, 0.0996, 0.0497, 0.024, 0.0207, 0.0142, 0.0091, 0.0076, 0.0061]","[0.166, 0.376, 0.449, 0.161, 0.066, 0.027, 0.081, 0.321, 0.182, 0.037]",2000,0.06976041942834854,-0.11838357001891332,
7,T8,1890,-0.2587546233072397,0.26845495531449715,-0.5538895794431739,-0.21347482914804422,-0.6909402905571438,0.029940370457250037,-0.11816172323232492,0.4379996657371521,0.1427571326494217,0.0976693406701088,0.5807567834854126,0.7584317922592163,0.849175214767456,1,18,59,"[0.438, 0.1428, 0.0977, 0.0459, 0.0341, 0.0242, 0.0211, 0.0179, 0.0146, 0.0129]","[0.259, 0.268, 0.554, 0.005, 0.014, 0.059, 0.052, 0.064, 0.023, 0.263]",2000,0.06755869090557098,0.14997222961085974,
7,R0,1890,0.3155901943990236,-0.10553570636756449,-0.6034594537428996,0.2506557137129315,0.7521025304587565,0.01637758038798275,0.13345580360295545,0.39178231358528137,0.14280655980110168,0.07428603619337082,0.5345888733863831,0.6930828094482422,0.7855852842330933,2,41,150,"[0.3918, 0.1428, 0.0743, 0.048, 0.0362, 0.0303, 0.0191, 0.0159, 0.015, 0.0122]","[0.316, 0.106, 0.603, 0.182, 0.241, 0.08, 0.192, 0.048, 0.179, 0.066]",2000,0.06545357406139374,-0.19984936185714347,
7,R1,1890,-0.3113910631774772,-0.30803261913603636,-0.6494915629393423,-0.2928730719097018,-0.7628785360801613,0.020844416270314164,-0.1663359142595639,0.349963903427124,0.12417035549879074,0.09715807437896729,0.47413426637649536,0.6475837230682373,0.7476725578308105,3,79,270,"[0.35, 0.1242, 0.0972, 0.0419, 0.0344, 0.0294, 0.024, 0.0164, 0.0159, 0.0144]","[0.311, 0.308, 0.649, 0.238, 0.032, 0.23, 0.115, 0.069, 0.151, 0.267]",2000,0.08676180243492126,0.19313448455190999,
7,R2,1890,-0.301115503979548,0.08913323701715609,-0.5396229936876833,-0.29013106275097394,-0.7615789635304954,0.025642967270533744,-0.17476349098433602,0.36820846796035767,0.10047503560781479,0.07698306441307068,0.46868351101875305,0.6262731552124023,0.7216756939888,4,88,290,"[0.3682, 0.1005, 0.077, 0.0451, 0.0355, 0.0308, 0.0182, 0.0169, 0.0161, 0.0134]","[0.301, 0.089, 0.54, 0.308, 0.455, 0.117, 0.046, 0.06, 0.12, 0.063]",2000,0.07371723651885986,0.22018667431053884,
7,R3,1890,0.1295101856301321,0.21700453622842253,-0.37949060872468415,-0.14750878973867596,-0.13681371299648742,-0.06554762787463445,-0.06146153633930487,0.9977206587791443,0.000468595972051844,0.0002639802696648985,0.9981892704963684,0.9987360239028931,0.9991417527198792,3,1,1,"[0.9977, 0.0005, 0.0003, 0.0002, 0.0001, 0.0001, 0.0001, 0.0001, 0.0001, 0.0001]","[0.13, 0.217, 0.379, 0.148, 0.114, 0.35, 0.519, 0.204, 0.076, 0.117]",2000,-0.011854053474962711,0.06691263506265929,
7,R4,1890,0.17329409800710474,-0.06180485696316778,-0.2488685205560485,-0.07850599460433597,-0.026195296406342418,-0.023514593459875326,-0.020514838661692084,0.9891613125801086,0.0029867568518966436,0.001943244249559939,0.9921480417251587,0.9956040382385254,0.9971048831939697,3,1,1,"[0.9892, 0.003, 0.0019, 0.0009, 0.0006, 0.0004, 0.0003, 0.0003, 0.0003, 0.0002]","[0.173, 0.062, 0.249, 0.007, 0.344, 0.333, 0.006, 0.571, 0.102, 0.052]",2000,-0.008346710354089737,0.06284604215326627,
7,R5,1890,-0.16140411012616257,-0.25331558044371916,0.1815896928993333,0.008077019754275761,-0.2201045618702524,0.043157763410359935,-0.03728357804404561,0.8271104693412781,0.06068882346153259,0.01567789539694786,0.8877992630004883,0.9265485405921936,0.9590230584144592,3,3,8,"[0.8271, 0.0607, 0.0157, 0.0126, 0.0105, 0.0097, 0.0083, 0.0056, 0.005, 0.0039]","[0.161, 0.253, 0.182, 0.57, 0.141, 0.15, 0.174, 0.471, 0.049, 0.321]",2000,0.01638418808579445,-0.00841869913880588,
7,R6,1890,0.050956223628197655,0.05143611913352979,-0.25688047472363307,-0.006374820439262719,-0.0038057011172017395,0.010142425368648294,-0.06318316211255294,0.4650830030441284,0.2671724557876587,0.09318054467439651,0.7322554588317871,0.9161829948425293,0.9586912393569946,0,5,9,"[0.4651, 0.2672, 0.0932, 0.0589, 0.0318, 0.017, 0.0079, 0.0073, 0.0057, 0.0046]","[0.051, 0.051, 0.257, 0.063, 0.059, 0.052, 0.059, 0.074, 0.012, 0.02]",2000,0.020770899951457977,-0.06768296148042144,
7,R7,1890,-0.07070821823996885,-0.049094094593368075,-0.035635053508911246,0.055503288596744124,-0.462014490092666,0.059642398294742424,0.04712882952565177,0.5753352642059326,0.18823520839214325,0.09006718546152115,0.7635704874992371,0.9166141152381897,0.9707172513008118,0,5,8,"[0.5753, 0.1882, 0.0901, 0.0446, 0.0183, 0.0145, 0.0127, 0.0111, 0.0093, 0.0066]","[0.071, 0.049, 0.036, 0.174, 0.013, 0.152, 0.024, 0.16, 0.088, 0.089]",2000,0.050911661237478256,0.11353429646535661,
8,T0,1890,0.33974864363247265,-0.5243141372562554,-0.5449849946519855,0.18691147258761093,0.7259842043247807,-0.04435509232368268,0.07353429815362818,0.5481074452400208,0.1873077005147934,0.08395823836326599,0.7354151606559753,0.8705878853797913,0.912115752696991,3,8,28,"[0.5481, 0.1873, 0.084, 0.033, 0.0182, 0.0127, 0.01, 0.0084, 0.0054, 0.005]","[0.34, 0.524, 0.545, 0.009, 0.045, 0.094, 0.205, 0.122, 0.067, 0.072]",2000,0.09844756871461868,-0.13890901616543333,
8,T1,1890,-0.23051858254062685,0.022309658052992374,-0.21319517835706195,-0.2612643583722256,-0.7802151853720505,0.04431191910303654,-0.13232534772701762,0.2843201458454132,0.15422506630420685,0.1013498604297638,0.43854522705078125,0.6543606519699097,0.7766768932342529,1,29,75,"[0.2843, 0.1542, 0.1013, 0.0702, 0.0442, 0.03, 0.0288, 0.0246, 0.0235, 0.0155]","[0.231, 0.022, 0.213, 0.782, 0.025, 0.149, 0.194, 0.22, 0.024, 0.112]",2000,0.057091131806373596,0.13348148812537222,
8,T2,1890,-0.5494056137137244,-0.39614660502855154,0.5506953747056573,-0.18862906944177116,-0.5882138482011946,0.10361026781267478,-0.12372606017226799,0.3347615599632263,0.2126721441745758,0.09274590760469437,0.5474337339401245,0.7791741490364075,0.8924735188484192,3,11,22,"[0.3348, 0.2127, 0.0927, 0.0824, 0.0566, 0.0306, 0.0291, 0.0232, 0.0179, 0.0125]","[0.549, 0.396, 0.551, 0.171, 0.205, 0.087, 0.094, 0.238, 0.072, 0.011]",2000,0.09163960069417953,0.28751300083181397,
8,T3,1890,0.1649906730887189,0.26175886498445183,-0.05700869056451737,0.1346117048473113,0.5117917341669893,0.23598207378467262,0.04697990026811319,0.3480531573295593,0.236199751496315,0.13134163618087769,0.5842528939247131,0.8111124038696289,0.8695132732391357,1,16,64,"[0.3481, 0.2362, 0.1313, 0.0591, 0.0364, 0.0155, 0.0125, 0.0118, 0.0098, 0.0088]","[0.165, 0.262, 0.057, 0.792, 0.097, 0.098, 0.029, 0.131, 0.1, 0.026]",2000,0.03210211172699928,-0.1994600719215929,
8,T4,1890,0.19935724194184481,0.20364500695150753,0.19846596289923626,0.2509844523174186,0.7742665919348675,-0.009533249265692621,0.024706158132969232,0.39982038736343384,0.14124763011932373,0.08777013421058655,0.5410680174827576,0.7297819256782532,0.8307281732559204,3,25,85,"[0.3998, 0.1412, 0.0878, 0.0626, 0.0383, 0.0355, 0.0247, 0.0155, 0.0144, 0.0109]","[0.199, 0.204, 0.198, 0.552, 0.53, 0.418, 0.173, 0.003, 0.024, 0.005]",2000,0.054831407964229584,-0.16958798568418643,
8,T5,1890,0.3430235651328009,-0.25432589352364166,-0.6136187083954046,0.19698985273602793,0.6357512069895006,-0.018984944368981845,0.11602639772866216,0.3675631582736969,0.24316760897636414,0.08134635537862778,0.610730767250061,0.7877257466316223,0.8758952617645264,3,13,38,"[0.3676, 0.2432, 0.0813, 0.0581, 0.0375, 0.0264, 0.0195, 0.0176, 0.0129, 0.0118]","[0.343, 0.254, 0.614, 0.334, 0.03, 0.011, 0.089, 0.105, 0.158, 0.038]",2000,0.08738967031240463,-0.24829284070309351,
8,T6,1890,0.324059330918837,-0.19964804868610378,0.6851212309001906,0.26733416836584367,0.7827882572728163,-0.013160996285970042,0.09599782247958556,0.42756956815719604,0.1673848181962967,0.06754118949174881,0.5949543714523315,0.7402219176292419,0.8228752017021179,2,28,97,"[0.4276, 0.1674, 0.0675, 0.0414, 0.0364, 0.0231, 0.0211, 0.0141, 0.0133, 0.0111]","[0.324, 0.2, 0.685, 0.226, 0.213, 0.141, 0.056, 0.068, 0.084, 0.126]",2000,0.06739456206560135,-0.21954248562750872,
8,T7,1890,0.17713638212490396,0.38743652369806364,-0.4370265129040294,0.18472760388873,0.6558206932434961,-0.0725568126904468,0.1161480590539429,0.5566307306289673,0.13590382039546967,0.10035248100757599,0.6925345659255981,0.8658532500267029,0.9249095320701599,3,7,17,"[0.5566, 0.1359, 0.1004, 0.0492, 0.0237, 0.0208, 0.0149, 0.0094, 0.0078, 0.0062]","[0.177, 0.387, 0.437, 0.164, 0.043, 0.024, 0.083, 0.327, 0.204, 0.026]",2000,0.07056459784507751,-0.12355239435432405,
8,T8,1890,-0.27676796914343527,0.24385954974845814,-0.5742629001813371,-0.21973621511260272,-0.6960240326980668,0.030799670306618364,-0.12996666672641144,0.4149712324142456,0.13782858848571777,0.09297537058591843,0.5527998208999634,0.7296682000160217,0.8242950439453125,1,25,102,"[0.415, 0.1378, 0.093, 0.0459, 0.038, 0.0266, 0.0205, 0.0189, 0.0149, 0.0138]","[0.277, 0.244, 0.574, 0.005, 0.061, 0.078, 0.074, 0.03, 0.039, 0.012]",2000,0.06699559092521667,0.16055386561736704,
8,R0,1890,-0.3229575699509631,0.11728695417079144,-0.6387480251519032,-0.26282228914768696,-0.7433649347157415,-0.018097075425851015,-0.14069528817497237,0.4260631799697876,0.12137487530708313,0.06374939531087875,0.5474380254745483,0.6894277930259705,0.776291012763977,2,47,166,"[0.4261, 0.1214, 0.0637, 0.0435, 0.0348, 0.027, 0.0204, 0.015, 0.0128, 0.0117]","[0.323, 0.117, 0.639, 0.224, 0.19, 0.011, 0.223, 0.085, 0.143, 0.043]",2000,0.06316892057657242,0.19027105677481893,
8,R1,1890,-0.3392413799254908,-0.40446841531532407,-0.5587580386899312,-0.2831039433811746,-0.7425891904569402,0.024329260055636893,-0.17126033923796935,0.34815484285354614,0.105815589427948,0.08891339600086212,0.45397043228149414,0.6259268522262573,0.7308313846588135,5,95,296,"[0.3482, 0.1058, 0.0889, 0.0445, 0.0385, 0.0275, 0.0247, 0.0224, 0.017, 0.0134]","[0.339, 0.404, 0.559, 0.147, 0.331, 0.133, 0.106, 0.008, 0.137, 0.318]",2000,0.08527307212352753,0.19739759076156635,
8,R2,1890,0.29410104708362,0.23687881005796835,-0.5625651136875809,0.2829172354641091,0.7505749542598584,-0.02265507407790021,0.1791397376546062,0.38813796639442444,0.08387849479913712,0.06689613312482834,0.47201645374298096,0.6146573424339294,0.7049681544303894,3,97,303,"[0.3881, 0.0839, 0.0669, 0.0431, 0.0327, 0.0254, 0.0187, 0.0163, 0.0152, 0.0146]","[0.294, 0.237, 0.563, 0.351, 0.39, 0.251, 0.084, 0.05, 0.162, 0.159]",2000,0.07339480519294739,-0.22281991539226598,
8,R3,1890,0.10431690896610536,-0.27432348507992443,-0.4124255252796175,-0.1809722001673463,-0.25399050065261924,-0.07301642519953362,-0.05042745774948398,0.9975512623786926,0.0005099237314425409,0.0002630480448715389,0.9980611801147461,0.9986358880996704,0.9990592002868652,3,1,1,"[0.9976, 0.0005, 0.0003, 0.0002, 0.0001, 0.0001, 0.0001, 0.0001, 0.0001, 0.0001]","[0.104, 0.274, 0.412, 0.064, 0.101, 0.459, 0.343, 0.23, 0.192, 0.121]",2000,-0.011521594598889351,0.10553837939439961,
8,R4,1890,0.14252233578710086,-0.08260556864718273,-0.2424330027224931,-0.05978411359980302,-0.02201099240132835,-0.03685602669558653,-0.004236092657546657,0.9916475415229797,0.0021007638424634933,0.0014295319560915232,0.9937483072280884,0.9962825179100037,0.9974972605705261,3,1,1,"[0.9916, 0.0021, 0.0014, 0.0007, 0.0004, 0.0003, 0.0003, 0.0002, 0.0002, 0.0002]","[0.143, 0.083, 0.242, 0.011, 0.306, 0.337, 0.266, 0.568, 0.17, 0.043]",2000,-0.00926654227077961,0.10444346979249974,
8,R5,1890,-0.22669899060899065,0.2481556224734171,0.08241175007110428,0.007657142283571781,-0.21114245704649318,0.013861345128264467,-0.06390838960077364,0.8471910953521729,0.05123510956764221,0.016905294731259346,0.8984261751174927,0.9382135272026062,0.9631138443946838,4,3,7,"[0.8472, 0.0512, 0.0169, 0.0117, 0.0112, 0.0073, 0.006, 0.0048, 0.0036, 0.0032]","[0.227, 0.248, 0.082, 0.134, 0.428, 0.28, 0.38, 0.339, 0.103, 0.388]",2000,0.015775108709931374,0.05544406498225344,
8,R6,1890,-0.027253129469444002,0.051426617882529974,-0.26093711538921854,-0.0004872436198336065,-0.09867448153704472,0.021595694170437257,-0.07846543782186337,0.4290255010128021,0.23219899833202362,0.11944196373224258,0.6612244844436646,0.9020594358444214,0.949883222579956,0,5,11,"[0.429, 0.2322, 0.1194, 0.0915, 0.0299, 0.0171, 0.0105, 0.0078, 0.0069, 0.0056]","[0.027, 0.051, 0.261, 0.072, 0.004, 0.04, 0.051, 0.032, 0.016, 0.03]",2000,0.021384498104453087,-0.04725036665729153,
8,R7,1890,0.08906823112129583,-0.034755374950146856,-0.043562054409826106,-0.05377784149955687,0.469274995464999,-0.06099357934385661,-0.047524753313591434,0.5415326952934265,0.1801283359527588,0.09494984149932861,0.7216610312461853,0.8903506398200989,0.9614890813827515,0,6,9,"[0.5415, 0.1801, 0.0949, 0.05, 0.0237, 0.0223, 0.0159, 0.0137, 0.0122, 0.007]","[0.089, 0.035, 0.044, 0.15, 0.065, 0.127, 0.125, 0.01, 0.039, 0.131]",2000,0.05033636465668678,-0.1287305503255676,
9,T0,1890,-0.3321594782927565,0.5447312486763366,-0.5264910179331432,-0.18877753885434229,-0.7250249502171042,0.04458282352780444,-0.07290762583478201,0.551801323890686,0.1717679649591446,0.08134174346923828,0.7235692739486694,0.8582063317298889,0.9009437561035156,3,10,36,"[0.5518, 0.1718, 0.0813, 0.0342, 0.0191, 0.0128, 0.0101, 0.0086, 0.0061, 0.0051]","[0.332, 0.545, 0.526, 0.002, 0.091, 0.051, 0.264, 0.097, 0.152, 0.063]",2000,0.09818445891141891,0.13180666874899727,
9,T1,1890,-0.3276848576637001,-0.005706005133561985,0.8203861007230713,-0.2518565422669102,-0.7476712896510374,0.03285095752448099,-0.12708338576304398,0.20817309617996216,0.12655594944953918,0.0991475060582161,0.33472904562950134,0.5734020471572876,0.7268526554107666,2,34,84,"[0.2082, 0.1266, 0.0991, 0.0796, 0.0599, 0.0494, 0.0321, 0.0268, 0.0233, 0.0218]","[0.328, 0.006, 0.82, 0.213, 0.248, 0.113, 0.041, 0.067, 0.026, 0.003]",2000,0.06623268872499466,0.1957491661172318,
9,T2,1890,0.5123962325591397,-0.4075393350209705,0.5779291054908778,0.20800550585823735,0.6366729011930247,-0.09973413916163508,0.12874959736190583,0.31617316603660583,0.1858164668083191,0.09502857178449631,0.5019896030426025,0.7292213439941406,0.8490164279937744,3,17,32,"[0.3162, 0.1858, 0.095, 0.0761, 0.0561, 0.0309, 0.0285, 0.0256, 0.0189, 0.0158]","[0.512, 0.408, 0.578, 0.001, 0.271, 0.093, 0.192, 0.204, 0.0, 0.154]",2000,0.08261682093143463,-0.267237529578649,
9,T3,1890,-0.13402344743261324,-0.28260093987325036,0.059974719442997794,-0.12669011874168554,-0.4695261837939208,-0.22682442446327308,-0.03777568712280591,0.3214069902896881,0.24609294533729553,0.13165685534477234,0.5674999356269836,0.7912881970405579,0.8561432957649231,1,20,88,"[0.3214, 0.2461, 0.1317, 0.0553, 0.0368, 0.0197, 0.0139, 0.0114, 0.0105, 0.0093]","[0.134, 0.283, 0.06, 0.79, 0.176, 0.059, 0.059, 0.098, 0.005, 0.134]",2000,0.03037925250828266,0.1723313552136463,
9,T4,1890,0.40422829933594884,-0.8521955838886344,-0.24569866591521103,0.2467432147382359,0.7202992068925077,-0.040206594822156036,0.044399157200653676,0.3024122714996338,0.1411965936422348,0.09279400110244751,0.4436088800430298,0.6485996842384338,0.795087993144989,2,25,69,"[0.3024, 0.1412, 0.0928, 0.0591, 0.0531, 0.0474, 0.0334, 0.0269, 0.0208, 0.0179]","[0.404, 0.852, 0.246, 0.103, 0.029, 0.064, 0.152, 0.024, 0.173, 0.098]",2000,0.09564811736345291,-0.2697579401984524,
9,T5,1890,-0.3610862724709724,-0.2637902630744322,-0.6324238199468465,-0.20080307958988466,-0.6474106717906966,0.01381140665789386,-0.1163735244903159,0.36372268199920654,0.23795318603515625,0.08567266911268234,0.6016758680343628,0.7792815566062927,0.8653402924537659,2,15,49,"[0.3637, 0.238, 0.0857, 0.0558, 0.0361, 0.0254, 0.019, 0.0168, 0.013, 0.0118]","[0.361, 0.264, 0.632, 0.269, 0.027, 0.022, 0.097, 0.101, 0.177, 0.044]",2000,0.0924302265048027,0.25825731822420706,
9,T6,1890,-0.3361393452253548,-0.19232301417225672,-0.7095035585482634,-0.2582342642010344,-0.7631740439435326,0.04601658733228062,-0.07944066877201639,0.39957505464553833,0.1608225405216217,0.07787786424160004,0.5603976249694824,0.7140852212905884,0.8047971129417419,3,33,111,"[0.3996, 0.1608, 0.0779, 0.0403, 0.0355, 0.0277, 0.0184, 0.0173, 0.0145, 0.0129]","[0.336, 0.192, 0.71, 0.38, 0.048, 0.143, 0.057, 0.013, 0.049, 0.143]",2000,0.07586565613746643,0.24171042783533386,
9,T7,1890,0.1584807840904375,0.40562643636964507,0.434089233030076,0.1902192039240986,0.6696474206211086,-0.06676882540941638,0.11701819516179246,0.5542083382606506,0.13001899421215057,0.10056007653474808,0.6842273473739624,0.8576343655586243,0.9175082445144653,3,8,21,"[0.5542, 0.13, 0.1006, 0.0493, 0.0236, 0.0208, 0.0146, 0.01, 0.008, 0.0064]","[0.158, 0.406, 0.434, 0.161, 0.064, 0.019, 0.114, 0.398, 0.117, 0.293]",2000,0.06980301439762115,-0.1192684697266053,
9,T8,1890,0.2574329242405307,0.30472694844950887,-0.5797216642718322,0.23386236063045654,0.7112543086885377,-0.06840062958566917,0.1182934101175824,0.41394034028053284,0.1298414170742035,0.0806441530585289,0.5437817573547363,0.7094275951385498,0.8038339018821716,3,32,137,"[0.4139, 0.1298, 0.0806, 0.0473, 0.0377, 0.0257, 0.0195, 0.0181, 0.016, 0.0151]","[0.257, 0.305, 0.58, 0.075, 0.059, 0.082, 0.05, 0.115, 0.038, 0.38]",2000,0.06690534204244614,-0.14973238254271318,
9,R0,1890,-0.32414120486893616,-0.17576825576519559,0.7669020266437849,-0.27194256308124426,-0.7460914590463926,-0.020507747433697276,-0.1367431107024728,0.4014735817909241,0.0990319773554802,0.0628889948129654,0.5005055665969849,0.6426712274551392,0.7433561086654663,2,58,197,"[0.4015, 0.099, 0.0629, 0.0447, 0.0345, 0.0279, 0.0247, 0.0183, 0.0161, 0.0137]","[0.324, 0.176, 0.767, 0.208, 0.093, 0.197, 0.002, 0.049, 0.07, 0.01]",2000,0.06030074134469032,0.19880894423659126,
9,R1,1890,-0.3509154929341076,-0.7000880413775525,0.2906600840163783,-0.28340220693053175,-0.7382544389476908,0.02799100620210006,-0.18329775268970996,0.30308499932289124,0.09808629006147385,0.08513129502534866,0.4011712968349457,0.5769343376159668,0.6977230906486511,2,112,332,"[0.3031, 0.0981, 0.0851, 0.0481, 0.0426, 0.0349, 0.0275, 0.0226, 0.0196, 0.0162]","[0.351, 0.7, 0.291, 0.141, 0.277, 0.164, 0.021, 0.144, 0.051, 0.214]",2000,0.0866820439696312,0.21533206468122285,
9,R2,1890,0.2849948078775335,-0.8511714261970529,-0.06008102940515851,0.28468793568613554,0.7580897198111294,-0.025162957054811273,0.1888405592286441,0.31229448318481445,0.08265237510204315,0.06458169966936111,0.3949468731880188,0.5512892007827759,0.6744011044502258,1,94,288,"[0.3123, 0.0827, 0.0646, 0.0523, 0.0394, 0.0315, 0.0289, 0.0265, 0.0192, 0.0169]","[0.285, 0.851, 0.06, 0.176, 0.036, 0.052, 0.048, 0.184, 0.013, 0.129]",2000,0.06397546082735062,-0.21843734081350943,
9,R3,1890,0.08964729559136168,-0.5265293806026548,0.7182224056221952,-0.14777570541639473,-0.23144086344979695,-0.03694220621149755,-0.04851349301206303,0.9946831464767456,0.0008815774344839156,0.0005570366629399359,0.9955646991729736,0.9969194531440735,0.997906506061554,2,1,1,"[0.9947, 0.0009, 0.0006, 0.0005, 0.0003, 0.0003, 0.0002, 0.0002, 0.0002, 0.0001]","[0.09, 0.527, 0.718, 0.078, 0.066, 0.144, 0.079, 0.03, 0.139, 0.072]",2000,-0.00562644936144352,0.08282951972030371,
9,R4,1890,0.07407229641964969,-0.2720078623012319,0.09775325678000064,-0.08430172870336083,-0.033241103873375734,-0.093309703893361,0.038418870881138156,0.9862456917762756,0.002004738198593259,0.0016680201515555382,0.9882504343986511,0.9926178455352783,0.9952440857887268,1,1,1,"[0.9862, 0.002, 0.0017, 0.0016, 0.0011, 0.0007, 0.0006, 0.0005, 0.0004, 0.0004]","[0.074, 0.272, 0.098, 0.219, 0.76, 0.265, 0.024, 0.08, 0.181, 0.02]",2000,-6.14327218499966e-05,0.13995745737038068,
9,R5,1890,-0.164848621656401,0.24722416423341687,0.13930579482277303,0.0030155348675730206,-0.15975269710166476,0.03479619802039563,-0.05938944120506709,0.7741689085960388,0.061832547187805176,0.019062642008066177,0.836001455783844,0.8876240253448486,0.935029923915863,2,6,14,"[0.7742, 0.0618, 0.0191, 0.0165, 0.016, 0.0131, 0.011, 0.0096, 0.0078, 0.0059]","[0.165, 0.247, 0.139, 0.588, 0.232, 0.064, 0.242, 0.495, 0.215, 0.055]",2000,0.02968168444931507,0.011086674895844001,
9,R6,1890,-0.021611868523963736,0.033087371221400895,-0.22971579004223946,0.0329631923420477,-0.10483233000677386,0.03984877017415682,-0.07407758137307044,0.40881046652793884,0.21576330065727234,0.1222076267004013,0.6245737671852112,0.8833554983139038,0.9351081848144531,0,6,14,"[0.4088, 0.2158, 0.1222, 0.1054, 0.0312, 0.0175, 0.0129, 0.0083, 0.0069, 0.0062]","[0.022, 0.033, 0.23, 0.151, 0.017, 0.017, 0.049, 0.057, 0.266, 0.085]",2000,0.01979832537472248,-0.041455053512871425,
9,R7,1890,0.09292295858969422,-0.01581823322422773,-0.057323257889624,-0.032955618310898833,0.46939408433454904,-0.06287093498589344,-0.04340326017896225,0.5459350943565369,0.17260681092739105,0.09055878967046738,0.7185419201850891,0.8828252553939819,0.9522524476051331,0,6,10,"[0.5459, 0.1726, 0.0906, 0.046, 0.0278, 0.019, 0.0159, 0.0139, 0.0121, 0.0085]","[0.093, 0.016, 0.057, 0.169, 0.048, 0.14, 0.064, 0.176, 0.054, 0.144]",2000,0.049295853823423386,-0.1456799700866915,
10,T0,1890,-0.31324072224287514,0.5544115566459505,-0.5208605019787532,-0.18975910418447792,-0.7250046488184841,0.050676840509480264,-0.0691549502237375,0.5522633790969849,0.1602831929922104,0.07576888799667358,0.7125465869903564,0.8445570468902588,0.8897266983985901,4,13,47,"[0.5523, 0.1603, 0.0758, 0.0362, 0.02, 0.0128, 0.0106, 0.0087, 0.0069, 0.0062]","[0.313, 0.554, 0.521, 0.029, 0.136, 0.066, 0.304, 0.065, 0.104, 0.09]",2000,0.09416422992944717,0.10988888893097222,
10,T1,1890,-0.3549223213191873,0.16052668134825243,-0.7621102836611058,-0.24331739446412567,-0.7434660977348779,0.03208115814026504,-0.14290224349489683,0.19332075119018555,0.11818019300699234,0.1092604398727417,0.3115009367465973,0.5594689249992371,0.714849591255188,2,39,107,"[0.1933, 0.1182, 0.1093, 0.0761, 0.0626, 0.0498, 0.0315, 0.0284, 0.0243, 0.0214]","[0.355, 0.161, 0.762, 0.293, 0.212, 0.183, 0.042, 0.048, 0.07, 0.072]",2000,0.06860142201185226,0.18961980505461967,
10,T2,1890,0.48070037082777567,0.673876917141683,-0.41943305498285716,0.24686762290952022,0.6957176533064945,-0.09308680299065328,0.13278408751184564,0.30825263261795044,0.14597919583320618,0.10422658175230026,0.4542318284511566,0.6762531995773315,0.8073531985282898,3,20,38,"[0.3083, 0.146, 0.1042, 0.0664, 0.0514, 0.0406, 0.0271, 0.0252, 0.0206, 0.0178]","[0.481, 0.674, 0.419, 0.078, 0.074, 0.091, 0.09, 0.12, 0.054, 0.071]",2000,0.0652487650513649,-0.21417065552092346,
10,T3,1890,-0.08395982543429738,-0.29195925099751785,0.025302105635249688,-0.11468279364606002,-0.384778918792936,-0.23443370495492105,-0.004533704668026704,0.28675201535224915,0.2535095512866974,0.12411758303642273,0.5402615666389465,0.7563897371292114,0.829487681388855,1,30,127,"[0.2868, 0.2535, 0.1241, 0.0543, 0.0378, 0.0258, 0.0148, 0.0117, 0.0107, 0.0101]","[0.084, 0.292, 0.025, 0.806, 0.148, 0.075, 0.053, 0.078, 0.023, 0.232]",2000,0.0316377617418766,0.1643983598980346,
10,T4,1890,-0.3579907574139879,0.8470994109902833,-0.28780954045027773,-0.2926128217826466,-0.7828720562070091,0.033512535395170795,-0.05620893453410018,0.3057962954044342,0.12358175963163376,0.08569575101137161,0.42937806248664856,0.6366376876831055,0.7816107869148254,2,26,69,"[0.3058, 0.1236, 0.0857, 0.0682, 0.0533, 0.0487, 0.0292, 0.0242, 0.0231, 0.0197]","[0.358, 0.847, 0.288, 0.034, 0.08, 0.087, 0.101, 0.056, 0.012, 0.149]",2000,0.08411382883787155,0.26313570961210936,
10,T5,1890,-0.3512953264759635,-0.24967856296796076,-0.6403829329750395,-0.21947358147061005,-0.7088564792700921,0.0158134361695647,-0.1236158379392674,0.4249385893344879,0.21178722381591797,0.07345186918973923,0.6367257833480835,0.7902863621711731,0.8659695386886597,2,16,54,"[0.4249, 0.2118, 0.0735, 0.0493, 0.0308, 0.0218, 0.0172, 0.0147, 0.0114, 0.0106]","[0.351, 0.25, 0.64, 0.293, 0.027, 0.002, 0.116, 0.112, 0.18, 0.052]",2000,0.08583968877792358,0.2627020367917029,
10,T6,1890,-0.31949487174715663,0.17009896166433586,0.7714459758964207,-0.2644229071682361,-0.7738617375746718,0.057866667601065895,-0.08554435788411663,0.3587760925292969,0.14091673493385315,0.08196819573640823,0.49969282746315,0.6603548526763916,0.7702633738517761,3,40,135,"[0.3588, 0.1409, 0.082, 0.041, 0.0377, 0.0317, 0.0246, 0.0215, 0.0176, 0.0145]","[0.319, 0.17, 0.771, 0.309, 0.094, 0.055, 0.158, 0.09, 0.041, 0.004]",2000,0.07545632869005203,0.23598853671174722,
10,T7,1890,0.1551392049422213,0.4200506280987907,-0.42303118175517446,0.18968826535703498,0.6724607832482001,-0.06535360018098596,0.11539640315555066,0.5487463474273682,0.13124971091747284,0.09929702430963516,0.6799960732460022,0.8502746820449829,0.9103241562843323,3,9,25,"[0.5487, 0.1312, 0.0993, 0.0478, 0.0232, 0.0207, 0.015, 0.0099, 0.008, 0.0065]","[0.155, 0.42, 0.423, 0.18, 0.084, 0.061, 0.081, 0.4, 0.177, 0.267]",2000,0.06862335652112961,-0.11766184763654926,
10,T8,1890,0.23489494137071246,-0.38036382343614655,-0.5608196140441464,0.22694354566735173,0.7058361086693744,-0.07466039186708777,0.10560623124068727,0.4057043790817261,0.11474478244781494,0.07444523274898529,0.520449161529541,0.6798693537712097,0.7803453207015991,3,42,175,"[0.4057, 0.1147, 0.0744, 0.0518, 0.0332, 0.025, 0.0248, 0.0185, 0.0163, 0.0158]","[0.235, 0.38, 0.561, 0.004, 0.008, 0.15, 0.119, 0.372, 0.202, 0.048]",2000,0.06512260437011719,-0.14294469381055683,
10,R0,1890,-0.30644091763865705,0.6710223158994278,0.44888945421736287,-0.2960843776564204,-0.7754151873001693,-0.005289408936382106,-0.12061018989036448,0.35569486021995544,0.08201070129871368,0.07065384835004807,0.4377055764198303,0.5936490893363953,0.724271297454834,3,57,183,"[0.3557, 0.082, 0.0707, 0.044, 0.0413, 0.0375, 0.0292, 0.0228, 0.0223, 0.0188]","[0.306, 0.671, 0.449, 0.046, 0.09, 0.059, 0.147, 0.059, 0.016, 0.114]",2000,0.04685027897357941,0.18166706679803019,
10,R1,1890,-0.32406105809527513,-0.7457798775177537,0.22914781584198418,-0.3014033017187874,-0.7588259805543726,0.035087366458113,-0.17752425477412853,0.2800835371017456,0.08371055871248245,0.07443166524171829,0.36379408836364746,0.5352840423583984,0.6669741868972778,2,132,358,"[0.2801, 0.0837, 0.0744, 0.0495, 0.0475, 0.0354, 0.0299, 0.0248, 0.0221, 0.0195]","[0.324, 0.746, 0.229, 0.163, 0.245, 0.102, 0.092, 0.016, 0.021, 0.114]",2000,0.0818561241030693,0.21027694474493694,
10,R2,1890,0.31095346001751933,0.7352859005770871,-0.04704711986475457,0.2816235270429609,0.7566931451009187,-0.029253222396578918,0.17673568480923438,0.24795186519622803,0.09035160392522812,0.06223359704017639,0.33830347657203674,0.49917668104171753,0.6459166407585144,3,105,303,"[0.248, 0.0904, 0.0622, 0.0532, 0.0454, 0.0361, 0.0315, 0.0296, 0.0264, 0.0231]","[0.311, 0.735, 0.047, 0.314, 0.198, 0.245, 0.174, 0.125, 0.04, 0.146]",2000,0.05800668150186539,-0.23206194818460102,
10,R3,1890,0.2806271744025558,0.771338664821832,-0.2842779366196555,-0.11491420398071432,-0.11851232478878883,-0.03601005684872444,-0.015721520483295427,0.9896721839904785,0.0016337491106241941,0.0012225813698023558,0.991305947303772,0.9939447641372681,0.9958604574203491,1,1,1,"[0.9897, 0.0016, 0.0012, 0.0008, 0.0006, 0.0006, 0.0004, 0.0003, 0.0003, 0.0003]","[0.281, 0.771, 0.284, 0.004, 0.148, 0.213, 0.106, 0.259, 0.024, 0.087]",2000,-0.0034905686043202877,-0.005036802681081562,
10,R4,1890,0.22816566205941016,0.8000611602655644,0.2013813555320991,-0.11131757124705402,-0.0514083811460741,-0.050324899115275094,0.03711386700629614,0.982220470905304,0.002444526879116893,0.0018724551191553473,0.9846649765968323,0.9897334575653076,0.9930649995803833,1,1,1,"[0.9822, 0.0024, 0.0019, 0.0018, 0.0014, 0.0009, 0.0008, 0.0006, 0.0006, 0.0005]","[0.228, 0.8, 0.201, 0.129, 0.01, 0.116, 0.043, 0.192, 0.127, 0.107]",2000,-0.0005314507288858294,0.06314004151069683,
10,R5,1890,-0.26347823796745545,0.09667539540861346,0.6590572518650186,0.038746478133499115,0.033904407571755855,-0.05029122057553903,-0.09254335159341869,0.6661444902420044,0.08173777908086777,0.046959005296230316,0.7478822469711304,0.8395354747772217,0.905460000038147,2,10,22,"[0.6661, 0.0817, 0.047, 0.0235, 0.0212, 0.0171, 0.0152, 0.0128, 0.0121, 0.0088]","[0.263, 0.097, 0.659, 0.198, 0.228, 0.006, 0.192, 0.156, 0.171, 0.3]",2000,0.03401998430490494,0.007444640862416843,
10,R6,1890,-0.071638998073554,-0.16077801757058674,0.28489774266085555,0.04283550241672899,-0.12521798512012872,0.02944876004468179,-0.06954228930152781,0.35262516140937805,0.17490799725055695,0.13786564767360687,0.5275331735610962,0.8033972382545471,0.8925008773803711,1,11,24,"[0.3526, 0.1749, 0.1379, 0.1045, 0.0335, 0.0253, 0.0231, 0.0185, 0.0117, 0.0105]","[0.072, 0.161, 0.285, 0.118, 0.167, 0.2, 0.216, 0.228, 0.472, 0.014]",2000,0.019049879163503647,-0.030450037890198248,
10,R7,1890,0.10138556135532362,-0.026043125746140924,-0.03409387171641638,-0.03239736077822143,0.4673653190387172,-0.06257248243211672,-0.04366034563196829,0.49620482325553894,0.17234420776367188,0.09067686647176743,0.6685490608215332,0.8450414538383484,0.9255715012550354,0,8,14,"[0.4962, 0.1723, 0.0907, 0.0481, 0.0378, 0.0258, 0.0182, 0.0143, 0.0118, 0.0104]","[0.101, 0.026, 0.034, 0.221, 0.133, 0.004, 0.083, 0.001, 0.088, 0.142]",2000,0.04660265892744064,-0.1585916197503721,
11,T0,1890,-0.2998657421233875,0.558848191709929,-0.5365631693073335,-0.19304854156453305,-0.731915748435713,0.04924979022183908,-0.07443573241801245,0.5262396931648254,0.147255077958107,0.07115758210420609,0.6734947562217712,0.8042988777160645,0.8612936735153198,2,19,65,"[0.5262, 0.1473, 0.0712, 0.0395, 0.0201, 0.0143, 0.013, 0.0116, 0.0101, 0.008]","[0.3, 0.559, 0.537, 0.011, 0.157, 0.109, 0.07, 0.251, 0.101, 0.029]",2000,0.0888657495379448,0.09462168659890358,
11,T1,1890,-0.3187136538191852,-0.8347417194670944,-0.10624206188054154,-0.2582634889481251,-0.7698258650120848,0.03684822045387265,-0.15111884420896332,0.1776200532913208,0.10633547604084015,0.10007012635469437,0.28395551443099976,0.5133253931999207,0.6755987405776978,2,46,121,"[0.1776, 0.1063, 0.1001, 0.0697, 0.0596, 0.0521, 0.0341, 0.0278, 0.0249, 0.0234]","[0.319, 0.835, 0.106, 0.232, 0.084, 0.168, 0.034, 0.157, 0.048, 0.071]",2000,0.06924451887607574,0.19044223878798525,
11,T2,1890,0.535103359098242,0.7069747128522101,-0.15799404330168984,0.23270181340062773,0.6756682133762427,-0.06418501141363067,0.09123523378329491,0.29811301827430725,0.13387979567050934,0.08367510139942169,0.4319928288459778,0.6446544528007507,0.7848070859909058,2,23,43,"[0.2981, 0.1339, 0.0837, 0.0776, 0.0514, 0.0374, 0.0319, 0.03, 0.0209, 0.02]","[0.535, 0.707, 0.158, 0.033, 0.112, 0.124, 0.008, 0.226, 0.088, 0.11]",2000,0.05273260548710823,-0.21355040242500808,
11,T3,1890,0.051507505828518325,-0.28042693767435894,0.06444530999249615,-0.054744672584547474,-0.07795940599652647,-0.2512303700870465,0.056134073219415166,0.2605041563510895,0.23725683987140656,0.11925185471773148,0.4977610111236572,0.7155640125274658,0.800054669380188,1,46,175,"[0.2605, 0.2373, 0.1193, 0.0611, 0.0375, 0.0279, 0.0198, 0.0141, 0.0117, 0.011]","[0.052, 0.28, 0.064, 0.828, 0.127, 0.073, 0.102, 0.104, 0.23, 0.057]",2000,0.032111916691064835,0.07778147432049334,
11,T4,1890,-0.3713659402030675,0.8597207136333014,-0.14636646895102204,-0.31203390199474434,-0.7869871147094841,0.024698480261543882,-0.09617514424358953,0.27537328004837036,0.11408518999814987,0.08830372244119644,0.38945847749710083,0.6036227345466614,0.7534098029136658,2,31,85,"[0.2754, 0.1141, 0.0883, 0.0718, 0.0541, 0.0481, 0.029, 0.0287, 0.0228, 0.0211]","[0.371, 0.86, 0.146, 0.174, 0.083, 0.079, 0.027, 0.109, 0.047, 0.125]",2000,0.07620645314455032,0.2292130692892084,
11,T5,1890,-0.3453946169206761,-0.2542408665862836,-0.6376627849978805,-0.21896056763843413,-0.7079601956933272,0.00771655780007226,-0.12249316145072657,0.4032120406627655,0.2098880559206009,0.07317516952753067,0.6131001114845276,0.7682484984397888,0.8474655151367188,2,20,70,"[0.4032, 0.2099, 0.0732, 0.0512, 0.0308, 0.0229, 0.0173, 0.0161, 0.0119, 0.0111]","[0.345, 0.254, 0.638, 0.271, 0.018, 0.017, 0.133, 0.105, 0.208, 0.012]",2000,0.08649695664644241,0.26051481117107766,
11,T6,1890,0.29468009874822304,0.13215501639261826,-0.7576349291316505,0.2823816154058668,0.7897964697114306,-0.043127245347952946,0.07634425297204409,0.3481717109680176,0.1313895732164383,0.08306664228439331,0.4795612692832947,0.6419039964675903,0.7545943260192871,2,48,158,"[0.3482, 0.1314, 0.0831, 0.0417, 0.0375, 0.0313, 0.0254, 0.0236, 0.0174, 0.015]","[0.295, 0.132, 0.758, 0.21, 0.323, 0.088, 0.004, 0.158, 0.055, 0.149]",2000,0.07176465541124344,-0.20801445427410137,
11,T7,1890,0.1483437022537482,0.46543026327802767,-0.39375908425413897,0.1916197675834137,0.6808571680323962,-0.06923756721080458,0.11089011612826251,0.5465921759605408,0.12701354920864105,0.09596743434667587,0.673605740070343,0.840692400932312,0.9017722010612488,3,10,31,"[0.5466, 0.127, 0.096, 0.0479, 0.0232, 0.0207, 0.0152, 0.01, 0.0085, 0.0067]","[0.148, 0.465, 0.394, 0.179, 0.114, 0.092, 0.086, 0.404, 0.179, 0.116]",2000,0.06831205636262894,-0.11489051285018302,
11,T8,1890,0.23779839985256132,-0.39226857149654465,-0.5469963459214298,0.23020675345157957,0.7149934359930027,-0.06449578621466187,0.08584529393258643,0.4136592447757721,0.10297974944114685,0.06748971343040466,0.516638994216919,0.6649325489997864,0.766161322593689,3,54,209,"[0.4137, 0.103, 0.0675, 0.0499, 0.0309, 0.0261, 0.0247, 0.0192, 0.0167, 0.0145]","[0.238, 0.392, 0.547, 0.114, 0.021, 0.157, 0.117, 0.41, 0.084, 0.104]",2000,0.06064528599381447,-0.14196246733508602,
11,R0,1890,-0.21991191922980446,0.86447981120072,0.11214081060622527,-0.2993410498387343,-0.7892595041254893,0.057699548990058344,-0.12911260447999184,0.2800726294517517,0.10125715285539627,0.06653086096048355,0.3813297748565674,0.5561738610267639,0.7011322379112244,1,62,193,"[0.2801, 0.1013, 0.0665, 0.0648, 0.0435, 0.0381, 0.033, 0.026, 0.0255, 0.0224]","[0.22, 0.864, 0.112, 0.067, 0.115, 0.156, 0.143, 0.118, 0.046, 0.111]",2000,0.0496138371527195,0.17609529359911102,
11,R1,1890,-0.03210873837635141,-0.2934978345882501,-0.8207426629441097,0.10687182573124315,0.419420115297676,-0.010660592006765517,0.24940950211892376,0.4594135880470276,0.10576827079057693,0.043169666081666946,0.5651818513870239,0.6805835366249084,0.7811587452888489,1,43,154,"[0.4594, 0.1058, 0.0432, 0.0412, 0.031, 0.0293, 0.0256, 0.018, 0.0142, 0.0135]","[0.032, 0.293, 0.821, 0.036, 0.174, 0.203, 0.079, 0.088, 0.057, 0.104]",2000,0.037120383232831955,-0.2183360802847388,
11,R2,1890,0.22358735583487313,0.5620751654236945,-0.4906186850714449,0.28588313563705076,0.7532877719193557,-0.0757388261538427,0.2265472762271772,0.23346850275993347,0.0918697789311409,0.06893127411603928,0.3253382742404938,0.5055068731307983,0.6543035507202148,3,100,281,"[0.2335, 0.0919, 0.0689, 0.0665, 0.0448, 0.0416, 0.0308, 0.0286, 0.0259, 0.022]","[0.224, 0.562, 0.491, 0.077, 0.299, 0.058, 0.361, 0.181, 0.015, 0.079]",2000,0.04860200360417366,-0.2205748353381095,
11,R3,1890,-0.252871947720424,0.19251381909271068,-0.4562713484413749,0.04050660762198149,-0.17791299280391717,0.05332599895861318,-0.00663433440598297,0.9814152121543884,0.005830037407577038,0.001579662668518722,0.9872452616691589,0.9913148283958435,0.9944766163825989,3,1,1,"[0.9814, 0.0058, 0.0016, 0.0013, 0.0011, 0.001, 0.0007, 0.0006, 0.0005, 0.0004]","[0.253, 0.193, 0.456, 0.354, 0.544, 0.06, 0.283, 0.018, 0.107, 0.036]",2000,0.019221892580389977,0.11827470814915447,
11,R4,1890,0.2672294789096697,0.1182575160418839,-0.015237008082949727,-0.007004916059610164,0.2946170060127319,-0.06236174248990711,0.018173042571670184,0.9679309725761414,0.012256794609129429,0.002460656687617302,0.9801877737045288,0.9862403273582458,0.9913933873176575,2,1,1,"[0.9679, 0.0123, 0.0025, 0.002, 0.0016, 0.0014, 0.0013, 0.0011, 0.0008, 0.0007]","[0.267, 0.118, 0.015, 0.602, 0.545, 0.141, 0.062, 0.142, 0.03, 0.027]",2000,0.04543759301304817,-0.1725808833492613,
11,R5,1890,-0.15942651447250344,-0.13590298213933727,0.5365817907304534,0.053386810912308735,0.0943488849066534,-0.027872922070146425,-0.08982743217953341,0.4906826615333557,0.08588846027851105,0.07501058280467987,0.5765711069107056,0.7726809978485107,0.8686057925224304,3,15,29,"[0.4907, 0.0859, 0.075, 0.071, 0.0501, 0.0331, 0.0199, 0.017, 0.0143, 0.0117]","[0.159, 0.136, 0.537, 0.122, 0.3, 0.343, 0.185, 0.29, 0.369, 0.069]",2000,0.054107651114463806,-0.127300130371412,
11,R6,1890,-0.09152651418265109,0.17308686509311297,0.28574057449219026,0.052891814547212444,-0.15261388691171918,0.019470336950014065,-0.07023765407087544,0.36755064129829407,0.1615002155303955,0.128088116645813,0.5290508270263672,0.7977003455162048,0.8862783312797546,1,12,27,"[0.3676, 0.1615, 0.1281, 0.1, 0.0405, 0.025, 0.0202, 0.0174, 0.0141, 0.0119]","[0.092, 0.173, 0.286, 0.02, 0.227, 0.206, 0.008, 0.098, 0.011, 0.317]",2000,0.017833199352025986,-0.00820101607703831,
11,R7,1890,0.10358041799886143,-0.015187508452670648,-0.05452097334897514,-0.01883005021827364,0.49565979332104554,-0.06494988784283857,-0.03179451336459683,0.4758850634098053,0.17153218388557434,0.09505154192447662,0.6474172472953796,0.8364139795303345,0.9176767468452454,0,9,15,"[0.4759, 0.1715, 0.0951, 0.0493, 0.0446, 0.0248, 0.0192, 0.0135, 0.013, 0.0108]","[0.104, 0.015, 0.055, 0.194, 0.009, 0.019, 0.016, 0.098, 0.208, 0.053]",2000,0.04137871414422989,-0.1591159883991617,
12,T0,1890,-0.28496121194344326,0.5493183485693749,-0.5701373727751116,-0.20255729451535606,-0.7478452651890448,0.060393798655360265,-0.08103427046317534,0.498014360666275,0.13911931216716766,0.07202638685703278,0.6371336579322815,0.7736685872077942,0.8411967158317566,2,24,80,"[0.498, 0.1391, 0.072, 0.0429, 0.0216, 0.0173, 0.0163, 0.0131, 0.0124, 0.0085]","[0.285, 0.549, 0.57, 0.02, 0.172, 0.129, 0.016, 0.274, 0.155, 0.153]",2000,0.08656994998455048,0.08945570913305745,
12,T1,1890,0.3785582373630721,-0.816423308421621,-0.21365705016999914,0.23236490826621398,0.7359252193446829,-0.08412739321316799,0.13091897542599013,0.17049579322338104,0.11613748967647552,0.0806126594543457,0.28663328289985657,0.5016270279884338,0.6755037903785706,2,46,121,"[0.1705, 0.1161, 0.0806, 0.0741, 0.0603, 0.0494, 0.0426, 0.0335, 0.0256, 0.0227]","[0.379, 0.816, 0.214, 0.088, 0.017, 0.169, 0.049, 0.073, 0.067, 0.085]",2000,0.0790586844086647,-0.19386249783118217,
12,T2,1890,-0.5064403886830205,0.25599520064738984,0.6437489452264965,-0.1906860607272936,-0.5884650477545731,0.14220871361406884,-0.06433749514903934,0.2324419915676117,0.14814551174640656,0.11085746437311172,0.38058751821517944,0.6236510872840881,0.7751908898353577,2,23,41,"[0.2324, 0.1481, 0.1109, 0.0817, 0.0505, 0.0406, 0.0376, 0.0294, 0.0243, 0.0197]","[0.506, 0.256, 0.644, 0.137, 0.025, 0.011, 0.106, 0.176, 0.169, 0.143]",2000,0.04106822982430458,0.09455496657997176,
12,T3,1890,-0.06957233407144872,0.2665087676815104,-0.023758229792388105,0.04210264669404028,-0.003609249623445258,0.2509007711747947,-0.055507340965230946,0.24779419600963593,0.2262200117111206,0.1130487248301506,0.4740142226219177,0.6867702007293701,0.7784336805343628,1,61,208,"[0.2478, 0.2262, 0.113, 0.0604, 0.0393, 0.0333, 0.0202, 0.0143, 0.0123, 0.0115]","[0.07, 0.267, 0.024, 0.853, 0.063, 0.066, 0.07, 0.23, 0.109, 0.044]",2000,0.03393763303756714,-0.05705612225386282,
12,T4,1890,0.3113844696369127,0.8892987738380023,-0.07447208113228872,0.329490596843571,0.7991203773929911,-0.011214440453184368,0.08750387726910643,0.24527165293693542,0.117799773812294,0.08992354571819305,0.3630714416503906,0.5823190212249756,0.7339672446250916,2,35,98,"[0.2453, 0.1178, 0.0899, 0.0732, 0.0561, 0.0456, 0.0324, 0.0304, 0.0222, 0.021]","[0.311, 0.889, 0.074, 0.196, 0.088, 0.001, 0.092, 0.08, 0.119, 0.025]",2000,0.06771992146968842,-0.2296405019104924,
12,T5,1890,0.34422371475525065,-0.2552405518567485,-0.643981588452257,0.21646834816176286,0.6901329612350212,-0.011182168942884407,0.12501346881762396,0.387797474861145,0.2107129693031311,0.0710083544254303,0.5985104441642761,0.7527963519096375,0.8343509435653687,2,24,83,"[0.3878, 0.2107, 0.071, 0.0521, 0.0312, 0.0236, 0.0176, 0.0163, 0.0125, 0.0114]","[0.344, 0.255, 0.644, 0.247, 0.017, 0.029, 0.147, 0.09, 0.184, 0.029]",2000,0.08343854546546936,-0.2532451064532659,
12,T6,1890,-0.30474853770983706,-0.09772231361285771,-0.8191340099834157,-0.28950533565056924,-0.7999682780479527,0.02883861606334565,-0.07180506138237479,0.3226858377456665,0.12470878660678864,0.08237819373607635,0.44739460945129395,0.6100760102272034,0.7306967377662659,2,57,181,"[0.3227, 0.1247, 0.0824, 0.0443, 0.036, 0.0323, 0.0291, 0.0248, 0.0176, 0.0168]","[0.305, 0.098, 0.819, 0.239, 0.169, 0.09, 0.032, 0.076, 0.205, 0.034]",2000,0.07109209895133972,0.21361021494200233,
12,T7,1890,0.14694587712644633,0.45471539661944904,0.39426197331118823,0.19240278323262042,0.6854895637041565,-0.06633831324227653,0.11113185407511496,0.5481876134872437,0.12479916214942932,0.09232619404792786,0.6729867458343506,0.8361717462539673,0.8965672850608826,3,11,36,"[0.5482, 0.1248, 0.0923, 0.0476, 0.0233, 0.02, 0.0152, 0.0099, 0.0084, 0.0069]","[0.147, 0.455, 0.394, 0.205, 0.132, 0.098, 0.072, 0.373, 0.201, 0.092]",2000,0.06716709583997726,-0.11202803962197727,
12,T8,1890,0.23966082211198486,-0.40649645965600567,0.5707942473540493,0.22831107060223238,0.6966759144597283,-0.06535895941508221,0.08927150922579222,0.3934612572193146,0.10902077704668045,0.06760352104902267,0.5024820566177368,0.6478291153907776,0.7506135106086731,3,69,246,"[0.3935, 0.109, 0.0676, 0.0474, 0.0304, 0.0269, 0.022, 0.0216, 0.0179, 0.0144]","[0.24, 0.406, 0.571, 0.047, 0.029, 0.019, 0.159, 0.375, 0.087, 0.159]",2000,0.06378887593746185,-0.14932738012164407,
12,R0,1890,-0.14095152477797213,0.8989998421989224,0.0746468571429966,-0.3065148997236844,-0.8061673794121778,0.08307055056231111,-0.11276659845442416,0.23817592859268188,0.11118645966053009,0.07793433964252472,0.3493623733520508,0.535759449005127,0.6842673420906067,1,65,193,"[0.2382, 0.1112, 0.0779, 0.0606, 0.0479, 0.0393, 0.0303, 0.0294, 0.0276, 0.0219]","[0.141, 0.899, 0.075, 0.01, 0.024, 0.142, 0.135, 0.089, 0.092, 0.169]",2000,0.04147987812757492,0.11671761470616139,
12,R1,1890,-0.05594633324721457,-0.2895920426223645,-0.6781974124975851,0.11302103724145506,0.3955244431960219,-0.014564550480836564,0.2532436850008615,0.39251211285591125,0.11549979448318481,0.05243682488799095,0.5080119371414185,0.6367624402046204,0.7470239400863647,2,55,182,"[0.3925, 0.1155, 0.0524, 0.0427, 0.0336, 0.0298, 0.026, 0.0224, 0.0172, 0.0148]","[0.056, 0.29, 0.678, 0.502, 0.112, 0.138, 0.026, 0.03, 0.118, 0.016]",2000,0.03808911144733429,-0.2069368239683238,
12,R2,1890,0.22373358011595487,-0.2491881945403951,0.7147160434939968,0.2804830152982216,0.75455092096953,-0.08665333866957264,0.19780012789166293,0.19229905307292938,0.09516779333353043,0.09423521906137466,0.2874668538570404,0.4933170974254608,0.64825040102005,3,87,250,"[0.1923, 0.0952, 0.0942, 0.0626, 0.0491, 0.0399, 0.0372, 0.0303, 0.026, 0.0216]","[0.224, 0.249, 0.715, 0.32, 0.028, 0.388, 0.237, 0.059, 0.064, 0.021]",2000,0.05619850382208824,-0.2400878572149624,
12,R3,1890,-0.22352840169784244,0.1653837213935327,0.0847038877393733,-0.0029953560603092123,-0.16182909607182255,0.19186253397797565,0.00539617365127646,0.9747536778450012,0.007019334007054567,0.0025196177884936333,0.9817730188369751,0.9875755906105042,0.9920163750648499,2,1,1,"[0.9748, 0.007, 0.0025, 0.0017, 0.0016, 0.0014, 0.0009, 0.0008, 0.0007, 0.0006]","[0.224, 0.165, 0.085, 0.398, 0.658, 0.231, 0.045, 0.197, 0.129, 0.051]",2000,0.03169355168938637,-0.020820690728140828,
12,R4,1890,0.23228225503157485,0.11613381589897681,-0.004942656359340223,0.03645002990956939,0.30417053007203965,-0.12156915838454425,0.058398001818274446,0.958499014377594,0.013083710335195065,0.004105828236788511,0.9715827107429504,0.9802883267402649,0.9872856140136719,2,1,1,"[0.9585, 0.0131, 0.0041, 0.0024, 0.0022, 0.0019, 0.0017, 0.0014, 0.0011, 0.0009]","[0.232, 0.116, 0.005, 0.399, 0.724, 0.126, 0.143, 0.161, 0.096, 0.069]",2000,0.050347913056612015,-0.07816417995839763,
12,R5,1890,-0.24603305261526895,0.2258003893301569,0.5434426592758915,0.06926360586373177,-0.008069936622725407,0.002597495040349361,-0.0439586251527055,0.3580546975135803,0.1274622231721878,0.11154310405254364,0.48551690578460693,0.724968671798706,0.838931143283844,3,17,34,"[0.3581, 0.1275, 0.1115, 0.0741, 0.0538, 0.0351, 0.0276, 0.0212, 0.0164, 0.0136]","[0.246, 0.226, 0.543, 0.48, 0.187, 0.425, 0.057, 0.051, 0.126, 0.119]",2000,0.08374837040901184,-0.2211240289939432,
12,R6,1890,-0.12246694188130285,0.28303594172316227,0.16535342903359376,0.0674105663907482,-0.17973633217788887,0.024548560495409318,-0.0666937274955004,0.357524037361145,0.15533973276615143,0.11914148181676865,0.5128637552261353,0.7721627950668335,0.8661428689956665,0,14,32,"[0.3575, 0.1553, 0.1191, 0.0997, 0.0404, 0.0262, 0.0229, 0.0171, 0.0146, 0.0132]","[0.122, 0.283, 0.165, 0.127, 0.291, 0.166, 0.02, 0.254, 0.236, 0.049]",2000,0.012909740209579468,-0.001015766538223755,
12,R7,1890,0.1064940480197827,-0.03638178933863746,0.04933447927067347,-0.0008207386710830819,0.5053145860114446,-0.07056372910018037,-0.021019727601682987,0.4495513141155243,0.16638079285621643,0.09046966582536697,0.6159321069717407,0.8228175044059753,0.9099774360656738,0,10,17,"[0.4496, 0.1664, 0.0905, 0.0756, 0.0408, 0.0259, 0.0204, 0.0172, 0.0136, 0.01]","[0.106, 0.036, 0.049, 0.163, 0.136, 0.025, 0.017, 0.185, 0.084, 0.172]",2000,0.034342411905527115,-0.15769728049660334,
13,T0,1890,-0.26273162766962493,0.5549435779343873,-0.5911474309701787,-0.21629399611832803,-0.7647530183374034,0.07453785789603888,-0.07874845266847293,0.43791627883911133,0.14072230458259583,0.07671960443258286,0.5786385536193848,0.7265952825546265,0.81281977891922,3,30,99,"[0.4379, 0.1407, 0.0767, 0.0453, 0.026, 0.0252, 0.02, 0.0179, 0.0125, 0.0107]","[0.263, 0.555, 0.591, 0.025, 0.198, 0.005, 0.068, 0.312, 0.156, 0.129]",2000,0.08615853637456894,0.0799572504378698,
13,T1,1890,-0.3240867091922614,-0.8744858410882128,0.1483359117746035,-0.19753747269663063,-0.6803467527879237,0.17080008328636748,-0.16047751549825168,0.1553574800491333,0.1301276981830597,0.0875544622540474,0.285485178232193,0.4973605275154114,0.685846745967865,2,43,114,"[0.1554, 0.1301, 0.0876, 0.0667, 0.0576, 0.0516, 0.0427, 0.0337, 0.0322, 0.0283]","[0.324, 0.874, 0.148, 0.066, 0.043, 0.216, 0.0, 0.003, 0.014, 0.005]",2000,0.08013604581356049,0.1936648082023893,
13,T2,1890,0.5644267968560706,-0.4972208214639078,0.32036263367880036,0.10821003333936267,0.4822675749724012,-0.152424639313603,0.12173842724903011,0.21935343742370605,0.1702742725610733,0.10368634760379791,0.38962769508361816,0.6199764609336853,0.7842896580696106,4,22,40,"[0.2194, 0.1703, 0.1037, 0.0789, 0.0477, 0.0439, 0.0364, 0.0332, 0.0287, 0.0221]","[0.564, 0.497, 0.32, 0.302, 0.03, 0.107, 0.151, 0.191, 0.22, 0.002]",2000,0.042246315628290176,-0.0578375316613996,
13,T3,1890,-0.1625095466706398,0.26971987446539036,-0.16779892620682002,-0.03442609709019465,-0.2944398825116971,0.2657621936809967,-0.06265676294314647,0.2157943993806839,0.20821881294250488,0.1179872453212738,0.4240131974220276,0.6454513072967529,0.7516876459121704,1,72,226,"[0.2158, 0.2082, 0.118, 0.0665, 0.037, 0.0317, 0.0252, 0.0202, 0.017, 0.0121]","[0.163, 0.27, 0.168, 0.851, 0.0, 0.212, 0.011, 0.224, 0.019, 0.07]",2000,0.0350010059773922,0.008714998722880885,
13,T4,1890,-0.35467257338693764,0.88217969492922,-0.060094094960734756,-0.32573133275876515,-0.7925590622637655,0.028704183001408572,-0.0801060116934946,0.23322419822216034,0.11564261466264725,0.08753091841936111,0.3488668203353882,0.5684779286384583,0.7234688997268677,2,39,110,"[0.2332, 0.1156, 0.0875, 0.0735, 0.0586, 0.0474, 0.0333, 0.029, 0.0239, 0.0214]","[0.355, 0.882, 0.06, 0.127, 0.104, 0.044, 0.12, 0.089, 0.088, 0.039]",2000,0.0706188827753067,0.24576230248505332,
13,T5,1890,0.3427918920129387,-0.23611855383575878,-0.6635747325839002,0.21943895992015308,0.7013921970071374,-0.027278744656724245,0.12188962540572387,0.38439032435417175,0.19604890048503876,0.06794388592243195,0.5804392099380493,0.7325340509414673,0.8168303370475769,2,30,99,"[0.3844, 0.196, 0.0679, 0.0524, 0.0317, 0.0242, 0.0185, 0.0164, 0.0133, 0.0118]","[0.343, 0.236, 0.664, 0.151, 0.004, 0.05, 0.195, 0.085, 0.24, 0.105]",2000,0.08104810863733292,-0.2506781278799188,
13,T6,1890,0.31842834741945686,0.0660488554065886,-0.8560519558418814,0.2879316266624385,0.7927938290491146,-0.044120546912985795,0.07053689180282074,0.3321497142314911,0.12771520018577576,0.07847543060779572,0.45986491441726685,0.6162943243980408,0.7329877018928528,2,58,181,"[0.3321, 0.1277, 0.0785, 0.0435, 0.0345, 0.0316, 0.0262, 0.0244, 0.018, 0.0164]","[0.318, 0.066, 0.856, 0.169, 0.031, 0.133, 0.016, 0.081, 0.203, 0.05]",2000,0.0690910592675209,-0.2287807106665266,
13,T7,1890,0.1539241786760422,0.43613637068306477,0.4196062238208608,0.1958873754338464,0.698443394115445,-0.07023447322760909,0.10581867158021796,0.5477317571640015,0.1238902360200882,0.08767225593328476,0.6716219782829285,0.8290911912918091,0.8890317678451538,3,12,45,"[0.5477, 0.1239, 0.0877, 0.0473, 0.0225, 0.0196, 0.0149, 0.0098, 0.0084, 0.0072]","[0.154, 0.436, 0.42, 0.204, 0.18, 0.118, 0.085, 0.402, 0.185, 0.046]",2000,0.06550817936658859,-0.12107482115038355,
13,T8,1890,-0.25423068348065037,-0.38509744282246716,0.589399540878942,-0.23771558434270182,-0.7198037436085374,0.07125200745721857,-0.08631270133744466,0.38784995675086975,0.10925770550966263,0.0632421225309372,0.4971076548099518,0.6351673007011414,0.7390642166137695,2,77,258,"[0.3878, 0.1093, 0.0632, 0.0454, 0.0295, 0.0282, 0.022, 0.0207, 0.0179, 0.0149]","[0.254, 0.385, 0.589, 0.121, 0.025, 0.262, 0.254, 0.155, 0.028, 0.213]",2000,0.060834191739559174,0.17237415322580626,
13,R0,1890,-0.11179127144428697,-0.8567592497280363,0.3449905057103763,-0.30555563693046983,-0.7964975693288304,0.13201825788321353,-0.14547324856237204,0.21791675686836243,0.12177200615406036,0.0832628607749939,0.339688777923584,0.5307113528251648,0.678128719329834,2,72,211,"[0.2179, 0.1218, 0.0833, 0.0621, 0.0457, 0.0357, 0.0315, 0.0306, 0.0268, 0.0228]","[0.112, 0.857, 0.345, 0.021, 0.018, 0.069, 0.123, 0.024, 0.13, 0.169]",2000,0.042682960629463196,0.10000905362756894,
13,R1,1890,-0.09687247474098666,0.5727628723737997,-0.694082432251517,0.12258246963371729,0.38471033550446604,-0.020646465693082778,0.24939191718547538,0.2686866223812103,0.13261032104492188,0.10304155945777893,0.4012969434261322,0.59870845079422,0.7260119915008545,2,59,188,"[0.2687, 0.1326, 0.103, 0.056, 0.0384, 0.0349, 0.0274, 0.0242, 0.0206, 0.0202]","[0.097, 0.573, 0.694, 0.253, 0.009, 0.011, 0.03, 0.129, 0.087, 0.12]",2000,0.05740842595696449,-0.19008449475775707,
13,R2,1890,0.4098248167902366,-0.7435524281002391,0.4107421531371185,0.25670791049941005,0.6995480489213052,-0.05012382070767207,0.18799188869488448,0.17246848344802856,0.12206938117742538,0.09983368217945099,0.29453787207603455,0.5037286281585693,0.6526767015457153,3,78,227,"[0.1725, 0.1221, 0.0998, 0.0604, 0.0489, 0.039, 0.0336, 0.0281, 0.0263, 0.022]","[0.41, 0.744, 0.411, 0.074, 0.054, 0.13, 0.07, 0.061, 0.069, 0.054]",2000,0.07167642563581467,-0.3187839042049328,
13,R3,1890,-0.27761689988059246,-0.2974849513751781,-0.3774578855824515,-0.018827825850687784,-0.15792501753420043,0.17018290491961977,-0.038616907374613846,0.9350810050964355,0.021076807752251625,0.010079885832965374,0.9561578035354614,0.9749964475631714,0.9837443232536316,1,1,2,"[0.9351, 0.0211, 0.0101, 0.0056, 0.0031, 0.0025, 0.002, 0.0017, 0.0013, 0.0011]","[0.278, 0.297, 0.377, 0.225, 0.114, 0.157, 0.027, 0.139, 0.178, 0.279]",2000,0.061675917357206345,0.05500807569105358,
13,R4,1890,0.24676066152069864,-0.12578871454562737,-0.11345791212812283,0.051649003079979494,0.3032913120143551,-0.12005980789374807,-0.04859931959890698,0.9470341205596924,0.015210509300231934,0.005933837499469519,0.9622446298599243,0.974993884563446,0.9838681817054749,4,1,2,"[0.947, 0.0152, 0.0059, 0.0035, 0.0033, 0.0025, 0.0019, 0.0017, 0.0016, 0.0012]","[0.247, 0.126, 0.113, 0.344, 0.477, 0.449, 0.279, 0.305, 0.177, 0.06]",2000,0.05153810977935791,-0.11318141245011185,
13,R5,1890,0.2442548577007101,-0.3652808082676397,-0.1852725962607101,-0.09419499221512323,-0.0137366410848496,0.05692004434817342,0.02462221683703504,0.3525860905647278,0.12055514007806778,0.10461367666721344,0.47314122319221497,0.7281965017318726,0.8460902571678162,3,17,33,"[0.3526, 0.1206, 0.1046, 0.0803, 0.0702, 0.0327, 0.0292, 0.0226, 0.0187, 0.0147]","[0.244, 0.365, 0.185, 0.577, 0.083, 0.496, 0.124, 0.171, 0.135, 0.032]",2000,0.06026025488972664,0.21866253429549407,
13,R6,1890,-0.15293160102433798,0.27269423153387773,0.22264765789491006,0.07840048921645805,-0.1978623649517022,0.01483641277918612,-0.06094666242007642,0.4034508466720581,0.13687363266944885,0.08925769478082657,0.5403244495391846,0.7529864311218262,0.8495094180107117,1,18,40,"[0.4035, 0.1369, 0.0893, 0.0838, 0.0396, 0.0304, 0.0227, 0.016, 0.0149, 0.0126]","[0.153, 0.273, 0.223, 0.088, 0.34, 0.191, 0.058, 0.298, 0.101, 0.136]",2000,0.013485853560268879,0.00933939940005458,
13,R7,1890,0.11561557482834922,-0.06877768547333671,0.047074196471450336,-0.022686426826789455,0.49590811040527777,-0.07092138722115321,-0.03140985962188543,0.42017826437950134,0.15269742906093597,0.09415559470653534,0.5728756785392761,0.7732226848602295,0.870339035987854,0,14,26,"[0.4202, 0.1527, 0.0942, 0.0694, 0.0368, 0.0289, 0.0208, 0.0197, 0.0146, 0.0131]","[0.116, 0.069, 0.047, 0.194, 0.171, 0.065, 0.167, 0.056, 0.037, 0.272]",2000,0.03670995309948921,-0.17403759963316887,
14,T0,1890,-0.255451912847529,0.5658867862209577,-0.6256161204656553,-0.2180388700078918,-0.7712617010167656,0.06918519131075652,-0.07502521620099932,0.4171083867549896,0.1406378448009491,0.07741200923919678,0.5577462315559387,0.7097703814506531,0.8033307194709778,2,36,116,"[0.4171, 0.1406, 0.0774, 0.0451, 0.0295, 0.0269, 0.0236, 0.0183, 0.0136, 0.0112]","[0.255, 0.566, 0.626, 0.01, 0.208, 0.16, 0.131, 0.207, 0.008, 0.206]",2000,0.0859919860959053,0.07903563667636189,
14,T1,1890,0.25757261954268895,0.8981691972908551,-0.008458023077178974,0.09064142543435032,0.5426841440229083,-0.2514906687097377,0.15157538826537378,0.17241552472114563,0.12264470756053925,0.08763901144266129,0.2950602173805237,0.5132324695587158,0.6942263841629028,1,43,111,"[0.1724, 0.1226, 0.0876, 0.0744, 0.0562, 0.0449, 0.0428, 0.0364, 0.0296, 0.0272]","[0.258, 0.898, 0.008, 0.135, 0.143, 0.14, 0.098, 0.031, 0.072, 0.024]",2000,0.07375448942184448,-0.0466425957698185,
14,T2,1890,0.5018116849239493,-0.28295598146678613,0.5499602919751005,0.02400891580498623,0.5939382999244772,-0.12981931641928074,0.05106187638798661,0.22598180174827576,0.14680473506450653,0.10269950330257416,0.3727865219116211,0.6075943112373352,0.7761349678039551,3,23,43,"[0.226, 0.1468, 0.1027, 0.0776, 0.0545, 0.0438, 0.0426, 0.0298, 0.0286, 0.0238]","[0.502, 0.283, 0.55, 0.392, 0.063, 0.016, 0.112, 0.111, 0.271, 0.095]",2000,0.042247384786605835,-0.08166825292336675,
14,T3,1890,-0.18188009240557892,0.14229723083393472,-0.3160525654829159,-0.11710387971465877,-0.5173741785018862,0.26068011161685284,-0.09581650340371511,0.2139083296060562,0.20209094882011414,0.11182117462158203,0.41599929332733154,0.6366466283798218,0.7395073771476746,2,85,255,"[0.2139, 0.2021, 0.1118, 0.071, 0.0379, 0.0299, 0.0249, 0.0195, 0.017, 0.0115]","[0.182, 0.142, 0.316, 0.84, 0.026, 0.184, 0.053, 0.189, 0.048, 0.067]",2000,0.03612213209271431,0.055093400944732585,
14,T4,1890,-0.22575551612890776,0.9157444475326356,0.013677683815485403,-0.35427794521971623,-0.8472603346920936,0.011125198052913498,-0.06945063593455386,0.22790628671646118,0.10768887400627136,0.0866519883275032,0.33559516072273254,0.5484715700149536,0.7112655639648438,1,41,116,"[0.2279, 0.1077, 0.0867, 0.0711, 0.0551, 0.0521, 0.0358, 0.0289, 0.0251, 0.0208]","[0.226, 0.916, 0.014, 0.004, 0.15, 0.005, 0.09, 0.133, 0.086, 0.007]",2000,0.07033691555261612,0.1959316494190799,
14,T5,1890,0.34903111835668243,-0.22805669729749437,0.6800376112656514,0.21092551848556,0.6869993146779854,-0.027520631347302822,0.11578873070072156,0.36073729395866394,0.19595135748386383,0.06530068814754486,0.556688666343689,0.7062641978263855,0.7955167889595032,2,38,122,"[0.3607, 0.196, 0.0653, 0.053, 0.0313, 0.0256, 0.0194, 0.0176, 0.0143, 0.0124]","[0.349, 0.228, 0.68, 0.084, 0.012, 0.041, 0.2, 0.135, 0.281, 0.08]",2000,0.07770270109176636,-0.24886572545897426,
14,T6,1890,0.3232346218319354,0.020751764928255263,-0.8616162532711341,0.2818537737453129,0.7938730578241807,-0.04807150527612244,0.08588493391125619,0.3204001486301422,0.13294139504432678,0.07902997732162476,0.453341543674469,0.6100234985351562,0.72666335105896,2,62,182,"[0.3204, 0.1329, 0.079, 0.0423, 0.0353, 0.0304, 0.0279, 0.0242, 0.0179, 0.0162]","[0.323, 0.021, 0.862, 0.168, 0.004, 0.112, 0.021, 0.039, 0.202, 0.102]",2000,0.07447893917560577,-0.24067730854218627,
14,T7,1890,0.16786439635765013,0.3312337777542643,-0.4859121337402182,0.19595198367407332,0.6938663771707922,-0.07219915725857685,0.10035440180821141,0.5414616465568542,0.1222924292087555,0.08530532568693161,0.6637541055679321,0.8167591691017151,0.8784465193748474,3,15,57,"[0.5415, 0.1223, 0.0853, 0.045, 0.0227, 0.0194, 0.016, 0.0098, 0.009, 0.0076]","[0.168, 0.331, 0.486, 0.244, 0.163, 0.145, 0.066, 0.417, 0.159, 0.067]",2000,0.0628274455666542,-0.13693628460567073,
14,T8,1890,0.21965658715849815,-0.3479865440142716,-0.6519270108091202,0.2320216400805013,0.716471616139487,-0.07700515747394174,0.07502521349673438,0.3744572401046753,0.09768305718898773,0.06579404324293137,0.4721403121948242,0.6149585247039795,0.7226948738098145,2,84,260,"[0.3745, 0.0977, 0.0658, 0.0438, 0.0332, 0.0297, 0.0239, 0.0195, 0.0188, 0.0158]","[0.22, 0.348, 0.652, 0.15, 0.207, 0.05, 0.23, 0.185, 0.183, 0.097]",2000,0.058154404163360596,-0.1572099693583288,
14,R0,1890,0.0728954437664178,0.8523030214518821,0.31217555116681694,0.28632518615923885,0.7873507330552283,-0.19279560479370847,0.1750232875408268,0.18319106101989746,0.11005707085132599,0.09916329383850098,0.29324811697006226,0.5085018873214722,0.6704409122467041,2,72,208,"[0.1832, 0.1101, 0.0992, 0.0604, 0.0557, 0.0412, 0.0374, 0.0314, 0.0288, 0.0232]","[0.073, 0.852, 0.312, 0.074, 0.213, 0.043, 0.006, 0.121, 0.053, 0.143]",2000,0.039636772125959396,-0.053991297360524104,
14,R1,1890,-0.2796827417377415,0.21497849594658652,0.8112818278729359,0.06856989664044863,0.08717748126418538,0.05596457944755985,0.14835762114606973,0.26427021622657776,0.1305657923221588,0.09347739070653915,0.3948360085487366,0.5870314836502075,0.7242391109466553,2,47,150,"[0.2643, 0.1306, 0.0935, 0.0609, 0.0378, 0.0347, 0.0313, 0.0271, 0.0238, 0.0204]","[0.28, 0.215, 0.811, 0.416, 0.092, 0.012, 0.016, 0.009, 0.108, 0.101]",2000,0.05593356490135193,-0.12035547790086684,
14,R2,1890,-0.13694756242331113,-0.4292256031961509,-0.7668068699056513,0.06916483229665932,-0.1630922764662656,0.1290137631207688,0.07936998469518604,0.28389135003089905,0.11518976092338562,0.08770789206027985,0.39908111095428467,0.587960422039032,0.713621199131012,3,47,136,"[0.2839, 0.1152, 0.0877, 0.0578, 0.0434, 0.0338, 0.0263, 0.0225, 0.0222, 0.0208]","[0.137, 0.429, 0.767, 0.313, 0.079, 0.127, 0.046, 0.082, 0.021, 0.137]",2000,0.07248691469430923,-0.19962989439498252,
14,R3,1890,0.2114802174286843,-0.2712188248935442,-0.34200863263364195,0.0037701402497843073,0.14574709490081061,-0.17495409362908088,-0.009022741201332491,0.9050611257553101,0.03287019580602646,0.013616085983812809,0.9379312992095947,0.9644814729690552,0.9762021899223328,4,1,3,"[0.9051, 0.0329, 0.0136, 0.0086, 0.0043, 0.0029, 0.0026, 0.0023, 0.002, 0.0019]","[0.211, 0.271, 0.342, 0.35, 0.193, 0.521, 0.33, 0.102, 0.154, 0.063]",2000,0.0788746178150177,0.0841665997269601,
14,R4,1890,0.19813131845786106,-0.12980736339398385,0.08177893844306823,0.05614361995570808,0.2547642964630976,-0.17929418193289856,-0.053104036353693894,0.9125971794128418,0.024276867508888245,0.009666353464126587,0.9368740320205688,0.9576578736305237,0.9719554781913757,2,1,4,"[0.9126, 0.0243, 0.0097, 0.0071, 0.004, 0.0037, 0.0034, 0.0028, 0.0023, 0.0021]","[0.198, 0.13, 0.082, 0.762, 0.301, 0.055, 0.098, 0.146, 0.199, 0.068]",2000,0.06971623003482819,0.003497904245153758,
14,R5,1890,-0.2442962446069235,0.38834686676096847,-0.040379296468671326,0.08751737431730092,0.028879039037995404,-4.365036303768352e-05,-0.02881780637181713,0.3175767660140991,0.12092079222202301,0.11066938191652298,0.43849754333496094,0.710507869720459,0.8296365737915039,3,19,38,"[0.3176, 0.1209, 0.1107, 0.0864, 0.0749, 0.0332, 0.0316, 0.0224, 0.0187, 0.0132]","[0.244, 0.388, 0.04, 0.564, 0.142, 0.114, 0.435, 0.193, 0.13, 0.008]",2000,0.06016163155436516,-0.21749515979581224,
14,R6,1890,-0.15968882538759213,0.23920096138553468,0.16129983585509336,0.08760544631734328,-0.23065957122615782,0.014682788356306606,-0.05707359795680865,0.37934866547584534,0.14074935019016266,0.08365074545145035,0.5200980305671692,0.720055341720581,0.8264370560646057,1,22,48,"[0.3793, 0.1407, 0.0837, 0.0746, 0.0417, 0.0323, 0.0268, 0.017, 0.0161, 0.0142]","[0.16, 0.239, 0.161, 0.137, 0.226, 0.336, 0.1, 0.274, 0.073, 0.003]",2000,0.024862032383680344,0.021420770328143577,
14,R7,1890,0.14077166472532832,-0.06465176989756134,0.13743139261946405,0.014527672593697069,0.5158810417426384,-0.08576645848709824,-0.03942143382079265,0.39147093892097473,0.13420213758945465,0.09133761376142502,0.5256730914115906,0.7314336895942688,0.8415635824203491,1,16,33,"[0.3915, 0.1342, 0.0913, 0.075, 0.0395, 0.0325, 0.0276, 0.0185, 0.0167, 0.0147]","[0.141, 0.065, 0.137, 0.169, 0.3, 0.005, 0.113, 0.176, 0.029, 0.131]",2000,0.05112481862306595,-0.19487608944224744,
15,T0,1890,-0.7717084016598396,0.4709532981060728,-0.006658491301538646,-0.13499917649060006,-0.4752348764636171,0.09663293326446815,-0.028250406504892894,0.2944987714290619,0.20125538110733032,0.07980138063430786,0.4957541525363922,0.665802001953125,0.7747265100479126,2,33,96,"[0.2945, 0.2013, 0.0798, 0.0511, 0.0392, 0.0297, 0.0265, 0.0211, 0.0175, 0.014]","[0.772, 0.471, 0.007, 0.06, 0.11, 0.183, 0.026, 0.102, 0.039, 0.006]",2000,0.12275353819131851,0.3857817607155746,
15,T1,1890,-0.6863573044448398,0.632664012155954,-0.18320900664235093,-0.06668807693771325,-0.4040735359873801,0.17193576377240247,-0.07626514240568111,0.1950797736644745,0.12091723829507828,0.08743654936552048,0.31599700450897217,0.5184011459350586,0.6894674301147461,2,44,112,"[0.1951, 0.1209, 0.0874, 0.0642, 0.0508, 0.0452, 0.0381, 0.0362, 0.0273, 0.0243]","[0.686, 0.633, 0.183, 0.046, 0.054, 0.03, 0.024, 0.001, 0.017, 0.017]",2000,0.09229423105716705,0.291156701365714,
15,T2,1890,0.8240179441244796,0.36518739740218337,-0.07207747030168898,0.07671186400665879,0.27736932373451034,-0.06402979951137194,0.14931771812823358,0.25310733914375305,0.1314244568347931,0.09862864017486572,0.38453179597854614,0.6197363138198853,0.7651633620262146,2,27,51,"[0.2531, 0.1314, 0.0986, 0.0929, 0.0437, 0.0428, 0.0301, 0.0283, 0.0227, 0.0215]","[0.824, 0.365, 0.072, 0.207, 0.086, 0.004, 0.071, 0.029, 0.082, 0.132]",2000,0.08018866181373596,-0.2796937491131013,
15,T3,1890,0.23146511796256874,0.017781640212483567,-0.4068160905713868,0.22397416984312718,0.7415850809829391,-0.1357217752919985,0.13327371360790016,0.2174621969461441,0.19005633890628815,0.10812012851238251,0.40751853585243225,0.6238296627998352,0.7278324365615845,2,93,272,"[0.2175, 0.1901, 0.1081, 0.0728, 0.0354, 0.0299, 0.024, 0.0206, 0.0178, 0.0118]","[0.231, 0.018, 0.407, 0.798, 0.034, 0.215, 0.02, 0.19, 0.046, 0.072]",2000,0.03682198375463486,-0.12248215150431048,
15,T4,1890,-0.2637335330131831,0.8792432266142454,-0.2143912684220401,-0.3432082723497658,-0.8441422196510416,0.012266183346665223,-0.08959913862437728,0.2089780569076538,0.12102092057466507,0.08511248975992203,0.3299989700317383,0.5449082255363464,0.7002609372138977,1,46,129,"[0.209, 0.121, 0.0851, 0.0742, 0.0556, 0.0452, 0.0357, 0.0293, 0.0241, 0.0211]","[0.264, 0.879, 0.214, 0.116, 0.088, 0.05, 0.127, 0.037, 0.141, 0.095]",2000,0.08439530432224274,0.16692865067860288,
15,T5,1890,0.3583182119424166,-0.2558232629039409,0.713760616356999,0.21812320674040886,0.690351716989442,-0.016524253122221718,0.10991862157082585,0.3321424722671509,0.1913268119096756,0.06643275916576385,0.5234692692756653,0.6725155711174011,0.7680888772010803,2,52,154,"[0.3321, 0.1913, 0.0664, 0.0513, 0.0313, 0.0268, 0.0206, 0.0182, 0.0166, 0.0134]","[0.358, 0.256, 0.714, 0.084, 0.001, 0.147, 0.213, 0.037, 0.289, 0.084]",2000,0.07671205699443817,-0.25671448659273555,
15,T6,1890,-0.34598626922197184,-0.024620256429903137,0.8704898394506303,-0.27089182376071885,-0.7908409328555122,0.05372168464427365,-0.08203823873535443,0.30571845173835754,0.13284067809581757,0.0887683555483818,0.4385591149330139,0.6044764518737793,0.7195529937744141,2,66,185,"[0.3057, 0.1328, 0.0888, 0.0412, 0.036, 0.0284, 0.0266, 0.0233, 0.0203, 0.0164]","[0.346, 0.025, 0.87, 0.094, 0.041, 0.146, 0.039, 0.006, 0.13, 0.152]",2000,0.07632272690534592,0.25546817373909425,
15,T7,1890,0.15066372724051136,0.35263096269854843,-0.48040664465638916,0.19203515378530364,0.6914991154274164,-0.07325976952643644,0.0960292839405069,0.5283111929893494,0.12179015576839447,0.08382193744182587,0.650101363658905,0.8005673289299011,0.865359902381897,3,18,75,"[0.5283, 0.1218, 0.0838, 0.0449, 0.0218, 0.0192, 0.0172, 0.0111, 0.0093, 0.008]","[0.151, 0.353, 0.48, 0.26, 0.224, 0.114, 0.022, 0.393, 0.223, 0.108]",2000,0.061773933470249176,-0.12764941531625867,
15,T8,1890,0.25010887473257776,0.46567522497289215,0.6690574507530531,0.2196669038756784,0.6837776103421518,-0.08485696245864771,0.10743891429034703,0.3572981655597687,0.08329779654741287,0.0665917694568634,0.44059595465660095,0.5881125926971436,0.7007423043251038,2,94,274,"[0.3573, 0.0833, 0.0666, 0.0473, 0.0337, 0.029, 0.0273, 0.0215, 0.0201, 0.0148]","[0.25, 0.466, 0.669, 0.188, 0.051, 0.155, 0.238, 0.035, 0.084, 0.082]",2000,0.07090524584054947,-0.1645823274502354,
15,R0,1890,0.21434135213270292,0.8920178178979038,0.18893962760133398,0.1621410532220813,0.5593387629179792,-0.3966081780681137,0.27547413635163165,0.16575495898723602,0.1452883630990982,0.11068133264780045,0.31104332208633423,0.5296676158905029,0.6786448359489441,1,69,204,"[0.1658, 0.1453, 0.1107, 0.0564, 0.0516, 0.0475, 0.031, 0.0256, 0.0249, 0.0199]","[0.214, 0.892, 0.189, 0.236, 0.041, 0.117, 0.012, 0.032, 0.038, 0.046]",2000,0.07844173908233643,0.023899246531411202,
15,R1,1890,0.447340595392693,0.48633541126718993,-0.6412767221025959,-0.0294860833701984,0.11490505288643177,-0.08490642470603546,-0.029514542190680525,0.2705800235271454,0.14406748116016388,0.11333854496479034,0.41464751958847046,0.6320169568061829,0.7443600296974182,3,39,114,"[0.2706, 0.1441, 0.1133, 0.0624, 0.0416, 0.0282, 0.0266, 0.0231, 0.0179, 0.0166]","[0.447, 0.486, 0.641, 0.232, 0.06, 0.085, 0.07, 0.126, 0.058, 0.006]",2000,0.07694285362958908,0.011960047143663376,
15,R2,1890,0.18228992531308905,0.4557243347480137,-0.7907590927723559,-0.03869814730543747,0.21891057580251708,-0.1707764765314384,-0.03327866984821273,0.26675963401794434,0.11760477721691132,0.10166327655315399,0.38436442613601685,0.5890735387802124,0.7112290859222412,2,50,145,"[0.2668, 0.1176, 0.1017, 0.0609, 0.0422, 0.0332, 0.0242, 0.0222, 0.0215, 0.0211]","[0.182, 0.456, 0.791, 0.205, 0.005, 0.144, 0.031, 0.071, 0.047, 0.093]",2000,0.08715223520994186,0.17679534441567896,
15,R3,1890,-0.18251593934033047,0.3718923096865163,-0.3520133662485097,0.015930408739060303,-0.18340004438150193,0.19803958987434472,0.028336381409670163,0.8890499472618103,0.03705814480781555,0.01485389657318592,0.9261081218719482,0.9563717842102051,0.9711101651191711,4,2,4,"[0.889, 0.0371, 0.0149, 0.0105, 0.0049, 0.0041, 0.0034, 0.0027, 0.0024, 0.0021]","[0.183, 0.372, 0.352, 0.33, 0.102, 0.575, 0.081, 0.08, 0.235, 0.066]",2000,0.0830492153763771,-0.05504343588921622,
15,R4,1890,0.2127645000734677,-0.13651665683050668,0.5638325253006105,0.06912064784961434,0.26977586423097843,-0.25872346243616173,-0.08217299510731077,0.914975106716156,0.020134959369897842,0.010151606984436512,0.9351100921630859,0.9587535858154297,0.9734660983085632,3,1,4,"[0.915, 0.0201, 0.0102, 0.0091, 0.0044, 0.004, 0.0035, 0.0031, 0.0021, 0.0021]","[0.213, 0.137, 0.564, 0.557, 0.092, 0.337, 0.115, 0.085, 0.074, 0.144]",2000,0.06516096740961075,-0.06826050072130782,
15,R5,1890,0.25497406366751335,-0.6898191358154971,-0.04737957283944033,-0.10301421440564924,0.002182729556680847,-0.012203054049055148,0.042899552975399276,0.2903152108192444,0.12174886465072632,0.10837510228157043,0.4120640754699707,0.6861302256584167,0.8150281310081482,3,22,44,"[0.2903, 0.1217, 0.1084, 0.0939, 0.0718, 0.0363, 0.0346, 0.025, 0.0189, 0.0142]","[0.255, 0.69, 0.047, 0.203, 0.189, 0.361, 0.313, 0.15, 0.092, 0.005]",2000,0.06463506072759628,0.20933762114954996,
15,R6,1890,-0.17646480109406779,0.21422319901963258,0.15618787792211403,0.1021832627219091,-0.21844606096080882,-0.013009299476141174,-0.04806408603155863,0.39964431524276733,0.1288352608680725,0.07922815531492233,0.5284795761108398,0.7174789309501648,0.8211008310317993,1,22,51,"[0.3996, 0.1288, 0.0792, 0.0676, 0.0422, 0.0329, 0.0247, 0.0179, 0.0145, 0.0137]","[0.176, 0.214, 0.156, 0.191, 0.205, 0.405, 0.171, 0.115, 0.187, 0.11]",2000,0.029749853536486626,0.03255949898875783,
15,R7,1890,0.13662446736178682,-0.03616806104778121,0.04201623594986432,0.06811452763535288,0.49913454701911775,-0.06100242822139274,-0.03448980554699144,0.38586530089378357,0.13978435099124908,0.08343085646629333,0.5256496667861938,0.7148147821426392,0.8285389542579651,0,18,38,"[0.3859, 0.1398, 0.0834, 0.067, 0.0388, 0.0343, 0.0306, 0.0199, 0.0148, 0.0141]","[0.137, 0.036, 0.042, 0.21, 0.191, 0.211, 0.117, 0.129, 0.009, 0.154]",2000,0.05067507177591324,-0.19324758908400336,
16,T0,1890,-0.849661544513259,0.33437597999013474,-0.04795965572949713,-0.08391504480946706,-0.3715014408406976,0.0837827154509283,-0.002726844194717263,0.28126227855682373,0.2013382762670517,0.0817374438047409,0.4826005697250366,0.6614632606506348,0.7711350321769714,2,36,105,"[0.2813, 0.2013, 0.0817, 0.0571, 0.04, 0.0284, 0.0269, 0.0221, 0.017, 0.0152]","[0.85, 0.334, 0.048, 0.014, 0.104, 0.159, 0.091, 0.113, 0.025, 0.003]",2000,0.12520861625671387,0.4364530360072188,
16,T1,1890,-0.8538454843819508,0.39315843995153643,-0.18627819561037148,-0.017862512871124267,-0.22455392597879942,0.11325426218155198,-0.02063207933626862,0.28064677119255066,0.11373145878314972,0.08170327544212341,0.3943782448768616,0.5713747143745422,0.7227651476860046,2,39,95,"[0.2806, 0.1137, 0.0817, 0.0506, 0.0447, 0.0401, 0.0335, 0.0329, 0.0251, 0.0198]","[0.854, 0.393, 0.186, 0.018, 0.08, 0.018, 0.024, 0.052, 0.036, 0.021]",2000,0.11243421584367752,0.3554611721121076,
16,T2,1890,0.7845887540595493,-0.4110409537704866,-0.12882476559638617,0.04922613224839568,0.1631493331919805,0.004895566914111748,0.1632660200872155,0.26591262221336365,0.1356646567583084,0.09505362063646317,0.40157729387283325,0.6181730031967163,0.75975501537323,2,28,55,"[0.2659, 0.1357, 0.0951, 0.073, 0.0485, 0.038, 0.03, 0.0264, 0.0241, 0.0231]","[0.785, 0.411, 0.129, 0.159, 0.033, 0.158, 0.055, 0.015, 0.189, 0.038]",2000,0.07070866227149963,-0.17968104373449612,
16,T3,1890,0.25172443016694124,0.055330766674638245,0.3495103020921,0.2791820975332348,0.795859355639225,-0.08429734430395934,0.11597737120826213,0.2370200753211975,0.179806187748909,0.10915510356426239,0.4168262481689453,0.6341981291770935,0.7362174391746521,2,86,260,"[0.237, 0.1798, 0.1092, 0.0758, 0.0324, 0.0296, 0.0218, 0.021, 0.0168, 0.0129]","[0.252, 0.055, 0.35, 0.867, 0.068, 0.1, 0.078, 0.096, 0.037, 0.092]",2000,0.03857221081852913,-0.18785289755325965,
16,T4,1890,-0.3301536093245653,0.8392219417703444,-0.326516121737777,-0.32395352254628274,-0.8193962175307273,0.011492125526387342,-0.09262712525510844,0.19711469113826752,0.12458856403827667,0.08858608454465866,0.3217032551765442,0.5377687811851501,0.6954898834228516,3,48,134,"[0.1971, 0.1246, 0.0886, 0.0707, 0.0568, 0.0424, 0.0402, 0.0276, 0.0253, 0.0222]","[0.33, 0.839, 0.327, 0.012, 0.101, 0.03, 0.143, 0.076, 0.073, 0.077]",2000,0.0865287259221077,0.21392178753052785,
16,T5,1890,-0.3647169074182663,-0.28076617382304925,0.7447762509014364,-0.21831094909210594,-0.6959381361551745,0.01967091454081106,-0.1114505218518417,0.3326621353626251,0.17618228495121002,0.06714553385972977,0.5088444352149963,0.6561983227729797,0.7540749311447144,2,59,174,"[0.3327, 0.1762, 0.0671, 0.05, 0.0302, 0.026, 0.0213, 0.0189, 0.0179, 0.0138]","[0.365, 0.281, 0.745, 0.128, 0.049, 0.164, 0.187, 0.182, 0.214, 0.103]",2000,0.07561131566762924,0.2550713576264977,
16,T6,1890,-0.3580710859352226,0.04074203646151324,-0.8622598196885327,-0.2638273337657207,-0.7774394331358103,0.04824262522168552,-0.08329074247624167,0.28859251737594604,0.13130901753902435,0.09198320657014847,0.4199015498161316,0.5905771851539612,0.7121970057487488,2,68,181,"[0.2886, 0.1313, 0.092, 0.0422, 0.0365, 0.0305, 0.0273, 0.0251, 0.0214, 0.0173]","[0.358, 0.041, 0.862, 0.13, 0.007, 0.057, 0.139, 0.083, 0.105, 0.114]",2000,0.07630770653486252,0.26838022090288766,
16,T7,1890,-0.15333848691378935,0.37371509262813773,-0.4557017265426269,-0.19565626905486413,-0.6886579918946731,0.07429426949115411,-0.10252433017759219,0.5223766565322876,0.12009287625551224,0.08121509104967117,0.6424695253372192,0.7901477813720703,0.8553574085235596,3,21,91,"[0.5224, 0.1201, 0.0812, 0.0452, 0.0213, 0.0195, 0.0164, 0.0117, 0.0097, 0.008]","[0.153, 0.374, 0.456, 0.299, 0.236, 0.119, 0.07, 0.416, 0.207, 0.036]",2000,0.06035478040575981,0.12840093048191437,
16,T8,1890,0.28202860612943637,-0.4931576896419281,0.6019554865475449,0.2060339290329844,0.6490167143291914,-0.08966713812332625,0.13093977161586381,0.3391576409339905,0.08446191996335983,0.06916249543428421,0.4236195683479309,0.5715374946594238,0.6910965442657471,3,101,281,"[0.3392, 0.0845, 0.0692, 0.0456, 0.0332, 0.0309, 0.0278, 0.0263, 0.019, 0.0156]","[0.282, 0.493, 0.602, 0.342, 0.103, 0.014, 0.241, 0.034, 0.089, 0.124]",2000,0.07244415581226349,-0.16675500756673337,
16,R0,1890,0.6421869295908001,0.626100061726577,-0.033619451960955754,0.13150198531399065,0.4319414120198055,-0.22442062281889413,0.17968971962979396,0.18328984081745148,0.1406368464231491,0.09824289381504059,0.3239266872406006,0.5346497297286987,0.6788246631622314,2,73,212,"[0.1833, 0.1406, 0.0982, 0.0611, 0.0514, 0.0447, 0.0299, 0.026, 0.0244, 0.0192]","[0.642, 0.626, 0.034, 0.297, 0.142, 0.039, 0.033, 0.001, 0.006, 0.009]",2000,0.0815252959728241,-0.19067965517685703,
16,R1,1890,0.4650609965169062,0.7581590518420328,-0.2499769394858252,-0.01756113192966874,0.14474371438047492,-0.09208133792358984,0.005255177312463457,0.2769065797328949,0.14347593486309052,0.11451036483049393,0.4203824996948242,0.633155107498169,0.7499094605445862,2,38,110,"[0.2769, 0.1435, 0.1145, 0.0538, 0.0444, 0.0308, 0.0257, 0.0215, 0.0205, 0.0182]","[0.465, 0.758, 0.25, 0.146, 0.103, 0.098, 0.076, 0.073, 0.11, 0.19]",2000,0.09122671186923981,0.017133989611769547,
16,R2,1890,0.19735094755922267,0.3456273708612574,-0.8431762240842902,0.007356556940704128,0.2704315892347784,-0.21352791974355362,0.056908023953016404,0.2634553909301758,0.11834550648927689,0.10054925084114075,0.38180088996887207,0.5783941149711609,0.702597975730896,2,56,167,"[0.2635, 0.1183, 0.1005, 0.0566, 0.0394, 0.0319, 0.0259, 0.0247, 0.0219, 0.0198]","[0.197, 0.346, 0.843, 0.13, 0.039, 0.157, 0.034, 0.013, 0.058, 0.107]",2000,0.08700728416442871,0.15517550983924172,
16,R3,1890,0.22342709344802197,-0.4991020006089907,0.21781019469006632,0.016129570189809376,0.1808553129861732,-0.11897066092834688,-0.002013721868472459,0.8692196607589722,0.04512378200888634,0.01795303262770176,0.9143434166908264,0.9491250514984131,0.9659546613693237,2,2,6,"[0.8692, 0.0451, 0.018, 0.0107, 0.0061, 0.0048, 0.0037, 0.0029, 0.0028, 0.0026]","[0.223, 0.499, 0.218, 0.212, 0.248, 0.647, 0.092, 0.008, 0.136, 0.156]",2000,0.10947779566049576,0.0575340320752816,
16,R4,1890,-0.1382385120847718,0.14384780017553997,-0.5680226909495589,-0.059439825795561924,-0.25992201120551045,0.2301605060646721,0.09007839029896575,0.9158369898796082,0.02101459912955761,0.009489843621850014,0.9368515610694885,0.9589210152626038,0.9732428789138794,3,1,4,"[0.9158, 0.021, 0.0095, 0.0084, 0.0042, 0.0037, 0.0033, 0.003, 0.0023, 0.002]","[0.138, 0.144, 0.568, 0.533, 0.326, 0.155, 0.081, 0.058, 0.125, 0.102]",2000,0.06724996864795685,0.03378379786149049,
16,R5,1890,-0.2924823797994037,-0.6954643167392525,0.1397749885340649,0.10326772264405573,0.027578565926701017,0.0021714005522204156,-0.056719794468457985,0.2718258798122406,0.1372857540845871,0.10974522680044174,0.4091116189956665,0.6767876744270325,0.8070834875106812,2,23,48,"[0.2718, 0.1373, 0.1097, 0.0831, 0.0748, 0.0375, 0.0337, 0.0266, 0.0193, 0.0132]","[0.292, 0.695, 0.14, 0.175, 0.152, 0.384, 0.26, 0.063, 0.167, 0.006]",2000,0.07091717422008514,-0.20014495854113196,
16,R6,1890,-0.20938642658857742,0.15815097597726482,0.1909530675078514,0.1076589016917822,-0.24459374585627086,-0.0408524690887515,-0.019922140381773007,0.39565855264663696,0.14575959742069244,0.07109671086072922,0.5414181351661682,0.7146173119544983,0.8199666142463684,1,23,54,"[0.3957, 0.1458, 0.0711, 0.0566, 0.0455, 0.0323, 0.0263, 0.0189, 0.0146, 0.0131]","[0.209, 0.158, 0.191, 0.057, 0.225, 0.236, 0.396, 0.002, 0.065, 0.052]",2000,0.03807675838470459,0.06465385309553082,
16,R7,1890,0.13105023065534502,-0.05168446306720122,0.17257253865897773,0.06297610496188108,0.4911448777334744,-0.04121925731994419,-0.038136210242019325,0.3638036549091339,0.12750686705112457,0.08943688124418259,0.4913105368614197,0.693527102470398,0.8142631649971008,0,21,45,"[0.3638, 0.1275, 0.0894, 0.073, 0.0398, 0.0391, 0.0318, 0.0198, 0.0157, 0.0144]","[0.131, 0.052, 0.173, 0.106, 0.024, 0.191, 0.26, 0.137, 0.278, 0.01]",2000,0.055942848324775696,-0.18311147120787993,
17,T0,1890,0.8883448045349602,0.04777331832022446,-0.06697860332751106,-0.01918141577372738,0.1307189071979047,-0.08490661066456452,-0.07864346318811855,0.29867130517959595,0.1735711544752121,0.07911700755357742,0.47224247455596924,0.6455913186073303,0.7697358131408691,2,35,96,"[0.2987, 0.1736, 0.0791, 0.0505, 0.0437, 0.0338, 0.0302, 0.0236, 0.0209, 0.0157]","[0.888, 0.048, 0.067, 0.071, 0.333, 0.038, 0.037, 0.053, 0.027, 0.028]",2000,0.1296044886112213,-0.47525563110378527,
17,T1,1890,0.872887147881542,0.31406223515862813,-0.20302461968412258,-0.012893997425096759,0.2053876352331823,-0.12071274129229512,-0.057486297631144795,0.29787805676460266,0.11329054832458496,0.07640745490789413,0.4111686050891876,0.5859972834587097,0.7353485226631165,2,37,91,"[0.2979, 0.1133, 0.0764, 0.0531, 0.0453, 0.0399, 0.0381, 0.0286, 0.023, 0.0197]","[0.873, 0.314, 0.203, 0.102, 0.001, 0.106, 0.0, 0.105, 0.07, 0.04]",2000,0.12211772054433823,-0.38445457983898695,
17,T2,1890,-0.03176258372864011,0.9079867544374398,0.1321301717608341,-0.04392124329407129,-0.11042971337991805,-0.00350753027387024,0.08962580267663288,0.24209865927696228,0.1856379359960556,0.10445184260606766,0.4277365803718567,0.6317823529243469,0.7609047293663025,1,28,58,"[0.2421, 0.1856, 0.1045, 0.0534, 0.0462, 0.0358, 0.0314, 0.0254, 0.0188, 0.0178]","[0.032, 0.908, 0.132, 0.057, 0.069, 0.092, 0.143, 0.055, 0.039, 0.01]",2000,0.0982436016201973,0.3202967222543062,
17,T3,1890,0.27600688496227904,0.06313260960464295,-0.5166823553233441,0.23948215350714291,0.7947459604334652,-0.15052482815195933,0.14763211702453197,0.2268628180027008,0.1532379686832428,0.0955037772655487,0.3801007866859436,0.6055675148963928,0.7177726030349731,2,84,253,"[0.2269, 0.1532, 0.0955, 0.0888, 0.0412, 0.03, 0.0243, 0.0234, 0.0192, 0.0153]","[0.276, 0.063, 0.517, 0.753, 0.189, 0.081, 0.004, 0.096, 0.012, 0.072]",2000,0.04065793752670288,-0.1479257183348669,
17,T4,1890,-0.4407059693960927,0.6640671781854058,-0.5220071281023215,-0.2934954742015688,-0.7520942797326268,0.033794330570533576,-0.11512049962429442,0.1966954916715622,0.12930671870708466,0.09515997767448425,0.32600221037864685,0.5369663834571838,0.6910893321037292,3,48,126,"[0.1967, 0.1293, 0.0952, 0.062, 0.0538, 0.0417, 0.04, 0.0263, 0.025, 0.0212]","[0.441, 0.664, 0.522, 0.027, 0.033, 0.113, 0.15, 0.074, 0.073, 0.097]",2000,0.0837252214550972,0.23344132898897707,
17,T5,1890,0.3710123588616928,-0.2760321252085031,-0.7454996138747378,0.22247746237174768,0.7094889804186716,-0.01790440649101754,0.10516641369504122,0.32311543822288513,0.17222733795642853,0.0665430948138237,0.49534279108047485,0.642792820930481,0.7422153353691101,2,66,188,"[0.3231, 0.1722, 0.0665, 0.0502, 0.0307, 0.0263, 0.0214, 0.0195, 0.0189, 0.0133]","[0.371, 0.276, 0.745, 0.107, 0.057, 0.176, 0.112, 0.193, 0.256, 0.117]",2000,0.07774533331394196,-0.26386819197155004,
17,T6,1890,-0.3621770846738431,-0.09928240803145903,0.8787827898655504,-0.25809474744472277,-0.7787740558609471,0.06185747733053918,-0.08818984291496706,0.28636643290519714,0.12506666779518127,0.09488489478826523,0.4114331007003784,0.5874018669128418,0.7083801031112671,2,65,167,"[0.2864, 0.1251, 0.0949, 0.0447, 0.0364, 0.0295, 0.0265, 0.0257, 0.0214, 0.0179]","[0.362, 0.099, 0.879, 0.099, 0.002, 0.031, 0.091, 0.1, 0.026, 0.072]",2000,0.07143553346395493,0.2712638997211315,
17,T7,1890,-0.14096032370981665,0.4372207036243093,0.40745424042103034,-0.1936516866208676,-0.6891337632034,0.0771716081833639,-0.0998794280478072,0.5134148597717285,0.11886599659919739,0.079970583319664,0.6322808265686035,0.7795482873916626,0.8464387059211731,5,25,104,"[0.5134, 0.1189, 0.08, 0.0453, 0.022, 0.0197, 0.017, 0.0125, 0.0098, 0.0079]","[0.141, 0.437, 0.407, 0.318, 0.314, 0.053, 0.175, 0.425, 0.185, 0.028]",2000,0.059871502220630646,0.12376414955372365,
17,T8,1890,0.332129832438487,0.6595619577483383,0.5573769968169999,0.20167684900104704,0.6975884727626004,-0.1257387177479405,0.12428160903602672,0.2798503339290619,0.0944141373038292,0.07691282778978348,0.3742644786834717,0.5493717193603516,0.6866442561149597,3,89,256,"[0.2799, 0.0944, 0.0769, 0.0546, 0.0436, 0.0345, 0.0327, 0.0294, 0.0214, 0.0192]","[0.332, 0.66, 0.557, 0.208, 0.115, 0.04, 0.042, 0.112, 0.053, 0.028]",2000,0.07454531639814377,-0.19835901003436907,
17,R0,1890,0.717093189048153,0.522054288708865,-0.18522029559099581,0.09798074953333084,0.3573947058178176,-0.16475126960858463,0.12803364412219823,0.2052338421344757,0.13007360696792603,0.09505865722894669,0.33530744910240173,0.546477198600769,0.6914734244346619,2,63,193,"[0.2052, 0.1301, 0.0951, 0.0665, 0.0496, 0.0428, 0.0305, 0.0288, 0.0226, 0.0203]","[0.717, 0.522, 0.185, 0.268, 0.051, 0.05, 0.108, 0.067, 0.076, 0.07]",2000,0.09459687024354935,-0.23204209109194332,
17,R1,1890,0.09572913508848553,0.9408560972328336,0.016536310389253444,-0.046068921540293274,-0.12167134569463477,-0.1263553580445593,-0.28032213700017466,0.31991133093833923,0.1982497125864029,0.0774245634675026,0.5181610584259033,0.6850959062576294,0.8046904802322388,1,24,55,"[0.3199, 0.1982, 0.0774, 0.0538, 0.0357, 0.0284, 0.027, 0.0247, 0.0222, 0.0173]","[0.096, 0.941, 0.017, 0.188, 0.151, 0.01, 0.147, 0.018, 0.052, 0.049]",2000,0.13831421732902527,-0.42379388050151356,
17,R2,1890,0.24205242640916758,-0.7052146583684693,-0.5482983950380302,0.024664468204200377,0.2617849453958604,-0.22791825692255765,0.0965669976409754,0.24628572165966034,0.12583178281784058,0.11984004825353622,0.3721175193786621,0.585797905921936,0.7115419507026672,2,53,157,"[0.2463, 0.1258, 0.1198, 0.0566, 0.0372, 0.0321, 0.0276, 0.0242, 0.0219, 0.02]","[0.242, 0.705, 0.548, 0.078, 0.149, 0.19, 0.005, 0.076, 0.005, 0.038]",2000,0.09749138355255127,0.1345294739227382,
17,R3,1890,0.1704728058125796,-0.4498960087752711,-0.03947546592929198,-0.07366952111483378,0.131518213198229,0.04242352203284379,0.03165536721528977,0.7178000211715698,0.12535811960697174,0.03772205486893654,0.8431581258773804,0.9059203863143921,0.9376490116119385,3,5,14,"[0.7178, 0.1254, 0.0377, 0.0144, 0.0106, 0.0086, 0.0068, 0.0058, 0.0055, 0.005]","[0.17, 0.45, 0.039, 0.15, 0.548, 0.366, 0.005, 0.141, 0.026, 0.222]",2000,0.26420819759368896,0.2058384621566636,
17,R4,1890,-0.16952009365978746,-0.432943667232641,0.43062170197717536,-0.08310700757753141,-0.2663917226383772,0.2546383152577711,0.06126142584215982,0.8777390718460083,0.029478568583726883,0.01661512814462185,0.9072176218032837,0.9438947439193726,0.963223397731781,3,2,7,"[0.8777, 0.0295, 0.0166, 0.0127, 0.0073, 0.0048, 0.0045, 0.0041, 0.0033, 0.0027]","[0.17, 0.433, 0.431, 0.043, 0.621, 0.041, 0.124, 0.074, 0.204, 0.086]",2000,0.10746657103300095,0.04778099934369432,
17,R5,1890,0.19843206822071746,0.7784506423223508,0.1193552519087631,-0.046551460533759886,0.07736383938080169,-0.08013822396338405,0.0070490956257239605,0.24769797921180725,0.1390601396560669,0.10379309207201004,0.38675811886787415,0.6344858407974243,0.772957444190979,1,30,62,"[0.2477, 0.1391, 0.1038, 0.0764, 0.0676, 0.0436, 0.0312, 0.0262, 0.02, 0.0174]","[0.198, 0.778, 0.119, 0.244, 0.138, 0.257, 0.033, 0.036, 0.279, 0.037]",2000,0.09610611200332642,0.21725831039704555,
17,R6,1890,0.2869163738899535,0.1425729333455676,0.31319628573238956,-0.11570603536602823,0.2525137168583676,0.04818206533212892,-0.0004899136495591183,0.399172842502594,0.12754763662815094,0.06410367786884308,0.5267204642295837,0.6831209659576416,0.797213613986969,2,30,71,"[0.3992, 0.1275, 0.0641, 0.0496, 0.0427, 0.0351, 0.0285, 0.0224, 0.0147, 0.0133]","[0.287, 0.143, 0.313, 0.047, 0.259, 0.24, 0.074, 0.328, 0.04, 0.258]",2000,0.07011551409959793,-0.14310690835658524,
17,R7,1890,0.12535964641412287,-0.11446428085916267,0.17511875640770483,0.07801131477445657,0.48003449356246664,-0.044703350941211646,-0.05142376790489311,0.33518216013908386,0.11418838053941727,0.08667571097612381,0.44937053322792053,0.6548293232917786,0.7788925170898438,1,30,64,"[0.3352, 0.1142, 0.0867, 0.063, 0.0558, 0.0406, 0.0325, 0.0192, 0.0173, 0.0145]","[0.125, 0.114, 0.175, 0.026, 0.385, 0.034, 0.127, 0.105, 0.057, 0.218]",2000,0.09818713366985321,-0.19193324678303375,
18,T0,1890,0.9013699227650152,-0.036762386911366386,-0.049058906489496595,-0.02921934258933774,0.060112350017548194,-0.0578692093623829,-0.14300934957682027,0.40393128991127014,0.1240798756480217,0.06462546437978745,0.52801114320755,0.6791568398475647,0.7913162708282471,1,28,75,"[0.4039, 0.1241, 0.0646, 0.0456, 0.0409, 0.0292, 0.0284, 0.0216, 0.0171, 0.0159]","[0.901, 0.037, 0.049, 0.134, 0.036, 0.16, 0.077, 0.019, 0.013, 0.072]",2000,0.1693260818719864,-0.5221807693646111,
18,T1,1890,0.8357757021733714,0.3739017753066335,0.26035757201922416,-0.019134547316993072,0.2293114781210643,-0.14400895273476175,-0.07663437282405543,0.3243929445743561,0.10743260383605957,0.06810007244348526,0.43182554841041565,0.6067157983779907,0.7483814358711243,2,35,87,"[0.3244, 0.1074, 0.0681, 0.0611, 0.0457, 0.0408, 0.0348, 0.0256, 0.022, 0.0185]","[0.836, 0.374, 0.26, 0.056, 0.032, 0.07, 0.072, 0.137, 0.065, 0.002]",2000,0.11436761915683746,-0.3620727164881333,
18,T2,1890,-0.5076756421233032,-0.6820915018223914,-0.3055300012243988,-0.04663926359434257,-0.0638814608095353,0.0033016437922884366,0.06403106767805768,0.28252166509628296,0.1796339750289917,0.08661804348230362,0.46215564012527466,0.6382570266723633,0.7594858407974243,3,30,63,"[0.2825, 0.1796, 0.0866, 0.0509, 0.0386, 0.0352, 0.0285, 0.0237, 0.0178, 0.016]","[0.508, 0.682, 0.306, 0.029, 0.103, 0.009, 0.136, 0.038, 0.098, 0.054]",2000,0.11517862230539322,0.5572440808680079,
18,T3,1890,0.3053285741690246,0.17375629909370122,-0.8549988184017965,0.22888023604610086,0.7926374735062292,-0.1608576889763706,0.14823123011303208,0.22456024587154388,0.13596557080745697,0.10191773623228073,0.36052581667900085,0.5932959318161011,0.7125765085220337,2,84,255,"[0.2246, 0.136, 0.1019, 0.0884, 0.0424, 0.0319, 0.0278, 0.0243, 0.0194, 0.016]","[0.305, 0.174, 0.855, 0.191, 0.207, 0.081, 0.037, 0.007, 0.034, 0.068]",2000,0.04373268783092499,-0.1548076736766774,
18,T4,1890,0.4601707101058008,0.6644557804196546,-0.5203436506441981,0.2662273209802291,0.688923215566688,-0.12373290827672381,0.13693825220215008,0.2018267959356308,0.130446657538414,0.09826285392045975,0.3322734534740448,0.5423074960708618,0.6976411938667297,3,47,122,"[0.2018, 0.1304, 0.0983, 0.0591, 0.0527, 0.0424, 0.0406, 0.0261, 0.0238, 0.0225]","[0.46, 0.664, 0.52, 0.003, 0.057, 0.148, 0.066, 0.003, 0.124, 0.029]",2000,0.07735737413167953,-0.21606420055821685,
18,T5,1890,0.38451906094798627,-0.2994228274456123,-0.7833721443315219,0.21868903739705686,0.7137445273457501,-0.025945537206883723,0.09485446327946523,0.29843881726264954,0.16699351370334625,0.06947547942399979,0.465432345867157,0.612395703792572,0.7212588787078857,2,77,212,"[0.2984, 0.167, 0.0695, 0.0463, 0.0312, 0.0289, 0.0239, 0.022, 0.0188, 0.0153]","[0.385, 0.299, 0.783, 0.08, 0.025, 0.219, 0.087, 0.204, 0.053, 0.167]",2000,0.0786731094121933,-0.26599287272547756,
18,T6,1890,0.3487612301226976,-0.04638881905042369,0.8857897844184824,0.25967826063306737,0.7861337107796555,-0.06087921300714711,0.08613754110153246,0.2751326560974121,0.12523983418941498,0.09352903813123703,0.4003725051879883,0.5768469572067261,0.7018475532531738,2,64,161,"[0.2751, 0.1252, 0.0935, 0.049, 0.0339, 0.0312, 0.0275, 0.0258, 0.0226, 0.0179]","[0.349, 0.046, 0.886, 0.12, 0.009, 0.116, 0.059, 0.069, 0.065, 0.025]",2000,0.0757068544626236,-0.2609256057876406,
18,T7,1890,-0.11965420834412947,0.4647346271490379,-0.4627234492810247,-0.19534581533686066,-0.7007635978337775,0.07820014330979823,-0.0958162242859848,0.5082533359527588,0.11499306559562683,0.07396883517503738,0.623246431350708,0.7634029388427734,0.8330271244049072,5,30,120,"[0.5083, 0.115, 0.074, 0.0438, 0.0224, 0.0195, 0.0182, 0.0126, 0.0111, 0.0083]","[0.12, 0.465, 0.463, 0.33, 0.385, 0.065, 0.201, 0.377, 0.17, 0.035]",2000,0.06082108989357948,0.12197996786181586,
18,T8,1890,0.37573544374523155,0.8500956044963967,0.15330500054474933,0.1937322672912546,0.7009991952371827,-0.1409717882336615,0.10896023728978656,0.24176599085330963,0.12105906009674072,0.07920891046524048,0.36282503604888916,0.5521755814552307,0.6868948340415955,2,83,239,"[0.2418, 0.1211, 0.0792, 0.0613, 0.0489, 0.0352, 0.0327, 0.0261, 0.0212, 0.0194]","[0.376, 0.85, 0.153, 0.114, 0.153, 0.028, 0.114, 0.01, 0.013, 0.029]",2000,0.0876941978931427,-0.2219491582280736,
18,R0,1890,-0.6667303916609308,0.46003602328467974,0.4134022986487243,-0.019414399104391255,-0.2594709000633159,0.12423388781095099,-0.04751551236848489,0.20220324397087097,0.13151374459266663,0.09775914251804352,0.3337169885635376,0.5497438907623291,0.6970221400260925,3,58,175,"[0.2022, 0.1315, 0.0978, 0.0709, 0.0474, 0.0405, 0.0336, 0.0288, 0.0226, 0.0219]","[0.667, 0.46, 0.413, 0.095, 0.156, 0.003, 0.187, 0.025, 0.113, 0.069]",2000,0.08467380702495575,0.1552894918133933,
18,R1,1890,-0.09662957982786935,0.9261157360635588,0.10475362841256283,0.08804850854239765,-0.1701292708418394,-0.07721929733775383,-0.1829706726659812,0.2762446701526642,0.20347775518894196,0.08203782886266708,0.47972244024276733,0.6531856656074524,0.7786531448364258,1,27,64,"[0.2762, 0.2035, 0.082, 0.0533, 0.0382, 0.0311, 0.0275, 0.0263, 0.0225, 0.018]","[0.097, 0.926, 0.105, 0.174, 0.119, 0.128, 0.124, 0.037, 0.101, 0.095]",2000,0.13850730657577515,-0.257326287266334,
18,R2,1890,0.22410100920437606,-0.7804555496211488,0.44871302848606825,0.019072165205129207,0.25500742083560757,-0.2342533188319217,0.1263031903998174,0.21925032138824463,0.13563169538974762,0.11824842542409897,0.35488200187683105,0.5707499384880066,0.7054571509361267,2,51,148,"[0.2193, 0.1356, 0.1182, 0.0581, 0.0395, 0.0355, 0.0287, 0.0268, 0.0238, 0.0199]","[0.224, 0.78, 0.449, 0.012, 0.243, 0.116, 0.126, 0.087, 0.063, 0.016]",2000,0.09992464631795883,0.15900741236835325,
18,R3,1890,0.29537073009574544,0.49287779090698347,-0.05400508397399651,-0.12506825374080455,0.2675496607814711,2.370245555901856e-05,-0.054624156407299805,0.68389493227005,0.12453464418649673,0.03845800459384918,0.8084295988082886,0.8801252245903015,0.9177727699279785,3,8,19,"[0.6839, 0.1245, 0.0385, 0.0197, 0.0135, 0.0104, 0.0079, 0.0078, 0.0061, 0.0053]","[0.295, 0.493, 0.054, 0.165, 0.301, 0.542, 0.12, 0.159, 0.001, 0.162]",2000,0.2574167549610138,-0.02779847215866533,
18,R4,1890,0.20057589623777894,-0.44167492071924086,0.41506306782297026,0.04639696492450984,0.2787405270027004,-0.20162209545226675,-0.11779860715680375,0.8472762107849121,0.03523216024041176,0.021493371576070786,0.882508397102356,0.9282503724098206,0.952736496925354,3,3,10,"[0.8473, 0.0352, 0.0215, 0.0165, 0.0078, 0.0063, 0.0055, 0.005, 0.004, 0.0037]","[0.201, 0.442, 0.415, 0.164, 0.503, 0.033, 0.152, 0.275, 0.025, 0.024]",2000,0.10969511419534683,-0.0982464264142659,
18,R5,1890,0.10886183597836949,0.6069715576987418,0.32380010384901653,-0.14157419302164387,0.049022929508291256,0.07047918691017743,-0.116004098360021,0.24218085408210754,0.12523724138736725,0.11565563082695007,0.367418110370636,0.6200582981109619,0.7514110207557678,4,34,71,"[0.2422, 0.1252, 0.1157, 0.0741, 0.0629, 0.0407, 0.0279, 0.0248, 0.0211, 0.0168]","[0.109, 0.607, 0.324, 0.365, 0.301, 0.217, 0.028, 0.118, 0.157, 0.018]",2000,0.09482118487358093,0.19861093660585322,
18,R6,1890,-0.3012504248150109,-0.14498105621574978,0.3557301297516201,0.12033173359718359,-0.25766308904803403,-0.0630336704695825,0.001767339896072975,0.3883061707019806,0.11979690194129944,0.060101915150880814,0.50810307264328,0.6563122272491455,0.7731878161430359,3,38,91,"[0.3883, 0.1198, 0.0601, 0.0461, 0.042, 0.0339, 0.0316, 0.0217, 0.0158, 0.0139]","[0.301, 0.145, 0.356, 0.077, 0.24, 0.024, 0.234, 0.197, 0.12, 0.333]",2000,0.07484281808137894,0.1551161382642042,
18,R7,1890,0.12162704179842598,-0.09853683755656223,-0.25496321628724894,0.08213453646764972,0.46957634438519974,-0.03830696079621133,-0.0534048172722998,0.3446018695831299,0.10032345354557037,0.07773613929748535,0.44492530822753906,0.6310803294181824,0.7552360892295837,1,36,82,"[0.3446, 0.1003, 0.0777, 0.0561, 0.0523, 0.0409, 0.0322, 0.0182, 0.0174, 0.0154]","[0.122, 0.099, 0.255, 0.172, 0.363, 0.063, 0.177, 0.098, 0.117, 0.195]",2000,0.0984107032418251,-0.19740404526339783,
19,T0,1890,0.9034954146229675,-0.02382391858572758,0.030851884087619623,-0.022283494538482117,0.09723597318713681,-0.015049944876098334,-0.1713553472764544,0.44839268922805786,0.09925635904073715,0.06522292643785477,0.5476490259170532,0.6917848587036133,0.7980643510818481,1,26,69,"[0.4484, 0.0993, 0.0652, 0.0429, 0.0361, 0.0306, 0.0241, 0.0197, 0.0175, 0.0144]","[0.903, 0.024, 0.031, 0.003, 0.026, 0.224, 0.001, 0.01, 0.011, 0.084]",2000,0.18044625222682953,-0.5422769986210983,
19,T1,1890,0.8294329551185003,0.195544588897474,0.3191013943876057,-0.01732403409978292,0.2611578172059821,-0.1359208806959121,-0.10057407920908433,0.3138299286365509,0.11994034051895142,0.0953582227230072,0.4337702691555023,0.6316529512405396,0.7616991400718689,2,33,82,"[0.3138, 0.1199, 0.0954, 0.0606, 0.042, 0.0389, 0.0324, 0.0225, 0.0193, 0.017]","[0.829, 0.196, 0.319, 0.261, 0.04, 0.05, 0.071, 0.147, 0.034, 0.119]",2000,0.11211945116519928,-0.3736054466506475,
19,T2,1890,0.5882606102041305,-0.5883731633482364,-0.3485695909939999,0.03950590425586655,0.06016799556382157,-0.013662352266981037,-0.10088579076905475,0.30008944869041443,0.1637086272239685,0.08372218906879425,0.46379807591438293,0.634644627571106,0.7522130608558655,3,33,71,"[0.3001, 0.1637, 0.0837, 0.0511, 0.036, 0.0314, 0.0266, 0.0235, 0.0188, 0.0172]","[0.588, 0.588, 0.349, 0.053, 0.001, 0.021, 0.094, 0.007, 0.108, 0.155]",2000,0.12451864778995514,-0.6039883571316963,
19,T3,1890,0.34746253559858575,-0.8614349428622606,-0.03534449613669447,0.2262025485179126,0.7669325038856503,-0.17989245806503038,0.14902903791281116,0.1967289298772812,0.13954830169677734,0.11190086603164673,0.3362772464752197,0.5702877044677734,0.700756847858429,2,77,237,"[0.1967, 0.1395, 0.1119, 0.0758, 0.0463, 0.0342, 0.0307, 0.0266, 0.0216, 0.0174]","[0.347, 0.861, 0.035, 0.062, 0.181, 0.05, 0.103, 0.033, 0.051, 0.008]",2000,0.06652172654867172,-0.16283373651513539,
19,T4,1890,-0.4138926264172692,-0.7844907777503966,-0.296712708532601,-0.2757551039315855,-0.6905966912551182,0.11041085653854024,-0.15383651966057102,0.19481533765792847,0.12861578166484833,0.10201410949230194,0.323431134223938,0.5356223583221436,0.6880614161491394,2,48,121,"[0.1948, 0.1286, 0.102, 0.0572, 0.053, 0.0416, 0.0388, 0.0283, 0.0229, 0.0209]","[0.414, 0.784, 0.297, 0.167, 0.017, 0.087, 0.143, 0.007, 0.121, 0.067]",2000,0.0764693021774292,0.18103373818621085,
19,T5,1890,0.3961470786666261,-0.28646534580135646,-0.8125421155782919,0.22602255382148223,0.7277733035356805,-0.02819710493454271,0.10585519939178477,0.29651540517807007,0.15967443585395813,0.07104942202568054,0.4561898410320282,0.6017756462097168,0.7113540768623352,2,85,226,"[0.2965, 0.1597, 0.071, 0.0429, 0.0317, 0.0291, 0.0233, 0.0225, 0.0189, 0.0158]","[0.396, 0.286, 0.813, 0.098, 0.051, 0.233, 0.071, 0.104, 0.043, 0.131]",2000,0.08006706088781357,-0.2655511586001412,
19,T6,1890,-0.338850676590009,-0.03435650046758144,-0.8952869587477204,-0.266990739594043,-0.7886086293193452,0.0742277153541446,-0.08360335640396942,0.2553319036960602,0.11867138743400574,0.11474244296550751,0.3740032911300659,0.5753753781318665,0.7019724249839783,2,62,155,"[0.2553, 0.1187, 0.1147, 0.0513, 0.0353, 0.0289, 0.0285, 0.0252, 0.0241, 0.0199]","[0.339, 0.034, 0.895, 0.087, 0.076, 0.052, 0.001, 0.156, 0.039, 0.063]",2000,0.07524722069501877,0.2578565974168095,
19,T7,1890,-0.1112793413437807,0.4813218934881695,-0.4726762191331889,-0.1974536545919607,-0.7012888476420178,0.0757813862322489,-0.10402947856464942,0.4961855709552765,0.11287260800600052,0.0717376172542572,0.6090582013130188,0.747459352016449,0.819084644317627,5,36,135,"[0.4962, 0.1129, 0.0717, 0.0422, 0.0244, 0.02, 0.0186, 0.0129, 0.0113, 0.0088]","[0.111, 0.481, 0.473, 0.338, 0.386, 0.166, 0.174, 0.346, 0.173, 0.017]",2000,0.05916646495461464,0.1190889908808179,
19,T8,1890,0.8644824245459404,-0.24004380746162357,-0.14926861509555822,0.042103312090573164,0.34595383677573444,-0.04956812995045844,-0.09385133837064231,0.22662055492401123,0.17405669391155243,0.07776607573032379,0.40067726373672485,0.581190288066864,0.7111747860908508,1,62,186,"[0.2266, 0.1741, 0.0778, 0.055, 0.0477, 0.039, 0.0306, 0.0241, 0.0199, 0.0163]","[0.864, 0.24, 0.149, 0.115, 0.182, 0.111, 0.14, 0.042, 0.006, 0.059]",2000,0.10955367982387543,-0.46797016088751076,
19,R0,1890,-0.8996069136932631,0.08059877528972421,-0.19067788645741288,0.028836042985987305,-0.11268248239795178,0.0226468941502741,0.13351101375723148,0.2146320641040802,0.14351388812065125,0.0995965451002121,0.35814595222473145,0.5730489492416382,0.7180063128471375,1,46,135,"[0.2146, 0.1435, 0.0996, 0.067, 0.0483, 0.0398, 0.0352, 0.0304, 0.0219, 0.0177]","[0.9, 0.081, 0.191, 0.059, 0.092, 0.018, 0.108, 0.245, 0.073, 0.079]",2000,0.10629639029502869,0.43298154510851333,
19,R1,1890,-0.3633206526445124,0.8779997753179651,0.09190413015028272,-0.051339938292906125,0.0010819460185666806,0.038952037326826346,0.1711308274831985,0.267975777387619,0.2054472267627716,0.07393363118171692,0.4734230041503906,0.6529445648193359,0.7833347320556641,2,26,60,"[0.268, 0.2054, 0.0739, 0.0643, 0.0413, 0.0349, 0.0326, 0.0233, 0.023, 0.0166]","[0.363, 0.878, 0.092, 0.115, 0.002, 0.064, 0.134, 0.132, 0.088, 0.0]",2000,0.14816801249980927,0.6108505755788508,
19,R2,1890,-0.22929782669885257,-0.7417776341207271,0.5098787277832383,-0.01918523953002064,-0.2421944144576543,0.18888005094893512,-0.14524752807548572,0.20858493447303772,0.15478026866912842,0.1144869327545166,0.36336520314216614,0.5800191164016724,0.7195906639099121,2,47,135,"[0.2086, 0.1548, 0.1145, 0.0554, 0.0468, 0.0355, 0.0326, 0.0271, 0.0258, 0.0185]","[0.229, 0.742, 0.51, 0.067, 0.232, 0.181, 0.024, 0.041, 0.097, 0.04]",2000,0.10757637023925781,-0.17146595240346396,
19,R3,1890,-0.21190276863642368,0.5452943916018266,-0.01921399030288711,0.1349540924534693,-0.1819994170722676,-0.10291300859745899,-0.04660679912432143,0.6557035446166992,0.12776373326778412,0.03815603628754616,0.7834672927856445,0.8612262010574341,0.9049021601676941,3,10,23,"[0.6557, 0.1278, 0.0382, 0.0209, 0.0187, 0.0122, 0.0103, 0.0081, 0.0069, 0.0063]","[0.212, 0.545, 0.019, 0.028, 0.397, 0.289, 0.436, 0.011, 0.002, 0.072]",2000,0.2547391653060913,-0.11417821514806853,
19,R4,1890,0.19590192985745725,-0.4779196410139991,0.3903368491186343,0.022485231041735255,0.2601355577201376,-0.17863255872106765,-0.1402266641763571,0.8260478377342224,0.03868379443883896,0.022970115765929222,0.8647316098213196,0.9145467281341553,0.9441388249397278,4,4,12,"[0.826, 0.0387, 0.023, 0.0184, 0.0085, 0.0073, 0.0066, 0.0062, 0.0053, 0.0042]","[0.196, 0.478, 0.39, 0.091, 0.45, 0.028, 0.188, 0.347, 0.08, 0.027]",2000,0.1145552396774292,-0.09562306070476077,
19,R5,1890,-0.1166581190027807,0.5926707549201037,-0.4956365483998948,0.17292339642945947,-0.0066937219331305855,-0.11815558564603183,0.11437643104349546,0.2354121208190918,0.11874675750732422,0.10854100435972214,0.354158878326416,0.5996049642562866,0.7289610505104065,3,40,85,"[0.2354, 0.1187, 0.1085, 0.0769, 0.06, 0.0397, 0.0274, 0.0247, 0.0199, 0.0176]","[0.117, 0.593, 0.496, 0.326, 0.248, 0.073, 0.081, 0.054, 0.102, 0.156]",2000,0.10177111625671387,-0.2066213663788127,
19,R6,1890,0.31207974896326224,-0.164045107127039,0.38064580368578727,-0.13077866307132885,0.27789775126826705,0.0659562065049062,-0.0025265577690290913,0.361316055059433,0.1103910580277443,0.05952221527695656,0.4717071056365967,0.622498631477356,0.747235894203186,3,47,112,"[0.3613, 0.1104, 0.0595, 0.0469, 0.0444, 0.0355, 0.0343, 0.0243, 0.0165, 0.0141]","[0.312, 0.164, 0.381, 0.059, 0.114, 0.09, 0.243, 0.197, 0.152, 0.393]",2000,0.08031822741031647,-0.1577691950170091,
19,R7,1890,0.12201622984818798,-0.08705562627391043,-0.287664340110317,0.08382412419356454,0.46528575044867637,-0.030188777929091134,-0.050145556046565364,0.34934693574905396,0.09229019284248352,0.07448749244213104,0.4416371285915375,0.620995283126831,0.7408942580223083,1,42,96,"[0.3493, 0.0923, 0.0745, 0.0533, 0.0516, 0.0383, 0.0293, 0.0181, 0.0177, 0.0164]","[0.122, 0.087, 0.288, 0.426, 0.062, 0.045, 0.183, 0.072, 0.005, 0.173]",2000,0.09977938234806061,-0.1973634717518851,
20,T0,1890,0.9052553361888784,-0.018485464610712432,-0.006791154477277162,-0.02010132898466622,0.11779251202665271,-0.026005217195107667,-0.16042524295850982,0.46277788281440735,0.08475413173437119,0.060426924377679825,0.5475320219993591,0.6870439052581787,0.7922689318656921,1,28,73,"[0.4628, 0.0848, 0.0604, 0.0439, 0.0351, 0.0288, 0.0247, 0.0198, 0.0177, 0.0143]","[0.905, 0.018, 0.007, 0.077, 0.06, 0.227, 0.014, 0.02, 0.023, 0.093]",2000,0.1805875301361084,-0.5367594525554946,
20,T1,1890,0.8150860674378602,0.27179436103614446,-0.3292862964011176,-0.010917593509265387,0.2988600961001205,-0.11934618246007773,-0.11787736797160364,0.33794263005256653,0.10982806980609894,0.08968710899353027,0.44777071475982666,0.6375552415847778,0.7644016146659851,2,34,84,"[0.3379, 0.1098, 0.0897, 0.0589, 0.0412, 0.0388, 0.0305, 0.0232, 0.0185, 0.0157]","[0.815, 0.272, 0.329, 0.21, 0.035, 0.003, 0.101, 0.136, 0.036, 0.118]",2000,0.10928919166326523,-0.3863755285289471,
20,T2,1890,-0.6525522210802376,-0.515455319325596,-0.33218752013149516,-0.0640550773628372,-0.029818552455395702,0.028489973289758736,0.0933741603733795,0.27707362174987793,0.1611945480108261,0.08133610337972641,0.43826818466186523,0.6156435012817383,0.7338747978210449,3,37,80,"[0.2771, 0.1612, 0.0813, 0.0573, 0.0388, 0.0306, 0.027, 0.0234, 0.0193, 0.0179]","[0.653, 0.515, 0.332, 0.06, 0.104, 0.015, 0.091, 0.064, 0.001, 0.135]",2000,0.13925226032733917,0.6200409506866197,
20,T3,1890,0.7441184799074851,-0.5070510604019616,0.2476279522658575,0.1559139050743654,0.5796930404240527,-0.09488202123106135,0.03907020475762391,0.18389005959033966,0.15836890041828156,0.10945259034633636,0.3422589600086212,0.5753873586654663,0.7071549892425537,2,71,219,"[0.1839, 0.1584, 0.1095, 0.0727, 0.051, 0.0322, 0.0317, 0.0274, 0.0238, 0.0167]","[0.744, 0.507, 0.248, 0.044, 0.139, 0.128, 0.027, 0.017, 0.045, 0.057]",2000,0.08861434459686279,-0.42167905240143105,
20,T4,1890,0.5508755610520405,-0.7137495428412629,-0.2108069161405796,0.23219054215445256,0.5989745679758977,-0.11985157460109973,0.14101124116910407,0.1881072074174881,0.14565344154834747,0.10758966207504272,0.33376064896583557,0.5456194281578064,0.6937471032142639,2,46,115,"[0.1881, 0.1457, 0.1076, 0.0559, 0.0484, 0.0405, 0.0346, 0.0315, 0.0214, 0.0201]","[0.551, 0.714, 0.211, 0.196, 0.037, 0.003, 0.147, 0.047, 0.118, 0.001]",2000,0.08431633561849594,-0.2391271871023393,
20,T5,1890,-0.39544459238498764,-0.30106397625237785,0.8339657726175187,-0.23431769097655764,-0.7287494737121698,0.02411914506008565,-0.11062960527300741,0.2781887948513031,0.15797021985054016,0.0722142681479454,0.43615901470184326,0.5904681086540222,0.7019938230514526,3,85,221,"[0.2782, 0.158, 0.0722, 0.0444, 0.0377, 0.0317, 0.0234, 0.0213, 0.0194, 0.0157]","[0.395, 0.301, 0.834, 0.116, 0.112, 0.149, 0.152, 0.028, 0.009, 0.046]",2000,0.07899261265993118,0.26961955725454934,
20,T6,1890,-0.30245442971623415,0.8257034496811699,0.349248036582165,-0.2725336576239344,-0.7960352787475818,0.08304733379290904,-0.07102709751299266,0.2549411952495575,0.11961311101913452,0.11369573324918747,0.374554306268692,0.5784099102020264,0.7075395584106445,3,59,147,"[0.2549, 0.1196, 0.1137, 0.0528, 0.0373, 0.0356, 0.0277, 0.0233, 0.0229, 0.0196]","[0.302, 0.826, 0.349, 0.015, 0.103, 0.123, 0.009, 0.021, 0.136, 0.008]",2000,0.07846653461456299,0.2576849463681035,
20,T7,1890,-0.16549511032314737,0.4632109955774093,-0.5047026907141353,-0.21384877374802652,-0.711728005727157,0.04843550104056879,-0.14397270944698196,0.49528050422668457,0.11431602388620377,0.06649699807167053,0.6095965504646301,0.7439284324645996,0.817126989364624,4,36,117,"[0.4953, 0.1143, 0.0665, 0.0435, 0.0244, 0.0206, 0.0184, 0.0148, 0.0101, 0.0093]","[0.165, 0.463, 0.505, 0.337, 0.255, 0.067, 0.145, 0.388, 0.095, 0.009]",2000,0.05797191709280014,0.13751045422485703,
20,T8,1890,0.9052184894614489,-0.04201285994313725,0.030485791694471354,-0.04595632529833578,0.12691476539942595,0.00362056901944337,-0.1518699411743243,0.23980125784873962,0.1558043211698532,0.07447612285614014,0.39560556411743164,0.5730141401290894,0.7134557962417603,1,58,173,"[0.2398, 0.1558, 0.0745, 0.0566, 0.0463, 0.0423, 0.0351, 0.0249, 0.0197, 0.0184]","[0.905, 0.042, 0.03, 0.189, 0.102, 0.083, 0.201, 0.026, 0.053, 0.014]",2000,0.11164573580026627,-0.48576148408482106,
20,R0,1890,0.9202236400967927,0.01263312980650429,-0.1215052598342429,-0.021971130399804525,0.12772942756394368,-0.01930271756894871,-0.1617853336981111,0.23007677495479584,0.13122256100177765,0.10095903277397156,0.3612993359565735,0.5908341407775879,0.7240099906921387,1,44,120,"[0.2301, 0.1312, 0.101, 0.0807, 0.0479, 0.0359, 0.0331, 0.025, 0.0214, 0.0178]","[0.92, 0.013, 0.122, 0.015, 0.082, 0.027, 0.126, 0.141, 0.143, 0.099]",2000,0.11891744285821915,-0.5243559919826462,
20,R1,1890,0.8076797008092216,-0.4540914078359978,0.08645868382705234,-0.039718049702294075,0.05002028717995293,-0.04538054566483399,-0.21049611892609488,0.275424987077713,0.19576093554496765,0.08168254047632217,0.47118592262268066,0.659412145614624,0.779071033000946,2,28,62,"[0.2754, 0.1958, 0.0817, 0.069, 0.0375, 0.0335, 0.0325, 0.0192, 0.0179, 0.0166]","[0.808, 0.454, 0.086, 0.095, 0.014, 0.108, 0.049, 0.142, 0.019, 0.027]",2000,0.1629067361354828,-0.7138310497995604,
20,R2,1890,0.8026066613250996,-0.39755109059929694,0.2522936902720143,-0.11709773569390043,0.019826340261461305,0.047176843371825435,-0.28355656225676035,0.18200799822807312,0.17648378014564514,0.10477769374847412,0.35849177837371826,0.5809703469276428,0.7205421924591064,2,45,117,"[0.182, 0.1765, 0.1048, 0.0684, 0.0493, 0.0361, 0.0316, 0.0276, 0.0258, 0.0185]","[0.803, 0.398, 0.252, 0.157, 0.119, 0.043, 0.03, 0.073, 0.146, 0.039]",2000,0.12826725840568542,-0.7113090870839535,
20,R3,1890,-0.36624864760966924,0.4805066771068142,0.001101002864756555,0.11483342787173674,-0.23944922896587953,-0.08461552841834233,0.057368988421175285,0.618669331073761,0.14377160370349884,0.0377303883433342,0.7624409198760986,0.8424217104911804,0.8932875394821167,4,12,27,"[0.6187, 0.1438, 0.0377, 0.0231, 0.0191, 0.0138, 0.0123, 0.0096, 0.0083, 0.0069]","[0.366, 0.481, 0.001, 0.083, 0.292, 0.362, 0.452, 0.016, 0.059, 0.031]",2000,0.2719615399837494,0.10959341734713217,
20,R4,1890,0.25805399073858926,0.49793949690860667,-0.25707944200226585,-0.020209924588534125,0.23506785586845513,-0.12990353216341252,-0.13365711043691234,0.8107367157936096,0.042111705988645554,0.026821132749319077,0.8528484106063843,0.9074882864952087,0.9383272528648376,3,5,14,"[0.8107, 0.0421, 0.0268, 0.0193, 0.0085, 0.008, 0.0067, 0.0064, 0.0057, 0.0041]","[0.258, 0.498, 0.257, 0.101, 0.354, 0.134, 0.114, 0.453, 0.08, 0.029]",2000,0.12837058305740356,-0.13664105462438003,
20,R5,1890,0.13806739507242355,0.7285854729562438,0.33142697579324126,-0.19550091650820475,-0.019310677306804976,0.18443332351884426,-0.1171789833873669,0.21987318992614746,0.11500199139118195,0.10107520967721939,0.3348751664161682,0.5737375617027283,0.7118130326271057,2,45,96,"[0.2199, 0.115, 0.1011, 0.0774, 0.0603, 0.0405, 0.029, 0.0265, 0.0218, 0.0202]","[0.138, 0.729, 0.331, 0.171, 0.245, 0.093, 0.089, 0.03, 0.174, 0.068]",2000,0.1294751614332199,0.20307522587259533,
20,R6,1890,0.2939137327570187,-0.1875467844461925,-0.33790714518074544,-0.14530471769971887,0.26030934119458315,0.06157085173921118,-0.025207730759099618,0.34812361001968384,0.1103508397936821,0.059079669415950775,0.45847445726394653,0.6139570474624634,0.7453723549842834,2,49,119,"[0.3481, 0.1104, 0.0591, 0.0522, 0.0442, 0.0415, 0.0351, 0.0232, 0.0172, 0.0144]","[0.294, 0.188, 0.338, 0.019, 0.184, 0.119, 0.135, 0.253, 0.074, 0.317]",2000,0.08420221507549286,-0.16172402563919228,
20,R7,1890,0.12768571816614652,-0.14983728965182788,0.35440887271802485,0.08691262798171509,0.46302005043562566,-0.02965611470314787,-0.05191165741236634,0.3557208478450775,0.08780622482299805,0.07197679579257965,0.44352707266807556,0.6232396364212036,0.7447358965873718,1,42,99,"[0.3557, 0.0878, 0.072, 0.0579, 0.0499, 0.0424, 0.0267, 0.0194, 0.0169, 0.0161]","[0.128, 0.15, 0.354, 0.191, 0.298, 0.048, 0.17, 0.189, 0.064, 0.097]",2000,0.10503101348876953,-0.19510907093536475,
21,T0,1890,0.9043979275225904,-0.026896444387401353,0.012762596359160628,-0.022776687433231788,0.11610303579845661,-0.019353430719035097,-0.16272092951737602,0.46465328335762024,0.08259903639554977,0.05864717438817024,0.5472522974014282,0.6852813959121704,0.790002703666687,1,29,77,"[0.4647, 0.0826, 0.0586, 0.0431, 0.0363, 0.0289, 0.0254, 0.0193, 0.0172, 0.0139]","[0.904, 0.027, 0.013, 0.096, 0.101, 0.22, 0.01, 0.007, 0.045, 0.068]",2000,0.1823015809059143,-0.5431156908590773,
21,T1,1890,0.808973396914481,0.37060514123983374,0.19889894724784737,-0.01669396115458612,0.3030514889649076,-0.0980542950353494,-0.13401093589130927,0.3357764184474945,0.10761405527591705,0.09654060751199722,0.44339048862457275,0.6378620266914368,0.762699544429779,2,35,89,"[0.3358, 0.1076, 0.0965, 0.0586, 0.0393, 0.0369, 0.0312, 0.0233, 0.018, 0.0155]","[0.809, 0.371, 0.199, 0.235, 0.048, 0.049, 0.103, 0.119, 0.047, 0.044]",2000,0.10437504947185516,-0.38555604515152775,
21,T2,1890,0.6915808370853761,-0.45774583896595883,0.2741444579004081,0.07143515380339432,-0.002801965644126103,-0.020849066140655636,-0.11577513005094961,0.2744533121585846,0.15971985459327698,0.07583123445510864,0.4341731667518616,0.6192888021469116,0.7299748659133911,2,38,84,"[0.2745, 0.1597, 0.0758, 0.0648, 0.0444, 0.0291, 0.024, 0.0222, 0.0184, 0.017]","[0.692, 0.458, 0.274, 0.113, 0.187, 0.011, 0.08, 0.036, 0.084, 0.083]",2000,0.14104357361793518,-0.6300799765351933,
21,T3,1890,0.6665693529349801,-0.6072241367758733,-0.24269147278802367,0.1800406261387791,0.6462331363239143,-0.1214282162793266,0.06634537400241226,0.18687765300273895,0.15444648265838623,0.10554071515798569,0.3413241505622864,0.5718651413917542,0.7034725546836853,2,77,234,"[0.1869, 0.1544, 0.1055, 0.0748, 0.0502, 0.0322, 0.0306, 0.0284, 0.0232, 0.0171]","[0.667, 0.607, 0.243, 0.037, 0.145, 0.117, 0.041, 0.015, 0.051, 0.044]",2000,0.08462178707122803,-0.3684569576878331,
21,T4,1890,0.6833345981937631,-0.5611496932374701,-0.23643109654559633,0.18722755942516744,0.49021075321183394,-0.10834868076845977,0.10190849783966349,0.1808946579694748,0.14368101954460144,0.10528693348169327,0.32457566261291504,0.5337198376655579,0.6926001906394958,2,47,115,"[0.1809, 0.1437, 0.1053, 0.0537, 0.0502, 0.0429, 0.0409, 0.0309, 0.0241, 0.0201]","[0.683, 0.561, 0.236, 0.216, 0.092, 0.061, 0.032, 0.103, 0.077, 0.03]",2000,0.08204922825098038,-0.3016312719509851,
21,T5,1890,-0.41958889411492284,-0.29013754427497146,0.8252236115771466,-0.23237014324152241,-0.732825393491926,0.02872123224914758,-0.11589919957554407,0.27519702911376953,0.1578376144170761,0.07257844507694244,0.43303465843200684,0.5864816308021545,0.6985118389129639,2,91,236,"[0.2752, 0.1578, 0.0726, 0.0446, 0.0363, 0.0315, 0.0241, 0.0217, 0.0185, 0.0162]","[0.42, 0.29, 0.825, 0.227, 0.109, 0.119, 0.147, 0.014, 0.013, 0.033]",2000,0.08197740465402603,0.27339731978153753,
21,T6,1890,-0.2872735762346302,0.3452539125812353,-0.8224079138741215,-0.27281391854872006,-0.7937248162972471,0.0920643730630502,-0.07454625121873408,0.24532286822795868,0.11832856386899948,0.11538448929786682,0.36365142464637756,0.5726450085639954,0.7046191692352295,2,58,142,"[0.2453, 0.1183, 0.1154, 0.0547, 0.0389, 0.0358, 0.0279, 0.0245, 0.0243, 0.0195]","[0.287, 0.345, 0.822, 0.012, 0.177, 0.084, 0.005, 0.088, 0.034, 0.004]",2000,0.08123157918453217,0.23600725521705865,
21,T7,1890,-0.15976897935458967,0.49008628939360516,-0.5297349446063393,-0.22097359217502383,-0.7146162069862919,0.050922310326051705,-0.1418967825315279,0.49992451071739197,0.11112849414348602,0.06095603108406067,0.6110529899597168,0.7387422919273376,0.8124630451202393,4,38,126,"[0.4999, 0.1111, 0.061, 0.0413, 0.0255, 0.021, 0.0188, 0.0143, 0.0104, 0.0092]","[0.16, 0.49, 0.53, 0.314, 0.293, 0.039, 0.148, 0.396, 0.012, 0.054]",2000,0.06087498739361763,0.138592640627634,
21,T8,1890,0.8983832750693731,0.053705865791273164,-0.07709856985109126,-0.03419847699730202,0.18890289655455142,-0.009212948848301157,-0.15326484519665518,0.21590490639209747,0.1493023782968521,0.07834356278181076,0.3652072846889496,0.5558399558067322,0.7012338638305664,1,62,177,"[0.2159, 0.1493, 0.0783, 0.0587, 0.0536, 0.0443, 0.0368, 0.0235, 0.0219, 0.0189]","[0.898, 0.054, 0.077, 0.183, 0.156, 0.015, 0.202, 0.045, 0.01, 0.076]",2000,0.10473868250846863,-0.46199612834140136,
21,R0,1890,0.9158045701883017,-0.031327712293144135,-0.13635329175814817,-0.028139657586887974,0.15303324127420717,-0.010093190349005026,-0.17053966885879618,0.2164362668991089,0.1297750473022461,0.10218212753534317,0.346211314201355,0.5849788784980774,0.7188789248466492,1,47,133,"[0.2164, 0.1298, 0.1022, 0.0904, 0.0462, 0.0367, 0.035, 0.0234, 0.021, 0.0178]","[0.916, 0.031, 0.136, 0.036, 0.066, 0.103, 0.053, 0.147, 0.187, 0.051]",2000,0.112209752202034,-0.5122504431010632,
21,R1,1890,0.7893541169986485,-0.46895073228873374,-0.09003580155401278,-0.039688681638677094,0.0592203878991925,-0.01991396325426661,-0.20780469168134127,0.26431602239608765,0.1926962286233902,0.08665993809700012,0.45701223611831665,0.6500600576400757,0.772650420665741,2,29,64,"[0.2643, 0.1927, 0.0867, 0.0657, 0.0407, 0.0373, 0.0314, 0.0191, 0.0183, 0.0164]","[0.789, 0.469, 0.09, 0.087, 0.002, 0.131, 0.029, 0.047, 0.189, 0.063]",2000,0.16095244884490967,-0.7301120914430979,
21,R2,1890,0.8503472945445538,-0.36008853306913413,0.12105479530373088,-0.09569134149247865,0.09243034715776942,0.005387874433475126,-0.1748351576107907,0.1861727088689804,0.18282674252986908,0.09209875017404556,0.3689994513988495,0.5980734825134277,0.7333964109420776,2,40,100,"[0.1862, 0.1828, 0.0921, 0.0851, 0.0518, 0.0408, 0.0295, 0.024, 0.0232, 0.0178]","[0.85, 0.36, 0.121, 0.191, 0.091, 0.079, 0.087, 0.015, 0.076, 0.026]",2000,0.1291685700416565,-0.4592691067398349,
21,R3,1890,-0.3493937702101082,0.44999953010019844,-0.04600273722674416,0.08390214242962073,-0.22168499545800563,-0.08947659775752503,0.08229050608967073,0.6046459674835205,0.15813995897769928,0.03303997218608856,0.7627859115600586,0.8396359086036682,0.8934877514839172,4,12,27,"[0.6046, 0.1581, 0.033, 0.0258, 0.018, 0.0147, 0.0136, 0.01, 0.0088, 0.0068]","[0.349, 0.45, 0.046, 0.084, 0.35, 0.55, 0.088, 0.045, 0.105, 0.04]",2000,0.2852974236011505,0.1351629871024976,
21,R4,1890,0.23600894445907336,0.5507128450062918,-0.14061855091668243,-0.018730429808634635,0.21337279952089666,-0.1047422373387048,-0.0664404478742009,0.7501364350318909,0.05406618118286133,0.0375671312212944,0.8042026162147522,0.8748803734779358,0.9163855910301208,2,8,20,"[0.7501, 0.0541, 0.0376, 0.0221, 0.011, 0.0106, 0.0092, 0.0076, 0.0074, 0.0067]","[0.236, 0.551, 0.141, 0.084, 0.227, 0.292, 0.137, 0.483, 0.138, 0.064]",2000,0.14964410662651062,-0.04199661668228872,
21,R5,1890,0.08547386206721726,-0.7958088483155673,0.2610444522824242,-0.20989937470239314,-0.026283620703648553,0.1975512463609453,-0.1156359911130157,0.19073183834552765,0.11335943639278412,0.10232045501470566,0.30409127473831177,0.5358752012252808,0.6784168481826782,1,55,117,"[0.1907, 0.1134, 0.1023, 0.0722, 0.0573, 0.0424, 0.0282, 0.0273, 0.0232, 0.0216]","[0.085, 0.796, 0.261, 0.117, 0.141, 0.182, 0.025, 0.017, 0.237, 0.023]",2000,0.1493365466594696,0.241852771875724,
21,R6,1890,0.2926767361149503,0.1666561883636636,-0.1667573385820943,-0.1460168489915779,0.33291594990475676,0.04804374030706043,-0.032284095290990786,0.3206769824028015,0.10823134332895279,0.0701800286769867,0.4289083182811737,0.5999934077262878,0.7261511087417603,1,58,138,"[0.3207, 0.1082, 0.0702, 0.0556, 0.0453, 0.0382, 0.0333, 0.0217, 0.0184, 0.0146]","[0.293, 0.167, 0.167, 0.355, 0.086, 0.044, 0.064, 0.254, 0.006, 0.254]",2000,0.08838992565870285,-0.19497083907297558,
21,R7,1890,0.11456269262542766,0.1554878079068936,0.3716680892439516,0.08550360285472001,0.4534543558719491,-0.026933026911483086,-0.04420238808380059,0.35058581829071045,0.08479135483503342,0.07077951729297638,0.43537718057632446,0.6169872879981995,0.7329608201980591,2,47,111,"[0.3506, 0.0848, 0.0708, 0.0576, 0.0532, 0.0398, 0.0241, 0.0191, 0.017, 0.016]","[0.115, 0.155, 0.372, 0.318, 0.188, 0.034, 0.155, 0.201, 0.083, 0.045]",2000,0.11378327012062073,-0.18976946773941358,
22,T0,1890,-0.9051654606933358,-0.022478927120872592,0.02370158374702512,0.023049879625149823,-0.11977702558431588,0.01663155028637914,0.1605071082694183,0.45626184344291687,0.08545731753110886,0.05769066512584686,0.5417191386222839,0.6769589185714722,0.7852417230606079,1,30,84,"[0.4563, 0.0855, 0.0577, 0.0423, 0.0352, 0.0303, 0.0261, 0.0203, 0.0168, 0.0148]","[0.905, 0.022, 0.024, 0.111, 0.119, 0.201, 0.075, 0.037, 0.045, 0.046]",2000,0.17904098331928253,0.5450230779002982,
22,T1,1890,0.7898851156764292,0.45935885349230565,0.06445001699343655,-0.02949562144224285,0.3178428066530498,-0.06885787799326845,-0.1585265587174628,0.340093195438385,0.11360397934913635,0.08906862139701843,0.45369717478752136,0.6410987377166748,0.7635815143585205,2,35,91,"[0.3401, 0.1136, 0.0891, 0.0608, 0.0375, 0.0335, 0.0325, 0.0219, 0.0181, 0.0164]","[0.79, 0.459, 0.064, 0.204, 0.139, 0.022, 0.084, 0.098, 0.015, 0.003]",2000,0.10130087286233902,-0.3924676436126938,
22,T2,1890,0.7985790692743588,0.3495459478086976,0.16314281591140203,0.04383311362980433,-0.053125361067155305,-0.04573241639353632,-0.13185978508176252,0.2668800950050354,0.17368657886981964,0.07996028661727905,0.44056665897369385,0.6214792728424072,0.7310300469398499,2,39,86,"[0.2669, 0.1737, 0.08, 0.0607, 0.0403, 0.0284, 0.0258, 0.021, 0.0181, 0.0163]","[0.799, 0.35, 0.163, 0.069, 0.297, 0.108, 0.027, 0.069, 0.007, 0.082]",2000,0.16695967316627502,-0.64587901301817,
22,T3,1890,0.5938415570800613,-0.6898014901263276,0.21708532535142916,0.19374413499702642,0.6917755337263592,-0.1220225624160971,0.08908463820893975,0.18917042016983032,0.15015734732151031,0.10428913682699203,0.33932775259017944,0.5665915608406067,0.6960482001304626,2,85,250,"[0.1892, 0.1502, 0.1043, 0.0754, 0.0476, 0.0311, 0.0301, 0.0282, 0.0226, 0.0175]","[0.594, 0.69, 0.217, 0.056, 0.149, 0.106, 0.021, 0.028, 0.05, 0.036]",2000,0.08105094730854034,-0.320885092801145,
22,T4,1890,0.5908099493346047,-0.5078216196926608,-0.4824934624083596,0.24130899436682052,0.6062278148848409,-0.10027478863924376,0.12723815845079806,0.1688474714756012,0.14077194035053253,0.11860603094100952,0.3096194267272949,0.5383837223052979,0.6957011222839355,3,46,113,"[0.1688, 0.1408, 0.1186, 0.056, 0.0542, 0.0421, 0.0386, 0.029, 0.0274, 0.0202]","[0.591, 0.508, 0.482, 0.103, 0.246, 0.027, 0.029, 0.105, 0.041, 0.064]",2000,0.07267160713672638,-0.2745439596518485,
22,T5,1890,-0.45008408696067054,-0.2698561001651658,0.8341365743418263,-0.23698434867859686,-0.7370238860511771,0.02567053810563896,-0.1188343748279901,0.25932711362838745,0.1611110121011734,0.07520364969968796,0.42043811082839966,0.5746906399726868,0.687697172164917,2,103,260,"[0.2593, 0.1611, 0.0752, 0.0432, 0.0359, 0.0328, 0.0248, 0.0221, 0.0178, 0.0155]","[0.45, 0.27, 0.834, 0.133, 0.099, 0.002, 0.074, 0.009, 0.016, 0.048]",2000,0.0814162939786911,0.2846058755069171,
22,T6,1890,-0.3227828432228556,0.7764331617021649,-0.3726974169574486,-0.2664574339989329,-0.780333503995758,0.11131453874310693,-0.0828610681309183,0.2428341954946518,0.11966877430677414,0.11332601308822632,0.36250296235084534,0.5733311176300049,0.706841766834259,3,56,136,"[0.2428, 0.1197, 0.1133, 0.056, 0.0415, 0.0374, 0.0287, 0.0249, 0.0235, 0.0191]","[0.323, 0.776, 0.373, 0.034, 0.175, 0.149, 0.003, 0.081, 0.036, 0.009]",2000,0.08454801887273788,0.24155108429012015,
22,T7,1890,-0.16621600327770528,0.4951840760242406,-0.6224012091655549,-0.21876555435033218,-0.7135180167719558,0.04637233010101012,-0.1328359873727646,0.4772875905036926,0.11003812402486801,0.062117014080286026,0.5873256921768188,0.7168492674827576,0.7948213815689087,4,47,152,"[0.4773, 0.11, 0.0621, 0.04, 0.0274, 0.0218, 0.0188, 0.0148, 0.0115, 0.011]","[0.166, 0.495, 0.622, 0.243, 0.333, 0.049, 0.146, 0.322, 0.09, 0.12]",2000,0.060909852385520935,0.1414503964395939,
22,T8,1890,0.8918192255973706,0.015152518885059753,-0.12244755031945627,-0.05630766267950593,0.15219006337510646,-0.009283666609118751,-0.16875039647269133,0.21591055393218994,0.14028258621692657,0.08646782487630844,0.3561931252479553,0.557645857334137,0.6966601014137268,1,63,181,"[0.2159, 0.1403, 0.0865, 0.061, 0.054, 0.0407, 0.0361, 0.0234, 0.0205, 0.0183]","[0.892, 0.015, 0.122, 0.132, 0.185, 0.047, 0.196, 0.045, 0.05, 0.121]",2000,0.10436207056045532,-0.45606817015934314,
22,R0,1890,0.9061030512999858,0.15801317845796223,-0.1063493437170974,-0.03265753224082103,0.176272042471393,-0.028581733392033834,-0.16407062814565782,0.20131096243858337,0.13463331758975983,0.09762834757566452,0.3359442949295044,0.5790567398071289,0.7145336270332336,1,49,136,"[0.2013, 0.1346, 0.0976, 0.0903, 0.0552, 0.0389, 0.0312, 0.026, 0.0206, 0.0187]","[0.906, 0.158, 0.106, 0.072, 0.038, 0.016, 0.056, 0.178, 0.074, 0.134]",2000,0.11950528621673584,-0.5063345824224377,
22,R1,1890,0.7136737091120965,0.5632507303691675,-0.03629489455789502,-0.03911502564487086,0.05199040006543655,-0.044505979981283174,-0.239937309733299,0.2680339515209198,0.1858203411102295,0.08176429569721222,0.4538542926311493,0.6636149883270264,0.7810637950897217,2,28,62,"[0.268, 0.1858, 0.0818, 0.0672, 0.0608, 0.036, 0.027, 0.0207, 0.0178, 0.016]","[0.714, 0.563, 0.036, 0.05, 0.107, 0.085, 0.015, 0.012, 0.153, 0.045]",2000,0.1745140701532364,-0.7871451006024222,
22,R2,1890,0.8406249476672552,-0.29614134966414724,0.00840603061492843,-0.06943380520257025,0.11045911451613788,-0.028242709222788376,-0.20183670654765837,0.2247064709663391,0.16522057354450226,0.08922967314720154,0.3899270296096802,0.6337871551513672,0.766122043132782,1,32,72,"[0.2247, 0.1652, 0.0892, 0.0859, 0.0687, 0.0413, 0.0274, 0.0244, 0.0229, 0.0163]","[0.841, 0.296, 0.008, 0.016, 0.072, 0.09, 0.02, 0.079, 0.102, 0.081]",2000,0.1680024415254593,-0.7527456838415877,
22,R3,1890,-0.34885412848704,0.43756823823242247,-0.09493326376000749,0.09259609608760824,-0.18578488494602483,-0.11538380311786595,0.05156534926774928,0.5867611169815063,0.1692260503768921,0.031353339552879333,0.7559871673583984,0.8339772820472717,0.8905627131462097,3,12,28,"[0.5868, 0.1692, 0.0314, 0.0286, 0.0181, 0.0172, 0.0132, 0.0105, 0.0087, 0.007]","[0.349, 0.438, 0.095, 0.14, 0.572, 0.264, 0.086, 0.054, 0.024, 0.021]",2000,0.2941627502441406,0.12660555076927918,
22,R4,1890,-0.14333052634882665,0.5872777898322498,0.033997191679888815,0.0687118137903906,-0.2242690706797522,0.06953118665705509,-0.00254216498338164,0.6690905690193176,0.10903553664684296,0.046269968152046204,0.7781261205673218,0.857025146484375,0.9021232724189758,2,10,24,"[0.6691, 0.109, 0.0463, 0.0207, 0.012, 0.0116, 0.0095, 0.0084, 0.0079, 0.0077]","[0.143, 0.587, 0.034, 0.121, 0.095, 0.082, 0.232, 0.153, 0.071, 0.401]",2000,0.2361319214105606,-0.16550243671131637,
22,R5,1890,-0.27773731608067403,-0.7113762544979497,-0.08126087988335284,-0.15330635003484247,0.08294812408262146,0.09654392625553804,0.09579508144131348,0.21075403690338135,0.13839741051197052,0.09016455709934235,0.3491514325141907,0.5502200126647949,0.6889253854751587,3,56,120,"[0.2108, 0.1384, 0.0902, 0.0576, 0.0533, 0.0401, 0.0284, 0.0273, 0.0239, 0.0191]","[0.278, 0.711, 0.081, 0.341, 0.171, 0.354, 0.199, 0.121, 0.023, 0.007]",2000,0.24064306914806366,0.6511766560213761,
22,R6,1890,0.3098269909554044,-0.17942449864982168,0.007907370739436708,-0.10356741351244497,0.3398288616162963,0.049071165715734624,-0.034622166695580485,0.3003581762313843,0.10767506808042526,0.07643894851207733,0.40803325176239014,0.5885747075080872,0.7061147093772888,3,66,155,"[0.3004, 0.1077, 0.0764, 0.0619, 0.0422, 0.0338, 0.0296, 0.0213, 0.0178, 0.0151]","[0.31, 0.179, 0.008, 0.439, 0.019, 0.014, 0.002, 0.282, 0.202, 0.329]",2000,0.11057659983634949,-0.2535697297004108,
22,R7,1890,0.14033159339843618,-0.31155903019571446,0.4950767954448623,0.062300284386367026,0.4452943030728973,-0.01935545721344455,-0.06267110636435345,0.33815720677375793,0.09419963508844376,0.06587540358304977,0.4323568344116211,0.6052918434143066,0.7138384580612183,2,54,128,"[0.3382, 0.0942, 0.0659, 0.0576, 0.0495, 0.0344, 0.0228, 0.0188, 0.0171, 0.0155]","[0.14, 0.312, 0.495, 0.025, 0.064, 0.049, 0.208, 0.046, 0.004, 0.096]",2000,0.13131101429462433,-0.22890649170221697,
23,T0,1890,-0.9069520787090668,-0.044158190247481986,0.017284371871410204,0.0335318524876349,-0.10973145269052498,0.022296036668776487,0.15955506999675617,0.4262048602104187,0.0905279591679573,0.059576790779829025,0.5167328119277954,0.661470890045166,0.7746472358703613,1,33,90,"[0.4262, 0.0905, 0.0596, 0.0457, 0.0395, 0.0325, 0.0279, 0.0206, 0.0176, 0.0146]","[0.907, 0.044, 0.017, 0.111, 0.154, 0.154, 0.182, 0.009, 0.081, 0.096]",2000,0.17379339039325714,0.5468629919223739,
23,T1,1890,0.8028737469037108,0.44041598804612064,-0.11244050816412357,-0.053119284048516784,0.2848778263068423,-0.0361797911604658,-0.18889672312171177,0.3275705873966217,0.11876437813043594,0.08383964747190475,0.44633495807647705,0.6366508603096008,0.7593145966529846,2,35,87,"[0.3276, 0.1188, 0.0838, 0.0667, 0.0398, 0.0356, 0.033, 0.0204, 0.0172, 0.0165]","[0.803, 0.44, 0.112, 0.144, 0.163, 0.002, 0.148, 0.083, 0.006, 0.075]",2000,0.09720205515623093,-0.3833845125353554,
23,T2,1890,-0.8805194043428252,-0.09393859264299373,-0.09532618126445824,0.021156155022334627,0.09434891453951376,0.022724330003122312,0.14906115820404625,0.2936061918735504,0.15903210639953613,0.081771120429039,0.45263829827308655,0.6326271891593933,0.7339733242988586,1,39,86,"[0.2936, 0.159, 0.0818, 0.0636, 0.0346, 0.0263, 0.0226, 0.0195, 0.0174, 0.0156]","[0.881, 0.094, 0.095, 0.04, 0.282, 0.057, 0.073, 0.097, 0.03, 0.005]",2000,0.16591376066207886,0.574414438740097,
23,T3,1890,0.49632541224510635,-0.7392150322338675,0.3101398297939604,0.1732285276457706,0.682941701473499,-0.1447230298579235,0.10458334933956366,0.20053112506866455,0.14301416277885437,0.11101719737052917,0.3435452878475189,0.5726828575134277,0.7004140615463257,3,85,247,"[0.2005, 0.143, 0.111, 0.0757, 0.0425, 0.0295, 0.0288, 0.027, 0.0224, 0.0201]","[0.496, 0.739, 0.31, 0.117, 0.145, 0.144, 0.051, 0.004, 0.061, 0.026]",2000,0.07350717484951019,-0.23768247669240275,
23,T4,1890,0.37448691330380957,0.6774543696203653,-0.5033957229495194,0.30564130902936026,0.7476555286779234,-0.05011341156561815,0.1339970053212155,0.17360585927963257,0.1443832367658615,0.11648128926753998,0.3179891109466553,0.5480855107307434,0.7053680419921875,3,45,111,"[0.1736, 0.1444, 0.1165, 0.0605, 0.0531, 0.0429, 0.0365, 0.0299, 0.0281, 0.02]","[0.374, 0.677, 0.503, 0.117, 0.125, 0.142, 0.119, 0.081, 0.087, 0.052]",2000,0.06787483394145966,-0.23674281492577368,
23,T5,1890,-0.4585822588773442,0.2572235471625172,0.8340692242540373,-0.25073904416201404,-0.7245667164484684,0.03122503047165002,-0.14280874623908796,0.2506032884120941,0.15765680372714996,0.07740585505962372,0.4082601070404053,0.5641331076622009,0.6757171750068665,2,113,285,"[0.2506, 0.1577, 0.0774, 0.0426, 0.0359, 0.0335, 0.0241, 0.0212, 0.0179, 0.0149]","[0.459, 0.257, 0.834, 0.083, 0.042, 0.076, 0.057, 0.041, 0.009, 0.047]",2000,0.07928143441677094,0.2888074666991186,
23,T6,1890,-0.3118940089433656,0.738047327745594,-0.4211613825751891,-0.2615883117227176,-0.7751928187240105,0.12235001996483451,-0.0881047964870752,0.2200227826833725,0.1361091583967209,0.12211592495441437,0.3561319410800934,0.5773820877075195,0.7110186815261841,3,53,126,"[0.22, 0.1361, 0.1221, 0.0571, 0.042, 0.0377, 0.0284, 0.024, 0.023, 0.0205]","[0.312, 0.738, 0.421, 0.01, 0.169, 0.145, 0.101, 0.08, 0.094, 0.05]",2000,0.0896761491894722,0.22658154204251255,
23,T7,1890,-0.2029798425506205,-0.46393190121642547,-0.6029376437387574,-0.20971601938384749,-0.7305319113177909,0.05628540155175544,-0.12453938159368767,0.4648941457271576,0.10325057804584503,0.05913412570953369,0.5681447386741638,0.7027726769447327,0.7873755097389221,3,50,157,"[0.4649, 0.1033, 0.0591, 0.046, 0.0295, 0.0242, 0.018, 0.0161, 0.0146, 0.0117]","[0.203, 0.464, 0.603, 0.288, 0.148, 0.228, 0.133, 0.056, 0.343, 0.115]",2000,0.056335337460041046,0.14602118665254346,
23,T8,1890,0.87522038964049,0.029293377112923086,0.1935330346402836,-0.09747205296241228,0.08981750332633077,-0.029565687139300606,-0.17882737010649277,0.23281161487102509,0.11917752772569656,0.10533583164215088,0.35198915004730225,0.5733693242073059,0.7074159979820251,1,56,158,"[0.2328, 0.1192, 0.1053, 0.0662, 0.0498, 0.0397, 0.0331, 0.0225, 0.0197, 0.019]","[0.875, 0.029, 0.194, 0.157, 0.16, 0.141, 0.147, 0.01, 0.107, 0.054]",2000,0.09965580701828003,-0.41863502203768743,
23,R0,1890,-0.9015919388764944,-0.1606796878848721,0.19814882552974267,0.09279000081881626,-0.11157254859173822,0.011608072024826709,0.20793431917645314,0.20371779799461365,0.14349378645420074,0.0992966890335083,0.3472115993499756,0.5828291177749634,0.7145835161209106,1,47,123,"[0.2037, 0.1435, 0.0993, 0.0837, 0.0527, 0.0366, 0.0278, 0.0251, 0.0231, 0.0191]","[0.902, 0.161, 0.198, 0.083, 0.065, 0.013, 0.028, 0.175, 0.068, 0.136]",2000,0.11650462448596954,0.5008750428732933,
23,R1,1890,0.8810108634951079,-0.22231989322492496,0.010588755184144628,-0.11392579150395724,0.027761582962239757,-0.05402514628584311,-0.23859338741491506,0.2387704849243164,0.20974522829055786,0.08174863457679749,0.44851571321487427,0.6558204293251038,0.7832894325256348,1,28,63,"[0.2388, 0.2097, 0.0817, 0.0705, 0.055, 0.0406, 0.0305, 0.023, 0.0187, 0.0147]","[0.881, 0.222, 0.011, 0.048, 0.078, 0.191, 0.168, 0.067, 0.164, 0.109]",2000,0.15892742574214935,-0.6678594717551251,
23,R2,1890,-0.841251328679102,0.11462966156422952,-0.006208378438394053,0.12795563324122744,0.035586850036456105,0.038512788767331475,0.1162266566597785,0.2255759835243225,0.15382808446884155,0.08894693851470947,0.37940406799316406,0.6055789589881897,0.7568143606185913,2,32,70,"[0.2256, 0.1538, 0.0889, 0.0773, 0.0599, 0.0514, 0.0366, 0.0228, 0.0216, 0.0188]","[0.841, 0.115, 0.006, 0.067, 0.088, 0.37, 0.147, 0.082, 0.025, 0.157]",2000,0.13985426723957062,0.4795385178190544,
23,R3,1890,0.35843440850093783,0.4696286997873386,-0.11932453220620047,-0.08033021299128307,0.19349449452404419,0.10350500630606176,-0.04441084228998295,0.6597958207130432,0.1529274433851242,0.02492821216583252,0.8127232789993286,0.8720275163650513,0.9152342677116394,3,8,21,"[0.6598, 0.1529, 0.0249, 0.0205, 0.0139, 0.0129, 0.0104, 0.0081, 0.0064, 0.0054]","[0.358, 0.47, 0.119, 0.147, 0.557, 0.284, 0.037, 0.002, 0.016, 0.038]",2000,0.284967839717865,-0.1774893699957258,
23,R4,1890,0.17779240505592178,-0.5854539547254819,-0.05048274355871759,-0.05320967075273486,0.15125993727585588,-0.062031061906948494,-0.01272781851774996,0.6603868007659912,0.10135171562433243,0.04313226416707039,0.7617385387420654,0.8425893783569336,0.892002522945404,1,12,26,"[0.6604, 0.1014, 0.0431, 0.0205, 0.0172, 0.0135, 0.0109, 0.0098, 0.0078, 0.0074]","[0.178, 0.585, 0.05, 0.082, 0.047, 0.104, 0.087, 0.092, 0.048, 0.285]",2000,0.2203831821680069,0.13885569115030233,
23,R5,1890,-0.3533742744455024,-0.6347034578057339,-0.1412358379259822,-0.11943070148701147,0.04692729452013125,0.024064816141924985,0.1554180305148536,0.2215622067451477,0.13614632189273834,0.0826510563492775,0.35770851373672485,0.5453904271125793,0.6795711517333984,4,60,129,"[0.2216, 0.1361, 0.0827, 0.0552, 0.0498, 0.0386, 0.028, 0.0274, 0.0229, 0.0173]","[0.353, 0.635, 0.141, 0.321, 0.203, 0.444, 0.196, 0.033, 0.032, 0.012]",2000,0.26190996170043945,0.731328785764543,
23,R6,1890,0.26784329002395624,0.1424085818239861,0.213920771315746,-0.1136744323708079,0.4372638275425789,0.040700337776793195,-0.03279877279596709,0.28771156072616577,0.1132037490606308,0.07910202443599701,0.40091532468795776,0.5882222056388855,0.7106959819793701,2,63,151,"[0.2877, 0.1132, 0.0791, 0.0591, 0.0491, 0.0371, 0.0347, 0.0188, 0.0168, 0.0152]","[0.268, 0.142, 0.214, 0.305, 0.09, 0.173, 0.065, 0.126, 0.448, 0.09]",2000,0.09513415396213531,-0.21040478445235752,
23,R7,1890,0.14205672749418527,-0.19161348546937715,-0.546847569257887,0.05024574706974933,0.4387709907401616,-0.022420788535452568,-0.053829474304749984,0.35584884881973267,0.08349533379077911,0.06318255513906479,0.4393441677093506,0.6014241576194763,0.7202372550964355,1,52,125,"[0.3558, 0.0835, 0.0632, 0.0531, 0.0458, 0.0351, 0.0251, 0.0234, 0.0192, 0.0161]","[0.142, 0.192, 0.547, 0.099, 0.039, 0.069, 0.168, 0.199, 0.005, 0.021]",2000,0.11728283017873764,-0.21670919774123484,
24,T0,1890,-0.9109650137981127,0.044054647859384344,-0.013581012687964035,0.03128846510292763,-0.11174093148407621,0.0195289274933921,0.16026568141179856,0.40112704038619995,0.09765477478504181,0.05814540758728981,0.49878180027008057,0.6463055610656738,0.7668088674545288,1,35,94,"[0.4011, 0.0977, 0.0581, 0.0484, 0.0409, 0.0345, 0.0289, 0.0232, 0.018, 0.0159]","[0.911, 0.044, 0.014, 0.116, 0.141, 0.13, 0.165, 0.042, 0.073, 0.068]",2000,0.1670718938112259,0.5463145827667628,
24,T1,1890,0.8206979833825068,0.4582447997618814,-0.041218405077397276,-0.046903415755071426,0.2733888376818713,-0.04141213532052301,-0.17202938260685033,0.33518296480178833,0.13170243799686432,0.0876862034201622,0.46688538789749146,0.6545120477676392,0.7716478109359741,2,33,81,"[0.3352, 0.1317, 0.0877, 0.0628, 0.0371, 0.0352, 0.0323, 0.0177, 0.0168, 0.0151]","[0.821, 0.458, 0.041, 0.11, 0.074, 0.095, 0.019, 0.081, 0.034, 0.032]",2000,0.10596533119678497,-0.39061967608833303,
24,T2,1890,0.8839037202130327,-0.08572240364685214,-0.13044059079078085,-0.015183184610568348,-0.09022665320926222,-0.04961113757860568,-0.16042943997768655,0.34720951318740845,0.12963803112506866,0.07845950126647949,0.4768475294113159,0.6533465385437012,0.7525220513343811,1,37,83,"[0.3472, 0.1296, 0.0785, 0.0648, 0.0333, 0.0239, 0.0225, 0.0208, 0.0177, 0.0143]","[0.884, 0.086, 0.13, 0.033, 0.259, 0.117, 0.065, 0.03, 0.055, 0.085]",2000,0.17824368178844452,-0.5969246901273808,
24,T3,1890,0.5030967513791017,-0.5569367798539658,0.556918177738195,0.16393762084945268,0.6892693174983148,-0.13711495391390602,0.10189827927861748,0.22571514546871185,0.13147032260894775,0.11604468524456024,0.3571854829788208,0.5853725075721741,0.704683244228363,3,85,250,"[0.2257, 0.1315, 0.116, 0.0745, 0.0377, 0.0274, 0.0262, 0.025, 0.0206, 0.0201]","[0.503, 0.557, 0.557, 0.132, 0.14, 0.087, 0.112, 0.036, 0.047, 0.07]",2000,0.07241334766149521,-0.23327927044299293,
24,T4,1890,0.26562554027994906,0.7655583207679895,-0.4303037145503012,0.3272273522343078,0.7791449569048507,-0.02894249293842562,0.16289339942203626,0.17073720693588257,0.1380663961172104,0.11582209169864655,0.30880361795425415,0.555489182472229,0.7118014693260193,2,45,111,"[0.1707, 0.1381, 0.1158, 0.0741, 0.0568, 0.0425, 0.0359, 0.0308, 0.0275, 0.0195]","[0.266, 0.766, 0.43, 0.036, 0.053, 0.281, 0.134, 0.048, 0.026, 0.043]",2000,0.06916885077953339,-0.1961695839131194,
24,T5,1890,-0.44091511710820136,-0.13588950805815095,0.8608984013512829,-0.25879661129323017,-0.7386739424933775,0.04017332858407035,-0.1432761595029792,0.2828679084777832,0.14997869729995728,0.07700452208518982,0.4328466057777405,0.5834162831306458,0.6881245374679565,2,111,287,"[0.2829, 0.15, 0.077, 0.0386, 0.035, 0.0305, 0.022, 0.0216, 0.0166, 0.0141]","[0.441, 0.136, 0.861, 0.08, 0.01, 0.109, 0.025, 0.019, 0.008, 0.053]",2000,0.07486946135759354,0.2882343240364894,
24,T6,1890,-0.3057492021717296,0.7222830515414291,-0.43092569482342125,-0.2726931930825291,-0.7852937951890931,0.12549445260241937,-0.09966582744811164,0.21201153099536896,0.1420837640762329,0.11703817546367645,0.3540952801704407,0.5743924975395203,0.7127653360366821,3,51,121,"[0.212, 0.1421, 0.117, 0.0573, 0.046, 0.0421, 0.0296, 0.0242, 0.0224, 0.0202]","[0.306, 0.722, 0.431, 0.042, 0.067, 0.222, 0.084, 0.03, 0.139, 0.062]",2000,0.09484919905662537,0.22991419348815237,
24,T7,1890,-0.20703356357112265,-0.4344506286742476,0.4587539123747115,-0.21438988523181138,-0.7471497325678084,0.04984989563032203,-0.1173509926655668,0.4697314202785492,0.09836523979902267,0.05792955309152603,0.5680966377258301,0.7082144618034363,0.7876317501068115,4,52,162,"[0.4697, 0.0984, 0.0579, 0.052, 0.0301, 0.0223, 0.0175, 0.0154, 0.0132, 0.0111]","[0.207, 0.434, 0.459, 0.525, 0.125, 0.267, 0.087, 0.161, 0.341, 0.1]",2000,0.05448661744594574,0.14837329435092225,
24,T8,1890,0.8725404314564938,0.21623692035613118,-0.05268809680544952,-0.10301508801829704,0.07786254066576917,-0.05959026731568387,-0.1663567470151895,0.25598910450935364,0.11009493470191956,0.10581561177968979,0.3660840392112732,0.5844758152961731,0.7119425535202026,1,55,155,"[0.256, 0.1101, 0.1058, 0.066, 0.0465, 0.0373, 0.0306, 0.022, 0.02, 0.0176]","[0.873, 0.216, 0.053, 0.193, 0.128, 0.105, 0.165, 0.031, 0.062, 0.128]",2000,0.10564234852790833,-0.4157684762243051,
24,R0,1890,-0.8687094628038199,0.20019258895659864,-0.2729491520924682,0.10899969303946201,-0.06766016237846002,0.027826440614277408,0.19856961430962408,0.2041603922843933,0.1469227373600006,0.09967679530382156,0.3510831296443939,0.5861924886703491,0.714024543762207,1,47,124,"[0.2042, 0.1469, 0.0997, 0.0826, 0.0528, 0.0359, 0.0259, 0.0254, 0.0221, 0.0185]","[0.869, 0.2, 0.273, 0.039, 0.079, 0.042, 0.088, 0.143, 0.096, 0.14]",2000,0.1112283393740654,0.44011514229771476,
24,R1,1890,0.8966158945940846,-0.10896233271870479,-0.021333129846183095,-0.12595614435580105,-0.007993403026051168,-0.056151859642856336,-0.2121094987095554,0.281049519777298,0.18172824382781982,0.07805023342370987,0.4627777636051178,0.6688810586929321,0.7888230681419373,1,27,61,"[0.281, 0.1817, 0.0781, 0.0703, 0.0577, 0.0377, 0.0294, 0.0209, 0.0179, 0.014]","[0.897, 0.109, 0.021, 0.018, 0.033, 0.21, 0.177, 0.084, 0.194, 0.016]",2000,0.1718292534351349,-0.622356039343526,
24,R2,1890,0.866155250691118,-0.1247418958869752,0.014191257516007055,-0.0789121958047861,-0.03195919616661218,-0.026550819519392976,-0.16205815654900624,0.3367176949977875,0.13869038224220276,0.08090043067932129,0.47540807723999023,0.6793091297149658,0.7947790622711182,1,26,56,"[0.3367, 0.1387, 0.0809, 0.0659, 0.0571, 0.0371, 0.0273, 0.0188, 0.0177, 0.0145]","[0.866, 0.125, 0.014, 0.072, 0.075, 0.292, 0.059, 0.1, 0.13, 0.069]",2000,0.18796321749687195,-0.6383366298780186,
24,R3,1890,0.3329969622591664,0.4893102990726214,-0.10661651640305506,-0.034593446074994344,0.19769145608250813,0.06815189414813765,-0.009077681035692271,0.6867310404777527,0.1432768553495407,0.024171583354473114,0.8300079107284546,0.8851580023765564,0.9234098196029663,4,7,19,"[0.6867, 0.1433, 0.0242, 0.0178, 0.0132, 0.0112, 0.0091, 0.0072, 0.0056, 0.0051]","[0.333, 0.489, 0.107, 0.137, 0.533, 0.331, 0.003, 0.001, 0.02, 0.01]",2000,0.27732253074645996,-0.09087320203527108,
24,R4,1890,0.2192814811333638,-0.5747735612621772,-0.019311135973396176,0.005595369720093571,0.21961320972983442,-0.05029849477362868,-0.07858793568466133,0.6186874508857727,0.11539571732282639,0.04183829575777054,0.7340831756591797,0.8279571533203125,0.8854049444198608,1,12,28,"[0.6187, 0.1154, 0.0418, 0.0287, 0.0234, 0.0152, 0.0135, 0.0107, 0.0098, 0.0083]","[0.219, 0.575, 0.019, 0.023, 0.054, 0.013, 0.178, 0.018, 0.027, 0.168]",2000,0.22675472497940063,0.03236076320663714,
24,R5,1890,0.38893134059648354,0.5817604529058538,0.04262836864639994,0.13247863889530156,0.007407956481129143,-0.06283854191724458,-0.15482572708496276,0.20944057404994965,0.14197856187820435,0.09705623984336853,0.3514191508293152,0.5528714656829834,0.6843289732933044,4,59,128,"[0.2094, 0.142, 0.0971, 0.0556, 0.0488, 0.036, 0.0296, 0.0282, 0.0208, 0.0169]","[0.389, 0.582, 0.043, 0.175, 0.224, 0.403, 0.371, 0.13, 0.035, 0.035]",2000,0.2731150984764099,-0.7349104717808462,
24,R6,1890,0.24659373871127302,-0.1620073801307118,-0.2452727807079377,-0.12743899347424412,0.46557982087622196,0.04592025267059562,-0.04174185086598894,0.3024525046348572,0.10761409997940063,0.0830245316028595,0.4100666046142578,0.5964515805244446,0.7191329002380371,0,61,147,"[0.3025, 0.1076, 0.083, 0.0558, 0.0476, 0.0397, 0.0336, 0.0202, 0.0151, 0.0141]","[0.247, 0.162, 0.245, 0.287, 0.129, 0.061, 0.247, 0.047, 0.212, 0.25]",2000,0.08905646950006485,-0.18912159348417273,
24,R7,1890,0.1343113000225862,-0.04717276749908768,0.5932566977458876,0.05679143180666975,0.4387856302711552,-0.029352438062198487,-0.03443818653794185,0.36655333638191223,0.07797718793153763,0.06284153461456299,0.44453051686286926,0.6018192172050476,0.7220674157142639,1,53,129,"[0.3666, 0.078, 0.0628, 0.0528, 0.0417, 0.0323, 0.0285, 0.0226, 0.0201, 0.0167]","[0.134, 0.047, 0.593, 0.068, 0.049, 0.076, 0.114, 0.135, 0.037, 0.021]",2000,0.10938960313796997,-0.18752467496012648,
25,T0,1890,-0.914245189832118,0.03458633959071924,0.052329760222225775,0.03190376509633198,-0.11115092596848289,0.008825420344871349,0.16007242562543822,0.38701194524765015,0.110589399933815,0.05645059794187546,0.49760133028030396,0.6447657346725464,0.7658715844154358,1,35,94,"[0.387, 0.1106, 0.0565, 0.0502, 0.0405, 0.0343, 0.0288, 0.0237, 0.0184, 0.016]","[0.914, 0.035, 0.052, 0.142, 0.106, 0.028, 0.195, 0.032, 0.118, 0.022]",2000,0.16151049733161926,0.5458261451281686,
25,T1,1890,0.8852160475663873,-0.29023880698706367,0.029407877336858085,-0.03908366540019665,0.17155684825812867,-0.04514736818321921,-0.13686341527580365,0.31667619943618774,0.19854633510112762,0.08449552208185196,0.5152225494384766,0.6943379044532776,0.7984625101089478,1,27,67,"[0.3167, 0.1985, 0.0845, 0.056, 0.0387, 0.0332, 0.0266, 0.0163, 0.0147, 0.0133]","[0.885, 0.29, 0.029, 0.159, 0.047, 0.095, 0.044, 0.056, 0.001, 0.099]",2000,0.09627627581357956,-0.38031707766497075,
25,T2,1890,-0.8724509244864987,-0.07344104404829696,-0.12189944245091917,0.0022897360293259337,0.09096592082996321,0.08071997666158898,0.1423472080540182,0.3738096058368683,0.11066781729459763,0.06873412430286407,0.4844774305820465,0.6529993414878845,0.7537477016448975,1,36,79,"[0.3738, 0.1107, 0.0687, 0.0658, 0.0339, 0.0261, 0.0226, 0.0202, 0.0168, 0.015]","[0.872, 0.073, 0.122, 0.168, 0.227, 0.13, 0.098, 0.059, 0.011, 0.163]",2000,0.1708832085132599,0.5609513336302977,
25,T3,1890,0.41940988659419404,-0.3507761603866151,-0.7712404845321965,0.20970533834804775,0.7337529732078021,-0.10155788434751695,0.14992060154396566,0.25651606917381287,0.1262013465166092,0.1077766865491867,0.38271743059158325,0.5959936380386353,0.7139925956726074,3,84,251,"[0.2565, 0.1262, 0.1078, 0.07, 0.0355, 0.0287, 0.0264, 0.023, 0.0206, 0.0193]","[0.419, 0.351, 0.771, 0.115, 0.135, 0.107, 0.021, 0.048, 0.072, 0.084]",2000,0.06931613385677338,-0.19024930423324005,
25,T4,1890,0.32958021019352457,0.8145772279879097,-0.24517287968532944,0.29373608145818486,0.7679019084495233,-0.07170442774515588,0.14374197003918654,0.17155615985393524,0.12982648611068726,0.11462373286485672,0.3013826608657837,0.5428341031074524,0.7056621313095093,2,45,116,"[0.1716, 0.1298, 0.1146, 0.0701, 0.0567, 0.0419, 0.0404, 0.0356, 0.0257, 0.0192]","[0.33, 0.815, 0.245, 0.095, 0.069, 0.056, 0.272, 0.141, 0.008, 0.041]",2000,0.07238632440567017,-0.22993646549447205,
25,T5,1890,-0.4295044476285591,-0.16185400894476837,0.8661281094776051,-0.25761739297491354,-0.7357454023310488,0.03577814341554847,-0.14165036083352267,0.27377498149871826,0.15754063427448273,0.06999600678682327,0.4313156008720398,0.5748765468597412,0.6773406863212585,2,119,299,"[0.2738, 0.1575, 0.07, 0.0381, 0.0355, 0.0304, 0.0222, 0.0211, 0.0156, 0.0131]","[0.43, 0.162, 0.866, 0.127, 0.033, 0.078, 0.003, 0.027, 0.009, 0.042]",2000,0.0710894763469696,0.2764094111811704,
25,T6,1890,0.30774114496368155,0.754585516333838,0.3537045935351337,0.2728544376649332,0.7917952878589686,-0.11268495966951565,0.10009299313699843,0.20378988981246948,0.14511172473430634,0.11343655735254288,0.348901629447937,0.5699763298034668,0.7099074721336365,3,51,119,"[0.2038, 0.1451, 0.1134, 0.0586, 0.0491, 0.0434, 0.0297, 0.0257, 0.0213, 0.0198]","[0.308, 0.755, 0.354, 0.092, 0.051, 0.243, 0.096, 0.069, 0.127, 0.049]",2000,0.0973074808716774,-0.2264973845186328,
25,T7,1890,-0.19269138288077234,-0.41396634783927333,-0.6458010207543518,-0.20458992171578233,-0.7348224243225923,0.04933462143751008,-0.11776902586272235,0.4686725437641144,0.09761175513267517,0.05514136701822281,0.5662842988967896,0.7038845419883728,0.784101128578186,4,54,170,"[0.4687, 0.0976, 0.0551, 0.0527, 0.0298, 0.0219, 0.0195, 0.0148, 0.013, 0.0111]","[0.193, 0.414, 0.646, 0.156, 0.143, 0.317, 0.059, 0.01, 0.3, 0.156]",2000,0.055645182728767395,0.144513144776567,
25,T8,1890,0.8885303682760245,0.20356713702227242,-0.09804375806349806,-0.10558186176709462,0.054320896125319595,-0.05890165834697144,-0.15594126791976587,0.2321498990058899,0.1175784021615982,0.10280656814575195,0.3497282862663269,0.5644717216491699,0.6976898312568665,1,58,165,"[0.2321, 0.1176, 0.1028, 0.0657, 0.0463, 0.0391, 0.0309, 0.0243, 0.0203, 0.0186]","[0.889, 0.204, 0.098, 0.149, 0.119, 0.072, 0.154, 0.025, 0.054, 0.077]",2000,0.1085171103477478,-0.426222706690693,
25,R0,1890,-0.8704716675958555,0.20843191883366954,-0.25719069875951045,0.12263143134977589,-0.0594834028558584,0.03537305044871211,0.1978953873388921,0.18775147199630737,0.15312355756759644,0.10337251424789429,0.3408750295639038,0.5762448310852051,0.7072092294692993,1,49,130,"[0.1878, 0.1531, 0.1034, 0.0808, 0.0512, 0.0347, 0.0283, 0.0257, 0.0236, 0.0187]","[0.87, 0.208, 0.257, 0.08, 0.069, 0.101, 0.164, 0.054, 0.121, 0.075]",2000,0.10390502214431763,0.43204407934250744,
25,R1,1890,0.39570892249397327,0.8301617448603558,-0.009857875541645952,-0.13234002659569802,0.061039551865546895,-0.06899583472973791,0.056104186584792395,0.2868756651878357,0.19640570878982544,0.12160281836986542,0.48328137397766113,0.7200722694396973,0.8188757300376892,2,23,52,"[0.2869, 0.1964, 0.1216, 0.0629, 0.0523, 0.029, 0.0249, 0.0174, 0.0161, 0.0115]","[0.396, 0.83, 0.01, 0.032, 0.016, 0.235, 0.061, 0.018, 0.238, 0.06]",2000,0.1513352245092392,-0.05581479758744881,
25,R2,1890,0.39376320660004055,-0.7845635631021806,-0.06973364825161642,-0.07698318831857498,0.04308120246897348,-0.03105303243898382,0.004982975018479451,0.383095920085907,0.18664151430130005,0.08416169136762619,0.569737434387207,0.7502204775810242,0.8397858142852783,3,20,44,"[0.3831, 0.1866, 0.0842, 0.053, 0.0433, 0.0284, 0.0199, 0.0163, 0.0136, 0.0114]","[0.394, 0.785, 0.07, 0.035, 0.035, 0.334, 0.049, 0.208, 0.033, 0.132]",2000,0.13052628934383392,-0.045089172044052564,
25,R3,1890,-0.2734021256017893,0.4860265778754339,0.026804260351393747,0.04488301869903911,-0.11039653804575889,-0.09219279334284707,-0.01886474215284334,0.6975167989730835,0.12942393124103546,0.030560607090592384,0.8269407153129578,0.887323260307312,0.9240900278091431,3,7,19,"[0.6975, 0.1294, 0.0306, 0.0173, 0.0125, 0.0107, 0.0084, 0.0067, 0.0057, 0.0053]","[0.273, 0.486, 0.027, 0.175, 0.39, 0.483, 0.029, 0.012, 0.03, 0.007]",2000,0.26403504610061646,0.030359408625866974,
25,R4,1890,0.27494106696223364,0.3332013148309185,-0.504727773945551,0.003925020519944506,0.19850385720143168,0.009198480825269731,-0.1608401759764413,0.5753626823425293,0.0904122143983841,0.07125040143728256,0.6657748818397522,0.8228027820587158,0.8899785280227661,2,12,26,"[0.5754, 0.0904, 0.0713, 0.0521, 0.0337, 0.0231, 0.0149, 0.0111, 0.0096, 0.0084]","[0.275, 0.333, 0.505, 0.039, 0.04, 0.015, 0.141, 0.093, 0.12, 0.067]",2000,0.15164293348789215,-0.19587791865381363,
25,R5,1890,0.28860016347715867,-0.6640685786227957,-0.017235774112126515,0.1964634852401185,0.04520473814213014,-0.13469171834335927,-0.09436790652411016,0.20492732524871826,0.15525080263614655,0.10073570907115936,0.3601781129837036,0.5649950504302979,0.6940646171569824,2,56,121,"[0.2049, 0.1553, 0.1007, 0.0554, 0.0487, 0.0368, 0.0289, 0.0264, 0.0198, 0.0172]","[0.289, 0.664, 0.017, 0.137, 0.112, 0.504, 0.13, 0.186, 0.075, 0.001]",2000,0.2557103633880615,-0.6425190690647857,
25,R6,1890,-0.2004279683834242,-0.16188238219731627,-0.2575370474918428,0.13878586457368478,-0.47281028080661236,-0.04056227762923928,0.0470482902059823,0.32974138855934143,0.10974712669849396,0.08343306183815002,0.4394885301589966,0.6201947927474976,0.7414073348045349,1,53,130,"[0.3297, 0.1097, 0.0834, 0.052, 0.0453, 0.0416, 0.0301, 0.0202, 0.0168, 0.0125]","[0.2, 0.162, 0.258, 0.184, 0.209, 0.125, 0.307, 0.105, 0.16, 0.087]",2000,0.07173991203308105,0.1515184067433479,
25,R7,1890,-0.11075715220083808,0.1798146456294982,0.5395354298142193,-0.054288874508266756,-0.4265501002861892,0.04468715440688002,0.020849372892176164,0.4078727662563324,0.07726430147886276,0.054406020790338516,0.48513707518577576,0.6290174126625061,0.7428191900253296,1,47,118,"[0.4079, 0.0773, 0.0544, 0.0518, 0.0377, 0.0303, 0.027, 0.0214, 0.0197, 0.0155]","[0.111, 0.18, 0.54, 0.068, 0.041, 0.163, 0.041, 0.108, 0.115, 0.12]",2000,0.08967959880828857,0.15673234228157676,
26,T0,1890,-0.9143152753189847,0.03862576901676724,0.09862585395919729,0.03386362754398376,-0.10467548018041321,0.006424880788873619,0.16287206013982047,0.38293638825416565,0.11437734216451645,0.055309418588876724,0.4973137378692627,0.6447927355766296,0.7657651305198669,1,35,96,"[0.3829, 0.1144, 0.0553, 0.0522, 0.04, 0.0333, 0.0284, 0.0242, 0.0189, 0.0161]","[0.914, 0.039, 0.099, 0.101, 0.104, 0.013, 0.198, 0.036, 0.132, 0.055]",2000,0.156595841050148,0.5390489251572759,
26,T1,1890,0.9252619669319491,-0.05641775359163525,0.03141978326141589,-0.004624419109833056,0.03290689634799948,-0.06645937762843208,-0.07017666929093971,0.310458779335022,0.22568504512310028,0.07467346638441086,0.5361438393592834,0.7051001787185669,0.8058566451072693,1,26,64,"[0.3105, 0.2257, 0.0747, 0.0566, 0.0377, 0.0309, 0.0247, 0.0165, 0.0144, 0.0142]","[0.925, 0.056, 0.031, 0.168, 0.059, 0.111, 0.05, 0.005, 0.044, 0.094]",2000,0.09298773854970932,-0.3548376174351739,
26,T2,1890,-0.8678011073883918,-0.10107423602189317,-0.14613348887496905,0.01181203587183071,0.1011428970108289,0.07373236718844643,0.14289327254669099,0.3545131981372833,0.11286766827106476,0.07326677441596985,0.4673808813095093,0.6419721245765686,0.7482141852378845,1,38,86,"[0.3545, 0.1129, 0.0733, 0.0657, 0.0356, 0.0291, 0.0253, 0.0218, 0.0154, 0.0147]","[0.868, 0.101, 0.146, 0.137, 0.228, 0.041, 0.14, 0.012, 0.15, 0.088]",2000,0.1685868352651596,0.5507695015308459,
26,T3,1890,0.4295519841536607,-0.20807620389764445,-0.8172976795563909,0.19808083436256183,0.7232980394091952,-0.10400518658018419,0.1468130315525645,0.25356999039649963,0.12613046169281006,0.10486279428005219,0.3797004520893097,0.591285765171051,0.7076237201690674,2,97,277,"[0.2536, 0.1261, 0.1049, 0.0713, 0.0354, 0.0279, 0.0264, 0.0227, 0.0203, 0.019]","[0.43, 0.208, 0.817, 0.123, 0.105, 0.074, 0.048, 0.068, 0.084, 0.044]",2000,0.06527695059776306,-0.19597066885667727,
26,T4,1890,0.44915040742932427,0.7724414393778826,0.06860019583696846,0.24883250566651982,0.7475029742228559,-0.026569546903942278,0.04958661062605023,0.18008089065551758,0.13161104917526245,0.11030115187168121,0.31169193983078003,0.5424526333808899,0.7063223123550415,2,46,119,"[0.1801, 0.1316, 0.1103, 0.0634, 0.057, 0.045, 0.0406, 0.0337, 0.0246, 0.0201]","[0.449, 0.772, 0.069, 0.084, 0.066, 0.176, 0.266, 0.092, 0.003, 0.057]",2000,0.07101546227931976,-0.310559809871346,
26,T5,1890,-0.4465608055013223,-0.21706026313844914,0.8449317137510747,-0.24293444459097177,-0.7269310963372485,0.03341804575475156,-0.13264379835989334,0.25804874300956726,0.15241801738739014,0.07515385001897812,0.4104667603969574,0.5605641007423401,0.6682429313659668,2,133,330,"[0.258, 0.1524, 0.0752, 0.0388, 0.0362, 0.0319, 0.0239, 0.0213, 0.0173, 0.0133]","[0.447, 0.217, 0.845, 0.018, 0.08, 0.127, 0.003, 0.019, 0.022, 0.053]",2000,0.07529254257678986,0.2920163306096338,
26,T6,1890,0.37663882735545035,0.7588322194118992,0.2789367662217665,0.2553628772347023,0.7800482913064553,-0.09848258383412134,0.08837944523940232,0.2065468281507492,0.15550313889980316,0.1089470386505127,0.36204996705055237,0.5741891860961914,0.7122080326080322,2,50,116,"[0.2065, 0.1555, 0.1089, 0.0564, 0.0468, 0.0422, 0.0299, 0.0265, 0.0205, 0.0188]","[0.377, 0.759, 0.279, 0.081, 0.093, 0.218, 0.092, 0.065, 0.116, 0.032]",2000,0.09849287569522858,-0.2608521492667973,
26,T7,1890,-0.17098334426035036,-0.4197711657959712,-0.4512886686862789,-0.20711378303370329,-0.7447047029034453,0.05371173684168549,-0.11427578296212003,0.4667765498161316,0.09422314167022705,0.05569334328174591,0.5609996914863586,0.699971616268158,0.7808518409729004,4,58,188,"[0.4668, 0.0942, 0.0557, 0.0533, 0.03, 0.0216, 0.0194, 0.0153, 0.014, 0.0106]","[0.171, 0.42, 0.451, 0.464, 0.099, 0.42, 0.091, 0.086, 0.24, 0.167]",2000,0.05893067270517349,0.13626026831714394,
26,T8,1890,0.8837836876827153,0.1835841867570276,-0.07407315056100394,-0.09709584433078039,0.06475100387268568,-0.06404716622375735,-0.14823049996150006,0.2380514144897461,0.11990788578987122,0.09942126274108887,0.3579593002796173,0.5740066766738892,0.7029628157615662,1,59,169,"[0.2381, 0.1199, 0.0994, 0.0705, 0.0461, 0.0366, 0.0301, 0.0228, 0.0208, 0.0187]","[0.884, 0.184, 0.074, 0.224, 0.12, 0.079, 0.131, 0.047, 0.105, 0.084]",2000,0.10578730702400208,-0.4112833054516379,
26,R0,1890,-0.8920927854167304,0.1577051356500599,-0.23990121747285587,0.11332323827204203,-0.026262162920871038,0.07335263715074539,0.15439626817941243,0.18756984174251556,0.14676567912101746,0.09974957257509232,0.3343355059623718,0.5664628744125366,0.6992576122283936,1,53,143,"[0.1876, 0.1468, 0.0997, 0.0807, 0.0516, 0.0355, 0.0289, 0.025, 0.0242, 0.0191]","[0.892, 0.158, 0.24, 0.003, 0.082, 0.096, 0.08, 0.159, 0.112, 0.08]",2000,0.10579880326986313,0.4346124910712943,
26,R1,1890,-0.45444516473077107,0.8053542153188935,0.085115045613839,0.13269394767226164,-0.04797574912070944,0.08352248141966177,-0.06579512910360966,0.26932376623153687,0.19327481091022491,0.1284821629524231,0.4625985622406006,0.7121243476867676,0.8127081394195557,2,24,56,"[0.2693, 0.1933, 0.1285, 0.0683, 0.0528, 0.0297, 0.0251, 0.0182, 0.0156, 0.0121]","[0.454, 0.805, 0.085, 0.011, 0.03, 0.237, 0.064, 0.066, 0.222, 0.046]",2000,0.14093594253063202,0.06327712720488483,
26,R2,1890,-0.5019019931038985,-0.7345709735201492,-0.004134679662586616,0.08729943060224545,-0.03519988528832971,0.03504807839446075,0.0005697092963718881,0.30141204595565796,0.1954311728477478,0.1207006499171257,0.49684321880340576,0.72697514295578,0.8250346779823303,3,22,50,"[0.3014, 0.1954, 0.1207, 0.0566, 0.0528, 0.0308, 0.0234, 0.017, 0.0143, 0.0125]","[0.502, 0.735, 0.004, 0.043, 0.002, 0.338, 0.12, 0.16, 0.027, 0.141]",2000,0.1289679855108261,0.10746782824399624,
26,R3,1890,-0.23493234018675915,0.5349229552815795,0.03346224329326964,0.0712446940309294,-0.07733243756281628,-0.08106615116320962,-0.013684616302775898,0.6808741688728333,0.1276271641254425,0.03258654475212097,0.8085013628005981,0.8752212524414062,0.915123701095581,2,8,21,"[0.6809, 0.1276, 0.0326, 0.0203, 0.0138, 0.0121, 0.0087, 0.007, 0.0066, 0.0055]","[0.235, 0.535, 0.033, 0.106, 0.578, 0.265, 0.01, 0.008, 0.062, 0.015]",2000,0.2579825222492218,-0.0704810900254397,
26,R4,1890,0.33196572307772554,0.21132028817618861,-0.5275283618592673,-0.04269916713451477,0.19538046562847933,0.08897497145046258,-0.18431429481095754,0.5151684284210205,0.12047640234231949,0.07547654211521149,0.6356448531150818,0.8126435875892639,0.8844242691993713,2,13,27,"[0.5152, 0.1205, 0.0755, 0.0681, 0.0334, 0.0254, 0.0161, 0.0121, 0.0096, 0.0085]","[0.332, 0.211, 0.528, 0.028, 0.003, 0.02, 0.161, 0.128, 0.072, 0.02]",2000,0.14491048455238342,-0.2454480354220091,
26,R5,1890,0.21520891730868028,0.6704882388155254,-0.07561083615665884,0.24301645168976138,0.11283133813326433,-0.1486467684279785,-0.0631678861425786,0.19813179969787598,0.15576401352882385,0.10855428129434586,0.35389581322669983,0.5701605677604675,0.6964179277420044,2,55,121,"[0.1981, 0.1558, 0.1086, 0.0588, 0.0489, 0.0355, 0.0272, 0.0251, 0.0199, 0.0185]","[0.215, 0.67, 0.076, 0.141, 0.13, 0.503, 0.014, 0.216, 0.11, 0.028]",2000,0.24634653329849243,-0.5917398081561704,
26,R6,1890,0.2177219447803016,-0.1689120980233711,0.2764898487768897,-0.14186275281299437,0.4906695064892812,0.04764201001469849,-0.05348059528284312,0.3303616940975189,0.10862897336483002,0.07370401173830032,0.43899065256118774,0.6124895811080933,0.7351822257041931,0,56,137,"[0.3304, 0.1086, 0.0737, 0.052, 0.0478, 0.0399, 0.0287, 0.0222, 0.0183, 0.0136]","[0.218, 0.169, 0.276, 0.104, 0.211, 0.155, 0.299, 0.177, 0.049, 0.072]",2000,0.06706588715314865,-0.1643712413903397,
26,R7,1890,-0.09894356535013489,0.2294424608098369,-0.4563134915464467,-0.052167889031019196,-0.42455176325859895,0.045308853662747034,0.01521711061457455,0.4075479209423065,0.07637139409780502,0.053287528455257416,0.48391932249069214,0.6195291876792908,0.7370940446853638,1,51,127,"[0.4075, 0.0764, 0.0533, 0.0451, 0.0372, 0.0319, 0.0277, 0.0218, 0.0202, 0.0159]","[0.099, 0.229, 0.456, 0.237, 0.012, 0.122, 0.082, 0.147, 0.015, 0.225]",2000,0.08329495042562485,0.14350471146946187,
27,T0,1890,0.910939877148869,0.05561863141732153,0.1375489662102224,-0.04395131895483685,0.0906162687514445,0.0050228305816024076,-0.1748227458584779,0.3881656527519226,0.11375734955072403,0.05735174939036369,0.5019230246543884,0.65095055103302,0.7732114195823669,1,33,92,"[0.3882, 0.1138, 0.0574, 0.0512, 0.0405, 0.0352, 0.0278, 0.0242, 0.0193, 0.0158]","[0.911, 0.056, 0.138, 0.002, 0.086, 0.011, 0.201, 0.053, 0.101, 0.05]",2000,0.15499572455883026,-0.5376967008214388,
27,T1,1890,0.9147283086808619,-0.15786747777101295,0.0002224754601846984,-0.030957140929213107,0.09902004917921925,-0.04578343615699435,-0.122742728145796,0.31656354665756226,0.22358937561511993,0.07552655041217804,0.540152907371521,0.7079595923423767,0.809415876865387,1,25,62,"[0.3166, 0.2236, 0.0755, 0.0548, 0.0375, 0.0314, 0.0249, 0.017, 0.0143, 0.0137]","[0.915, 0.158, 0.0, 0.171, 0.058, 0.072, 0.091, 0.024, 0.013, 0.12]",2000,0.08850828558206558,-0.3652476128890101,
27,T2,1890,-0.8605798005096844,-0.11350255785843459,-0.14561642388685372,0.008616603022825802,0.10581179571652384,0.07631461000095313,0.13374585663115998,0.36392658948898315,0.10250402241945267,0.07298121601343155,0.4664306044578552,0.6404651403427124,0.7506234645843506,1,38,86,"[0.3639, 0.1025, 0.073, 0.0662, 0.0348, 0.0315, 0.0259, 0.0231, 0.0154, 0.0142]","[0.861, 0.114, 0.146, 0.148, 0.239, 0.074, 0.104, 0.054, 0.089, 0.116]",2000,0.18410024046897888,0.5524655670121046,
27,T3,1890,0.42636793706225784,-0.11276756593818536,-0.8237391395647111,0.18543113278081622,0.7120049239913409,-0.11230879005731018,0.15187927629687456,0.2792825400829315,0.1321408450603485,0.09922678023576736,0.41142338514328003,0.6091180443763733,0.717235803604126,2,95,275,"[0.2793, 0.1321, 0.0992, 0.0659, 0.0326, 0.0266, 0.0242, 0.0215, 0.0187, 0.0171]","[0.426, 0.113, 0.824, 0.154, 0.115, 0.002, 0.066, 0.081, 0.096, 0.028]",2000,0.06273236870765686,-0.19179243267110277,
27,T4,1890,0.4428304023977674,0.7812321059533336,-0.06526822854786458,0.23800274118302753,0.7591591019463525,-0.024696857897741432,0.07217718851936901,0.1963861733675003,0.12036726623773575,0.10548408329486847,0.31675344705581665,0.5405129790306091,0.7078642249107361,2,47,124,"[0.1964, 0.1204, 0.1055, 0.0613, 0.0569, 0.0468, 0.0408, 0.0346, 0.024, 0.021]","[0.443, 0.781, 0.065, 0.05, 0.03, 0.208, 0.248, 0.11, 0.013, 0.068]",2000,0.07031498849391937,-0.30344488196627706,
27,T5,1890,-0.45973483309380747,-0.24127491211726798,0.8232453736525576,-0.23930158218662181,-0.7253681290757761,0.03329868577830367,-0.1258003963363803,0.25667548179626465,0.15008831024169922,0.07542460411787033,0.40676379203796387,0.5558927059173584,0.6628534197807312,2,145,356,"[0.2567, 0.1501, 0.0754, 0.0384, 0.0353, 0.0315, 0.0233, 0.0213, 0.0178, 0.0131]","[0.46, 0.241, 0.823, 0.014, 0.107, 0.142, 0.001, 0.009, 0.04, 0.062]",2000,0.07607125490903854,0.2938162966203741,
27,T6,1890,0.41981838429846646,0.7513452585523698,-0.18587209333312882,0.23666590280721664,0.7595865749262614,-0.09225243791262785,0.08306113776348927,0.20790265500545502,0.16041076183319092,0.1055135652422905,0.36831343173980713,0.5775918960571289,0.7166891098022461,2,49,113,"[0.2079, 0.1604, 0.1055, 0.0588, 0.045, 0.0436, 0.03, 0.0262, 0.0206, 0.0187]","[0.42, 0.751, 0.186, 0.123, 0.111, 0.207, 0.093, 0.074, 0.097, 0.021]",2000,0.10180933773517609,-0.2906149627119956,
27,T7,1890,-0.17452959368740859,-0.4006570960246446,-0.5515880574345501,-0.2123596801221315,-0.7556422867556893,0.052303138197065425,-0.11553927643801147,0.4605052173137665,0.09314697980880737,0.05312829092144966,0.5536521673202515,0.6888136863708496,0.7700045108795166,4,66,215,"[0.4605, 0.0931, 0.0531, 0.0521, 0.0299, 0.0217, 0.0188, 0.0154, 0.0139, 0.0114]","[0.175, 0.401, 0.552, 0.369, 0.099, 0.424, 0.067, 0.131, 0.207, 0.175]",2000,0.059814874082803726,0.13921270046042278,
27,T8,1890,0.8754862288031154,0.22412463022234366,-0.0011375379881897573,-0.07659634302204663,0.07496711477593317,-0.05199073457862622,-0.15582681531498774,0.2370535135269165,0.12123770266771317,0.0991213470697403,0.3582912087440491,0.5738295316696167,0.7120722532272339,1,55,160,"[0.2371, 0.1212, 0.0991, 0.0711, 0.0453, 0.0395, 0.0323, 0.0283, 0.0201, 0.0181]","[0.875, 0.224, 0.001, 0.208, 0.166, 0.032, 0.076, 0.11, 0.136, 0.032]",2000,0.10893534868955612,-0.4071455572775518,
27,R0,1890,-0.8968233071170818,0.15749687467389534,-0.22823834195058074,0.11774514253967278,-0.02072295788137955,0.06951064322872434,0.1529346598568116,0.19589382410049438,0.14331220090389252,0.09889192134141922,0.3392060399055481,0.5707888007164001,0.7038061618804932,1,53,144,"[0.1959, 0.1433, 0.0989, 0.08, 0.0527, 0.0364, 0.0283, 0.0253, 0.0245, 0.0186]","[0.897, 0.157, 0.228, 0.026, 0.1, 0.103, 0.028, 0.042, 0.209, 0.074]",2000,0.10513249039649963,0.4397838460386662,
27,R1,1890,-0.22110254455027734,0.8797228198863439,0.05850820509042535,0.10848127419088051,-0.057295888041208796,0.07644695713964815,-0.11407297646109729,0.289076566696167,0.19504037499427795,0.12063208967447281,0.48411694169044495,0.7230890393257141,0.8183884620666504,1,23,54,"[0.2891, 0.195, 0.1206, 0.0691, 0.0492, 0.0278, 0.0231, 0.0172, 0.0152, 0.012]","[0.221, 0.88, 0.059, 0.048, 0.027, 0.218, 0.023, 0.057, 0.239, 0.047]",2000,0.14772629737854004,-0.07835024898188313,
27,R2,1890,-0.20753448213043996,-0.8345234226907237,-0.1266478440448633,0.07240475860975898,-0.0269596755559602,0.03824050556772588,-0.061519533002155506,0.328347384929657,0.19728019833564758,0.11716815084218979,0.525627613067627,0.7498907446861267,0.8364375829696655,1,20,46,"[0.3283, 0.1973, 0.1172, 0.0548, 0.0523, 0.0265, 0.0205, 0.0152, 0.0127, 0.0117]","[0.208, 0.835, 0.127, 0.042, 0.047, 0.284, 0.114, 0.217, 0.06, 0.105]",2000,0.13399875164031982,-0.16051294029554677,
27,R3,1890,-0.22812797790608907,0.5474608815981234,0.06152860666587294,0.11198783349290296,-0.023526227851707552,-0.13382379473259617,-0.0005159899755785296,0.663418173789978,0.13451354205608368,0.035241562873125076,0.7979317307472229,0.8694899082183838,0.9114031195640564,3,9,22,"[0.6634, 0.1345, 0.0352, 0.0221, 0.0142, 0.0131, 0.0088, 0.0072, 0.0072, 0.0056]","[0.228, 0.547, 0.062, 0.056, 0.43, 0.434, 0.042, 0.099, 0.017, 0.046]",2000,0.262850284576416,-0.09836641677213298,
27,R4,1890,-0.358167482857262,0.24538330842606673,-0.4962790215324145,0.037309400749923734,-0.17106149638434967,-0.10373932121761838,0.18545444355523336,0.4766139090061188,0.11957600712776184,0.0971934050321579,0.5961899161338806,0.7930178642272949,0.8754343390464783,2,14,29,"[0.4766, 0.1196, 0.0972, 0.0643, 0.0354, 0.0286, 0.0195, 0.0137, 0.0116, 0.009]","[0.358, 0.245, 0.496, 0.019, 0.072, 0.004, 0.102, 0.14, 0.086, 0.067]",2000,0.17469531297683716,0.2954521145845375,
27,R5,1890,-0.011281214934769787,0.6920327893023969,-0.08965590958160109,0.29779876491395774,0.21237096629453747,-0.19455137697674305,0.041202509544849525,0.20053793489933014,0.1670852154493332,0.10617231577634811,0.36762315034866333,0.5839295387268066,0.7071071863174438,2,52,116,"[0.2005, 0.1671, 0.1062, 0.0626, 0.0475, 0.0339, 0.0273, 0.0241, 0.0191, 0.0187]","[0.011, 0.692, 0.09, 0.059, 0.172, 0.491, 0.103, 0.184, 0.109, 0.109]",2000,0.24489687383174896,-0.37273603351384943,
27,R6,1890,-0.21401090410715992,-0.15446623468142212,0.31298365784878923,0.14112770619872306,-0.4885139996536702,-0.04133279815510441,0.05026748864814941,0.3358803987503052,0.10427151620388031,0.07039308547973633,0.4401519298553467,0.6087948083877563,0.7329511642456055,2,57,137,"[0.3359, 0.1043, 0.0704, 0.0515, 0.0467, 0.0401, 0.0271, 0.023, 0.0179, 0.016]","[0.214, 0.154, 0.313, 0.088, 0.159, 0.174, 0.306, 0.122, 0.097, 0.119]",2000,0.07326711714267731,0.1605759493134256,
27,R7,1890,0.09663994199619645,0.22427862615323427,-0.43373904622680465,0.055002422788417125,0.420425790637076,-0.049532440836218904,-0.009774642222772289,0.41440075635910034,0.07543618232011795,0.053340960294008255,0.4898369312286377,0.6224245429039001,0.7385797500610352,1,51,128,"[0.4144, 0.0754, 0.0533, 0.0425, 0.0367, 0.0318, 0.0277, 0.0208, 0.0194, 0.0164]","[0.097, 0.224, 0.434, 0.219, 0.023, 0.215, 0.065, 0.126, 0.051, 0.256]",2000,0.07918994128704071,-0.13911456722375842,
28,T0,1890,-0.9099131259552738,0.03223150365944965,-0.1545474308762429,0.0404739414582277,-0.10676310482111932,-0.01223743097771899,0.17364955189813705,0.38958168029785156,0.11468901485204697,0.061332013458013535,0.5042706727981567,0.6544913649559021,0.7765148878097534,1,32,89,"[0.3896, 0.1147, 0.0613, 0.0492, 0.0397, 0.0344, 0.0287, 0.0228, 0.0208, 0.0154]","[0.91, 0.032, 0.155, 0.006, 0.089, 0.007, 0.176, 0.136, 0.038, 0.072]",2000,0.1476321965456009,0.5396827688849857,
28,T1,1890,-0.9233915559306858,0.035894031151535236,0.011850350731283325,0.012204193604148705,-0.009979750229196099,0.04640563525296013,0.08174599242968374,0.32809722423553467,0.24106068909168243,0.06682906299829483,0.5691578984260559,0.7255661487579346,0.8206759095191956,1,23,56,"[0.3281, 0.2411, 0.0668, 0.0536, 0.0359, 0.0291, 0.0227, 0.0169, 0.0138, 0.0127]","[0.923, 0.036, 0.012, 0.168, 0.094, 0.082, 0.114, 0.045, 0.014, 0.115]",2000,0.08248813450336456,0.3411193830426249,
28,T2,1890,-0.8502797343466114,-0.1942938754474826,0.17276027561534293,0.002545797521010461,0.10515233172088914,0.0880284235272129,0.1297482364869778,0.36816856265068054,0.09294907748699188,0.07530512660741806,0.46111762523651123,0.6411851644515991,0.7541812062263489,1,38,86,"[0.3682, 0.0929, 0.0753, 0.0688, 0.036, 0.0343, 0.0261, 0.0236, 0.0154, 0.0136]","[0.85, 0.194, 0.173, 0.035, 0.155, 0.238, 0.102, 0.09, 0.077, 0.017]",2000,0.18458972871303558,0.5551136342216613,
28,T3,1890,0.4157230717963293,-0.10706656338421183,0.83566874899823,0.18350405486272744,0.7016850352191782,-0.12337576267559933,0.16484448510612032,0.27954816818237305,0.13580718636512756,0.09386754781007767,0.4153553545475006,0.6087462902069092,0.7168238759040833,2,95,275,"[0.2795, 0.1358, 0.0939, 0.065, 0.0346, 0.0274, 0.025, 0.0203, 0.0192, 0.0163]","[0.416, 0.107, 0.836, 0.154, 0.051, 0.11, 0.022, 0.067, 0.063, 0.081]",2000,0.06189175322651863,-0.18015909837014416,
28,T4,1890,-0.4465937883391962,0.7882452382146984,0.04644324022263876,-0.24361108071972604,-0.7605142073754126,0.020139447486617636,-0.0668572471846526,0.19924575090408325,0.11823755502700806,0.10132990032434464,0.3174833059310913,0.5413675308227539,0.7075934410095215,2,47,125,"[0.1992, 0.1182, 0.1013, 0.0649, 0.0577, 0.0472, 0.0401, 0.0336, 0.0239, 0.0215]","[0.447, 0.788, 0.046, 0.081, 0.03, 0.166, 0.223, 0.13, 0.013, 0.094]",2000,0.06926339119672775,0.3126804399730748,
28,T5,1890,-0.42262368385458204,-0.3071180599682912,-0.7730571849001826,-0.27518696891966604,-0.7414932496465846,0.08088484927182135,-0.10912151965041714,0.22360509634017944,0.12213447690010071,0.06892379373311996,0.34573957324028015,0.519742488861084,0.6511762142181396,3,136,339,"[0.2236, 0.1221, 0.0689, 0.0562, 0.0489, 0.0424, 0.0296, 0.0259, 0.0182, 0.0154]","[0.423, 0.307, 0.773, 0.23, 0.097, 0.188, 0.096, 0.065, 0.027, 0.049]",2000,0.06952328979969025,0.3224766652527537,
28,T6,1890,0.4117818964367706,0.7607091456075791,-0.15060079956983066,0.23405693347681325,0.7645288861570692,-0.08553270219003387,0.08233694192426454,0.20515410602092743,0.16255386173725128,0.10300157964229584,0.3677079677581787,0.574836790561676,0.7148817181587219,2,49,115,"[0.2052, 0.1626, 0.103, 0.0588, 0.0453, 0.0439, 0.0304, 0.0265, 0.0215, 0.0176]","[0.412, 0.761, 0.151, 0.099, 0.043, 0.251, 0.105, 0.061, 0.112, 0.031]",2000,0.10299881547689438,-0.2922131006654673,
28,T7,1890,0.171403686402071,-0.4010568376566172,-0.6654074843121328,0.2152091081993119,0.7559731733381797,-0.04796928845089904,0.11296529477129634,0.45381999015808105,0.09340173006057739,0.05599934607744217,0.5472217202186584,0.685634434223175,0.7650772929191589,3,71,233,"[0.4538, 0.0934, 0.056, 0.0524, 0.03, 0.0205, 0.0185, 0.0151, 0.0143, 0.011]","[0.171, 0.401, 0.665, 0.025, 0.089, 0.393, 0.189, 0.217, 0.169, 0.138]",2000,0.06030462309718132,-0.14099548986321686,
28,T8,1890,0.8710303178597925,0.24551508308526684,0.00941708408948037,-0.07828854164173249,0.05680481993692759,-0.061644156618762026,-0.15090286184715768,0.24275408685207367,0.12113229185342789,0.09770176559686661,0.36388638615608215,0.5754628777503967,0.7123724818229675,1,56,162,"[0.2428, 0.1211, 0.0977, 0.0686, 0.0452, 0.0382, 0.0319, 0.0283, 0.0205, 0.018]","[0.871, 0.246, 0.009, 0.207, 0.126, 0.062, 0.075, 0.12, 0.149, 0.019]",2000,0.10783830285072327,-0.4002540687221873,
28,R0,1890,-0.8963030032279979,0.16100666635108934,-0.22571624057058326,0.11338895607830456,-0.010909424651817247,0.07444648241042877,0.1378839588891814,0.19860906898975372,0.13843463361263275,0.09960421919822693,0.3370437026023865,0.5693672299385071,0.70257967710495,1,55,151,"[0.1986, 0.1384, 0.0996, 0.0801, 0.0526, 0.0363, 0.029, 0.025, 0.024, 0.0189]","[0.896, 0.161, 0.226, 0.047, 0.093, 0.093, 0.012, 0.203, 0.06, 0.077]",2000,0.10400965809822083,0.43104644255942803,
28,R1,1890,-0.25386305653387703,0.867839971529124,0.10173685835911939,0.11446302336650206,-0.04561675073896746,0.07782783528519394,-0.10310509987198405,0.2937081456184387,0.19609688222408295,0.12186679989099503,0.48980504274368286,0.7265612483024597,0.821182370185852,1,23,52,"[0.2937, 0.1961, 0.1219, 0.0676, 0.0473, 0.0277, 0.0245, 0.0165, 0.0143, 0.0115]","[0.254, 0.868, 0.102, 0.037, 0.021, 0.237, 0.004, 0.05, 0.237, 0.085]",2000,0.14441616833209991,-0.0734241275840962,
28,R2,1890,-0.21350318367774906,-0.8380347759490884,-0.05741291882355764,0.06665505292814182,-0.012424420802160637,0.054188070449405566,-0.06172845008816706,0.34200820326805115,0.19161775708198547,0.12652713060379028,0.5336259603500366,0.7608794569969177,0.845742404460907,1,19,42,"[0.342, 0.1916, 0.1265, 0.0533, 0.0474, 0.0273, 0.0207, 0.0137, 0.012, 0.0111]","[0.214, 0.838, 0.057, 0.041, 0.034, 0.262, 0.145, 0.234, 0.079, 0.084]",2000,0.13097292184829712,-0.17543725003031968,
28,R3,1890,-0.20648833581380974,0.5624795256130471,0.0815889089715864,0.09478211978819844,-0.03049021446064727,-0.12066014587047125,-0.027943649113589347,0.7011151313781738,0.11477173119783401,0.03262628987431526,0.8158868551254272,0.8807013034820557,0.9186995625495911,3,7,20,"[0.7011, 0.1148, 0.0326, 0.0195, 0.0127, 0.0117, 0.0079, 0.0068, 0.0065, 0.0051]","[0.206, 0.562, 0.082, 0.033, 0.419, 0.428, 0.04, 0.115, 0.042, 0.08]",2000,0.24118949472904205,-0.16177164315270376,
28,R4,1890,0.35928145913183573,-0.43319301987296377,-0.3084784258378589,-0.005242775386737274,0.156997782154065,0.13788712992423727,-0.18323310985929056,0.48960161209106445,0.10391032695770264,0.09522493183612823,0.5935119390487671,0.7914918065071106,0.8756647109985352,3,14,29,"[0.4896, 0.1039, 0.0952, 0.0666, 0.0362, 0.0305, 0.0195, 0.0132, 0.0119, 0.0091]","[0.359, 0.433, 0.308, 0.03, 0.096, 0.053, 0.097, 0.147, 0.075, 0.038]",2000,0.17485378682613373,-0.2998269483258965,
28,R5,1890,-0.1071493218444759,0.6720568248440608,0.14029107864681997,0.30065341081299785,0.288125736866838,-0.19622197034654365,0.05633847508440952,0.2130242884159088,0.16252893209457397,0.10467247664928436,0.3755532205104828,0.5895079970359802,0.7098067402839661,2,52,115,"[0.213, 0.1625, 0.1047, 0.0651, 0.0442, 0.0339, 0.0254, 0.0236, 0.0191, 0.0183]","[0.107, 0.672, 0.14, 0.06, 0.15, 0.466, 0.066, 0.254, 0.08, 0.126]",2000,0.23401281237602234,-0.27950889806064977,
28,R6,1890,-0.2060047068248088,-0.09331274937061507,0.2634609492874362,0.13936147642614632,-0.48572675794929143,-0.03693604277090538,0.049016546169550416,0.33983054757118225,0.09986577928066254,0.07388121634721756,0.4396963119506836,0.6237983703613281,0.7454224824905396,1,52,129,"[0.3398, 0.0999, 0.0739, 0.0603, 0.0499, 0.0432, 0.024, 0.0222, 0.017, 0.0152]","[0.206, 0.093, 0.263, 0.221, 0.124, 0.176, 0.332, 0.043, 0.019, 0.162]",2000,0.06370256096124649,0.15104692360956457,
28,R7,1890,0.08631167974510083,0.19847199715682037,-0.40110288471461586,0.052539815781345256,0.4254865192677926,-0.04761756871417553,-0.0038462588878258297,0.42315444350242615,0.07758829742670059,0.052261896431446075,0.5007427334785461,0.6278030872344971,0.7461566925048828,1,50,125,"[0.4232, 0.0776, 0.0523, 0.0403, 0.0345, 0.0296, 0.0281, 0.0241, 0.0204, 0.0161]","[0.086, 0.198, 0.401, 0.178, 0.157, 0.262, 0.002, 0.095, 0.163, 0.259]",2000,0.07262717932462692,-0.1287449532813805,
29,T0,1890,0.9117554463014074,0.03869783684064969,-0.14764692455732437,-0.04581878165470219,0.08728889094159681,0.021467106115373728,-0.1810844073109302,0.3844858407974243,0.1183650940656662,0.06472126394510269,0.5028509497642517,0.6549877524375916,0.7786266803741455,1,32,88,"[0.3845, 0.1184, 0.0647, 0.0488, 0.0386, 0.036, 0.029, 0.0225, 0.0211, 0.015]","[0.912, 0.039, 0.148, 0.01, 0.08, 0.008, 0.154, 0.145, 0.024, 0.087]",2000,0.1433085799217224,-0.5375425457776973,
29,T1,1890,-0.9171225295613176,0.06191837251847405,-0.004421454160449406,0.025342993078056108,-0.016762330335022908,0.024266671857441285,0.10454411406106598,0.3217930197715759,0.24786613881587982,0.0649176612496376,0.5696591734886169,0.724014163017273,0.8210601806640625,1,23,56,"[0.3218, 0.2479, 0.0649, 0.0547, 0.0347, 0.0283, 0.023, 0.0173, 0.0157, 0.0127]","[0.917, 0.062, 0.004, 0.193, 0.13, 0.053, 0.108, 0.008, 0.002, 0.122]",2000,0.08241088688373566,0.36092254466177204,
29,T2,1890,-0.8362892433654355,-0.2470874056908681,0.16532537310005205,-0.011844169032367756,0.0911979752702003,0.09596803083331017,0.11739458000776404,0.3833927512168884,0.08998294919729233,0.07650724798440933,0.47337570786476135,0.6502372622489929,0.7630289793014526,1,36,83,"[0.3834, 0.09, 0.0765, 0.0619, 0.0385, 0.0358, 0.0249, 0.0221, 0.0164, 0.0136]","[0.836, 0.247, 0.165, 0.071, 0.085, 0.284, 0.145, 0.034, 0.119, 0.073]",2000,0.17795301973819733,0.5458045691220466,
29,T3,1890,0.41531318255763855,-0.13491494729715042,0.8283429684218958,0.18703425099816523,0.717972233168822,-0.12454853508482258,0.1566860423137125,0.2651463449001312,0.1287185549736023,0.09867420047521591,0.3938648998737335,0.5911483764648438,0.7032871246337891,2,108,297,"[0.2651, 0.1287, 0.0987, 0.064, 0.0346, 0.0284, 0.0255, 0.0209, 0.0202, 0.0171]","[0.415, 0.135, 0.828, 0.165, 0.026, 0.131, 0.035, 0.031, 0.083, 0.087]",2000,0.06695600599050522,-0.1901684032102844,
29,T4,1890,0.4385384564483904,0.7418564280878595,-0.2428173172859217,0.241415918023226,0.7639829016025196,-0.03030171371869581,0.05622786614152345,0.20103450119495392,0.11565232276916504,0.0989820659160614,0.31668680906295776,0.5393801331520081,0.7088379859924316,2,48,129,"[0.201, 0.1157, 0.099, 0.0644, 0.0593, 0.0493, 0.0406, 0.0328, 0.0239, 0.0228]","[0.439, 0.742, 0.243, 0.133, 0.019, 0.231, 0.144, 0.175, 0.035, 0.082]",2000,0.07152675092220306,-0.32076193676619946,
29,T5,1890,-0.4231881128382035,-0.34949940634594573,-0.76738616666334,-0.27130714278131124,-0.7431111008875537,0.09016705637333233,-0.11044541603462492,0.21834459900856018,0.11772696673870087,0.0716615542769432,0.33607155084609985,0.5116596817970276,0.6420352458953857,3,146,359,"[0.2183, 0.1177, 0.0717, 0.0569, 0.047, 0.0425, 0.0286, 0.0258, 0.0181, 0.0154]","[0.423, 0.349, 0.767, 0.176, 0.07, 0.229, 0.09, 0.072, 0.057, 0.046]",2000,0.07046420127153397,0.31225116921836343,
29,T6,1890,0.38956988840894535,0.7768628445719896,0.09096976598044147,0.23189766510184479,0.7643412149665197,-0.08034289354893533,0.07700197888062639,0.2124112844467163,0.15258914232254028,0.10170796513557434,0.3650004267692566,0.5748950242996216,0.7147090435028076,2,49,114,"[0.2124, 0.1526, 0.1017, 0.0607, 0.0475, 0.0441, 0.03, 0.0261, 0.0217, 0.0178]","[0.39, 0.777, 0.091, 0.074, 0.027, 0.26, 0.122, 0.067, 0.114, 0.012]",2000,0.10134702175855637,-0.2895946924224939,
29,T7,1890,0.18510617649648756,-0.35566712075264995,-0.6895534658671969,0.21487503654051016,0.7554747105758796,-0.04286535588849778,0.11181913349394515,0.4468206465244293,0.09264572709798813,0.056549955159425735,0.539466381072998,0.6775783896446228,0.7582493424415588,3,79,255,"[0.4468, 0.0926, 0.0565, 0.0524, 0.0292, 0.0212, 0.0185, 0.0155, 0.0141, 0.0114]","[0.185, 0.356, 0.69, 0.039, 0.132, 0.419, 0.129, 0.143, 0.151, 0.168]",2000,0.061267729848623276,-0.15590580079673566,
29,T8,1890,0.8767883444483583,0.2227244212922229,-0.05857186133541094,-0.07618485695008823,0.06989083697520589,-0.043542119733418275,-0.15483358207317277,0.24244555830955505,0.12436341494321823,0.09591255336999893,0.3668089807033539,0.5732723474502563,0.7088816165924072,1,58,169,"[0.2424, 0.1244, 0.0959, 0.0653, 0.0453, 0.0371, 0.0317, 0.0283, 0.0211, 0.0175]","[0.877, 0.223, 0.059, 0.199, 0.108, 0.113, 0.051, 0.117, 0.152, 0.03]",2000,0.10720794647932053,-0.40204160482930534,
29,R0,1890,-0.901135654473626,0.1383011515490319,-0.23169916550488387,0.1290392939393422,0.013191884947057652,0.0460142315552075,0.16040426507399946,0.19634167850017548,0.13811127841472626,0.09936319291591644,0.33445295691490173,0.5634136199951172,0.6998072862625122,1,57,160,"[0.1963, 0.1381, 0.0994, 0.0788, 0.0508, 0.0366, 0.0321, 0.025, 0.024, 0.0187]","[0.901, 0.138, 0.232, 0.033, 0.076, 0.124, 0.003, 0.214, 0.032, 0.049]",2000,0.10199810564517975,0.44545178814694475,
29,R1,1890,0.18246460517170657,0.8772415813641414,0.1739283352922703,-0.10118900716115375,0.05809416048328166,-0.05981612982374545,0.10655578789956217,0.36504149436950684,0.17207102477550507,0.11349397152662277,0.5371125340461731,0.7525840997695923,0.838601291179657,1,20,47,"[0.365, 0.1721, 0.1135, 0.0606, 0.0414, 0.025, 0.0229, 0.0146, 0.0125, 0.011]","[0.182, 0.877, 0.174, 0.046, 0.035, 0.246, 0.001, 0.063, 0.197, 0.113]",2000,0.1341555267572403,0.09677125020884222,
29,R2,1890,-0.1879804330444627,-0.844826302570567,-0.006082523364829033,0.07416612681413273,-0.0168242351762892,0.045765057104519016,-0.049900315273967794,0.42669808864593506,0.16045698523521423,0.11822298169136047,0.5871551036834717,0.7920673489570618,0.8656657934188843,1,16,37,"[0.4267, 0.1605, 0.1182, 0.0468, 0.0399, 0.0241, 0.018, 0.0112, 0.0106, 0.0097]","[0.188, 0.845, 0.006, 0.045, 0.037, 0.285, 0.122, 0.226, 0.01, 0.138]",2000,0.11265917867422104,-0.18658409369323656,
29,R3,1890,0.12575394387930447,0.5824412925030086,0.0749082581744157,-0.10650217282301833,0.00998113579434549,0.10130821012160433,0.08766879645431828,0.6942076086997986,0.10296650975942612,0.03516821935772896,0.7971740961074829,0.8659695386886597,0.9080695509910583,2,9,23,"[0.6942, 0.103, 0.0352, 0.0205, 0.0131, 0.0123, 0.0088, 0.0076, 0.007, 0.0065]","[0.126, 0.582, 0.075, 0.078, 0.603, 0.079, 0.127, 0.017, 0.002, 0.098]",2000,0.22292259335517883,0.2098003939382121,
29,R4,1890,0.3339892518313503,-0.003562562259138492,0.05038534861359249,-0.0007338146662176449,0.22560531782441715,0.07444847534159152,-0.1806473620408199,0.3742707371711731,0.1537393480539322,0.10086314380168915,0.5280100703239441,0.7650506496429443,0.8648987412452698,2,15,30,"[0.3743, 0.1537, 0.1009, 0.0863, 0.0499, 0.0357, 0.0254, 0.0157, 0.0117, 0.0113]","[0.334, 0.004, 0.05, 0.478, 0.162, 0.205, 0.052, 0.124, 0.147, 0.066]",2000,0.1404765099287033,-0.2571734733194131,
29,R5,1890,-0.1898465011763128,0.5963921898122693,-0.3120102959936459,0.305824457430436,0.35766619939072947,-0.21557139071115433,0.0882107207416749,0.2235092669725418,0.15267400443553925,0.10190483927726746,0.37618327140808105,0.5860067009925842,0.7018470168113708,3,52,115,"[0.2235, 0.1527, 0.1019, 0.0655, 0.0424, 0.0316, 0.0244, 0.023, 0.0194, 0.0175]","[0.19, 0.596, 0.312, 0.071, 0.069, 0.456, 0.145, 0.204, 0.092, 0.117]",2000,0.20881929993629456,-0.16398263778007344,
29,R6,1890,-0.21009436504985635,-0.062255196852081196,-0.23868138932069377,0.13104695196484475,-0.49594538135991306,-0.03747630672473428,0.05044546173194921,0.3241994380950928,0.10339976102113724,0.06845922768115997,0.4275991916656494,0.6120009422302246,0.7361884117126465,0,53,131,"[0.3242, 0.1034, 0.0685, 0.0632, 0.0527, 0.042, 0.0273, 0.0216, 0.0183, 0.0151]","[0.21, 0.062, 0.239, 0.287, 0.196, 0.113, 0.295, 0.073, 0.11, 0.186]",2000,0.06317275017499924,0.15756817995997105,
29,R7,1890,0.07296667414947576,0.1987132926080925,-0.35314429823197496,0.04169860214908098,0.42530122139997,-0.04734998164776499,0.0016847994203527596,0.41967058181762695,0.0777745470404625,0.050654586404561996,0.49744513630867004,0.6250461935997009,0.7425202131271362,2,51,129,"[0.4197, 0.0778, 0.0507, 0.0422, 0.0348, 0.0303, 0.0273, 0.0233, 0.0203, 0.0163]","[0.073, 0.199, 0.353, 0.248, 0.042, 0.325, 0.001, 0.121, 0.175, 0.259]",2000,0.06419974565505981,-0.11260336620120515,
30,T0,1890,0.9107098858002903,0.07411096640979452,-0.07458817409779406,-0.04854486497471206,0.07135076808723816,0.034163668701361435,-0.18712271811399947,0.3572474420070648,0.12199077755212784,0.07902039587497711,0.47923821210861206,0.6531472206115723,0.7777418494224548,1,32,90,"[0.3572, 0.122, 0.079, 0.0485, 0.0464, 0.0361, 0.0304, 0.0236, 0.0206, 0.0139]","[0.911, 0.074, 0.075, 0.044, 0.107, 0.061, 0.168, 0.114, 0.126, 0.091]",2000,0.13584791123867035,-0.5312027799279898,
30,T1,1890,-0.9200231719276675,0.044672944024240914,-0.03371250136577631,0.03144253481260971,-0.0012409290084057143,0.020320412348844012,0.11138888444263537,0.31900089979171753,0.24607227742671967,0.06474944204092026,0.5650731921195984,0.7186004519462585,0.8189895153045654,1,23,58,"[0.319, 0.2461, 0.0647, 0.0541, 0.0346, 0.0278, 0.0233, 0.0187, 0.0172, 0.0134]","[0.92, 0.045, 0.034, 0.197, 0.102, 0.072, 0.091, 0.009, 0.014, 0.096]",2000,0.08297033607959747,0.3755684108175365,
30,T2,1890,-0.829822091162461,-0.21745323797061183,0.1726733229652869,0.012442786925065853,0.12479453334121897,0.07865967586279791,0.12889257725746683,0.38698890805244446,0.09266005456447601,0.07551918178796768,0.4796489477157593,0.6575783491134644,0.7683722972869873,2,35,81,"[0.387, 0.0927, 0.0755, 0.0574, 0.045, 0.0367, 0.0241, 0.0204, 0.0167, 0.0129]","[0.83, 0.217, 0.173, 0.005, 0.011, 0.338, 0.142, 0.03, 0.112, 0.049]",2000,0.17940653860569,0.5424963061833269,
30,T3,1890,0.40034998535784017,-0.08416819684470746,-0.8615065962636008,0.2075503464113157,0.7545017377187114,-0.0976340804651981,0.15355610714989013,0.2518675923347473,0.12855204939842224,0.10756470263004303,0.38041964173316956,0.5830621123313904,0.6932159066200256,2,116,309,"[0.2519, 0.1286, 0.1076, 0.0618, 0.0333, 0.0287, 0.0248, 0.0213, 0.0193, 0.016]","[0.4, 0.084, 0.862, 0.08, 0.016, 0.115, 0.03, 0.006, 0.072, 0.083]",2000,0.07202447205781937,-0.20264760275125726,
30,T4,1890,0.3987564760834162,0.7532606384618041,-0.28450111617855006,0.25368074662666884,0.7583064240212244,-0.0569688122245149,0.08776239421868212,0.209448903799057,0.11327941715717316,0.09752722084522247,0.32272833585739136,0.5479766130447388,0.7120972275733948,2,47,126,"[0.2094, 0.1133, 0.0975, 0.0669, 0.0609, 0.0466, 0.0377, 0.0331, 0.025, 0.0217]","[0.399, 0.753, 0.285, 0.11, 0.128, 0.201, 0.142, 0.175, 0.099, 0.008]",2000,0.0725841224193573,-0.30665463837824913,
30,T5,1890,-0.4284397697771125,-0.3486577954018245,-0.770151929014091,-0.26577840926986535,-0.7419237280052664,0.08551481116530799,-0.11351789813943698,0.21432311832904816,0.1157519668340683,0.07123387604951859,0.33007508516311646,0.5048660039901733,0.6342360377311707,3,155,378,"[0.2143, 0.1158, 0.0712, 0.0571, 0.0465, 0.0422, 0.0278, 0.0253, 0.0181, 0.016]","[0.428, 0.349, 0.77, 0.152, 0.064, 0.219, 0.093, 0.077, 0.091, 0.031]",2000,0.07033059000968933,0.314358572949245,
30,T6,1890,0.3120856979287027,0.8088857044275076,0.07910214081389304,0.24697520971322115,0.7780425947434473,-0.09341908004019528,0.09848520487199863,0.20510967075824738,0.1450997143983841,0.10709960013628006,0.35020938515663147,0.5699417591094971,0.7111014127731323,2,50,116,"[0.2051, 0.1451, 0.1071, 0.061, 0.0517, 0.045, 0.0302, 0.0262, 0.022, 0.0177]","[0.312, 0.809, 0.079, 0.108, 0.07, 0.241, 0.121, 0.021, 0.113, 0.01]",2000,0.10007516294717789,-0.2504369113114736,
30,T7,1890,0.22613869734408595,-0.3434418347384015,0.6178524825785052,0.19935917968246386,0.7416002614186814,-0.05539496808755769,0.11175573515752817,0.4375939667224884,0.08926894515752792,0.05867446959018707,0.5268629193305969,0.6680458784103394,0.7487002015113831,4,83,269,"[0.4376, 0.0893, 0.0587, 0.052, 0.0305, 0.0208, 0.0187, 0.0153, 0.0145, 0.0114]","[0.226, 0.343, 0.618, 0.337, 0.039, 0.421, 0.03, 0.109, 0.184, 0.155]",2000,0.05920698493719101,-0.16169056675096624,
30,T8,1890,-0.8795605374152987,0.23594638461497885,-0.013527708812002201,0.08039341920318925,-0.04791477636759695,0.04041994134263159,0.15347103998930042,0.2467699646949768,0.12457538396120071,0.09225635975599289,0.3713453412055969,0.5741944313049316,0.7070887684822083,1,60,176,"[0.2468, 0.1246, 0.0923, 0.0646, 0.046, 0.036, 0.0307, 0.0274, 0.0214, 0.0174]","[0.88, 0.236, 0.014, 0.188, 0.104, 0.094, 0.061, 0.123, 0.159, 0.004]",2000,0.10834069550037384,0.404223668948466,
30,R0,1890,-0.8948757180379822,0.1811041065113948,-0.24368221858497952,0.13301501982465466,0.02257768040854059,0.04309631817678201,0.156929211619371,0.18734385073184967,0.13566815853118896,0.0993947833776474,0.32301199436187744,0.5503984093666077,0.6888284683227539,1,65,184,"[0.1873, 0.1357, 0.0994, 0.0793, 0.0487, 0.0372, 0.0334, 0.0261, 0.0231, 0.0186]","[0.895, 0.181, 0.244, 0.003, 0.067, 0.138, 0.032, 0.151, 0.095, 0.045]",2000,0.09768225252628326,0.4272359494782006,
30,R1,1890,0.1794059813597594,0.8612181720433139,0.27865598253147217,-0.10905196460137503,0.05797230118174141,-0.0477314016402936,0.10208838730059529,0.4066331386566162,0.15706665813922882,0.1065659299492836,0.5636997818946838,0.7681258916854858,0.848404586315155,1,18,44,"[0.4066, 0.1571, 0.1066, 0.0608, 0.0371, 0.0236, 0.0214, 0.0136, 0.0116, 0.0101]","[0.179, 0.861, 0.279, 0.037, 0.041, 0.228, 0.015, 0.106, 0.147, 0.149]",2000,0.12791533768177032,0.08222319158083059,
30,R2,1890,-0.20063697907892974,-0.6581167971724928,0.5767390043599755,0.07586450921323329,-0.009523821737506545,0.04643043851291057,-0.04819895540729119,0.4648818075656891,0.14590740203857422,0.12766674160957336,0.6107891798019409,0.8142968416213989,0.8795972466468811,2,14,33,"[0.4649, 0.1459, 0.1277, 0.0421, 0.0337, 0.0213, 0.0166, 0.0097, 0.0092, 0.0084]","[0.201, 0.658, 0.577, 0.022, 0.028, 0.289, 0.109, 0.245, 0.075, 0.13]",2000,0.09775165468454361,-0.16822369554655747,
30,R3,1890,0.04567759939874629,0.6106622061160598,0.08460112248430486,-0.09266819267657073,0.005501276776579635,0.04753429559886652,0.12038021023970026,0.6980204582214355,0.09391023218631744,0.03481114283204079,0.7919306755065918,0.8599645495414734,0.9056317210197449,2,10,24,"[0.698, 0.0939, 0.0348, 0.0197, 0.0135, 0.0119, 0.011, 0.009, 0.0074, 0.0063]","[0.046, 0.611, 0.085, 0.107, 0.446, 0.212, 0.105, 0.274, 0.08, 0.09]",2000,0.20764492452144623,0.2221323848633638,
30,R4,1890,0.3018507673066187,-0.029474236523938456,0.024097505114001484,-0.033762405487786404,0.13810884959381875,0.05964138776888203,-0.1480919983286688,0.29222550988197327,0.21612364053726196,0.14024154841899872,0.5083491802215576,0.7708874344825745,0.8630139231681824,2,15,30,"[0.2922, 0.2161, 0.1402, 0.0709, 0.0514, 0.0306, 0.0222, 0.0156, 0.0128, 0.011]","[0.302, 0.029, 0.024, 0.468, 0.236, 0.197, 0.039, 0.061, 0.04, 0.182]",2000,0.12386961281299591,-0.2020429240796797,
30,R5,1890,-0.1914714812961227,0.6006750042323286,-0.28743543492424023,0.2963166189152817,0.3754259610305823,-0.22612084527862134,0.08440657987876582,0.2563721239566803,0.1469060331583023,0.09607215970754623,0.4032781720161438,0.599271297454834,0.7086688280105591,2,50,113,"[0.2564, 0.1469, 0.0961, 0.0602, 0.0397, 0.0289, 0.0232, 0.0212, 0.019, 0.0171]","[0.191, 0.601, 0.287, 0.098, 0.067, 0.461, 0.149, 0.156, 0.095, 0.141]",2000,0.20325429737567902,-0.14851410989087868,
30,R6,1890,-0.18710219587675608,0.05569671754883857,0.2059130658700521,0.14635168848098318,-0.4768770990550915,-0.028962223591917118,0.04145982215610999,0.3267885744571686,0.1150616779923439,0.0823020488023758,0.4418502449989319,0.635989785194397,0.7496132254600525,1,47,119,"[0.3268, 0.1151, 0.0823, 0.0589, 0.0529, 0.038, 0.0259, 0.0188, 0.0171, 0.0138]","[0.187, 0.056, 0.206, 0.192, 0.346, 0.053, 0.224, 0.104, 0.078, 0.225]",2000,0.06327317655086517,0.14061872865056424,
30,R7,1890,0.06945327053681455,0.22206650308710554,-0.2552666393433299,0.04518113967553499,0.4136156914815756,-0.05454040834221752,0.003128457733747049,0.4132767915725708,0.08609256148338318,0.05029161646962166,0.499369353055954,0.6263772249221802,0.7426168322563171,1,51,129,"[0.4133, 0.0861, 0.0503, 0.0423, 0.0344, 0.0293, 0.027, 0.0236, 0.0196, 0.0167]","[0.069, 0.222, 0.255, 0.271, 0.102, 0.347, 0.053, 0.096, 0.131, 0.24]",2000,0.06123754754662514,-0.11403950110870843,
31,T0,1890,0.9101560016839565,0.08524237056797006,-0.07260515208311134,-0.056067014599868924,0.051956735340113115,0.04497517512087619,-0.193048837077775,0.34520649909973145,0.1275893598794937,0.07941195368766785,0.47279584407806396,0.6507335901260376,0.7803246974945068,1,32,90,"[0.3452, 0.1276, 0.0794, 0.0546, 0.0439, 0.0364, 0.03, 0.0259, 0.0213, 0.016]","[0.91, 0.085, 0.073, 0.04, 0.123, 0.098, 0.141, 0.063, 0.178, 0.049]",2000,0.13083307445049286,-0.521303239865283,
31,T1,1890,0.9203408432990596,-0.05098470465597724,-0.03395470937160941,-0.015745304908203448,-0.06584411788775403,-0.017938795204217445,-0.08407224799935759,0.3118167817592621,0.2420244961977005,0.06422726064920425,0.5538412928581238,0.712291419506073,0.8179124593734741,1,24,60,"[0.3118, 0.242, 0.0642, 0.0608, 0.0334, 0.0288, 0.0233, 0.0229, 0.017, 0.0137]","[0.92, 0.051, 0.034, 0.199, 0.107, 0.036, 0.045, 0.087, 0.022, 0.118]",2000,0.07931336015462875,-0.3683971697826969,
31,T2,1890,-0.8266306786428795,-0.20800834188900413,0.17375312696501752,0.01780176458727562,0.13326843409630917,0.0717516403478993,0.1290840482289711,0.39516422152519226,0.09224484115839005,0.07425956428050995,0.4874090552330017,0.6591987013816833,0.7672341465950012,2,36,83,"[0.3952, 0.0922, 0.0743, 0.0545, 0.043, 0.0351, 0.0238, 0.0191, 0.0169, 0.0131]","[0.827, 0.208, 0.174, 0.021, 0.032, 0.358, 0.15, 0.036, 0.082, 0.039]",2000,0.18015603721141815,0.5358964543106189,
31,T3,1890,0.36654868753664605,-0.10790371601013733,0.8625569109514062,0.2171953321332115,0.7733590152003472,-0.0654895785001291,0.15595140170189314,0.2521938383579254,0.13347497582435608,0.10713619738817215,0.3856688141822815,0.5896183848381042,0.6969466209411621,2,112,298,"[0.2522, 0.1335, 0.1071, 0.0654, 0.0314, 0.0279, 0.0246, 0.0204, 0.019, 0.0155]","[0.367, 0.108, 0.863, 0.129, 0.103, 0.096, 0.07, 0.015, 0.081, 0.077]",2000,0.07160328328609467,-0.18816216764101507,
31,T4,1890,-0.3259927632392309,0.6315277697141095,-0.5405477047764374,-0.26769544835351966,-0.7506523438485347,0.12314117644473753,-0.15884868354496146,0.22334453463554382,0.11463859677314758,0.0945318266749382,0.3379831314086914,0.5567293763160706,0.7191213965415955,3,47,125,"[0.2233, 0.1146, 0.0945, 0.064, 0.0602, 0.0458, 0.0389, 0.0321, 0.0245, 0.021]","[0.326, 0.632, 0.541, 0.125, 0.115, 0.201, 0.126, 0.171, 0.142, 0.005]",2000,0.06937389075756073,0.2238175152582199,
31,T5,1890,0.4301841093626074,-0.3708180558482934,-0.7507117439231861,0.2610973650012971,0.7408852462091546,-0.10077911905545328,0.11631552150975638,0.21035881340503693,0.1113908439874649,0.07303488254547119,0.32174965739250183,0.49816471338272095,0.6275104880332947,3,161,389,"[0.2104, 0.1114, 0.073, 0.0567, 0.0466, 0.0422, 0.0279, 0.0247, 0.0185, 0.0162]","[0.43, 0.371, 0.751, 0.18, 0.034, 0.214, 0.09, 0.095, 0.081, 0.038]",2000,0.07102262228727341,-0.31204702579334354,
31,T6,1890,-0.2424646971926882,0.8294487352666091,0.14920142519492394,-0.2535811274567483,-0.7845806777101344,0.10052078818821644,-0.11292038268959778,0.20454049110412598,0.1403096616268158,0.1067754253745079,0.3448501527309418,0.5657718777656555,0.7076412439346313,1,52,120,"[0.2045, 0.1403, 0.1068, 0.0616, 0.0525, 0.0453, 0.0304, 0.0257, 0.0226, 0.018]","[0.242, 0.829, 0.149, 0.123, 0.08, 0.223, 0.118, 0.041, 0.137, 0.037]",2000,0.09850554913282394,0.2205751293381929,
31,T7,1890,0.23698429602343513,-0.3562638735662188,0.6328808296140358,0.19376714375879775,0.7379476958613391,-0.05607801052183219,0.1137630550798216,0.42767149209976196,0.08878850936889648,0.060426078736782074,0.5164600014686584,0.6595994234085083,0.7401276230812073,4,93,295,"[0.4277, 0.0888, 0.0604, 0.0512, 0.0315, 0.0209, 0.0184, 0.0154, 0.0144, 0.0115]","[0.237, 0.356, 0.633, 0.312, 0.023, 0.413, 0.003, 0.093, 0.179, 0.157]",2000,0.06027927249670029,-0.16422301734828115,
31,T8,1890,-0.8822240170896664,0.22685847398585068,-0.0426911817800009,0.07855157158818667,-0.029304543553127893,0.040820175802728,0.155131765141794,0.25236424803733826,0.12307233363389969,0.08850708603858948,0.37543657422065735,0.5729127526283264,0.7034741640090942,1,61,179,"[0.2524, 0.1231, 0.0885, 0.0643, 0.0447, 0.0364, 0.0298, 0.0265, 0.0209, 0.017]","[0.882, 0.227, 0.043, 0.135, 0.12, 0.132, 0.074, 0.125, 0.149, 0.009]",2000,0.11079329252243042,0.4185376195100495,
31,R0,1890,-0.8894868839288236,0.22995479386869208,-0.22587284126569682,0.12585034378606008,0.023636454428255006,0.06805911354173962,0.13635190807075093,0.17946618795394897,0.13584186136722565,0.098346047103405,0.3153080344200134,0.5406823754310608,0.6813609004020691,1,70,195,"[0.1795, 0.1358, 0.0983, 0.0778, 0.0492, 0.0384, 0.0336, 0.026, 0.0236, 0.0191]","[0.889, 0.23, 0.226, 0.038, 0.028, 0.13, 0.04, 0.152, 0.107, 0.051]",2000,0.09694220125675201,0.40882673225458527,
31,R1,1890,0.16741270143650078,-0.8541851233243609,0.3015042405148598,-0.10793324237135558,0.05864830036019416,-0.041912296637222325,0.10037487129091428,0.45167529582977295,0.14114277064800262,0.09969864040613174,0.5928180813789368,0.7845097780227661,0.8586085438728333,2,17,41,"[0.4517, 0.1411, 0.0997, 0.0582, 0.0338, 0.0219, 0.0192, 0.0124, 0.0114, 0.0093]","[0.167, 0.854, 0.302, 0.032, 0.039, 0.23, 0.03, 0.091, 0.13, 0.177]",2000,0.12340842932462692,0.08569001356454134,
31,R2,1890,-0.1962846608531622,-0.5199350915094234,-0.6910292757542614,0.07245857514465463,-0.015824919939911457,0.04739261513511944,-0.05354941071260447,0.5340350866317749,0.13067881762981415,0.10854875296354294,0.6647139191627502,0.8392835259437561,0.8954724073410034,3,11,28,"[0.534, 0.1307, 0.1085, 0.0365, 0.0295, 0.0178, 0.0144, 0.0083, 0.0082, 0.0075]","[0.196, 0.52, 0.691, 0.008, 0.042, 0.3, 0.087, 0.27, 0.034, 0.131]",2000,0.08382812142372131,-0.16108761295861015,
31,R3,1890,0.059119784912441575,0.6125806907638026,0.07704562299031448,-0.09940732542156795,-0.018438085650897242,0.04557858333425834,0.11593432652189485,0.6863301396369934,0.09469636529684067,0.03651416301727295,0.7810264825820923,0.8529278635978699,0.900520920753479,2,10,26,"[0.6863, 0.0947, 0.0365, 0.0213, 0.0141, 0.0126, 0.0116, 0.0092, 0.0077, 0.0065]","[0.059, 0.613, 0.077, 0.075, 0.431, 0.195, 0.16, 0.258, 0.151, 0.114]",2000,0.2059418112039566,0.23056883267390624,
31,R4,1890,0.2553862712399375,-0.09461036456385237,0.0030272381671293327,-0.046784228863180226,0.08166146079506269,0.05847040418999693,-0.10811079973012087,0.2594737112522125,0.23932920396327972,0.17337502539157867,0.49880290031433105,0.7839569449424744,0.873741626739502,1,14,27,"[0.2595, 0.2393, 0.1734, 0.0617, 0.05, 0.0309, 0.0201, 0.0152, 0.0121, 0.0115]","[0.255, 0.095, 0.003, 0.486, 0.248, 0.164, 0.031, 0.051, 0.045, 0.007]",2000,0.11106444150209427,-0.1296879105489446,
31,R5,1890,-0.17527608793639526,0.6068750744178806,-0.33072411647710426,0.2943515719590202,0.37697819221694223,-0.22727119471769808,0.062387930163269545,0.2637913227081299,0.14495286345481873,0.09066969901323318,0.4087441861629486,0.5981919169425964,0.7056735754013062,3,51,116,"[0.2638, 0.145, 0.0907, 0.0603, 0.0385, 0.0274, 0.0229, 0.022, 0.0194, 0.0157]","[0.175, 0.607, 0.331, 0.094, 0.043, 0.437, 0.057, 0.135, 0.21, 0.029]",2000,0.19889593124389648,-0.17952285518961014,
31,R6,1890,-0.1974902024072364,0.05274475442467523,0.1942670552463611,0.12861512914426287,-0.49371840904471825,-0.032832177512677,0.04513892682271308,0.3200714588165283,0.11379528045654297,0.08096473664045334,0.4338667392730713,0.6223823428153992,0.7431952357292175,1,50,126,"[0.3201, 0.1138, 0.081, 0.0554, 0.0521, 0.0383, 0.0316, 0.0187, 0.0178, 0.0145]","[0.197, 0.053, 0.194, 0.239, 0.326, 0.047, 0.147, 0.11, 0.108, 0.034]",2000,0.068986676633358,0.15584732847167942,
31,R7,1890,0.05545335702861778,-0.2272266706098187,0.03406582735673741,0.035971427146301166,0.4201926455773587,-0.05488630572012028,0.006272046731218362,0.39662280678749084,0.08390098810195923,0.06849586218595505,0.4805237948894501,0.6265628337860107,0.7426123023033142,2,52,132,"[0.3966, 0.0839, 0.0685, 0.0427, 0.0348, 0.0319, 0.0267, 0.0227, 0.0181, 0.0166]","[0.055, 0.227, 0.034, 0.336, 0.098, 0.33, 0.248, 0.088, 0.186, 0.19]",2000,0.05938749015331268,-0.10652377747612184,
32,T0,1890,0.9123533912228367,0.08945119239333352,-0.04758498753567176,-0.05555546404619862,0.04378658038358006,0.047789081440436594,-0.19398846547865758,0.3321857452392578,0.1264365166425705,0.08765952289104462,0.4586222767829895,0.6498345136642456,0.7797107696533203,1,33,93,"[0.3322, 0.1264, 0.0877, 0.0585, 0.0451, 0.0366, 0.0291, 0.0272, 0.021, 0.0161]","[0.912, 0.089, 0.048, 0.055, 0.132, 0.092, 0.124, 0.067, 0.154, 0.031]",2000,0.12874966859817505,-0.5217967953098406,
32,T1,1890,-0.9041040822830628,-0.18184785539424095,0.1562495514753852,0.0029623932732899794,0.15852191151116393,0.037028092242794006,0.04090946548102347,0.30137646198272705,0.23850871622562408,0.0653664767742157,0.5398851633071899,0.7108184099197388,0.8183295130729675,1,24,60,"[0.3014, 0.2385, 0.0654, 0.0621, 0.0434, 0.03, 0.0245, 0.0223, 0.0169, 0.0138]","[0.904, 0.182, 0.156, 0.007, 0.106, 0.112, 0.019, 0.101, 0.045, 0.075]",2000,0.07575774937868118,0.34934724387728044,
32,T2,1890,-0.8221893575019147,-0.18095024625122463,0.16387998015665498,0.02851727325197442,0.13047799473690572,0.07451994872901747,0.13316539427599108,0.3812038004398346,0.10699806362390518,0.07633186876773834,0.4882018566131592,0.6585401296615601,0.765538215637207,2,37,86,"[0.3812, 0.107, 0.0763, 0.0513, 0.0427, 0.034, 0.0253, 0.0184, 0.0163, 0.013]","[0.822, 0.181, 0.164, 0.125, 0.13, 0.349, 0.191, 0.108, 0.041, 0.0]",2000,0.17288638651371002,0.5286199252459037,
32,T3,1890,0.37421969507092556,0.005128302007740806,-0.8585611888671233,0.23159450246232044,0.7782269695027707,-0.055029707866589714,0.1442435273521274,0.26263630390167236,0.12761405110359192,0.10453283786773682,0.3902503550052643,0.5920429229736328,0.6960902810096741,2,112,292,"[0.2626, 0.1276, 0.1045, 0.0666, 0.0307, 0.0283, 0.0216, 0.0207, 0.0184, 0.015]","[0.374, 0.005, 0.859, 0.186, 0.018, 0.136, 0.033, 0.082, 0.041, 0.027]",2000,0.07252685725688934,-0.20684312194173585,
32,T4,1890,0.3169901489671888,0.6768911934728578,-0.5037265911953089,0.27814362973363993,0.7421905764028224,-0.12708118683964337,0.1872538244836594,0.22701340913772583,0.1116742193698883,0.09265384078025818,0.33868762850761414,0.5626710057258606,0.7171264886856079,3,49,132,"[0.227, 0.1117, 0.0927, 0.071, 0.0603, 0.0404, 0.0379, 0.0334, 0.023, 0.0197]","[0.317, 0.677, 0.504, 0.128, 0.045, 0.237, 0.047, 0.159, 0.151, 0.026]",2000,0.06901637464761734,-0.20759928865629812,
32,T5,1890,0.39073569333109726,-0.4237166687033618,-0.7597505644654324,0.28092759011836005,0.7535993874872576,-0.09718095123540177,0.11665461650113405,0.21455049514770508,0.10768365114927292,0.07591225206851959,0.3222341537475586,0.5004352331161499,0.6288749575614929,3,161,392,"[0.2146, 0.1077, 0.0759, 0.0581, 0.0442, 0.0393, 0.0277, 0.0257, 0.0194, 0.0164]","[0.391, 0.424, 0.76, 0.168, 0.009, 0.206, 0.066, 0.047, 0.066, 0.007]",2000,0.06976106017827988,-0.3009338931399921,
32,T6,1890,0.2035371575113183,0.8415094632103414,0.08707482731217063,0.2530257783375172,0.782436566056288,-0.09737301373979702,0.11785319539640514,0.20672595500946045,0.1422063559293747,0.10554931312799454,0.34893232583999634,0.5709348320960999,0.7109535932540894,1,51,119,"[0.2067, 0.1422, 0.1055, 0.0628, 0.0536, 0.0444, 0.03, 0.0264, 0.0222, 0.017]","[0.204, 0.842, 0.087, 0.156, 0.131, 0.189, 0.139, 0.08, 0.137, 0.024]",2000,0.09879835695028305,-0.20773998869622173,
32,T7,1890,0.23860332327749348,-0.35497076772795844,0.5090506740012646,0.1927472518801403,0.7359423282807158,-0.05286335089601394,0.1133570926812278,0.42313462495803833,0.08747076988220215,0.06086668744683266,0.5106053948402405,0.6543551683425903,0.7341410517692566,4,101,316,"[0.4231, 0.0875, 0.0609, 0.0507, 0.0322, 0.0207, 0.0185, 0.0149, 0.0142, 0.0115]","[0.239, 0.355, 0.509, 0.497, 0.021, 0.393, 0.007, 0.054, 0.174, 0.148]",2000,0.0593363456428051,-0.16609708569233445,
32,T8,1890,-0.8830620867216384,0.2531277895118138,-0.05522023272442927,0.07776988512609823,-0.0027253709858001698,0.05361057578382771,0.13922190568348408,0.25142258405685425,0.12075325846672058,0.08790373802185059,0.37217584252357483,0.5680136680603027,0.6969038248062134,1,65,190,"[0.2514, 0.1208, 0.0879, 0.0642, 0.0438, 0.0366, 0.0285, 0.0263, 0.0201, 0.0173]","[0.883, 0.253, 0.055, 0.125, 0.103, 0.137, 0.022, 0.111, 0.146, 0.0]",2000,0.11101575940847397,0.4087082562209676,
32,R0,1890,-0.8820679836141954,0.26158658559938175,-0.24399622314774944,0.14388295257770317,0.05896923591166857,0.05507711912746905,0.14993312229060748,0.1790439337491989,0.13371452689170837,0.09955095499753952,0.3127584457397461,0.5385589599609375,0.6798635721206665,1,74,212,"[0.179, 0.1337, 0.0996, 0.0769, 0.0493, 0.038, 0.0334, 0.0277, 0.0231, 0.0191]","[0.882, 0.262, 0.244, 0.023, 0.007, 0.136, 0.05, 0.145, 0.011, 0.077]",2000,0.09556849300861359,0.4074225323561435,
32,R1,1890,-0.16226655260454348,-0.8420117314601118,0.33143712429025657,0.1065985890874698,-0.06525652119352093,0.03951646320738678,-0.09679891048686216,0.5156648755073547,0.12552917003631592,0.08763081580400467,0.6411940455436707,0.8084707856178284,0.8740794062614441,2,15,36,"[0.5157, 0.1255, 0.0876, 0.0502, 0.0295, 0.0193, 0.0171, 0.0108, 0.0101, 0.0083]","[0.162, 0.842, 0.331, 0.014, 0.034, 0.229, 0.032, 0.1, 0.118, 0.173]",2000,0.12050355225801468,-0.07358247440662055,
32,R2,1890,-0.16678416145410724,-0.5270418011218084,0.6831769511962403,0.07311097872818814,-0.024060969398276597,0.04143102689284675,-0.05276485928575185,0.5913206338882446,0.12174055725336075,0.09004197269678116,0.7130612134933472,0.8586997389793396,0.9079906940460205,3,9,24,"[0.5913, 0.1217, 0.09, 0.031, 0.0246, 0.0156, 0.0127, 0.0074, 0.007, 0.0066]","[0.167, 0.527, 0.683, 0.004, 0.025, 0.31, 0.074, 0.104, 0.257, 0.153]",2000,0.07203444838523865,-0.1777534171875321,
32,R3,1890,0.04804038698319012,0.6190011706479844,0.06396690173430558,-0.09872484162186079,-0.020219986770620833,0.05758111784786216,0.12053375925055056,0.6868950128555298,0.09334452450275421,0.03647331893444061,0.7802395224571228,0.8519847989082336,0.8995347619056702,2,11,26,"[0.6869, 0.0933, 0.0365, 0.0214, 0.0139, 0.0128, 0.0114, 0.009, 0.0077, 0.0066]","[0.048, 0.619, 0.064, 0.058, 0.426, 0.175, 0.193, 0.237, 0.168, 0.129]",2000,0.20475582778453827,0.2293937353404724,
32,R4,1890,-0.10465623969951768,0.22584223651180624,-0.014036357821322431,-0.0019757162795747086,-0.040071717903601096,-0.02868869038815028,0.06552192082307041,0.24891050159931183,0.22967654466629028,0.16991636157035828,0.4785870313644409,0.7741715312004089,0.8701396584510803,2,14,28,"[0.2489, 0.2297, 0.1699, 0.0666, 0.059, 0.0345, 0.0212, 0.0162, 0.0123, 0.0117]","[0.105, 0.226, 0.014, 0.419, 0.382, 0.196, 0.042, 0.072, 0.059, 0.023]",2000,0.111564502120018,0.09525237827786232,
32,R5,1890,-0.16692820974957828,0.5917413416926173,-0.3673670353065353,0.2979771070847033,0.3770965485551993,-0.19641491003092726,0.04503733029342853,0.26638883352279663,0.14687004685401917,0.08512906730175018,0.4132588803768158,0.5973239541053772,0.7055395841598511,3,53,120,"[0.2664, 0.1469, 0.0851, 0.0618, 0.0371, 0.0269, 0.0242, 0.0218, 0.0193, 0.016]","[0.167, 0.592, 0.367, 0.107, 0.017, 0.418, 0.085, 0.023, 0.221, 0.027]",2000,0.19166114926338196,-0.18430563654672433,
32,R6,1890,-0.19703384143881475,0.01741147514155522,0.18910620664634142,0.1135539518427425,-0.5132667086670545,-0.03159645768780687,0.048988274882514546,0.31250229477882385,0.11802704632282257,0.07744576036930084,0.4305293560028076,0.6160071492195129,0.7361814975738525,1,52,132,"[0.3125, 0.118, 0.0774, 0.0567, 0.0513, 0.0373, 0.0313, 0.0187, 0.0182, 0.0147]","[0.197, 0.017, 0.189, 0.033, 0.43, 0.058, 0.083, 0.034, 0.114, 0.07]",2000,0.07103021442890167,0.16934103980052,
32,R7,1890,0.05244799969411798,0.26301342629865054,0.011284507253566384,0.048788796132409655,0.41727933580730014,-0.06379440231990045,0.010665824618793885,0.38516443967819214,0.09178724139928818,0.07938310503959656,0.4769516885280609,0.629586398601532,0.7390225529670715,1,53,136,"[0.3852, 0.0918, 0.0794, 0.0411, 0.0321, 0.0302, 0.0251, 0.0207, 0.018, 0.0155]","[0.052, 0.263, 0.011, 0.341, 0.262, 0.192, 0.136, 0.063, 0.243, 0.188]",2000,0.06575371325016022,-0.09991410810062816,
33,T0,1890,0.9133954439532511,0.10148168139495475,-0.027126807447087,-0.06049562382189196,0.03270749323863565,0.045280596130361686,-0.19486625094619894,0.3334093689918518,0.12381402403116226,0.08845119923353195,0.45722338557243347,0.6483332514762878,0.7790584564208984,1,34,98,"[0.3334, 0.1238, 0.0885, 0.0574, 0.0453, 0.0358, 0.0319, 0.0271, 0.0201, 0.0158]","[0.913, 0.101, 0.027, 0.069, 0.11, 0.061, 0.12, 0.089, 0.133, 0.04]",2000,0.1278619021177292,-0.5198485017570124,
33,T1,1890,0.9080381753289312,-0.16487610958037202,0.14187489142721538,-0.009973006859628417,-0.14406528530747098,-0.02069450103975348,-0.061222307243320694,0.2921362817287445,0.23166458308696747,0.0747387558221817,0.5238008499145508,0.7097262740135193,0.8157932758331299,1,25,63,"[0.2921, 0.2317, 0.0747, 0.0621, 0.0491, 0.028, 0.0257, 0.0215, 0.0166, 0.0143]","[0.908, 0.165, 0.142, 0.024, 0.115, 0.12, 0.046, 0.089, 0.045, 0.051]",2000,0.07682127505540848,-0.36478419075751406,
33,T2,1890,-0.8162838136331968,-0.15537033498083264,0.14826048707105507,0.02944315932446364,0.13328800794753884,0.07072525993544698,0.13187903133529383,0.37995487451553345,0.10786869376897812,0.07211367785930634,0.48782357573509216,0.6487997770309448,0.7547230124473572,2,40,93,"[0.38, 0.1079, 0.0721, 0.0476, 0.0412, 0.0329, 0.0254, 0.0179, 0.0163, 0.0135]","[0.816, 0.155, 0.148, 0.157, 0.162, 0.331, 0.182, 0.102, 0.022, 0.041]",2000,0.17436285316944122,0.5279095535443358,
33,T3,1890,0.4123235158198048,0.14001675851370873,-0.8272913182883914,0.23925709235124,0.7694210118939085,-0.0566643559062789,0.13782593167366125,0.2651318311691284,0.11976734548807144,0.1010846197605133,0.38489916920661926,0.5844458341598511,0.6901501417160034,2,115,293,"[0.2651, 0.1198, 0.1011, 0.068, 0.0304, 0.0278, 0.023, 0.0201, 0.0188, 0.016]","[0.412, 0.14, 0.827, 0.214, 0.033, 0.088, 0.087, 0.077, 0.067, 0.01]",2000,0.07966708391904831,-0.23608498073911324,
33,T4,1890,0.30814205644608655,0.6721487417909286,-0.5005297959392634,0.2762665037711326,0.7530414016242538,-0.12910995901429823,0.18410748254448586,0.23278021812438965,0.10717499256134033,0.09113867580890656,0.33995521068573,0.5611495971679688,0.7142713665962219,3,54,147,"[0.2328, 0.1072, 0.0911, 0.0705, 0.0595, 0.0408, 0.039, 0.0323, 0.0224, 0.0186]","[0.308, 0.672, 0.501, 0.151, 0.035, 0.153, 0.198, 0.16, 0.136, 0.035]",2000,0.06468183547258377,-0.19711289068078272,
33,T5,1890,-0.42004753253566046,0.2616509173474132,-0.2604406760305054,-0.27151086767873106,-0.7473347098619596,0.08782681995048792,-0.1186543446999976,0.19791454076766968,0.10203590244054794,0.0907309278845787,0.2999504506587982,0.5070503354072571,0.6392607092857361,2,155,384,"[0.1979, 0.102, 0.0907, 0.0776, 0.0388, 0.0342, 0.0323, 0.0259, 0.0224, 0.0174]","[0.42, 0.262, 0.26, 0.773, 0.019, 0.137, 0.111, 0.09, 0.045, 0.062]",2000,0.0712694302201271,0.30472902771686156,
33,T6,1890,0.1820167598953589,0.8499585925968535,-0.04499912443047433,0.25443371897029143,0.7858588686935207,-0.09274506291976865,0.12033659940704798,0.2048850804567337,0.14026622474193573,0.11128396540880203,0.34515130519866943,0.5735816955566406,0.7100270986557007,1,52,120,"[0.2049, 0.1403, 0.1113, 0.0632, 0.054, 0.0433, 0.0292, 0.0242, 0.0229, 0.0168]","[0.182, 0.85, 0.045, 0.198, 0.141, 0.148, 0.15, 0.082, 0.13, 0.0]",2000,0.0971781313419342,-0.20575364313259623,
33,T7,1890,0.23901403402788865,-0.3990820215106063,0.5512006221792815,0.1900098031451654,0.7338962441272776,-0.0550677709295555,0.1053032216502486,0.4204759895801544,0.08455954492092133,0.06349731981754303,0.5050355195999146,0.6460895538330078,0.7268818020820618,4,109,333,"[0.4205, 0.0846, 0.0635, 0.0467, 0.0308, 0.0207, 0.0192, 0.0148, 0.014, 0.0121]","[0.239, 0.399, 0.551, 0.459, 0.021, 0.328, 0.15, 0.122, 0.091, 0.175]",2000,0.05913923308253288,-0.17066386636786893,
33,T8,1890,-0.8927577625898725,-0.2389700152994702,-0.03830694203969692,0.07392103537546264,-0.009573782735876448,0.04752002938366291,0.13232684228410416,0.2302723228931427,0.1173408031463623,0.08476082980632782,0.347613126039505,0.5346879959106445,0.6753313541412354,1,66,192,"[0.2303, 0.1173, 0.0848, 0.0597, 0.0426, 0.0358, 0.0287, 0.0277, 0.0252, 0.0232]","[0.893, 0.239, 0.038, 0.084, 0.121, 0.102, 0.004, 0.025, 0.158, 0.165]",2000,0.1065407544374466,0.416133036327749,
33,R0,1890,-0.881153261179695,0.28563700323763325,-0.20176393232501,0.13802696280034168,0.034206231724215615,0.07349666883486933,0.14731437072146744,0.17615225911140442,0.1283600777387619,0.0976954847574234,0.3045123219490051,0.5250549912452698,0.6692515015602112,1,82,233,"[0.1762, 0.1284, 0.0977, 0.0734, 0.0495, 0.0385, 0.0353, 0.0278, 0.023, 0.0195]","[0.881, 0.286, 0.202, 0.008, 0.031, 0.101, 0.101, 0.124, 0.042, 0.125]",2000,0.0941668227314949,0.4021069883478579,
33,R1,1890,0.16250603444845144,-0.7782986169645711,0.4622105669088386,-0.10720127562721846,0.06533441562786156,-0.03926066952261867,0.09552029387005309,0.5329529047012329,0.121512271463871,0.08561251312494278,0.6544651985168457,0.8151127099990845,0.8777504563331604,2,14,35,"[0.533, 0.1215, 0.0856, 0.0473, 0.0278, 0.0183, 0.0166, 0.0103, 0.0095, 0.008]","[0.163, 0.778, 0.462, 0.01, 0.038, 0.2, 0.11, 0.111, 0.117, 0.142]",2000,0.11703454703092575,0.07502070403712476,
33,R2,1890,-0.16822669565341136,-0.45854239671352615,0.729434313402927,0.07447790220389389,-0.02290709814180761,0.03947274479320072,-0.05325018379771891,0.5871970653533936,0.1268511414527893,0.08608956634998322,0.7140482068061829,0.8530904054641724,0.901696503162384,2,10,25,"[0.5872, 0.1269, 0.0861, 0.03, 0.023, 0.0152, 0.0128, 0.0073, 0.0066, 0.0066]","[0.168, 0.459, 0.729, 0.003, 0.013, 0.299, 0.024, 0.07, 0.207, 0.076]",2000,0.06763802468776703,-0.17704352248609947,
33,R3,1890,-0.05365956143740322,0.6076303953828571,0.06871386363308443,0.10504574301225371,0.022917767767475606,-0.056573870300263986,-0.12847504055458642,0.6861812472343445,0.09025417268276215,0.0365084633231163,0.7764354348182678,0.8506899476051331,0.8997204303741455,2,11,26,"[0.6862, 0.0903, 0.0365, 0.0219, 0.0159, 0.0129, 0.0125, 0.0089, 0.0082, 0.0066]","[0.054, 0.608, 0.069, 0.027, 0.007, 0.424, 0.225, 0.193, 0.192, 0.185]",2000,0.1956338733434677,-0.2253497791929998,
33,R4,1890,-0.04179932128557025,0.2642995299499625,0.014003780958941062,-0.028996938304767954,-0.006921228667686401,-0.012713282525537857,0.05250292778998506,0.2791201174259186,0.20416411757469177,0.17815974354743958,0.48328423500061035,0.7839230298995972,0.8784158825874329,1,13,26,"[0.2791, 0.2042, 0.1782, 0.0652, 0.0572, 0.0342, 0.0199, 0.0157, 0.0126, 0.012]","[0.042, 0.264, 0.014, 0.22, 0.503, 0.157, 0.012, 0.063, 0.095, 0.106]",2000,0.10374724119901657,0.05794454769176541,
33,R5,1890,-0.17596243936309844,-0.5933257794615998,-0.300646483742393,0.3021772198796511,0.3748716918466426,-0.19785584824578809,0.060919581911032916,0.2485150843858719,0.14114910364151,0.08286125957965851,0.3896641731262207,0.5688812136650085,0.6924600601196289,4,54,124,"[0.2485, 0.1411, 0.0829, 0.0574, 0.0389, 0.0316, 0.0259, 0.0236, 0.0227, 0.0197]","[0.176, 0.593, 0.301, 0.122, 0.035, 0.143, 0.029, 0.33, 0.374, 0.105]",2000,0.18957342207431793,-0.16443670290891443,
33,R6,1890,-0.19161550733416544,-0.072235698359592,0.17788538323697176,0.13069680747130574,-0.550771176527847,-0.023410214906162588,0.039219491900431384,0.34490934014320374,0.13759846985340118,0.07898203283548355,0.4825078248977661,0.6675771474838257,0.7751150131225586,0,39,104,"[0.3449, 0.1376, 0.079, 0.0614, 0.0446, 0.0352, 0.0246, 0.0179, 0.015, 0.0148]","[0.192, 0.072, 0.178, 0.202, 0.278, 0.172, 0.007, 0.036, 0.069, 0.057]",2000,0.07838094979524612,0.17736667057779276,
33,R7,1890,0.06561881420425134,0.16975541914841294,0.2379647010191951,0.04441832433525257,0.401430857743386,-0.06726142764967936,0.012276227006562673,0.3925474286079407,0.11807388067245483,0.08802477270364761,0.5106213092803955,0.6727347373962402,0.7714341878890991,1,43,114,"[0.3925, 0.1181, 0.088, 0.0423, 0.0318, 0.026, 0.0239, 0.0178, 0.017, 0.014]","[0.066, 0.17, 0.238, 0.212, 0.316, 0.014, 0.244, 0.242, 0.024, 0.191]",2000,0.07768501341342926,-0.10041482774270737,
34,T0,1890,-0.9144153754708098,0.10273450044331607,-0.03351059176935618,0.06055033211300027,-0.02826340916702921,-0.046418601551567434,0.1944532619155149,0.32297590374946594,0.12818600237369537,0.08761855214834213,0.4511619210243225,0.6501554846763611,0.7771688103675842,1,35,101,"[0.323, 0.1282, 0.0876, 0.0644, 0.047, 0.0348, 0.0297, 0.0268, 0.0194, 0.0164]","[0.914, 0.103, 0.034, 0.063, 0.092, 0.032, 0.116, 0.087, 0.126, 0.019]",2000,0.12488565593957901,0.5161222471996876,
34,T1,1890,-0.9127045324246343,-0.1437656680392722,0.04590091305338405,0.010625140104045576,0.11400614186271316,0.0007371096744376721,0.07136662698960299,0.2913496196269989,0.23298993706703186,0.07966197282075882,0.5243395566940308,0.716362714767456,0.8174527883529663,1,25,64,"[0.2913, 0.233, 0.0797, 0.0616, 0.0508, 0.0258, 0.0244, 0.0204, 0.016, 0.0145]","[0.913, 0.144, 0.046, 0.126, 0.121, 0.098, 0.043, 0.109, 0.034, 0.068]",2000,0.0720122680068016,0.36303559976135136,
34,T2,1890,-0.8090588933979423,-0.12457249549035433,0.13029854655415546,0.034214036933725336,0.13063801807778766,0.07638432543388553,0.1411301910291793,0.37679851055145264,0.10878626257181168,0.07448333501815796,0.4855847656726837,0.6441822648048401,0.7491322159767151,2,42,100,"[0.3768, 0.1088, 0.0745, 0.0448, 0.0393, 0.0331, 0.0244, 0.0174, 0.0163, 0.0138]","[0.809, 0.125, 0.13, 0.17, 0.096, 0.355, 0.215, 0.111, 0.011, 0.015]",2000,0.1731138378381729,0.526975774976992,
34,T3,1890,-0.3871659641800408,0.2147941216424914,-0.8225449717627304,-0.25110063633779856,-0.7760778561812782,0.04159487722059545,-0.12904514918074683,0.2640320658683777,0.11995446681976318,0.09621168673038483,0.38398653268814087,0.5817898511886597,0.6881256699562073,2,113,284,"[0.264, 0.12, 0.0962, 0.0682, 0.0334, 0.0271, 0.025, 0.0198, 0.0181, 0.0163]","[0.387, 0.215, 0.823, 0.205, 0.066, 0.026, 0.14, 0.08, 0.075, 0.034]",2000,0.07987111061811447,0.24536615087264527,
34,T4,1890,0.3307667747660472,0.5711540520372449,-0.523016599751277,0.2661413323943948,0.7556565431950494,-0.12496568593034803,0.176820223736778,0.23123161494731903,0.09482722729444504,0.09152723848819733,0.32605883479118347,0.5591248273849487,0.7081336379051208,3,56,152,"[0.2312, 0.0948, 0.0915, 0.0855, 0.056, 0.041, 0.0375, 0.0314, 0.0201, 0.019]","[0.331, 0.571, 0.523, 0.268, 0.074, 0.259, 0.139, 0.178, 0.122, 0.023]",2000,0.058624375611543655,-0.18587450356159332,
34,T5,1890,-0.4023666401273036,0.23163549388555799,0.013806453282849254,-0.280173793036989,-0.7523443433596906,0.05720010242852361,-0.10558191899751394,0.18796637654304504,0.10191109776496887,0.09288965165615082,0.2898774743080139,0.5077241659164429,0.637768566608429,2,154,386,"[0.188, 0.1019, 0.0929, 0.0843, 0.0407, 0.035, 0.0299, 0.0258, 0.0224, 0.017]","[0.402, 0.232, 0.014, 0.829, 0.101, 0.082, 0.108, 0.101, 0.049, 0.027]",2000,0.07015740871429443,0.3057661400111422,
34,T6,1890,-0.17579723760775523,0.8430609030063988,-0.040334823456003276,-0.24790892654830196,-0.7836468564829909,0.10289850473930647,-0.11355590928734147,0.20122548937797546,0.13847319781780243,0.11222708225250244,0.3396986722946167,0.5770248770713806,0.7112169861793518,1,53,123,"[0.2012, 0.1385, 0.1122, 0.0704, 0.0547, 0.0425, 0.0286, 0.0237, 0.0228, 0.0165]","[0.176, 0.843, 0.04, 0.256, 0.101, 0.168, 0.14, 0.084, 0.128, 0.007]",2000,0.09543242305517197,0.22298408202173323,
34,T7,1890,0.24337206910520284,0.38403431463608384,0.5912519088566084,0.19289780227761275,0.7404361999296244,-0.05120302019124576,0.10810886267108562,0.4111778736114502,0.08331046253442764,0.06067586690187454,0.49448832869529724,0.6322380900382996,0.7165122032165527,4,122,357,"[0.4112, 0.0833, 0.0607, 0.0469, 0.0302, 0.0215, 0.0201, 0.0165, 0.0139, 0.0123]","[0.243, 0.384, 0.591, 0.422, 0.009, 0.349, 0.062, 0.027, 0.11, 0.186]",2000,0.05933309346437454,-0.17149079403913092,
34,T8,1890,0.9067075995130052,0.18773255740708306,-0.04834189322954442,-0.06709381878685232,0.014346678420435407,-0.029320429623243487,-0.13377112128574337,0.22524872422218323,0.11845514923334122,0.08472876995801926,0.34370386600494385,0.5284149646759033,0.6674349308013916,1,70,204,"[0.2252, 0.1185, 0.0847, 0.0587, 0.0413, 0.0363, 0.0293, 0.0274, 0.0236, 0.0225]","[0.907, 0.188, 0.048, 0.091, 0.105, 0.12, 0.029, 0.014, 0.183, 0.088]",2000,0.10739479213953018,-0.43163156588731866,
34,R0,1890,-0.8533241290519531,-0.3563768942746793,-0.1672433541611922,0.14168067760377984,0.03746930981889898,0.08718365380359104,0.13391628932290373,0.16768036782741547,0.12727174162864685,0.09761962294578552,0.2949520945549011,0.5126879215240479,0.6531611680984497,2,91,252,"[0.1677, 0.1273, 0.0976, 0.0731, 0.047, 0.0373, 0.0342, 0.0289, 0.021, 0.0191]","[0.853, 0.356, 0.167, 0.034, 0.051, 0.147, 0.041, 0.101, 0.009, 0.148]",2000,0.09497882425785065,0.3605602870589814,
34,R1,1890,0.16222924641168845,0.7247349245030077,-0.5468946501938753,-0.10722595178259996,0.06346826379624822,-0.03883776535715671,0.09829372578769957,0.5272559523582458,0.12917332351207733,0.0849381759762764,0.6564292907714844,0.8133155107498169,0.8761073350906372,2,14,36,"[0.5273, 0.1292, 0.0849, 0.0452, 0.0268, 0.0183, 0.016, 0.0106, 0.0094, 0.0085]","[0.162, 0.725, 0.547, 0.005, 0.027, 0.211, 0.068, 0.124, 0.098, 0.084]",2000,0.11422707885503769,0.07857880854673692,
34,R2,1890,0.17775009279439472,-0.45138121160018774,-0.7348988877600526,-0.07495913848940387,0.018662101095720928,-0.04334523319264458,0.05322777535705875,0.5812422633171082,0.1276843547821045,0.08789661526679993,0.7089266180992126,0.8495177030563354,0.8989688754081726,3,11,26,"[0.5812, 0.1277, 0.0879, 0.0297, 0.023, 0.0155, 0.0132, 0.0074, 0.0068, 0.0065]","[0.178, 0.451, 0.735, 0.036, 0.026, 0.315, 0.058, 0.028, 0.089, 0.205]",2000,0.06558521836996078,0.17265535824095787,
34,R3,1890,-0.07558299656532037,0.6075087113513585,0.061726701339079586,0.10884739500045286,0.04221273786234787,-0.08161662783272082,-0.10797447773482598,0.6882392168045044,0.08616899698972702,0.0376141257584095,0.774408221244812,0.8498514890670776,0.8984060287475586,2,11,27,"[0.6882, 0.0862, 0.0376, 0.0225, 0.0153, 0.0127, 0.0116, 0.0091, 0.0083, 0.0068]","[0.076, 0.608, 0.062, 0.056, 0.032, 0.198, 0.424, 0.009, 0.257, 0.19]",2000,0.18716281652450562,-0.22349480816665176,
34,R4,1890,0.015204232684307773,0.2499972198982788,0.05987152866353905,0.027763208553021734,0.014240765183266765,0.007003694396480718,-0.05047865568258559,0.2815312147140503,0.19987182319164276,0.17029546201229095,0.48140305280685425,0.7752400040626526,0.8735103011131287,1,14,27,"[0.2815, 0.1999, 0.1703, 0.0663, 0.0572, 0.0352, 0.0204, 0.0163, 0.0143, 0.0121]","[0.015, 0.25, 0.06, 0.223, 0.505, 0.152, 0.0, 0.043, 0.019, 0.129]",2000,0.1052679792046547,-0.04252543131659113,
34,R5,1890,-0.17872063596881613,0.5537164591390058,-0.37770251697707974,0.3027694784528675,0.3842050712679394,-0.18754955395804507,0.07216085607923074,0.2467411458492279,0.13398778438568115,0.08036711812019348,0.38072893023490906,0.5553861260414124,0.6923394203186035,3,56,131,"[0.2467, 0.134, 0.0804, 0.0533, 0.041, 0.0364, 0.0307, 0.0258, 0.0231, 0.021]","[0.179, 0.554, 0.378, 0.171, 0.034, 0.043, 0.147, 0.05, 0.405, 0.157]",2000,0.17013019323349,-0.15279797310642484,
34,R6,1890,-0.196903277583715,-0.09971952162205233,-0.18380097588942595,0.10899038624943426,-0.5828985239117069,-0.024156832050566898,0.04446412708676264,0.37270450592041016,0.14142556488513947,0.0786411240696907,0.5141300559043884,0.6909482479095459,0.7941128611564636,0,34,91,"[0.3727, 0.1414, 0.0786, 0.0583, 0.0398, 0.0288, 0.0234, 0.0187, 0.0171, 0.0151]","[0.197, 0.1, 0.184, 0.176, 0.253, 0.217, 0.001, 0.08, 0.07, 0.003]",2000,0.08035509288311005,0.18780774604044792,
34,R7,1890,0.06219923191166361,0.2507293094498755,0.223939087848328,0.015395403545274654,0.3941690417251534,-0.08052800804348774,0.022448021643832944,0.4068339467048645,0.1458820253610611,0.07499916851520538,0.5527159571647644,0.7059104442596436,0.7903864979743958,0,37,101,"[0.4068, 0.1459, 0.075, 0.0467, 0.0315, 0.022, 0.0203, 0.0153, 0.0143, 0.0126]","[0.062, 0.251, 0.224, 0.188, 0.167, 0.163, 0.29, 0.228, 0.025, 0.164]",2000,0.07888495177030563,-0.09022577338539786,
35,T0,1890,-0.9170900791211289,-0.09208914724890764,-0.0002118528800404368,0.06655042261833405,-0.025633089621744844,-0.037816455716301905,0.1923953631750897,0.31302013993263245,0.13243745267391205,0.08431894332170486,0.4454575777053833,0.6403075456619263,0.7708756923675537,1,35,103,"[0.313, 0.1324, 0.0843, 0.062, 0.0485, 0.0337, 0.0308, 0.0306, 0.0189, 0.0165]","[0.917, 0.092, 0.0, 0.025, 0.092, 0.014, 0.089, 0.087, 0.117, 0.009]",2000,0.1255979984998703,0.514512722742985,
35,T1,1890,-0.9275796961536575,-0.06236187314481434,-0.010286495741710864,-0.012040440673903342,-0.09403946037448871,-0.025634919336846855,0.10337671263621256,0.28130221366882324,0.23323877155780792,0.08791006356477737,0.51454097032547,0.7106852531433105,0.8143654465675354,1,25,65,"[0.2813, 0.2332, 0.0879, 0.0583, 0.05, 0.028, 0.0238, 0.0212, 0.0158, 0.0148]","[0.928, 0.062, 0.01, 0.125, 0.09, 0.067, 0.058, 0.121, 0.018, 0.041]",2000,0.07232791930437088,0.39019267396717117,
35,T2,1890,-0.806611291722492,-0.08227189774601948,0.1283782103605837,0.0346740152962692,0.13236877057753,0.07332630633014414,0.13838452644115667,0.3652492165565491,0.11455503106117249,0.0693524107336998,0.47980424761772156,0.629819393157959,0.7348992824554443,2,47,112,"[0.3652, 0.1146, 0.0694, 0.0436, 0.0371, 0.0324, 0.0239, 0.0178, 0.0167, 0.0143]","[0.807, 0.082, 0.128, 0.159, 0.041, 0.364, 0.146, 0.12, 0.006, 0.086]",2000,0.17404955625534058,0.5243899420456459,
35,T3,1890,-0.35126497268552237,0.19877668710572108,0.8515767677312489,-0.23583414101330566,-0.7905754906718762,0.04186663701497532,-0.11589360930621365,0.25907427072525024,0.12499064207077026,0.09236124157905579,0.3840649127960205,0.5801520943641663,0.689200222492218,2,108,271,"[0.2591, 0.125, 0.0924, 0.0668, 0.0369, 0.0327, 0.023, 0.0199, 0.0184, 0.0151]","[0.351, 0.199, 0.852, 0.048, 0.054, 0.018, 0.175, 0.091, 0.059, 0.053]",2000,0.07366254180669785,0.22939234784007867,
35,T4,1890,0.3535753898968802,0.09036516875883673,-0.65333335799117,0.26376004744827647,0.7642666470162508,-0.09242822496371315,0.14657853121886094,0.23226775228977203,0.09652547538280487,0.09008600562810898,0.3287932276725769,0.5563153624534607,0.7008213996887207,3,64,171,"[0.2323, 0.0965, 0.0901, 0.0866, 0.0508, 0.0401, 0.0355, 0.0301, 0.0206, 0.0182]","[0.354, 0.09, 0.653, 0.467, 0.147, 0.217, 0.217, 0.155, 0.077, 0.022]",2000,0.05631114915013313,-0.20228804364923236,
35,T5,1890,0.4230275043136733,0.10181750058309912,-0.14039354650500696,0.2722607301164382,0.7472435508678656,-0.07648586698882205,0.10851943769497059,0.19174394011497498,0.1081295982003212,0.0941096618771553,0.2998735308647156,0.5084288716316223,0.6413412690162659,2,145,367,"[0.1917, 0.1081, 0.0941, 0.0728, 0.0416, 0.0346, 0.0269, 0.0257, 0.0237, 0.022]","[0.423, 0.102, 0.14, 0.831, 0.044, 0.161, 0.094, 0.12, 0.035, 0.032]",2000,0.06502297520637512,-0.3011452089258119,
35,T6,1890,-0.14940836586044073,0.8576115650044281,-0.023257202616820627,-0.24167301233722618,-0.7766668829145134,0.08822407907411926,-0.10550793121035656,0.20061363279819489,0.13456076383590698,0.11249274015426636,0.3351743817329407,0.5758251547813416,0.7068703770637512,1,55,130,"[0.2006, 0.1346, 0.1125, 0.0752, 0.0529, 0.0426, 0.0274, 0.0234, 0.0213, 0.0163]","[0.149, 0.858, 0.023, 0.237, 0.097, 0.184, 0.137, 0.03, 0.123, 0.023]",2000,0.0944073349237442,0.23304619137685675,
35,T7,1890,0.2591110715704035,0.28399784278331686,0.6685012647727414,0.2214497228615951,0.7547949408401328,-0.053124793167048434,0.13284848062605187,0.4322962760925293,0.08075018227100372,0.051341038197278976,0.5130464434623718,0.6286108493804932,0.7225082516670227,2,104,319,"[0.4323, 0.0808, 0.0513, 0.038, 0.0262, 0.0245, 0.0231, 0.0192, 0.0151, 0.012]","[0.259, 0.284, 0.669, 0.368, 0.291, 0.135, 0.149, 0.033, 0.059, 0.004]",2000,0.05721038207411766,-0.1748841129389486,
35,T8,1890,-0.9063290767351646,0.22831233984772323,-0.02245507250947811,0.03834702218629791,-0.03279726287542761,0.07318860092951195,0.07624773827504334,0.20339752733707428,0.14885637164115906,0.09146196395158768,0.35225391387939453,0.53399658203125,0.6676260232925415,1,66,191,"[0.2034, 0.1489, 0.0915, 0.0515, 0.0388, 0.0337, 0.0276, 0.0264, 0.0246, 0.0214]","[0.906, 0.228, 0.022, 0.049, 0.03, 0.183, 0.001, 0.113, 0.022, 0.148]",2000,0.10732980072498322,0.4181404662109627,
35,R0,1890,0.8522871375943127,0.08506123479529079,-0.36345915252549105,-0.16926809051059963,-0.0646256946165419,-0.01487535476956991,-0.18372189726414373,0.15863081812858582,0.13741256296634674,0.10796798765659332,0.29604339599609375,0.530429482460022,0.6653933525085449,2,89,251,"[0.1586, 0.1374, 0.108, 0.0818, 0.0446, 0.0356, 0.033, 0.0292, 0.0201, 0.0171]","[0.852, 0.085, 0.363, 0.136, 0.079, 0.167, 0.043, 0.022, 0.024, 0.143]",2000,0.09042729437351227,-0.3818696989987282,
35,R1,1890,-0.17003979822824491,0.7519761756281076,0.5050603110570255,0.10708624814757034,-0.06280919306276207,0.04136407275123454,-0.0994072528465489,0.5025098323822021,0.13467822968959808,0.08900783210992813,0.6371880769729614,0.8015048503875732,0.8700576424598694,2,15,38,"[0.5025, 0.1347, 0.089, 0.0447, 0.0306, 0.0217, 0.0159, 0.0116, 0.0106, 0.0088]","[0.17, 0.752, 0.505, 0.04, 0.055, 0.189, 0.019, 0.073, 0.091, 0.199]",2000,0.10983576625585556,-0.07794529386697711,
35,R2,1890,-0.20092676981616,-0.3799793806701017,-0.7611920089410461,0.0635860317385535,-0.019483033696330383,0.06782861749140254,-0.0616759071219319,0.5452976822853088,0.16283884644508362,0.08362836390733719,0.7081365585327148,0.8475787043571472,0.8981028199195862,2,11,26,"[0.5453, 0.1628, 0.0836, 0.0282, 0.0277, 0.0155, 0.0139, 0.0076, 0.007, 0.0066]","[0.201, 0.38, 0.761, 0.021, 0.083, 0.291, 0.026, 0.075, 0.148, 0.167]",2000,0.06149396300315857,-0.15936197496896037,
35,R3,1890,-0.08327186435037834,0.6117691570559597,-0.05290644128693865,0.11234997481582432,0.04614543329491653,-0.08262844270321584,-0.08965872210455231,0.6860116124153137,0.08444954454898834,0.03728620707988739,0.7704611420631409,0.8480134606361389,0.8966249823570251,2,11,27,"[0.686, 0.0844, 0.0373, 0.024, 0.0163, 0.0128, 0.0116, 0.0088, 0.0086, 0.0068]","[0.083, 0.612, 0.053, 0.047, 0.064, 0.153, 0.418, 0.029, 0.277, 0.17]",2000,0.18113601207733154,-0.23719874455514373,
35,R4,1890,-0.013533448557616498,-0.0059186570551848505,-0.26427794825716955,-0.02897430783632389,0.02298952328990482,-0.015749110846573162,0.04918262229048635,0.32691678404808044,0.21659411489963531,0.1582740992307663,0.543510913848877,0.8029610514640808,0.8922384977340698,2,11,23,"[0.3269, 0.2166, 0.1583, 0.0544, 0.0468, 0.0312, 0.0217, 0.0158, 0.0113, 0.0093]","[0.014, 0.006, 0.264, 0.429, 0.389, 0.147, 0.083, 0.001, 0.037, 0.142]",2000,0.09742069989442825,0.04458568640118851,
35,R5,1890,-0.17607136009490304,0.573175825124924,-0.3314492848587916,0.30812567742811964,0.329161395555246,-0.1831941847783836,0.05879800674564156,0.2560800611972809,0.1241861954331398,0.07724324613809586,0.3802662491798401,0.5517053604125977,0.689277172088623,4,59,137,"[0.2561, 0.1242, 0.0772, 0.0518, 0.0424, 0.041, 0.0282, 0.0255, 0.0222, 0.0207]","[0.176, 0.573, 0.331, 0.195, 0.081, 0.001, 0.04, 0.042, 0.319, 0.37]",2000,0.15957525372505188,-0.17287306380273182,
35,R6,1890,-0.1761871930936456,-0.1141065274205608,-0.14830466183418367,0.1200077158370363,-0.6107900586402673,-0.0020285952872735563,0.03698136922636012,0.3526698350906372,0.17257249355316162,0.10402368009090424,0.5252423286437988,0.7151134610176086,0.8144091963768005,1,29,80,"[0.3527, 0.1726, 0.104, 0.0492, 0.0366, 0.0261, 0.0218, 0.0208, 0.016, 0.0145]","[0.176, 0.114, 0.148, 0.183, 0.139, 0.338, 0.036, 0.054, 0.042, 0.068]",2000,0.08094000071287155,0.16942322032383875,
35,R7,1890,0.06935819573683726,0.20549562700299062,0.17441535935209965,0.023351674703849745,0.4093297725351589,-0.07232642821512478,0.007518263960897812,0.41166454553604126,0.16978904604911804,0.07432971894741058,0.5814535617828369,0.7431744933128357,0.8135210871696472,0,30,86,"[0.4117, 0.1698, 0.0743, 0.0549, 0.0325, 0.0182, 0.0155, 0.0133, 0.012, 0.0113]","[0.069, 0.205, 0.174, 0.0, 0.192, 0.223, 0.252, 0.16, 0.294, 0.022]",2000,0.07782702893018723,-0.10538923719371701,
36,T0,1890,-0.9207651553512995,0.0006383804366008768,0.04645837082240841,0.035992331254549245,-0.10167050829397692,-0.029994290706899813,0.1838799574114673,0.31807416677474976,0.12765449285507202,0.08531651645898819,0.4457286596298218,0.6338903307914734,0.7635863423347473,1,36,107,"[0.3181, 0.1277, 0.0853, 0.0591, 0.0438, 0.0322, 0.0289, 0.0283, 0.0235, 0.0168]","[0.921, 0.001, 0.046, 0.021, 0.1, 0.099, 0.038, 0.058, 0.001, 0.136]",2000,0.12646199762821198,0.5164105577814957,
36,T1,1890,0.9211747499016394,-0.10132317471907329,-0.013525374458930501,0.006834260857479284,0.1253693183421622,0.0486143381789968,-0.12420444914610242,0.273882657289505,0.2353132963180542,0.08464760333299637,0.5091959238052368,0.6987988352775574,0.8042494058609009,1,27,71,"[0.2739, 0.2353, 0.0846, 0.0577, 0.0473, 0.0269, 0.0236, 0.0211, 0.0185, 0.0154]","[0.921, 0.101, 0.014, 0.156, 0.074, 0.06, 0.053, 0.12, 0.047, 0.042]",2000,0.07110321521759033,-0.40229332440073073,
36,T2,1890,-0.7860015398704625,-0.09479907016349792,0.26131809044793175,0.015623948953133794,0.10654098408342907,0.09091649369750833,0.10749110119503263,0.3448443114757538,0.09525330364704132,0.06609830260276794,0.4400976300239563,0.6077096462249756,0.7283546924591064,1,47,106,"[0.3448, 0.0953, 0.0661, 0.0633, 0.0382, 0.036, 0.0273, 0.0218, 0.0193, 0.0162]","[0.786, 0.095, 0.261, 0.158, 0.125, 0.271, 0.098, 0.152, 0.136, 0.199]",2000,0.15481054782867432,0.5306105248107363,
36,T3,1890,-0.3681852976079,-0.22866992951098883,-0.8426740279485875,-0.23969689508486813,-0.7857944369774328,0.022448606117171577,-0.1102623850249003,0.2594672441482544,0.11402235925197601,0.09756328165531158,0.3734896183013916,0.5727421045303345,0.6751508116722107,2,109,272,"[0.2595, 0.114, 0.0976, 0.0648, 0.0369, 0.0267, 0.0223, 0.0191, 0.0183, 0.016]","[0.368, 0.229, 0.843, 0.056, 0.075, 0.018, 0.174, 0.115, 0.026, 0.003]",2000,0.07597573101520538,0.2461814011039725,
36,T4,1890,0.3588043640334914,0.023144148245713432,0.7518977778431993,0.25218074271155816,0.7506336517993928,-0.11222493818165173,0.15398134019077114,0.2325328141450882,0.10517986118793488,0.09084049612283707,0.33771267533302307,0.5542146563529968,0.6979072690010071,2,68,176,"[0.2325, 0.1052, 0.0908, 0.0776, 0.048, 0.0388, 0.0354, 0.0307, 0.0214, 0.0174]","[0.359, 0.023, 0.752, 0.269, 0.132, 0.221, 0.257, 0.152, 0.053, 0.011]",2000,0.05732657015323639,-0.19275003894282353,
36,T5,1890,-0.43724654869921736,0.2776627449162245,-0.015720903277779075,-0.24693949648347932,-0.742290293552762,0.07719919570862328,-0.1053307171703863,0.1791348159313202,0.09058874845504761,0.08898377418518066,0.2697235643863678,0.5040501952171326,0.6392411589622498,2,140,362,"[0.1791, 0.0906, 0.089, 0.0763, 0.069, 0.0374, 0.0295, 0.0249, 0.023, 0.0203]","[0.437, 0.278, 0.016, 0.17, 0.792, 0.003, 0.095, 0.03, 0.127, 0.014]",2000,0.06117207929491997,0.29306216851628863,
36,T6,1890,0.06711916964113356,-0.5383837645911286,0.6891003508642508,0.25704823297411467,0.7098222312512442,-0.07013559541803512,0.10239583157519193,0.19747239351272583,0.1467152237892151,0.11813277006149292,0.3441876173019409,0.5866631865501404,0.7172714471817017,2,52,123,"[0.1975, 0.1467, 0.1181, 0.0691, 0.0552, 0.04, 0.0302, 0.0239, 0.0197, 0.0168]","[0.067, 0.538, 0.689, 0.218, 0.065, 0.185, 0.108, 0.079, 0.124, 0.008]",2000,0.09133002907037735,-0.19807274845314235,
36,T7,1890,0.26421257551931215,0.3076855191988326,0.2823649425802148,0.22123729563791958,0.760686511682941,-0.055369010520071385,0.11335617768788717,0.42182406783103943,0.0743994489312172,0.05756622180342674,0.496223509311676,0.6259007453918457,0.7206382751464844,2,98,294,"[0.4218, 0.0744, 0.0576, 0.0411, 0.031, 0.0236, 0.0223, 0.0191, 0.0159, 0.0138]","[0.264, 0.308, 0.282, 0.742, 0.068, 0.201, 0.179, 0.081, 0.023, 0.03]",2000,0.05219666659832001,-0.19283819546783793,
36,T8,1890,-0.058232024236306856,-0.930766418587944,-0.08180837344686841,0.0560932919248489,-0.023140221650353777,0.36929207207511283,-0.226381061287308,0.32252809405326843,0.15457651019096375,0.08142295479774475,0.4771046042442322,0.6342288851737976,0.7391582131385803,1,44,134,"[0.3225, 0.1546, 0.0814, 0.0381, 0.0376, 0.0301, 0.0221, 0.0205, 0.0173, 0.015]","[0.058, 0.931, 0.082, 0.025, 0.101, 0.076, 0.143, 0.069, 0.034, 0.046]",2000,0.09280162304639816,-0.22343044314838822,
36,R0,1890,-0.6362305239371903,0.6230596586801204,-0.2447273104534034,0.10125807336231032,0.007805453466207235,0.29722930859424646,0.004856777791095364,0.1703469306230545,0.13480868935585022,0.09527672082185745,0.3051556348800659,0.5219219923019409,0.6629964709281921,2,85,242,"[0.1703, 0.1348, 0.0953, 0.0756, 0.0459, 0.0362, 0.0335, 0.0297, 0.0223, 0.0194]","[0.636, 0.623, 0.245, 0.162, 0.115, 0.035, 0.12, 0.012, 0.113, 0.031]",2000,0.0870606005191803,0.1920074157321042,
36,R1,1890,-0.18491314931230607,-0.21166577510089662,0.8263619032803105,0.1532523956088539,-0.08570811073917367,0.13405340253916936,-0.14045238048222353,0.5580213665962219,0.1346740573644638,0.07988268882036209,0.6926954388618469,0.8434442281723022,0.9010136723518372,1,10,26,"[0.558, 0.1347, 0.0799, 0.0471, 0.0238, 0.0184, 0.0129, 0.0112, 0.0078, 0.0073]","[0.185, 0.212, 0.826, 0.152, 0.158, 0.032, 0.224, 0.025, 0.031, 0.115]",2000,0.06800375878810883,-0.1439234935882913,
36,R2,1890,-0.18919692258237725,-0.31394408991867495,0.7879071051443062,0.07179761324157888,-0.014995143277426555,0.10535516113954321,-0.09461988091639202,0.5694597363471985,0.15192808210849762,0.07397657632827759,0.7213878035545349,0.8596914410591125,0.9103096127510071,2,9,22,"[0.5695, 0.1519, 0.074, 0.0413, 0.023, 0.0148, 0.0134, 0.0107, 0.0059, 0.0058]","[0.189, 0.314, 0.788, 0.064, 0.034, 0.213, 0.085, 0.161, 0.039, 0.079]",2000,0.05082574859261513,-0.17281140628523653,
36,R3,1890,0.09296796756123615,0.626058297832457,0.07048918822968757,-0.12808281690932863,-0.03533002383146722,0.06410388629646739,0.08729737328883716,0.6777366399765015,0.0894237607717514,0.038082659244537354,0.7671604156494141,0.8447422385215759,0.8941255807876587,2,11,28,"[0.6777, 0.0894, 0.0381, 0.0251, 0.0144, 0.013, 0.0118, 0.0096, 0.0084, 0.0066]","[0.093, 0.626, 0.07, 0.082, 0.109, 0.114, 0.439, 0.056, 0.129, 0.294]",2000,0.1843084692955017,0.25070352738712587,
36,R4,1890,0.05160676505583922,-0.09169244776223733,0.24977485761682014,0.019946050006386544,0.03375190250478914,0.005050241775901797,-0.05982599700322443,0.2800147533416748,0.18797428905963898,0.17862673103809357,0.4679890275001526,0.781430184841156,0.8747578859329224,2,13,26,"[0.28, 0.188, 0.1786, 0.0817, 0.0531, 0.0345, 0.0185, 0.0171, 0.0118, 0.0115]","[0.052, 0.092, 0.25, 0.476, 0.354, 0.067, 0.062, 0.001, 0.08, 0.011]",2000,0.10540837049484253,-0.05458111173739045,
36,R5,1890,-0.16164016706910606,-0.09795997932271994,-0.020565973271124922,0.11903694258509499,0.20911074193410534,-0.11966881002315789,0.09910042604577872,0.18511882424354553,0.16073258221149445,0.12888981401920319,0.34585142135620117,0.6192947626113892,0.7433801889419556,2,45,109,"[0.1851, 0.1607, 0.1289, 0.0885, 0.056, 0.0369, 0.0302, 0.0221, 0.0188, 0.016]","[0.162, 0.098, 0.021, 0.603, 0.293, 0.162, 0.098, 0.042, 0.278, 0.342]",2000,0.11774939298629761,0.0678971105158051,
36,R6,1890,0.07931609524022099,-0.16846008615644253,-0.08922548248366584,-0.11335899923837191,0.56347532794014,-0.06899501106952136,-0.014248956725752345,0.34400492906570435,0.15180571377277374,0.12078572809696198,0.4958106279373169,0.6966678500175476,0.8018821477890015,0,30,84,"[0.344, 0.1518, 0.1208, 0.0435, 0.0365, 0.0299, 0.0225, 0.0219, 0.0169, 0.014]","[0.079, 0.168, 0.089, 0.145, 0.197, 0.208, 0.07, 0.034, 0.011, 0.057]",2000,0.07992192357778549,-0.10450309540275331,
36,R7,1890,-0.08427002632244927,0.020009425385770146,-0.23693260359131824,-0.009023761854566192,-0.4126445364422143,0.07463143494921019,0.005762172902185495,0.4139231741428375,0.1508519947528839,0.09711437672376633,0.5647751688957214,0.7472344636917114,0.8162520527839661,1,28,81,"[0.4139, 0.1509, 0.0971, 0.055, 0.0303, 0.0179, 0.0158, 0.0138, 0.011, 0.0106]","[0.084, 0.02, 0.237, 0.058, 0.18, 0.017, 0.315, 0.118, 0.021, 0.17]",2000,0.06029719114303589,0.14111444729122438,
