layer,position,n_horizon,rho_pc1_horizon,rho_pc2_horizon,rho_pc3_horizon,rho_pc1_reward_ratio,rho_pc1_short_reward,rho_pc1_short_delay,rho_pc1_long_delay,evr_pc1,evr_pc2,evr_pc3,cum_evr_2,cum_evr_5,cum_evr_10,n_pc_horizon,n_pc_90,n_pc_95,evr_top10,rho_top10,n_choice,silhouette_choice_pc3,rho_pc1_p_short,ridge_r2_horizon
0,T0,3240,,,,,,,,,,,,,,0,1,1,"[NaN, NaN, NaN, NaN, NaN, NaN, NaN, NaN, NaN, NaN]","[null, null, null, null, null, null, null, null, null, null]",3000,0.0,,
0,T1,3240,,,,,,,,,,,,,,0,1,1,"[NaN, NaN, NaN, NaN, NaN, NaN, NaN, NaN, NaN, NaN]","[null, null, null, null, null, null, null, null, null, null]",3000,0.0,,
0,T2,3240,,,,,,,,,,,,,,0,1,1,"[NaN, NaN, NaN, NaN, NaN, NaN, NaN, NaN, NaN, NaN]","[null, null, null, null, null, null, null, null, null, null]",3000,0.0,,
0,T3,3240,,,,,,,,,,,,,,0,1,1,"[NaN, NaN, NaN, NaN, NaN, NaN, NaN, NaN, NaN, NaN]","[null, null, null, null, null, null, null, null, null, null]",3000,0.0,,
0,T4,3240,,,,,,,,,,,,,,0,1,1,"[NaN, NaN, NaN, NaN, NaN, NaN, NaN, NaN, NaN, NaN]","[null, null, null, null, null, null, null, null, null, null]",3000,0.0,,
0,T5,3240,,,,,,,,,,,,,,0,1,1,"[NaN, NaN, NaN, NaN, NaN, NaN, NaN, NaN, NaN, NaN]","[null, null, null, null, null, null, null, null, null, null]",3000,0.0,,
0,T6,3240,,,,,,,,,,,,,,0,1,1,"[NaN, NaN, NaN, NaN, NaN, NaN, NaN, NaN, NaN, NaN]","[null, null, null, null, null, null, null, null, null, null]",3000,0.0,,
0,T7,3240,,,,,,,,,,,,,,0,1,1,"[NaN, NaN, NaN, NaN, NaN, NaN, NaN, NaN, NaN, NaN]","[null, null, null, null, null, null, null, null, null, null]",3000,0.0,,
0,T8,3240,,,,,,,,,,,,,,0,1,1,"[NaN, NaN, NaN, NaN, NaN, NaN, NaN, NaN, NaN, NaN]","[null, null, null, null, null, null, null, null, null, null]",3000,0.0,,
0,R0,3240,-0.0016196587983320144,0.03575377104350879,-0.03575377104350879,0.07457031371235864,0.06923651238896991,0.01986990099762724,-0.03544075531435171,0.9372800588607788,0.06272014230489731,4.752861298973343e-12,1.000000238418579,1.000000238418579,1.000000238418579,0,1,2,"[0.9373, 0.0627, 0.0, 0.0, 0.0, 0.0, 0.0, 0.0, 0.0, 0.0]","[0.002, 0.036, 0.036, 0.001, 0.001, 0.002, 0.001, 0.036, 0.002, 0.001]",3000,0.0,,
0,R1,3240,0.0016286716604021168,0.019282429523134064,0.03572340400439258,-0.0744038884493728,-0.06839559862957686,-0.021367415125409378,0.036359913692411136,0.724909782409668,0.22208930552005768,0.053001195192337036,0.9469990730285645,1.000000238418579,1.000000238418579,0,2,3,"[0.7249, 0.2221, 0.053, 0.0, 0.0, 0.0, 0.0, 0.0, 0.0, 0.0]","[0.002, 0.019, 0.036, 0.019, 0.021, 0.015, 0.036, 0.001, 0.036, 0.019]",3000,0.0,,
0,R2,3240,0.001626720386573309,0.035760820404477985,-0.012007601021819568,-0.07455910247053865,-0.06921358436632087,-0.01987335520692984,0.03545137577215051,0.9272259473800659,0.05013362318277359,0.022640245035290718,0.9773595929145813,0.9999998211860657,0.9999998211860657,0,1,2,"[0.9272, 0.0501, 0.0226, 0.0, 0.0, 0.0, 0.0, 0.0, 0.0, 0.0]","[0.002, 0.036, 0.012, 0.036, 0.002, 0.002, 0.024, 0.002, 0.001, 0.036]",3000,0.0,,
0,R3,3240,0.005984003833279187,-0.06002070473514967,0.014884313470991445,-0.00578624297248673,-0.07073637217072364,-0.1001562968561508,-0.13263019440982074,0.578650176525116,0.2522144913673401,0.09344465285539627,0.830864667892456,0.9949021339416504,1.0000001192092896,0,3,4,"[0.5787, 0.2522, 0.0934, 0.0565, 0.0141, 0.0031, 0.002, 0.0, 0.0, 0.0]","[0.006, 0.06, 0.015, 0.034, 0.044, 0.025, 0.001, 0.003, 0.021, 0.012]",3000,-0.016465960070490837,0.22230136491879748,
0,R4,3240,-0.009407939795705238,0.062243046598296214,0.027346470329213186,0.011057403861549893,-0.02653850240448407,-0.05231410326983498,-0.028512428611805623,0.5396777391433716,0.2220369577407837,0.10551941394805908,0.7617146968841553,0.9717894196510315,0.9999998807907104,0,4,5,"[0.5397, 0.222, 0.1055, 0.0752, 0.0294, 0.014, 0.0111, 0.0031, 0.0, 0.0]","[0.009, 0.062, 0.027, 0.057, 0.005, 0.043, 0.017, 0.024, 0.062, 0.032]",3000,-0.019644560292363167,0.1170279935513789,
0,R5,3240,-0.0004911128557642898,0.06313248098517886,-0.03582568716206018,0.014708403813193521,-0.01541669355427698,-0.04959422496848187,-0.02190850825115636,0.6202606558799744,0.1427077203989029,0.0872863158583641,0.7629683613777161,0.9660690426826477,0.9985164403915405,0,4,5,"[0.6203, 0.1427, 0.0873, 0.0589, 0.0569, 0.0156, 0.01, 0.003, 0.0022, 0.0015]","[0.0, 0.063, 0.036, 0.035, 0.053, 0.048, 0.007, 0.024, 0.028, 0.024]",3000,-0.018933802843093872,0.10482151398227825,
0,R6,3240,0.0005043041199620175,-0.06322165573762308,-0.03895670517257346,-0.010741734884964478,0.019527143501798745,0.05375289981501681,0.02083370801323714,0.5623508095741272,0.10687147825956345,0.07327710837125778,0.6692222952842712,0.8506353497505188,0.9824410676956177,0,7,8,"[0.5624, 0.1069, 0.0733, 0.0598, 0.0483, 0.0431, 0.042, 0.028, 0.0103, 0.0083]","[0.001, 0.063, 0.039, 0.01, 0.019, 0.018, 0.03, 0.105, 0.043, 0.01]",3000,-0.020512878894805908,-0.10330757740987422,
0,R7,3240,-0.016345784930075116,-0.05693297621055319,-0.0014636776285773545,0.007209907866888177,-0.03438345301512856,-0.04848978501095275,-0.02948343496185941,0.5237101912498474,0.1796531081199646,0.0825415626168251,0.703363299369812,0.8981744647026062,0.9852797985076904,0,6,7,"[0.5237, 0.1797, 0.0825, 0.0573, 0.055, 0.0388, 0.0214, 0.0127, 0.0075, 0.0068]","[0.016, 0.057, 0.001, 0.065, 0.04, 0.026, 0.02, 0.048, 0.044, 0.055]",3000,-0.01714571937918663,0.11570723758945793,
0,M0,3000,0.01909039248351861,0.41209488568055586,0.10164843199877517,0.13036320820672467,0.014637913695111866,0.07231001792571551,0.159789107400321,0.2997065782546997,0.23224897682666779,0.17513799667358398,0.5319555401802063,0.8822348713874817,0.9951420426368713,2,6,7,"[0.2997, 0.2322, 0.1751, 0.104, 0.0712, 0.0517, 0.034, 0.0122, 0.008, 0.007]","[0.019, 0.412, 0.102, 0.125, 0.017, 0.065, 0.262, 0.308, 0.269, 0.293]",3000,0.11300934851169586,-0.11088099938306399,
0,E0,3240,0.030040549932877195,-0.023770543505779933,0.03133405927897207,-0.03185751984610369,-0.029622388676735233,0.018604301361807525,-0.0036884729390200487,0.4471789300441742,0.15586824715137482,0.028056778013706207,0.6030471920967102,0.6736633777618408,0.7304559350013733,0,48,74,"[0.4472, 0.1559, 0.0281, 0.0236, 0.019, 0.0143, 0.0132, 0.0104, 0.0098, 0.0091]","[0.03, 0.024, 0.031, 0.042, 0.049, 0.006, 0.025, 0.01, 0.018, 0.022]",3000,0.1357499659061432,-0.06251154393760468,
0,MEAN,3000,-0.2043212547638916,0.18422162663880226,-0.23339427087147074,-0.08904438422394334,-0.07936173599188213,0.024998928457346397,-0.10105325782451163,0.34681978821754456,0.05446610227227211,0.04398621246218681,0.40128588676452637,0.5115036368370056,0.6037101149559021,1,91,158,"[0.3468, 0.0545, 0.044, 0.0366, 0.0296, 0.0223, 0.0215, 0.0197, 0.0148, 0.014]","[0.204, 0.184, 0.233, 0.543, 0.051, 0.133, 0.262, 0.008, 0.106, 0.106]",3000,0.05798136070370674,0.2998696899261286,
1,T0,3240,-0.038292782584796375,0.0476993690828714,-0.015649071565481298,-0.029618172917914493,-0.07358098013579137,0.003057238309525228,-0.04234602970612652,0.6463963389396667,0.11705831438302994,0.07034063339233398,0.7634546756744385,0.8913938403129578,0.9418880343437195,0,6,12,"[0.6464, 0.1171, 0.0703, 0.0347, 0.0229, 0.0143, 0.0124, 0.0102, 0.0075, 0.0062]","[0.038, 0.048, 0.016, 0.093, 0.011, 0.144, 0.058, 0.016, 0.066, 0.034]",3000,0.0007356219575740397,0.022052387495024715,
1,T1,3240,-0.017489509081344234,-0.029614252920711244,-0.008348094473998893,-0.027525889870115675,-0.08617558292614766,0.01835522377489207,-0.01728614301836149,0.6074311137199402,0.35153886675834656,0.01811256632208824,0.9589699506759644,0.9868621826171875,0.9931246638298035,1,2,2,"[0.6074, 0.3515, 0.0181, 0.0065, 0.0033, 0.0018, 0.0014, 0.0013, 0.0011, 0.0007]","[0.017, 0.03, 0.008, 0.028, 0.039, 0.008, 0.123, 0.337, 0.104, 0.064]",3000,-0.00741032138466835,-0.05088748934647074,
1,T2,3240,-0.02374050963008508,-0.02298792000603606,-0.029001294502723565,-0.02122145709151868,-0.039818963819464204,-0.0027675032445198307,-0.0400544401149724,0.4552709460258484,0.19259311258792877,0.09775670617818832,0.647864043712616,0.846688985824585,0.9205261468887329,0,8,16,"[0.4553, 0.1926, 0.0978, 0.0752, 0.0258, 0.0243, 0.0191, 0.0116, 0.0099, 0.0091]","[0.024, 0.023, 0.029, 0.043, 0.04, 0.016, 0.022, 0.015, 0.03, 0.005]",3000,-0.008260682225227356,-0.05330266801651234,
1,T3,3240,-0.003027240922339903,-0.04576309350492559,-0.01229691913439136,0.037439849740553095,0.01573992845785835,0.00989334729512446,-0.039405468001724835,0.6271905303001404,0.17799519002437592,0.10198914259672165,0.8051857352256775,0.9438275694847107,0.9733849763870239,0,3,6,"[0.6272, 0.178, 0.102, 0.0201, 0.0166, 0.0117, 0.0061, 0.005, 0.004, 0.0028]","[0.003, 0.046, 0.012, 0.024, 0.139, 0.097, 0.282, 0.045, 0.091, 0.062]",3000,-0.003945585805922747,-0.05046527673077147,
1,T4,3240,-0.020091136642922308,-0.03172445893224879,-0.04998666366793516,-0.054811927467939364,-0.1357117067255763,0.03419543327239601,-0.061286701893154445,0.7113088965415955,0.22341901063919067,0.029870741069316864,0.9347279071807861,0.9790340662002563,0.9893875122070312,0,2,3,"[0.7113, 0.2234, 0.0299, 0.009, 0.0055, 0.0033, 0.0025, 0.0019, 0.0015, 0.0011]","[0.02, 0.032, 0.05, 0.088, 0.063, 0.065, 0.028, 0.02, 0.051, 0.067]",3000,-0.0056856777518987656,-0.07112407794156557,
1,T5,3240,0.0034964173879899908,0.11537086798975361,0.12267135853637604,0.011289975036411421,0.00900615936286482,-0.021992256424095868,0.04776018030814871,0.2567470967769623,0.19992764294147491,0.1217125952243805,0.4566747546195984,0.6896161437034607,0.8162650465965271,0,20,34,"[0.2567, 0.1999, 0.1217, 0.0626, 0.0486, 0.0413, 0.0327, 0.0212, 0.0169, 0.0145]","[0.003, 0.115, 0.123, 0.164, 0.288, 0.098, 0.264, 0.072, 0.049, 0.174]",3000,0.008841223083436489,-0.010056666274474022,
1,T6,3240,0.021639976283072817,-0.014303654356504453,-0.03353080423264743,-0.07401744625508284,-0.09343054813963332,0.010277631304607491,0.00812213415029928,0.528785228729248,0.3565674424171448,0.05708321928977966,0.8853526711463928,0.9593037366867065,0.9782091975212097,1,3,4,"[0.5288, 0.3566, 0.0571, 0.0096, 0.0073, 0.0058, 0.0046, 0.0032, 0.003, 0.0023]","[0.022, 0.014, 0.034, 0.01, 0.008, 0.131, 0.173, 0.121, 0.02, 0.319]",3000,-0.005248373840004206,-0.1207957732082134,
1,T7,3240,-0.04333659411626451,0.037156069088038014,0.01713025590121159,-0.06522977932704851,-0.093124178653066,-0.007202670804354254,-0.003604212244304696,0.28995028138160706,0.2015995979309082,0.13936462998390198,0.49154987931251526,0.7517604231834412,0.8633696436882019,0,14,24,"[0.29, 0.2016, 0.1394, 0.0751, 0.0458, 0.0309, 0.0283, 0.0206, 0.0188, 0.013]","[0.043, 0.037, 0.017, 0.033, 0.0, 0.037, 0.019, 0.049, 0.14, 0.041]",3000,-0.0013019428588449955,-0.03970990547114254,
1,T8,3240,0.04067537742646772,-0.036985758639085244,-0.04992904716858741,-0.012298479884376814,-0.036100726898114874,0.01416813543603234,0.030630973298061696,0.526451826095581,0.35356035828590393,0.05617464333772659,0.8800121545791626,0.9527177214622498,0.9744763970375061,0,3,5,"[0.5265, 0.3536, 0.0562, 0.0093, 0.0072, 0.0058, 0.0049, 0.0045, 0.0039, 0.0028]","[0.041, 0.037, 0.05, 0.001, 0.01, 0.154, 0.133, 0.109, 0.061, 0.126]",3000,-0.0024952017702162266,-0.11721484837100715,
1,R0,3240,-0.022565751463750408,-0.06346451224159746,0.01557694528907666,0.023557667030024036,0.01751575811678175,-0.0019242485130142757,-0.003358002246818674,0.850929856300354,0.11132945120334625,0.02034103311598301,0.9622592926025391,0.9935017228126526,0.9977073669433594,0,2,2,"[0.8509, 0.1113, 0.0203, 0.0088, 0.0021, 0.0016, 0.001, 0.0008, 0.0004, 0.0003]","[0.023, 0.063, 0.016, 0.016, 0.063, 0.025, 0.037, 0.009, 0.087, 0.202]",3000,-0.0028683850541710854,0.03273938548331599,
1,R1,3240,0.0037274688572594603,0.09582896762151373,-0.0017023933084421258,-0.020139399653475686,0.04045071551193962,-0.08226514709205382,0.0538454809915182,0.8414962291717529,0.11175218224525452,0.0383160337805748,0.9532483816146851,0.9978647232055664,0.9990974068641663,0,2,2,"[0.8415, 0.1118, 0.0383, 0.0037, 0.0026, 0.0005, 0.0003, 0.0002, 0.0002, 0.0001]","[0.004, 0.096, 0.002, 0.015, 0.019, 0.054, 0.065, 0.2, 0.168, 0.029]",3000,-0.0006533983396366239,0.07875175310928004,
1,R2,3240,0.06919043784479698,-0.07650997125485562,-0.0738822610263074,-0.06380998649864117,-0.08679268388058348,-0.0023339879530466586,-0.00838663382781943,0.6803581118583679,0.20269718766212463,0.09819654375314713,0.8830553293228149,0.9957422018051147,0.9984935522079468,0,3,3,"[0.6804, 0.2027, 0.0982, 0.0111, 0.0034, 0.0017, 0.0005, 0.0003, 0.0002, 0.0002]","[0.069, 0.077, 0.074, 0.064, 0.086, 0.048, 0.008, 0.127, 0.055, 0.054]",3000,-0.003629912156611681,-0.07731682291771608,
1,R3,3240,0.03388206557833961,0.018054663417774706,0.007392448648925361,0.00688956553171421,0.09504794418827699,0.05481434742709883,0.11778732761882132,0.3592080771923065,0.24199044704437256,0.19978831708431244,0.6011985540390015,0.9801164865493774,0.998953640460968,0,4,4,"[0.3592, 0.242, 0.1998, 0.1659, 0.0132, 0.0097, 0.0071, 0.001, 0.0008, 0.0002]","[0.034, 0.018, 0.007, 0.053, 0.079, 0.029, 0.093, 0.014, 0.057, 0.037]",3000,-0.015321245416998863,-0.16090417679224678,
1,R4,3240,0.03296597898367143,-0.01553991081793869,-0.045739404643546124,-0.007979882528675318,0.05422911740806353,0.06330623390464983,0.12555629459266515,0.332682728767395,0.2193308174610138,0.18548952043056488,0.5520135164260864,0.9212987422943115,0.9947872757911682,0,5,6,"[0.3327, 0.2193, 0.1855, 0.151, 0.0328, 0.0308, 0.0194, 0.0138, 0.0066, 0.0029]","[0.033, 0.016, 0.046, 0.081, 0.001, 0.0, 0.025, 0.016, 0.0, 0.018]",3000,-0.01652812585234642,-0.13606464403921492,
1,R5,3240,-0.006320727725484485,0.03330893711080557,-0.0539700352147513,0.022670713242730598,0.09130914368162174,0.0361005188187004,0.0731733001861073,0.5540310144424438,0.1661130040884018,0.10684899985790253,0.7201440334320068,0.9589539766311646,0.9911672472953796,0,4,5,"[0.554, 0.1661, 0.1068, 0.0864, 0.0456, 0.0107, 0.0083, 0.0058, 0.0041, 0.0034]","[0.006, 0.033, 0.054, 0.028, 0.059, 0.053, 0.056, 0.001, 0.007, 0.0]",3000,-0.017205309122800827,-0.15163271384789956,
1,R6,3240,-0.06400550184048652,-0.04697199694605433,0.046905311213758585,0.033903725946200995,0.10824053210141778,0.020825179785663495,0.057260077658107957,0.787827730178833,0.07114235311746597,0.04136589914560318,0.8589701056480408,0.9415438771247864,0.9847755432128906,0,3,6,"[0.7878, 0.0711, 0.0414, 0.0273, 0.0139, 0.011, 0.0092, 0.0083, 0.0077, 0.007]","[0.064, 0.047, 0.047, 0.079, 0.134, 0.022, 0.058, 0.006, 0.033, 0.039]",3000,-0.017901930958032608,-0.11112555431064639,
1,R7,3240,0.053526449520473245,-0.0224776220619813,-0.07124996473567642,-0.01655693639800406,-0.023572708848492108,0.06818149891784692,0.05579568395928748,0.38698071241378784,0.2677222788333893,0.0900644063949585,0.6547030210494995,0.8392841815948486,0.9453862905502319,0,7,11,"[0.387, 0.2677, 0.0901, 0.0537, 0.0408, 0.0391, 0.026, 0.0152, 0.0137, 0.0122]","[0.054, 0.022, 0.071, 0.027, 0.011, 0.003, 0.005, 0.007, 0.096, 0.112]",3000,-0.03591088950634003,-0.15311831365983747,
1,M0,3000,0.2798339942367157,-0.10257587218590611,-0.19858455474506626,-0.09805059601966423,0.03435292234166642,-0.09456114626584973,-0.15505287638504928,0.30601203441619873,0.25391167402267456,0.16745738685131073,0.5599237084388733,0.9115363359451294,0.9956749081611633,0,5,7,"[0.306, 0.2539, 0.1675, 0.1116, 0.0726, 0.0287, 0.0223, 0.0205, 0.0084, 0.0042]","[0.28, 0.103, 0.199, 0.289, 0.08, 0.017, 0.244, 0.108, 0.021, 0.153]",3000,0.09741121530532837,-0.19993192974618454,
1,E0,3240,0.08685080718189099,0.01679942608651753,-0.055456704015994236,-0.07898010581007338,-0.002189594685407818,-0.022299551450767438,-0.037131056458448414,0.18302546441555023,0.07233107835054398,0.04888742417097092,0.2553565502166748,0.3651103079319,0.46184998750686646,0,96,135,"[0.183, 0.0723, 0.0489, 0.0347, 0.0262, 0.025, 0.0206, 0.0187, 0.0167, 0.0158]","[0.087, 0.017, 0.055, 0.06, 0.058, 0.068, 0.118, 0.079, 0.076, 0.036]",3000,0.0454309806227684,-0.11271758001488004,
1,MEAN,3000,-0.20496079348503032,-0.20425988383079421,-0.5580217367546663,-0.06942622954712191,-0.04075412046614626,-0.015978375035705896,-0.01321865797259141,0.23962074518203735,0.09107787162065506,0.06762692332267761,0.3306986093521118,0.4681527316570282,0.5583374500274658,2,114,202,"[0.2396, 0.0911, 0.0676, 0.041, 0.0288, 0.022, 0.0201, 0.0179, 0.016, 0.0142]","[0.205, 0.204, 0.558, 0.088, 0.318, 0.23, 0.184, 0.042, 0.055, 0.038]",3000,0.11025272309780121,0.37581249091298496,
2,T0,3240,-0.026376011737529653,-0.04734455857854548,0.03420565895542931,-0.02884533543007285,-0.05794523286069322,-0.010065911888378243,-0.0352509955738093,0.6731451749801636,0.11975273489952087,0.06435218453407288,0.7928979396820068,0.9078407883644104,0.949989378452301,0,5,11,"[0.6731, 0.1198, 0.0644, 0.0297, 0.0209, 0.0121, 0.0106, 0.0076, 0.0069, 0.0049]","[0.026, 0.047, 0.034, 0.081, 0.035, 0.093, 0.141, 0.004, 0.046, 0.155]",3000,-0.00033763321698643267,0.00725737033485044,
2,T1,3240,0.009741356434648168,-0.028783673624068633,-0.03569660793676942,-0.05145727471119129,-0.0503557128669448,-0.01775996502794496,0.06038484002469435,0.7416379451751709,0.22168907523155212,0.010205644182860851,0.9633270502090454,0.9828795194625854,0.9918212890625,0,2,2,"[0.7416, 0.2217, 0.0102, 0.0052, 0.0042, 0.0031, 0.0025, 0.0015, 0.001, 0.0009]","[0.01, 0.029, 0.036, 0.024, 0.049, 0.032, 0.064, 0.038, 0.075, 0.069]",3000,-0.006825659889727831,0.06967378077254205,
2,T2,3240,0.01724908751648517,1.6125176518087343e-05,-0.03328241386717383,0.006295540175734694,0.012625712268996185,0.008537775858464628,0.0265113718621988,0.3516055643558502,0.21405519545078278,0.16475193202495575,0.5656607747077942,0.8277192711830139,0.9100849032402039,0,9,18,"[0.3516, 0.2141, 0.1648, 0.0653, 0.032, 0.025, 0.0195, 0.0159, 0.0129, 0.0091]","[0.017, 0.0, 0.033, 0.022, 0.091, 0.045, 0.016, 0.043, 0.009, 0.02]",3000,-0.006474072113633156,0.059913098476915796,
2,T3,3240,-0.06526866893673682,-0.07916732906518298,-0.013421686466873245,-0.011076157601593526,-0.07019535695642175,-0.0013105812786936356,-0.05066975898062067,0.5557036399841309,0.2481309473514557,0.07818689942359924,0.8038345575332642,0.9212940335273743,0.9546442627906799,0,4,9,"[0.5557, 0.2481, 0.0782, 0.0219, 0.0173, 0.0096, 0.0074, 0.0068, 0.0053, 0.0043]","[0.065, 0.079, 0.013, 0.07, 0.2, 0.108, 0.001, 0.035, 0.046, 0.121]",3000,-0.0035517557989805937,-0.043964988743605105,
2,T4,3240,-0.02970087490927853,-0.031796019027821025,-0.035132695604088014,-0.09345378527156165,-0.1646236982924718,0.012978173519602326,-0.042178896970396416,0.5980908870697021,0.29476162791252136,0.034425653517246246,0.8928525447845459,0.9510213136672974,0.9719967246055603,0,3,5,"[0.5981, 0.2948, 0.0344, 0.0132, 0.0105, 0.0062, 0.0053, 0.0037, 0.0032, 0.0027]","[0.03, 0.032, 0.035, 0.044, 0.106, 0.006, 0.1, 0.062, 0.06, 0.148]",3000,-0.006456845439970493,-0.035967162578969265,
2,T5,3240,-0.021104133508475575,0.12263525823995426,0.11000032080422846,0.02058515395710918,0.018009388000943368,-0.014141447843648269,0.028484358233729024,0.26013147830963135,0.19086004793643951,0.12443748861551285,0.45099151134490967,0.6821099519729614,0.8169593811035156,1,20,34,"[0.2601, 0.1909, 0.1244, 0.0608, 0.0458, 0.0432, 0.0348, 0.024, 0.0175, 0.0154]","[0.021, 0.123, 0.11, 0.275, 0.343, 0.125, 0.132, 0.058, 0.016, 0.014]",3000,0.008628259412944317,-0.004953994018085396,
2,T6,3240,0.01633901468696976,-0.03819443385982588,0.03661324476222068,-0.09335823968031469,-0.13641909602159596,0.018495765841362883,-0.005319735413284647,0.5278180837631226,0.321798175573349,0.04539621248841286,0.849616289138794,0.9209215641021729,0.9533143043518066,0,4,10,"[0.5278, 0.3218, 0.0454, 0.0148, 0.0111, 0.0093, 0.007, 0.006, 0.0057, 0.0044]","[0.016, 0.038, 0.037, 0.128, 0.079, 0.127, 0.056, 0.255, 0.282, 0.117]",3000,-0.0019407240906730294,-0.09561062763871106,
2,T7,3240,-0.02367512074565645,-0.03652723321804823,0.016067406133020264,-0.06232375430413178,-0.08945988131705089,-0.014957940422455962,0.0005507359203464609,0.30262815952301025,0.20886968076229095,0.13808023929595947,0.5114978551864624,0.7569308280944824,0.8643954396247864,0,14,25,"[0.3026, 0.2089, 0.1381, 0.0694, 0.0379, 0.0292, 0.0279, 0.0205, 0.0163, 0.0136]","[0.024, 0.037, 0.016, 0.025, 0.003, 0.038, 0.014, 0.049, 0.105, 0.049]",3000,-0.0002141431177733466,-0.036597525486770185,
2,T8,3240,0.022587803677227587,0.014049374084059658,-0.045348316939528406,-0.08855600288278254,-0.10524692398430899,0.004671439929968472,0.018220550172256045,0.47575080394744873,0.28655412793159485,0.07682286947965622,0.7623049020767212,0.8777302503585815,0.9267249703407288,0,7,15,"[0.4758, 0.2866, 0.0768, 0.0205, 0.0181, 0.0137, 0.0105, 0.0091, 0.0085, 0.0071]","[0.023, 0.014, 0.045, 0.03, 0.057, 0.104, 0.038, 0.079, 0.042, 0.022]",3000,-0.0030637329909950495,-0.09017001114018487,
2,R0,3240,0.02982661735301751,-0.03171004993333429,0.002824301489883621,-0.001045266574118402,0.0342175177723285,0.00969895019280368,0.0183232777322538,0.8726260662078857,0.10071500390768051,0.014898889698088169,0.9733410477638245,0.9953902959823608,0.9977871775627136,0,2,2,"[0.8726, 0.1007, 0.0149, 0.0052, 0.0019, 0.0007, 0.0007, 0.0005, 0.0003, 0.0002]","[0.03, 0.032, 0.003, 0.016, 0.086, 0.052, 0.062, 0.019, 0.021, 0.092]",3000,-0.0033291589934378862,-0.05073270516458537,
2,R1,3240,-0.014781494982446158,-0.010668860182675799,-0.027585430070994243,-0.036366889355920896,0.026180872588667813,-0.09278925126309602,0.05368072884549184,0.8146948218345642,0.1342206597328186,0.03865941986441612,0.9489154815673828,0.9968140721321106,0.9985639452934265,0,2,3,"[0.8147, 0.1342, 0.0387, 0.0068, 0.0024, 0.0008, 0.0003, 0.0003, 0.0002, 0.0002]","[0.015, 0.011, 0.028, 0.076, 0.019, 0.055, 0.126, 0.06, 0.071, 0.118]",3000,-0.0016292290529236197,0.08765266535326671,
2,R2,3240,-0.0001630723496696147,-0.02385777369618161,-0.03472272794459208,-0.04597471999519607,-0.05420571021974996,-0.0006993988498703899,0.020032077923624082,0.7729642987251282,0.13274569809436798,0.06662733852863312,0.905709981918335,0.9952096939086914,0.9980910420417786,0,2,3,"[0.773, 0.1327, 0.0666, 0.0188, 0.0041, 0.0015, 0.0004, 0.0004, 0.0003, 0.0002]","[0.0, 0.024, 0.035, 0.005, 0.061, 0.034, 0.027, 0.024, 0.02, 0.086]",3000,-0.006589135620743036,-0.08184128466380453,
2,R3,3240,0.04899286341212823,0.07733437217165406,-0.006188950319043841,-0.03004751229922364,0.06772340618531567,0.05161109375925864,0.12343556578114653,0.4156852662563324,0.23667582869529724,0.17442753911018372,0.6523610949516296,0.9873033761978149,0.9987179636955261,0,4,4,"[0.4157, 0.2367, 0.1744, 0.1515, 0.0091, 0.0052, 0.0036, 0.0015, 0.0006, 0.0005]","[0.049, 0.077, 0.006, 0.024, 0.029, 0.04, 0.037, 0.018, 0.01, 0.038]",3000,-0.015208696015179157,-0.24670313273617991,
2,R4,3240,0.030226574397408446,0.040337528919806756,-0.052417531398956003,-0.005488197374541204,0.022789771604609738,0.056982421061870486,0.11017987765533797,0.3460867404937744,0.19473978877067566,0.17314155399799347,0.5408265590667725,0.9168497920036316,0.9933460354804993,0,5,7,"[0.3461, 0.1947, 0.1731, 0.1508, 0.0521, 0.0248, 0.0216, 0.0177, 0.0091, 0.0033]","[0.03, 0.04, 0.052, 0.057, 0.016, 0.002, 0.002, 0.014, 0.014, 0.0]",3000,-0.016398698091506958,-0.19682872684913905,
2,R5,3240,-0.006584984942023761,-0.036983646173120735,-0.02346352779629205,0.005004252714626122,0.06868205510682847,0.05987952528180459,0.07250014802978688,0.5772414207458496,0.1738179475069046,0.08690354973077774,0.751059353351593,0.9597398042678833,0.9899761080741882,0,4,5,"[0.5772, 0.1738, 0.0869, 0.0839, 0.0379, 0.0112, 0.0091, 0.0038, 0.0031, 0.0029]","[0.007, 0.037, 0.023, 0.02, 0.026, 0.06, 0.043, 0.032, 0.02, 0.028]",3000,-0.015206764452159405,-0.16131675151621552,
2,R6,3240,0.06517164551841839,0.04819663107818094,0.10198370197917765,-0.028418366167074532,-0.11519047901809518,-0.010854497754068215,-0.0635934521566781,0.718955934047699,0.09642495214939117,0.055179011076688766,0.815380871295929,0.9285451769828796,0.9807363152503967,0,4,7,"[0.719, 0.0964, 0.0552, 0.0394, 0.0186, 0.0135, 0.0125, 0.0102, 0.0086, 0.0074]","[0.065, 0.048, 0.102, 0.095, 0.101, 0.052, 0.018, 0.006, 0.071, 0.048]",3000,-0.018175004050135612,0.1156966531249859,
2,R7,3240,0.05409133849994606,-0.00583267132074759,0.030806894983878248,-0.03715995015883221,-0.048221366817698966,0.08648881109085275,0.06987555574530448,0.6426972150802612,0.1637924611568451,0.055701907724142075,0.8064897060394287,0.9106216430664062,0.9653788208961487,0,5,8,"[0.6427, 0.1638, 0.0557, 0.0286, 0.0199, 0.0179, 0.0161, 0.0077, 0.007, 0.0061]","[0.054, 0.006, 0.031, 0.031, 0.025, 0.001, 0.072, 0.066, 0.085, 0.119]",3000,-0.06759005039930344,-0.14235005711999127,
2,M0,3000,0.2845822160066983,-0.1817182857548895,0.2709607947560159,-0.08186350846039063,0.03636646769945896,-0.10648350022480764,-0.16196192790973524,0.4218771755695343,0.2608385384082794,0.1174929216504097,0.6827157139778137,0.9228510856628418,0.9954237341880798,0,5,6,"[0.4219, 0.2608, 0.1175, 0.0653, 0.0573, 0.0313, 0.0183, 0.0112, 0.0077, 0.0041]","[0.285, 0.182, 0.271, 0.14, 0.205, 0.194, 0.045, 0.085, 0.042, 0.11]",3000,0.09702462702989578,-0.2067900148665832,
2,E0,3240,0.1047751811062557,-0.17419094287472767,0.04683693555065852,-0.07022884686905731,-0.028132929600624128,-0.025029173080081804,-0.05941573127229673,0.137745201587677,0.07168301939964294,0.054398052394390106,0.20942822098731995,0.3306111991405487,0.44256722927093506,0,103,147,"[0.1377, 0.0717, 0.0544, 0.0351, 0.0317, 0.0263, 0.0232, 0.0228, 0.0206, 0.0191]","[0.105, 0.174, 0.047, 0.125, 0.01, 0.049, 0.134, 0.006, 0.049, 0.098]",3000,0.021907653659582138,-0.11187375285434828,
2,MEAN,3000,-0.1950551401218301,-0.17766010322866266,-0.5371799550512557,-0.06357120181057092,-0.03479804982373258,-0.008167737318980857,-0.003869912780410226,0.2283458709716797,0.09095825999975204,0.06060311198234558,0.31930413842201233,0.46276119351387024,0.5534351468086243,1,117,209,"[0.2283, 0.091, 0.0606, 0.053, 0.0299, 0.0226, 0.0194, 0.0179, 0.0156, 0.0152]","[0.195, 0.178, 0.537, 0.248, 0.242, 0.12, 0.252, 0.032, 0.071, 0.178]",3000,0.09746796637773514,0.3697397702622296,
3,T0,3240,-0.011673555615079148,0.053172801405971186,-0.040541163664282384,-0.06361263276027752,-0.0904192782410783,-0.02342279776776672,-0.002213327581127108,0.6826269626617432,0.12925207614898682,0.06125608831644058,0.81187903881073,0.9196181893348694,0.9549468755722046,0,4,9,"[0.6826, 0.1293, 0.0613, 0.027, 0.0195, 0.0115, 0.008, 0.006, 0.0055, 0.0043]","[0.012, 0.053, 0.041, 0.05, 0.029, 0.087, 0.128, 0.135, 0.009, 0.09]",3000,-0.0005785175017081201,-0.022158405275158062,
3,T1,3240,-0.0020199623290266845,-0.0113503196047636,-0.026441513876827433,-0.062458503050948376,-0.10740896535067429,0.003267256512588786,0.02005847448894851,0.706934928894043,0.23000125586986542,0.0185102429240942,0.9369361996650696,0.9750141501426697,0.9889388680458069,0,2,3,"[0.7069, 0.23, 0.0185, 0.0129, 0.0066, 0.0039, 0.0035, 0.0028, 0.0019, 0.0017]","[0.002, 0.011, 0.026, 0.012, 0.0, 0.027, 0.018, 0.057, 0.001, 0.006]",3000,-0.00693850452080369,0.009292828180592006,
3,T2,3240,-0.020352817755376035,0.012618780412253767,-0.05919016031354591,0.024061536292535712,0.020906365752759934,0.004129695776177319,-0.0314348107793383,0.3800418972969055,0.23263034224510193,0.1472805291414261,0.6126722097396851,0.8391541838645935,0.9173787832260132,0,9,17,"[0.38, 0.2326, 0.1473, 0.0509, 0.0284, 0.026, 0.0164, 0.0137, 0.0117, 0.0104]","[0.02, 0.013, 0.059, 0.021, 0.059, 0.088, 0.025, 0.024, 0.003, 0.04]",3000,-0.005795006640255451,-0.05634384020737355,
3,T3,3240,-0.051859562001253315,0.04673668507128123,-0.06507928389953135,0.048999250723244285,0.0329957896884843,0.00015471487095609993,-0.04650750833465514,0.4545575678348541,0.3366311192512512,0.09589001536369324,0.7911887168884277,0.9184355139732361,0.9511065483093262,0,4,10,"[0.4546, 0.3366, 0.0959, 0.0173, 0.014, 0.0101, 0.0067, 0.0061, 0.0053, 0.0045]","[0.052, 0.047, 0.065, 0.068, 0.193, 0.143, 0.049, 0.004, 0.057, 0.106]",3000,-0.005291292909532785,-0.021631934535955428,
3,T4,3240,-0.0009930288510062823,-0.00896971879213481,-0.03365788065828445,-0.07986786184793583,-0.13206084089679515,0.018605591071688212,-0.02029142889701931,0.6256026029586792,0.24886344373226166,0.04535171017050743,0.874466061592102,0.9401247501373291,0.9669855237007141,0,3,7,"[0.6256, 0.2489, 0.0454, 0.0117, 0.0086, 0.0074, 0.0062, 0.005, 0.0046, 0.0037]","[0.001, 0.009, 0.034, 0.076, 0.039, 0.046, 0.023, 0.016, 0.021, 0.098]",3000,-0.006720876786857843,-0.061567851836537756,
3,T5,3240,-0.08788323818008643,0.13642535916001478,0.12128938101557374,0.039008562881606486,0.036909731152320456,-0.018935242926204653,0.013730034667280892,0.2712603509426117,0.20389391481876373,0.13876356184482574,0.4751542806625366,0.7153671979904175,0.836757481098175,0,18,32,"[0.2713, 0.2039, 0.1388, 0.0609, 0.0405, 0.0384, 0.0316, 0.0219, 0.0157, 0.0137]","[0.088, 0.136, 0.121, 0.28, 0.008, 0.278, 0.245, 0.006, 0.047, 0.046]",3000,0.011325739324092865,0.037494463832570574,
3,T6,3240,-0.0026187010656092712,-0.023972576655976904,-0.04222325454190301,-0.07786113430319477,-0.07660879293517006,-0.016633701153934827,-8.092176097171005e-05,0.5751568078994751,0.2512180507183075,0.061808302998542786,0.826374888420105,0.9131506681442261,0.9477329850196838,0,4,11,"[0.5752, 0.2512, 0.0618, 0.0144, 0.0106, 0.0095, 0.0077, 0.0069, 0.0059, 0.0046]","[0.003, 0.024, 0.042, 0.085, 0.012, 0.023, 0.038, 0.294, 0.038, 0.132]",3000,-0.0033466778695583344,-0.07449284094667873,
3,T7,3240,-0.02380969891610714,-0.04649495604681332,0.02590713604862452,-0.07721534446455751,-0.10582394589680916,-0.018951240125178428,0.003549116163504105,0.3189094364643097,0.20782911777496338,0.14071787893772125,0.5267385244369507,0.76414954662323,0.8640689849853516,0,14,26,"[0.3189, 0.2078, 0.1407, 0.0626, 0.0341, 0.0269, 0.0251, 0.0192, 0.0154, 0.0133]","[0.024, 0.046, 0.026, 0.012, 0.001, 0.014, 0.006, 0.071, 0.108, 0.014]",3000,-0.00044931730371899903,-0.03829555705830959,
3,T8,3240,0.022897297721166953,-0.029959557096024866,-0.06661452140348707,-0.08430611423494558,-0.09535660267200632,-0.0007656108829391297,0.03585047441372266,0.4513649046421051,0.25567924976348877,0.10536415129899979,0.7070441246032715,0.8591756820678711,0.9116432666778564,0,9,18,"[0.4514, 0.2557, 0.1054, 0.026, 0.0208, 0.014, 0.0128, 0.01, 0.0083, 0.0073]","[0.023, 0.03, 0.067, 0.004, 0.033, 0.064, 0.1, 0.1, 0.04, 0.03]",3000,-0.002399612683802843,-0.08672788597808469,
3,R0,3240,-0.029757049418241456,-0.022989843214541193,-0.0035726130063907023,-0.021872139655352875,-0.023863093072628,-0.025799265186478862,0.00929905470018864,0.8556618690490723,0.10127002000808716,0.02456616424024105,0.9569318890571594,0.9927961230278015,0.9963068962097168,0,2,2,"[0.8557, 0.1013, 0.0246, 0.0085, 0.0028, 0.001, 0.0009, 0.0007, 0.0005, 0.0004]","[0.03, 0.023, 0.004, 0.023, 0.06, 0.006, 0.028, 0.0, 0.033, 0.007]",3000,-0.0037902346812188625,0.059121574290158525,
3,R1,3240,0.054119383347295755,0.04656155689105556,0.046883536732423126,0.027335019716000556,0.13139218951053644,-0.09244959972578817,0.0709402645114598,0.8409659266471863,0.10159634798765182,0.04242964833974838,0.9425622820854187,0.9956197142601013,0.9983116984367371,0,2,3,"[0.841, 0.1016, 0.0424, 0.0077, 0.0029, 0.0008, 0.0008, 0.0006, 0.0003, 0.0002]","[0.054, 0.047, 0.047, 0.024, 0.024, 0.048, 0.068, 0.045, 0.068, 0.035]",3000,-0.0015305307460948825,-0.04271028533175563,
3,R2,3240,0.003165007328692895,0.014081012292619145,-0.005122611540912725,-0.06954532166000796,-0.0797917185654099,-0.023530525154352347,0.021358488141156224,0.8102278113365173,0.11326579749584198,0.04443700611591339,0.9234936237335205,0.9930258393287659,0.9975568652153015,0,2,3,"[0.8102, 0.1133, 0.0444, 0.0193, 0.0058, 0.0025, 0.0008, 0.0006, 0.0004, 0.0003]","[0.003, 0.014, 0.005, 0.037, 0.022, 0.018, 0.004, 0.02, 0.044, 0.063]",3000,-0.005638600792735815,-0.055154811678775444,
3,R3,3240,-0.031298635017146116,0.04341310295228338,-0.015502626870743715,0.02368008493783669,-0.05305091189305205,-0.0525920793769346,-0.11259968094238161,0.4098677337169647,0.23283608257770538,0.1810855269432068,0.6427038311958313,0.9835810661315918,0.9979029893875122,0,4,4,"[0.4099, 0.2328, 0.1811, 0.1503, 0.0095, 0.0061, 0.0043, 0.0024, 0.001, 0.0006]","[0.031, 0.043, 0.016, 0.041, 0.029, 0.003, 0.073, 0.029, 0.019, 0.01]",3000,-0.01476030983030796,0.23734220829752892,
3,R4,3240,0.028873000831356174,0.01466120192972901,-0.011789066309110021,0.002209704436211577,0.019442380129428675,0.07307100053486794,0.10492656722124098,0.35144472122192383,0.1996692568063736,0.15744127333164215,0.5511139631271362,0.9107013940811157,0.9919112324714661,0,5,7,"[0.3514, 0.1997, 0.1574, 0.1338, 0.0684, 0.0356, 0.0188, 0.0154, 0.0078, 0.0036]","[0.029, 0.015, 0.012, 0.064, 0.02, 0.008, 0.002, 0.017, 0.024, 0.015]",3000,-0.015956846997141838,-0.21669017989771278,
3,R5,3240,-0.008406986582088171,0.006362992182664014,-0.0357965914716371,-0.014415073832733575,0.04239172667670848,0.052416066996824294,0.07157616154492108,0.4996146857738495,0.21466456353664398,0.1259906142950058,0.7142792344093323,0.9557754993438721,0.9881245493888855,0,4,5,"[0.4996, 0.2147, 0.126, 0.0806, 0.0349, 0.0106, 0.0089, 0.006, 0.0043, 0.0026]","[0.008, 0.006, 0.036, 0.028, 0.006, 0.044, 0.056, 0.018, 0.054, 0.062]",3000,-0.013995793648064137,-0.1665220882205801,
3,R6,3240,0.040382049276503955,0.034378747176421504,0.08586781055145862,-0.013139107288309955,-0.10538016443819871,-0.030812224383546246,-0.07014788669168201,0.7027254104614258,0.10123299062252045,0.048764169216156006,0.8039584159851074,0.9125601053237915,0.9755449891090393,0,5,8,"[0.7027, 0.1012, 0.0488, 0.0414, 0.0184, 0.0174, 0.0155, 0.0129, 0.0095, 0.0076]","[0.04, 0.034, 0.086, 0.104, 0.091, 0.006, 0.014, 0.049, 0.038, 0.046]",3000,-0.018507715314626694,0.1747816812526232,
3,R7,3240,0.06698004490804563,-0.028852992100283244,-0.05957853223137025,-0.03480385133284635,-0.010638821653807898,0.08094573413810918,0.07823157417014685,0.7218638062477112,0.129116028547287,0.03724502772092819,0.8509798049926758,0.9250742197036743,0.9701591730117798,0,4,7,"[0.7219, 0.1291, 0.0372, 0.0227, 0.0141, 0.0135, 0.012, 0.0109, 0.0045, 0.0042]","[0.067, 0.029, 0.06, 0.043, 0.019, 0.002, 0.003, 0.068, 0.011, 0.044]",3000,-0.07608751207590103,-0.17705238909407148,
3,M0,3000,0.1953880784546304,-0.1626818988121554,0.3585582652984314,-0.11837726189683433,0.01236184769935111,-0.11161647253833279,-0.18150388422927263,0.36425986886024475,0.2474413961172104,0.17361752688884735,0.611701250076294,0.9179748892784119,0.994462251663208,2,5,7,"[0.3643, 0.2474, 0.1736, 0.0809, 0.0518, 0.0265, 0.0248, 0.0159, 0.0061, 0.0032]","[0.195, 0.163, 0.359, 0.318, 0.107, 0.188, 0.051, 0.004, 0.073, 0.07]",3000,0.08926137536764145,-0.10532828693293547,
3,E0,3240,-0.041703726070978324,-0.1781740985704173,0.025148244149986065,-0.02008045016186939,-0.03741601559451817,-0.04110855142596099,-0.03353835041830931,0.14029833674430847,0.07264062762260437,0.049077972769737244,0.21293896436691284,0.32202038168907166,0.4312553405761719,0,119,177,"[0.1403, 0.0726, 0.0491, 0.0326, 0.0274, 0.0268, 0.0244, 0.0208, 0.0194, 0.0179]","[0.042, 0.178, 0.025, 0.044, 0.181, 0.1, 0.009, 0.009, 0.216, 0.136]",3000,0.017871443182229996,0.05632894144167905,
3,MEAN,3000,-0.17895577444447963,-0.08600867271611594,-0.5622366798480635,-0.050906335003191375,-0.02308851119935802,0.0034485514387219717,-0.004767387964435573,0.20498687028884888,0.09920267760753632,0.06468206644058228,0.3041895627975464,0.46014028787612915,0.5544080138206482,1,124,225,"[0.205, 0.0992, 0.0647, 0.0555, 0.0358, 0.0241, 0.0204, 0.0191, 0.0159, 0.0148]","[0.179, 0.086, 0.562, 0.282, 0.201, 0.09, 0.108, 0.234, 0.061, 0.076]",3000,0.08882364630699158,0.3431845335607123,
4,T0,3240,0.017112732995575898,0.05275952873224147,-0.038559231913160755,0.0626199455783118,0.07963060241611677,0.018605543510742995,-0.0026465321148144245,0.7109010219573975,0.11703211814165115,0.0504053458571434,0.827933132648468,0.9224821925163269,0.9553360342979431,0,4,9,"[0.7109, 0.117, 0.0504, 0.0257, 0.0184, 0.0112, 0.0072, 0.0054, 0.005, 0.0041]","[0.017, 0.053, 0.039, 0.061, 0.031, 0.088, 0.087, 0.096, 0.107, 0.047]",3000,-0.0001426775415893644,0.02739630021904581,
4,T1,3240,-0.003348240569954615,-0.002086775476144235,-0.020476914739532462,-0.06079907541385004,-0.06987791589909986,-0.026242494838555435,0.04791581340553581,0.6664357781410217,0.2547420263290405,0.022254476323723793,0.9211778044700623,0.9629870653152466,0.9852051138877869,0,2,4,"[0.6664, 0.2547, 0.0223, 0.0123, 0.0073, 0.007, 0.0053, 0.0041, 0.0035, 0.0024]","[0.003, 0.002, 0.02, 0.022, 0.044, 0.054, 0.045, 0.071, 0.026, 0.073]",3000,-0.006391930393874645,0.06707682150118253,
4,T2,3240,-0.007194319865007179,0.02777230623067594,-0.03656185439052561,0.042728456463236864,0.05470004296401808,0.0044227748930785234,-0.024578880979780043,0.34723952412605286,0.25622665882110596,0.15850819647312164,0.6034661531448364,0.8394516706466675,0.9154326319694519,0,9,17,"[0.3472, 0.2562, 0.1585, 0.0495, 0.0279, 0.0257, 0.0164, 0.0124, 0.0112, 0.0102]","[0.007, 0.028, 0.037, 0.007, 0.081, 0.08, 0.022, 0.024, 0.014, 0.017]",3000,-0.00603343965485692,-0.057387463017828245,
4,T3,3240,0.048244603170419766,0.08287754391679326,-0.06123193958185225,-0.06306322280018253,-0.06944337454274131,-0.020316073100822764,0.05290058046642919,0.5318279266357422,0.31557178497314453,0.061723578721284866,0.8473997116088867,0.9380081295967102,0.9658372402191162,0,3,7,"[0.5318, 0.3156, 0.0617, 0.0162, 0.0126, 0.0081, 0.0067, 0.0051, 0.0044, 0.0035]","[0.048, 0.083, 0.061, 0.039, 0.001, 0.12, 0.104, 0.217, 0.064, 0.208]",3000,-0.005295536480844021,0.004512761289929143,
4,T4,3240,-0.04569600789545343,-0.005784005629508157,-0.025936849262939984,-0.115146612712549,-0.2087058537697514,0.0032217324288349525,-0.032708334909440556,0.6502713561058044,0.23479214310646057,0.03551103174686432,0.8850635290145874,0.9408883452415466,0.968559741973877,0,3,7,"[0.6503, 0.2348, 0.0355, 0.012, 0.0083, 0.0067, 0.0065, 0.0058, 0.0052, 0.0035]","[0.046, 0.006, 0.026, 0.022, 0.037, 0.073, 0.029, 0.048, 0.111, 0.143]",3000,-0.006411533337086439,0.0259483971537333,
4,T5,3240,0.10528263626228458,-0.16903657007128592,-0.021003235260275935,-0.02948575530857145,-0.024113746305789933,0.015895219897983773,-0.004665830842133913,0.27352550625801086,0.21117490530014038,0.15442527830600739,0.48470041155815125,0.7425777912139893,0.8521418571472168,1,16,30,"[0.2735, 0.2112, 0.1544, 0.0666, 0.0369, 0.0338, 0.0278, 0.0193, 0.0153, 0.0134]","[0.105, 0.169, 0.021, 0.297, 0.041, 0.199, 0.311, 0.007, 0.009, 0.011]",3000,0.01050886232405901,-0.051508440874496304,
4,T6,3240,-0.003093213665575292,-0.01650922252158827,-0.043676500247639444,-0.08578584984563216,-0.07184817322619495,-0.022675828845645566,-0.0016731377413800113,0.6035322546958923,0.2233835905790329,0.05474131181836128,0.8269158601760864,0.9137696027755737,0.9494045972824097,0,4,11,"[0.6035, 0.2234, 0.0547, 0.0189, 0.0132, 0.0092, 0.0079, 0.0067, 0.0063, 0.0055]","[0.003, 0.017, 0.044, 0.017, 0.007, 0.054, 0.106, 0.052, 0.015, 0.133]",3000,-0.005198935978114605,-0.07489915609721706,
4,T7,3240,-0.015951681362520773,-0.048950692684079165,0.03645906302180808,-0.05765044493867751,-0.07964801270011823,-0.018153032830160412,0.011951665335520018,0.33689582347869873,0.20088890194892883,0.14150437712669373,0.5377846956253052,0.7789318561553955,0.8717314600944519,0,14,25,"[0.3369, 0.2009, 0.1415, 0.0672, 0.0325, 0.0252, 0.0235, 0.0183, 0.014, 0.0118]","[0.016, 0.049, 0.036, 0.001, 0.014, 0.026, 0.019, 0.092, 0.094, 0.021]",3000,-0.0012842906871810555,-0.045342164913809394,
4,T8,3240,0.04820208392987447,0.009627653940539289,-0.0589174601180806,-0.05479316501924142,0.022520647285375825,-0.01726892747211614,0.07132815772563302,0.5010429620742798,0.22818246483802795,0.0883743017911911,0.7292253971099854,0.8638985753059387,0.9172009825706482,0,8,18,"[0.501, 0.2282, 0.0884, 0.0281, 0.0182, 0.0149, 0.0127, 0.0106, 0.0079, 0.0073]","[0.048, 0.01, 0.059, 0.054, 0.052, 0.022, 0.094, 0.106, 0.112, 0.05]",3000,-0.0058972397819161415,-0.10931683550587512,
4,R0,3240,-0.06327890287226016,-0.043883526703563366,0.0027047409313301104,-0.037490023403488594,-0.02386530480037075,-0.05634526981211736,0.04583784956036073,0.8193930387496948,0.09131442755460739,0.05597987771034241,0.9107074737548828,0.9850897789001465,0.9929271340370178,0,2,3,"[0.8194, 0.0913, 0.056, 0.0148, 0.0036, 0.0027, 0.0015, 0.0013, 0.0012, 0.0011]","[0.063, 0.044, 0.003, 0.057, 0.005, 0.028, 0.039, 0.096, 0.047, 0.08]",3000,-0.003727735485881567,0.09034946433635332,
4,R1,3240,0.09644522404984804,0.0531262570999531,0.0014775661669526748,0.003932668854079737,0.11201830264830405,-0.10498753845490981,0.09575962078225748,0.789535641670227,0.1348726749420166,0.037869468331336975,0.9244083166122437,0.9894963502883911,0.9963325262069702,0,2,3,"[0.7895, 0.1349, 0.0379, 0.0197, 0.0075, 0.0024, 0.0015, 0.0012, 0.0009, 0.0008]","[0.096, 0.053, 0.001, 0.006, 0.032, 0.002, 0.04, 0.003, 0.064, 0.042]",3000,-0.0036081199068576097,-0.09433055274087061,
4,R2,3240,0.02237161413978309,0.01821189009905713,0.02774234537881686,-0.060495114921963765,-0.039820859619993904,-0.017456660280666555,0.03077204033578758,0.7678796052932739,0.13613206148147583,0.053551238030195236,0.9040116667747498,0.9888892769813538,0.9960182309150696,0,2,3,"[0.7679, 0.1361, 0.0536, 0.0246, 0.0067, 0.0038, 0.001, 0.0009, 0.0008, 0.0006]","[0.022, 0.018, 0.028, 0.027, 0.021, 0.032, 0.032, 0.018, 0.025, 0.018]",3000,-0.005318270064890385,-0.08655056419505028,
4,R3,3240,-0.0015528399915918237,0.01807916787011665,-0.03421220351138009,-0.023096341706955778,-0.04998605063250407,-0.06479954486420644,-0.06342046565553426,0.38572490215301514,0.2473088800907135,0.18802188336849213,0.6330337524414062,0.9727525115013123,0.9955024719238281,0,4,4,"[0.3857, 0.2473, 0.188, 0.139, 0.0127, 0.0096, 0.0049, 0.0047, 0.0021, 0.0014]","[0.002, 0.018, 0.034, 0.036, 0.053, 0.009, 0.011, 0.019, 0.009, 0.003]",3000,-0.013364410027861595,0.20358326783100944,
4,R4,3240,-0.026068281664161683,0.011185210823075744,-0.011609472461103675,0.015991640592067338,-0.027685952924027313,-0.08298310215500619,-0.09432624894864605,0.4203478991985321,0.21512222290039062,0.1295880228281021,0.6354701519012451,0.9246736168861389,0.9912080764770508,0,5,6,"[0.4203, 0.2151, 0.1296, 0.1038, 0.0558, 0.0279, 0.0161, 0.0127, 0.0063, 0.0035]","[0.026, 0.011, 0.012, 0.05, 0.019, 0.014, 0.024, 0.021, 0.031, 0.022]",3000,-0.01602313295006752,0.21576608429208613,
4,R5,3240,-0.008575373830072024,0.004010149521714696,-0.030205327165765933,-0.0023638615557930198,0.06485563899480366,0.03512572197715558,0.08629400194287955,0.48537677526474,0.20632581412792206,0.11833024024963379,0.6917026042938232,0.9393370747566223,0.984957754611969,0,4,6,"[0.4854, 0.2063, 0.1183, 0.0935, 0.0358, 0.0147, 0.0107, 0.0088, 0.0082, 0.0031]","[0.009, 0.004, 0.03, 0.009, 0.041, 0.011, 0.077, 0.054, 0.052, 0.035]",3000,-0.014328600838780403,-0.17313013067404479,
4,R6,3240,0.06276224255818245,0.05618070415774359,0.06869541581517312,-0.016682613959794083,-0.06876092688722654,-0.04431061099534902,-0.05230697258591718,0.7841376662254333,0.0850629210472107,0.03376317024230957,0.869200587272644,0.940954864025116,0.9804776310920715,0,3,6,"[0.7841, 0.0851, 0.0338, 0.0255, 0.0125, 0.0107, 0.0097, 0.0081, 0.0062, 0.0048]","[0.063, 0.056, 0.069, 0.073, 0.135, 0.025, 0.039, 0.03, 0.031, 0.032]",3000,-0.018020402640104294,0.15041255458484784,
4,R7,3240,0.05597959951226243,-0.020301043470960074,0.05316892493282424,-0.050831198519965995,0.04658536757448526,0.05407154183219085,0.05472343929993437,0.6475779414176941,0.17542923986911774,0.04324487969279289,0.8230071663856506,0.9094160795211792,0.9618569612503052,0,5,8,"[0.6476, 0.1754, 0.0432, 0.0259, 0.0173, 0.0151, 0.014, 0.0126, 0.0057, 0.0051]","[0.056, 0.02, 0.053, 0.029, 0.022, 0.029, 0.019, 0.057, 0.059, 0.044]",3000,-0.05919535830616951,-0.15846670806208726,
4,M0,3000,0.21748960290359765,-0.16448599670220604,0.2634057338963918,-0.11862480583827889,0.01660791634369535,-0.10102884709283382,-0.16671213598906845,0.34945210814476013,0.24717947840690613,0.18175126612186432,0.5966315865516663,0.913382351398468,0.9881083965301514,0,5,7,"[0.3495, 0.2472, 0.1818, 0.0828, 0.0522, 0.0264, 0.024, 0.0152, 0.0059, 0.0031]","[0.217, 0.164, 0.263, 0.276, 0.122, 0.218, 0.057, 0.021, 0.169, 0.159]",3000,0.08801715075969696,-0.1319063119955051,
4,E0,3240,-0.0454900321524531,-0.09004407866035295,-0.16752179710254436,-0.014993063925862974,-0.039055348587406634,-0.01892527337122431,-0.007844108545423115,0.13667461276054382,0.06484072655439377,0.050683844834566116,0.2015153467655182,0.30932730436325073,0.4077439308166504,0,141,222,"[0.1367, 0.0648, 0.0507, 0.033, 0.0241, 0.0227, 0.0208, 0.0199, 0.0185, 0.0165]","[0.045, 0.09, 0.168, 0.041, 0.055, 0.198, 0.142, 0.027, 0.045, 0.116]",3000,0.018915420398116112,-0.006135253588994641,
4,MEAN,3000,-0.20526602147190845,-0.13139090317886343,-0.5758278465594086,-0.050892841382765404,-0.01933953003262944,-0.007724890607182349,0.007034470577508832,0.1920301914215088,0.10478530824184418,0.06622720509767532,0.29681551456451416,0.45766621828079224,0.54964679479599,2,132,243,"[0.192, 0.1048, 0.0662, 0.0593, 0.0353, 0.0222, 0.0198, 0.0187, 0.0158, 0.0154]","[0.205, 0.131, 0.576, 0.308, 0.2, 0.135, 0.015, 0.183, 0.042, 0.175]",3000,0.10734527558088303,0.3763990739487222,
5,T0,3240,0.048684722821064126,0.032588780037029044,-0.031166031343594695,0.09065095143721613,0.12482625529719499,-0.0021084297401474305,0.013434268682351503,0.7006204128265381,0.1341562420129776,0.04221508279442787,0.8347766399383545,0.9202731251716614,0.9606521725654602,0,4,8,"[0.7006, 0.1342, 0.0422, 0.0243, 0.019, 0.0144, 0.0098, 0.0078, 0.0045, 0.0039]","[0.049, 0.033, 0.031, 0.039, 0.028, 0.066, 0.029, 0.087, 0.2, 0.002]",3000,0.00011027701839338988,-0.01719884704010756,
5,T1,3240,0.03582196993985268,-0.0015265503267472718,-0.007923494898292614,-0.055897929591598124,-0.04339077064175437,-0.015367212955758703,0.0780833289035385,0.6106941103935242,0.28404104709625244,0.039388757199048996,0.8947351574897766,0.9581432342529297,0.9821018576622009,0,3,4,"[0.6107, 0.284, 0.0394, 0.016, 0.008, 0.0065, 0.0054, 0.0046, 0.0045, 0.0029]","[0.036, 0.002, 0.008, 0.025, 0.003, 0.068, 0.097, 0.038, 0.026, 0.034]",3000,-0.005561088677495718,0.040258004893411116,
5,T2,3240,-0.02767253679254525,0.021329489654520885,-0.02790783097124223,0.04826329512051555,0.057052568910260594,0.006134768988177843,-0.03730547673564165,0.3625153601169586,0.25729814171791077,0.16146022081375122,0.6198135018348694,0.850898027420044,0.9208983778953552,0,8,17,"[0.3625, 0.2573, 0.1615, 0.0422, 0.0274, 0.0206, 0.0158, 0.0131, 0.0112, 0.0093]","[0.028, 0.021, 0.028, 0.022, 0.11, 0.078, 0.048, 0.042, 0.004, 0.051]",3000,-0.005439782980829477,-0.040904648311508134,
5,T3,3240,0.05969897032928132,-0.10997037763489546,-0.02646399780134637,-0.07313158334034645,-0.10357739057399366,-0.004186958631840198,0.04470075087732079,0.5069105625152588,0.3421154320240021,0.06528037786483765,0.8490259647369385,0.9422940611839294,0.9680163264274597,0,3,7,"[0.5069, 0.3421, 0.0653, 0.017, 0.011, 0.0075, 0.0063, 0.0045, 0.0042, 0.0033]","[0.06, 0.11, 0.026, 0.044, 0.015, 0.013, 0.072, 0.169, 0.073, 0.283]",3000,-0.004127257037907839,0.0005306838510711141,
5,T4,3240,-0.026302500116199563,-0.0011250150308474932,-0.007621950205051569,-0.0671385459178292,-0.12635479120366322,0.0028931473361811315,-0.03239137511595299,0.5906339287757874,0.2714083790779114,0.05771389231085777,0.8620423078536987,0.9412461519241333,0.968450129032135,0,3,7,"[0.5906, 0.2714, 0.0577, 0.0131, 0.0084, 0.0075, 0.006, 0.0054, 0.0048, 0.0034]","[0.026, 0.001, 0.008, 0.046, 0.024, 0.04, 0.098, 0.022, 0.146, 0.135]",3000,-0.005085266660898924,0.0651056914434978,
5,T5,3240,-0.10935589053712017,0.16048130229355664,-0.05666352172729798,0.03863900396407451,0.034778157843821905,-0.011484318879951182,-0.006282851844754151,0.24776114523410797,0.23622117936611176,0.1693606972694397,0.4839823246002197,0.7521911859512329,0.8568390607833862,2,16,29,"[0.2478, 0.2362, 0.1694, 0.0627, 0.0361, 0.032, 0.0266, 0.0181, 0.0152, 0.0128]","[0.109, 0.16, 0.057, 0.305, 0.016, 0.123, 0.303, 0.011, 0.021, 0.026]",3000,0.008686116896569729,0.05260458169803176,
5,T6,3240,-0.011532117974936886,0.018485237815582166,-0.02675680404779948,-0.052217963256730414,-0.044049753138822964,-0.003815631486788594,-0.03703105160967233,0.5315114855766296,0.2751771807670593,0.07895546406507492,0.806688666343689,0.9153843522071838,0.9509375691413879,0,4,10,"[0.5315, 0.2752, 0.079, 0.018, 0.0118, 0.0096, 0.0083, 0.0067, 0.0057, 0.0052]","[0.012, 0.018, 0.027, 0.003, 0.004, 0.019, 0.012, 0.076, 0.032, 0.16]",3000,-0.0051671103574335575,-0.07747718519655604,
5,T7,3240,-0.005438533364230452,-0.03180935759549617,-0.029166102511530057,-0.022407209165949862,-0.0010768583067573183,-0.01856538893509463,-0.0028383769330663,0.3361298441886902,0.21215416491031647,0.14949415624141693,0.5482839941978455,0.7893570065498352,0.883584201335907,0,12,23,"[0.3361, 0.2122, 0.1495, 0.0553, 0.0362, 0.0282, 0.0228, 0.0179, 0.0131, 0.0123]","[0.005, 0.032, 0.029, 0.027, 0.008, 0.053, 0.014, 0.063, 0.088, 0.11]",3000,-0.003989374730736017,-0.0690915366303895,
5,T8,3240,0.06457966528037054,-0.004421479522058238,-0.04412600059712102,-0.05956448405459534,-0.012954270121117177,0.019366753299809206,0.034237979329316874,0.4577593207359314,0.25326377153396606,0.10395423322916031,0.7110230922698975,0.8626132011413574,0.920179545879364,0,8,17,"[0.4578, 0.2533, 0.104, 0.0297, 0.0179, 0.0164, 0.0132, 0.012, 0.0087, 0.0073]","[0.065, 0.004, 0.044, 0.017, 0.021, 0.008, 0.026, 0.011, 0.188, 0.012]",3000,-0.004291389603167772,-0.13836216795212095,
5,R0,3240,0.03790461596440825,-0.027890327526681313,0.024584945883827182,0.04793312128091133,0.05742953063688471,0.032530278597418055,-0.031188317537654046,0.7951756119728088,0.0872945487499237,0.07100863754749298,0.8824701309204102,0.9808525443077087,0.991152286529541,0,3,3,"[0.7952, 0.0873, 0.071, 0.0231, 0.0043, 0.0038, 0.0022, 0.0018, 0.0014, 0.0012]","[0.038, 0.028, 0.025, 0.044, 0.018, 0.01, 0.024, 0.069, 0.089, 0.017]",3000,-0.001987769501283765,-0.030146482644854356,
5,R1,3240,0.0815236201784003,0.016578680747709768,0.01262134586945895,-0.029969031220808236,0.0409403022572613,-0.07718493481145781,0.08306550446930497,0.7926639914512634,0.12681251764297485,0.03524017333984375,0.9194765090942383,0.9866965413093567,0.9955164790153503,0,2,3,"[0.7927, 0.1268, 0.0352, 0.0213, 0.0107, 0.0036, 0.0021, 0.0013, 0.0011, 0.0009]","[0.082, 0.017, 0.013, 0.014, 0.026, 0.024, 0.182, 0.049, 0.06, 0.049]",3000,-0.0026130834594368935,-0.09066740161254759,
5,R2,3240,0.01715375541631865,0.032258905745034275,0.04991850587384741,-0.05072753638568261,-0.0019131709711477205,-0.025854129654317045,0.02960759906035212,0.775394856929779,0.11705461144447327,0.04866570606827736,0.8924494981765747,0.9818896651268005,0.9945299029350281,0,3,4,"[0.7754, 0.1171, 0.0487, 0.0301, 0.0107, 0.0079, 0.0018, 0.0011, 0.0009, 0.0008]","[0.017, 0.032, 0.05, 0.076, 0.018, 0.04, 0.001, 0.035, 0.007, 0.083]",3000,-0.00492806127294898,-0.08000314257821076,
5,R3,3240,0.019763477443386596,-0.011236155345553885,-0.051901723849124046,-0.00829732958315618,0.05881621787679395,0.06383725205739484,0.09809182154734992,0.3584653437137604,0.25966575741767883,0.20975670218467712,0.6181311011314392,0.9692733883857727,0.9943358898162842,0,4,4,"[0.3585, 0.2597, 0.2098, 0.1293, 0.0121, 0.0089, 0.0062, 0.0046, 0.0039, 0.0014]","[0.02, 0.011, 0.052, 0.053, 0.035, 0.016, 0.049, 0.009, 0.006, 0.003]",3000,-0.012670757248997688,-0.24280730621524507,
5,R4,3240,0.06094933331522123,0.0059579218683972444,-0.021708084532265044,-0.017614491536804756,0.045792016429334274,0.1003983423630182,0.09818662059255973,0.3831051290035248,0.22126823663711548,0.14997245371341705,0.6043733358383179,0.9210065007209778,0.9879977107048035,0,5,7,"[0.3831, 0.2213, 0.15, 0.11, 0.0567, 0.026, 0.0177, 0.0125, 0.0062, 0.0046]","[0.061, 0.006, 0.022, 0.051, 0.016, 0.032, 0.053, 0.019, 0.013, 0.013]",3000,-0.01660553179681301,-0.2391565992862747,
5,R5,3240,0.016433325925360658,-0.042046870174877224,-0.03667978545258358,-0.02581049335376757,0.022248682546301322,0.071596063462537,0.10129183683361474,0.4842984676361084,0.19519123435020447,0.12042970210313797,0.6794897317886353,0.933836817741394,0.9818859696388245,0,5,7,"[0.4843, 0.1952, 0.1204, 0.0946, 0.0394, 0.014, 0.012, 0.0103, 0.0081, 0.0037]","[0.016, 0.042, 0.037, 0.005, 0.019, 0.029, 0.067, 0.016, 0.006, 0.027]",3000,-0.01409960724413395,-0.1872684570998114,
5,R6,3240,0.06118239457741459,-0.01699636775027737,0.02764561904061672,-0.004436077136737258,-0.06514288287077968,-0.04878208325690506,-0.05066904538931398,0.7493606805801392,0.0956232026219368,0.04048861190676689,0.8449838757514954,0.9265440702438354,0.974018394947052,0,4,7,"[0.7494, 0.0956, 0.0405, 0.0263, 0.0148, 0.0126, 0.0122, 0.0099, 0.0071, 0.0056]","[0.061, 0.017, 0.028, 0.096, 0.137, 0.016, 0.012, 0.011, 0.009, 0.022]",3000,-0.017953554168343544,0.1536464332544233,
5,R7,3240,0.01562732719217067,0.02148980374347199,-0.05476234682360345,-0.06489244343308503,0.01976688848577351,0.05715870262422479,0.03453105748792681,0.5953425765037537,0.192331463098526,0.04973840340971947,0.787674069404602,0.8880488276481628,0.9524229764938354,0,6,10,"[0.5953, 0.1923, 0.0497, 0.0315, 0.0192, 0.0167, 0.0154, 0.0143, 0.0116, 0.0064]","[0.016, 0.021, 0.055, 0.008, 0.021, 0.019, 0.052, 0.047, 0.037, 0.113]",3000,-0.05115555226802826,-0.13161823570138934,
5,M0,3000,0.18947580293721078,-0.33529330491744036,0.27068821259596554,-0.12378226653783762,0.0162393295626095,-0.10428683455938474,-0.1603270532478157,0.34763118624687195,0.24675166606903076,0.16660241782665253,0.5943828821182251,0.9056923389434814,0.9844821095466614,1,5,7,"[0.3476, 0.2468, 0.1666, 0.0886, 0.0561, 0.0263, 0.0245, 0.0184, 0.0058, 0.0037]","[0.189, 0.335, 0.271, 0.259, 0.103, 0.191, 0.024, 0.039, 0.132, 0.177]",3000,0.09055737406015396,-0.12118397112743781,
5,E0,3240,-0.05776975917255569,-0.06120664927773783,-0.11890495450759124,-0.037837738701286656,-0.02904900713974516,-0.001431754015790709,0.0039757080248065315,0.1409088522195816,0.0625808984041214,0.043823495507240295,0.203489750623703,0.3034599721431732,0.40402549505233765,0,149,237,"[0.1409, 0.0626, 0.0438, 0.0316, 0.0246, 0.0238, 0.0215, 0.0205, 0.0185, 0.0162]","[0.058, 0.061, 0.119, 0.073, 0.16, 0.022, 0.13, 0.002, 0.066, 0.068]",3000,0.02257147803902626,0.016617956195416658,
5,MEAN,3000,-0.17774289460461765,-0.20130215813603067,-0.6103728980809408,-0.039164216494344366,-0.021885325112464226,0.0025890152947902457,0.00033315473900237763,0.1892796754837036,0.1235019639134407,0.06782464683055878,0.3127816319465637,0.4749780595302582,0.5670490860939026,1,125,236,"[0.1893, 0.1235, 0.0678, 0.06, 0.0343, 0.0226, 0.02, 0.0182, 0.0163, 0.0149]","[0.178, 0.201, 0.61, 0.136, 0.235, 0.125, 0.006, 0.248, 0.038, 0.006]",3000,0.10640198737382889,0.32634846778092536,
6,T0,3240,0.06306571578402921,0.04861884384941634,-0.007197716874519215,0.08552371917488483,0.10521061390688971,0.007352935950636362,0.015644026132237806,0.6894981265068054,0.14894917607307434,0.042020998895168304,0.8384473323822021,0.9219532012939453,0.9592980146408081,0,4,8,"[0.6895, 0.1489, 0.042, 0.0242, 0.0172, 0.013, 0.0086, 0.0075, 0.0045, 0.0037]","[0.063, 0.049, 0.007, 0.041, 0.042, 0.072, 0.006, 0.012, 0.131, 0.132]",3000,-0.0006187381222844124,-0.023592857051942053,
6,T1,3240,0.046360457504024746,-0.010354626229748629,0.003100204073178794,-0.05919056815392203,-0.04492689289611682,-0.017646681171637424,0.06688930225572645,0.5653281807899475,0.3333125710487366,0.03649258613586426,0.8986407518386841,0.956876814365387,0.9808139204978943,0,3,5,"[0.5653, 0.3333, 0.0365, 0.0145, 0.0072, 0.0062, 0.0057, 0.005, 0.0041, 0.003]","[0.046, 0.01, 0.003, 0.02, 0.06, 0.034, 0.105, 0.107, 0.013, 0.042]",3000,-0.005434972234070301,0.029093426240347647,
6,T2,3240,0.01332617920251729,-0.022447408123193166,-0.01697186328669468,-0.06310331882905187,-0.07237214539559908,-0.009809981588596957,0.02970072547148442,0.35993844270706177,0.2662397623062134,0.16635103523731232,0.6261782050132751,0.8538825511932373,0.9208716750144958,0,8,17,"[0.3599, 0.2662, 0.1664, 0.0372, 0.0242, 0.0192, 0.0165, 0.0121, 0.0106, 0.0086]","[0.013, 0.022, 0.017, 0.026, 0.097, 0.039, 0.076, 0.027, 0.018, 0.061]",3000,-0.005283610429614782,0.0420886466877691,
6,T3,3240,-0.07300313266509474,-0.048689138932605236,0.0001011813248268997,0.03750872079286957,0.09951282757480526,-0.027338880544590913,0.03972143956853906,0.5313627123832703,0.3374951183795929,0.05985742807388306,0.8688578605651855,0.9539787769317627,0.974077045917511,1,3,5,"[0.5314, 0.3375, 0.0599, 0.0161, 0.0092, 0.0056, 0.0053, 0.0036, 0.0032, 0.0023]","[0.073, 0.049, 0.0, 0.067, 0.009, 0.043, 0.038, 0.096, 0.148, 0.332]",3000,-0.003746764501556754,0.1113669447019717,
6,T4,3240,-0.0016944103362244304,-0.007424874149790582,-0.0016178891716690715,-0.06258413514063794,-0.10488509961158142,0.013428376641131041,-0.03854968937279732,0.560875415802002,0.3060755431652069,0.0544942170381546,0.8669509887695312,0.9439186453819275,0.9696382284164429,0,3,6,"[0.5609, 0.3061, 0.0545, 0.0143, 0.0082, 0.007, 0.0055, 0.0054, 0.0047, 0.0031]","[0.002, 0.007, 0.002, 0.07, 0.008, 0.022, 0.001, 0.131, 0.139, 0.151]",3000,-0.004934233147650957,0.05369409477294846,
6,T5,3240,0.06932991864492428,-0.09632376136733647,0.07040093009312359,-0.022862914521934247,-0.015524498762226878,-0.01990380561764456,0.05337181099131422,0.2787986695766449,0.23411647975444794,0.16279855370521545,0.5129151344299316,0.764424204826355,0.864521324634552,0,15,28,"[0.2788, 0.2341, 0.1628, 0.0521, 0.0366, 0.0292, 0.0269, 0.0166, 0.0141, 0.0134]","[0.069, 0.096, 0.07, 0.293, 0.05, 0.074, 0.289, 0.068, 0.012, 0.15]",3000,0.006743913050740957,-0.06694726077940037,
6,T6,3240,0.005735035622898701,0.007617933950436071,-0.04687785556411887,-0.03306391992366676,-0.022857197749520244,0.005316172049795005,-0.0021239962022616865,0.48330533504486084,0.3469010889530182,0.0665433406829834,0.8302063941955566,0.9295471906661987,0.9606818556785583,1,4,8,"[0.4833, 0.3469, 0.0665, 0.0196, 0.0132, 0.0092, 0.0069, 0.0054, 0.0049, 0.0048]","[0.006, 0.008, 0.047, 0.123, 0.04, 0.028, 0.071, 0.028, 0.31, 0.118]",3000,-0.0013136884663254023,-0.10251182524635279,
6,T7,3240,-0.000985192729745084,-0.008998973753902373,-0.03170360444886025,-0.058529668428326645,-0.054131661673903556,-0.018940953972116745,0.00031341126466054135,0.3471069931983948,0.2174321562051773,0.16347520053386688,0.5645391345024109,0.8069913387298584,0.8955453038215637,0,11,21,"[0.3471, 0.2174, 0.1635, 0.0486, 0.0304, 0.0265, 0.022, 0.0166, 0.0118, 0.0116]","[0.001, 0.009, 0.032, 0.016, 0.002, 0.058, 0.047, 0.052, 0.091, 0.063]",3000,-0.0033448447939008474,-0.08062289644137685,
6,T8,3240,0.06239126794632004,0.010697292425169612,-0.01660066929285153,-0.014182792717872659,0.018849688908654627,0.014866502085131525,0.030389723825019498,0.4128647446632385,0.30759817361831665,0.10173355787992477,0.7204629182815552,0.8713753819465637,0.9278380870819092,0,7,15,"[0.4129, 0.3076, 0.1017, 0.0306, 0.0186, 0.0161, 0.0136, 0.0127, 0.0081, 0.006]","[0.062, 0.011, 0.017, 0.01, 0.021, 0.012, 0.016, 0.001, 0.135, 0.201]",3000,-0.004982606042176485,-0.127584386287488,
6,R0,3240,0.016949377573879456,0.00406668317721931,-0.05259556997565427,0.027093141499924565,0.032785105930440685,0.039431081055008296,-0.07577079099949327,0.7853039503097534,0.08319975435733795,0.07951400429010391,0.8685036897659302,0.9786908030509949,0.9905520081520081,0,3,4,"[0.7853, 0.0832, 0.0795, 0.0257, 0.0049, 0.0045, 0.0024, 0.0024, 0.0015, 0.0011]","[0.017, 0.004, 0.053, 0.042, 0.002, 0.02, 0.032, 0.046, 0.137, 0.048]",3000,-0.0025028609670698643,-0.07587566985475956,
6,R1,3240,-0.1033084612607946,0.026393368336748477,0.045441671009799456,0.06204639046258812,0.03025975073321082,0.039920668206882094,-0.04047030868898155,0.7776851058006287,0.13404151797294617,0.03280028700828552,0.9117265939712524,0.9839515089988708,0.994368851184845,0,2,4,"[0.7777, 0.134, 0.0328, 0.0235, 0.0159, 0.0039, 0.0024, 0.0017, 0.0013, 0.0011]","[0.103, 0.026, 0.045, 0.001, 0.044, 0.009, 0.056, 0.011, 0.014, 0.11]",3000,-0.002202123636379838,0.1006860339521339,
6,R2,3240,0.020934376838002842,0.028342664066151574,0.053568685673655386,-0.04858599200403992,-0.009446581517988007,-0.01829847860817548,0.01977652197519671,0.7465279698371887,0.11088186502456665,0.05204206705093384,0.8574098348617554,0.9724270105361938,0.9921231269836426,0,3,4,"[0.7465, 0.1109, 0.052, 0.045, 0.018, 0.0122, 0.0032, 0.0017, 0.0014, 0.0012]","[0.021, 0.028, 0.054, 0.143, 0.021, 0.04, 0.024, 0.051, 0.027, 0.062]",3000,-0.005167258437722921,-0.09613312863174947,
6,R3,3240,-0.025278562025093102,0.016118018023900327,-0.048794283438777876,-0.035409606780934966,-0.06982663294031291,-0.06911630871107247,-0.07843330331598358,0.3301902413368225,0.2641259729862213,0.22695542871952057,0.5943162441253662,0.9602820873260498,0.9929875731468201,0,4,5,"[0.3302, 0.2641, 0.227, 0.1263, 0.0127, 0.0095, 0.0085, 0.0059, 0.0046, 0.0041]","[0.025, 0.016, 0.049, 0.066, 0.028, 0.033, 0.024, 0.027, 0.022, 0.0]",3000,-0.012044056318700314,0.22959717287205336,
6,R4,3240,0.053855877976090066,-0.02650253616168531,-0.025436018683228048,-0.037487361129474636,0.0762649688499473,0.06595514426956421,0.13472601534925902,0.4171491265296936,0.20285916328430176,0.13640345633029938,0.6200082898139954,0.9264603853225708,0.986344039440155,0,5,7,"[0.4171, 0.2029, 0.1364, 0.1217, 0.0484, 0.0213, 0.0173, 0.0109, 0.0057, 0.0047]","[0.054, 0.027, 0.025, 0.025, 0.017, 0.021, 0.053, 0.002, 0.027, 0.016]",3000,-0.015485046431422234,-0.21544031064358957,
6,R5,3240,0.034924669503660105,-0.012736203684651263,0.048034284076270424,-0.0213471736177884,0.016002701232290126,0.09263734855955673,0.09027212967900629,0.45612603425979614,0.19529874622821808,0.14642365276813507,0.651424765586853,0.9353402256965637,0.9821408987045288,0,5,7,"[0.4561, 0.1953, 0.1464, 0.1019, 0.0356, 0.0134, 0.0126, 0.01, 0.0067, 0.0042]","[0.035, 0.013, 0.048, 0.077, 0.021, 0.036, 0.007, 0.024, 0.034, 0.058]",3000,-0.01406815368682146,-0.2057091072767457,
6,R6,3240,0.05351478823537027,-0.04646594877159708,-0.027980337656169276,-0.007953256804307056,-0.05344037994179473,-0.05627780726167353,-0.04988627408892247,0.7090493440628052,0.11000245809555054,0.046452365815639496,0.8190518021583557,0.9143670201301575,0.968400239944458,0,5,8,"[0.709, 0.11, 0.0465, 0.0303, 0.0186, 0.0151, 0.0138, 0.0111, 0.0083, 0.0057]","[0.054, 0.046, 0.028, 0.027, 0.12, 0.089, 0.01, 0.002, 0.001, 0.03]",3000,-0.017334114760160446,0.16850639869955397,
6,R7,3240,-0.011659999433727865,-0.035589432316055304,0.0034368476538455465,-0.05866695277923398,0.0023522809040037096,0.07157762468319226,0.041049662972513466,0.46744489669799805,0.24544690549373627,0.06350644677877426,0.7128918170928955,0.8439776301383972,0.9281389713287354,0,8,13,"[0.4674, 0.2454, 0.0635, 0.0412, 0.0264, 0.0218, 0.0199, 0.0167, 0.0131, 0.0127]","[0.012, 0.036, 0.003, 0.006, 0.03, 0.014, 0.029, 0.08, 0.07, 0.064]",3000,-0.03895863518118858,-0.12442191789218997,
6,M0,3000,0.14059739941574062,-0.2711366606242507,0.3273325175195638,-0.1189140612647396,0.010890631100883012,-0.08652070997652786,-0.17640274013089652,0.37685465812683105,0.22053071856498718,0.14307893812656403,0.5973854064941406,0.9147295355796814,0.9838952422142029,2,5,7,"[0.3769, 0.2205, 0.1431, 0.1177, 0.0565, 0.0216, 0.0208, 0.0182, 0.0049, 0.0037]","[0.141, 0.271, 0.327, 0.303, 0.151, 0.196, 0.023, 0.003, 0.101, 0.105]",3000,0.0883401483297348,-0.09106242561701758,
6,E0,3240,-0.07422452687320662,-0.028486569681568565,-0.08211695324518098,-0.0158591742205404,-0.02529134556507381,-0.007253825921190225,-0.008703050803070388,0.15996770560741425,0.09750659763813019,0.03614789620041847,0.25747430324554443,0.3497931957244873,0.44230276346206665,0,140,223,"[0.16, 0.0975, 0.0361, 0.0309, 0.0252, 0.0216, 0.0201, 0.0188, 0.0165, 0.0155]","[0.074, 0.028, 0.082, 0.055, 0.086, 0.045, 0.104, 0.156, 0.19, 0.084]",3000,0.02678459696471691,0.0623300071372265,
6,MEAN,3000,-0.1329479685294993,-0.23061850234588657,-0.07116788398164205,-0.027391092644340816,-0.012943443651431399,0.009723449063491645,-0.018393131362920184,0.2139333039522171,0.13201367855072021,0.07025261968374252,0.3459469676017761,0.5090537071228027,0.5982190370559692,1,116,224,"[0.2139, 0.132, 0.0703, 0.0608, 0.0321, 0.0231, 0.0192, 0.0173, 0.0151, 0.0144]","[0.133, 0.231, 0.071, 0.659, 0.2, 0.054, 0.157, 0.214, 0.008, 0.125]",3000,0.0954611599445343,0.24297697498884702,
7,T0,3240,0.025148787455078155,0.04629830461423324,-0.020242623741371892,0.06982477648180352,0.05420766084507235,-0.026164143066010417,0.009874965406942528,0.715534508228302,0.13484911620616913,0.044449325650930405,0.8503836393356323,0.9302718043327332,0.9633371829986572,0,4,8,"[0.7155, 0.1348, 0.0444, 0.0206, 0.0148, 0.0121, 0.0071, 0.0063, 0.0042, 0.0033]","[0.025, 0.046, 0.02, 0.023, 0.073, 0.024, 0.043, 0.069, 0.141, 0.162]",3000,0.00037076688022352755,0.06942148032396593,
7,T1,3240,0.12016344066455885,-0.03041409457930771,0.04387500233054153,-0.07323205070638128,-0.11208844335598239,-0.0011289626687593277,-0.013228400624699498,0.5201512575149536,0.3724071681499481,0.04359664022922516,0.8925584554672241,0.9572458267211914,0.9795671105384827,0,3,5,"[0.5202, 0.3724, 0.0436, 0.013, 0.0081, 0.0062, 0.0045, 0.0044, 0.0042, 0.003]","[0.12, 0.03, 0.044, 0.019, 0.087, 0.139, 0.098, 0.01, 0.109, 0.045]",3000,-0.004799053072929382,-0.06371532323007957,
7,T2,3240,-0.028284638863269748,0.010364815483452323,-0.006286428550356728,0.07248495585529424,0.08429419846778936,0.0024618542061107807,-0.027938427181555505,0.3798973858356476,0.2579886019229889,0.16874955594539642,0.6378859877586365,0.8599556088447571,0.9214768409729004,0,8,17,"[0.3799, 0.258, 0.1687, 0.0321, 0.0213, 0.0173, 0.0152, 0.0117, 0.0096, 0.0077]","[0.028, 0.01, 0.006, 0.011, 0.063, 0.01, 0.073, 0.037, 0.065, 0.012]",3000,-0.005715457256883383,-0.02874213507113861,
7,T3,3240,-0.0661215021581908,-0.024709982349660983,-0.023019367108009062,0.016684688560490223,0.0444490869924096,-0.01985738770124094,0.024864846922813568,0.5867024660110474,0.27235719561576843,0.07716082036495209,0.8590596914291382,0.9594211578369141,0.9786214828491211,0,3,4,"[0.5867, 0.2724, 0.0772, 0.0148, 0.0084, 0.0064, 0.0048, 0.0036, 0.0024, 0.002]","[0.066, 0.025, 0.023, 0.055, 0.012, 0.016, 0.025, 0.063, 0.244, 0.078]",3000,-0.0029410943388938904,0.07961073987517099,
7,T4,3240,0.12970312269167358,-0.0513859411156556,-0.029252998706318274,-0.024699388083399776,-0.03958702014702422,0.0373929650308392,-0.021631849360929264,0.546018123626709,0.3157148063182831,0.054075825959444046,0.8617329597473145,0.9403936862945557,0.967945396900177,0,3,7,"[0.546, 0.3157, 0.0541, 0.0152, 0.0094, 0.008, 0.0064, 0.0053, 0.0048, 0.003]","[0.13, 0.051, 0.029, 0.129, 0.038, 0.01, 0.222, 0.024, 0.168, 0.241]",3000,-0.004660874139517546,-0.10722762767438733,
7,T5,3240,0.06548486554548807,-0.08294135105224927,0.05785624869896247,-0.01844289204347301,-0.01772808939584342,-0.016450637491205122,0.04444816824643801,0.29510822892189026,0.22923441231250763,0.1564677357673645,0.5243426561355591,0.7719136476516724,0.8680324554443359,1,14,28,"[0.2951, 0.2292, 0.1565, 0.0506, 0.0405, 0.0273, 0.0263, 0.0161, 0.0134, 0.0131]","[0.065, 0.083, 0.058, 0.306, 0.092, 0.149, 0.207, 0.08, 0.125, 0.117]",3000,0.006275437772274017,-0.06465925804127308,
7,T6,3240,0.026115935320123688,0.015287835056903312,0.04534859293450003,-0.04010258105317137,-0.023960748601050477,0.0009553648146065904,-0.007259829334033021,0.509365439414978,0.31772780418395996,0.07193408906459808,0.827093243598938,0.93030846118927,0.9610410332679749,0,4,8,"[0.5094, 0.3177, 0.0719, 0.0188, 0.0125, 0.0085, 0.0076, 0.0054, 0.0048, 0.0044]","[0.026, 0.015, 0.045, 0.123, 0.032, 0.009, 0.115, 0.057, 0.114, 0.113]",3000,-0.003129392396658659,-0.11188631631676874,
7,T7,3240,0.009449054430380015,0.010528047068769761,-0.00014531059329753128,-0.06118434157397271,-0.05829600816459605,-0.0196445366724651,-0.012809197705057812,0.34470269083976746,0.23237964510917664,0.17476513981819153,0.5770823359489441,0.8219037652015686,0.9019715785980225,0,10,20,"[0.3447, 0.2324, 0.1748, 0.0423, 0.0278, 0.0246, 0.0192, 0.0157, 0.0104, 0.0102]","[0.009, 0.011, 0.0, 0.03, 0.008, 0.061, 0.036, 0.025, 0.049, 0.058]",3000,-0.0032459786161780357,-0.08925959075235024,
7,T8,3240,-0.028378214082919854,0.024620260626295527,0.02827105613808105,0.03922576333655784,0.017061517329415816,0.0006934046293383007,-0.0021892923787291438,0.4430365264415741,0.29313671588897705,0.10462834686040878,0.7361732721328735,0.8846462368965149,0.9343222975730896,0,7,15,"[0.443, 0.2931, 0.1046, 0.0266, 0.0172, 0.0145, 0.0112, 0.0111, 0.0076, 0.0053]","[0.028, 0.025, 0.028, 0.027, 0.004, 0.052, 0.0, 0.021, 0.077, 0.168]",3000,-0.0046232943423092365,0.10696928278553199,
7,R0,3240,-0.025338204305239996,0.03812182456770148,-0.020276836229823642,-0.04450821119041948,-0.07718774617076878,-0.030511677838553013,0.03953546463354772,0.7757948637008667,0.08657947927713394,0.07554984837770462,0.8623743653297424,0.9747823476791382,0.9883176684379578,0,3,4,"[0.7758, 0.0866, 0.0755, 0.0314, 0.0054, 0.0047, 0.0029, 0.0027, 0.0019, 0.0014]","[0.025, 0.038, 0.02, 0.027, 0.003, 0.009, 0.049, 0.027, 0.23, 0.294]",3000,-0.0024766353890299797,0.08915771346440764,
7,R1,3240,-0.2623668046155136,-0.012595310978873281,-0.024738333228314747,0.011943514631119175,0.009468547508847581,-0.026582343186133065,-0.037861298721265216,0.7664451599121094,0.13017739355564117,0.03616948798298836,0.8966225385665894,0.979558527469635,0.9915822744369507,0,3,4,"[0.7664, 0.1302, 0.0362, 0.0259, 0.0208, 0.0042, 0.0027, 0.0022, 0.0016, 0.0013]","[0.262, 0.013, 0.025, 0.039, 0.013, 0.02, 0.109, 0.09, 0.119, 0.175]",3000,-0.0010519186034798622,0.20721170243506576,
7,R2,3240,-0.02835850612359894,0.02952230720852065,-0.07828034879502142,0.05013473828466012,0.024096813201036876,0.009428222383038616,0.013159253197516083,0.7646267414093018,0.09074070304632187,0.0441916324198246,0.8553674221038818,0.9636133909225464,0.9900188446044922,0,4,5,"[0.7646, 0.0907, 0.0442, 0.0415, 0.0225, 0.0171, 0.0038, 0.002, 0.0019, 0.0016]","[0.028, 0.03, 0.078, 0.139, 0.023, 0.031, 0.016, 0.03, 0.073, 0.042]",3000,-0.003727331757545471,0.11097913645089398,
7,R3,3240,-0.021582718977366754,0.023479332723600345,-0.07312983399978279,-0.032185456151326404,-0.07610068346887766,-0.054351777528289034,-0.08398547415197201,0.3437935411930084,0.24950602650642395,0.22330500185489655,0.5932995676994324,0.949547290802002,0.9905147552490234,0,4,6,"[0.3438, 0.2495, 0.2233, 0.1188, 0.0141, 0.0106, 0.0099, 0.0082, 0.0065, 0.0059]","[0.022, 0.023, 0.073, 0.069, 0.03, 0.033, 0.026, 0.004, 0.05, 0.019]",3000,-0.011647583916783333,0.2225714169370778,
7,R4,3240,0.08640586843423731,-0.039090166711355886,-0.014967028265750469,-0.02622660263603753,0.07803807731778233,0.08349400946180127,0.13320633963439443,0.4270862638950348,0.21730506420135498,0.12825272977352142,0.6443912982940674,0.9238780736923218,0.9850791692733765,0,5,7,"[0.4271, 0.2173, 0.1283, 0.1113, 0.04, 0.0211, 0.0188, 0.0107, 0.0054, 0.0052]","[0.086, 0.039, 0.015, 0.011, 0.007, 0.061, 0.022, 0.042, 0.024, 0.019]",3000,-0.015023961663246155,-0.25240287266546374,
7,R5,3240,0.05428915762647608,0.060202932503891735,0.03554963773795636,-0.02060647791437251,0.02725969436373452,0.1072122868720416,0.09792876371019575,0.470880925655365,0.18436874449253082,0.13771900534629822,0.6552496552467346,0.9283604621887207,0.9793621897697449,0,5,7,"[0.4709, 0.1844, 0.1377, 0.0964, 0.039, 0.0146, 0.0131, 0.0102, 0.0078, 0.0053]","[0.054, 0.06, 0.036, 0.11, 0.042, 0.028, 0.036, 0.004, 0.037, 0.054]",3000,-0.014054123312234879,-0.21626447994061576,
7,R6,3240,0.023594510799053184,-0.016652194131237415,-0.016250897693534154,-0.0058787783100234855,-0.05782419271774288,-0.06591789387114529,-0.046290107081281624,0.6949499249458313,0.10389218479394913,0.0523814857006073,0.7988421320915222,0.9045078158378601,0.9636368155479431,0,5,9,"[0.6949, 0.1039, 0.0524, 0.0344, 0.0189, 0.0177, 0.0138, 0.0127, 0.0084, 0.0065]","[0.024, 0.017, 0.016, 0.023, 0.027, 0.103, 0.027, 0.065, 0.033, 0.024]",3000,-0.016983937472105026,0.18423814039563585,
7,R7,3240,0.009371448703488713,-0.05359849083602192,-0.03745039515390477,-0.006788380640921867,0.09245336689136174,0.07537948868099037,0.08147811701386401,0.46341633796691895,0.1179313138127327,0.08175116032361984,0.581347644329071,0.7635684013366699,0.8877841830253601,0,11,18,"[0.4634, 0.1179, 0.0818, 0.0573, 0.0432, 0.0341, 0.0303, 0.0223, 0.0207, 0.0168]","[0.009, 0.054, 0.037, 0.096, 0.01, 0.016, 0.074, 0.129, 0.036, 0.013]",3000,-0.011450666934251785,-0.20109983957424446,
7,M0,3000,0.01020509577089044,-0.3365519327852357,-0.2697883053987371,-0.12808581554702878,0.0030269769563532807,-0.08082736145687558,-0.1679282958812925,0.35050371289253235,0.23214159905910492,0.1594139039516449,0.5826452970504761,0.9164485931396484,0.9798843264579773,1,5,7,"[0.3505, 0.2321, 0.1594, 0.1192, 0.0552, 0.0194, 0.0181, 0.0174, 0.0044, 0.004]","[0.01, 0.337, 0.27, 0.289, 0.012, 0.111, 0.106, 0.011, 0.097, 0.119]",3000,0.10644492506980896,0.06879171680365968,
7,E0,3240,-0.019209860417699284,-0.07719142839892577,0.03135750572279892,-0.015090508679387394,-0.0312135213464837,-0.019728964735015342,-0.004518350037085619,0.17616136372089386,0.09272315353155136,0.038007792085409164,0.2688845098018646,0.36189377307891846,0.45019271969795227,0,139,224,"[0.1762, 0.0927, 0.038, 0.031, 0.024, 0.0211, 0.0188, 0.0171, 0.0166, 0.0146]","[0.019, 0.077, 0.031, 0.065, 0.117, 0.084, 0.156, 0.15, 0.06, 0.047]",3000,0.019511589780449867,0.033128357491416155,
7,MEAN,3000,-0.09440091632888545,-0.26720588080554714,0.098753632580428,-0.020000470452023272,-0.006285667619020525,0.010627483049066334,-0.009970774075474512,0.24929068982601166,0.13384848833084106,0.060837212949991226,0.3831391930580139,0.5330842137336731,0.6214743256568909,1,108,214,"[0.2493, 0.1338, 0.0608, 0.0578, 0.0313, 0.0243, 0.0192, 0.0167, 0.0143, 0.0138]","[0.094, 0.267, 0.099, 0.675, 0.163, 0.044, 0.152, 0.232, 0.02, 0.067]",3000,0.08736561983823776,0.19860199090419636,
8,T0,3240,0.0655378235620642,0.037490554164935484,0.02663887652605331,0.08767555547779624,0.11446259041704648,-0.021705528224569174,0.04458077600895522,0.6935104727745056,0.14998756349086761,0.0485750250518322,0.8434980511665344,0.9270166158676147,0.9611201286315918,0,4,8,"[0.6935, 0.15, 0.0486, 0.0211, 0.0138, 0.0127, 0.0071, 0.0065, 0.0043, 0.0035]","[0.066, 0.037, 0.027, 0.029, 0.101, 0.03, 0.061, 0.029, 0.134, 0.047]",3000,0.00015831048949621618,0.008329864716183372,
8,T1,3240,0.09729628963194324,0.01631505692656515,0.04481137721583346,-0.061413343563736275,-0.10035918016093377,-0.005001698127069351,-0.0020951344967517155,0.4946402907371521,0.3964568078517914,0.04246646538376808,0.8910970687866211,0.9562277793884277,0.978798508644104,0,3,5,"[0.4946, 0.3965, 0.0425, 0.0117, 0.011, 0.007, 0.0042, 0.0041, 0.0038, 0.0035]","[0.097, 0.016, 0.045, 0.064, 0.074, 0.131, 0.091, 0.03, 0.126, 0.02]",3000,-0.004535925108939409,-0.03949046388974064,
8,T2,3240,0.025956385595671462,-0.002589500943692509,-0.005260084242579488,-0.07382768313829025,-0.08473903122402679,-0.004693063867265435,0.026025735338293565,0.38750171661376953,0.23538008332252502,0.1890898495912552,0.6228817701339722,0.8627402782440186,0.9213501811027527,0,8,17,"[0.3875, 0.2354, 0.1891, 0.0298, 0.021, 0.0165, 0.0146, 0.0111, 0.0091, 0.0074]","[0.026, 0.003, 0.005, 0.012, 0.044, 0.035, 0.068, 0.049, 0.106, 0.023]",3000,-0.0055466522462666035,0.029673089421625658,
8,T3,3240,0.12217079867344809,0.015285062606307005,-0.0371424739819797,-0.020024965118859053,-0.04238931820174063,0.04144682084132461,-0.026349361836927057,0.6231628060340881,0.24717700481414795,0.0694846585392952,0.8703398108482361,0.9607424736022949,0.9798585176467896,1,3,4,"[0.6232, 0.2472, 0.0695, 0.0126, 0.0083, 0.0064, 0.0054, 0.0032, 0.0024, 0.0017]","[0.122, 0.015, 0.037, 0.077, 0.042, 0.065, 0.021, 0.095, 0.329, 0.028]",3000,-0.00178796227555722,-0.14001782530690235,
8,T4,3240,0.1114324927188856,0.06055485377718936,0.04936583195178857,-0.04857168080008112,-0.0833324447439195,0.05520876191792297,-0.0386691971967661,0.5419632196426392,0.3221505284309387,0.05687842518091202,0.8641137480735779,0.9453485012054443,0.9711399674415588,0,3,6,"[0.542, 0.3222, 0.0569, 0.0154, 0.009, 0.0074, 0.0069, 0.0045, 0.004, 0.003]","[0.111, 0.061, 0.049, 0.161, 0.071, 0.051, 0.194, 0.104, 0.138, 0.24]",3000,-0.003753993660211563,-0.047979779526091726,
8,T5,3240,0.023438650005812686,-0.10347963312564519,-0.02862915571878041,-0.020293157340683807,-0.02373510487211825,-0.012247594113584715,0.03199800219240916,0.294766366481781,0.21670950949192047,0.1669812947511673,0.5114758610725403,0.7828603386878967,0.8702296614646912,1,14,28,"[0.2948, 0.2167, 0.167, 0.0594, 0.045, 0.024, 0.0219, 0.017, 0.0128, 0.0117]","[0.023, 0.103, 0.029, 0.125, 0.306, 0.018, 0.239, 0.109, 0.116, 0.167]",3000,0.006237564142793417,-0.04464724437858115,
8,T6,3240,0.028412578715118382,-0.004759255439337611,0.06775625606380305,-0.028974314831053064,-0.018424765132847954,0.0020932777430513454,0.0008756209402691627,0.4791746437549591,0.33508363366127014,0.08034767955541611,0.8142582774162292,0.9282485246658325,0.9619149565696716,0,4,8,"[0.4792, 0.3351, 0.0803, 0.0199, 0.0138, 0.0099, 0.0082, 0.0062, 0.0049, 0.0046]","[0.028, 0.005, 0.068, 0.13, 0.006, 0.139, 0.096, 0.064, 0.211, 0.054]",3000,-0.0019360281294211745,-0.10586068904145722,
8,T7,3240,0.017767991239692964,-0.01961886214050505,-0.0008415558712038324,-0.05619577989070308,-0.04885631660862878,-0.01611494493322393,-0.030795037570611333,0.34641242027282715,0.23966507613658905,0.17248651385307312,0.5860775113105774,0.8294221758842468,0.905810534954071,0,10,19,"[0.3464, 0.2397, 0.1725, 0.0422, 0.0287, 0.0239, 0.0183, 0.0146, 0.0102, 0.0095]","[0.018, 0.02, 0.001, 0.035, 0.013, 0.053, 0.027, 0.03, 0.028, 0.072]",3000,-0.0027959661092609167,-0.10723853856478072,
8,T8,3240,0.04426047084358453,-0.05483326819165605,0.0016372574303841398,-0.02846781573953544,-0.04829361623391144,0.004866256415255807,-0.0066567241339343915,0.4620955288410187,0.3009440302848816,0.09017543494701385,0.7630395889282227,0.8931054472923279,0.9410510063171387,0,6,13,"[0.4621, 0.3009, 0.0902, 0.0238, 0.0161, 0.0142, 0.0113, 0.0104, 0.0072, 0.0049]","[0.044, 0.055, 0.002, 0.04, 0.028, 0.076, 0.035, 0.018, 0.002, 0.237]",3000,-0.004470107611268759,-0.09684892225404018,
8,R0,3240,0.01906306549376374,0.05214897657873335,0.014778393421709517,0.017188249442794228,-0.004918888851149535,-0.0066131901362586985,0.018146484335140094,0.751968264579773,0.09888558834791183,0.06761737167835236,0.8508538603782654,0.9687329530715942,0.9864792823791504,1,3,4,"[0.752, 0.0989, 0.0676, 0.0416, 0.0086, 0.0052, 0.0045, 0.0038, 0.0023, 0.0019]","[0.019, 0.052, 0.015, 0.012, 0.058, 0.003, 0.017, 0.015, 0.304, 0.075]",3000,-0.0017588677583262324,0.05620839688036063,
8,R1,3240,-0.23928558000994019,0.06836606339527933,0.011798813240322996,-0.04204557056602538,-0.05688941208060842,-0.035861691452360074,-0.04775048198549315,0.7475742697715759,0.11538350582122803,0.052653320133686066,0.862957775592804,0.9707789421081543,0.9885492324829102,0,3,5,"[0.7476, 0.1154, 0.0527, 0.0295, 0.0257, 0.0067, 0.0037, 0.0028, 0.0024, 0.0021]","[0.239, 0.068, 0.012, 0.001, 0.03, 0.01, 0.114, 0.099, 0.124, 0.231]",3000,-0.0002423696860205382,0.1557435749498213,
8,R2,3240,0.001065908845926588,0.03134918142559685,0.060014032292363004,0.046428230620505787,0.03561442538621934,0.020743797372188864,0.021951031030229943,0.75580894947052,0.08327019214630127,0.0454360730946064,0.8390791416168213,0.9596471786499023,0.9865322709083557,0,4,5,"[0.7558, 0.0833, 0.0454, 0.0388, 0.0363, 0.0165, 0.0036, 0.0031, 0.002, 0.0017]","[0.001, 0.031, 0.06, 0.084, 0.142, 0.026, 0.026, 0.141, 0.06, 0.254]",3000,-0.0037860653828829527,0.08016767442319497,
8,R3,3240,-0.025596629972908583,0.01857624226798121,-0.08145841870980318,-0.018951683261908325,-0.0733622521325999,-0.06742614604906504,-0.11584608320121347,0.3530885875225067,0.24212737381458282,0.22009174525737762,0.5952159762382507,0.9450932145118713,0.9888285398483276,0,4,6,"[0.3531, 0.2421, 0.2201, 0.1154, 0.0144, 0.0133, 0.01, 0.0081, 0.0064, 0.0059]","[0.026, 0.019, 0.081, 0.071, 0.01, 0.022, 0.009, 0.009, 0.045, 0.028]",3000,-0.011407867074012756,0.21408420307538847,
8,R4,3240,0.03971041455924092,0.0306442224768757,-0.03713540395725284,0.0072444626108924305,0.09129520904642513,0.06824042192197087,0.121563929458249,0.47154489159584045,0.22029468417167664,0.10951454937458038,0.6918395757675171,0.9256282448768616,0.9839909076690674,0,5,7,"[0.4715, 0.2203, 0.1095, 0.0958, 0.0285, 0.0224, 0.0171, 0.0088, 0.0057, 0.0044]","[0.04, 0.031, 0.037, 0.048, 0.019, 0.0, 0.038, 0.033, 0.033, 0.048]",3000,-0.014176750555634499,-0.20327162952033265,
8,R5,3240,0.04865304927328671,-0.05440345101818419,0.04151261443887717,-0.028287146542008635,0.03829448068290767,0.08386055184679148,0.10351425085112188,0.4623640179634094,0.18887284398078918,0.13203614950180054,0.651236891746521,0.9265920519828796,0.977972686290741,0,5,7,"[0.4624, 0.1889, 0.132, 0.1059, 0.0374, 0.0157, 0.0125, 0.0101, 0.0077, 0.0054]","[0.049, 0.054, 0.042, 0.054, 0.071, 0.019, 0.024, 0.037, 0.056, 0.056]",3000,-0.014418578706681728,-0.19997544992993183,
8,R6,3240,0.024096107479067045,-0.06967122248391479,0.017587346454012522,-0.013134036013985311,-0.05966472414237175,-0.07531394788263278,-0.05550610465052639,0.6818028092384338,0.09898915886878967,0.050858207046985626,0.7807919979095459,0.8897714614868164,0.9554405212402344,0,6,10,"[0.6818, 0.099, 0.0509, 0.0388, 0.0194, 0.0178, 0.0162, 0.0143, 0.0103, 0.007]","[0.024, 0.07, 0.018, 0.004, 0.036, 0.052, 0.023, 0.073, 0.025, 0.033]",3000,-0.016761425882577896,0.17172091364698477,
8,R7,3240,0.0032541681967421837,-0.0532793189219785,0.12102183824741468,-0.013462959951639332,0.08618144112630426,0.07042079423463006,0.08386168484273954,0.4409010410308838,0.11443331092596054,0.0915611982345581,0.5553343296051025,0.758407711982727,0.8857053518295288,0,12,19,"[0.4409, 0.1144, 0.0916, 0.066, 0.0455, 0.0331, 0.0289, 0.0262, 0.0243, 0.0149]","[0.003, 0.053, 0.121, 0.09, 0.015, 0.031, 0.056, 0.047, 0.058, 0.111]",3000,-0.018616890534758568,-0.20206361795442673,
8,M0,3000,-0.06128414339794541,-0.29838063532723835,-0.2792357178497836,-0.12079184030798215,-0.0042074199017117075,-0.06668526845519654,-0.15596438341583255,0.353727787733078,0.22083759307861328,0.15382997691631317,0.5745654106140137,0.9019972681999207,0.9741079807281494,1,5,8,"[0.3537, 0.2208, 0.1538, 0.1159, 0.0577, 0.0244, 0.02, 0.018, 0.0051, 0.0047]","[0.061, 0.298, 0.279, 0.317, 0.016, 0.029, 0.15, 0.011, 0.012, 0.154]",3000,0.0994730144739151,0.12473630224156329,
8,E0,3240,0.02086082972346419,-0.08499640303710561,0.02759559441246013,-0.030397958064779587,-0.0382430427703875,-0.02675015632208381,-0.013775512280335961,0.17781595885753632,0.10867971181869507,0.035060759633779526,0.2864956855773926,0.37882494926452637,0.4656791687011719,0,132,212,"[0.1778, 0.1087, 0.0351, 0.0321, 0.0252, 0.0212, 0.0186, 0.0167, 0.016, 0.0143]","[0.021, 0.085, 0.028, 0.095, 0.122, 0.051, 0.196, 0.147, 0.087, 0.085]",3000,0.021197982132434845,-0.005249678471318634,
8,MEAN,3000,0.11157921753401935,-0.289801628163321,0.4880629438398938,0.01725991341752692,-0.009058821080194207,0.0039315659191178935,-0.014417510024878566,0.336097776889801,0.11949002742767334,0.05799482390284538,0.45558780431747437,0.5931891798973083,0.6706981062889099,2,89,188,"[0.3361, 0.1195, 0.058, 0.052, 0.0276, 0.0216, 0.0162, 0.0148, 0.0127, 0.0122]","[0.112, 0.29, 0.488, 0.483, 0.109, 0.01, 0.159, 0.259, 0.135, 0.045]",3000,0.0764492005109787,-0.19113203902844383,
9,T0,3240,0.11665224295487549,0.04350600224893361,0.033102266240140475,0.03828787955167194,0.15329701571182644,-0.04701222543871199,0.11825596554153624,0.7350603342056274,0.15355299413204193,0.03330939635634422,0.8886133432388306,0.9458127021789551,0.9701998829841614,0,3,6,"[0.7351, 0.1536, 0.0333, 0.0137, 0.0102, 0.0086, 0.0048, 0.0047, 0.0035, 0.0028]","[0.117, 0.044, 0.033, 0.046, 0.05, 0.064, 0.081, 0.006, 0.066, 0.192]",3000,-0.0012028476921841502,0.012464523968640527,
9,T1,3240,-0.05223412827258842,0.10537474831829734,0.033849250799541666,-0.036528900080939966,-0.12654532747317523,0.010006182611760039,-0.11616336742676163,0.4840751588344574,0.408784955739975,0.043248310685157776,0.8928601145744324,0.9579409956932068,0.9785721302032471,0,3,5,"[0.4841, 0.4088, 0.0432, 0.012, 0.0098, 0.0066, 0.0042, 0.0035, 0.0033, 0.003]","[0.052, 0.105, 0.034, 0.053, 0.007, 0.221, 0.035, 0.022, 0.164, 0.205]",3000,-0.004149382468312979,-0.06350144370147813,
9,T2,3240,0.00877105569032333,-0.021488405976056033,0.010051830656879429,-0.06810234444945344,-0.09900613671551386,-0.01263399219628377,0.00030725055449129415,0.4036358594894409,0.224618598818779,0.19662337005138397,0.6282544732093811,0.8740438222885132,0.9263391494750977,0,7,16,"[0.4036, 0.2246, 0.1966, 0.0275, 0.0217, 0.0154, 0.0117, 0.0101, 0.0079, 0.0072]","[0.009, 0.021, 0.01, 0.004, 0.001, 0.052, 0.03, 0.018, 0.169, 0.047]",3000,-0.004668601788580418,0.014100571499867692,
9,T3,3240,0.09857720966861873,0.05992393902207797,-0.04566423167600382,-0.029074366634517974,-0.05451204413806891,0.054996671762920994,-0.042663752800525714,0.6162834763526917,0.25812003016471863,0.06741075217723846,0.8744034767150879,0.961883544921875,0.9800472259521484,0,3,4,"[0.6163, 0.2581, 0.0674, 0.0115, 0.0085, 0.0064, 0.0045, 0.0028, 0.0027, 0.0017]","[0.099, 0.06, 0.046, 0.1, 0.001, 0.084, 0.001, 0.253, 0.116, 0.143]",3000,-0.002267338801175356,-0.1577336470655247,
9,T4,3240,0.14150452084448,0.010986468108998467,0.033407029251331065,-0.02322311337210167,-0.07942581879374518,0.07065333228697722,-0.07285602899763356,0.542374849319458,0.30432966351509094,0.07494212687015533,0.8467044830322266,0.9464424252510071,0.971117377281189,0,3,6,"[0.5424, 0.3043, 0.0749, 0.0144, 0.0104, 0.0074, 0.0068, 0.0043, 0.0034, 0.0027]","[0.142, 0.011, 0.033, 0.153, 0.005, 0.121, 0.046, 0.017, 0.053, 0.254]",3000,-0.0029591668862849474,-0.15401276412553783,
9,T5,3240,0.011274191220405834,-0.1287905180260166,0.05986861553723176,-0.02157277636816292,-0.02841052057005831,-0.014990006151093334,0.022428862318420742,0.35273393988609314,0.19806095957756042,0.16208846867084503,0.5507948994636536,0.8047598004341125,0.8796049952507019,1,13,26,"[0.3527, 0.1981, 0.1621, 0.0552, 0.0367, 0.02, 0.0194, 0.0151, 0.0104, 0.01]","[0.011, 0.129, 0.06, 0.136, 0.332, 0.002, 0.144, 0.187, 0.145, 0.125]",3000,0.0061163888312876225,-0.04873670138150108,
9,T6,3240,0.0192971813301244,0.046785248156401,0.05142606121952324,0.007513648302463226,0.01805102759686156,0.010766438033785967,-0.030015899112059683,0.531686007976532,0.2842494249343872,0.0898311510682106,0.8159354329109192,0.9357241988182068,0.9650152325630188,0,3,7,"[0.5317, 0.2842, 0.0898, 0.0166, 0.0134, 0.0091, 0.0073, 0.0047, 0.0043, 0.0039]","[0.019, 0.047, 0.051, 0.098, 0.02, 0.13, 0.003, 0.173, 0.177, 0.297]",3000,-0.00015936899580992758,-0.14932074308388937,
9,T7,3240,0.0276118789503361,0.01633273375621559,0.003324741051859968,-0.05476786068568609,-0.05662530441516137,-0.012513017242091739,-0.035803355462087655,0.3817034959793091,0.2298431545495987,0.17354708909988403,0.6115466356277466,0.8457180857658386,0.9131780862808228,0,9,18,"[0.3817, 0.2298, 0.1735, 0.0349, 0.0257, 0.0209, 0.0162, 0.0129, 0.009, 0.0085]","[0.028, 0.016, 0.003, 0.041, 0.048, 0.068, 0.022, 0.01, 0.004, 0.076]",3000,-0.002454320667311549,-0.12315549187066284,
9,T8,3240,0.018572045551511897,0.06783291347350215,0.023986238990483643,0.0076462964097953985,-0.03385903994013644,0.02506034075437107,-0.05231694129343701,0.4995599091053009,0.264129102230072,0.10729540884494781,0.7636890411376953,0.9084067344665527,0.9487009644508362,0,5,11,"[0.4996, 0.2641, 0.1073, 0.0216, 0.0158, 0.0129, 0.0088, 0.0075, 0.0068, 0.0044]","[0.019, 0.068, 0.024, 0.071, 0.0, 0.056, 0.037, 0.019, 0.109, 0.225]",3000,-0.003285913495346904,-0.13841392622761226,
9,R0,3240,-0.0012838057349995864,0.019547885888001854,0.02486919060386815,0.043060769940870276,0.0057596379187024585,-0.010542756131065157,0.015009034017282707,0.7779973745346069,0.08765203505754471,0.05980601906776428,0.865649402141571,0.9704478979110718,0.9872562289237976,0,3,4,"[0.778, 0.0877, 0.0598, 0.0373, 0.0077, 0.0052, 0.004, 0.0034, 0.0024, 0.0019]","[0.001, 0.02, 0.025, 0.049, 0.034, 0.004, 0.065, 0.025, 0.282, 0.111]",3000,-0.001997013809159398,0.037072166716824985,
9,R1,3240,-0.1331973887937466,-0.025879659203057313,-0.01315142078854142,0.007369919407148835,0.012111831631015892,-0.0026585632093937797,0.001422886191854875,0.7671048045158386,0.09634318202733994,0.05231011286377907,0.8634479641914368,0.9729866981506348,0.9891270399093628,0,3,5,"[0.7671, 0.0963, 0.0523, 0.034, 0.0233, 0.0063, 0.0033, 0.0025, 0.0022, 0.0018]","[0.133, 0.026, 0.013, 0.004, 0.012, 0.008, 0.048, 0.078, 0.032, 0.18]",3000,-0.0008254893473349512,0.09009930366494742,
9,R2,3240,0.03792173017930293,0.05311777341476262,0.007464353762334953,0.054180666354613174,0.05692488067805632,0.062247894122087574,-0.02180442928836045,0.7635249495506287,0.07302158325910568,0.056954145431518555,0.8365465402603149,0.9613170623779297,0.9868777990341187,1,4,5,"[0.7635, 0.073, 0.057, 0.0386, 0.0292, 0.0158, 0.0036, 0.0027, 0.0019, 0.0015]","[0.038, 0.053, 0.007, 0.044, 0.053, 0.036, 0.003, 0.215, 0.112, 0.388]",3000,-0.00450510997325182,-0.019877395665098482,
9,R3,3240,-0.046514862206007986,-0.034149861312329256,-0.06376986435959016,-0.01998816118730155,-0.08563740196159121,-0.061826761730619025,-0.1289182821491453,0.345758318901062,0.2396569550037384,0.22690610587596893,0.585415244102478,0.9485280513763428,0.9891678690910339,0,4,6,"[0.3458, 0.2397, 0.2269, 0.1214, 0.0148, 0.0115, 0.0095, 0.0075, 0.0067, 0.0055]","[0.047, 0.034, 0.064, 0.079, 0.017, 0.035, 0.001, 0.01, 0.045, 0.021]",3000,-0.011504094116389751,0.21657454610386193,
9,R4,3240,0.024563235115525054,-0.041877224952121976,-0.03733419619589772,0.01841651956591054,0.07258577284924,0.06907291817645805,0.08256165167388009,0.44788119196891785,0.21825815737247467,0.11995945125818253,0.6661393642425537,0.9259353280067444,0.9842907190322876,0,5,7,"[0.4479, 0.2183, 0.12, 0.1037, 0.0362, 0.0214, 0.0169, 0.0102, 0.0057, 0.0042]","[0.025, 0.042, 0.037, 0.042, 0.006, 0.023, 0.021, 0.045, 0.03, 0.036]",3000,-0.013796546496450901,-0.17295863418660187,
9,R5,3240,0.02603967071532977,-0.06054931947287896,0.07233899089673937,-0.0091053931345182,0.050523793034007836,0.06944070023838307,0.09169168795858403,0.45575064420700073,0.18813371658325195,0.13672082126140594,0.6438843607902527,0.9221750497817993,0.9756219387054443,0,5,7,"[0.4558, 0.1881, 0.1367, 0.1017, 0.0399, 0.0175, 0.0134, 0.0103, 0.0069, 0.0054]","[0.026, 0.061, 0.072, 0.017, 0.025, 0.016, 0.014, 0.046, 0.032, 0.055]",3000,-0.014902904629707336,-0.19217300507108195,
9,R6,3240,0.03370873850805546,-0.05361677630732373,0.011081165038315284,-0.028456277189094107,-0.027037977630524568,-0.0792546171148297,-0.03573158289229703,0.6685601472854614,0.09728503227233887,0.05376965180039406,0.7658451795578003,0.8870704174041748,0.9521689414978027,0,6,10,"[0.6686, 0.0973, 0.0538, 0.0436, 0.0238, 0.0177, 0.0162, 0.0143, 0.0097, 0.0071]","[0.034, 0.054, 0.011, 0.004, 0.037, 0.119, 0.032, 0.078, 0.021, 0.03]",3000,-0.01576875150203705,0.14431634204393642,
9,R7,3240,-0.03986680258978875,-0.05898835321636777,0.10137937397404766,-0.010342860996481597,0.03776078133301179,0.0681534214281604,0.038098309780748164,0.4582279920578003,0.1100587472319603,0.08421529084444046,0.5682867169380188,0.7611390352249146,0.8878316879272461,0,12,19,"[0.4582, 0.1101, 0.0842, 0.0617, 0.0469, 0.0364, 0.0306, 0.0237, 0.0217, 0.0143]","[0.04, 0.059, 0.101, 0.083, 0.033, 0.0, 0.025, 0.044, 0.047, 0.063]",3000,-0.013893521390855312,-0.13789991448609923,
9,M0,3000,0.13063047704873637,-0.30052544419541666,-0.2749561382982881,-0.10737716974645672,0.023010810528375353,-0.07003431396890258,-0.17630734391876984,0.3652783930301666,0.2155783772468567,0.15036305785179138,0.5808568000793457,0.8968186974525452,0.9719762802124023,2,6,8,"[0.3653, 0.2156, 0.1504, 0.1067, 0.0589, 0.0246, 0.0205, 0.0177, 0.0066, 0.0057]","[0.131, 0.301, 0.275, 0.319, 0.083, 0.091, 0.123, 0.061, 0.011, 0.161]",3000,0.09533210098743439,-0.10362007155230983,
9,E0,3240,0.0724132665048095,-0.14259268475189654,-0.02278050773972531,-0.028572825038976388,-0.03786817356450892,-0.019298966426940088,0.002008350429157707,0.19518110156059265,0.1013241708278656,0.044161781668663025,0.29650527238845825,0.39449602365493774,0.47842293977737427,0,131,208,"[0.1952, 0.1013, 0.0442, 0.0297, 0.0242, 0.0195, 0.0183, 0.0165, 0.0155, 0.0141]","[0.072, 0.143, 0.023, 0.123, 0.131, 0.13, 0.28, 0.086, 0.096, 0.003]",3000,0.021199312061071396,-0.03530536910867599,
9,MEAN,3000,0.06652595063676782,-0.35928420351460283,0.6002468941840016,0.011408571206096481,-0.01509227987225498,0.0030825740363227628,-0.04897451394415778,0.3862871825695038,0.11229503154754639,0.052762847393751144,0.49858221411705017,0.6252560615539551,0.6998404264450073,3,76,165,"[0.3863, 0.1123, 0.0528, 0.0484, 0.0255, 0.0203, 0.0161, 0.0142, 0.0123, 0.0118]","[0.067, 0.359, 0.6, 0.265, 0.109, 0.034, 0.123, 0.314, 0.097, 0.083]",3000,0.07827270776033401,-0.13411202228814517,
10,T0,3240,-0.09213334230537215,0.04549208117806392,0.029483929849374577,-0.08283890752252135,-0.17061638580656902,0.021514330330174896,-0.08108265748617406,0.7110273241996765,0.1896003782749176,0.027647240087389946,0.9006277322769165,0.9488736391067505,0.972637951374054,0,2,6,"[0.711, 0.1896, 0.0276, 0.0119, 0.0087, 0.0077, 0.0055, 0.0046, 0.0031, 0.0029]","[0.092, 0.045, 0.029, 0.058, 0.064, 0.064, 0.085, 0.021, 0.041, 0.104]",3000,-0.0024376085493713617,-0.009899012941417368,
10,T1,3240,0.036330160689123106,0.06821910031072619,0.05228096450024001,0.029065555244425636,0.10392827870000218,-0.003843525252287105,0.09575862808337174,0.5176444053649902,0.3967730402946472,0.031776946038007736,0.9144174456596375,0.9658346176147461,0.9828425645828247,0,2,4,"[0.5176, 0.3968, 0.0318, 0.0116, 0.0081, 0.0051, 0.0036, 0.0031, 0.0028, 0.0025]","[0.036, 0.068, 0.052, 0.059, 0.072, 0.21, 0.048, 0.106, 0.107, 0.04]",3000,-0.005074991378933191,0.07207620015272091,
10,T2,3240,0.013488320915589734,-0.0033877131039205233,0.007868321811747016,-0.06908462289897145,-0.10618030862670273,-0.013516455792021159,-0.003276643672515793,0.40367597341537476,0.23030349612236023,0.19706180691719055,0.6339794397354126,0.8793705105781555,0.9288282990455627,0,7,16,"[0.4037, 0.2303, 0.1971, 0.027, 0.0214, 0.0155, 0.0107, 0.0096, 0.0071, 0.0065]","[0.013, 0.003, 0.008, 0.003, 0.017, 0.042, 0.019, 0.034, 0.148, 0.062]",3000,-0.005372943822294474,3.176333771667394e-05,
10,T3,3240,0.06753260549776946,0.04902553657445525,0.04488657495734839,-0.029399082925081338,-0.05210187083087273,0.0395185387236966,-0.033537076917712995,0.6011545062065125,0.26993221044540405,0.06288330256938934,0.8710867166519165,0.9560545682907104,0.9770357012748718,0,3,5,"[0.6012, 0.2699, 0.0629, 0.0121, 0.01, 0.0069, 0.0051, 0.0036, 0.0031, 0.0022]","[0.068, 0.049, 0.045, 0.101, 0.01, 0.081, 0.007, 0.021, 0.139, 0.126]",3000,-0.0026800178457051516,-0.14474598887991824,
10,T4,3240,-0.07336897989910643,-0.03273173041972855,0.004116643977220236,0.02314277193538672,0.03286862691151273,-0.011331644594651944,0.017825036463527746,0.643109142780304,0.23602542281150818,0.05894031003117561,0.8791345357894897,0.9581208229064941,0.9785087704658508,0,3,5,"[0.6431, 0.236, 0.0589, 0.0107, 0.0094, 0.0066, 0.0049, 0.0038, 0.003, 0.0022]","[0.073, 0.033, 0.004, 0.182, 0.018, 0.086, 0.07, 0.084, 0.14, 0.245]",3000,-0.0017983263824135065,0.12547880617707996,
10,T5,3240,0.03220721809200266,-0.09819499663022424,-0.06557788695457993,-0.01999568039394136,-0.03776881259923277,-0.003993851999397049,0.020427572153584643,0.353694885969162,0.19101786613464355,0.1654319018125534,0.5447127819061279,0.7972210049629211,0.8726416230201721,1,14,28,"[0.3537, 0.191, 0.1654, 0.0532, 0.0339, 0.02, 0.0195, 0.0144, 0.011, 0.0105]","[0.032, 0.098, 0.066, 0.139, 0.332, 0.074, 0.186, 0.155, 0.012, 0.139]",3000,0.005653091240674257,-0.05841013071428468,
10,T6,3240,0.01929369762334507,0.050024326203735606,0.05930779766417628,0.019715683380343463,0.010244520624429607,0.027371626108184614,-0.04421319845284976,0.5739700794219971,0.2565765380859375,0.08205170929431915,0.8305466175079346,0.9418769478797913,0.968427836894989,1,3,6,"[0.574, 0.2566, 0.0821, 0.0169, 0.0124, 0.0088, 0.0063, 0.0043, 0.0038, 0.0034]","[0.019, 0.05, 0.059, 0.084, 0.088, 0.15, 0.061, 0.179, 0.129, 0.32]",3000,0.0003116054576821625,-0.16105888511501504,
10,T7,3240,0.027869995008209233,0.013540873705688466,0.008919444822116524,-0.04777337013916488,-0.03937930901061508,-0.012501172550162119,-0.02551846389016865,0.3922470510005951,0.23383699357509613,0.16889545321464539,0.62608402967453,0.852045476436615,0.9141822457313538,0,9,18,"[0.3922, 0.2338, 0.1689, 0.0331, 0.024, 0.0178, 0.0138, 0.0121, 0.0099, 0.0084]","[0.028, 0.014, 0.009, 0.053, 0.037, 0.041, 0.052, 0.0, 0.033, 0.069]",3000,-0.0024455736856907606,-0.12299360495945154,
10,T8,3240,-0.024477276632357933,0.07207303162164708,0.03275632334569185,0.0007874149089236941,0.028284044541641434,-0.006020626971272767,0.0471915828901092,0.5561687350273132,0.22843652963638306,0.09942280501127243,0.7846052646636963,0.9196093082427979,0.9553393721580505,0,4,9,"[0.5562, 0.2284, 0.0994, 0.0193, 0.0162, 0.0115, 0.0075, 0.0067, 0.006, 0.004]","[0.024, 0.072, 0.033, 0.02, 0.015, 0.067, 0.064, 0.064, 0.118, 0.233]",3000,-0.0025972884614020586,0.13906084590341702,
10,R0,3240,-0.05152720190103513,0.016836313786094365,0.01357077799707424,0.0347495966785783,0.018141499831295885,-0.07812939518619867,0.008834552497369967,0.7853214144706726,0.07929961383342743,0.06759066134691238,0.8646210432052612,0.9729375839233398,0.9886482357978821,0,3,4,"[0.7853, 0.0793, 0.0676, 0.0336, 0.0071, 0.0053, 0.0035, 0.003, 0.0023, 0.0017]","[0.052, 0.017, 0.014, 0.052, 0.065, 0.029, 0.033, 0.014, 0.242, 0.124]",3000,-0.0020338953472673893,0.058351330130285324,
10,R1,3240,0.011440681826317549,-0.07891153074417029,-0.016066178258687287,0.003336529937811456,-0.007160591889774896,-0.0209263325345565,-0.005923268778803429,0.789949357509613,0.09095967561006546,0.04576841741800308,0.8809090256690979,0.9776778817176819,0.9909958839416504,0,3,4,"[0.7899, 0.091, 0.0458, 0.0318, 0.0192, 0.0053, 0.0026, 0.002, 0.0018, 0.0016]","[0.011, 0.079, 0.016, 0.028, 0.009, 0.007, 0.095, 0.044, 0.017, 0.127]",3000,-0.0009494898258708417,0.037348947208103195,
10,R2,3240,0.13236711912980526,0.0022360952481930716,-0.02235309689298531,0.04962969048641293,0.032184090046811845,0.09870021835105307,-0.007443624584245966,0.7590057849884033,0.08181429654359818,0.05310523882508278,0.8408200740814209,0.9657617807388306,0.9878255128860474,0,4,5,"[0.759, 0.0818, 0.0531, 0.0397, 0.0321, 0.0135, 0.0034, 0.0022, 0.0016, 0.0014]","[0.132, 0.002, 0.022, 0.019, 0.029, 0.037, 0.072, 0.292, 0.083, 0.183]",3000,-0.003970003686845303,-0.09964048543879653,
10,R3,3240,-0.018585893681991806,-0.021930215287005093,-0.03783767184881536,-0.019646779882061323,-0.07690731165345586,-0.03702761808299177,-0.12377205645252971,0.3567827641963959,0.2545563578605652,0.21522256731987,0.6113390922546387,0.9493705630302429,0.9894590377807617,0,4,6,"[0.3568, 0.2546, 0.2152, 0.1091, 0.0137, 0.0125, 0.0089, 0.0081, 0.0057, 0.0048]","[0.019, 0.022, 0.038, 0.086, 0.02, 0.022, 0.052, 0.027, 0.028, 0.022]",3000,-0.011703693307936192,0.1275161670439121,
10,R4,3240,0.019629902426281567,-0.0193241150018914,-0.0474506107187051,0.013745518557367518,0.0626047826452647,0.06380873780884343,0.08547970047327355,0.45830169320106506,0.21687719225883484,0.11840150505304337,0.6751788854598999,0.9287798404693604,0.9842843413352966,0,5,6,"[0.4583, 0.2169, 0.1184, 0.1001, 0.0351, 0.0214, 0.0146, 0.0098, 0.006, 0.0037]","[0.02, 0.019, 0.047, 0.015, 0.008, 0.046, 0.016, 0.014, 0.025, 0.033]",3000,-0.014556017704308033,-0.1730466819188969,
10,R5,3240,0.04670645701657949,0.04657641347652971,0.06430991624773605,-0.030339989394945314,0.04119783897864329,0.0715060971647158,0.11091692689713813,0.4542316198348999,0.19042667746543884,0.13030853867530823,0.6446583271026611,0.9220423698425293,0.9767290353775024,0,5,7,"[0.4542, 0.1904, 0.1303, 0.0976, 0.0494, 0.0173, 0.0153, 0.0103, 0.007, 0.0049]","[0.047, 0.047, 0.064, 0.036, 0.033, 0.014, 0.009, 0.041, 0.086, 0.009]",3000,-0.016446830704808235,-0.22519968734982349,
10,R6,3240,0.0337839610025866,-0.08797167716755418,0.009202083038610625,-0.024715319366752718,-0.042602129914052635,-0.05819230351454573,-0.037539782668307944,0.6800150275230408,0.09558168798685074,0.05104821175336838,0.7755967378616333,0.8891945481300354,0.9546698927879333,0,6,10,"[0.68, 0.0956, 0.051, 0.0394, 0.0232, 0.0179, 0.0165, 0.0143, 0.0093, 0.0075]","[0.034, 0.088, 0.009, 0.021, 0.003, 0.075, 0.082, 0.039, 0.002, 0.035]",3000,-0.016008758917450905,0.0947886913135937,
10,R7,3240,-0.04801982733921899,0.06127378827585902,0.0963744935972882,0.0010910604762109676,0.028031772745530602,0.05955484623206062,0.046662888421119375,0.470917284488678,0.10497785359621048,0.075680673122406,0.5758951306343079,0.7545225620269775,0.8860276341438293,0,12,19,"[0.4709, 0.105, 0.0757, 0.0575, 0.0454, 0.0374, 0.0303, 0.0247, 0.0237, 0.0154]","[0.048, 0.061, 0.096, 0.039, 0.009, 0.011, 0.019, 0.035, 0.04, 0.057]",3000,-0.00973551906645298,-0.10587386240013455,
10,M0,3000,0.16810874555270655,-0.2721142644128182,-0.26040868963774144,-0.11900492511115263,0.024232372228667077,-0.08507635708875058,-0.17380734874190565,0.3821883499622345,0.21760112047195435,0.14860759675502777,0.5997895002365112,0.9002488851547241,0.9726678133010864,0,5,8,"[0.3822, 0.2176, 0.1486, 0.0941, 0.0577, 0.0254, 0.0185, 0.0162, 0.0071, 0.0052]","[0.168, 0.272, 0.26, 0.299, 0.093, 0.06, 0.164, 0.059, 0.245, 0.059]",3000,0.09515104442834854,-0.10323576505513,
10,E0,3240,0.05995043716448777,-0.027456002118092744,-0.011096368371422964,-0.023697749796896872,-0.036515504123986534,-0.012653256650426041,-0.011277418910148987,0.17767508327960968,0.09709261357784271,0.07388781756162643,0.2747676968574524,0.401289165019989,0.48559823632240295,0,121,193,"[0.1777, 0.0971, 0.0739, 0.0273, 0.0253, 0.0202, 0.0184, 0.0171, 0.0147, 0.0139]","[0.06, 0.027, 0.011, 0.201, 0.045, 0.116, 0.275, 0.103, 0.017, 0.036]",3000,0.017016448080539703,-0.03237396672140516,
10,MEAN,3000,-0.09033218867133672,-0.3422521846060173,0.5833228329521069,-0.007596521210098069,0.016543100170789832,-0.004812892537749619,0.04280010832805668,0.3376066982746124,0.12288542091846466,0.05918867141008377,0.4604921340942383,0.5987195372581482,0.6783263683319092,3,81,172,"[0.3376, 0.1229, 0.0592, 0.0515, 0.0276, 0.0212, 0.017, 0.0155, 0.0133, 0.0127]","[0.09, 0.342, 0.583, 0.302, 0.135, 0.083, 0.058, 0.282, 0.096, 0.105]",3000,0.08309920132160187,0.16155393934307044,
11,T0,3240,-0.062152997884098934,0.04141978410149701,-0.030737346505054473,-0.06868666887750062,-0.12863630580753782,0.018227667697849934,-0.0489487952063729,0.7109260559082031,0.20825153589248657,0.02261759527027607,0.9191775918006897,0.9581347703933716,0.9766064882278442,0,2,4,"[0.7109, 0.2083, 0.0226, 0.0092, 0.0071, 0.0048, 0.0044, 0.0036, 0.0028, 0.0027]","[0.062, 0.041, 0.031, 0.056, 0.037, 0.107, 0.037, 0.06, 0.124, 0.037]",3000,-0.00347330910153687,-0.03384517825251418,
11,T1,3240,0.05791182871306113,0.0758493678623227,0.06882875192795156,-0.00048545110249361784,0.0850881654525362,-0.04125859518349845,0.13452935912990022,0.5797867774963379,0.33664044737815857,0.028665412217378616,0.9164272546768188,0.9661599397659302,0.9819020628929138,0,2,4,"[0.5798, 0.3366, 0.0287, 0.0134, 0.0077, 0.0047, 0.0034, 0.0029, 0.0025, 0.0022]","[0.058, 0.076, 0.069, 0.048, 0.082, 0.191, 0.095, 0.184, 0.149, 0.127]",3000,-0.005429897923022509,0.08790854100073234,
11,T2,3240,0.028690859202869033,-0.005152218594148654,0.01098663442089144,-0.07719389064520035,-0.16390350876585455,0.019450342737519333,-0.04597273966444642,0.4254230260848999,0.23210746049880981,0.1789192408323288,0.6575304865837097,0.8831209540367126,0.9290528297424316,0,7,16,"[0.4254, 0.2321, 0.1789, 0.0265, 0.0201, 0.0147, 0.0102, 0.0087, 0.0064, 0.006]","[0.029, 0.005, 0.011, 0.007, 0.044, 0.022, 0.022, 0.014, 0.135, 0.025]",3000,-0.005202043801546097,-0.10139660575924309,
11,T3,3240,0.05862342776325924,0.024201540349437785,0.041733156386527075,-0.028876801892476957,-0.057511352452521404,0.03154792353861581,-0.02620193294735598,0.5716692209243774,0.31272098422050476,0.05068887770175934,0.8843902349472046,0.9568074345588684,0.977192223072052,0,3,5,"[0.5717, 0.3127, 0.0507, 0.012, 0.0097, 0.0069, 0.005, 0.0034, 0.0028, 0.0022]","[0.059, 0.024, 0.042, 0.081, 0.024, 0.059, 0.037, 0.024, 0.084, 0.112]",3000,-0.0031412297394126654,-0.12806216742189866,
11,T4,3240,-0.06623018520513221,0.00980440102012867,-0.015331645857118385,0.026840195498614747,0.03143101462361158,-0.002647269731943248,0.011362313072656494,0.6711975336074829,0.22032701969146729,0.05440311133861542,0.8915245532989502,0.9639902114868164,0.9805176854133606,0,3,4,"[0.6712, 0.2203, 0.0544, 0.0097, 0.0083, 0.0057, 0.0038, 0.0029, 0.0023, 0.0019]","[0.066, 0.01, 0.015, 0.153, 0.124, 0.064, 0.081, 0.127, 0.112, 0.048]",3000,-0.0010466419626027346,0.12514747970089135,
11,T5,3240,0.041141001122421576,-0.09227460463386891,-0.06769895453360032,-0.02040710153442848,-0.04038896361765334,-0.001745779405176456,0.020804041498285797,0.3785989284515381,0.19431449472904205,0.151268869638443,0.572913408279419,0.8047498464584351,0.8773859143257141,1,13,28,"[0.3786, 0.1943, 0.1513, 0.0486, 0.0319, 0.0191, 0.0189, 0.0136, 0.0109, 0.0102]","[0.041, 0.092, 0.068, 0.137, 0.331, 0.147, 0.185, 0.144, 0.099, 0.144]",3000,0.005416438914835453,-0.06812156360785988,
11,T6,3240,0.021340170774218507,0.032801245252434705,0.03990027547699314,0.014834533645737193,0.00867171748110642,0.02070675446619877,-0.03723307703816172,0.551791787147522,0.28623461723327637,0.07542558759450912,0.8380264043807983,0.9432340860366821,0.9692580699920654,0,3,6,"[0.5518, 0.2862, 0.0754, 0.0173, 0.0125, 0.0089, 0.0062, 0.0038, 0.0037, 0.0033]","[0.021, 0.033, 0.04, 0.045, 0.115, 0.161, 0.092, 0.149, 0.168, 0.225]",3000,-0.00038030691212043166,-0.15723463903171353,
11,T7,3240,-0.02387426685252968,0.011490170213975628,0.01191972906359571,0.05146027132670735,0.04542299247859712,0.014699172975411913,0.01809846473906587,0.40022990107536316,0.2330755889415741,0.16876158118247986,0.6333054900169373,0.8572373390197754,0.9175630211830139,0,9,18,"[0.4002, 0.2331, 0.1688, 0.0313, 0.0238, 0.0174, 0.0137, 0.0113, 0.0099, 0.008]","[0.024, 0.011, 0.012, 0.045, 0.04, 0.034, 0.057, 0.008, 0.046, 0.077]",3000,-0.0021464775782078505,0.11159136915258866,
11,T8,3240,-0.024332380043040433,0.06075460145379424,0.017130082510705864,0.031878641860002305,0.05805370537829481,-0.002905655650271872,0.0454481343279194,0.5914939641952515,0.21092261373996735,0.09174465388059616,0.8024165630340576,0.9290102124214172,0.9601060152053833,0,4,8,"[0.5915, 0.2109, 0.0917, 0.0201, 0.0148, 0.0099, 0.0067, 0.0059, 0.0051, 0.0035]","[0.024, 0.061, 0.017, 0.004, 0.034, 0.064, 0.092, 0.079, 0.08, 0.235]",3000,-0.0015776351792737842,0.11533136723624743,
11,R0,3240,-0.09206026766596387,0.015227163073681401,0.016329651684131075,0.0312401505237937,0.010664975773122842,-0.10370382847954836,-0.014236669308834488,0.7747923731803894,0.0814632922410965,0.06823091208934784,0.8562556505203247,0.9705397486686707,0.9884491562843323,0,3,4,"[0.7748, 0.0815, 0.0682, 0.0364, 0.0096, 0.0064, 0.0039, 0.0033, 0.0024, 0.002]","[0.092, 0.015, 0.016, 0.07, 0.033, 0.037, 0.004, 0.071, 0.173, 0.026]",3000,-0.0029990177135914564,0.05848910126709135,
11,R1,3240,0.005274254378554932,-0.07233982775126943,-0.016800317878400046,-0.0007372315434506944,0.008897035588175393,-0.055245907572345127,-0.00037236076365234125,0.7941548824310303,0.08870968967676163,0.046332426369190216,0.8828645944595337,0.9786678552627563,0.9914152026176453,0,3,4,"[0.7942, 0.0887, 0.0463, 0.0308, 0.0187, 0.0051, 0.0025, 0.0019, 0.0017, 0.0015]","[0.005, 0.072, 0.017, 0.029, 0.006, 0.018, 0.092, 0.001, 0.023, 0.051]",3000,-0.0011036654468625784,0.027549576748890702,
11,R2,3240,0.07956899006376024,-0.002647078476534707,0.029485168363000067,-0.025996444868690807,-0.08232074289239899,0.0862473897406276,-0.04511424724497134,0.767703115940094,0.07608042657375336,0.04585419222712517,0.8437835574150085,0.9629126787185669,0.9877805709838867,0,4,5,"[0.7677, 0.0761, 0.0459, 0.0431, 0.0301, 0.0158, 0.0041, 0.0018, 0.0017, 0.0014]","[0.08, 0.003, 0.029, 0.01, 0.018, 0.036, 0.061, 0.19, 0.043, 0.075]",3000,-0.003789035137742758,-0.06521722799031537,
11,R3,3240,0.008654550673807741,-0.027379679241772314,-0.05899297278938265,-0.03025242417938802,-0.0637838780146726,-0.04562407914085733,-0.09433824168250496,0.36014798283576965,0.255329430103302,0.20629416406154633,0.615477442741394,0.9488338232040405,0.9893569350242615,0,4,6,"[0.3601, 0.2553, 0.2063, 0.1121, 0.015, 0.0144, 0.0086, 0.0075, 0.0054, 0.0046]","[0.009, 0.027, 0.059, 0.108, 0.008, 0.038, 0.065, 0.03, 0.042, 0.025]",3000,-0.011652183718979359,0.13251040633060623,
11,R4,3240,0.017097837463996506,-0.001099817009396197,-0.034609550916874295,0.0014751448791467934,0.05353754862413801,0.06535963260767629,0.08328632542501099,0.46395522356033325,0.21050845086574554,0.10745605081319809,0.67446368932724,0.927328884601593,0.9840170741081238,0,5,7,"[0.464, 0.2105, 0.1075, 0.0978, 0.0476, 0.0198, 0.0155, 0.0114, 0.0062, 0.0038]","[0.017, 0.001, 0.035, 0.096, 0.01, 0.009, 0.005, 0.037, 0.013, 0.015]",3000,-0.013580070808529854,-0.17084907485355597,
11,R5,3240,0.030867936737415953,-0.04354561984960709,-0.04278457309284867,-0.01978819067011539,0.042855994427527896,0.06200912282451553,0.11187906808177132,0.4642500877380371,0.17876853048801422,0.133628249168396,0.6430186033248901,0.9137119650840759,0.9747122526168823,0,5,7,"[0.4643, 0.1788, 0.1336, 0.0933, 0.0437, 0.0195, 0.0169, 0.0118, 0.0068, 0.0059]","[0.031, 0.044, 0.043, 0.043, 0.039, 0.044, 0.003, 0.033, 0.007, 0.015]",3000,-0.01632600650191307,-0.20825692076259472,
11,R6,3240,0.030152825675183677,-0.08195923511421097,0.01687668687679723,-0.029409748151131905,-0.05330111054267238,-0.0493190966611546,-0.04469268724899599,0.6556479334831238,0.10086693614721298,0.05589420348405838,0.756514847278595,0.8882821202278137,0.9543299078941345,0,6,10,"[0.6556, 0.1009, 0.0559, 0.045, 0.0309, 0.0203, 0.0159, 0.0137, 0.0088, 0.0073]","[0.03, 0.082, 0.017, 0.03, 0.066, 0.047, 0.091, 0.018, 0.01, 0.03]",3000,-0.01699313521385193,0.09475427620825774,
11,R7,3240,-0.035167288527456736,0.04833536347988318,-0.09553614714955656,0.02160689537758918,0.06014271385484937,0.054707877098130304,0.05437691072763371,0.49803879857063293,0.10182551294565201,0.06764359027147293,0.5998643040657043,0.7647761106491089,0.889125645160675,0,11,19,"[0.498, 0.1018, 0.0676, 0.0559, 0.0413, 0.0379, 0.0286, 0.0234, 0.0208, 0.0136]","[0.035, 0.048, 0.096, 0.055, 0.001, 0.01, 0.024, 0.03, 0.02, 0.053]",3000,-0.012816627509891987,-0.13230442227099593,
11,M0,3000,0.16896639895594032,-0.2810053646070268,-0.270069898152425,-0.12032608004184306,0.019783847090475332,-0.09732699658121066,-0.17483221022759907,0.37929338216781616,0.2130674123764038,0.15022209286689758,0.59236079454422,0.8958061933517456,0.9715688824653625,0,6,8,"[0.3793, 0.2131, 0.1502, 0.0934, 0.0598, 0.0243, 0.0211, 0.0178, 0.0075, 0.0051]","[0.169, 0.281, 0.27, 0.3, 0.147, 0.093, 0.171, 0.038, 0.221, 0.036]",3000,0.0964980348944664,-0.10834401108942822,
11,E0,3240,0.044226735865592864,0.018265284947172014,0.014277185927660677,-0.016165449566262233,-0.02899135008537681,-0.024294967537968015,-0.004115306819959461,0.15636497735977173,0.08929122239351273,0.07174672931432724,0.24565619230270386,0.3751653730869293,0.4610120356082916,0,148,242,"[0.1564, 0.0893, 0.0717, 0.0327, 0.0251, 0.0221, 0.0186, 0.0158, 0.0155, 0.0138]","[0.044, 0.018, 0.014, 0.213, 0.217, 0.147, 0.099, 0.088, 0.016, 0.055]",3000,0.031546056270599365,-0.03172874019524454,
11,MEAN,3000,-0.10564005288293947,-0.35424973990817943,0.5686304883434771,-0.008211933888910963,0.013766349275439503,0.004539174356114114,0.029017002026823287,0.2977348268032074,0.12877775728702545,0.06351479142904282,0.42651259899139404,0.5758625268936157,0.6599879264831543,3,90,190,"[0.2977, 0.1288, 0.0635, 0.0564, 0.0294, 0.0216, 0.0184, 0.0167, 0.0139, 0.0135]","[0.106, 0.354, 0.569, 0.313, 0.12, 0.102, 0.066, 0.275, 0.144, 0.022]",3000,0.09014563262462616,0.18661432709827055,
12,T0,3240,-0.09180380044289593,0.019686179533087652,-0.033619701460232125,-0.04476990685531579,-0.11777595433091617,0.020864338908941266,-0.09908293779945021,0.6891099214553833,0.2303396314382553,0.02150256559252739,0.9194495677947998,0.9584345817565918,0.976107656955719,0,2,5,"[0.6891, 0.2303, 0.0215, 0.0089, 0.0085, 0.0052, 0.0038, 0.0033, 0.0028, 0.0025]","[0.092, 0.02, 0.034, 0.057, 0.032, 0.083, 0.023, 0.047, 0.126, 0.03]",3000,-0.004635424353182316,-0.006089439061888209,
12,T1,3240,-0.10171046029542098,0.08067603270327467,0.099752097044545,0.01216897775753178,-0.041448527719936935,-0.05307229465043083,-0.13849771933516133,0.6275671720504761,0.2754553258419037,0.030753066763281822,0.9030225276947021,0.9604732394218445,0.9774447679519653,0,2,4,"[0.6276, 0.2755, 0.0308, 0.0173, 0.0094, 0.0049, 0.0036, 0.0032, 0.0027, 0.0025]","[0.102, 0.081, 0.1, 0.05, 0.031, 0.149, 0.179, 0.202, 0.14, 0.176]",3000,-0.004522309172898531,0.0007284974339469235,
12,T2,3240,-0.013247584448172664,-0.020994627738881912,0.1118350877613994,-0.03331933984755398,-0.04791421711986016,0.04915011712784196,-0.0494095531477885,0.36409792304039,0.25093793869018555,0.16520890593528748,0.615035891532898,0.8298145532608032,0.8949193954467773,2,11,26,"[0.3641, 0.2509, 0.1652, 0.0287, 0.0208, 0.0184, 0.0137, 0.0135, 0.0108, 0.0086]","[0.013, 0.021, 0.112, 0.124, 0.133, 0.05, 0.478, 0.42, 0.115, 0.129]",3000,0.0009247851558029652,-0.11644288537657534,
12,T3,3240,0.06372826162212228,-0.03527445879387125,0.04437030392541484,-0.020296507874846458,-0.03344981765397586,0.02412494946244829,-0.017219329880359013,0.5694774985313416,0.31402504444122314,0.04971835017204285,0.8835025429725647,0.9559769034385681,0.9764721989631653,0,3,5,"[0.5695, 0.314, 0.0497, 0.0124, 0.0103, 0.0067, 0.0056, 0.0033, 0.0028, 0.002]","[0.064, 0.035, 0.044, 0.074, 0.029, 0.033, 0.061, 0.017, 0.129, 0.126]",3000,-0.0030394347850233316,-0.12738801310679293,
12,T4,3240,0.06599308636459214,0.01914937428237455,-0.017754040502714393,-0.027765190164054866,-0.0272122029635041,0.0024758097369239726,-0.011178298345231473,0.6577172875404358,0.22835329174995422,0.0575714185833931,0.8860706090927124,0.9620680809020996,0.9789531826972961,0,3,4,"[0.6577, 0.2284, 0.0576, 0.0102, 0.0083, 0.0057, 0.0039, 0.0029, 0.0024, 0.002]","[0.066, 0.019, 0.018, 0.121, 0.124, 0.069, 0.044, 0.144, 0.113, 0.047]",3000,-0.000807934848126024,-0.1275723384655222,
12,T5,3240,0.04045609336176565,-0.1101246265787033,0.06581495748667607,-0.020929798129604254,-0.04324041348316005,0.0005996273962090081,0.02170583842889779,0.3877972364425659,0.19857820868492126,0.14718134701251984,0.5863754749298096,0.8094046711921692,0.8802903294563293,1,13,27,"[0.3878, 0.1986, 0.1472, 0.0466, 0.0292, 0.0189, 0.0183, 0.0131, 0.0106, 0.01]","[0.04, 0.11, 0.066, 0.149, 0.334, 0.12, 0.23, 0.112, 0.009, 0.168]",3000,0.005634408909827471,-0.06947137534938949,
12,T6,3240,0.022334128492782265,-0.04570411469141489,0.03769967190503211,0.02133278449251099,0.022500631909012112,0.026288641463718378,-0.034896885560271,0.5507318377494812,0.2794446349143982,0.0784444659948349,0.8301764726638794,0.941489040851593,0.9673997163772583,1,3,6,"[0.5507, 0.2794, 0.0784, 0.0208, 0.0121, 0.0088, 0.0062, 0.0038, 0.0036, 0.0035]","[0.022, 0.046, 0.038, 0.068, 0.107, 0.165, 0.091, 0.008, 0.311, 0.185]",3000,-0.0004626840236596763,-0.15801391356614075,
12,T7,3240,-0.025745378266135443,0.0029213179395462894,0.017501985982557,0.05223546586965829,0.05244980889460198,0.010784017545839067,0.02420983735596842,0.40007731318473816,0.23455360531806946,0.1703025847673416,0.6346309185028076,0.8593108654022217,0.9189968109130859,0,8,18,"[0.4001, 0.2346, 0.1703, 0.0301, 0.0243, 0.0179, 0.0133, 0.0115, 0.0092, 0.0078]","[0.026, 0.003, 0.018, 0.041, 0.048, 0.024, 0.05, 0.007, 0.049, 0.062]",3000,-0.0019726338796317577,0.11680827742691824,
12,T8,3240,-0.02491054918036705,-0.05461250507241442,0.009689162802651639,0.03221713039831665,0.061774531316920275,-0.00470438436213357,0.04950794070595756,0.591400146484375,0.20012657344341278,0.09571182727813721,0.791526734828949,0.9283484220504761,0.95951247215271,0,4,8,"[0.5914, 0.2001, 0.0957, 0.0263, 0.0148, 0.0098, 0.0068, 0.0059, 0.0051, 0.0035]","[0.025, 0.055, 0.01, 0.001, 0.03, 0.067, 0.132, 0.049, 0.001, 0.23]",3000,-0.0009751839679665864,0.125147255464733,
12,R0,3240,-0.06637508185235971,0.019189223676874523,0.005738365399308805,-0.025861063077702546,-0.026304898281876626,-0.1265222745710668,0.034327003682278145,0.7753675580024719,0.07661473006010056,0.0706314817070961,0.8519822955131531,0.9691174030303955,0.9879239797592163,0,3,4,"[0.7754, 0.0766, 0.0706, 0.0367, 0.0098, 0.0072, 0.0042, 0.0031, 0.0023, 0.002]","[0.066, 0.019, 0.006, 0.069, 0.013, 0.067, 0.012, 0.153, 0.175, 0.038]",3000,-0.00283843488432467,0.020449694844779775,
12,R1,3240,0.0057286927754382115,-0.03245178149985348,0.0004358574702465042,-0.00705128083848457,0.002821143077574673,-0.04028527260567236,0.025297130289384816,0.7947551608085632,0.09130431711673737,0.042954400181770325,0.8860594630241394,0.9790805578231812,0.991592526435852,0,3,4,"[0.7948, 0.0913, 0.043, 0.0315, 0.0186, 0.0053, 0.0023, 0.0018, 0.0016, 0.0015]","[0.006, 0.032, 0.0, 0.01, 0.003, 0.016, 0.152, 0.005, 0.09, 0.041]",3000,-0.0012573099229484797,0.045562414777620096,
12,R2,3240,0.011173239909272487,0.00456705551027414,-0.017163633282708195,-0.018804662275369605,-0.0561564293809996,0.0414157819160029,-0.053302215979098046,0.7734795212745667,0.07363261282444,0.04376803711056709,0.8471121191978455,0.961726725101471,0.9876214861869812,0,4,5,"[0.7735, 0.0736, 0.0438, 0.0434, 0.0274, 0.0168, 0.0042, 0.0018, 0.0017, 0.0013]","[0.011, 0.005, 0.017, 0.002, 0.018, 0.038, 0.036, 0.131, 0.134, 0.074]",3000,-0.0032205539755523205,-0.0731720543687471,
12,R3,3240,0.00023298350006787234,-0.026524954648661562,-0.053620615635065115,-0.028012824649952736,-0.059501557503115275,-0.053390428229977104,-0.08763804874426635,0.36650151014328003,0.2385343462228775,0.20765578746795654,0.6050358414649963,0.9475463032722473,0.9891005754470825,0,4,6,"[0.3665, 0.2385, 0.2077, 0.1187, 0.0161, 0.0155, 0.0089, 0.007, 0.0056, 0.0046]","[0.0, 0.027, 0.054, 0.099, 0.043, 0.012, 0.038, 0.036, 0.03, 0.013]",3000,-0.01147451438009739,0.1508081788450416,
12,R4,3240,0.026818588916039384,0.0024828720190487284,-0.03802278758793336,-0.01987280793265898,0.05715419660694708,0.0560593316194645,0.10889896452016687,0.45716649293899536,0.20146812498569489,0.10512938350439072,0.658634603023529,0.9246415495872498,0.9825653433799744,0,5,7,"[0.4572, 0.2015, 0.1051, 0.0977, 0.0632, 0.0193, 0.0155, 0.0123, 0.0063, 0.0045]","[0.027, 0.002, 0.038, 0.058, 0.017, 0.013, 0.002, 0.029, 0.035, 0.001]",3000,-0.012879371643066406,-0.16592963667606767,
12,R5,3240,0.04435815962650192,-0.04592214956690202,-0.05113326380153934,-0.020172138714584176,0.03538882678871811,0.041693785759423056,0.1204678884598924,0.4665355980396271,0.1755649447441101,0.12426269054412842,0.6421005725860596,0.9022138118743896,0.9733392596244812,0,5,8,"[0.4665, 0.1756, 0.1243, 0.0929, 0.043, 0.0259, 0.0175, 0.0138, 0.0076, 0.0063]","[0.044, 0.046, 0.051, 0.07, 0.043, 0.048, 0.012, 0.06, 0.02, 0.007]",3000,-0.015730058774352074,-0.1922474307950893,
12,R6,3240,0.022032033560704004,-0.1104972784720872,0.0056712497041223634,-0.02309542289466011,-0.05356498596569435,-0.0439395313518151,-0.04707773192352056,0.6251444816589355,0.10715104639530182,0.061013054102659225,0.7322955131530762,0.8810242414474487,0.9493937492370605,0,6,11,"[0.6251, 0.1072, 0.061, 0.0538, 0.0339, 0.0228, 0.0167, 0.0129, 0.0089, 0.0071]","[0.022, 0.11, 0.006, 0.017, 0.065, 0.134, 0.05, 0.003, 0.003, 0.042]",3000,-0.016799988225102425,0.08465523746020055,
12,R7,3240,-0.026337935185969958,0.01780117046233838,0.07415541398029117,0.02003085779776839,0.059878661078127025,0.06563824504755686,0.05030022669162288,0.4866466224193573,0.10735033452510834,0.06242537871003151,0.5939969420433044,0.7630090713500977,0.8827973008155823,0,12,19,"[0.4866, 0.1074, 0.0624, 0.0561, 0.0504, 0.0375, 0.0279, 0.0228, 0.0185, 0.0131]","[0.026, 0.018, 0.074, 0.083, 0.075, 0.026, 0.027, 0.003, 0.039, 0.013]",3000,-0.013480103574693203,-0.11653686155785416,
12,M0,3000,0.16644038831143196,-0.33027400945143404,0.24379116023692773,-0.1192516239183409,0.022512797327501357,-0.10366997551648259,-0.1707621830802727,0.3644523322582245,0.22166231274604797,0.15781095623970032,0.5861146450042725,0.8927945494651794,0.9715011119842529,2,6,8,"[0.3645, 0.2217, 0.1578, 0.0896, 0.0593, 0.024, 0.0225, 0.0192, 0.0076, 0.0053]","[0.166, 0.33, 0.244, 0.303, 0.125, 0.188, 0.001, 0.004, 0.189, 0.029]",3000,0.10243817418813705,-0.09155175655276306,
12,E0,3240,0.01972866151907537,-0.014754334747674363,0.21448700863225836,-0.01432757995843371,-0.03908501700086497,-0.022747764794296393,0.028834452508865474,0.13453297317028046,0.08689244836568832,0.06183844059705734,0.22142541408538818,0.3641286790370941,0.44941627979278564,1,185,313,"[0.1345, 0.0869, 0.0618, 0.057, 0.0239, 0.0207, 0.018, 0.0173, 0.0155, 0.0137]","[0.02, 0.015, 0.214, 0.067, 0.166, 0.043, 0.016, 0.102, 0.409, 0.073]",3000,0.0447821244597435,0.006688919995534977,
12,MEAN,3000,0.0796165357381991,-0.4454215919927222,-0.6187280607495641,0.0007291979738027893,-0.01163919646221613,-0.010290349661499054,-0.042674169573107566,0.27641966938972473,0.12465343624353409,0.0679314136505127,0.4010730981826782,0.5566903352737427,0.645145833492279,2,96,203,"[0.2764, 0.1247, 0.0679, 0.0571, 0.0306, 0.0223, 0.0197, 0.018, 0.0146, 0.0139]","[0.08, 0.445, 0.619, 0.008, 0.156, 0.162, 0.156, 0.143, 0.028, 0.118]",3000,0.10887231677770615,-0.16578054123478483,
13,T0,3240,-0.06444147071867011,0.031240800913405767,-0.0420876201086562,0.03435525284231027,-0.010466727433430975,0.01808875330232182,-0.09437104759320038,0.6792871356010437,0.23394861817359924,0.021483229473233223,0.9132357835769653,0.9549046754837036,0.9750338792800903,0,2,5,"[0.6793, 0.2339, 0.0215, 0.0105, 0.0097, 0.0059, 0.0043, 0.0039, 0.0034, 0.0026]","[0.064, 0.031, 0.042, 0.036, 0.026, 0.031, 0.041, 0.01, 0.052, 0.14]",3000,-0.005120124202221632,-0.02787754006622525,
13,T1,3240,-0.035737846190226484,0.08454028071286318,0.08428116851562396,0.04196795622815548,0.02443596552488373,-0.01743744223599532,-0.12394354638271296,0.6225993633270264,0.2742319405078888,0.02927572652697563,0.8968312740325928,0.9565998911857605,0.97604900598526,0,3,5,"[0.6226, 0.2742, 0.0293, 0.0192, 0.0113, 0.0056, 0.0043, 0.0041, 0.0031, 0.0024]","[0.036, 0.085, 0.084, 0.051, 0.029, 0.101, 0.19, 0.108, 0.178, 0.286]",3000,-0.004321798216551542,-0.03684921441033621,
13,T2,3240,0.026607040183482575,-0.00745757743996632,-0.055992440854278236,0.0323545737985264,0.07291343112520464,-0.06517397606527633,0.07236286511307491,0.4187973737716675,0.18976324796676636,0.10872462391853333,0.6085606217384338,0.7895875573158264,0.8700628280639648,1,15,35,"[0.4188, 0.1898, 0.1087, 0.0397, 0.0326, 0.0226, 0.0187, 0.0168, 0.0123, 0.01]","[0.027, 0.007, 0.056, 0.218, 0.038, 0.222, 0.456, 0.144, 0.213, 0.099]",3000,0.008544371463358402,0.10124454283813702,
13,T3,3240,0.05862794649277606,0.07132056941066026,-0.042615975303546216,-0.018143730085733917,-0.030409188932159895,0.020233031634523804,-0.020375230984647264,0.5675533413887024,0.31709054112434387,0.04480612650513649,0.8846439123153687,0.9548038840293884,0.9766103029251099,0,3,5,"[0.5676, 0.3171, 0.0448, 0.0139, 0.0115, 0.0067, 0.0055, 0.0042, 0.0036, 0.0019]","[0.059, 0.071, 0.043, 0.047, 0.027, 0.069, 0.066, 0.108, 0.097, 0.009]",3000,-0.003419731045141816,-0.12493379943532348,
13,T4,3240,0.06666458656171603,0.04054820538775369,0.01738222549768022,-0.027242123453938345,-0.025100680497893654,0.002603152875005275,-0.011667848834874662,0.6147987246513367,0.2679567337036133,0.05694380775094032,0.88275545835495,0.95875483751297,0.9764681458473206,0,3,5,"[0.6148, 0.268, 0.0569, 0.0101, 0.0089, 0.006, 0.004, 0.003, 0.0028, 0.0019]","[0.067, 0.041, 0.017, 0.141, 0.043, 0.065, 0.053, 0.23, 0.073, 0.042]",3000,-0.0008791620493866503,-0.12813345233484605,
13,T5,3240,0.03409032873175684,-0.09365955986178733,0.06665961844211236,-0.018502834815039008,-0.036789006953403626,-0.005434494674463506,0.02051986171148915,0.41201308369636536,0.22894872725009918,0.12152303755283356,0.6409618258476257,0.8271127939224243,0.8924049139022827,1,11,25,"[0.412, 0.2289, 0.1215, 0.0393, 0.0254, 0.0185, 0.0161, 0.0115, 0.0101, 0.0091]","[0.034, 0.094, 0.067, 0.121, 0.334, 0.17, 0.235, 0.096, 0.013, 0.216]",3000,0.005122548900544643,-0.06463447823852812,
13,T6,3240,0.04201709680377,0.03443302147641994,0.05318392837462934,0.041462028560587824,0.052158167311219576,0.04224559989900256,-0.03658330376134702,0.584230363368988,0.2550731599330902,0.06729403883218765,0.8393034934997559,0.9441834092140198,0.9690601825714111,1,3,6,"[0.5842, 0.2551, 0.0673, 0.0264, 0.0112, 0.0082, 0.0059, 0.0038, 0.0037, 0.0033]","[0.042, 0.034, 0.053, 0.038, 0.052, 0.189, 0.107, 0.03, 0.398, 0.018]",3000,-0.0007288662600331008,-0.1708314487238136,
13,T7,3240,-0.041441356862529005,0.022419552656330364,0.020510201886174622,0.05011033000215453,0.05423775478600583,0.006635813830562841,0.023092843725949632,0.41277405619621277,0.24249450862407684,0.1596059650182724,0.6552685499191284,0.8684930205345154,0.924392819404602,0,8,16,"[0.4128, 0.2425, 0.1596, 0.0293, 0.0244, 0.0168, 0.0125, 0.0109, 0.0084, 0.0073]","[0.041, 0.022, 0.021, 0.03, 0.065, 0.003, 0.055, 0.007, 0.047, 0.077]",3000,-0.0020101768895983696,0.12213611282764222,
13,T8,3240,-0.03030645716029083,-0.04596752087481872,0.021352454851834287,0.013868459196816648,0.03515997826541316,-0.0010406641056707063,0.04534548248637066,0.6246813535690308,0.17971858382225037,0.0867307037115097,0.8043999671936035,0.9334011673927307,0.9625144600868225,0,4,8,"[0.6247, 0.1797, 0.0867, 0.0284, 0.0139, 0.0092, 0.0064, 0.0053, 0.0048, 0.0034]","[0.03, 0.046, 0.021, 0.004, 0.022, 0.075, 0.142, 0.079, 0.033, 0.193]",3000,-0.0011533885262906551,0.13059714466005107,
13,R0,3240,0.014620296306936014,0.03133072611330309,-0.00784579539801433,-0.06963013055792432,-0.08017564766128228,0.09429715984673022,0.05025361056454611,0.7855650186538696,0.07446791976690292,0.06626493483781815,0.8600329160690308,0.9681723713874817,0.9877339601516724,0,3,4,"[0.7856, 0.0745, 0.0663, 0.0316, 0.0102, 0.0074, 0.0041, 0.0034, 0.0027, 0.002]","[0.015, 0.031, 0.008, 0.09, 0.026, 0.028, 0.012, 0.15, 0.164, 0.032]",3000,-0.0033828297164291143,0.06367467583871833,
13,R1,3240,0.03459861152334712,-0.0055990809577368275,0.01375160502467015,-0.009092198778280986,0.016892453808261786,-0.06309959433125586,0.023585717861752446,0.7991273403167725,0.08309807628393173,0.04522428289055824,0.8822253942489624,0.9762937426567078,0.9903982877731323,0,3,4,"[0.7991, 0.0831, 0.0452, 0.0294, 0.0195, 0.0054, 0.0031, 0.0021, 0.0018, 0.0017]","[0.035, 0.006, 0.014, 0.023, 0.001, 0.031, 0.05, 0.003, 0.128, 0.06]",3000,-0.0016393928090110421,0.019288543790075528,
13,R2,3240,0.015198154038632384,-0.02615362973373541,-0.062368346982770356,-0.05168910454570572,-0.07635523156075204,0.056061755945215605,-0.009725040015527856,0.7607927322387695,0.06788171827793121,0.057693932205438614,0.8286744356155396,0.9550854563713074,0.9842843413352966,0,4,5,"[0.7608, 0.0679, 0.0577, 0.044, 0.0247, 0.0183, 0.005, 0.0023, 0.0019, 0.0017]","[0.015, 0.026, 0.062, 0.045, 0.037, 0.026, 0.05, 0.003, 0.093, 0.025]",3000,-0.002899027429521084,-0.031019305426241157,
13,R3,3240,0.026726984695746216,-0.024402296501281496,-0.062155680078281886,-0.02689923897383494,-0.0484304707684693,-0.04944184742227741,-0.061027145425771395,0.3605111539363861,0.2396766096353531,0.20156876742839813,0.6001877784729004,0.9410392642021179,0.9847471117973328,0,4,6,"[0.3605, 0.2397, 0.2016, 0.1156, 0.0237, 0.0156, 0.0085, 0.0084, 0.0062, 0.005]","[0.027, 0.024, 0.062, 0.099, 0.013, 0.061, 0.04, 0.059, 0.028, 0.085]",3000,-0.01060238666832447,0.15914858541962038,
13,R4,3240,0.024818095693557887,0.004847524589765858,-0.020907549303173917,-0.015317332239335811,0.06672494568276907,0.04765719417654496,0.11463030196680175,0.4342256486415863,0.2106183022260666,0.10596630722284317,0.6448439359664917,0.9134633541107178,0.9778730273246765,0,5,7,"[0.4342, 0.2106, 0.106, 0.0939, 0.0688, 0.0204, 0.0164, 0.0148, 0.0076, 0.0052]","[0.025, 0.005, 0.021, 0.057, 0.027, 0.003, 0.012, 0.033, 0.017, 0.014]",3000,-0.012453270144760609,-0.16055477036094112,
13,R5,3240,0.04978605614812256,-0.03692142069659084,-0.052661509107300906,-0.01695578979124528,0.04074341770188149,0.02979512316944999,0.11699753281907521,0.48763248324394226,0.17229844629764557,0.11505147814750671,0.659930944442749,0.9008745551109314,0.9710223078727722,0,5,8,"[0.4876, 0.1723, 0.1151, 0.0872, 0.0387, 0.0247, 0.0182, 0.0132, 0.0078, 0.0062]","[0.05, 0.037, 0.053, 0.083, 0.053, 0.043, 0.012, 0.029, 0.057, 0.057]",3000,-0.015916747972369194,-0.1907788403384319,
13,R6,3240,0.0067719602031941694,-0.054183645086599785,0.001929419655391854,0.006680322613305077,-0.06352604140889331,-0.012945047499796306,-0.025681747598504844,0.6543107628822327,0.09534329175949097,0.054074857383966446,0.7496540546417236,0.8832729458808899,0.9450762271881104,0,6,11,"[0.6543, 0.0953, 0.0541, 0.0496, 0.0299, 0.02, 0.0158, 0.0113, 0.0084, 0.0064]","[0.007, 0.054, 0.002, 0.005, 0.022, 0.127, 0.113, 0.015, 0.002, 0.066]",3000,-0.014198824763298035,0.07719840938866797,
13,R7,3240,-0.03725866232425662,0.026788274157444666,0.06220121945928207,0.014140151311390025,0.05320979362651895,0.06917889246043049,0.03196575849796061,0.5101052522659302,0.10421579331159592,0.0553378164768219,0.6143210530281067,0.7673850059509277,0.8771971464157104,0,13,20,"[0.5101, 0.1042, 0.0553, 0.05, 0.0478, 0.0343, 0.0254, 0.0213, 0.0166, 0.0121]","[0.037, 0.027, 0.062, 0.052, 0.036, 0.027, 0.048, 0.035, 0.03, 0.017]",3000,-0.012503428384661674,-0.12181616157204289,
13,M0,3000,0.04348250870975005,-0.3467613634692412,0.23071155133239357,-0.12371777516855574,0.014600642790278688,-0.1229858180330983,-0.15826443024133213,0.36610302329063416,0.2133551388978958,0.15486560761928558,0.5794581770896912,0.8830747604370117,0.9658210873603821,1,6,8,"[0.3661, 0.2134, 0.1549, 0.0895, 0.0593, 0.0253, 0.0228, 0.0196, 0.009, 0.0061]","[0.043, 0.347, 0.231, 0.292, 0.11, 0.169, 0.008, 0.004, 0.204, 0.047]",3000,0.10056304931640625,0.06215533609155504,
13,E0,3240,0.022028027814205937,0.03998594715329308,0.1566252312077772,-0.015314851733561908,-0.042881032787207805,-0.038314935614911345,0.04511648074937119,0.14922037720680237,0.08884366601705551,0.06705136597156525,0.23806405067443848,0.37535718083381653,0.46245473623275757,1,192,329,"[0.1492, 0.0888, 0.0671, 0.0473, 0.023, 0.0199, 0.0191, 0.0174, 0.0162, 0.0145]","[0.022, 0.04, 0.157, 0.097, 0.149, 0.127, 0.14, 0.22, 0.366, 0.011]",3000,0.03596553951501846,0.056463536792793916,
13,MEAN,3000,0.057446989683035576,-0.4778652340043436,-0.5911668946014291,0.0018977018869481125,-0.015797833077296916,-0.007627444279069577,-0.045958699102366066,0.28095194697380066,0.11915644258260727,0.06909095495939255,0.4001083970069885,0.5557063817977905,0.6479480266571045,2,99,213,"[0.281, 0.1192, 0.0691, 0.0558, 0.0307, 0.0232, 0.0206, 0.0191, 0.0147, 0.0146]","[0.057, 0.478, 0.591, 0.053, 0.154, 0.12, 0.127, 0.206, 0.008, 0.077]",3000,0.10930666327476501,-0.13748586905229981,
14,T0,3240,0.07170770993193773,-0.05992089053932351,-0.08102160225633442,-0.035142414546870226,0.009476217696174426,-0.0040076940484906195,0.09599373853134566,0.6099222302436829,0.2912161946296692,0.033060815185308456,0.901138424873352,0.9547170400619507,0.9744508862495422,0,2,5,"[0.6099, 0.2912, 0.0331, 0.0106, 0.0099, 0.0056, 0.0044, 0.0041, 0.0032, 0.0024]","[0.072, 0.06, 0.081, 0.012, 0.051, 0.0, 0.205, 0.006, 0.056, 0.199]",3000,-0.004540660418570042,0.005132786936249916,
14,T1,3240,-0.00016996898537412035,0.04899993871443329,0.049083172491737916,-0.007508895216575333,0.031643445889834726,-0.05181149804653486,0.11098020770557954,0.5928913950920105,0.2741791307926178,0.04297056794166565,0.8670705556869507,0.9456811547279358,0.970960259437561,2,3,6,"[0.5929, 0.2742, 0.043, 0.0228, 0.0128, 0.0064, 0.0063, 0.0054, 0.0043, 0.003]","[0.0, 0.049, 0.049, 0.038, 0.151, 0.115, 0.391, 0.08, 0.139, 0.436]",3000,-0.004195784218609333,0.03735353249642161,
14,T2,3240,-0.09036688514975595,0.10684443233429344,0.46351874382660946,0.054389772832593074,0.08995939204536768,-0.06743799506426938,0.04123472320316013,0.45954567193984985,0.1433308869600296,0.07105641812086105,0.6028765439987183,0.7602978944778442,0.8577772378921509,2,16,39,"[0.4595, 0.1433, 0.0711, 0.0505, 0.0359, 0.0286, 0.0246, 0.0193, 0.0142, 0.0109]","[0.09, 0.107, 0.464, 0.774, 0.026, 0.218, 0.097, 0.081, 0.142, 0.077]",3000,0.02697318233549595,0.11412454129206175,
14,T3,3240,0.08504817950392311,-0.008801757928105274,-0.03931353773780414,-0.016460150703882143,-0.035353145369527696,0.043272943984156674,-0.026573882854488664,0.4820561110973358,0.35616040229797363,0.08255469799041748,0.8382165431976318,0.947676956653595,0.97188401222229,0,3,6,"[0.4821, 0.3562, 0.0826, 0.015, 0.0119, 0.0078, 0.0056, 0.0046, 0.004, 0.0022]","[0.085, 0.009, 0.039, 0.105, 0.124, 0.097, 0.029, 0.087, 0.12, 0.292]",3000,-0.0026705642230808735,-0.1396025719163102,
14,T4,3240,0.06883207991687308,-0.043853070395846294,-0.056396589369822545,-0.017026410758276326,-0.018001601728688737,0.0250732100557783,-0.024276320695732094,0.49238622188568115,0.23871707916259766,0.17553137242794037,0.7311033010482788,0.9348644614219666,0.9673751592636108,0,3,7,"[0.4924, 0.2387, 0.1755, 0.0152, 0.013, 0.0127, 0.0077, 0.0054, 0.0043, 0.0024]","[0.069, 0.044, 0.056, 0.112, 0.08, 0.037, 0.25, 0.089, 0.01, 0.148]",3000,0.0002579647989477962,-0.14106776210266947,
14,T5,3240,0.04202011871142608,-0.0818591011859875,-0.06696783685421806,-0.026701005401907264,-0.04765442988954496,-0.004343479549704868,0.00829884856924856,0.4262497127056122,0.25334876775741577,0.10843240469694138,0.6795984506607056,0.8433808088302612,0.9024039506912231,1,10,23,"[0.4262, 0.2533, 0.1084, 0.0337, 0.0216, 0.0158, 0.0142, 0.0107, 0.0094, 0.0089]","[0.042, 0.082, 0.067, 0.118, 0.325, 0.122, 0.138, 0.169, 0.209, 0.019]",3000,0.0029557154048234224,-0.07021361767387622,
14,T6,3240,0.04771856926013093,0.04836660182016711,0.047973044144882133,0.05940591799789335,0.06593492825311954,0.03023184954251267,-0.0365175632002273,0.5535244941711426,0.26660335063934326,0.07442944496870041,0.8201278448104858,0.9343437552452087,0.9651756882667542,0,4,7,"[0.5535, 0.2666, 0.0744, 0.0276, 0.0122, 0.009, 0.0074, 0.0062, 0.0045, 0.0037]","[0.048, 0.048, 0.048, 0.068, 0.083, 0.173, 0.28, 0.048, 0.015, 0.198]",3000,-0.0012117887381464243,-0.12919160025853066,
14,T7,3240,0.04987599898695895,0.0442662758363595,0.03209320952011352,-0.05237687992394299,-0.052402920429728946,-0.0007352117766354573,-0.0206772095836651,0.41341158747673035,0.2457578480243683,0.16191105544567108,0.6591694355010986,0.8728511333465576,0.9259117245674133,0,7,16,"[0.4134, 0.2458, 0.1619, 0.0277, 0.0241, 0.0154, 0.012, 0.0106, 0.0082, 0.0068]","[0.05, 0.044, 0.032, 0.007, 0.068, 0.013, 0.042, 0.012, 0.071, 0.1]",3000,-0.002284366637468338,-0.12779738363603893,
14,T8,3240,0.04764560787883452,-0.0436037281749645,0.04009396515250313,-0.006081271454117642,-0.03026536386834397,0.018506421631111557,-0.05124927009666026,0.5797597169876099,0.2112419158220291,0.09283504635095596,0.7910016179084778,0.9256473779678345,0.9589380621910095,0,4,8,"[0.5798, 0.2112, 0.0928, 0.0274, 0.0144, 0.011, 0.0071, 0.0062, 0.0053, 0.0036]","[0.048, 0.044, 0.04, 0.028, 0.035, 0.084, 0.093, 0.207, 0.059, 0.103]",3000,-0.0009263386600650847,-0.15276068706400142,
14,R0,3240,-0.030915664755787005,0.08689709004159464,0.07068081002088676,0.04092934210135214,0.03985448408974786,-0.08902458364052852,-0.05616358589448503,0.755574107170105,0.08051854372024536,0.06406968086957932,0.8360926508903503,0.959195077419281,0.9823105931282043,1,3,5,"[0.7556, 0.0805, 0.0641, 0.0472, 0.0118, 0.0091, 0.0051, 0.0036, 0.0031, 0.0023]","[0.031, 0.087, 0.071, 0.068, 0.066, 0.045, 0.012, 0.324, 0.292, 0.045]",3000,-0.002276491140946746,-0.034911459102068394,
14,R1,3240,0.060252643910806127,0.013017868799955814,0.03162936918924132,-0.021480734055293438,-0.008185496619423598,-0.05102305167142539,0.008818203585647609,0.8072938919067383,0.07691853493452072,0.03922330588102341,0.8842124342918396,0.9748390913009644,0.989456832408905,0,3,4,"[0.8073, 0.0769, 0.0392, 0.0319, 0.0195, 0.0057, 0.0032, 0.0022, 0.0018, 0.0017]","[0.06, 0.013, 0.032, 0.014, 0.025, 0.084, 0.019, 0.067, 0.228, 0.224]",3000,-0.002069959184154868,0.0156150723961873,
14,R2,3240,-0.010294911425582445,0.089269067429306,-0.09201538100958255,-0.05219751918488147,-0.07497239399913565,0.05439181761392509,-0.045822744063514775,0.7584821581840515,0.0619937963783741,0.05804803967475891,0.8204759359359741,0.9495655298233032,0.979764997959137,1,4,6,"[0.7585, 0.062, 0.058, 0.0503, 0.0208, 0.016, 0.005, 0.0045, 0.0025, 0.0022]","[0.01, 0.089, 0.092, 0.058, 0.034, 0.037, 0.175, 0.537, 0.112, 0.037]",3000,-0.0024438912514597178,-0.03824416445679543,
14,R3,3240,0.003562053970773693,-0.011718309440861208,-0.05734668320808006,-0.01999431681430952,-0.05866168863706327,-0.04069848253981698,-0.08484842339112848,0.37600308656692505,0.2243904024362564,0.2027195245027542,0.6003934741020203,0.9381620287895203,0.9830877184867859,0,4,6,"[0.376, 0.2244, 0.2027, 0.1096, 0.0254, 0.0161, 0.0091, 0.0079, 0.0073, 0.0046]","[0.004, 0.012, 0.057, 0.079, 0.016, 0.067, 0.051, 0.04, 0.04, 0.097]",3000,-0.01036739256232977,0.223666744743196,
14,R4,3240,0.026036445328466436,-0.019781071094133986,-0.017848530426197478,-0.023297727744305035,0.05785577304866842,0.04503743563112567,0.12484009522884762,0.4244723320007324,0.20881520211696625,0.10808981955051422,0.6332875490188599,0.9052659273147583,0.9739984273910522,0,5,8,"[0.4245, 0.2088, 0.1081, 0.0982, 0.0657, 0.0213, 0.0178, 0.0154, 0.009, 0.0051]","[0.026, 0.02, 0.018, 0.062, 0.018, 0.011, 0.015, 0.021, 0.023, 0.012]",3000,-0.011527834460139275,-0.15726042358455652,
14,R5,3240,0.03444134415120979,-0.04381486819244915,-0.06427865135845393,-0.041130072266610744,0.004660562150534392,0.001519864523440068,0.0937312398161874,0.5071541666984558,0.1623685359954834,0.11399880796670914,0.6695227026939392,0.9013635516166687,0.9675952792167664,0,5,8,"[0.5072, 0.1624, 0.114, 0.081, 0.0368, 0.0225, 0.0167, 0.0129, 0.0082, 0.0059]","[0.034, 0.044, 0.064, 0.098, 0.043, 0.045, 0.023, 0.062, 0.053, 0.036]",3000,-0.014801536686718464,-0.11618087451613211,
14,R6,3240,0.0010116150901316532,-0.07981618071929203,0.029309594292217515,-0.008118241479596198,-0.06925621402021928,-0.02924904384046274,-0.036527248663626714,0.6306575536727905,0.0978982225060463,0.06334423273801804,0.7285557985305786,0.872696042060852,0.938056230545044,0,7,13,"[0.6307, 0.0979, 0.0633, 0.0475, 0.0333, 0.0197, 0.0184, 0.0112, 0.0097, 0.0064]","[0.001, 0.08, 0.029, 0.035, 0.001, 0.23, 0.06, 0.018, 0.062, 0.01]",3000,-0.008719664067029953,0.09407507471174371,
14,R7,3240,0.020493390236204827,-0.01202434809169588,0.07167461378302123,-0.02084373286799803,-0.06530539174561152,-0.06705538526879225,-0.03624555347458942,0.5307568311691284,0.09850285202264786,0.05117592588067055,0.6292597055435181,0.7741219997406006,0.8756130933761597,0,13,21,"[0.5308, 0.0985, 0.0512, 0.0479, 0.0458, 0.0318, 0.0227, 0.0197, 0.0157, 0.0115]","[0.02, 0.012, 0.072, 0.059, 0.06, 0.016, 0.069, 0.07, 0.099, 0.127]",3000,-0.01598014496266842,0.13619196904697883,
14,M0,3000,0.1605125120168791,-0.30014183096119196,-0.2286175722642255,-0.11532801442613334,0.030750056800969875,-0.1164541075892382,-0.16634329873494957,0.37452012300491333,0.19776089489459991,0.15287542343139648,0.572281002998352,0.8766161799430847,0.9621059894561768,1,6,9,"[0.3745, 0.1978, 0.1529, 0.0916, 0.0598, 0.0261, 0.024, 0.0188, 0.0085, 0.0081]","[0.161, 0.3, 0.229, 0.281, 0.055, 0.098, 0.276, 0.002, 0.128, 0.007]",3000,0.09489209204912186,-0.08499165057996261,
14,E0,3240,0.05634867714193876,0.03389005367469169,0.16076748544242142,-0.029888517522026918,-0.054608806391579105,-0.02408906509729745,0.02782558378263966,0.1598707139492035,0.08407565206289291,0.06585150212049484,0.243946373462677,0.37613919377326965,0.4683213531970978,0,192,336,"[0.1599, 0.0841, 0.0659, 0.0414, 0.0249, 0.0214, 0.019, 0.0185, 0.0174, 0.0159]","[0.056, 0.034, 0.161, 0.136, 0.167, 0.144, 0.123, 0.171, 0.281, 0.153]",3000,0.037866827100515366,0.012150167385649929,
14,MEAN,3000,0.1535862128903756,-0.6089684846228605,-0.46105442594995705,-0.0032816784734165804,-0.02097363405505196,0.0036152816272711883,-0.05707331324612469,0.362763911485672,0.11120904237031937,0.07051561772823334,0.47397294640541077,0.6209532618522644,0.7034728527069092,2,75,171,"[0.3628, 0.1112, 0.0705, 0.0472, 0.0293, 0.0221, 0.0176, 0.0165, 0.0134, 0.013]","[0.154, 0.609, 0.461, 0.05, 0.197, 0.141, 0.146, 0.154, 0.013, 0.091]",3000,0.10966283082962036,-0.2158502042939881,
15,T0,3240,-0.06748556576523301,0.0536262879463699,0.07947341546056381,0.023740780918844892,-0.01842790220809544,0.026157652726750236,-0.11084639766598874,0.6208958029747009,0.2667333781719208,0.03513214737176895,0.8876291513442993,0.9465238451957703,0.9706019163131714,0,3,6,"[0.6209, 0.2667, 0.0351, 0.0126, 0.0111, 0.0074, 0.0058, 0.0046, 0.0037, 0.0026]","[0.067, 0.054, 0.079, 0.023, 0.065, 0.12, 0.191, 0.032, 0.119, 0.289]",3000,-0.004772998858243227,-0.03183012017033436,
15,T1,3240,-0.11834809151580555,0.022939441864583843,0.05565098309563683,-0.02890875211493067,-0.11043744547847877,0.054587786176402184,-0.16090483643586487,0.5927169919013977,0.2703878879547119,0.04146676883101463,0.8631048798561096,0.9416211843490601,0.9687079191207886,2,3,7,"[0.5927, 0.2704, 0.0415, 0.0236, 0.0135, 0.0075, 0.0062, 0.0055, 0.0047, 0.0031]","[0.118, 0.023, 0.056, 0.008, 0.212, 0.065, 0.378, 0.036, 0.05, 0.482]",3000,-0.0026756376028060913,0.009980175377264203,
15,T2,3240,-0.13525189078759253,0.012706283471885904,0.16393191313996855,0.03551518112365627,0.0678644358862306,-0.04094521181768452,-0.010510643003444993,0.470386266708374,0.13510429859161377,0.060875292867422104,0.6054905652999878,0.7531685829162598,0.8539841175079346,2,17,41,"[0.4704, 0.1351, 0.0609, 0.0457, 0.0411, 0.0287, 0.0271, 0.0204, 0.0129, 0.0117]","[0.135, 0.013, 0.164, 0.723, 0.383, 0.235, 0.227, 0.045, 0.181, 0.04]",3000,0.025017084553837776,0.13924786078723234,
15,T3,3240,0.06059561259192328,-0.014778354500256469,-0.04036438119918387,-0.03782021025397583,-0.05710912976942589,0.0616521662371658,-0.06129841990886109,0.5074504613876343,0.3285757005214691,0.07804250717163086,0.8360261917114258,0.9451786279678345,0.971190869808197,1,3,6,"[0.5075, 0.3286, 0.078, 0.019, 0.0121, 0.0091, 0.0056, 0.0049, 0.0039, 0.0025]","[0.061, 0.015, 0.04, 0.133, 0.182, 0.115, 0.047, 0.162, 0.019, 0.323]",3000,-0.002368420595303178,-0.1484631278377409,
15,T4,3240,0.054253250152348116,0.039976488797151044,0.03284662365543096,-0.031466883062981614,-0.021167042842035213,0.01472652201132401,-0.02525589956588871,0.4954095184803009,0.24984101951122284,0.14111214876174927,0.7452505230903625,0.9205326437950134,0.9572556018829346,0,4,9,"[0.4954, 0.2498, 0.1411, 0.0179, 0.0163, 0.0128, 0.009, 0.0068, 0.0048, 0.0034]","[0.054, 0.04, 0.033, 0.17, 0.128, 0.04, 0.248, 0.264, 0.205, 0.112]",3000,0.00036144026671536267,-0.13256562715348644,
15,T5,3240,0.04644029250819715,0.09496721365942852,0.06421406399756004,-0.024449834838978002,-0.06217374912907389,0.008173989583431528,-0.008028614173837047,0.44644343852996826,0.26117604970932007,0.09840217232704163,0.7076194882392883,0.8548548817634583,0.9121829271316528,0,9,20,"[0.4464, 0.2612, 0.0984, 0.0287, 0.0202, 0.0172, 0.0132, 0.0111, 0.0083, 0.0075]","[0.046, 0.095, 0.064, 0.074, 0.277, 0.233, 0.069, 0.072, 0.208, 0.023]",3000,0.001793444505892694,-0.08291365986810426,
15,T6,3240,0.030790534463838597,0.037857006484333086,0.04899017229662354,0.04878405670773184,0.040172637614808465,0.03638958700473844,-0.050171755607805464,0.560899555683136,0.25516852736473083,0.06742829084396362,0.8160680532455444,0.9308481812477112,0.9644637703895569,0,4,7,"[0.5609, 0.2552, 0.0674, 0.0336, 0.0138, 0.0124, 0.007, 0.0063, 0.0044, 0.0036]","[0.031, 0.038, 0.049, 0.009, 0.147, 0.049, 0.296, 0.019, 0.026, 0.175]",3000,-0.0019052947172895074,-0.11981340984095872,
15,T7,3240,0.06267823912320072,0.05673241200076381,-0.028360089617629,-0.04829102146337558,-0.04876178522764871,0.009363114946471665,-0.021866127184701028,0.4356321394443512,0.24167591333389282,0.14689573645591736,0.6773080825805664,0.8748297095298767,0.9275676608085632,0,7,16,"[0.4356, 0.2417, 0.1469, 0.0271, 0.0235, 0.015, 0.0124, 0.011, 0.0082, 0.0062]","[0.063, 0.057, 0.028, 0.005, 0.089, 0.032, 0.052, 0.054, 0.081, 0.088]",3000,-0.0021738302893936634,-0.13949713728160432,
15,T8,3240,0.0614082142540929,-0.059025244373715764,0.024706601259903906,0.005116826822246805,-0.027416541663401302,0.02316313324121717,-0.06929788043542591,0.6052695512771606,0.19680464267730713,0.08455552905797958,0.8020741939544678,0.9297934174537659,0.9617475271224976,0,4,8,"[0.6053, 0.1968, 0.0846, 0.0289, 0.0142, 0.0108, 0.0072, 0.006, 0.0048, 0.0032]","[0.061, 0.059, 0.025, 0.061, 0.083, 0.126, 0.131, 0.09, 0.149, 0.075]",3000,-0.0010880030458793044,-0.16326783271690143,
15,R0,3240,0.0204209154146459,0.15185525117959572,0.047711071083368965,-0.03217189169520918,-0.03208358110782317,0.09309820429874024,0.034751822375649936,0.7491150498390198,0.08201909065246582,0.06059187278151512,0.8311341404914856,0.9574870467185974,0.982679009437561,0,4,5,"[0.7491, 0.082, 0.0606, 0.0528, 0.013, 0.0096, 0.0064, 0.004, 0.0028, 0.0023]","[0.02, 0.152, 0.048, 0.035, 0.115, 0.009, 0.067, 0.215, 0.269, 0.072]",3000,-0.00235498184338212,0.012195996581422192,
15,R1,3240,0.015953240116712397,-0.03619949262272511,0.0437156896990158,-0.006066758966301898,-0.01599211644418857,-0.004679299647962532,-0.007621112073296724,0.8190344572067261,0.0689273253083229,0.038218896836042404,0.8879618048667908,0.9757317304611206,0.9897385239601135,1,3,4,"[0.819, 0.0689, 0.0382, 0.0319, 0.0176, 0.0056, 0.0032, 0.0019, 0.0017, 0.0016]","[0.016, 0.036, 0.044, 0.039, 0.006, 0.088, 0.076, 0.128, 0.228, 0.3]",3000,-0.0023310151882469654,0.045523512348000894,
15,R2,3240,0.022193336654462683,0.051232150425788714,-0.09585977949442773,-0.029438614083265355,-0.048843455623359414,0.06286505453774507,-0.02463978749086298,0.7623232007026672,0.06360848993062973,0.056100860238075256,0.8259316682815552,0.951941967010498,0.9797258973121643,1,4,5,"[0.7623, 0.0636, 0.0561, 0.0515, 0.0184, 0.0136, 0.0048, 0.0043, 0.0029, 0.0022]","[0.022, 0.051, 0.096, 0.068, 0.041, 0.015, 0.175, 0.328, 0.044, 0.085]",3000,-0.002430843422189355,-0.10320459304650663,
15,R3,3240,0.0010795605751685012,-0.037557924622554584,-0.05684935756991132,-0.03606992209217192,-0.06736437707012463,-0.02531439475344594,-0.07197286234176126,0.3679186701774597,0.22783583402633667,0.20558573305606842,0.5957545042037964,0.9361264705657959,0.9820002913475037,0,4,6,"[0.3679, 0.2278, 0.2056, 0.1096, 0.0252, 0.0164, 0.0103, 0.0078, 0.0071, 0.0043]","[0.001, 0.038, 0.057, 0.086, 0.037, 0.024, 0.004, 0.012, 0.042, 0.028]",3000,-0.010260118171572685,0.2294628399390859,
15,R4,3240,0.053056349474025384,-0.007700813887914115,-0.0033031205051944467,-0.014575253461212597,0.0545601706912635,0.045840270970415646,0.1369025343634077,0.4334441125392914,0.2077454924583435,0.10649704933166504,0.6411895751953125,0.9052394032478333,0.974196195602417,0,5,8,"[0.4334, 0.2077, 0.1065, 0.0965, 0.061, 0.0231, 0.0181, 0.0142, 0.0087, 0.0048]","[0.053, 0.008, 0.003, 0.044, 0.035, 0.001, 0.003, 0.018, 0.042, 0.015]",3000,-0.01167534664273262,-0.17033889572898983,
15,R5,3240,0.027968709965524915,-0.05832882570179271,-0.05831571536551487,-0.05455736781455962,-0.027555285511120603,-0.021850721059994402,0.04216012285845452,0.4987570345401764,0.16540493071079254,0.12372833490371704,0.6641619801521301,0.9025269150733948,0.966614305973053,0,5,8,"[0.4988, 0.1654, 0.1237, 0.079, 0.0357, 0.0212, 0.0167, 0.0123, 0.0079, 0.006]","[0.028, 0.058, 0.058, 0.094, 0.091, 0.027, 0.019, 0.027, 0.028, 0.029]",3000,-0.014634334482252598,-0.04155399640111817,
15,R6,3240,0.010336294766732017,-0.06959923421027768,0.04095780149885365,-0.011955082401417667,-0.05628415314410708,-0.053207591542380354,-0.04295957070464554,0.6392164826393127,0.09811469912528992,0.062428638339042664,0.7373311519622803,0.8747031688690186,0.9391128420829773,0,7,13,"[0.6392, 0.0981, 0.0624, 0.0424, 0.0325, 0.0205, 0.0166, 0.0113, 0.0097, 0.0063]","[0.01, 0.07, 0.041, 0.036, 0.013, 0.169, 0.025, 0.015, 0.076, 0.041]",3000,-0.009891058318316936,0.102397028831589,
15,R7,3240,0.025613331933222815,-0.028499085666807627,-0.04184473750510768,-0.022628286101235403,-0.04740126179545794,-0.06741528706377287,-0.045299946430234765,0.5343906879425049,0.10154275596141815,0.04948912560939789,0.6359334588050842,0.7745590806007385,0.8747187852859497,0,13,21,"[0.5344, 0.1015, 0.0495, 0.0464, 0.0427, 0.0322, 0.0222, 0.0178, 0.0164, 0.0117]","[0.026, 0.028, 0.042, 0.094, 0.049, 0.007, 0.104, 0.024, 0.09, 0.005]",3000,-0.01132063940167427,0.10229295388283954,
15,M0,3000,0.17380508998119348,-0.30162137562836466,-0.2610217109112969,-0.12674448417520873,0.025216327322540602,-0.10953484004782241,-0.17101664548540893,0.36909371614456177,0.19871719181537628,0.14693830907344818,0.5678108930587769,0.8715499639511108,0.9623066782951355,1,7,9,"[0.3691, 0.1987, 0.1469, 0.0926, 0.0642, 0.0276, 0.0259, 0.0205, 0.0085, 0.0082]","[0.174, 0.302, 0.261, 0.292, 0.053, 0.097, 0.194, 0.021, 0.137, 0.139]",3000,0.08959222584962845,-0.09027134571053785,
15,E0,3240,0.017912236648576448,0.028204051777888064,0.15982245174517748,-0.03002751606115919,-0.05663710123986135,-0.035128450864617404,0.034406999743064465,0.1696549654006958,0.08069013059139252,0.0720723420381546,0.2503451108932495,0.38629239797592163,0.48189619183540344,1,175,306,"[0.1697, 0.0807, 0.0721, 0.0409, 0.023, 0.021, 0.0205, 0.0201, 0.0173, 0.0167]","[0.018, 0.028, 0.16, 0.092, 0.191, 0.057, 0.023, 0.089, 0.303, 0.255]",3000,0.039198726415634155,0.04142013103221732,
15,MEAN,3000,0.17295802199079657,-0.6210762976764828,-0.42575951830727987,0.007780925844634413,-0.014064053871513379,0.005054070567379631,-0.0511420917388157,0.365901380777359,0.11766994744539261,0.0741138905286789,0.483571320772171,0.6338186264038086,0.7158845663070679,2,68,156,"[0.3659, 0.1177, 0.0741, 0.0451, 0.031, 0.0217, 0.0179, 0.0166, 0.0133, 0.0125]","[0.173, 0.621, 0.426, 0.05, 0.197, 0.151, 0.193, 0.064, 0.194, 0.057]",3000,0.11254732310771942,-0.24293047876048215,
16,T0,3240,-0.00020610643662959078,0.05466436786798931,0.10150149291357306,-0.03717949818215443,-0.0038791982769261794,-0.036125858619065726,0.11619008615180676,0.6348163485527039,0.25241631269454956,0.03383953124284744,0.8872326612472534,0.944703221321106,0.9697761535644531,1,3,6,"[0.6348, 0.2524, 0.0338, 0.0122, 0.0114, 0.008, 0.0066, 0.0043, 0.0037, 0.0025]","[0.0, 0.055, 0.102, 0.077, 0.085, 0.184, 0.207, 0.036, 0.198, 0.39]",3000,-0.0038627865724265575,0.07105067961434965,
16,T1,3240,0.121670684667847,0.006018146235153097,0.1316057183505939,-0.05446142950310984,-0.09241276867205507,0.01378604331493145,-0.025933130072893416,0.5777949094772339,0.27307477593421936,0.04115418344736099,0.8508696556091309,0.9281560182571411,0.9616532921791077,4,4,8,"[0.5778, 0.2731, 0.0412, 0.0218, 0.0143, 0.009, 0.0076, 0.0061, 0.0056, 0.0053]","[0.122, 0.006, 0.132, 0.025, 0.328, 0.387, 0.604, 0.257, 0.272, 0.54]",3000,0.00434277905151248,-0.080520719778526,
16,T2,3240,-0.16091276488356834,-0.03648922917478451,0.17958143763996678,0.029983589108858802,0.049823996309754266,-0.043109302627894724,-0.028626294585865325,0.43529900908470154,0.1385902762413025,0.05698287859559059,0.5738892555236816,0.7188663482666016,0.8266343474388123,1,22,52,"[0.4353, 0.1386, 0.057, 0.0478, 0.0402, 0.0296, 0.0264, 0.0213, 0.0168, 0.0137]","[0.161, 0.036, 0.18, 0.751, 0.033, 0.076, 0.254, 0.143, 0.14, 0.154]",3000,0.02501910924911499,0.15504213736136116,
16,T3,3240,-0.08814426646533878,0.014940106970391765,0.06228427454060166,0.04825190588707748,0.060266026931993295,-0.0648336694952762,0.061473335191718576,0.5386364459991455,0.3113895654678345,0.06690771132707596,0.85002601146698,0.9473769664764404,0.9723134636878967,1,3,6,"[0.5386, 0.3114, 0.0669, 0.0187, 0.0117, 0.0081, 0.0058, 0.0052, 0.0036, 0.0023]","[0.088, 0.015, 0.062, 0.129, 0.199, 0.106, 0.105, 0.168, 0.02, 0.302]",3000,-0.0020193227101117373,0.15004714956205173,
16,T4,3240,0.08619953903852398,0.060646281091771816,0.03208737976880406,-0.02065541131226292,-0.009825919360947162,0.01994886927174348,-0.0363174125564083,0.4995838701725006,0.25386354327201843,0.13103076815605164,0.753447413444519,0.9181004166603088,0.955184280872345,3,4,9,"[0.4996, 0.2539, 0.131, 0.0174, 0.0162, 0.013, 0.009, 0.0069, 0.0047, 0.0035]","[0.086, 0.061, 0.032, 0.185, 0.001, 0.006, 0.164, 0.31, 0.334, 0.589]",3000,0.0010859090834856033,-0.16061366124010445,
16,T5,3240,0.03440129658605452,0.09613080067289768,0.0530549252026026,-0.027809292567523694,-0.07102299669531216,0.010073124189662988,-0.015768449111741734,0.4985511898994446,0.2431841343641281,0.08630038797855377,0.7417353391647339,0.8713504672050476,0.9223496317863464,0,8,17,"[0.4986, 0.2432, 0.0863, 0.0246, 0.0187, 0.0153, 0.0119, 0.0098, 0.0074, 0.0066]","[0.034, 0.096, 0.053, 0.075, 0.268, 0.251, 0.011, 0.058, 0.284, 0.178]",3000,0.001771928509697318,-0.08412459959050039,
16,T6,3240,0.05764677710558918,0.030839090459476658,0.05852209605518037,0.049480429251798394,0.03510927243151576,0.027106872006418026,-0.036803881615210914,0.5954675078392029,0.22800101339817047,0.05882029980421066,0.8234685063362122,0.9298558831214905,0.9634525775909424,0,4,8,"[0.5955, 0.228, 0.0588, 0.0334, 0.0142, 0.0124, 0.0073, 0.006, 0.0045, 0.0034]","[0.058, 0.031, 0.059, 0.03, 0.181, 0.142, 0.214, 0.16, 0.016, 0.205]",3000,-0.0017284256173297763,-0.14051057094601435,
16,T7,3240,-0.0628240433388352,0.03260845261371006,0.029239070972500864,0.052373561859043,0.048599150601844346,-0.012048172260802327,0.02875316975997085,0.46060910820961,0.2413082718849182,0.13101854920387268,0.7019174098968506,0.8808378577232361,0.9316669702529907,0,7,15,"[0.4606, 0.2413, 0.131, 0.026, 0.0219, 0.0145, 0.0119, 0.0105, 0.008, 0.006]","[0.063, 0.033, 0.029, 0.077, 0.096, 0.047, 0.055, 0.069, 0.071, 0.046]",3000,-0.0022753325756639242,0.1429541821880054,
16,T8,3240,0.05713193032744111,0.04213103636280819,0.025394782180155017,0.0030415626437395823,-0.03593270793097427,0.018261333025276664,-0.06733593751511552,0.6199188828468323,0.18327020108699799,0.08143528550863266,0.8031890988349915,0.9268584847450256,0.9610518217086792,0,4,8,"[0.6199, 0.1833, 0.0814, 0.0264, 0.0158, 0.0109, 0.0084, 0.0063, 0.0051, 0.0035]","[0.057, 0.042, 0.025, 0.041, 0.176, 0.102, 0.178, 0.046, 0.126, 0.158]",3000,-0.0009401619317941368,-0.1579232673314194,
16,R0,3240,0.10603664493871175,0.14460852353931,-0.08220289619889386,-0.011109513621415695,-0.010951690903028383,0.07130499035116661,0.0361782030269603,0.7573117017745972,0.08325563371181488,0.052892886102199554,0.8405673503875732,0.9568184614181519,0.97996586561203,1,4,5,"[0.7573, 0.0833, 0.0529, 0.0508, 0.0126, 0.0083, 0.0059, 0.004, 0.0029, 0.0021]","[0.106, 0.145, 0.082, 0.066, 0.113, 0.002, 0.104, 0.062, 0.157, 0.595]",3000,-0.0014603163581341505,0.008662660536480632,
16,R1,3240,-0.052522806804175155,0.040755808627752514,0.05866250222724673,0.005833815548611978,-0.013430886331068478,-0.020686041673407575,-0.005573084623425326,0.8266565203666687,0.06070489063858986,0.03882121667265892,0.8873614072799683,0.9734595417976379,0.9887397289276123,0,3,4,"[0.8267, 0.0607, 0.0388, 0.0295, 0.0177, 0.0064, 0.0036, 0.0021, 0.0017, 0.0015]","[0.053, 0.041, 0.059, 0.017, 0.032, 0.088, 0.049, 0.262, 0.21, 0.208]",3000,-0.0020836687181144953,0.08600168262090055,
16,R2,3240,0.05822947392079003,-0.07255392422937249,0.06022642672330776,-0.02700268680003374,-0.06013720706240645,0.10103812109360456,-0.062417286286581844,0.7691016793251038,0.0601905882358551,0.05955750495195389,0.8292922973632812,0.9503821730613708,0.9778981804847717,1,4,5,"[0.7691, 0.0602, 0.0596, 0.0449, 0.0166, 0.0126, 0.0055, 0.004, 0.0031, 0.0023]","[0.058, 0.073, 0.06, 0.035, 0.063, 0.068, 0.119, 0.532, 0.017, 0.154]",3000,-0.002029596595093608,-0.1504161175194138,
16,R3,3240,0.005490511139570646,0.03238989048366778,-0.04370382846478642,-0.028890330660474965,-0.06659967224698846,-0.07227737584813904,-0.03888720285844136,0.3757741153240204,0.22121664881706238,0.2003759890794754,0.5969907641410828,0.9236539006233215,0.9729049205780029,0,5,7,"[0.3758, 0.2212, 0.2004, 0.1004, 0.0259, 0.0164, 0.0125, 0.0086, 0.0078, 0.004]","[0.005, 0.032, 0.044, 0.022, 0.055, 0.067, 0.031, 0.075, 0.011, 0.162]",3000,-0.01056714542210102,0.2638150412953646,
16,R4,3240,0.01767903031447293,-0.0014594894783098605,-0.019817203225297456,0.032961326019492566,0.07980133611415212,0.0375545269179677,0.11835356802970155,0.4231286942958832,0.20665377378463745,0.1077127531170845,0.6297824382781982,0.901609480381012,0.9702328443527222,0,5,8,"[0.4231, 0.2067, 0.1077, 0.0979, 0.0663, 0.0233, 0.0175, 0.0142, 0.0087, 0.005]","[0.018, 0.001, 0.02, 0.044, 0.038, 0.002, 0.021, 0.021, 0.057, 0.059]",3000,-0.01184858288615942,-0.19218351713659965,
16,R5,3240,0.011058656320828194,-0.04515326137754643,-0.044184880307260525,-0.04439190343452789,-0.028617935101941,-0.028706028640515427,0.012908954075371107,0.5257805585861206,0.15047584474086761,0.12137754261493683,0.6762564182281494,0.8992202877998352,0.9646866917610168,0,6,8,"[0.5258, 0.1505, 0.1214, 0.0693, 0.0323, 0.0245, 0.016, 0.0112, 0.0081, 0.0057]","[0.011, 0.045, 0.044, 0.045, 0.032, 0.022, 0.078, 0.037, 0.051, 0.002]",3000,-0.013413934968411922,-0.048163901556913476,
16,R6,3240,0.011006777632650558,-0.05595385648030563,0.034863165956368014,-0.00849543326309995,-0.04207802559243083,-0.06428771022440338,-0.04121408302957358,0.6501652002334595,0.09202608466148376,0.05993637442588806,0.7421913146972656,0.8731891512870789,0.9380006194114685,0,7,13,"[0.6502, 0.092, 0.0599, 0.0382, 0.0328, 0.0225, 0.015, 0.0108, 0.0095, 0.0069]","[0.011, 0.056, 0.035, 0.029, 0.001, 0.169, 0.064, 0.033, 0.081, 0.018]",3000,-0.01066690031439066,0.11130799927432479,
16,R7,3240,0.037034327029459746,-0.023688402696511096,-0.057572718753190394,-0.014831861662172076,-0.031340564985146716,-0.054723561876109925,-0.051691331885887704,0.5366360545158386,0.0979025661945343,0.04842342063784599,0.6345386505126953,0.7704285383224487,0.8671039342880249,0,14,23,"[0.5366, 0.0979, 0.0484, 0.0466, 0.0409, 0.0305, 0.021, 0.016, 0.0157, 0.0135]","[0.037, 0.024, 0.058, 0.011, 0.078, 0.028, 0.12, 0.002, 0.199, 0.072]",3000,-0.01107964850962162,0.08476373439231659,
16,M0,3000,0.20339130641054243,-0.30407431196615925,-0.3265822356785078,-0.12102161891924701,0.03204672609212329,-0.0963056683913282,-0.1673009665078601,0.3743914067745209,0.1986679583787918,0.14251509308815002,0.5730593800544739,0.8687500357627869,0.9582748413085938,2,7,10,"[0.3744, 0.1987, 0.1425, 0.0909, 0.0623, 0.0272, 0.0249, 0.0197, 0.0089, 0.0088]","[0.203, 0.304, 0.327, 0.296, 0.054, 0.08, 0.141, 0.058, 0.129, 0.011]",3000,0.08495868742465973,-0.10469707946624401,
16,E0,3240,0.043209464407025805,0.13031118137523087,-0.10764744581513304,-0.02685057814331243,-0.045980891930133425,-0.028928531235573308,0.038376002130371685,0.1796630322933197,0.09508533030748367,0.07432839274406433,0.2747483551502228,0.40717118978500366,0.5020818710327148,1,168,291,"[0.1797, 0.0951, 0.0743, 0.0341, 0.024, 0.0214, 0.0209, 0.0188, 0.0176, 0.0162]","[0.043, 0.13, 0.108, 0.106, 0.097, 0.239, 0.226, 0.074, 0.226, 0.377]",3000,0.040294233709573746,-0.030997769431927294,
16,MEAN,3000,-0.17423757977794574,-0.6248509407743578,-0.43067047237152956,-0.011362577041063814,0.01287097524828822,-0.0008218510565213507,0.04404588028870125,0.3470277786254883,0.12193430215120316,0.07623853534460068,0.46896207332611084,0.6226766109466553,0.7071354985237122,2,72,164,"[0.347, 0.1219, 0.0762, 0.046, 0.0315, 0.023, 0.0185, 0.0167, 0.0135, 0.0127]","[0.174, 0.625, 0.431, 0.046, 0.178, 0.176, 0.228, 0.053, 0.191, 0.041]",3000,0.11562059819698334,0.24524018462117556,
17,T0,3240,0.048064866049176674,0.0939428721548966,0.08136737354249779,-0.023441859236151167,-0.015842123616190938,-0.007165019411723607,0.05145973007921272,0.6956453919410706,0.21353963017463684,0.024575643241405487,0.9091850519180298,0.9532034397125244,0.9744610786437988,1,2,5,"[0.6956, 0.2135, 0.0246, 0.0101, 0.0093, 0.0069, 0.0053, 0.0035, 0.0033, 0.0023]","[0.048, 0.094, 0.081, 0.105, 0.194, 0.284, 0.03, 0.094, 0.09, 0.696]",3000,-0.003438043873757124,0.002840731283750538,
17,T1,3240,0.048790806803897184,0.028499174135607933,0.14034121515439021,0.019751610734083644,0.010022126814274335,-0.006250455496020608,7.60044373465553e-05,0.6111451983451843,0.2520297169685364,0.03343481570482254,0.8631749153137207,0.9295032024383545,0.9632557034492493,3,4,8,"[0.6111, 0.252, 0.0334, 0.0184, 0.0145, 0.009, 0.0082, 0.0061, 0.0056, 0.0049]","[0.049, 0.028, 0.14, 0.14, 0.338, 0.436, 0.229, 0.676, 0.076, 0.264]",3000,0.005011002067476511,-0.08835101951595724,
17,T2,3240,-0.17815155521689457,-0.1473389809016857,-0.07102408835864041,0.021696285175050525,0.03613933898176227,-0.05433641043868999,-0.048821909188961427,0.38789495825767517,0.14718616008758545,0.05880133435130119,0.535081148147583,0.681100606918335,0.796585202217102,1,28,65,"[0.3879, 0.1472, 0.0588, 0.0488, 0.0385, 0.0295, 0.0264, 0.0243, 0.0197, 0.0156]","[0.178, 0.147, 0.071, 0.726, 0.162, 0.035, 0.204, 0.135, 0.181, 0.102]",3000,0.02723505347967148,0.17316089096883386,
17,T3,3240,-0.17732747455773118,0.05911254042997117,-0.07208014766025003,-0.019173204992123077,0.02169519671329431,-0.09647877380735301,0.04871515744482157,0.5608389377593994,0.3076953887939453,0.05768395960330963,0.8685343265533447,0.9531978368759155,0.9758484363555908,0,3,5,"[0.5608, 0.3077, 0.0577, 0.0163, 0.0107, 0.0069, 0.0055, 0.0049, 0.0033, 0.0021]","[0.177, 0.059, 0.072, 0.172, 0.229, 0.138, 0.022, 0.145, 0.073, 0.064]",3000,-0.0019475913140922785,0.11862379218740238,
17,T4,3240,0.11012463187681629,0.002344420907136649,0.15566383061584585,-0.030428638984003494,-0.014555252132515777,0.003466439503686128,-0.013920065223561297,0.5364047288894653,0.24535046517848969,0.10010076314210892,0.7817552089691162,0.9150227308273315,0.9527759552001953,1,4,10,"[0.5364, 0.2454, 0.1001, 0.0186, 0.0145, 0.0118, 0.008, 0.0078, 0.0051, 0.005]","[0.11, 0.002, 0.156, 0.277, 0.085, 0.008, 0.275, 0.185, 0.804, 0.051]",3000,0.0020738220773637295,-0.13842177064237973,
17,T5,3240,0.07416234425187922,0.10269129174330897,0.06571435824766936,-0.04512241116267107,-0.12138237860428423,0.030781263186369746,-0.045719808889398764,0.756163477897644,0.12196309119462967,0.04052506387233734,0.8781265616416931,0.9387296438217163,0.9629505276679993,2,3,7,"[0.7562, 0.122, 0.0405, 0.011, 0.0091, 0.0072, 0.0059, 0.0047, 0.0034, 0.0031]","[0.074, 0.103, 0.066, 0.075, 0.216, 0.303, 0.012, 0.029, 0.33, 0.226]",3000,0.0026309629902243614,-0.10118536529691374,
17,T6,3240,0.13148537932271762,-0.001892383412590504,0.11723004388146752,0.0516018769282624,-0.003778621643831379,0.022262766968076112,-0.004278677022878546,0.6392019987106323,0.20543673634529114,0.048922110348939896,0.8446387052536011,0.9351927638053894,0.9660567045211792,0,4,7,"[0.6392, 0.2054, 0.0489, 0.0267, 0.0149, 0.0112, 0.0066, 0.006, 0.004, 0.0031]","[0.131, 0.002, 0.117, 0.043, 0.165, 0.136, 0.168, 0.128, 0.072, 0.198]",3000,-0.0018025783356279135,-0.1469252951482546,
17,T7,3240,-0.10096573154428505,0.02077770571962268,0.03640655093588205,0.04908373163457177,0.05736275568362849,-0.016643103194177302,0.04033274462990751,0.49564239382743835,0.2293761670589447,0.11813993006944656,0.7250185608863831,0.8877153396606445,0.9361882209777832,0,6,14,"[0.4956, 0.2294, 0.1181, 0.0249, 0.0196, 0.0141, 0.0119, 0.0098, 0.0072, 0.0056]","[0.101, 0.021, 0.036, 0.083, 0.093, 0.016, 0.0, 0.093, 0.081, 0.036]",3000,-0.002090101595968008,0.1739690057661707,
17,T8,3240,0.07446615007261295,-0.0059300203933915436,0.05018447215406397,0.03411219613341881,-0.017950170461681014,0.023204010886610022,-0.07826326638943011,0.6522246599197388,0.16848278045654297,0.06971796602010727,0.8207074403762817,0.9304412007331848,0.9632041454315186,0,4,8,"[0.6522, 0.1685, 0.0697, 0.0247, 0.0153, 0.0104, 0.0085, 0.0058, 0.0045, 0.0036]","[0.074, 0.006, 0.05, 0.027, 0.224, 0.105, 0.163, 0.009, 0.11, 0.182]",3000,-0.0008784652454778552,-0.1308905153816811,
17,R0,3240,0.09492681939007604,0.1305460603554205,-0.0808662581090794,-0.003249042636927932,0.0011683429018591548,0.06497310380329356,0.029769371246321317,0.7694275975227356,0.07682184129953384,0.05087070167064667,0.8462494611740112,0.9562355279922485,0.9794354438781738,1,4,5,"[0.7694, 0.0768, 0.0509, 0.0469, 0.0122, 0.0075, 0.0054, 0.0049, 0.0033, 0.0022]","[0.095, 0.131, 0.081, 0.043, 0.135, 0.046, 0.071, 0.127, 0.017, 0.842]",3000,0.00022416301362682134,0.02575397535185725,
17,R1,3240,-0.007503707766249696,0.029575769407623426,0.02772013383600406,-0.0022878219229025515,0.02118375996683054,0.013519304845567485,-0.03644169720221304,0.8273904323577881,0.057042695581912994,0.038225218653678894,0.8844331502914429,0.969800591468811,0.9859575033187866,2,3,4,"[0.8274, 0.057, 0.0382, 0.0298, 0.0173, 0.0067, 0.0038, 0.0022, 0.0019, 0.0015]","[0.008, 0.03, 0.028, 0.01, 0.054, 0.153, 0.027, 0.397, 0.023, 0.361]",3000,0.0006285355775617063,-0.056987711051398854,
17,R2,3240,0.010581270415872326,0.07714582575972084,0.06634468742243943,0.001679112002774033,-0.023163828324378966,0.08835794212554336,-0.07931523417307301,0.7807148694992065,0.06001953035593033,0.05463410168886185,0.8407344222068787,0.9497902393341064,0.9764087796211243,1,4,6,"[0.7807, 0.06, 0.0546, 0.0394, 0.015, 0.0121, 0.0055, 0.0034, 0.003, 0.0025]","[0.011, 0.077, 0.066, 0.032, 0.077, 0.091, 0.098, 0.672, 0.099, 0.145]",3000,-0.001353116356767714,-0.13011809644411448,
17,R3,3240,-0.012166052906964644,-0.028204207598513196,-0.09678235756575454,-0.0022651051574501626,-0.061031038067443304,-0.049702166912002764,-0.051095096670648044,0.3678177297115326,0.2077464461326599,0.19112712144851685,0.5755641460418701,0.8890885710716248,0.9573673009872437,1,6,9,"[0.3678, 0.2077, 0.1911, 0.0933, 0.0291, 0.0237, 0.0159, 0.0134, 0.0082, 0.0071]","[0.012, 0.028, 0.097, 0.096, 0.256, 0.314, 0.012, 0.07, 0.006, 0.045]",3000,0.10707232356071472,0.22898011167558213,
17,R4,3240,-0.025135551489852054,-0.005863707948234037,0.12346230249193285,0.0038595804141074463,0.08035238768848103,0.024223729815691868,0.11980963529060698,0.4383661150932312,0.19879549741744995,0.10417872667312622,0.6371616125106812,0.8979167342185974,0.9639750719070435,1,6,9,"[0.4384, 0.1988, 0.1042, 0.0993, 0.0573, 0.0213, 0.0164, 0.0135, 0.0084, 0.0063]","[0.025, 0.006, 0.123, 0.027, 0.063, 0.011, 0.035, 0.063, 0.073, 0.368]",3000,0.010698270983994007,-0.11809502166981135,
17,R5,3240,-0.00958778863017371,-0.03399770361704187,-0.07451012009312658,-0.05051643316308859,-0.016239078083215425,-0.03867764774558802,0.018943827064236606,0.5329470634460449,0.1526525765657425,0.11550372838973999,0.6855996251106262,0.897607147693634,0.9658445715904236,0,6,8,"[0.5329, 0.1527, 0.1155, 0.0642, 0.0323, 0.0286, 0.0157, 0.0107, 0.008, 0.0052]","[0.01, 0.034, 0.075, 0.036, 0.042, 0.026, 0.09, 0.076, 0.024, 0.001]",3000,-0.013436000794172287,-0.040515462937972375,
17,R6,3240,0.012056509983080369,-0.05561519770570329,0.032049812726053846,-0.01246857151403749,-0.045254470613817745,-0.06371044058657933,-0.055580394256446224,0.6539748907089233,0.09030584245920181,0.06071842834353447,0.7442807555198669,0.8748251795768738,0.9385339617729187,0,7,13,"[0.654, 0.0903, 0.0607, 0.0364, 0.0334, 0.0237, 0.0136, 0.0103, 0.0094, 0.0067]","[0.012, 0.056, 0.032, 0.046, 0.003, 0.062, 0.105, 0.006, 0.067, 0.088]",3000,-0.010949213989078999,0.10720348891710407,
17,R7,3240,0.06756131729393183,0.0011879941597121846,-0.04958908264567545,-0.025026867261923696,-0.03070959049151591,-0.04524123585869505,-0.06493070024890826,0.5327938795089722,0.09715081751346588,0.051957838237285614,0.6299446821212769,0.7703814506530762,0.8656288385391235,0,14,24,"[0.5328, 0.0972, 0.052, 0.049, 0.0394, 0.0296, 0.0198, 0.0161, 0.0155, 0.0143]","[0.068, 0.001, 0.05, 0.038, 0.068, 0.034, 0.121, 0.273, 0.124, 0.071]",3000,-0.011997255496680737,0.09600824947136066,
17,M0,3000,0.21391999464013403,-0.305055996527236,-0.3402571700004006,-0.12925864556009167,0.026185894041583644,-0.09287277350329715,-0.1672370489192855,0.37916815280914307,0.19774621725082397,0.13751551508903503,0.576914370059967,0.8649407029151917,0.9554729461669922,3,7,10,"[0.3792, 0.1977, 0.1375, 0.0905, 0.06, 0.027, 0.0257, 0.0195, 0.0096, 0.0087]","[0.214, 0.305, 0.34, 0.307, 0.054, 0.083, 0.178, 0.005, 0.094, 0.07]",3000,0.08155954629182816,-0.11578202723406507,
17,E0,3240,-0.0506041829977811,-0.1689126032572919,-0.11507909979504387,0.024652383072037137,0.04317988999074583,0.016862135348875606,-0.023547406295671633,0.1969546377658844,0.09412284940481186,0.07824833691120148,0.29107749462127686,0.4253827929496765,0.5174333453178406,0,160,276,"[0.197, 0.0941, 0.0782, 0.0318, 0.0243, 0.0211, 0.021, 0.0179, 0.0165, 0.0156]","[0.051, 0.169, 0.115, 0.13, 0.094, 0.261, 0.175, 0.265, 0.143, 0.255]",3000,0.04421878978610039,0.04490394260895507,
17,MEAN,3000,0.1655555908833189,-0.5931058682697037,-0.46846807852995753,0.01081630894569606,-0.012183792236331575,0.004444912664609136,-0.04515466919982788,0.3224875330924988,0.12874279916286469,0.07884299010038376,0.45123034715652466,0.6107438206672668,0.6975527405738831,2,75,174,"[0.3225, 0.1287, 0.0788, 0.0468, 0.0339, 0.0236, 0.0192, 0.0169, 0.014, 0.013]","[0.166, 0.593, 0.468, 0.051, 0.17, 0.201, 0.211, 0.043, 0.142, 0.031]",3000,0.1205153539776802,-0.2466824432835675,
18,T0,3240,-0.011332938245674226,0.0912802612195122,0.0005241319307080722,-0.03460851700404709,-0.029640466867058367,-0.01457527008727963,0.041126414508543686,0.6813046932220459,0.21041588485240936,0.03327598795294762,0.8917205929756165,0.946482241153717,0.9708314538002014,2,3,6,"[0.6813, 0.2104, 0.0333, 0.011, 0.0104, 0.0079, 0.0058, 0.0039, 0.0036, 0.0031]","[0.011, 0.091, 0.001, 0.132, 0.287, 0.222, 0.231, 0.142, 0.335, 0.753]",3000,0.0005138531560078263,0.04293209681828848,
18,T1,3240,0.035170439554313704,0.007354534834727664,0.07477802736750142,0.005163286289253976,0.02257964558124573,0.004926289407667068,0.0005815740699625586,0.6047807335853577,0.24759525060653687,0.03883897513151169,0.8523759841918945,0.9245559573173523,0.9601191282272339,4,4,9,"[0.6048, 0.2476, 0.0388, 0.0184, 0.0149, 0.0104, 0.0084, 0.0063, 0.0055, 0.005]","[0.035, 0.007, 0.075, 0.121, 0.247, 0.541, 0.315, 0.573, 0.365, 0.165]",3000,0.005134969484061003,0.04247444785675442,
18,T2,3240,-0.16179916481035328,0.278331562186635,-0.08696767176273688,0.005851087685653059,0.008533579772531703,-0.047299392390346785,-0.07339581229760353,0.37666594982147217,0.13529114425182343,0.05830860882997513,0.5119571089744568,0.6577776670455933,0.7761367559432983,1,34,77,"[0.3767, 0.1353, 0.0583, 0.0518, 0.0358, 0.0303, 0.0263, 0.0247, 0.0217, 0.0154]","[0.162, 0.278, 0.087, 0.753, 0.215, 0.066, 0.168, 0.005, 0.052, 0.078]",3000,0.031804345548152924,0.21254635150638623,
18,T3,3240,0.25820891654899397,0.08014726524961434,0.03135738909167684,-0.029075983468042913,-0.09220133044519999,0.11561119046343649,-0.06619672835689254,0.5589129328727722,0.2665564715862274,0.0857924148440361,0.8254693746566772,0.94118332862854,0.9679201245307922,2,3,7,"[0.5589, 0.2666, 0.0858, 0.0169, 0.0131, 0.0074, 0.0061, 0.0058, 0.0041, 0.0034]","[0.258, 0.08, 0.031, 0.195, 0.174, 0.094, 0.25, 0.047, 0.316, 0.695]",3000,0.0018441376741975546,-0.2711584591976452,
18,T4,3240,0.11829114913362453,-0.047584550178615764,0.0836279838712282,-0.03852754020066259,-0.03289551934914253,-0.002851299116638394,-0.002622328243551623,0.540617048740387,0.22077131271362305,0.10177391022443771,0.76138836145401,0.9040554761886597,0.9446212649345398,3,5,12,"[0.5406, 0.2208, 0.1018, 0.0239, 0.017, 0.0128, 0.0081, 0.0076, 0.0068, 0.0052]","[0.118, 0.048, 0.084, 0.058, 0.362, 0.037, 0.144, 0.044, 0.712, 0.331]",3000,0.0033237847965210676,-0.14143144570833252,
18,T5,3240,0.045698824549736346,0.07672472751041125,0.053838539062362,-0.03747332912693197,-0.10419094829955763,0.01919137749894101,-0.03845398318101397,0.7093756794929504,0.15936732292175293,0.04259056597948074,0.8687430024147034,0.9319983720779419,0.9592071771621704,2,3,8,"[0.7094, 0.1594, 0.0426, 0.0111, 0.0095, 0.008, 0.0067, 0.0053, 0.0037, 0.0036]","[0.046, 0.077, 0.054, 0.089, 0.159, 0.334, 0.014, 0.11, 0.223, 0.381]",3000,0.002257352927699685,-0.0965298159663302,
18,T6,3240,0.1315863359495704,0.022108782956874053,0.07315709854747604,0.04093304969948301,-0.001254830098882981,0.016940627718341015,0.02443126612730405,0.64344722032547,0.2052908092737198,0.05065053701400757,0.8487380146980286,0.9370959401130676,0.9666569232940674,1,4,7,"[0.6434, 0.2053, 0.0507, 0.0236, 0.0141, 0.0105, 0.0064, 0.0058, 0.004, 0.0029]","[0.132, 0.022, 0.073, 0.073, 0.153, 0.153, 0.165, 0.11, 0.017, 0.314]",3000,-0.001945077907294035,-0.11543502436165169,
18,T7,3240,-0.13265198296566,0.014477358278523138,-0.03134870196024316,0.03418108341837116,0.030327928051671484,-0.006647292126717394,0.025895748468584657,0.5334734320640564,0.22221843898296356,0.09858061373233795,0.7556918859481812,0.8967775702476501,0.9415712356567383,0,6,13,"[0.5335, 0.2222, 0.0986, 0.0245, 0.018, 0.0134, 0.0112, 0.0088, 0.0063, 0.0051]","[0.133, 0.014, 0.031, 0.074, 0.104, 0.001, 0.041, 0.089, 0.085, 0.056]",3000,-0.0014828562270849943,0.20482964717813903,
18,T8,3240,0.08144529596499879,0.006841671419496791,0.04895918874482301,0.03141450172170315,-0.01722820144946989,0.009682836241418006,-0.043657837130481554,0.6698601245880127,0.1625990867614746,0.06432806700468063,0.8324592113494873,0.9339675903320312,0.9648967981338501,0,4,7,"[0.6699, 0.1626, 0.0643, 0.022, 0.0152, 0.0099, 0.0077, 0.0056, 0.0044, 0.0034]","[0.081, 0.007, 0.049, 0.069, 0.194, 0.113, 0.141, 0.008, 0.017, 0.182]",3000,-0.00038409189437516034,-0.1162956013692046,
18,R0,3240,0.13330421045128277,0.12898762237765282,-0.066867094303771,0.006289978677869811,0.010305127759343299,0.053208733963033814,0.03614628797734017,0.761847734451294,0.0869620069861412,0.05250467732548714,0.8488097190856934,0.9551859498023987,0.9784635305404663,1,3,5,"[0.7618, 0.087, 0.0525, 0.0404, 0.0135, 0.0071, 0.0053, 0.0047, 0.0034, 0.0028]","[0.133, 0.129, 0.067, 0.113, 0.148, 0.028, 0.057, 0.234, 0.28, 0.834]",3000,0.0013071066932752728,-0.0009488361311502386,
18,R1,3240,-0.010146589524352519,-0.006959951022338784,0.026407352689965663,0.006907188316179115,0.013157145087236217,0.001497706661229811,-0.07380736904102297,0.8246588706970215,0.04990946874022484,0.04312131553888321,0.8745683431625366,0.9652912020683289,0.9837151169776917,3,3,5,"[0.8247, 0.0499, 0.0431, 0.0273, 0.0203, 0.0076, 0.0042, 0.0026, 0.0021, 0.0019]","[0.01, 0.007, 0.026, 0.08, 0.027, 0.211, 0.091, 0.659, 0.42, 0.373]",3000,0.005023196339607239,-0.06618201790273494,
18,R2,3240,0.0053636770903454575,0.03242037686049422,0.08369389468245214,0.018568293643475533,0.0009796831292750393,0.06936281425804958,-0.08032828932102914,0.8033633232116699,0.05417858064174652,0.050162121653556824,0.8575419187545776,0.9521391987800598,0.9773238301277161,1,3,5,"[0.8034, 0.0542, 0.0502, 0.0311, 0.0133, 0.0116, 0.0058, 0.003, 0.0025, 0.0023]","[0.005, 0.032, 0.084, 0.057, 0.067, 0.066, 0.099, 0.56, 0.222, 0.266]",3000,-0.0006457348354160786,-0.12655593125655806,
18,R3,3240,-0.07736544051907158,-0.04942711963619182,-0.02845405229609045,0.0014381850910840082,-0.05688792241867788,-0.10234858760887768,-0.04575671475336672,0.381621390581131,0.19949452579021454,0.17150454223155975,0.5811159014701843,0.873737633228302,0.9470435976982117,1,6,11,"[0.3816, 0.1995, 0.1715, 0.0906, 0.0305, 0.0269, 0.0163, 0.0147, 0.0088, 0.0066]","[0.077, 0.049, 0.028, 0.149, 0.382, 0.203, 0.02, 0.107, 0.065, 0.12]",3000,0.13329307734966278,0.36686789317214663,
18,R4,3240,-0.0051716363963931035,-0.012768473499706083,0.0514440511896856,0.0025992009937799974,0.062038422909730606,0.0287207677724802,0.14277906160645862,0.42725998163223267,0.20221565663814545,0.10908500850200653,0.6294756531715393,0.8906748294830322,0.9585203528404236,1,6,10,"[0.4273, 0.2022, 0.1091, 0.0951, 0.057, 0.0192, 0.0165, 0.0137, 0.0097, 0.0088]","[0.005, 0.013, 0.051, 0.014, 0.035, 0.015, 0.045, 0.001, 0.409, 0.16]",3000,0.05326182022690773,-0.19088630115744337,
18,R5,3240,-0.0015919533626065471,0.0005731426299449791,-0.10762922274318029,-0.057769674664514686,-0.02930693417706213,-0.0327233538419552,0.01650029347607849,0.55611652135849,0.1436019390821457,0.10720272362232208,0.6997184753417969,0.895416796207428,0.9633195996284485,0,6,9,"[0.5561, 0.1436, 0.1072, 0.0571, 0.0314, 0.0297, 0.0151, 0.0094, 0.0083, 0.0054]","[0.002, 0.001, 0.108, 0.031, 0.001, 0.027, 0.125, 0.058, 0.002, 0.021]",3000,-0.013228744268417358,-0.006370536654788324,
18,R6,3240,-0.0028082063912945824,-0.11009214092174469,0.03913268593568724,0.016832826408424255,0.05216188150974207,0.06602264573115205,0.06177912830811702,0.6482905745506287,0.08696397393941879,0.06257662177085876,0.7352545261383057,0.8671642541885376,0.9335837364196777,0,7,14,"[0.6483, 0.087, 0.0626, 0.0369, 0.0324, 0.0267, 0.0131, 0.0106, 0.0096, 0.0064]","[0.003, 0.11, 0.039, 0.001, 0.033, 0.081, 0.15, 0.037, 0.093, 0.084]",3000,-0.011403098702430725,-0.12365318154980123,
18,R7,3240,-0.08704915398999756,-0.04371484223149504,-0.08458931435321189,0.021462802825035977,0.03181307686622219,0.047451689486654416,0.060612645723991276,0.523687481880188,0.09482154995203018,0.062328483909368515,0.61850905418396,0.7643513083457947,0.8567925691604614,1,15,28,"[0.5237, 0.0948, 0.0623, 0.0482, 0.0353, 0.0288, 0.0183, 0.0164, 0.0152, 0.0138]","[0.087, 0.044, 0.085, 0.016, 0.108, 0.101, 0.236, 0.39, 0.045, 0.167]",3000,-0.005373969208449125,-0.09986407558121223,
18,M0,3000,0.2228827249431021,-0.3009530584563731,-0.3417696214422677,-0.13040240842013348,0.02458265918467163,-0.08806750037704426,-0.17598311384509074,0.38406437635421753,0.19713957607746124,0.1318243443965912,0.5812039375305176,0.8585894107818604,0.9496554732322693,3,7,11,"[0.3841, 0.1971, 0.1318, 0.0874, 0.0582, 0.0267, 0.0248, 0.0187, 0.0106, 0.0103]","[0.223, 0.301, 0.342, 0.314, 0.057, 0.084, 0.163, 0.011, 0.157, 0.059]",3000,0.07949826866388321,-0.12405732834297148,
18,E0,3240,-0.009810991527937239,-0.010169016799085122,0.18650757343079152,0.0187490244520696,0.049252645381766484,0.03151380087304636,-0.04521744374310104,0.20418886840343475,0.08654201030731201,0.08204285055398941,0.29073089361190796,0.4253678321838379,0.5168433785438538,1,158,269,"[0.2042, 0.0865, 0.082, 0.0295, 0.0231, 0.0217, 0.0215, 0.017, 0.0166, 0.0148]","[0.01, 0.01, 0.187, 0.116, 0.066, 0.184, 0.286, 0.242, 0.315, 0.105]",3000,0.05121573805809021,-0.03171939930512058,
18,MEAN,3000,0.1580514244981339,-0.591997148485474,0.49016728184845865,0.014618892960047439,-0.013880498108569183,0.008478023718954307,-0.04681259569593098,0.3244786560535431,0.13212522864341736,0.0772048681974411,0.45660388469696045,0.6146459579467773,0.7005354762077332,2,75,176,"[0.3245, 0.1321, 0.0772, 0.0466, 0.0342, 0.0232, 0.02, 0.0157, 0.0143, 0.0127]","[0.158, 0.592, 0.49, 0.035, 0.158, 0.187, 0.212, 0.019, 0.149, 0.067]",3000,0.12721388041973114,-0.24429807760782385,
19,T0,3240,-0.0014398788299115008,0.03624787348567475,0.030862855367413202,-0.04312042697853837,-0.030405378025167032,0.001784441370855497,0.010246865569431303,0.6791300177574158,0.21305851638317108,0.03061462752521038,0.892188549041748,0.9456830024719238,0.9706054925918579,3,3,6,"[0.6791, 0.2131, 0.0306, 0.0128, 0.0101, 0.0084, 0.006, 0.0038, 0.0035, 0.0032]","[0.001, 0.036, 0.031, 0.208, 0.185, 0.266, 0.426, 0.435, 0.16, 0.644]",3000,0.0016771123046055436,0.0013474004083131898,
19,T1,3240,0.0911784323639859,0.0027789301893165652,0.015148437382208241,0.037272670346914526,0.06427656647757528,-0.011438113884347362,-0.026761975895987933,0.6228846907615662,0.2292127162218094,0.035633523017168045,0.8520973920822144,0.9208266735076904,0.9569144248962402,3,4,9,"[0.6229, 0.2292, 0.0356, 0.018, 0.015, 0.0105, 0.0093, 0.006, 0.0055, 0.0048]","[0.091, 0.003, 0.015, 0.23, 0.283, 0.531, 0.276, 0.54, 0.437, 0.154]",3000,0.00530389416962862,-0.03881222203137825,
19,T2,3240,-0.20286775656542738,0.4035855072884333,-0.46320227002794623,0.0027352515819228894,0.006916557732248913,-0.06309759368022064,-0.045303497105825805,0.3401345908641815,0.12283354252576828,0.06708662956953049,0.4629681408405304,0.6293224096298218,0.7516199350357056,5,39,90,"[0.3401, 0.1228, 0.0671, 0.055, 0.0443, 0.0332, 0.0261, 0.0235, 0.0214, 0.0181]","[0.203, 0.404, 0.463, 0.434, 0.362, 0.304, 0.139, 0.067, 0.055, 0.054]",3000,0.03445150703191757,0.308249463358815,
19,T3,3240,-0.33075663075100653,0.09354812204711735,-0.05024607302207734,0.030238161677746827,0.09402110494855284,-0.09927023448850594,0.010240732972388068,0.5719056129455566,0.24805979430675507,0.08120056986808777,0.8199654221534729,0.9351205229759216,0.9650139212608337,4,3,7,"[0.5719, 0.2481, 0.0812, 0.0184, 0.0156, 0.0083, 0.0069, 0.006, 0.0045, 0.0042]","[0.331, 0.094, 0.05, 0.252, 0.216, 0.264, 0.229, 0.441, 0.474, 0.624]",3000,0.0041797105222940445,0.301840051565856,
19,T4,3240,0.18076902846865273,-0.05479825600447056,0.04706641786937722,-0.017628702068405704,0.0031345539809831215,-0.006293265644838017,-2.6046245820004066e-05,0.5473663806915283,0.22922725975513458,0.09421859681606293,0.7765936255455017,0.9088377952575684,0.9466001987457275,2,5,11,"[0.5474, 0.2292, 0.0942, 0.0227, 0.0153, 0.0118, 0.0075, 0.0069, 0.0061, 0.0055]","[0.181, 0.055, 0.047, 0.219, 0.117, 0.024, 0.062, 0.076, 0.716, 0.361]",3000,0.005347813479602337,-0.18275277037160514,
19,T5,3240,0.0037080881964764636,0.05350377800587813,0.04892346000919285,-0.037795772766028024,-0.141567865103271,0.02774301378106894,-0.043949364795258045,0.7060459852218628,0.1668846607208252,0.03909199312329292,0.872930645942688,0.9311904907226562,0.9602785706520081,1,3,8,"[0.706, 0.1669, 0.0391, 0.011, 0.0082, 0.008, 0.0073, 0.0063, 0.0039, 0.0036]","[0.004, 0.054, 0.049, 0.073, 0.061, 0.327, 0.017, 0.059, 0.188, 0.072]",3000,0.00014732805720996112,-0.06286469823088392,
19,T6,3240,0.10259615071583404,0.02851026394914505,-0.06242898004168007,0.028372292993431365,-0.023728972581104207,0.016638537814599428,0.051274047002434646,0.6540476083755493,0.1947198510169983,0.05094480141997337,0.8487674593925476,0.936021625995636,0.9658893942832947,1,4,7,"[0.654, 0.1947, 0.0509, 0.0211, 0.0153, 0.0097, 0.0068, 0.0061, 0.0042, 0.003]","[0.103, 0.029, 0.062, 0.074, 0.127, 0.155, 0.058, 0.136, 0.058, 0.401]",3000,-0.0009847121546044946,-0.04659490553085365,
19,T7,3240,-0.140159793673753,0.006066856157760201,-0.018423946576830687,0.0148706947608535,0.01429463630414586,-0.01863337243508019,0.034554621245814286,0.5435433983802795,0.22291000187397003,0.09056621789932251,0.7664533853530884,0.89939284324646,0.9427177309989929,0,6,12,"[0.5435, 0.2229, 0.0906, 0.0249, 0.0175, 0.0132, 0.0106, 0.0085, 0.006, 0.005]","[0.14, 0.006, 0.018, 0.046, 0.119, 0.006, 0.081, 0.104, 0.129, 0.041]",3000,-0.0011546890018507838,0.21485116611777771,
19,T8,3240,0.11126668679939185,0.0014353105601738786,-0.034794602981563554,0.015407351919922391,-0.03145513431520907,0.005421233029721893,-0.023092413408109642,0.6574110388755798,0.1725003868341446,0.06361757218837738,0.8299114108085632,0.930847704410553,0.9632240533828735,0,4,8,"[0.6574, 0.1725, 0.0636, 0.0214, 0.0159, 0.0101, 0.0081, 0.0059, 0.0048, 0.0035]","[0.111, 0.001, 0.035, 0.096, 0.192, 0.136, 0.157, 0.047, 0.282, 0.141]",3000,0.0006381048006005585,-0.11692002523308347,
19,R0,3240,0.13316851230802823,0.1373113167679355,-0.0661996687420496,0.0203479184761192,0.02067388365483405,0.05223518760709621,0.027752340869867605,0.7655015587806702,0.08853501081466675,0.04972832277417183,0.8540365695953369,0.9566358327865601,0.9792265295982361,2,3,5,"[0.7655, 0.0885, 0.0497, 0.0391, 0.0138, 0.0073, 0.0052, 0.0043, 0.0032, 0.0026]","[0.133, 0.137, 0.066, 0.139, 0.135, 0.063, 0.017, 0.22, 0.33, 0.816]",3000,0.001380091067403555,-0.02277330558463025,
19,R1,3240,-0.02751036149956113,-0.011945369404570149,0.05265041050737443,-0.015577342940489956,-0.024017003194915967,0.012137700809392055,0.02943014296936436,0.8248933553695679,0.0508541539311409,0.04209247976541519,0.8757475018501282,0.9653000235557556,0.9833512306213379,3,3,5,"[0.8249, 0.0509, 0.0421, 0.0274, 0.0201, 0.0075, 0.0043, 0.0024, 0.0019, 0.0019]","[0.028, 0.012, 0.053, 0.051, 0.063, 0.208, 0.014, 0.554, 0.375, 0.571]",3000,0.0048216115683317184,0.05953790141995602,
19,R2,3240,0.025163104420992836,-0.036762010769915074,0.14333333595917536,0.027826720566287405,0.006935241550565813,0.05575530491467567,-0.06018340706866109,0.8016500473022461,0.057567793875932693,0.05075501278042793,0.8592178225517273,0.950252115726471,0.9764503240585327,2,3,5,"[0.8017, 0.0576, 0.0508, 0.027, 0.0132, 0.0118, 0.0067, 0.0028, 0.0027, 0.0022]","[0.025, 0.037, 0.143, 0.089, 0.064, 0.058, 0.065, 0.453, 0.111, 0.725]",3000,-0.001211277674883604,-0.10509060278310907,
19,R3,3240,-0.048562110254039954,0.051044879655112195,-0.030708073842620733,-0.0013776351924554378,-0.05804846293809328,-0.06654507562393067,-0.07689313438195186,0.3908649682998657,0.19234699010849,0.16486157476902008,0.5832119584083557,0.8675143122673035,0.9399175047874451,1,7,12,"[0.3909, 0.1923, 0.1649, 0.0906, 0.0289, 0.0255, 0.0162, 0.0143, 0.0097, 0.0067]","[0.049, 0.051, 0.031, 0.14, 0.381, 0.203, 0.078, 0.143, 0.068, 0.142]",3000,0.1284913867712021,0.3175229037476001,
19,R4,3240,-0.03216578344142701,-0.03666723242704294,0.06788249208043437,0.004999743124342323,0.05136054416655102,-0.010110924745790718,0.15059929386033716,0.4451032280921936,0.20309588313102722,0.10979531705379486,0.6481990814208984,0.8955374360084534,0.9587737321853638,1,6,9,"[0.4451, 0.2031, 0.1098, 0.0864, 0.0511, 0.0178, 0.0157, 0.0129, 0.0089, 0.008]","[0.032, 0.037, 0.068, 0.024, 0.024, 0.025, 0.052, 0.029, 0.295, 0.334]",3000,0.0481245331466198,-0.09958540487602709,
19,R5,3240,0.0002580930574287802,0.006947226392027509,-0.07974941534066374,0.059234949789630925,0.03605949028299291,0.030990773416535805,-0.015425066834028191,0.5730636715888977,0.13654352724552155,0.0990556851029396,0.7096071839332581,0.897895872592926,0.9633592963218689,0,6,9,"[0.5731, 0.1365, 0.0991, 0.0535, 0.0357, 0.0291, 0.0142, 0.0088, 0.008, 0.0054]","[0.0, 0.007, 0.08, 0.014, 0.015, 0.032, 0.168, 0.041, 0.006, 0.026]",3000,-0.011942466720938683,0.0051414813784762,
19,R6,3240,0.012551326787675133,0.120757869415725,0.043123437113244775,-0.027898046062111437,-0.05008866487667921,-0.05899114092019154,-0.06579400625601688,0.6471728086471558,0.08545448631048203,0.06030230224132538,0.732627272605896,0.8655775785446167,0.931809663772583,0,7,14,"[0.6472, 0.0855, 0.0603, 0.0377, 0.0349, 0.0266, 0.0134, 0.0103, 0.0094, 0.0067]","[0.013, 0.121, 0.043, 0.069, 0.07, 0.016, 0.191, 0.007, 0.099, 0.005]",3000,-0.009944742545485497,0.09113744235474483,
19,R7,3240,0.07601991542085701,0.026784576357563223,0.09041311102557091,-0.03266239781028757,-0.04133629587792314,-0.05870143073060193,-0.06355980277125967,0.5156290531158447,0.0945030078291893,0.07591068744659424,0.6101320385932922,0.7671712040901184,0.8567243218421936,1,15,29,"[0.5156, 0.0945, 0.0759, 0.0466, 0.0346, 0.026, 0.0187, 0.0165, 0.0149, 0.0134]","[0.076, 0.027, 0.09, 0.002, 0.183, 0.147, 0.269, 0.341, 0.084, 0.069]",3000,-0.006065253168344498,0.15379039038544848,
19,M0,3000,0.21576438494331898,-0.2930387773640315,-0.3383011736257491,-0.11834136066205596,0.029685469364911173,-0.09482027984500828,-0.1729707328596795,0.3790800869464874,0.2046097218990326,0.12957103550434113,0.58368980884552,0.8573973774909973,0.9466329216957092,2,7,11,"[0.3791, 0.2046, 0.1296, 0.0866, 0.0575, 0.0263, 0.0245, 0.0182, 0.0103, 0.01]","[0.216, 0.293, 0.338, 0.316, 0.063, 0.077, 0.141, 0.029, 0.167, 0.072]",3000,0.07860195636749268,-0.12616659332687882,
19,E0,3240,0.016828597898639813,-0.08553854088160694,0.1933097209923095,0.02635263071270334,0.0648906236613233,0.023811385484067558,-0.03771578980889668,0.2011796534061432,0.10214336216449738,0.0793694332242012,0.30332303047180176,0.43474942445755005,0.5237186551094055,0,155,263,"[0.2012, 0.1021, 0.0794, 0.0285, 0.0236, 0.0212, 0.0203, 0.017, 0.0169, 0.0135]","[0.017, 0.086, 0.193, 0.102, 0.146, 0.096, 0.234, 0.227, 0.235, 0.112]",3000,0.050939250737428665,-0.05000043394450182,
19,MEAN,3000,-0.19535914230863846,-0.5750054711583875,0.49981948860593634,-0.007042195105047871,0.014075217015640172,-0.01276445414358428,0.05235162892794343,0.31059136986732483,0.1354203075170517,0.07924580574035645,0.44601166248321533,0.6079620718955994,0.6953340172767639,2,77,183,"[0.3106, 0.1354, 0.0792, 0.0483, 0.0344, 0.0234, 0.0205, 0.016, 0.0146, 0.0129]","[0.195, 0.575, 0.5, 0.023, 0.157, 0.144, 0.215, 0.009, 0.198, 0.081]",3000,0.12895169854164124,0.2800172812156164,
20,T0,3240,-0.06046570884396207,0.03136945909991219,0.04151304085623194,0.02614112825152811,0.010099370441858449,-0.00795750268378576,-0.02742282396473391,0.6710143685340881,0.21766775846481323,0.031290456652641296,0.8886821269989014,0.943437397480011,0.9689755439758301,4,3,6,"[0.671, 0.2177, 0.0313, 0.0133, 0.0101, 0.0084, 0.0063, 0.0041, 0.0035, 0.0032]","[0.06, 0.031, 0.042, 0.227, 0.179, 0.329, 0.358, 0.366, 0.164, 0.709]",3000,0.0017220244044438004,-0.013879653693169987,
20,T1,3240,0.08784692557835826,0.008674801799165592,-0.04636521507346077,0.049318707448127275,0.08364649722079276,-0.0022622053794970564,-0.004425751274662108,0.6207194328308105,0.22244319319725037,0.036502301692962646,0.8431626558303833,0.9148687124252319,0.9526585340499878,4,5,10,"[0.6207, 0.2224, 0.0365, 0.0187, 0.0165, 0.0113, 0.0099, 0.0062, 0.0055, 0.0049]","[0.088, 0.009, 0.046, 0.204, 0.338, 0.527, 0.247, 0.58, 0.459, 0.157]",3000,0.006284970790147781,-0.011038479966528182,
20,T2,3240,-0.21144949624254217,0.4320335245859404,-0.5486657373572967,-0.010114586245729194,-0.007923233249720324,-0.06615975187503492,-0.03440379952587235,0.3028517961502075,0.12023623287677765,0.06814254075288773,0.423088014125824,0.5889852643013,0.7128033638000488,4,52,119,"[0.3029, 0.1202, 0.0681, 0.0524, 0.0453, 0.0322, 0.0283, 0.025, 0.0199, 0.0183]","[0.211, 0.432, 0.549, 0.424, 0.283, 0.393, 0.095, 0.054, 0.087, 0.108]",3000,0.03935762494802475,0.3128437506584723,
20,T3,3240,0.20338025912022056,-0.13351888544180923,0.0697518731486308,-0.000675931668950901,-0.076844347643054,0.05295969604567114,-0.03390452468496865,0.5739608407020569,0.2441001832485199,0.07953029125928879,0.8180609941482544,0.9313976168632507,0.9626413583755493,3,4,8,"[0.574, 0.2441, 0.0795, 0.0178, 0.016, 0.0083, 0.0073, 0.0067, 0.0046, 0.0043]","[0.203, 0.134, 0.07, 0.242, 0.22, 0.233, 0.244, 0.466, 0.425, 0.651]",3000,0.004056470934301615,-0.1863453457570678,
20,T4,3240,0.03661223817405691,0.2548131019771083,0.005376852885150436,-0.054594362890901416,-0.0050947555509484954,0.01614029420943111,0.033552122545373736,0.9983113408088684,0.0009075500420294702,0.0003286475548520684,0.9992188811302185,0.9997237920761108,0.999858021736145,2,1,1,"[0.9983, 0.0009, 0.0003, 0.0001, 0.0001, 0.0, 0.0, 0.0, 0.0, 0.0]","[0.037, 0.255, 0.005, 0.061, 0.069, 0.033, 0.562, 0.215, 0.11, 0.342]",3000,0.0019658163655549288,-0.09386014122368658,
20,T5,3240,-0.029681273061956674,0.022552777323035747,0.03336451532253832,0.0212638387721323,0.11548580556297512,-0.016401369448082858,0.03547410020563851,0.6687563061714172,0.1958128809928894,0.040828000754117966,0.8645691871643066,0.9255048632621765,0.9553016424179077,3,3,9,"[0.6688, 0.1958, 0.0408, 0.0106, 0.0095, 0.0087, 0.0072, 0.0056, 0.0045, 0.0039]","[0.03, 0.023, 0.033, 0.005, 0.253, 0.301, 0.148, 0.05, 0.318, 0.488]",3000,0.002147471532225609,0.09154629039082224,
20,T6,3240,0.12904960364684018,0.045798091518518914,-0.04241964941799234,0.008501144099787385,-0.03218976769696904,0.012874705648096297,0.05690952908881766,0.6273966431617737,0.20980289578437805,0.05418871343135834,0.8371995687484741,0.9266431331634521,0.9607205986976624,1,4,8,"[0.6274, 0.2098, 0.0542, 0.0182, 0.0171, 0.0108, 0.0077, 0.0073, 0.0049, 0.0034]","[0.129, 0.046, 0.042, 0.124, 0.177, 0.157, 0.005, 0.081, 0.232, 0.594]",3000,0.0010658869286999106,-0.02707406817765762,
20,T7,3240,-0.15768356477592008,0.002001499937674505,-0.011017780744095882,0.025478520813810253,0.019368454117045637,-0.022595276520110463,0.02567972140765731,0.5541680455207825,0.22589649260044098,0.08218716830015182,0.7800645232200623,0.9029808044433594,0.9451242685317993,0,5,12,"[0.5542, 0.2259, 0.0822, 0.0236, 0.0171, 0.0136, 0.01, 0.008, 0.0058, 0.0048]","[0.158, 0.002, 0.011, 0.0, 0.113, 0.065, 0.071, 0.116, 0.152, 0.005]",3000,-0.0007725479081273079,0.1932759094031675,
20,T8,3240,0.13206420486558218,0.0152333590655866,0.03639615466366398,0.007529037390026027,-0.044847385924577696,0.00832110846142927,-0.01045068581955181,0.679294228553772,0.15267406404018402,0.06339425593614578,0.8319683074951172,0.9298527240753174,0.9626172184944153,1,4,8,"[0.6793, 0.1527, 0.0634, 0.0184, 0.0161, 0.0093, 0.0083, 0.006, 0.0052, 0.0039]","[0.132, 0.015, 0.036, 0.042, 0.207, 0.133, 0.218, 0.193, 0.238, 0.477]",3000,0.0028054446447640657,-0.11200801255577152,
20,R0,3240,0.11645299226522136,0.13443659094038565,-0.08455479050360239,0.02599202615496868,0.02497431730362803,0.05735686957807847,0.01864429415114094,0.7673827409744263,0.08854328095912933,0.047926902770996094,0.8559260368347168,0.9522637128829956,0.9765043258666992,2,3,5,"[0.7674, 0.0885, 0.0479, 0.0345, 0.0139, 0.0076, 0.0055, 0.0045, 0.0037, 0.003]","[0.116, 0.134, 0.085, 0.015, 0.163, 0.062, 0.112, 0.444, 0.221, 0.761]",3000,0.004030972719192505,-0.030130923491400775,
20,R1,3240,0.05291856897774032,0.024879687710767522,0.0023872055266631015,-0.029979076316889782,-0.030726981468703663,0.03249039315130362,0.003827820729620302,0.8054888248443604,0.049741145223379135,0.043965041637420654,0.8552299737930298,0.9478497505187988,0.9741958975791931,3,4,6,"[0.8055, 0.0497, 0.044, 0.0271, 0.0216, 0.0093, 0.0064, 0.0051, 0.0031, 0.0024]","[0.053, 0.025, 0.002, 0.109, 0.009, 0.548, 0.749, 0.412, 0.139, 0.101]",3000,0.0343158021569252,-0.021968827288094118,
20,R2,3240,0.037765333322425224,-0.001378948521220152,-0.06388809088979316,0.02984992486208181,0.003538456455256278,0.03457541562518802,-0.0302941409679056,0.790939211845398,0.05963301658630371,0.05225086957216263,0.8505722284317017,0.9437893629074097,0.9721052050590515,2,3,6,"[0.7909, 0.0596, 0.0523, 0.0278, 0.0132, 0.0117, 0.0078, 0.0031, 0.003, 0.0027]","[0.038, 0.001, 0.064, 0.078, 0.03, 0.023, 0.007, 0.455, 0.253, 0.36]",3000,-0.0011048289015889168,-0.056756498853717564,
20,R3,3240,-0.06745712819485994,0.024851830466504785,0.0818874821263707,-0.00869371550435017,-0.1016558594239573,-0.03639632699324544,-0.06861769392260804,0.36603283882141113,0.18266960978507996,0.14767563343048096,0.5487024784088135,0.8188734650611877,0.9013433456420898,1,10,23,"[0.366, 0.1827, 0.1477, 0.0854, 0.0371, 0.0302, 0.0174, 0.0151, 0.0111, 0.0087]","[0.067, 0.025, 0.082, 0.123, 0.439, 0.028, 0.187, 0.209, 0.154, 0.018]",3000,0.1477307826280594,0.33556802782665807,
20,R4,3240,0.07542781852262145,-0.038490185938456795,0.022459872662844715,4.029084416554234e-06,0.04605632058441509,0.055269786006890864,0.10707345245625154,0.44175511598587036,0.1967439353466034,0.11433428525924683,0.6384990215301514,0.8821496963500977,0.9468541741371155,1,7,11,"[0.4418, 0.1967, 0.1143, 0.0792, 0.0501, 0.0171, 0.0153, 0.0127, 0.0109, 0.0087]","[0.075, 0.038, 0.022, 0.033, 0.041, 0.063, 0.079, 0.191, 0.468, 0.197]",3000,0.06516751646995544,-0.31632672898642195,
20,R5,3240,-0.0008933071783261117,0.011566312750496665,-0.06318303461466156,0.06481852377680745,0.0419231223858647,0.014180696690753962,-0.010432649146638285,0.5841729640960693,0.12677380442619324,0.1025412380695343,0.710946798324585,0.8953291773796082,0.9605697393417358,0,6,9,"[0.5842, 0.1268, 0.1025, 0.0489, 0.033, 0.0295, 0.0137, 0.0085, 0.0079, 0.0057]","[0.001, 0.012, 0.063, 0.01, 0.034, 0.023, 0.151, 0.01, 0.088, 0.041]",3000,-0.011019434779882431,0.03145992411924731,
20,R6,3240,0.007027082644717301,0.05218017947468776,-0.046005185202628716,-0.022042406589204686,-0.04523827583753597,-0.07240681147652676,-0.053150009234288025,0.6377859711647034,0.08387710154056549,0.057882990688085556,0.7216630578041077,0.851698637008667,0.9208250045776367,0,8,17,"[0.6378, 0.0839, 0.0579, 0.0382, 0.034, 0.0291, 0.0127, 0.0103, 0.0102, 0.0069]","[0.007, 0.052, 0.046, 0.018, 0.054, 0.019, 0.176, 0.081, 0.168, 0.021]",3000,-0.00993804819881916,0.11117717028075047,
20,R7,3240,0.08803697410967495,0.10242362157086556,0.07822243156293601,-0.03688581980978342,-0.05348955753173067,-0.042738660742584235,-0.08457140767329036,0.4917903244495392,0.09368238598108292,0.07800416648387909,0.5854727029800415,0.7425814270973206,0.8353301286697388,1,18,39,"[0.4918, 0.0937, 0.078, 0.045, 0.0341, 0.0254, 0.0211, 0.0181, 0.0146, 0.0136]","[0.088, 0.102, 0.078, 0.023, 0.138, 0.183, 0.543, 0.16, 0.195, 0.069]",3000,0.0010495457099750638,0.13039965738644144,
20,M0,3000,0.20166293504585323,-0.28147528395754184,-0.3546685370866851,-0.11992736536408946,0.021499035501469914,-0.10259377393250885,-0.1780281867478103,0.3776839077472687,0.20639748871326447,0.12628793716430664,0.5840814113616943,0.8513348698616028,0.9375426769256592,2,8,13,"[0.3777, 0.2064, 0.1263, 0.0858, 0.0552, 0.0249, 0.0237, 0.0175, 0.0102, 0.0099]","[0.202, 0.281, 0.355, 0.331, 0.087, 0.125, 0.132, 0.087, 0.137, 0.028]",3000,0.08076465129852295,-0.11356191913877448,
20,E0,3240,0.08542007021261726,-0.10301256694214272,0.20421293223809897,0.01477631477043797,0.0720898889149712,0.006347732391809307,-0.0385173351825396,0.1997738927602768,0.1204925924539566,0.07395662367343903,0.3202664852142334,0.44169989228248596,0.530168890953064,1,158,267,"[0.1998, 0.1205, 0.074, 0.0251, 0.0224, 0.0203, 0.0188, 0.018, 0.0174, 0.0139]","[0.085, 0.103, 0.204, 0.174, 0.145, 0.056, 0.253, 0.089, 0.33, 0.267]",3000,0.056926555931568146,-0.08200837018577432,
20,MEAN,3000,-0.2082339857685116,0.5680085679428368,0.5124504064031757,-0.0062387522330791334,0.011110492740659192,-0.015484291188280893,0.055138460252108196,0.28983768820762634,0.13762813806533813,0.08015020191669464,0.4274658262729645,0.5884101390838623,0.6792439222335815,2,87,207,"[0.2898, 0.1376, 0.0802, 0.0466, 0.0342, 0.0237, 0.0209, 0.017, 0.0158, 0.0134]","[0.208, 0.568, 0.512, 0.032, 0.138, 0.077, 0.238, 0.143, 0.108, 0.11]",3000,0.13791786134243011,0.29568015595152286,
21,T0,3240,-0.0063514211150004826,0.12311866146041249,-0.0326448943889364,-0.09958507763690315,-0.06484331634835744,-0.03177223881497899,0.011538733411130684,0.6570252776145935,0.22958610951900482,0.02939617447555065,0.8866114020347595,0.939805805683136,0.9654800891876221,2,3,7,"[0.657, 0.2296, 0.0294, 0.0137, 0.0101, 0.0079, 0.0064, 0.0041, 0.0039, 0.0033]","[0.006, 0.123, 0.033, 0.292, 0.233, 0.268, 0.339, 0.128, 0.181, 0.702]",3000,0.00025980290956795216,-0.012166350345623017,
21,T1,3240,0.043075084599486016,0.10662592680594717,-0.10491315493007763,-0.08068715879457238,-0.08117870554624786,-0.0070523073112752615,0.016743134449237036,0.6589910984039307,0.19288966059684753,0.03316161409020424,0.8518807888031006,0.9164376854896545,0.9527772068977356,3,4,10,"[0.659, 0.1929, 0.0332, 0.0169, 0.0145, 0.011, 0.0091, 0.0063, 0.0052, 0.0047]","[0.043, 0.107, 0.105, 0.009, 0.27, 0.413, 0.423, 0.154, 0.268, 0.591]",3000,0.0040272679179906845,-0.04335478665444442,
21,T2,3240,-0.2533299554488502,0.5358653691278036,-0.5847034527884529,-0.017096116192828716,-0.009791559843921256,-0.0871484368174711,-0.03402592677914699,0.2929665744304657,0.11552298814058304,0.07683895528316498,0.40848955512046814,0.5780451893806458,0.7026428580284119,4,54,125,"[0.293, 0.1155, 0.0768, 0.0519, 0.0408, 0.0326, 0.0302, 0.0248, 0.0194, 0.0177]","[0.253, 0.536, 0.585, 0.327, 0.204, 0.055, 0.308, 0.115, 0.138, 0.164]",3000,0.05344858765602112,0.34241584365978467,
21,T3,3240,0.10461239579516603,-0.1367165500532557,0.07749095117119963,0.012514128410434477,-0.029556342946221437,0.03939644619254173,-0.00952086619814984,0.5894438624382019,0.22520208358764648,0.07408375293016434,0.8146459460258484,0.9243621230125427,0.9596887826919556,3,4,9,"[0.5894, 0.2252, 0.0741, 0.0192, 0.0165, 0.0095, 0.0083, 0.0078, 0.0051, 0.0046]","[0.105, 0.137, 0.077, 0.271, 0.011, 0.291, 0.074, 0.429, 0.389, 0.687]",3000,0.004988064058125019,-0.12365139036974714,
21,T4,3240,0.03328991478893928,0.26645381448898436,0.05062950863877777,-0.0580060774428595,-0.017122602124108564,0.017894613926015237,0.027400150789852758,0.9978465437889099,0.00100334535818547,0.0004134743066970259,0.9988498687744141,0.9995842576026917,0.9997528195381165,2,1,1,"[0.9978, 0.001, 0.0004, 0.0002, 0.0001, 0.0001, 0.0, 0.0, 0.0, 0.0]","[0.033, 0.266, 0.051, 0.115, 0.038, 0.122, 0.532, 0.084, 0.231, 0.415]",3000,0.0027122299652546644,-0.09077951224007964,
21,T5,3240,0.018794563788886876,0.0036382195089936474,-0.027099510932187956,-0.02613893027858078,-0.13611837530307652,0.0159706329462888,-0.054076359256561374,0.6661457419395447,0.17784865200519562,0.04467937722802162,0.8439943790435791,0.9195486307144165,0.9531987309455872,0,4,10,"[0.6661, 0.1778, 0.0447, 0.0188, 0.0121, 0.0091, 0.0082, 0.0073, 0.0049, 0.0042]","[0.019, 0.004, 0.027, 0.062, 0.188, 0.257, 0.038, 0.198, 0.059, 0.164]",3000,-0.0006903932662680745,-0.06434519467171358,
21,T6,3240,0.1497934082926433,-0.04895062899879796,0.0055241910661988644,0.023006977832023642,0.024845523115641133,0.013009551830393094,0.026983997161221726,0.6333972215652466,0.19923879206180573,0.05527302250266075,0.8326359987258911,0.9235798716545105,0.9585309028625488,1,4,9,"[0.6334, 0.1992, 0.0553, 0.019, 0.0166, 0.0104, 0.0081, 0.0077, 0.0051, 0.0037]","[0.15, 0.049, 0.006, 0.135, 0.033, 0.172, 0.043, 0.026, 0.26, 0.562]",3000,0.0010002709459513426,-0.08886902981948167,
21,T7,3240,0.14845997435612623,-0.008867573204272308,-0.017638586434322607,-0.002225840251396294,-0.013593395198557647,0.030507194583824226,-0.029400204341425644,0.5629079341888428,0.2203274667263031,0.08017747104167938,0.7832354307174683,0.903919517993927,0.9454781413078308,0,5,12,"[0.5629, 0.2203, 0.0802, 0.0237, 0.0168, 0.0141, 0.0091, 0.0076, 0.006, 0.0047]","[0.148, 0.009, 0.018, 0.023, 0.101, 0.069, 0.102, 0.107, 0.166, 0.054]",3000,-0.0006837790133431554,-0.21248411949781204,
21,T8,3240,0.16264585158023354,0.01414305014239856,0.025037599083857102,0.005279607027276266,-0.04626498605417466,0.020155100284325975,-0.022628256115014296,0.7293551564216614,0.12821029126644135,0.05088895559310913,0.8575654625892639,0.9388781189918518,0.9676780104637146,2,3,7,"[0.7294, 0.1282, 0.0509, 0.0155, 0.0149, 0.0088, 0.0073, 0.0049, 0.0045, 0.0033]","[0.163, 0.014, 0.025, 0.153, 0.194, 0.054, 0.273, 0.036, 0.36, 0.57]",3000,0.003319411538541317,-0.1261888124971253,
21,R0,3240,-0.057995135093985795,0.1421190149930934,-0.06759654532563507,-0.024163422473794778,-0.016951029740103242,-0.06743250347213142,0.0014737547580135745,0.7823225259780884,0.08942712098360062,0.04115786775946617,0.8717496395111084,0.9567986726760864,0.9787165522575378,2,3,5,"[0.7823, 0.0894, 0.0412, 0.0319, 0.012, 0.0065, 0.0048, 0.0043, 0.0036, 0.0027]","[0.058, 0.142, 0.068, 0.036, 0.141, 0.127, 0.182, 0.343, 0.021, 0.826]",3000,0.004432885441929102,0.008677584537589232,
21,R1,3240,0.07400157732040546,0.11349982380861522,0.05291522852033067,-0.052676392551508106,-0.02458398842597348,0.02935965807202228,0.0037911246054028068,0.80670565366745,0.04972720518708229,0.04091031476855278,0.8564328551292419,0.9485980868339539,0.9743738770484924,3,4,6,"[0.8067, 0.0497, 0.0409, 0.0302, 0.0211, 0.0087, 0.0063, 0.0052, 0.0029, 0.0026]","[0.074, 0.113, 0.053, 0.101, 0.022, 0.586, 0.729, 0.389, 0.141, 0.128]",3000,0.03339333087205887,-0.0704197091138485,
21,R2,3240,-0.06826909292794936,-0.04244914147432691,0.045327294396550345,-0.038593778218593326,0.009755659192621247,-0.04175598577900412,0.021362644271455816,0.7878624796867371,0.05797676369547844,0.051516611129045486,0.845839262008667,0.9381825923919678,0.9689571261405945,1,4,6,"[0.7879, 0.058, 0.0515, 0.0275, 0.0133, 0.0119, 0.0089, 0.0042, 0.0031, 0.0027]","[0.068, 0.042, 0.045, 0.016, 0.021, 0.034, 0.024, 0.8, 0.063, 0.244]",3000,0.003138994798064232,0.05729064878226717,
21,R3,3240,-0.04348887212395728,-0.10343067901565181,-0.04642847021778474,0.009946241295726879,-0.09610738569589786,-0.018062788796731403,-0.09246255299853323,0.3724455237388611,0.17744214832782745,0.13872867822647095,0.5498876571655273,0.8122231364250183,0.8978279829025269,1,11,24,"[0.3724, 0.1774, 0.1387, 0.0846, 0.039, 0.0311, 0.018, 0.016, 0.0119, 0.0087]","[0.043, 0.103, 0.046, 0.017, 0.442, 0.084, 0.165, 0.181, 0.16, 0.18]",3000,0.16354717314243317,0.26205073549633484,
21,R4,3240,-0.12243160046986715,-0.011238589857680333,0.0357066255586642,-0.006986133685266812,-0.053477234886584915,-0.07999273729744583,-0.11769915301561555,0.4558381736278534,0.18843558430671692,0.11831729859113693,0.6442737579345703,0.8818660974502563,0.9447859525680542,1,7,11,"[0.4558, 0.1884, 0.1183, 0.0753, 0.044, 0.017, 0.015, 0.0122, 0.01, 0.0088]","[0.122, 0.011, 0.036, 0.003, 0.037, 0.037, 0.069, 0.164, 0.417, 0.197]",3000,0.06434185057878494,0.3209681919643989,
21,R5,3240,0.029749547643057508,0.08448053932794926,-0.04219776103695265,0.060353944369785396,0.036587121826808434,0.002871849804058225,-0.029449500845443836,0.591286301612854,0.11872322112321854,0.10741490870714188,0.7100095152854919,0.8941273093223572,0.955281674861908,0,6,9,"[0.5913, 0.1187, 0.1074, 0.0446, 0.0321, 0.0254, 0.0132, 0.0095, 0.0078, 0.0052]","[0.03, 0.084, 0.042, 0.021, 0.031, 0.007, 0.155, 0.026, 0.122, 0.021]",3000,-0.010786725208163261,0.02655426011483329,
21,R6,3240,0.0023951548806597934,0.06366007727333571,-0.03685276219971908,-0.008318237952522763,-0.03698610104394253,-0.06375766586680606,-0.040007277921432854,0.6255401968955994,0.08688805252313614,0.052473947405815125,0.7124282717704773,0.8347413539886475,0.9094862341880798,0,9,19,"[0.6255, 0.0869, 0.0525, 0.038, 0.0319, 0.0302, 0.0142, 0.012, 0.0104, 0.008]","[0.002, 0.064, 0.037, 0.069, 0.112, 0.089, 0.226, 0.145, 0.073, 0.014]",3000,-0.010513723827898502,0.10821031625433361,
21,R7,3240,0.06292944794085735,0.07102239344913261,0.04491903762343086,-0.04587164231494924,-0.05946711416841065,-0.049513858034694255,-0.07414820393615201,0.4713820219039917,0.09305747598409653,0.0761234387755394,0.5644394755363464,0.7227916121482849,0.8193667531013489,1,22,46,"[0.4714, 0.0931, 0.0761, 0.0484, 0.0338, 0.0261, 0.0221, 0.0199, 0.0149, 0.0136]","[0.063, 0.071, 0.045, 0.015, 0.112, 0.228, 0.556, 0.114, 0.205, 0.032]",3000,0.006087477784603834,0.17959601819740428,
21,M0,3000,0.22494612638414557,-0.2791745225105991,-0.357457744819353,-0.115832441346712,0.026792414944485286,-0.10146358723381996,-0.16081247992228154,0.37661048769950867,0.20858712494373322,0.12633690237998962,0.5851976275444031,0.8494908809661865,0.9343268275260925,2,8,14,"[0.3766, 0.2086, 0.1263, 0.0838, 0.0541, 0.0257, 0.0226, 0.0177, 0.0098, 0.0091]","[0.225, 0.279, 0.357, 0.325, 0.118, 0.276, 0.049, 0.135, 0.16, 0.123]",3000,0.08315694332122803,-0.1506823935491193,
21,E0,3240,0.08812340631128955,-0.11860991188203228,-0.1987953188112409,0.02971598114918951,0.029766736422096957,-0.018533599812668437,-0.02824969536939973,0.200421541929245,0.12750518321990967,0.06809774786233902,0.32792672514915466,0.4418984651565552,0.5298478007316589,1,165,283,"[0.2004, 0.1275, 0.0681, 0.0241, 0.0218, 0.0197, 0.0192, 0.0184, 0.0166, 0.0142]","[0.088, 0.119, 0.199, 0.113, 0.084, 0.104, 0.329, 0.111, 0.205, 0.294]",3000,0.05716243013739586,-0.016819091555322206,
21,MEAN,3000,-0.20626481335079727,0.5761081489001498,0.5259738767143474,-0.004015221665594921,0.009949087238051778,-0.013758547625106613,0.060721610821762306,0.28038525581359863,0.14170730113983154,0.08354798704385757,0.4220925569534302,0.5860622525215149,0.6771825551986694,2,89,212,"[0.2804, 0.1417, 0.0835, 0.0459, 0.0345, 0.0243, 0.0212, 0.0171, 0.0157, 0.0129]","[0.206, 0.576, 0.526, 0.017, 0.112, 0.013, 0.234, 0.182, 0.119, 0.027]",3000,0.1431758850812912,0.27874668304775624,
22,T0,3240,-0.09383255960771324,0.07831938786488851,0.05809253543624694,-0.082418704072868,-0.06522201903684331,-0.021514516194932914,0.0072395502395344435,0.6375712752342224,0.2297833114862442,0.03404543548822403,0.8673545718193054,0.9305832386016846,0.9604607224464417,4,3,8,"[0.6376, 0.2298, 0.034, 0.0178, 0.0114, 0.0091, 0.0077, 0.0049, 0.0044, 0.0039]","[0.094, 0.078, 0.058, 0.337, 0.217, 0.315, 0.217, 0.313, 0.273, 0.669]",3000,0.0026339355390518904,0.0071016096458997304,
22,T1,3240,0.0013169778794166662,0.017536026843896723,-0.08499662280960864,-0.07782077528638263,-0.08699052272586162,0.021257265140226002,-0.0006418102031907679,0.6501024961471558,0.19121332466602325,0.03657427802681923,0.8413158059120178,0.9105008244514465,0.9479919075965881,3,5,11,"[0.6501, 0.1912, 0.0366, 0.0172, 0.0154, 0.0111, 0.0094, 0.0072, 0.0051, 0.0047]","[0.001, 0.018, 0.085, 0.168, 0.148, 0.426, 0.458, 0.164, 0.035, 0.549]",3000,0.0030602547340095043,-0.033307597711260434,
22,T2,3240,-0.219249785874422,0.5298001619353042,-0.5447794530452857,-0.0232172401922062,-0.02846262245699603,-0.10117841117128935,-0.020611320903400183,0.29308322072029114,0.11211870610713959,0.07664867490530014,0.40520191192626953,0.5738237500190735,0.6933674812316895,3,59,136,"[0.2931, 0.1121, 0.0766, 0.0497, 0.0423, 0.0309, 0.0275, 0.0238, 0.0196, 0.0178]","[0.219, 0.53, 0.545, 0.122, 0.423, 0.183, 0.051, 0.043, 0.053, 0.284]",3000,0.05517425388097763,0.38567424513734044,
22,T3,3240,0.054179726141462846,0.07171375547660071,0.03134595956945969,-0.03555858224276059,-0.07650547578261369,0.04566218770662092,-0.02059859294965652,0.592483639717102,0.2142854779958725,0.07516562193632126,0.8067691326141357,0.9201303124427795,0.956845223903656,2,4,9,"[0.5925, 0.2143, 0.0752, 0.0217, 0.0165, 0.0099, 0.0088, 0.0075, 0.0055, 0.005]","[0.054, 0.072, 0.031, 0.297, 0.053, 0.065, 0.389, 0.194, 0.208, 0.788]",3000,0.006006620824337006,-0.13523323240991203,
22,T4,3240,0.033302080233338055,0.2694892577966477,0.05102244525131994,-0.05789024353412905,-0.017107954867948156,0.01797249334844871,0.02734234945317449,0.9977484345436096,0.0010256574023514986,0.00041844899533316493,0.9987741112709045,0.9995313286781311,0.9997121691703796,2,1,1,"[0.9977, 0.001, 0.0004, 0.0002, 0.0001, 0.0001, 0.0, 0.0, 0.0, 0.0]","[0.033, 0.269, 0.051, 0.118, 0.001, 0.138, 0.572, 0.166, 0.188, 0.385]",3000,0.0027158206794410944,-0.09099806217678087,
22,T5,3240,-0.04220942056965734,0.0337873403097696,0.06413215536762185,0.04682303866232388,0.10314006355722916,-0.009063805987387897,0.10317431754622113,0.9073716998100281,0.04446255415678024,0.012548066675662994,0.9518342614173889,0.9787253737449646,0.9876098036766052,0,1,2,"[0.9074, 0.0445, 0.0125, 0.0107, 0.0036, 0.0023, 0.0021, 0.0019, 0.0014, 0.0011]","[0.042, 0.034, 0.064, 0.038, 0.146, 0.292, 0.177, 0.145, 0.059, 0.298]",3000,0.007807205896824598,0.09901964830937376,
22,T6,3240,0.06996170921781437,-0.03538514112790148,0.010753596071428485,0.029382823727330594,0.014322479858259024,-0.016365345761434492,0.005572886757371218,0.6499126553535461,0.18380054831504822,0.055651042610406876,0.833713173866272,0.9223695397377014,0.9561873078346252,2,4,9,"[0.6499, 0.1838, 0.0557, 0.0192, 0.0138, 0.0102, 0.0077, 0.0069, 0.005, 0.004]","[0.07, 0.035, 0.011, 0.124, 0.231, 0.165, 0.043, 0.074, 0.307, 0.741]",3000,0.003605608595535159,-0.09984786575681708,
22,T7,3240,0.1350368212253721,0.025025622858288566,-0.029392879395805625,8.081544667478351e-05,-0.02961499304748045,0.044002355022388785,-0.035535735434622615,0.5772618055343628,0.21300412714481354,0.07359567284584045,0.7902659177780151,0.9013305306434631,0.9432512521743774,0,5,12,"[0.5773, 0.213, 0.0736, 0.0216, 0.0159, 0.0147, 0.009, 0.0076, 0.0062, 0.0045]","[0.135, 0.025, 0.029, 0.024, 0.13, 0.052, 0.137, 0.093, 0.114, 0.196]",3000,-1.8032351363217458e-05,-0.19788960848584028,
22,T8,3240,0.22473586501764964,0.028675289578847293,0.005822476754021776,0.016535427378405885,-0.036876245379262866,0.0416392530454924,-0.006743635774599641,0.757784903049469,0.12378773093223572,0.03963223472237587,0.8815726041793823,0.9477207660675049,0.9721683263778687,2,3,6,"[0.7578, 0.1238, 0.0396, 0.015, 0.0116, 0.0075, 0.0063, 0.0043, 0.0035, 0.0029]","[0.225, 0.029, 0.006, 0.204, 0.18, 0.119, 0.205, 0.034, 0.525, 0.329]",3000,0.0032066917046904564,-0.16470594361830912,
22,R0,3240,0.07442881130962763,0.15536766276444886,-0.040489976759611336,0.005332322777943831,0.0020323024523873643,-0.021390415520661076,-0.05368292363628776,0.7759242057800293,0.1078057661652565,0.03462890163064003,0.8837299942970276,0.9563363790512085,0.9782302975654602,4,3,5,"[0.7759, 0.1078, 0.0346, 0.0269, 0.0111, 0.0056, 0.0052, 0.0045, 0.0035, 0.0032]","[0.074, 0.155, 0.04, 0.146, 0.129, 0.422, 0.362, 0.304, 0.027, 0.793]",3000,0.005373755935579538,-0.09601643794894059,
22,R1,3240,0.038534932755413545,-0.20141392876832204,0.02578046300299283,-0.03805215700972661,-0.01950581483715217,0.09341379156380362,-0.053406524281105476,0.7867239117622375,0.043501388281583786,0.041739415377378464,0.8302252888679504,0.9243795275688171,0.9608885049819946,1,4,8,"[0.7867, 0.0435, 0.0417, 0.0287, 0.0237, 0.0131, 0.0091, 0.0075, 0.0036, 0.0032]","[0.039, 0.201, 0.026, 0.244, 0.122, 0.878, 0.288, 0.069, 0.009, 0.132]",3000,0.04740455746650696,-0.07306148712561504,
22,R2,3240,-0.11082745007163626,0.05239222715201856,0.04000266346179513,-0.06003119881529488,-0.005342590682775064,-0.03720787701297556,-0.010381236737984195,0.783260703086853,0.05493241548538208,0.04717520251870155,0.8381931185722351,0.9292260408401489,0.9620892405509949,1,4,7,"[0.7833, 0.0549, 0.0472, 0.0294, 0.0145, 0.011, 0.0104, 0.0048, 0.0034, 0.0033]","[0.111, 0.052, 0.04, 0.009, 0.142, 0.126, 0.004, 0.755, 0.152, 0.198]",3000,0.008381154388189316,0.08710502251332923,
22,R3,3240,-0.0947763902660688,0.0003560171459488458,-0.02968835724612318,0.011657644418110843,-0.07713287475899029,-0.06793175198336296,-0.059708820466928034,0.35452815890312195,0.16561374068260193,0.13798867166042328,0.5201418995857239,0.7870250344276428,0.8781347870826721,1,13,31,"[0.3545, 0.1656, 0.138, 0.0764, 0.0525, 0.0344, 0.0185, 0.015, 0.013, 0.0102]","[0.095, 0.0, 0.03, 0.22, 0.39, 0.114, 0.078, 0.233, 0.18, 0.054]",3000,0.1906575709581375,0.4294942328421454,
22,R4,3240,-0.14505050622839422,0.04194967146686018,-0.00013942952162869903,0.017302128697871164,-0.026000647090562094,-0.07128395646962842,-0.034932478846436084,0.46704229712486267,0.17833177745342255,0.1157306432723999,0.645374059677124,0.8750618100166321,0.9378355741500854,2,7,13,"[0.467, 0.1783, 0.1157, 0.0713, 0.0427, 0.016, 0.0148, 0.0117, 0.0115, 0.0087]","[0.145, 0.042, 0.0, 0.03, 0.006, 0.04, 0.148, 0.473, 0.345, 0.199]",3000,0.06763168424367905,0.3711473662057319,
22,R5,3240,0.03663005642407357,0.11416722458862551,-0.030660114087402966,0.039912824491926645,0.015041763175546383,-0.011771776659954512,-0.027565640428401716,0.63283371925354,0.1146494448184967,0.09105198085308075,0.7474831342697144,0.901422381401062,0.9540399312973022,0,5,10,"[0.6328, 0.1146, 0.0911, 0.0369, 0.026, 0.0196, 0.0117, 0.0097, 0.0065, 0.005]","[0.037, 0.114, 0.031, 0.043, 0.078, 0.002, 0.182, 0.05, 0.151, 0.064]",3000,-0.011347788386046886,0.06707139347807452,
22,R6,3240,0.04278672100457494,0.04469463333619327,-0.03203033654182817,-0.01223756959084082,-0.021664612641985558,-0.047228677674815596,-0.013368853573828303,0.6539405584335327,0.08037976175546646,0.04463379085063934,0.734320342540741,0.841653048992157,0.9094352126121521,1,9,21,"[0.6539, 0.0804, 0.0446, 0.0329, 0.0298, 0.0249, 0.0149, 0.0104, 0.0095, 0.0081]","[0.043, 0.045, 0.032, 0.151, 0.196, 0.137, 0.327, 0.033, 0.106, 0.204]",3000,-0.012563956901431084,0.05484982134705313,
22,R7,3240,0.06630570495289108,0.1194530234692309,0.003267257291690225,-0.06314318760957287,-0.06928747187938607,-0.04432881952813143,-0.07038763200610683,0.4735647439956665,0.08792676776647568,0.07987088710069656,0.5614914894104004,0.7204700708389282,0.8135141730308533,3,24,54,"[0.4736, 0.0879, 0.0799, 0.0455, 0.0336, 0.0248, 0.0216, 0.0181, 0.0152, 0.0133]","[0.066, 0.119, 0.003, 0.02, 0.136, 0.513, 0.42, 0.3, 0.107, 0.162]",3000,0.016417203471064568,0.18075129934795678,
22,M0,3000,0.23913505456752365,-0.27724484689631823,-0.3630648213169903,-0.1180754109167762,0.028238900194868605,-0.0956920062858613,-0.1620040806741864,0.37507402896881104,0.1989234834909439,0.12330691516399384,0.5739974975585938,0.8331337571144104,0.920744776725769,2,8,18,"[0.3751, 0.1989, 0.1233, 0.0854, 0.0504, 0.0281, 0.0213, 0.0179, 0.0109, 0.0094]","[0.239, 0.277, 0.363, 0.355, 0.143, 0.269, 0.068, 0.242, 0.084, 0.257]",3000,0.08623962104320526,-0.16819156794982165,
22,E0,3240,0.08673443662778015,-0.14302794774363156,0.1792423799622151,0.021645491344146124,0.0357934061531778,-0.013035336861890167,-0.04800022074091533,0.2026640921831131,0.15853722393512726,0.05732228234410286,0.36120131611824036,0.4677704870700836,0.5511040687561035,1,157,270,"[0.2027, 0.1585, 0.0573, 0.0286, 0.0206, 0.0191, 0.0186, 0.0169, 0.0152, 0.0135]","[0.087, 0.143, 0.179, 0.125, 0.055, 0.297, 0.095, 0.364, 0.099, 0.102]",3000,0.05747473984956741,-0.07025229217780307,
22,MEAN,3000,-0.21122918019948048,-0.6184895955148616,0.4940131137621718,-0.0056277638261756,-0.00116022259911968,-0.011036841426193635,0.057073631596223626,0.28022685647010803,0.1503908932209015,0.0792493224143982,0.4306177496910095,0.5892046689987183,0.6818497776985168,2,88,214,"[0.2802, 0.1504, 0.0792, 0.0445, 0.0348, 0.0241, 0.0212, 0.0185, 0.0155, 0.0133]","[0.211, 0.618, 0.494, 0.03, 0.119, 0.08, 0.133, 0.271, 0.126, 0.146]",3000,0.15508848428726196,0.29909872329204246,
23,T0,3240,-0.08213550269846423,0.08916426085904952,0.05975459987239892,-0.08064202393716284,-0.07354657222355128,-0.016278549536412484,-0.009042616471728186,0.6464217901229858,0.21836866438388824,0.03299505636096001,0.8647904396057129,0.927308976650238,0.9581003189086914,4,4,9,"[0.6464, 0.2184, 0.033, 0.0181, 0.0114, 0.0092, 0.0079, 0.0053, 0.0044, 0.004]","[0.082, 0.089, 0.06, 0.324, 0.185, 0.293, 0.038, 0.365, 0.463, 0.492]",3000,0.0024277500342577696,0.00568099100493654,
23,T1,3240,-0.04411510717202328,-0.02478521724774016,0.06236927406660642,0.07779757476602887,0.07501356921500103,-0.01761754878333951,0.01137755591191131,0.6515892148017883,0.18380342423915863,0.03672991320490837,0.8353926539421082,0.9033078551292419,0.9438088536262512,5,5,12,"[0.6516, 0.1838, 0.0367, 0.0165, 0.0147, 0.0125, 0.0094, 0.0073, 0.0061, 0.0052]","[0.044, 0.025, 0.062, 0.2, 0.423, 0.529, 0.466, 0.321, 0.517, 0.236]",3000,0.007295677904039621,0.08677213753011052,
23,T2,3240,-0.19127944110330883,0.5157949595823006,-0.561098913697024,-0.01642533369898509,-0.024200797725797262,-0.09603852389134244,-0.02885221900843255,0.28229495882987976,0.10979122668504715,0.07496251165866852,0.3920861780643463,0.561390221118927,0.679419219493866,3,65,151,"[0.2823, 0.1098, 0.075, 0.0534, 0.041, 0.029, 0.0275, 0.024, 0.0197, 0.0178]","[0.191, 0.516, 0.561, 0.032, 0.44, 0.179, 0.003, 0.012, 0.023, 0.281]",3000,0.053840555250644684,0.3853118744207472,
23,T3,3240,0.048321897503061886,0.015067746037776265,-0.021664119798778615,-0.040348368192691816,-0.07636269857076594,0.06466202144944673,-0.04210882613423426,0.5914201140403748,0.21040819585323334,0.07747118920087814,0.8018283247947693,0.917731761932373,0.9552751183509827,3,4,9,"[0.5914, 0.2104, 0.0775, 0.0219, 0.0165, 0.0102, 0.009, 0.0076, 0.0058, 0.0049]","[0.048, 0.015, 0.022, 0.302, 0.055, 0.041, 0.352, 0.14, 0.227, 0.791]",3000,0.006112230475991964,-0.12739942224778694,
23,T4,3240,0.03368243733550963,0.275612569766046,0.050337613569387846,-0.057691841193611475,-0.01690735293753319,0.018001697082685505,0.027445059693871433,0.9976359009742737,0.001045810990035534,0.0004267714102752507,0.9986817240715027,0.9994713664054871,0.9996651411056519,2,1,1,"[0.9976, 0.001, 0.0004, 0.0002, 0.0001, 0.0001, 0.0, 0.0, 0.0, 0.0]","[0.034, 0.276, 0.05, 0.121, 0.004, 0.228, 0.575, 0.106, 0.176, 0.425]",3000,0.0027218458708375692,-0.09141899765296398,
23,T5,3240,-0.04191520421538521,-0.03298202981572345,-0.051004085484399594,0.047226115929363204,0.10337378694756884,-0.010178529950739947,0.10344769176304545,0.8997218608856201,0.047155264765024185,0.013928181491792202,0.946877121925354,0.976194441318512,0.9861729741096497,0,2,3,"[0.8997, 0.0472, 0.0139, 0.0114, 0.004, 0.0026, 0.0023, 0.0023, 0.0015, 0.0013]","[0.042, 0.033, 0.051, 0.053, 0.143, 0.242, 0.218, 0.139, 0.087, 0.284]",3000,0.007570446468889713,0.09822453397760246,
23,T6,3240,-0.045015535688035034,-0.0033948468228620203,0.005720559410604823,-0.03739161436997497,-0.025023182169607895,0.030971515378332978,-0.01075146644090671,0.6577752232551575,0.1787007600069046,0.05361926555633545,0.8364759683609009,0.9220173954963684,0.9560630321502686,2,4,9,"[0.6578, 0.1787, 0.0536, 0.0189, 0.0131, 0.0107, 0.0077, 0.0067, 0.0047, 0.0043]","[0.045, 0.003, 0.006, 0.089, 0.318, 0.202, 0.069, 0.014, 0.074, 0.815]",3000,0.0031560242641717196,0.0991565074723932,
23,T7,3240,-0.10086452195552496,0.03317176338594379,-0.017135404492791505,0.00744540386022233,0.040695800549956265,-0.030821290236294974,0.040212521058727746,0.5902886986732483,0.2038855254650116,0.07175084203481674,0.7941741943359375,0.9004238247871399,0.9424306154251099,1,5,13,"[0.5903, 0.2039, 0.0718, 0.0192, 0.0153, 0.0142, 0.0089, 0.0081, 0.0063, 0.0045]","[0.101, 0.033, 0.017, 0.009, 0.175, 0.001, 0.143, 0.066, 0.115, 0.367]",3000,0.0001785109780030325,0.16834232552828193,
23,T8,3240,0.2246284417286181,0.06777067388950353,0.004898318721440183,0.0324188963083097,-0.0021422129303228054,0.04632995857539561,0.014168900399120601,0.7754603028297424,0.11425866186618805,0.036531440913677216,0.8897189497947693,0.9498758912086487,0.9729102253913879,2,3,6,"[0.7755, 0.1143, 0.0365, 0.0139, 0.0098, 0.0073, 0.0061, 0.0038, 0.0032, 0.0026]","[0.225, 0.068, 0.005, 0.176, 0.121, 0.03, 0.226, 0.124, 0.661, 0.642]",3000,0.006020349450409412,-0.17093188584880734,
23,R0,3240,0.12308637580872613,-0.11154192945352727,0.005469453222114535,0.015917055459628317,0.0094980256864594,-0.008776502772486731,-0.048449727944609396,0.7859007716178894,0.09823738783597946,0.03244495391845703,0.8841381669044495,0.9552603363990784,0.9775746464729309,5,3,5,"[0.7859, 0.0982, 0.0324, 0.0278, 0.0109, 0.0059, 0.0055, 0.0042, 0.0034, 0.0032]","[0.123, 0.112, 0.005, 0.219, 0.139, 0.469, 0.43, 0.335, 0.46, 0.632]",3000,0.0077085490338504314,-0.13834014008742612,
23,R1,3240,0.06553313499943851,-0.16220019586250695,-0.3139998404167981,-0.019631829101473944,-0.011458069020732153,0.1102253500676152,-0.11036506016196287,0.7871233820915222,0.042427271604537964,0.04123355820775032,0.8295506238937378,0.9228850603103638,0.9597194790840149,2,4,8,"[0.7871, 0.0424, 0.0412, 0.0296, 0.0225, 0.0135, 0.0091, 0.0075, 0.0035, 0.0032]","[0.066, 0.162, 0.314, 0.267, 0.008, 0.875, 0.159, 0.113, 0.019, 0.174]",3000,0.04899651184678078,-0.17602554812089874,
23,R2,3240,-0.13548110406918956,0.053178993870070745,-0.008754374960542417,-0.015115913746268942,0.010650396267616071,-0.06824778231525559,0.007755514591474541,0.7894381284713745,0.05534134805202484,0.04150596633553505,0.8447794914245605,0.9278183579444885,0.9621228575706482,1,4,7,"[0.7894, 0.0553, 0.0415, 0.0277, 0.0139, 0.012, 0.0103, 0.0049, 0.0038, 0.0032]","[0.135, 0.053, 0.009, 0.005, 0.153, 0.196, 0.043, 0.761, 0.241, 0.113]",3000,0.016524136066436768,0.11305291417136094,
23,R3,3240,-0.0756664955644175,0.10155832734907376,-0.17622651985700225,0.04529308396574075,-0.057200788471509854,-0.04436948966994497,-0.05695315575472075,0.36363205313682556,0.17390678822994232,0.12580925226211548,0.5375388264656067,0.7808488607406616,0.8725290298461914,1,14,33,"[0.3636, 0.1739, 0.1258, 0.0718, 0.0457, 0.0324, 0.0183, 0.0164, 0.014, 0.0106]","[0.076, 0.102, 0.176, 0.18, 0.439, 0.093, 0.061, 0.133, 0.094, 0.017]",3000,0.17255574464797974,0.33733755018310135,
23,R4,3240,0.16234585153609038,0.04676422030934112,0.021458144284856533,0.004814668219685455,0.04447789457595311,0.11166429357968195,0.04899810357601572,0.47490185499191284,0.1825145184993744,0.11052017658948898,0.6574163436889648,0.880271852016449,0.9405856132507324,1,7,12,"[0.4749, 0.1825, 0.1105, 0.0711, 0.0412, 0.0158, 0.0146, 0.0117, 0.0102, 0.008]","[0.162, 0.047, 0.021, 0.016, 0.0, 0.231, 0.037, 0.083, 0.47, 0.287]",3000,0.059416718780994415,-0.43592832519230723,
23,R5,3240,0.007506968535623869,0.14031010771617738,-0.049504160962312076,-0.03929792324241027,-0.025715273209188677,0.013883289981923069,0.007440643695476372,0.6270864605903625,0.11743102967739105,0.09536904096603394,0.7445175051689148,0.9028011560440063,0.9533429145812988,0,5,10,"[0.6271, 0.1174, 0.0954, 0.037, 0.0259, 0.0178, 0.0117, 0.0096, 0.0065, 0.005]","[0.008, 0.14, 0.05, 0.05, 0.053, 0.002, 0.117, 0.035, 0.115, 0.123]",3000,-0.011450176127254963,-0.11059348842216518,
23,R6,3240,0.05132882185849805,0.09807551569799763,-0.08128738987822606,-0.008238091318769496,-0.02264773592431647,-0.05097737083832832,-0.014648923306969767,0.6456593871116638,0.09162141382694244,0.04124379903078079,0.7372807860374451,0.837887167930603,0.9053645133972168,1,10,23,"[0.6457, 0.0916, 0.0412, 0.0318, 0.0276, 0.0241, 0.0147, 0.0105, 0.01, 0.0082]","[0.051, 0.098, 0.081, 0.177, 0.21, 0.154, 0.379, 0.004, 0.111, 0.228]",3000,-0.01119079627096653,0.09493651115398105,
23,R7,3240,0.09899123604027167,0.11290417599475787,-0.02866194038793985,-0.06613764469862923,-0.06865985047983718,-0.042893530144210185,-0.06294976052113989,0.4404350519180298,0.09507209807634354,0.08608850836753845,0.5355071425437927,0.7081376314163208,0.8010157346725464,2,27,61,"[0.4404, 0.0951, 0.0861, 0.0509, 0.0357, 0.0242, 0.0206, 0.0184, 0.0152, 0.0145]","[0.099, 0.113, 0.029, 0.016, 0.123, 0.328, 0.465, 0.124, 0.02, 0.241]",3000,0.012267122976481915,0.15346197312659832,
23,M0,3000,0.23335977886100956,-0.27783079407641,-0.3815147373503787,-0.1089825780153126,0.025454793361131055,-0.09948442635506695,-0.16599209049505984,0.37182337045669556,0.1973755657672882,0.12509785592556,0.5691989660263062,0.8299586176872253,0.9181795120239258,2,9,20,"[0.3718, 0.1974, 0.1251, 0.0846, 0.051, 0.0287, 0.0206, 0.0186, 0.0109, 0.0094]","[0.233, 0.278, 0.382, 0.362, 0.155, 0.253, 0.101, 0.265, 0.071, 0.241]",3000,0.08802233636379242,-0.16511129065693825,
23,E0,3240,-0.09644903802925278,-0.12381058736899878,-0.10046852575599591,-0.03661619563725363,-0.024264396741418937,0.02092811684437016,0.030180456316642148,0.21236708760261536,0.15646445751190186,0.055813487619161606,0.3688315451145172,0.47711050510406494,0.5583529472351074,2,153,263,"[0.2124, 0.1565, 0.0558, 0.0314, 0.0211, 0.019, 0.0175, 0.016, 0.015, 0.0137]","[0.096, 0.124, 0.1, 0.219, 0.007, 0.309, 0.064, 0.366, 0.081, 0.129]",3000,0.04908886179327965,0.042179833799333585,
23,MEAN,3000,-0.23011825950424383,0.6215542536181698,0.49282925597819066,-0.005921406814515881,0.0006172049332992893,-0.009710356821731575,0.04880621557402204,0.2510344684123993,0.14990989863872528,0.08179609477519989,0.4009443521499634,0.5638411045074463,0.6626174449920654,2,97,233,"[0.251, 0.1499, 0.0818, 0.0455, 0.0356, 0.0255, 0.0232, 0.0194, 0.0164, 0.0143]","[0.23, 0.622, 0.493, 0.003, 0.121, 0.053, 0.179, 0.279, 0.117, 0.161]",3000,0.15652461349964142,0.3057462855035927,
24,T0,3240,-0.13688255060201424,0.0036785466041680637,0.07194766783987581,-0.09279333998430832,-0.09899914038684222,-0.033783014431574214,-0.00919978702576416,0.6429440975189209,0.22091315686702728,0.03110864758491516,0.8638572692871094,0.9239414930343628,0.9564962983131409,3,4,9,"[0.6429, 0.2209, 0.0311, 0.018, 0.0109, 0.0091, 0.0082, 0.0066, 0.0046, 0.004]","[0.137, 0.004, 0.072, 0.381, 0.133, 0.247, 0.192, 0.631, 0.407, 0.091]",3000,0.00919220969080925,0.08611293834716614,
24,T1,3240,0.06818618114149,-0.1431769461503501,-0.04616037543816737,-0.06738340124343592,-0.06447313178540079,0.010879745656443496,-0.01210355311515901,0.6472092270851135,0.1690749228000641,0.034959353506565094,0.8162841796875,0.8914461135864258,0.934110701084137,4,6,15,"[0.6472, 0.1691, 0.035, 0.0227, 0.0175, 0.0134, 0.0096, 0.0078, 0.0065, 0.0053]","[0.068, 0.143, 0.046, 0.754, 0.331, 0.479, 0.239, 0.115, 0.428, 0.248]",3000,0.024844776839017868,-0.08575001581444663,
24,T2,3240,-0.18706699086082584,-0.44909216375369826,-0.5678977721890158,-0.017360321535069778,-0.025926330973182518,-0.09269480162185771,-0.03797042040968097,0.2569658160209656,0.11244101077318192,0.07444968074560165,0.3694068193435669,0.5439409017562866,0.6666684746742249,3,70,163,"[0.257, 0.1124, 0.0744, 0.0601, 0.04, 0.0321, 0.0296, 0.0224, 0.0197, 0.0189]","[0.187, 0.449, 0.568, 0.012, 0.438, 0.187, 0.139, 0.033, 0.148, 0.181]",3000,0.053915731608867645,0.38886007357627683,
24,T3,3240,0.04640787584736992,0.04712189880916322,0.028480561350260582,-0.012578606748770914,-0.04178668701399008,0.06345324355781758,-0.045357602806500016,0.6104021668434143,0.1926395744085312,0.07473185658454895,0.8030417561531067,0.9151621460914612,0.9537177681922913,3,5,10,"[0.6104, 0.1926, 0.0747, 0.0216, 0.0158, 0.011, 0.0087, 0.0076, 0.0058, 0.0053]","[0.046, 0.047, 0.028, 0.298, 0.189, 0.18, 0.42, 0.183, 0.521, 0.578]",3000,0.006857255473732948,-0.1005526571984275,
24,T4,3240,0.033738251085075006,0.2771690933392866,0.04972187386333378,-0.057661540585600905,-0.01702477895113084,0.018076034811618808,0.02741712797446629,0.997553288936615,0.0010484273079782724,0.0004314120742492378,0.9986017346382141,0.9994062781333923,0.9996153116226196,1,1,1,"[0.9976, 0.001, 0.0004, 0.0002, 0.0001, 0.0001, 0.0001, 0.0, 0.0, 0.0]","[0.034, 0.277, 0.05, 0.127, 0.005, 0.296, 0.576, 0.058, 0.143, 0.242]",3000,0.0027199748437851667,-0.09136018802974019,
24,T5,3240,-0.04572071756423952,0.019646862695618234,0.05602667456509603,0.04841803013477278,0.10446365782955393,-0.012718272274301305,0.10384562736612468,0.8940065503120422,0.043250832706689835,0.020336996763944626,0.9372574090957642,0.9759855270385742,0.9859620332717896,1,2,3,"[0.894, 0.0433, 0.0203, 0.0143, 0.0041, 0.0025, 0.0024, 0.0022, 0.0016, 0.0013]","[0.046, 0.02, 0.056, 0.048, 0.121, 0.32, 0.093, 0.213, 0.109, 0.299]",3000,0.006329997442662716,0.09863222558932887,
24,T6,3240,-0.04061500968688319,0.02468926236260436,0.009412092495977317,-0.034409361400634504,-0.02723095771072755,0.032934951125081734,-0.01722462130267522,0.6747821569442749,0.1736692190170288,0.049063876271247864,0.8484513759613037,0.9267419576644897,0.9579758644104004,3,4,9,"[0.6748, 0.1737, 0.0491, 0.0164, 0.0128, 0.0097, 0.0068, 0.0059, 0.0047, 0.0042]","[0.041, 0.025, 0.009, 0.052, 0.314, 0.212, 0.038, 0.02, 0.724, 0.476]",3000,0.004456596914678812,0.09181804532735491,
24,T7,3240,0.09554162484322427,-0.0452024773288693,-0.04273627542274004,0.03436127211607854,-0.0022260079816407226,0.022169780892502527,-0.06724557249745453,0.6216875314712524,0.1867932677268982,0.06544072926044464,0.8084807991981506,0.9048151969909668,0.9449250102043152,1,5,12,"[0.6217, 0.1868, 0.0654, 0.0164, 0.0145, 0.0131, 0.0087, 0.0078, 0.0061, 0.0043]","[0.096, 0.045, 0.043, 0.107, 0.174, 0.003, 0.183, 0.089, 0.179, 0.683]",3000,0.003715530503541231,-0.13715091711857083,
24,T8,3240,0.24115084002909257,0.10100651867812305,-0.03651907330675386,0.027795549533515065,0.006392263151869572,0.015041029443381065,0.00902603834680162,0.8045110106468201,0.09685501456260681,0.028160208836197853,0.9013659954071045,0.9482570290565491,0.970005452632904,1,2,6,"[0.8045, 0.0969, 0.0282, 0.0108, 0.008, 0.0062, 0.0053, 0.0047, 0.0033, 0.0024]","[0.241, 0.101, 0.037, 0.164, 0.037, 0.002, 0.053, 0.862, 0.177, 0.121]",3000,0.017532523721456528,-0.1741870411682769,
24,R0,3240,0.2300450661364865,-0.051876462120417244,0.03119705027541192,0.007130609317507992,0.005864164100192043,-0.017656423671233414,-0.04119378443701615,0.8027899861335754,0.08471918851137161,0.027645451948046684,0.8875091671943665,0.9522448182106018,0.9742459654808044,2,3,5,"[0.8028, 0.0847, 0.0276, 0.0275, 0.0096, 0.0059, 0.0054, 0.0043, 0.0036, 0.0028]","[0.23, 0.052, 0.031, 0.037, 0.252, 0.691, 0.279, 0.512, 0.151, 0.186]",3000,0.02064109779894352,-0.16281745091325267,
24,R1,3240,0.2507250601283224,-0.3050877380878276,0.051072621912294905,-0.019328832841888292,-0.029515467481354845,0.053674777579223926,-0.07652752902608195,0.7972949743270874,0.04070146754384041,0.03524935618042946,0.8379964232444763,0.9227736592292786,0.9593113660812378,3,4,8,"[0.7973, 0.0407, 0.0352, 0.0288, 0.0207, 0.0146, 0.0086, 0.0066, 0.0036, 0.0031]","[0.251, 0.305, 0.051, 0.423, 0.049, 0.851, 0.066, 0.059, 0.213, 0.038]",3000,0.06226978451013565,-0.18732388702424885,
24,R2,3240,-0.026865126177867776,0.08806238440496272,-0.1016072035835695,-0.008888001140529548,0.010044866584088218,-0.11309710032991632,0.025921031390022352,0.7799029350280762,0.056074801832437515,0.037978995591402054,0.8359777331352234,0.915966272354126,0.9536738991737366,1,5,10,"[0.7799, 0.0561, 0.038, 0.0238, 0.0182, 0.0131, 0.0091, 0.0071, 0.0046, 0.0037]","[0.027, 0.088, 0.102, 0.184, 0.274, 0.154, 0.258, 0.753, 0.222, 0.039]",3000,0.046982623636722565,0.11286687962579245,
24,R3,3240,-0.08245744007514054,0.09783477213857819,-0.1817732302621945,0.043360555207528864,-0.05688033928780905,-0.09394685874670579,-0.02130654051036915,0.3770690858364105,0.1790209710597992,0.11914319545030594,0.5560900568962097,0.7877887487411499,0.8784581422805786,1,13,32,"[0.3771, 0.179, 0.1191, 0.0713, 0.0412, 0.0311, 0.018, 0.0176, 0.0138, 0.0101]","[0.082, 0.098, 0.182, 0.137, 0.442, 0.111, 0.182, 0.049, 0.0, 0.1]",3000,0.17026300728321075,0.3890967974731358,
24,R4,3240,-0.15969367216915092,-0.07540168629751622,0.07369340661883302,0.009364806427038708,-0.04547350164696137,-0.07333014835274632,-0.09075643630395047,0.4879457950592041,0.1792696863412857,0.10665688663721085,0.6672154664993286,0.8817472457885742,0.9401492476463318,1,7,12,"[0.4879, 0.1793, 0.1067, 0.069, 0.0388, 0.0158, 0.0134, 0.0112, 0.0098, 0.0082]","[0.16, 0.075, 0.074, 0.08, 0.006, 0.28, 0.047, 0.159, 0.509, 0.289]",3000,0.05844724923372269,0.4297841021035875,
24,R5,3240,0.016582633301769595,0.19561433403652995,-0.014349404274951696,-0.03818743158842208,-0.028302563917735328,0.006638538575629532,0.0053609715182723556,0.5986199975013733,0.12819357216358185,0.10096988826990128,0.726813554763794,0.895559549331665,0.9476907849311829,1,6,11,"[0.5986, 0.1282, 0.101, 0.0364, 0.0314, 0.0178, 0.0116, 0.0109, 0.0065, 0.0053]","[0.017, 0.196, 0.014, 0.02, 0.011, 0.005, 0.057, 0.025, 0.116, 0.597]",3000,-0.010595983825623989,-0.09000311663265198,
24,R6,3240,-0.1129536892182327,0.2319905648860657,-0.07908781425269358,-0.010284817501816894,0.007748521053182853,-0.007182865886005536,0.05580265988875753,0.6207342147827148,0.09798954427242279,0.04080123081803322,0.7187237739562988,0.8229922652244568,0.8955429196357727,2,11,27,"[0.6207, 0.098, 0.0408, 0.0349, 0.0286, 0.0257, 0.0168, 0.0113, 0.0102, 0.0086]","[0.113, 0.232, 0.079, 0.287, 0.347, 0.232, 0.424, 0.136, 0.165, 0.234]",3000,-0.00817386619746685,-0.03531404688510982,
24,R7,3240,0.14397230454614465,0.03351259837045112,0.05973964948951921,-0.07452136749236025,-0.08160565731769717,-0.017674298255266608,-0.07889305794450896,0.4251401126384735,0.09396369010210037,0.08238426595926285,0.5191038250923157,0.6938430070877075,0.7871235013008118,3,31,70,"[0.4251, 0.094, 0.0824, 0.0549, 0.0375, 0.0237, 0.0216, 0.0184, 0.0151, 0.0145]","[0.144, 0.034, 0.06, 0.137, 0.323, 0.498, 0.527, 0.048, 0.121, 0.262]",3000,0.02340574562549591,0.10676207744728317,
24,M0,3000,0.2421514527701923,-0.25437316537236343,-0.3983376540944049,-0.10438990023599605,0.025058995744139608,-0.10342062435712551,-0.16342577508336187,0.3601420521736145,0.20068740844726562,0.12701241672039032,0.5608294606208801,0.8233644366264343,0.9140957593917847,2,9,21,"[0.3601, 0.2007, 0.127, 0.0842, 0.0514, 0.0296, 0.0215, 0.0194, 0.0109, 0.0093]","[0.242, 0.254, 0.398, 0.365, 0.154, 0.253, 0.003, 0.212, 0.171, 0.251]",3000,0.09009692072868347,-0.15932286740049093,
24,E0,3240,-0.11202652286189341,0.12487586457823115,0.13498457385436502,-0.04112130287976366,-0.019289279143173233,0.02106248205874402,0.02998347793185261,0.20201899111270905,0.16068948805332184,0.05262526124715805,0.3627084791660309,0.4662041664123535,0.5481468439102173,2,165,287,"[0.202, 0.1607, 0.0526, 0.0303, 0.0206, 0.0196, 0.0186, 0.0164, 0.0139, 0.0135]","[0.112, 0.125, 0.135, 0.251, 0.106, 0.323, 0.064, 0.175, 0.501, 0.059]",3000,0.05607088282704353,0.058403820160238026,
24,MEAN,3000,-0.2669543508526486,-0.6164174197996531,0.503530518261216,-0.003969414231728694,-0.0008915086125506371,-0.012535973847182498,0.04918092724516955,0.22936958074569702,0.15196514129638672,0.08980277180671692,0.38133472204208374,0.5528898239135742,0.6526009440422058,2,102,246,"[0.2294, 0.152, 0.0898, 0.0453, 0.0364, 0.0249, 0.0232, 0.0201, 0.0172, 0.0144]","[0.267, 0.616, 0.504, 0.031, 0.134, 0.045, 0.204, 0.239, 0.113, 0.18]",3000,0.15825535356998444,0.33607903951088647,
25,T0,3240,-0.14744814519738356,-0.05938366774479305,0.06240712595673954,-0.08687015081773095,-0.09708272914202896,-0.020842620938356926,-0.016145936953655883,0.6188551783561707,0.23534439504146576,0.03597181662917137,0.8541995882987976,0.9209566116333008,0.954983115196228,4,4,9,"[0.6189, 0.2353, 0.036, 0.0195, 0.0113, 0.009, 0.0088, 0.007, 0.0052, 0.0041]","[0.147, 0.059, 0.062, 0.371, 0.096, 0.477, 0.036, 0.631, 0.304, 0.028]",3000,0.009806444868445396,0.0613727955737377,
25,T1,3240,-0.0742771861525288,0.3007777017147757,0.6334595978286185,0.08646375873540664,0.0847859132648476,-0.023108102281315563,0.0314592114355919,0.5647180676460266,0.15998806059360504,0.04876618832349777,0.7247061133384705,0.837812602519989,0.8931676149368286,3,12,29,"[0.5647, 0.16, 0.0488, 0.0433, 0.0211, 0.0136, 0.0128, 0.0116, 0.0099, 0.0075]","[0.074, 0.301, 0.633, 0.454, 0.167, 0.2, 0.101, 0.219, 0.02, 0.226]",3000,0.05423892289400101,0.13635886392863436,
25,T2,3240,-0.14708444407508872,0.5092367650150528,-0.4292449659998327,-0.024795017961534393,-0.036669462784846896,-0.11997180961539507,-0.0008448498253045772,0.25149041414260864,0.11208128929138184,0.07848063111305237,0.3635717034339905,0.5348866581916809,0.6565938591957092,3,73,171,"[0.2515, 0.1121, 0.0785, 0.0558, 0.037, 0.0329, 0.0282, 0.0221, 0.0195, 0.019]","[0.147, 0.509, 0.429, 0.3, 0.459, 0.094, 0.046, 0.156, 0.203, 0.022]",3000,0.06135515868663788,0.3786194388320116,
25,T3,3240,0.08365211147325924,0.03506548437111386,-0.04543539712696448,-0.02736043763145254,-0.07585764556986341,0.09809693335119898,-0.06186035927212116,0.6045867204666138,0.19270436465740204,0.07799863815307617,0.797291100025177,0.9129735827445984,0.9512022137641907,3,5,10,"[0.6046, 0.1927, 0.078, 0.0221, 0.0156, 0.0109, 0.0085, 0.0075, 0.0059, 0.0054]","[0.084, 0.035, 0.045, 0.301, 0.104, 0.106, 0.262, 0.257, 0.483, 0.63]",3000,0.006242500152438879,-0.16259146286400059,
25,T4,3240,0.0341872930929596,0.27841202885898414,0.05533463663404935,-0.057573958933303256,-0.016959132447601888,0.01819781707869789,0.02718435401261103,0.9971661567687988,0.0010932350996881723,0.00044740299927070737,0.9982593655586243,0.9992806911468506,0.9995232224464417,2,1,1,"[0.9972, 0.0011, 0.0004, 0.0004, 0.0002, 0.0001, 0.0001, 0.0, 0.0, 0.0]","[0.034, 0.278, 0.055, 0.057, 0.108, 0.394, 0.602, 0.156, 0.064, 0.299]",3000,0.002735770307481289,-0.09223774581689696,
25,T5,3240,-0.048411707686003225,0.018274807269845088,0.04703537416220568,0.04763453717138115,0.10438568555024069,-0.012877546038455208,0.10366353502347321,0.8754110932350159,0.05106525868177414,0.022226961329579353,0.9264763593673706,0.9712321758270264,0.9832413792610168,1,2,4,"[0.8754, 0.0511, 0.0222, 0.0174, 0.0051, 0.0033, 0.0028, 0.0025, 0.0019, 0.0015]","[0.048, 0.018, 0.047, 0.055, 0.156, 0.095, 0.207, 0.249, 0.108, 0.457]",3000,0.006058073602616787,0.0993539021332043,
25,T6,3240,0.03850143145665656,0.015509026335969015,-0.004267966568144788,0.02775053157171003,0.02074733893086987,-0.03603890998266983,0.025916803864222546,0.6789637207984924,0.171036496758461,0.05197945982217789,0.8500002026557922,0.9298485517501831,0.9600181579589844,2,3,8,"[0.679, 0.171, 0.052, 0.0158, 0.0121, 0.0092, 0.0065, 0.0054, 0.0052, 0.0039]","[0.039, 0.016, 0.004, 0.08, 0.322, 0.232, 0.03, 0.249, 0.776, 0.276]",3000,0.005231745075434446,-0.08798188124283496,
25,T7,3240,0.1037465141650051,-0.02967401195548172,-0.0024426935429143525,0.022444003377183944,-0.0158432069087778,0.03176884936479164,-0.06359436240849323,0.6398717761039734,0.1741512417793274,0.06235450506210327,0.8140230178833008,0.9053571820259094,0.9458556175231934,1,5,12,"[0.6399, 0.1742, 0.0624, 0.015, 0.014, 0.013, 0.009, 0.0075, 0.0063, 0.0047]","[0.104, 0.03, 0.002, 0.148, 0.197, 0.033, 0.234, 0.094, 0.242, 0.746]",3000,0.0074035366997122765,-0.1638505994638604,
25,T8,3240,0.19688313111043976,0.21853468729374795,-0.17256071200568487,0.037627483017135276,-0.0029650842111905943,-0.019101489060095844,0.007261080291613754,0.7851355075836182,0.09765199571847916,0.025530464947223663,0.8827875256538391,0.9324050545692444,0.9580930471420288,2,3,8,"[0.7851, 0.0977, 0.0255, 0.0141, 0.01, 0.0078, 0.0053, 0.0046, 0.0043, 0.0037]","[0.197, 0.219, 0.173, 0.765, 0.181, 0.274, 0.13, 0.058, 0.44, 0.031]",3000,0.038083337247371674,-0.14676468739725235,
25,R0,3240,0.15978115228121298,-0.05644650770756679,0.17543627305142692,0.02582705447019489,0.003832458111934769,-0.03800338873496585,-0.019438764118254712,0.7765212655067444,0.0799601823091507,0.03177553415298462,0.8564814329147339,0.9317761063575745,0.9596811532974243,1,4,8,"[0.7765, 0.08, 0.0318, 0.0297, 0.0138, 0.0092, 0.0061, 0.0047, 0.004, 0.0038]","[0.16, 0.056, 0.175, 0.039, 0.8, 0.236, 0.161, 0.044, 0.006, 0.128]",3000,0.042535681277513504,-0.11648703010109616,
25,R1,3240,-0.17582136304050863,-0.36717433855324233,0.0219650310913795,-0.012253296344272597,0.03527777177675251,-0.03040083882066687,0.026988583664455473,0.7609671950340271,0.041385602205991745,0.03352212905883789,0.802352786064148,0.8878982067108154,0.9397638440132141,3,6,13,"[0.761, 0.0414, 0.0335, 0.0278, 0.0242, 0.022, 0.0104, 0.0075, 0.0069, 0.0051]","[0.176, 0.367, 0.022, 0.527, 0.293, 0.578, 0.226, 0.213, 0.237, 0.171]",3000,0.0926719531416893,0.05023231544348039,
25,R2,3240,-0.03701569125106443,0.15820443940087833,0.2354146755451471,-0.03826924376471513,-0.05144095066606343,-0.16761934674674203,0.01910301298256029,0.6973545551300049,0.04753769934177399,0.03923463821411133,0.7448922395706177,0.8464012145996094,0.9096418023109436,2,9,24,"[0.6974, 0.0475, 0.0392, 0.0358, 0.0265, 0.0198, 0.0169, 0.0112, 0.0082, 0.007]","[0.037, 0.158, 0.235, 0.139, 0.527, 0.183, 0.287, 0.529, 0.11, 0.222]",3000,0.09089188277721405,0.27231253500323405,
25,R3,3240,-0.1630915356207527,0.11560146118840062,0.17326650073999994,0.026125427481908322,-0.05498595529756544,-0.16076773984098022,0.05360453404018111,0.38139909505844116,0.1785075068473816,0.11671073734760284,0.5599066019058228,0.7941713929176331,0.8793132305145264,1,13,33,"[0.3814, 0.1785, 0.1167, 0.07, 0.0476, 0.0285, 0.0176, 0.0175, 0.0124, 0.0092]","[0.163, 0.116, 0.173, 0.17, 0.424, 0.056, 0.113, 0.278, 0.029, 0.114]",3000,0.19386141002178192,0.5192220769282886,
25,R4,3240,-0.10675537051808955,-0.09069519364883634,0.05773799739433196,0.02082139270397713,-0.023242426069949786,-0.0577547480964699,-0.09768716822285446,0.5054964423179626,0.17687925696372986,0.09483694285154343,0.6823756694793701,0.8806642889976501,0.9411861896514893,3,7,12,"[0.5055, 0.1769, 0.0948, 0.0667, 0.0368, 0.015, 0.0137, 0.0118, 0.0111, 0.0089]","[0.107, 0.091, 0.058, 0.086, 0.007, 0.399, 0.305, 0.493, 0.027, 0.056]",3000,0.07515066862106323,0.2970162026340065,
25,R5,3240,0.019505681589529728,0.16972745795304486,-0.03475974471038063,-0.028669909544048574,-0.017176341370512598,0.0011181080066432617,0.00010700260535131071,0.5912518501281738,0.1399289071559906,0.09340649098157883,0.7311807870864868,0.8870359063148499,0.9376375079154968,1,6,13,"[0.5913, 0.1399, 0.0934, 0.0333, 0.0291, 0.0147, 0.0122, 0.0102, 0.0075, 0.0059]","[0.02, 0.17, 0.035, 0.032, 0.008, 0.002, 0.014, 0.175, 0.667, 0.006]",3000,-0.008957190439105034,-0.11026269408063785,
25,R6,3240,-0.01734953106721918,0.21157657972273383,0.00012677212501255672,-0.006338090688706482,-0.0013818606905466263,-0.0020785245693320706,0.05543588249153323,0.6006964445114136,0.10323382169008255,0.041630569845438004,0.7039302587509155,0.8081062436103821,0.8833376169204712,6,13,32,"[0.6007, 0.1032, 0.0416, 0.0333, 0.0292, 0.0256, 0.0183, 0.0119, 0.0102, 0.0091]","[0.017, 0.212, 0.0, 0.412, 0.494, 0.317, 0.466, 0.357, 0.364, 0.126]",3000,-0.0005095175001770258,-0.10072536864510949,
25,R7,3240,0.14176022009708636,0.17243197952344375,-0.017461432415186252,-0.05830785776906542,-0.07369998908637265,-0.02423462878700393,-0.0438718034255364,0.40561601519584656,0.09081123769283295,0.07407625764608383,0.4964272379875183,0.6638283729553223,0.7707831263542175,2,36,83,"[0.4056, 0.0908, 0.0741, 0.0559, 0.0374, 0.0327, 0.0272, 0.0187, 0.0152, 0.0132]","[0.142, 0.172, 0.017, 0.289, 0.585, 0.521, 0.082, 0.128, 0.003, 0.191]",3000,0.09384744614362717,0.06719628883610966,
25,M0,3000,0.25785903489702805,-0.25253851887383016,-0.4217259302848311,-0.1235601819480852,0.016821109646980203,-0.09501948216789087,-0.17695604621043415,0.36939454078674316,0.18494704365730286,0.1137702539563179,0.5543415546417236,0.8012067079544067,0.8953327536582947,5,11,28,"[0.3694, 0.1849, 0.1138, 0.0834, 0.0497, 0.0299, 0.0217, 0.0192, 0.0121, 0.0113]","[0.258, 0.253, 0.422, 0.377, 0.162, 0.311, 0.069, 0.323, 0.224, 0.347]",3000,0.09610992670059204,-0.17816441224569038,
25,E0,3240,-0.14811632202309438,0.13654202635074073,0.27141609655635024,-0.020274911113767127,-0.002586255763365196,0.0171476400857117,0.036277360211702324,0.20621761679649353,0.16207973659038544,0.045823123306035995,0.3682973384857178,0.47186145186424255,0.5567824244499207,4,170,302,"[0.2062, 0.1621, 0.0458, 0.0304, 0.0273, 0.0203, 0.0194, 0.0171, 0.0145, 0.0137]","[0.148, 0.137, 0.271, 0.43, 0.103, 0.403, 0.265, 0.225, 0.411, 0.327]",3000,0.09227433055639267,0.09046731685067858,
25,MEAN,3000,-0.2701006772396074,-0.6915192645780299,0.4241216451619097,0.0007288422329816327,0.003267927883855782,-0.018381048987058737,0.05763153062771111,0.2569611966609955,0.15873710811138153,0.07833622395992279,0.4156982898712158,0.5731688141822815,0.6730852127075195,2,92,228,"[0.257, 0.1587, 0.0783, 0.0427, 0.0364, 0.024, 0.0222, 0.0211, 0.0177, 0.0149]","[0.27, 0.692, 0.424, 0.048, 0.17, 0.273, 0.128, 0.161, 0.007, 0.081]",3000,0.16785024106502533,0.33597814642377716,
26,T0,3240,-0.12589642393903194,-0.09569481933637257,0.037820690339641506,-0.0834529547906433,-0.09718016225848407,0.0018689959776325784,-0.03179869921988332,0.6117980480194092,0.2397889941930771,0.038024771958589554,0.8515870571136475,0.9212324619293213,0.9556450843811035,4,4,9,"[0.6118, 0.2398, 0.038, 0.0208, 0.0109, 0.0092, 0.0088, 0.0072, 0.0052, 0.004]","[0.126, 0.096, 0.038, 0.354, 0.063, 0.025, 0.502, 0.522, 0.399, 0.126]",3000,0.008895697072148323,0.021206347370920385,
26,T1,3240,0.07988871749559899,-0.28542586486096627,0.6844977310687935,-0.08712624604637703,-0.09568826534131525,0.0390149204439334,-0.06502967381485954,0.549173891544342,0.1518731713294983,0.05774770677089691,0.7010470628738403,0.8215916156768799,0.8815980553627014,2,13,33,"[0.5492, 0.1519, 0.0577, 0.0433, 0.0195, 0.0145, 0.0142, 0.0123, 0.011, 0.0079]","[0.08, 0.285, 0.684, 0.392, 0.128, 0.183, 0.153, 0.074, 0.229, 0.106]",3000,0.08021252602338791,-0.15812858091528545,
26,T2,3240,-0.16108527277916307,0.5087089406065587,-0.3451571067587837,-0.023267361872473556,-0.05268506696923512,-0.11414976146309624,0.0036500099562206145,0.2342205047607422,0.10826201736927032,0.07981471717357635,0.3424825072288513,0.5208266377449036,0.6414346694946289,4,82,190,"[0.2342, 0.1083, 0.0798, 0.0562, 0.0423, 0.0317, 0.0279, 0.0225, 0.0204, 0.0181]","[0.161, 0.509, 0.345, 0.377, 0.482, 0.049, 0.02, 0.136, 0.135, 0.073]",3000,0.07636197656393051,0.3863384230066272,
26,T3,3240,0.07638449760253517,-0.025570598620854087,-0.06211262120503744,-0.01908900978296907,-0.060617173020889516,0.10268400349242943,-0.060997689014052496,0.5902910232543945,0.19911888241767883,0.08142362534999847,0.789409875869751,0.9087279438972473,0.9485524296760559,3,5,11,"[0.5903, 0.1991, 0.0814, 0.0228, 0.0151, 0.0112, 0.0092, 0.0077, 0.0062, 0.0056]","[0.076, 0.026, 0.062, 0.31, 0.111, 0.064, 0.249, 0.238, 0.438, 0.649]",3000,0.005293930880725384,-0.16072669594020328,
26,T4,3240,0.03426889020432282,0.2795633512712652,0.05894352508411336,-0.057692237223048684,-0.016810954753931656,0.017936823082246332,0.027187807299850562,0.9970963597297668,0.0010982349049299955,0.00046196740004234016,0.9981945753097534,0.9992427825927734,0.9994928240776062,3,1,1,"[0.9971, 0.0011, 0.0005, 0.0004, 0.0002, 0.0001, 0.0001, 0.0, 0.0, 0.0]","[0.034, 0.28, 0.059, 0.058, 0.101, 0.327, 0.637, 0.145, 0.053, 0.334]",3000,0.0027387645095586777,-0.09215005806899877,
26,T5,3240,-0.04668863508842383,0.0014101886180863097,0.05176233502533499,0.04658463114675239,0.1057295982688205,-0.013524000984851047,0.10476142374840784,0.8391146063804626,0.0692361444234848,0.02538607269525528,0.9083507657051086,0.9633975028991699,0.9786229133605957,1,2,4,"[0.8391, 0.0692, 0.0254, 0.0231, 0.0066, 0.0042, 0.0036, 0.0031, 0.0023, 0.002]","[0.047, 0.001, 0.052, 0.064, 0.198, 0.048, 0.203, 0.24, 0.014, 0.662]",3000,0.006744647864252329,0.09852165446298353,
26,T6,3240,0.03924397690047464,-0.018888607849889813,-0.02025165766185462,0.02740711137405308,0.01692066812582441,-0.0342798181306168,0.022886069619106816,0.6580089926719666,0.18259210884571075,0.061362143605947495,0.8406010866165161,0.9296637773513794,0.9602798223495483,4,3,8,"[0.658, 0.1826, 0.0614, 0.0161, 0.0116, 0.0092, 0.0064, 0.0059, 0.0054, 0.0038]","[0.039, 0.019, 0.02, 0.157, 0.291, 0.191, 0.405, 0.635, 0.345, 0.335]",3000,0.008467468433082104,-0.09927543856683821,
26,T7,3240,0.09216293684592562,-0.02938692224274982,0.016664600295149455,0.023814236229189767,-0.021600268749892567,0.037426024041750945,-0.06967399300682123,0.6505651473999023,0.16830356419086456,0.060925692319869995,0.8188686966896057,0.9076647162437439,0.9469130039215088,1,5,11,"[0.6506, 0.1683, 0.0609, 0.0145, 0.0134, 0.0121, 0.0087, 0.0076, 0.0062, 0.0047]","[0.092, 0.029, 0.017, 0.207, 0.235, 0.084, 0.27, 0.107, 0.114, 0.775]",3000,0.00884832814335823,-0.17415806118362534,
26,T8,3240,0.2810483200118422,0.15660692520537042,0.7472836093501249,0.038055861362679556,-0.014489789464664494,-0.008025596421650351,-0.004648769416271861,0.7838080525398254,0.07767575979232788,0.028691811487078667,0.8614838123321533,0.9215924143791199,0.9509825110435486,1,4,10,"[0.7838, 0.0777, 0.0287, 0.0222, 0.0092, 0.0085, 0.0075, 0.0048, 0.0047, 0.004]","[0.281, 0.157, 0.747, 0.274, 0.083, 0.104, 0.031, 0.112, 0.174, 0.243]",3000,0.09011968225240707,-0.20133947998469942,
26,R0,3240,0.23252331851644498,-0.20869272092074154,0.4044267695311066,0.02861518737013315,0.0031373331770641055,-0.02050768279290852,-0.025075359834652106,0.7843725681304932,0.06715411692857742,0.03173566237092018,0.85152667760849,0.9317387342453003,0.9584012031555176,3,4,8,"[0.7844, 0.0672, 0.0317, 0.0263, 0.0222, 0.008, 0.006, 0.005, 0.004, 0.0036]","[0.233, 0.209, 0.404, 0.49, 0.605, 0.089, 0.057, 0.225, 0.123, 0.104]",3000,0.08463124185800552,-0.20115904327080156,
26,R1,3240,0.2386070908004971,-0.7107435666533465,0.4439790744555535,0.05052495235082537,-0.0021064444690671743,0.02601907556409042,-0.013592745332078037,0.7356837391853333,0.04996556043624878,0.03435233607888222,0.785649299621582,0.8745571970939636,0.9317589998245239,2,7,16,"[0.7357, 0.05, 0.0344, 0.0307, 0.0239, 0.0219, 0.0122, 0.0089, 0.0073, 0.007]","[0.239, 0.711, 0.444, 0.021, 0.204, 0.283, 0.096, 0.295, 0.283, 0.142]",3000,0.16393598914146423,-0.2263720652896499,
26,R2,3240,-0.02654946266634053,-0.6112081102575004,-0.5796856796154227,-0.013171895116491123,-0.056838902831931826,-0.15775551770018756,0.022847111626671007,0.6641208529472351,0.0519627220928669,0.04398229345679283,0.7160835862159729,0.8266693949699402,0.8970754742622375,3,11,28,"[0.6641, 0.052, 0.044, 0.0358, 0.0308, 0.0206, 0.0188, 0.0134, 0.0094, 0.0082]","[0.027, 0.611, 0.58, 0.297, 0.065, 0.038, 0.308, 0.107, 0.292, 0.152]",3000,0.15367470681667328,0.17737783677919827,
26,R3,3240,-0.11634901196712819,0.083357863257298,0.1650204916972044,0.006029614113129629,-0.06022225943373689,-0.1292400470978588,0.03330874789650054,0.393831729888916,0.18990372121334076,0.10719793289899826,0.583735466003418,0.8059754371643066,0.8889865279197693,1,12,30,"[0.3938, 0.1899, 0.1072, 0.076, 0.0391, 0.0275, 0.0196, 0.0162, 0.0114, 0.0083]","[0.116, 0.083, 0.165, 0.042, 0.459, 0.021, 0.267, 0.13, 0.09, 0.018]",3000,0.17998726665973663,0.44940750073483593,
26,R4,3240,-0.08728974358215934,0.1043171461656248,0.08955720983728777,0.026450955425562302,-0.006171004234077124,-0.04737428232095396,-0.0975632080128184,0.4877258241176605,0.19204989075660706,0.09401118010282516,0.6797757148742676,0.8810316324234009,0.9438019394874573,1,7,12,"[0.4877, 0.192, 0.094, 0.0718, 0.0354, 0.0173, 0.0134, 0.0124, 0.0103, 0.0094]","[0.087, 0.104, 0.09, 0.051, 0.004, 0.157, 0.236, 0.201, 0.58, 0.029]",3000,0.06794261187314987,0.2282162663573763,
26,R5,3240,-0.008540016621784587,0.16232394957497734,-0.05087171712311133,-0.03795354014033935,-0.01835222550048079,0.001983194198002516,-0.015071538500125551,0.5578855872154236,0.16414682567119598,0.09224222600460052,0.7220324277877808,0.8758246302604675,0.9302514791488647,1,7,15,"[0.5579, 0.1641, 0.0922, 0.0331, 0.0285, 0.0161, 0.0133, 0.0098, 0.0091, 0.0061]","[0.009, 0.162, 0.051, 0.053, 0.007, 0.136, 0.016, 0.289, 0.52, 0.046]",3000,-0.009422635659575462,-0.08255837602302996,
26,R6,3240,-0.050873143204001374,0.17898828801147973,0.06520414166277072,-0.013618191703843733,0.00177668401836662,0.002831442318072891,0.05605213623542402,0.5635697245597839,0.12215414643287659,0.04264015331864357,0.6857239007949829,0.7917433977127075,0.8721750974655151,4,15,38,"[0.5636, 0.1222, 0.0426, 0.0337, 0.0297, 0.0254, 0.0202, 0.0132, 0.0114, 0.0103]","[0.051, 0.179, 0.065, 0.492, 0.361, 0.21, 0.442, 0.204, 0.371, 0.028]",3000,0.000528791279066354,-0.04788761597907026,
26,R7,3240,0.166925396301315,0.34588704959590155,-0.3167079783004201,-0.03981160064156635,-0.059165616385152615,-0.02712251685444058,0.02763381693389858,0.401017963886261,0.09749529510736465,0.07018528133630753,0.49851325154304504,0.6648724675178528,0.7680873274803162,5,37,88,"[0.401, 0.0975, 0.0702, 0.0566, 0.0396, 0.032, 0.0265, 0.0179, 0.014, 0.0128]","[0.167, 0.346, 0.317, 0.307, 0.645, 0.43, 0.017, 0.029, 0.101, 0.191]",3000,0.13913002610206604,0.07149129808007788,
26,M0,3000,0.24577602935595466,-0.046052045657003104,-0.4616883211816952,-0.12650762892496725,0.02011700902175179,-0.09170008873422461,-0.17419241363429855,0.36752015352249146,0.18262112140655518,0.1082252562046051,0.5501412749290466,0.7975409030914307,0.8917651176452637,5,12,29,"[0.3675, 0.1826, 0.1082, 0.0866, 0.0526, 0.0298, 0.0214, 0.0189, 0.013, 0.011]","[0.246, 0.046, 0.462, 0.387, 0.173, 0.302, 0.053, 0.34, 0.4, 0.063]",3000,0.10232948511838913,-0.17656410315664395,
26,E0,3240,-0.15625633195504002,0.08362273229288006,0.3760532122306709,0.004170878299399998,0.01859662711792407,0.025842547485078353,0.032648174290787375,0.23276932537555695,0.15643800795078278,0.04484804719686508,0.3892073333263397,0.49372440576553345,0.5772531032562256,4,168,306,"[0.2328, 0.1564, 0.0448, 0.0313, 0.0284, 0.0208, 0.0192, 0.0159, 0.0144, 0.0132]","[0.156, 0.084, 0.376, 0.284, 0.414, 0.206, 0.367, 0.209, 0.335, 0.073]",3000,0.09894586354494095,0.10524903212678881,
26,MEAN,3000,-0.30040810203095625,-0.6731643978078217,0.41761117807024417,-0.001057278317060473,-0.0012206345900560853,-0.019332117910206056,0.0584200892582431,0.2415289580821991,0.17449265718460083,0.07654132694005966,0.4160216152667999,0.5754943490028381,0.6785355806350708,3,88,220,"[0.2415, 0.1745, 0.0765, 0.0451, 0.0379, 0.0264, 0.0237, 0.0197, 0.0185, 0.0147]","[0.3, 0.673, 0.418, 0.111, 0.171, 0.079, 0.287, 0.139, 0.084, 0.079]",3000,0.20012179017066956,0.36508141000908845,
27,T0,3240,-0.06445990481102794,-0.12616369777782224,0.05525256877734076,-0.07557124752440077,-0.09146735479328312,0.015706982358964117,-0.03654973772651332,0.6024410724639893,0.2471601516008377,0.038431860506534576,0.8496012091636658,0.922476589679718,0.9569336175918579,4,4,9,"[0.6024, 0.2472, 0.0384, 0.023, 0.0115, 0.0096, 0.0087, 0.0071, 0.0051, 0.004]","[0.064, 0.126, 0.055, 0.358, 0.096, 0.107, 0.451, 0.531, 0.386, 0.125]",3000,0.008430300280451775,-0.04617390304379571,
27,T1,3240,0.079745682190552,-0.19189784533809232,0.6424904183731242,-0.08570016119486137,-0.09518492758253515,0.04902076367156683,-0.08344661202539452,0.5549024343490601,0.14903126657009125,0.05188092961907387,0.7039337158203125,0.8172255158424377,0.8838309645652771,2,13,32,"[0.5549, 0.149, 0.0519, 0.0417, 0.0197, 0.0177, 0.0159, 0.0133, 0.0106, 0.0092]","[0.08, 0.192, 0.642, 0.437, 0.079, 0.172, 0.248, 0.213, 0.137, 0.167]",3000,0.07208455353975296,-0.15467911021741954,
27,T2,3240,-0.08503097506187904,0.471528579366498,-0.23942914032545662,-0.016674617469828998,-0.06167999992304566,-0.11691685399627307,-0.006559171265407397,0.25926366448402405,0.10538936406373978,0.0705752894282341,0.3646530210971832,0.5373557806015015,0.6565573811531067,3,78,184,"[0.2593, 0.1054, 0.0706, 0.059, 0.0431, 0.0324, 0.0256, 0.0228, 0.0197, 0.0188]","[0.085, 0.472, 0.239, 0.397, 0.469, 0.031, 0.02, 0.161, 0.039, 0.229]",3000,0.06827943027019501,0.3173365499441469,
27,T3,3240,0.09051912422573034,-0.031284516171393856,-0.07586341766534524,-0.014528605686770392,-0.05296896744756441,0.09649716174154083,-0.054990209454318754,0.5817485451698303,0.20010797679424286,0.08379394561052322,0.7818565368652344,0.9050309062004089,0.9466552138328552,3,5,11,"[0.5817, 0.2001, 0.0838, 0.0241, 0.0153, 0.0119, 0.0095, 0.008, 0.0065, 0.0057]","[0.091, 0.031, 0.076, 0.315, 0.083, 0.058, 0.243, 0.227, 0.349, 0.721]",3000,0.005128317512571812,-0.16572902840774714,
27,T4,3240,0.034285491391966155,0.27936487923362996,0.060619248332064064,-0.05767896507181727,-0.01684439865785553,0.017971384461740587,0.027245137213542683,0.9970824122428894,0.0011013682233169675,0.00046715812641195953,0.9981837868690491,0.9992374777793884,0.999488353729248,3,1,1,"[0.9971, 0.0011, 0.0005, 0.0004, 0.0002, 0.0001, 0.0001, 0.0, 0.0, 0.0]","[0.034, 0.279, 0.061, 0.058, 0.1, 0.318, 0.641, 0.146, 0.056, 0.335]",3000,0.0027386366855353117,-0.0921331439083229,
27,T5,3240,-0.04375346373388564,0.01789985179937461,0.055890875596668235,0.04644062304594748,0.10695793252294611,-0.013801425527624032,0.10516379664759215,0.8150612115859985,0.07923567295074463,0.030958469957113266,0.8942968845367432,0.9581881165504456,0.9755221009254456,1,3,4,"[0.8151, 0.0792, 0.031, 0.0253, 0.0076, 0.0048, 0.0041, 0.0035, 0.0026, 0.0022]","[0.044, 0.018, 0.056, 0.06, 0.219, 0.027, 0.234, 0.195, 0.046, 0.74]",3000,0.006594348698854446,0.098885940546136,
27,T6,3240,0.014947369842188864,-0.01919319923544097,-0.017742435823426876,0.03026980669462184,0.014825411377034694,-0.03870347064846456,0.01662160043456958,0.6557415723800659,0.1879710555076599,0.0636034905910492,0.8437126278877258,0.9354538917541504,0.9631844162940979,3,3,8,"[0.6557, 0.188, 0.0636, 0.0157, 0.0124, 0.0085, 0.006, 0.0052, 0.0047, 0.0034]","[0.015, 0.019, 0.018, 0.142, 0.183, 0.168, 0.6, 0.49, 0.331, 0.271]",3000,0.008005277253687382,-0.08572022514367547,
27,T7,3240,0.08610758273111917,-0.03854230702414043,0.023894238433886716,0.019302976569011036,-0.022249910924824746,0.03376175256051199,-0.061486223174755515,0.6681127548217773,0.16422608494758606,0.056112416088581085,0.832338809967041,0.9140802621841431,0.9499823451042175,1,4,11,"[0.6681, 0.1642, 0.0561, 0.0133, 0.0123, 0.0109, 0.0082, 0.0068, 0.0057, 0.0042]","[0.086, 0.039, 0.024, 0.195, 0.202, 0.08, 0.243, 0.097, 0.045, 0.797]",3000,0.008499742485582829,-0.17084206179842676,
27,T8,3240,0.30061726378981796,-0.0785186259602694,0.7481949419066479,0.034464288110046884,-0.012262378986645601,0.006674349339826591,-0.10781558988161587,0.7817020416259766,0.07375086098909378,0.027831505984067917,0.8554528951644897,0.9157336354255676,0.9478345513343811,2,4,11,"[0.7817, 0.0738, 0.0278, 0.0221, 0.0103, 0.0088, 0.008, 0.006, 0.0049, 0.0043]","[0.301, 0.079, 0.748, 0.232, 0.152, 0.026, 0.015, 0.17, 0.142, 0.233]",3000,0.08709532022476196,-0.3480076355032743,
27,R0,3240,0.1506399110447384,-0.1460354230026045,0.30457591506029474,0.02922339406083132,0.004606103425354024,-0.017391799264617237,-0.06035823151462333,0.7770959138870239,0.06423059850931168,0.035121943801641464,0.8413265347480774,0.9234368801116943,0.9557326436042786,4,4,9,"[0.7771, 0.0642, 0.0351, 0.0247, 0.0223, 0.0091, 0.0073, 0.0065, 0.0053, 0.0042]","[0.151, 0.146, 0.305, 0.534, 0.517, 0.066, 0.31, 0.111, 0.153, 0.168]",3000,0.08036304265260696,-0.18745019340285446,
27,R1,3240,0.22544309218831865,-0.5871910310286439,-0.3147553988849973,0.061931248118813696,0.0125180586817954,0.07410785252878128,-0.034771307843694546,0.7077283263206482,0.05330782011151314,0.0355834923684597,0.7610361576080322,0.859096348285675,0.9285850524902344,5,7,16,"[0.7077, 0.0533, 0.0356, 0.0355, 0.027, 0.0242, 0.0186, 0.0118, 0.0085, 0.0064]","[0.225, 0.587, 0.315, 0.322, 0.376, 0.37, 0.026, 0.089, 0.256, 0.221]",3000,0.1415311098098755,-0.28517055779798145,
27,R2,3240,0.07418080314198199,0.44987754516867917,0.25454074846975483,-0.008224189192597807,-0.08011543374431601,0.015382737842085343,-0.11621878569697311,0.6275950074195862,0.06082002818584442,0.04590601474046707,0.6884150505065918,0.8069058656692505,0.8922639489173889,3,12,29,"[0.6276, 0.0608, 0.0459, 0.039, 0.0336, 0.0273, 0.0215, 0.0162, 0.0115, 0.0088]","[0.074, 0.45, 0.255, 0.598, 0.166, 0.118, 0.174, 0.035, 0.04, 0.321]",3000,0.13873380422592163,-0.16506346755546752,
27,R3,3240,-0.0032643326802243296,0.12083277347211131,-0.14374892104591552,-0.026366055701562627,-0.06118987464078823,-0.05663906546213166,-0.042425275583283635,0.40176865458488464,0.18505749106407166,0.12703336775302887,0.5868261456489563,0.8259453773498535,0.9019039869308472,1,10,26,"[0.4018, 0.1851, 0.127, 0.0816, 0.0305, 0.0241, 0.02, 0.0148, 0.0098, 0.0072]","[0.003, 0.121, 0.144, 0.084, 0.489, 0.012, 0.276, 0.148, 0.101, 0.235]",3000,0.1525687277317047,0.18554013691725668,
27,R4,3240,-0.06144259128163915,0.030905620529932933,0.12638721913698472,0.004141587102089364,-0.01824384971154497,-0.04899616964247124,-0.08429749281628403,0.4850160777568817,0.19415555894374847,0.09501562267541885,0.679171621799469,0.8812054991722107,0.9460660815238953,1,6,11,"[0.485, 0.1942, 0.095, 0.0752, 0.0318, 0.0194, 0.0142, 0.0129, 0.0098, 0.0085]","[0.061, 0.031, 0.126, 0.081, 0.004, 0.007, 0.163, 0.24, 0.118, 0.593]",3000,0.06013479083776474,0.23215389867810982,
27,R5,3240,-0.021022217820361056,0.16311124530618287,-0.14089567774935668,-0.04640430933580842,-0.02346210839689396,-0.0016338346913657342,-0.01177695763001822,0.5354128479957581,0.1776663213968277,0.09175426512956619,0.7130791544914246,0.8692200183868408,0.9256420731544495,1,8,16,"[0.5354, 0.1777, 0.0918, 0.0365, 0.0279, 0.0175, 0.0117, 0.0101, 0.0096, 0.0075]","[0.021, 0.163, 0.141, 0.034, 0.019, 0.222, 0.034, 0.455, 0.231, 0.14]",3000,-0.011650444008409977,-0.017203462151855555,
27,R6,3240,0.08721528720156527,0.21320621334459808,0.04737760155862003,0.014654156638808341,-0.003955548820566346,-0.0005190004844946342,-0.06989424003055682,0.5150967240333557,0.1334935575723648,0.04695316031575203,0.6485902667045593,0.7665258646011353,0.8584204316139221,4,17,44,"[0.5151, 0.1335, 0.047, 0.0368, 0.0342, 0.0284, 0.0228, 0.0153, 0.0136, 0.0118]","[0.087, 0.213, 0.047, 0.368, 0.428, 0.034, 0.443, 0.041, 0.283, 0.483]",3000,0.00016905252414289862,0.00030948604284662326,
27,R7,3240,0.049456563922704526,0.3271786601473478,0.37565448990590705,-0.04006511803184656,-0.06544109521398227,-0.03712607414728816,0.03831029959038339,0.38223305344581604,0.09481070190668106,0.07213140279054642,0.4770437479019165,0.6416953802108765,0.753916323184967,3,39,93,"[0.3822, 0.0948, 0.0721, 0.0519, 0.0406, 0.0345, 0.0291, 0.0199, 0.015, 0.0137]","[0.049, 0.327, 0.376, 0.216, 0.659, 0.251, 0.165, 0.089, 0.065, 0.182]",3000,0.11360836029052734,0.2075720048210318,
27,M0,3000,0.21247236689908822,-0.012185017166037336,-0.5207237698378214,-0.12413585933902277,0.01798436124502593,-0.09358761073375318,-0.16758943528985384,0.3741341233253479,0.18056419491767883,0.1038496345281601,0.5546983480453491,0.7915245294570923,0.888786256313324,4,12,30,"[0.3741, 0.1806, 0.1038, 0.0827, 0.0503, 0.0323, 0.0229, 0.0181, 0.0136, 0.0104]","[0.212, 0.012, 0.521, 0.33, 0.181, 0.223, 0.345, 0.256, 0.398, 0.068]",3000,0.09935440123081207,-0.15959252971288437,
27,E0,3240,-0.17205142175292362,0.051424419086964636,0.366746759674715,0.006149051599449521,0.020060129136250545,0.022989471515362094,0.03890413219574984,0.248298779129982,0.1384485960006714,0.04619910195469856,0.3867473602294922,0.4922562539577484,0.5731230974197388,2,169,309,"[0.2483, 0.1384, 0.0462, 0.032, 0.0273, 0.0199, 0.0192, 0.0148, 0.0141, 0.0128]","[0.172, 0.051, 0.367, 0.206, 0.555, 0.055, 0.208, 0.22, 0.225, 0.073]",3000,0.0926966443657875,0.1345672084444901,
27,MEAN,3000,0.29850241607645545,-0.6869367615495118,0.39058171053774715,0.0036100886607291203,0.0012170073802767688,0.022453080347082755,-0.05288742847009133,0.2543276250362396,0.17073704302310944,0.07348021864891052,0.42506468296051025,0.582632303237915,0.6842299699783325,3,86,216,"[0.2543, 0.1707, 0.0735, 0.0466, 0.0375, 0.0255, 0.0243, 0.0199, 0.0177, 0.0142]","[0.299, 0.687, 0.391, 0.076, 0.218, 0.016, 0.3, 0.012, 0.137, 0.031]",3000,0.1906152367591858,-0.3558094825619416,
28,T0,3240,0.05099038599352858,-0.1316159094120524,0.0457367684352183,0.07408996650184223,0.091007939328064,-0.016276657030079793,0.03995284355231139,0.5852472186088562,0.2652541697025299,0.03587887063622475,0.8505014181137085,0.9233610033988953,0.9570738077163696,4,4,9,"[0.5852, 0.2653, 0.0359, 0.025, 0.0119, 0.0097, 0.0083, 0.0068, 0.0049, 0.004]","[0.051, 0.132, 0.046, 0.345, 0.172, 0.221, 0.442, 0.493, 0.405, 0.169]",3000,0.007193177472800016,0.061441271610487014,
28,T1,3240,0.11031052613972338,0.17324022347619736,0.4902065125106377,-0.105734346808856,-0.11075064683487758,0.046634296580607484,-0.09776025561888392,0.5606788396835327,0.1605793982744217,0.047029659152030945,0.7212582230567932,0.8262640833854675,0.8887125849723816,3,12,30,"[0.5607, 0.1606, 0.047, 0.0399, 0.0181, 0.0176, 0.0137, 0.0131, 0.0096, 0.0084]","[0.11, 0.173, 0.49, 0.564, 0.308, 0.088, 0.194, 0.15, 0.096, 0.134]",3000,0.06128225848078728,-0.1650845474850197,
28,T2,3240,-0.07271452844610717,0.4539814361679993,-0.0045893200689977875,-0.011802308347007432,-0.06570550262360667,-0.09715372882757699,-0.014270576981351642,0.26331043243408203,0.10672057420015335,0.06405315548181534,0.3700309991836548,0.5369227528572083,0.6566972732543945,3,79,187,"[0.2633, 0.1067, 0.0641, 0.0587, 0.0441, 0.033, 0.0249, 0.0231, 0.0202, 0.0185]","[0.073, 0.454, 0.005, 0.554, 0.419, 0.077, 0.006, 0.245, 0.005, 0.162]",3000,0.06493125110864639,0.2756881440143319,
28,T3,3240,0.11001592052533919,-0.04959339439620896,-0.07789635408933723,-0.0268185338964477,-0.06432211692779496,0.0981299653403958,-0.07260227434619783,0.5675402879714966,0.20086561143398285,0.08914588391780853,0.7684059143066406,0.8976412415504456,0.9410004615783691,3,6,12,"[0.5675, 0.2009, 0.0891, 0.0244, 0.0156, 0.0123, 0.0097, 0.0082, 0.0073, 0.0059]","[0.11, 0.05, 0.078, 0.314, 0.014, 0.054, 0.286, 0.18, 0.428, 0.459]",3000,0.00428920891135931,-0.17414905469923625,
28,T4,3240,0.034122990324181916,0.28520635990266074,0.02698641530642459,-0.05773013834517384,-0.01656948694956103,0.017806773511372047,0.026908440943512458,0.9968554973602295,0.0011080825934186578,0.0004828005039598793,0.9979636073112488,0.9991503357887268,0.9994218945503235,3,1,1,"[0.9969, 0.0011, 0.0005, 0.0005, 0.0002, 0.0001, 0.0001, 0.0, 0.0, 0.0]","[0.034, 0.285, 0.027, 0.028, 0.122, 0.529, 0.49, 0.126, 0.175, 0.317]",3000,0.0027372315526008606,-0.09255153774629873,
28,T5,3240,0.028481083291544623,0.026665535970989272,0.0053376669704348735,-0.03495536240501489,-0.11827102543935344,0.032929790218782506,-0.08575898238312563,0.6228090524673462,0.17397017776966095,0.05765853822231293,0.796779215335846,0.9076045155525208,0.9459185004234314,1,5,11,"[0.6228, 0.174, 0.0577, 0.0374, 0.0157, 0.0106, 0.0092, 0.0077, 0.0058, 0.005]","[0.028, 0.027, 0.005, 0.087, 0.24, 0.11, 0.27, 0.116, 0.08, 0.703]",3000,0.005913299508392811,-0.12274299871631161,
28,T6,3240,0.01010130490471075,-0.030169571856744504,-0.015994879992075463,0.029068740204130573,0.014261231125225093,-0.04242484285794968,0.022372592049867808,0.6509069800376892,0.1863325536251068,0.06744430959224701,0.8372395038604736,0.9353105425834656,0.9627525806427002,3,3,8,"[0.6509, 0.1863, 0.0674, 0.0166, 0.0141, 0.0081, 0.0061, 0.005, 0.0046, 0.0037]","[0.01, 0.03, 0.016, 0.166, 0.166, 0.211, 0.45, 0.507, 0.451, 0.201]",3000,0.0071783168241381645,-0.08210901021080907,
28,T7,3240,0.08639710521289638,-0.030808740308289687,0.025478161059829522,0.030194312507110757,-0.009156764770961471,0.02827637510818984,-0.06594256393369517,0.6668640375137329,0.16315729916095734,0.05663201957941055,0.830021321773529,0.9131357073783875,0.9486549496650696,1,4,11,"[0.6669, 0.1632, 0.0566, 0.0135, 0.013, 0.0105, 0.0079, 0.0072, 0.0058, 0.004]","[0.086, 0.031, 0.025, 0.18, 0.192, 0.076, 0.231, 0.074, 0.097, 0.792]",3000,0.007973412983119488,-0.1650739894835603,
28,T8,3240,0.3101618891990751,-0.05165314240753293,0.7081195152365274,0.03360670674803243,0.004652940313448766,-0.0019669743525753047,-0.05427001399889753,0.7902443408966064,0.06929104030132294,0.026241060346364975,0.8595353960990906,0.9199476838111877,0.9507458209991455,3,4,10,"[0.7902, 0.0693, 0.0262, 0.0225, 0.0117, 0.0089, 0.0079, 0.0052, 0.0048, 0.0039]","[0.31, 0.052, 0.708, 0.316, 0.09, 0.018, 0.05, 0.222, 0.101, 0.19]",3000,0.08636093884706497,-0.2621808972629437,
28,R0,3240,0.17308665393562658,-0.10715586020023736,0.3427509154403539,0.015742950952683774,0.01839185969607938,-0.03240671829049774,-0.05091341084328841,0.7938580513000488,0.055141326040029526,0.043094199150800705,0.8489993810653687,0.9328612685203552,0.9613854885101318,4,4,8,"[0.7939, 0.0551, 0.0431, 0.0214, 0.0194, 0.0081, 0.0064, 0.0054, 0.0051, 0.0035]","[0.173, 0.107, 0.343, 0.644, 0.391, 0.044, 0.015, 0.126, 0.357, 0.152]",3000,0.08198026567697525,-0.24257890125366613,
28,R1,3240,0.31401369564059795,-0.6374294413142858,-0.33892885378572774,0.05147543315576177,0.03129093599230076,0.00964950811655791,-0.03659302919712492,0.7289351224899292,0.044279251247644424,0.04267604649066925,0.7732143998146057,0.8736106157302856,0.937504231929779,4,7,14,"[0.7289, 0.0443, 0.0427, 0.0302, 0.0275, 0.0223, 0.0164, 0.0119, 0.008, 0.0053]","[0.314, 0.637, 0.339, 0.225, 0.064, 0.324, 0.014, 0.23, 0.267, 0.223]",3000,0.13987627625465393,-0.3693400158167733,
28,R2,3240,0.15631875099572284,0.44107141532279187,-0.017302608099055178,-0.03765671254736238,-0.13869586791470967,-0.012537089240187463,-0.15597595044470808,0.6271418333053589,0.06143323704600334,0.05118846520781517,0.6885750889778137,0.8142010569572449,0.8978670239448547,3,11,26,"[0.6271, 0.0614, 0.0512, 0.0416, 0.0328, 0.0249, 0.0217, 0.0186, 0.0107, 0.0077]","[0.156, 0.441, 0.017, 0.601, 0.052, 0.092, 0.191, 0.169, 0.133, 0.307]",3000,0.13263040781021118,-0.13911603546660714,
28,R3,3240,-0.007438090637453326,0.10309447776391137,-0.14028956644050092,0.0422807053834965,0.045711625970201404,0.06514385040617192,0.0559911702439569,0.41303858160972595,0.18317705392837524,0.13679426908493042,0.5962156057357788,0.8438717126846313,0.9141586422920227,1,9,21,"[0.413, 0.1832, 0.1368, 0.0866, 0.0243, 0.022, 0.0207, 0.0128, 0.0086, 0.0061]","[0.007, 0.103, 0.14, 0.1, 0.499, 0.174, 0.128, 0.15, 0.086, 0.153]",3000,0.13178159296512604,-0.16011490672694273,
28,R4,3240,0.07871374344775586,0.05529401227588799,0.14954227198685546,-0.005431812916303556,0.024780831016243364,0.07385369694151976,0.08543637439008399,0.48580074310302734,0.19150100648403168,0.09124632179737091,0.6773017644882202,0.8813979625701904,0.9483805894851685,1,6,11,"[0.4858, 0.1915, 0.0912, 0.0797, 0.0332, 0.0218, 0.0153, 0.0124, 0.0099, 0.0076]","[0.079, 0.055, 0.15, 0.117, 0.002, 0.016, 0.169, 0.211, 0.065, 0.599]",3000,0.056973882019519806,-0.25920442424345547,
28,R5,3240,-0.009665424432139807,0.11094521649659658,-0.11939146684807202,0.03248143313850162,0.001650791542846694,-0.007113096874693855,-0.024639002502910082,0.5040786862373352,0.18757182359695435,0.1024322658777237,0.6916505098342896,0.8664866089820862,0.9242939949035645,1,8,17,"[0.5041, 0.1876, 0.1024, 0.0446, 0.0278, 0.0174, 0.0127, 0.0107, 0.0095, 0.0075]","[0.01, 0.111, 0.119, 0.026, 0.013, 0.177, 0.049, 0.202, 0.517, 0.09]",3000,-0.01236996240913868,0.047568047437423426,
28,R6,3240,-0.0702050660107653,0.055556747921710475,0.05143741286817263,-0.01697021786240077,-0.008358767628336688,0.0014218429155506494,0.046203583589364314,0.4883662760257721,0.14585334062576294,0.04881554841995239,0.6342196464538574,0.7577267289161682,0.8565784692764282,5,17,44,"[0.4884, 0.1459, 0.0488, 0.0399, 0.0348, 0.0324, 0.0233, 0.0157, 0.0141, 0.0134]","[0.07, 0.056, 0.051, 0.333, 0.379, 0.339, 0.448, 0.077, 0.448, 0.171]",3000,-0.0073823765851557255,-0.001076044371075027,
28,R7,3240,0.05262374745193862,0.24968374051863906,0.3598700687707605,-0.016883366896772934,-0.03777471597182807,-0.02496442241084555,0.08575707943836468,0.38160622119903564,0.10230094194412231,0.07066590338945389,0.48390716314315796,0.642793595790863,0.7551665306091309,3,38,89,"[0.3816, 0.1023, 0.0707, 0.0494, 0.0388, 0.0354, 0.0289, 0.0201, 0.0152, 0.0128]","[0.053, 0.25, 0.36, 0.137, 0.418, 0.672, 0.159, 0.205, 0.247, 0.235]",3000,0.1023530513048172,0.2194379515426247,
28,M0,3000,0.2332439649847985,-0.02053810496696846,0.5002565840734223,-0.12654301080538252,0.01556385376422288,-0.09393148203592974,-0.1738870587093917,0.36527517437934875,0.18791770935058594,0.11108570545911789,0.5531928539276123,0.8035330772399902,0.8979026675224304,3,11,27,"[0.3653, 0.1879, 0.1111, 0.0886, 0.0507, 0.0303, 0.0227, 0.0178, 0.0135, 0.0101]","[0.233, 0.021, 0.5, 0.275, 0.132, 0.374, 0.259, 0.29, 0.469, 0.017]",3000,0.09408079832792282,-0.17538155473291336,
28,E0,3240,-0.15671910718000548,0.059168224570268484,0.3543559858139767,-0.001271495921850383,0.018019850204563415,0.02219988375455104,0.03609329142262168,0.2581985294818878,0.1303982436656952,0.047848235815763474,0.388596773147583,0.49555787444114685,0.5759917497634888,2,168,304,"[0.2582, 0.1304, 0.0478, 0.032, 0.0271, 0.0218, 0.0186, 0.0144, 0.0135, 0.0122]","[0.157, 0.059, 0.354, 0.159, 0.597, 0.117, 0.21, 0.195, 0.159, 0.028]",3000,0.08418557792901993,0.11117590490979457,
28,MEAN,3000,0.2662911551132907,-0.6807667046142067,0.3898526257639627,0.0034575807640926065,0.0008076469810782481,0.010570681982726982,-0.04594845748037992,0.2510688602924347,0.1663077175617218,0.07729064673185349,0.4173765778541565,0.5787656307220459,0.6793903112411499,2,91,225,"[0.2511, 0.1663, 0.0773, 0.0476, 0.0365, 0.025, 0.0234, 0.0191, 0.0178, 0.0152]","[0.266, 0.681, 0.39, 0.122, 0.202, 0.109, 0.277, 0.03, 0.134, 0.041]",3000,0.18493545055389404,-0.3174309954917171,
29,T0,3240,0.05392034860923561,-0.12032394935524533,0.054897715814611135,0.07997075122989386,0.09943508745013942,-0.006757247054249136,0.042272756390676146,0.5773304104804993,0.2708364427089691,0.03635343536734581,0.848166823387146,0.9236308932304382,0.9571398496627808,4,4,9,"[0.5773, 0.2708, 0.0364, 0.0267, 0.0124, 0.0101, 0.0078, 0.0067, 0.0049, 0.004]","[0.054, 0.12, 0.055, 0.331, 0.168, 0.18, 0.449, 0.424, 0.439, 0.238]",3000,0.006858319044113159,0.04508937401013126,
29,T1,3240,0.04313331852427949,0.06426677953147761,-0.27469689535885106,-0.10441493364376853,-0.1071043433201632,0.03223013521228855,-0.07370448356288568,0.5537278652191162,0.19440995156764984,0.042480625212192535,0.7481378316879272,0.846206545829773,0.8995770215988159,2,11,26,"[0.5537, 0.1944, 0.0425, 0.0361, 0.0195, 0.015, 0.012, 0.0108, 0.0085, 0.007]","[0.043, 0.064, 0.275, 0.739, 0.346, 0.063, 0.122, 0.171, 0.091, 0.073]",3000,0.05292193591594696,-0.1268659246045125,
29,T2,3240,0.06227560508536935,0.41683466823457066,0.14520858746470766,-0.03043495694930768,-0.04256543611718322,-0.06123415635339579,0.002373051939829475,0.3027101755142212,0.10014940798282623,0.0611930787563324,0.40285956859588623,0.5622149705886841,0.675141453742981,3,75,179,"[0.3027, 0.1001, 0.0612, 0.054, 0.0442, 0.0308, 0.0238, 0.021, 0.0204, 0.0169]","[0.062, 0.417, 0.145, 0.461, 0.425, 0.11, 0.007, 0.249, 0.016, 0.248]",3000,0.05459892377257347,0.08738873026244728,
29,T3,3240,0.14294962612631917,0.003110304866488558,-0.0832161266151414,-0.022006203261259398,-0.07143832225689603,0.12026286005684667,-0.09890654774447787,0.5448745489120483,0.2079983800649643,0.0958435907959938,0.7528729438781738,0.8915721774101257,0.9376581907272339,3,6,13,"[0.5449, 0.208, 0.0958, 0.027, 0.0159, 0.0131, 0.0105, 0.0087, 0.0078, 0.0061]","[0.143, 0.003, 0.083, 0.31, 0.001, 0.041, 0.254, 0.091, 0.428, 0.436]",3000,0.00357042090035975,-0.17193619017163872,
29,T4,3240,0.03442348939754154,0.2927489685688458,0.01765699574701189,-0.05784742336488065,-0.01676437897010099,0.017724410810545096,0.026942669766869338,0.9966882467269897,0.0011160846333950758,0.0005215007695369422,0.9978043437004089,0.9990555644035339,0.999345600605011,3,1,1,"[0.9967, 0.0011, 0.0005, 0.0005, 0.0002, 0.0001, 0.0001, 0.0001, 0.0, 0.0]","[0.034, 0.293, 0.018, 0.057, 0.127, 0.634, 0.353, 0.205, 0.167, 0.334]",3000,0.0027485296595841646,-0.09262620763933994,
29,T5,3240,0.02747997769574011,-0.023619485880998818,0.009872695053634268,-0.024517124771521463,-0.1120138144960162,0.03360920472802057,-0.08886759370431338,0.608587920665741,0.17480143904685974,0.06385230273008347,0.7833893299102783,0.9042947292327881,0.9434186816215515,1,5,12,"[0.6086, 0.1748, 0.0639, 0.0406, 0.0165, 0.0109, 0.0093, 0.0078, 0.0062, 0.005]","[0.027, 0.024, 0.01, 0.094, 0.222, 0.096, 0.294, 0.139, 0.115, 0.519]",3000,0.004885501228272915,-0.1262475005192387,
29,T6,3240,0.015994757913479738,-0.03135656284003842,-0.02468582643184421,0.0268342216748228,0.013092601276916973,-0.04431058395924856,0.018933276652129776,0.6528393030166626,0.18549077212810516,0.0647723525762558,0.838330090045929,0.9338065981864929,0.9620018601417542,3,3,8,"[0.6528, 0.1855, 0.0648, 0.0165, 0.0142, 0.0085, 0.006, 0.0052, 0.0046, 0.0038]","[0.016, 0.031, 0.025, 0.143, 0.158, 0.13, 0.344, 0.48, 0.49, 0.169]",3000,0.006058614235371351,-0.08488385037120649,
29,T7,3240,0.046669259769361336,0.022438312278068646,0.002678438881672729,0.0438262667261773,-0.003055362981761848,0.02223493265045725,-0.07063787060784242,0.6621595621109009,0.16698753833770752,0.05992820858955383,0.8291471004486084,0.9145853519439697,0.9494357109069824,1,4,11,"[0.6622, 0.167, 0.0599, 0.0136, 0.0119, 0.0102, 0.0077, 0.0071, 0.0058, 0.004]","[0.047, 0.022, 0.003, 0.183, 0.127, 0.093, 0.185, 0.02, 0.115, 0.81]",3000,0.0077455611899495125,-0.12699984510975637,
29,T8,3240,0.26198088795129487,0.022395481655829844,0.41307963047169244,0.033553965026564936,-0.013001745387434644,0.009642419026826513,-0.08492622151134611,0.7842225432395935,0.08266469091176987,0.023830832913517952,0.8668872117996216,0.9249528646469116,0.9546182155609131,2,4,9,"[0.7842, 0.0827, 0.0238, 0.022, 0.0123, 0.0092, 0.0074, 0.0047, 0.0044, 0.0039]","[0.262, 0.022, 0.413, 0.657, 0.103, 0.011, 0.127, 0.174, 0.083, 0.151]",3000,0.08014671504497528,-0.38408290584965404,
29,R0,3240,0.15436729678276045,-0.07910217546855274,-0.2896378621944794,0.028463173047054473,0.019576942268055134,-0.009824482937176988,-0.04732778886203573,0.8013410568237305,0.05911382660269737,0.0416099987924099,0.8604548573493958,0.936694860458374,0.9650647640228271,3,3,7,"[0.8013, 0.0591, 0.0416, 0.019, 0.0156, 0.0098, 0.0063, 0.005, 0.0042, 0.0031]","[0.154, 0.079, 0.29, 0.384, 0.644, 0.059, 0.022, 0.097, 0.366, 0.141]",3000,0.07031603902578354,-0.21977537618003817,
29,R1,3240,0.09598120666370512,0.2490758847481754,-0.6137208812624946,0.02142732025779848,0.04759872666571541,-0.049376689161072476,0.05853537490244525,0.7472521662712097,0.04504740238189697,0.03705062344670296,0.7922995686531067,0.887768566608429,0.9467029571533203,2,6,11,"[0.7473, 0.045, 0.0371, 0.0313, 0.0271, 0.0209, 0.0145, 0.0119, 0.0072, 0.0043]","[0.096, 0.249, 0.614, 0.239, 0.191, 0.366, 0.058, 0.202, 0.223, 0.27]",3000,0.12812277674674988,-0.14713165809829457,
29,R2,3240,0.051975999802098126,0.20858635561882602,0.36393670610552703,-0.0058436171608167034,-0.01824268902916291,0.003380645198170504,0.00548562480751936,0.6372798085212708,0.05967731773853302,0.04975642263889313,0.6969571113586426,0.8269529342651367,0.910245954990387,3,9,22,"[0.6373, 0.0597, 0.0498, 0.0412, 0.039, 0.0243, 0.0212, 0.0202, 0.0106, 0.007]","[0.052, 0.209, 0.364, 0.656, 0.052, 0.019, 0.038, 0.295, 0.074, 0.327]",3000,0.11801757663488388,-0.14164252511796208,
29,R3,3240,0.03282927411422475,0.08379311563529987,-0.10741117195651115,0.04188205329505768,0.05045160158706378,0.06565208269966066,0.05388177897350987,0.4580046236515045,0.17273524403572083,0.11358965188264847,0.6307398676872253,0.8536695837974548,0.9223536849021912,1,8,18,"[0.458, 0.1727, 0.1136, 0.0846, 0.0248, 0.0222, 0.0184, 0.0132, 0.0091, 0.0057]","[0.033, 0.084, 0.107, 0.003, 0.075, 0.016, 0.506, 0.147, 0.03, 0.099]",3000,0.1128513514995575,-0.21284549446013984,
29,R4,3240,0.05906514153526795,0.02785477215726329,-0.12640348409740604,-0.03442498424547138,0.00035592101514329535,0.05100306186690857,0.0929352388240053,0.476599782705307,0.1954360455274582,0.10695154964923859,0.672035813331604,0.8885399699211121,0.9494585394859314,1,6,11,"[0.4766, 0.1954, 0.107, 0.0828, 0.0268, 0.0208, 0.0136, 0.0115, 0.0089, 0.0061]","[0.059, 0.028, 0.126, 0.2, 0.001, 0.056, 0.144, 0.141, 0.029, 0.507]",3000,0.03633114695549011,-0.18616547853835486,
29,R5,3240,0.07174264421259081,0.10792229968400649,-0.13941094423640527,0.012097655495005683,-0.016487152057096367,-0.036822879654844314,-0.040538145609078806,0.4927382171154022,0.1892104297876358,0.10339025408029556,0.6819486618041992,0.861055850982666,0.919454038143158,1,8,18,"[0.4927, 0.1892, 0.1034, 0.0477, 0.028, 0.0178, 0.0128, 0.0107, 0.0099, 0.0073]","[0.072, 0.108, 0.139, 0.068, 0.059, 0.159, 0.072, 0.091, 0.607, 0.277]",3000,-0.01419500820338726,0.03932899653851264,
29,R6,3240,-0.06743937179396048,0.06596178079302234,0.09128743915393756,-0.007045531031836867,0.017042153232163248,0.018145594650400134,0.02704732988422626,0.4903613030910492,0.13675600290298462,0.049197934567928314,0.6271172761917114,0.7538000345230103,0.8576335310935974,5,17,43,"[0.4904, 0.1368, 0.0492, 0.0392, 0.0382, 0.0355, 0.0232, 0.0159, 0.0156, 0.0137]","[0.067, 0.066, 0.091, 0.3, 0.346, 0.034, 0.457, 0.335, 0.487, 0.047]",3000,-0.012349477037787437,-0.06943057030208692,
29,R7,3240,0.016302035057763613,0.07972926329321367,0.35965661276402977,-0.010585966395879326,-0.023360906280806556,-0.05458852220429448,0.08488762354083329,0.3720155656337738,0.09726447612047195,0.0735134482383728,0.46928003430366516,0.6364559531211853,0.7549891471862793,2,38,89,"[0.372, 0.0973, 0.0735, 0.0528, 0.0409, 0.0374, 0.0334, 0.0203, 0.0149, 0.0125]","[0.016, 0.08, 0.36, 0.012, 0.177, 0.254, 0.682, 0.224, 0.283, 0.13]",3000,0.0864032506942749,0.20604251105474597,
29,M0,3000,0.22147285566947156,0.024061316197659187,-0.5104965877546341,-0.12265743282639827,0.02070836737705253,-0.09397249595933393,-0.16339458495448864,0.35229024291038513,0.18462149798870087,0.12605594098567963,0.5369117259979248,0.8106582760810852,0.9009389281272888,4,10,27,"[0.3523, 0.1846, 0.1261, 0.0998, 0.0479, 0.0286, 0.0214, 0.0173, 0.0131, 0.0098]","[0.221, 0.024, 0.51, 0.156, 0.118, 0.383, 0.256, 0.313, 0.466, 0.022]",3000,0.09698165953159332,-0.17923698592863085,
29,E0,3240,-0.15562733684020127,0.08441180612782699,-0.28151103025383895,-0.006765900849432631,0.015011694900068687,0.014562436376893454,0.037696747610503324,0.27507466077804565,0.12945964932441711,0.047623950988054276,0.40453431010246277,0.5160173177719116,0.5943854451179504,1,162,296,"[0.2751, 0.1295, 0.0476, 0.0379, 0.026, 0.0222, 0.0188, 0.0142, 0.0122, 0.011]","[0.156, 0.084, 0.282, 0.271, 0.545, 0.153, 0.258, 0.165, 0.118, 0.02]",3000,0.07415156066417694,0.11273248578210285,
29,MEAN,3000,0.12861078624722577,-0.6982196917856522,0.3778824989915628,0.009577232033529193,0.0022342258804104154,0.002728265923535492,-0.035556887155761274,0.3030449450016022,0.1569557636976242,0.07258002460002899,0.4600006937980652,0.6114466190338135,0.7041963338851929,2,82,207,"[0.303, 0.157, 0.0726, 0.0455, 0.0334, 0.0246, 0.021, 0.0179, 0.0155, 0.0137]","[0.129, 0.698, 0.378, 0.149, 0.198, 0.08, 0.276, 0.099, 0.151, 0.06]",3000,0.16893912851810455,-0.1893875199090846,
30,T0,3240,-0.05819842658261596,-0.11541036883360346,-0.06063041246019784,-0.07714044441573074,-0.10443053317981124,0.011253747832630287,-0.043186087620429255,0.5616265535354614,0.2799036502838135,0.037869568914175034,0.8415302038192749,0.9202314615249634,0.955897331237793,4,4,9,"[0.5616, 0.2799, 0.0379, 0.0277, 0.0131, 0.011, 0.0082, 0.0072, 0.0052, 0.0042]","[0.058, 0.115, 0.061, 0.333, 0.172, 0.111, 0.412, 0.341, 0.493, 0.281]",3000,0.0068465182557702065,-0.04624166594204342,
30,T1,3240,-0.006987737501401236,-0.020687065736135084,0.25611991174022414,-0.09362505866285825,-0.0970784927423403,0.024126827952981374,-0.05533318094197954,0.5338094234466553,0.23563365638256073,0.038434211164712906,0.7694430947303772,0.8584616184234619,0.9087538123130798,1,9,23,"[0.5338, 0.2356, 0.0384, 0.0311, 0.0195, 0.0137, 0.0117, 0.0102, 0.0078, 0.0069]","[0.007, 0.021, 0.256, 0.748, 0.297, 0.057, 0.228, 0.021, 0.004, 0.004]",3000,0.04703960567712784,-0.08580692594623092,
30,T2,3240,-0.06644120845230561,0.4196840491295261,0.2587323955714161,0.025140162124370397,0.03804950506685641,0.036835269072892446,-0.011914026401972238,0.2983253300189972,0.10073568671941757,0.06088903546333313,0.39906102418899536,0.5582457184791565,0.6710484027862549,3,76,182,"[0.2983, 0.1007, 0.0609, 0.0558, 0.0425, 0.0316, 0.0229, 0.0206, 0.0201, 0.0176]","[0.066, 0.42, 0.259, 0.358, 0.379, 0.111, 0.041, 0.063, 0.154, 0.29]",3000,0.05621873959898949,-0.0764884634272994,
30,T3,3240,0.1644203163365108,0.002904853061887081,-0.08437948184494397,-0.005669288644292054,-0.06083749694082082,0.12668384603299454,-0.11111640499844568,0.5315824747085571,0.21162743866443634,0.09760692715644836,0.7432098984718323,0.8863674998283386,0.9352642893791199,2,6,14,"[0.5316, 0.2116, 0.0976, 0.0287, 0.0169, 0.0138, 0.0112, 0.0092, 0.0084, 0.0063]","[0.164, 0.003, 0.084, 0.32, 0.01, 0.038, 0.233, 0.156, 0.48, 0.077]",3000,0.0036324774846434593,-0.16669791009690071,
30,T4,3240,0.0344010320413042,0.2928590919926697,0.01771900884866548,-0.05778670798276415,-0.016737489781131903,0.017766165028573113,0.02695568320439587,0.996683657169342,0.0011163718299940228,0.0005217262078076601,0.9978000521659851,0.9990518689155579,0.9993420243263245,3,1,1,"[0.9967, 0.0011, 0.0005, 0.0005, 0.0002, 0.0001, 0.0001, 0.0001, 0.0, 0.0]","[0.034, 0.293, 0.018, 0.057, 0.127, 0.638, 0.352, 0.198, 0.16, 0.334]",3000,0.0027486199978739023,-0.09261649511512676,
30,T5,3240,0.047184290530561286,-0.02576157775903524,0.007931410635987724,-0.015145402991953013,-0.1065853653135192,0.04072118403386089,-0.08553467975401088,0.6066985130310059,0.171142578125,0.06621406227350235,0.7778410911560059,0.9017106890678406,0.9426124691963196,2,5,12,"[0.6067, 0.1711, 0.0662, 0.0407, 0.017, 0.0112, 0.0102, 0.0079, 0.0065, 0.0052]","[0.047, 0.026, 0.008, 0.092, 0.189, 0.125, 0.311, 0.081, 0.063, 0.624]",3000,0.00566894793882966,-0.1403999184550999,
30,T6,3240,0.02285134080930299,-0.025080265159290873,-0.015550714008398431,0.023934823073980597,0.010453569782644506,-0.04566137497930253,0.026650652811343035,0.6483497023582458,0.1863740086555481,0.06542613357305527,0.834723711013794,0.9322337508201599,0.9608832597732544,3,3,8,"[0.6483, 0.1864, 0.0654, 0.0175, 0.0146, 0.0087, 0.0063, 0.0054, 0.0044, 0.0038]","[0.023, 0.025, 0.016, 0.136, 0.077, 0.08, 0.386, 0.449, 0.487, 0.038]",3000,0.006181401666253805,-0.08029926228163071,
30,T7,3240,0.0654254550391357,0.019717205549238274,0.016400330694320377,0.03112366741179479,-0.02071550713011156,0.028584821300168293,-0.06901284218346142,0.6723840832710266,0.16456615924835205,0.05730360373854637,0.8369502425193787,0.9181740283966064,0.9512457251548767,1,4,10,"[0.6724, 0.1646, 0.0573, 0.0129, 0.011, 0.0097, 0.0073, 0.0069, 0.0054, 0.0037]","[0.065, 0.02, 0.016, 0.185, 0.109, 0.081, 0.167, 0.039, 0.122, 0.81]",3000,0.007362132892012596,-0.14792080419084874,
30,T8,3240,0.22591359213187265,0.059088881673348095,0.15740617416170138,-0.028222281849202595,-0.07221056831953163,0.007844754923462517,-0.04711699266981907,0.7891695499420166,0.08885236084461212,0.022505221888422966,0.8780218958854675,0.9318245649337769,0.9594892263412476,1,3,8,"[0.7892, 0.0889, 0.0225, 0.019, 0.0123, 0.0087, 0.0068, 0.0044, 0.0042, 0.0036]","[0.226, 0.059, 0.157, 0.748, 0.161, 0.003, 0.146, 0.07, 0.121, 0.214]",3000,0.07223830372095108,-0.34691970087944757,
30,R0,3240,0.1741907314374359,-0.028868952698550446,-0.2015354674654363,0.02883786491640691,0.023208124604769644,-0.004793835080796734,-0.05834684940629154,0.7995160222053528,0.05691860243678093,0.04734484478831291,0.8564346432685852,0.9365112781524658,0.9659921526908875,3,3,7,"[0.7995, 0.0569, 0.0473, 0.0183, 0.0144, 0.0105, 0.0063, 0.0052, 0.0046, 0.0029]","[0.174, 0.029, 0.202, 0.33, 0.682, 0.04, 0.097, 0.043, 0.375, 0.109]",3000,0.0658966675400734,-0.2698543591675984,
30,R1,3240,0.1462781853526158,0.1380100125165727,0.22358713280995568,-0.0020390608600522977,0.037488091140921824,-0.037179703315671594,0.0015150697909107798,0.7396183013916016,0.053489185869693756,0.04297453537583351,0.7931075096130371,0.8938422203063965,0.9513933658599854,4,6,10,"[0.7396, 0.0535, 0.043, 0.0296, 0.0282, 0.0197, 0.0146, 0.0117, 0.0074, 0.0041]","[0.146, 0.138, 0.224, 0.571, 0.505, 0.444, 0.164, 0.191, 0.231, 0.311]",3000,0.10796721279621124,-0.25800069088720695,
30,R2,3240,0.1215265294221421,0.12514004981263804,0.2593649522634559,-0.0673367469961003,-0.04553322215726164,0.030850367493130547,-0.06479318169898764,0.6316373348236084,0.07694185525178909,0.051199670881032944,0.7085791826248169,0.8354952931404114,0.9188229441642761,2,8,19,"[0.6316, 0.0769, 0.0512, 0.04, 0.0358, 0.0257, 0.0203, 0.0195, 0.0104, 0.0074]","[0.122, 0.125, 0.259, 0.187, 0.651, 0.162, 0.306, 0.225, 0.076, 0.122]",3000,0.09845099598169327,-0.3290865425616191,
30,R3,3240,0.041063457321320274,0.11757576739324085,-0.09924465469802292,0.0378891202527302,0.04304837805442091,0.08087821530940478,0.04700604797177689,0.4501507580280304,0.18581601977348328,0.10133490711450577,0.6359667778015137,0.8564844727516174,0.9254462718963623,1,8,17,"[0.4502, 0.1858, 0.1013, 0.0928, 0.0264, 0.0252, 0.016, 0.0125, 0.0086, 0.0067]","[0.041, 0.118, 0.099, 0.031, 0.037, 0.016, 0.517, 0.14, 0.005, 0.055]",3000,0.10470764338970184,-0.25028115562210157,
30,R4,3240,0.0763677425572213,0.04924425263281328,-0.11595126462871819,-0.04220837990925657,-0.004563915727510864,0.07432530458784008,0.08681804499550268,0.496146023273468,0.18350084125995636,0.10269654542207718,0.6796468496322632,0.8864352107048035,0.948988676071167,1,6,11,"[0.4961, 0.1835, 0.1027, 0.0795, 0.0246, 0.0226, 0.0146, 0.0115, 0.0081, 0.0057]","[0.076, 0.049, 0.116, 0.21, 0.014, 0.037, 0.116, 0.13, 0.211, 0.396]",3000,0.024962633848190308,-0.22099478044816978,
30,R5,3240,0.011698847411862482,0.1312635192343538,-0.14787299246649954,0.007031739287710692,-0.027685507992105125,-0.04213191290514922,-0.049590062622761014,0.46177858114242554,0.19920803606510162,0.10655584186315536,0.660986602306366,0.8521453142166138,0.9136921763420105,2,9,20,"[0.4618, 0.1992, 0.1066, 0.0566, 0.028, 0.0189, 0.0131, 0.0111, 0.0106, 0.0079]","[0.012, 0.131, 0.148, 0.081, 0.005, 0.184, 0.048, 0.202, 0.469, 0.447]",3000,-0.012661089189350605,0.0903576276005432,
30,R6,3240,-0.13779625934441467,0.08116116269721282,0.04231506753827267,0.0018117568646283816,0.015181735418724028,0.0033808321812934298,0.029137893042095693,0.46943989396095276,0.14166259765625,0.04966073855757713,0.6111024618148804,0.7457663416862488,0.849740207195282,3,18,46,"[0.4694, 0.1417, 0.0497, 0.044, 0.041, 0.0332, 0.023, 0.0176, 0.0167, 0.0136]","[0.138, 0.081, 0.042, 0.271, 0.35, 0.043, 0.43, 0.591, 0.269, 0.088]",3000,-0.007187471259385347,-0.0031630317719404063,
30,R7,3240,-0.01543316334292978,0.017975626325469972,0.32663028917187986,-0.00079487244838561,-0.027899125718781927,-0.06592368810521065,0.07952311972441724,0.36226561665534973,0.09943275153636932,0.07716131955385208,0.46169835329055786,0.6300057172775269,0.7505427598953247,3,39,90,"[0.3623, 0.0994, 0.0772, 0.05, 0.0411, 0.0388, 0.0354, 0.0188, 0.0143, 0.0134]","[0.015, 0.018, 0.327, 0.111, 0.622, 0.307, 0.292, 0.044, 0.233, 0.173]",3000,0.10761391371488571,0.3007126132092934,
30,M0,3000,0.20462632160561545,-0.019425877225476333,0.5237375693879422,-0.11846106131646233,0.025691673166496745,-0.09276608341099928,-0.17716859520061895,0.3483983874320984,0.18522495031356812,0.11435800045728683,0.5336233377456665,0.7937859296798706,0.8860228657722473,4,12,29,"[0.3484, 0.1852, 0.1144, 0.1003, 0.0455, 0.0279, 0.0227, 0.0162, 0.0143, 0.0112]","[0.205, 0.019, 0.524, 0.173, 0.138, 0.502, 0.363, 0.353, 0.172, 0.176]",3000,0.09490053355693817,-0.19612582822436356,
30,E0,3240,-0.1622002906880492,0.1288262585800139,-0.3735753826576019,-0.008732613499225852,0.015248848761460177,0.011816891058340212,0.042530068012834606,0.28474390506744385,0.12744879722595215,0.049041226506233215,0.412192702293396,0.5261601209640503,0.6038620471954346,3,156,285,"[0.2847, 0.1274, 0.049, 0.039, 0.026, 0.0217, 0.0187, 0.0138, 0.0123, 0.0112]","[0.162, 0.129, 0.374, 0.254, 0.409, 0.238, 0.308, 0.14, 0.066, 0.025]",3000,0.07676684856414795,0.12279186756914694,
30,MEAN,3000,0.2145567302547268,-0.7141332559921074,0.36782820758479956,0.00760986762739211,-0.0013252416959677882,0.014791800839723854,-0.04248200855569865,0.2895641028881073,0.16473610699176788,0.06996715068817139,0.4543002247810364,0.6032759547233582,0.6959351301193237,2,83,205,"[0.2896, 0.1647, 0.07, 0.0439, 0.0351, 0.0238, 0.0226, 0.0174, 0.0153, 0.0136]","[0.215, 0.714, 0.368, 0.177, 0.219, 0.176, 0.206, 0.043, 0.122, 0.005]",3000,0.17965148389339447,-0.27098662846701127,
31,T0,3240,-0.06381804000603258,-0.12367214040671315,0.09092512516465821,-0.07298125728497382,-0.11115395931745303,0.012956048068916166,-0.04177220788834828,0.5517783164978027,0.28341779112815857,0.03993058204650879,0.8351961374282837,0.9180289506912231,0.9546563029289246,4,4,9,"[0.5518, 0.2834, 0.0399, 0.0297, 0.0132, 0.0115, 0.0081, 0.0074, 0.0052, 0.0045]","[0.064, 0.124, 0.091, 0.307, 0.136, 0.116, 0.361, 0.296, 0.512, 0.321]",3000,0.006601572036743164,-0.03124518432919388,
31,T1,3240,0.029379241830948363,-0.05693505773449071,-0.18289949436915073,-0.08219973099346076,-0.08875696048439512,0.029310420283206257,-0.029046550612652006,0.5277360677719116,0.24293416738510132,0.03955193608999252,0.7706702351570129,0.8613480925559998,0.9095510840415955,2,9,23,"[0.5277, 0.2429, 0.0396, 0.0294, 0.0217, 0.0135, 0.0109, 0.0094, 0.0078, 0.0067]","[0.029, 0.057, 0.183, 0.751, 0.394, 0.001, 0.241, 0.027, 0.034, 0.069]",3000,0.047017425298690796,-0.09953741975828335,
31,T2,3240,-0.015811154890084226,0.42309369417201,0.2799870519512136,0.04054054999291609,0.0387273712503268,0.037463557618892675,-0.019972546726042872,0.3314414620399475,0.0957302451133728,0.05932850018143654,0.4271717071533203,0.5807175636291504,0.6902278661727905,2,71,172,"[0.3314, 0.0957, 0.0593, 0.0531, 0.0411, 0.0315, 0.0235, 0.0194, 0.0189, 0.0162]","[0.016, 0.423, 0.28, 0.246, 0.343, 0.143, 0.003, 0.033, 0.135, 0.284]",3000,0.05515045300126076,-0.14566177918006737,
31,T3,3240,0.18324422360236745,-0.000641026190887965,-0.08321487928328404,-0.00037580546290673453,-0.05870514985420058,0.12124907686219043,-0.1020313793397274,0.5046043395996094,0.22534137964248657,0.1021060049533844,0.729945719242096,0.8794267773628235,0.9327041506767273,2,7,14,"[0.5046, 0.2253, 0.1021, 0.0299, 0.0174, 0.0146, 0.0124, 0.0103, 0.0089, 0.0071]","[0.183, 0.001, 0.083, 0.342, 0.012, 0.049, 0.222, 0.246, 0.512, 0.056]",3000,0.004086099565029144,-0.165744311798436,
31,T4,3240,0.03407075590752898,0.2811676824112744,-0.001379312992207586,-0.05763789454913168,-0.016368920427151497,0.017575816555014348,0.026819538725432666,0.995928168296814,0.0012087156064808369,0.0007595444330945611,0.9971368908882141,0.9987893104553223,0.9991679191589355,2,1,1,"[0.9959, 0.0012, 0.0008, 0.0006, 0.0003, 0.0001, 0.0001, 0.0001, 0.0001, 0.0001]","[0.034, 0.281, 0.001, 0.058, 0.121, 0.335, 0.092, 0.668, 0.092, 0.003]",3000,0.0027334727346897125,-0.09259658188953519,
31,T5,3240,0.06012872732195558,0.012826362424505305,0.011745752669371771,-0.00680525019745086,-0.09709283999469344,0.048323141683654855,-0.08348787299074625,0.603960394859314,0.1713688224554062,0.06743402779102325,0.7753292322158813,0.9016695022583008,0.9424389004707336,2,5,12,"[0.604, 0.1714, 0.0674, 0.0415, 0.0174, 0.0113, 0.0099, 0.0077, 0.0067, 0.0052]","[0.06, 0.013, 0.012, 0.09, 0.186, 0.101, 0.318, 0.1, 0.07, 0.707]",3000,0.006711842026561499,-0.14392171360699166,
31,T6,3240,0.012175789226587052,0.022987357374413164,-0.022617274488550873,0.024395115918161153,0.010278586747705092,-0.045588350509651085,0.029945478018395196,0.6356170177459717,0.19487512111663818,0.06543756276369095,0.8304921388626099,0.9295896887779236,0.9595127105712891,3,4,8,"[0.6356, 0.1949, 0.0654, 0.018, 0.0156, 0.0093, 0.0064, 0.0058, 0.0044, 0.0041]","[0.012, 0.023, 0.023, 0.137, 0.131, 0.077, 0.21, 0.552, 0.47, 0.371]",3000,0.006760722026228905,-0.06972430185192302,
31,T7,3240,0.06370220019464273,0.031071329094494993,0.012638822765743867,0.03626027927321687,-0.016452002625264958,0.021050861191029595,-0.06207772918957019,0.6718931198120117,0.16445650160312653,0.05827488377690315,0.836349606513977,0.9180329442024231,0.951244592666626,1,4,10,"[0.6719, 0.1645, 0.0583, 0.0133, 0.0101, 0.01, 0.0073, 0.0068, 0.0054, 0.0037]","[0.064, 0.031, 0.013, 0.19, 0.02, 0.078, 0.22, 0.032, 0.238, 0.756]",3000,0.006818418391048908,-0.13758695228975787,
31,T8,3240,0.2708369077637262,0.09241808933486932,0.07862432601461311,-0.02889843103057393,-0.06512201951838875,0.011332636785201904,-0.042058932807620165,0.7849472761154175,0.09117348492145538,0.024266542866826057,0.8761207461357117,0.9311646223068237,0.9587188363075256,1,3,8,"[0.7849, 0.0912, 0.0243, 0.0182, 0.0126, 0.0089, 0.0068, 0.0043, 0.0041, 0.0035]","[0.271, 0.092, 0.079, 0.764, 0.107, 0.021, 0.184, 0.013, 0.104, 0.22]",3000,0.06950876116752625,-0.311461680690276,
31,R0,3240,0.26987724395715645,-0.0215293293173732,-0.19894519333036434,0.014690626178562522,0.021943338392391525,-0.019595650164414453,-0.05948542603937508,0.8055031895637512,0.056364309042692184,0.0471687987446785,0.8618674874305725,0.9389901161193848,0.9683002233505249,2,3,6,"[0.8055, 0.0564, 0.0472, 0.0176, 0.0123, 0.0114, 0.006, 0.005, 0.0042, 0.0027]","[0.27, 0.022, 0.199, 0.266, 0.726, 0.023, 0.085, 0.004, 0.364, 0.075]",3000,0.06256750226020813,-0.4089679804375813,
31,R1,3240,0.3126098960692001,0.18995490841803986,0.21014512622037956,-0.026391905492331284,0.013922065904935794,0.03683414937072984,-0.05455108210933611,0.7417480945587158,0.060492485761642456,0.039680734276771545,0.8022406101226807,0.9013137221336365,0.955829918384552,3,5,9,"[0.7417, 0.0605, 0.0397, 0.0335, 0.0259, 0.0183, 0.0134, 0.0104, 0.0076, 0.0048]","[0.313, 0.19, 0.21, 0.05, 0.536, 0.407, 0.293, 0.203, 0.191, 0.277]",3000,0.10224568843841553,-0.4369269539205377,
31,R2,3240,0.1896069804496204,0.10551059325069731,0.11696119362939668,-0.03377796719150479,-0.08379864699712833,0.09831133212791794,-0.13500438041176357,0.632148027420044,0.08139587193727493,0.05824699252843857,0.7135438919067383,0.8496646881103516,0.9271866679191589,3,8,17,"[0.6321, 0.0814, 0.0582, 0.0461, 0.0318, 0.0254, 0.0179, 0.0169, 0.0098, 0.0075]","[0.19, 0.106, 0.117, 0.118, 0.6, 0.301, 0.206, 0.302, 0.034, 0.055]",3000,0.08597350865602493,-0.3088130622060707,
31,R3,3240,-0.05282007866017834,0.13378844162296302,0.025076581525577846,-0.04676127453132352,-0.0540668341733181,-0.07385540139258065,-0.06611457510843631,0.46800345182418823,0.18278780579566956,0.0980784222483635,0.6507912874221802,0.8628207445144653,0.9299860000610352,1,7,16,"[0.468, 0.1828, 0.0981, 0.087, 0.0269, 0.0252, 0.014, 0.0121, 0.0086, 0.0073]","[0.053, 0.134, 0.025, 0.026, 0.155, 0.015, 0.524, 0.027, 0.119, 0.027]",3000,0.09646616876125336,0.29140643024646584,
31,R4,3240,-0.05985087675510127,0.04323345243041807,-0.07188352805967335,0.04414556433793519,0.017323554991068992,-0.08926161997437382,-0.07423424839747766,0.46794775128364563,0.19201795756816864,0.10757892578840256,0.6599656939506531,0.8846014142036438,0.9471812844276428,0,6,11,"[0.4679, 0.192, 0.1076, 0.0915, 0.0256, 0.022, 0.0149, 0.0121, 0.0075, 0.006]","[0.06, 0.043, 0.072, 0.189, 0.013, 0.035, 0.044, 0.111, 0.164, 0.202]",3000,0.01028162706643343,0.21330521156353913,
31,R5,3240,-0.029886792104297757,0.14087037887960127,-0.06304514613750416,0.008617325233370731,0.02242286597577648,0.060934138391309726,0.016220739091671682,0.4808007478713989,0.19436891376972198,0.09747546911239624,0.6751696467399597,0.8562970757484436,0.9157506823539734,1,9,19,"[0.4808, 0.1944, 0.0975, 0.0588, 0.0249, 0.0175, 0.0134, 0.0111, 0.0096, 0.0078]","[0.03, 0.141, 0.063, 0.096, 0.103, 0.143, 0.002, 0.243, 0.546, 0.272]",3000,-0.012267189100384712,-0.1190925224347681,
31,R6,3240,0.12342441355600918,0.0638233354080721,0.006151841533434658,-0.008774612121724285,-0.02401866682521166,-0.003530667155697684,-0.001408182874371951,0.4607422947883606,0.14126986265182495,0.04949319735169411,0.6020121574401855,0.7419050335884094,0.848838210105896,3,17,45,"[0.4607, 0.1413, 0.0495, 0.0475, 0.0429, 0.0335, 0.0224, 0.0186, 0.0178, 0.0146]","[0.123, 0.064, 0.006, 0.265, 0.298, 0.047, 0.447, 0.562, 0.364, 0.085]",3000,-0.00960395485162735,0.04296268217494052,
31,R7,3240,0.12340304240156043,-0.07494405966212925,0.21582397848160337,-0.013628834189983322,-0.026531357686993454,-0.04245565699481206,0.07111707393278764,0.347042053937912,0.09933843463659286,0.07557862997055054,0.44638049602508545,0.6226792931556702,0.754677414894104,2,38,86,"[0.347, 0.0993, 0.0756, 0.0554, 0.0453, 0.0434, 0.0402, 0.0196, 0.0149, 0.0138]","[0.123, 0.075, 0.216, 0.021, 0.238, 0.446, 0.603, 0.034, 0.202, 0.07]",3000,0.10466961562633514,0.130131489484783,
31,M0,3000,0.18634768714742786,-0.031155425926540147,0.5195749470000677,-0.1189203324040039,0.01246866496623868,-0.09694699509995074,-0.18159518810634245,0.34302687644958496,0.18274499475955963,0.12222915142774582,0.5257718563079834,0.7959915399551392,0.8915327787399292,4,11,27,"[0.343, 0.1827, 0.1222, 0.1039, 0.0441, 0.0284, 0.0243, 0.0168, 0.0148, 0.0112]","[0.186, 0.031, 0.52, 0.108, 0.108, 0.479, 0.356, 0.282, 0.319, 0.143]",3000,0.09596985578536987,-0.16933226282933436,
31,E0,3240,-0.15170869957481378,0.03126080066254705,-0.258253897469271,-0.008082109543503309,0.01743745041432091,0.011121105387779226,0.039968196476132645,0.28074416518211365,0.11400368809700012,0.05627252906560898,0.39474785327911377,0.5230255722999573,0.6017047762870789,3,155,281,"[0.2807, 0.114, 0.0563, 0.0457, 0.0263, 0.0217, 0.0193, 0.0142, 0.0124, 0.0111]","[0.152, 0.031, 0.258, 0.407, 0.321, 0.353, 0.234, 0.065, 0.061, 0.053]",3000,0.077293261885643,0.11954722490462785,
31,MEAN,3000,0.2116626559462363,-0.7130378215081679,0.3509567546450693,0.007042500415247406,-0.0022832635911283973,0.017461976062133153,-0.058840847414213006,0.32129499316215515,0.16196730732917786,0.06725252419710159,0.483262300491333,0.6255719661712646,0.713770866394043,2,76,191,"[0.3213, 0.162, 0.0673, 0.0422, 0.0328, 0.0232, 0.0218, 0.0162, 0.0145, 0.0125]","[0.212, 0.713, 0.351, 0.185, 0.209, 0.078, 0.283, 0.024, 0.112, 0.03]",3000,0.17486846446990967,-0.278825253724803,
32,T0,3240,-0.08076411786544059,-0.10255258057461544,0.08631234274144006,-0.0759686496723448,-0.11334241910128738,0.013418728170389789,-0.041586117239490794,0.5406413078308105,0.2868199944496155,0.04299077391624451,0.827461302280426,0.9157369136810303,0.9534881114959717,4,4,10,"[0.5406, 0.2868, 0.043, 0.031, 0.0143, 0.0118, 0.0082, 0.0077, 0.0055, 0.0045]","[0.081, 0.103, 0.086, 0.301, 0.118, 0.096, 0.378, 0.267, 0.499, 0.372]",3000,0.007057539653033018,-0.017223189049207818,
32,T1,3240,0.029214456812342856,0.05278176498618328,-0.06499948959362654,-0.08405685966899779,-0.09400193747405122,0.05447164355771991,-0.05240449948588654,0.5082604289054871,0.2614193558692932,0.04145284742116928,0.7696797847747803,0.8645503520965576,0.9112909436225891,2,9,22,"[0.5083, 0.2614, 0.0415, 0.0285, 0.025, 0.0131, 0.0102, 0.0088, 0.0079, 0.0067]","[0.029, 0.053, 0.065, 0.499, 0.707, 0.041, 0.257, 0.049, 0.023, 0.028]",3000,0.04286659136414528,-0.13087614249081034,
32,T2,3240,-0.047418832762224444,0.39621477296762264,0.2942343371878776,0.04483532022188296,0.013389623944953829,0.010024839695893737,-0.019787602162700278,0.3714374601840973,0.08795388042926788,0.05821776017546654,0.45939135551452637,0.6051813364028931,0.7120960354804993,2,64,159,"[0.3714, 0.088, 0.0582, 0.0497, 0.0379, 0.0305, 0.0236, 0.0194, 0.0182, 0.0152]","[0.047, 0.396, 0.294, 0.197, 0.354, 0.133, 0.041, 0.067, 0.14, 0.269]",3000,0.05097409710288048,-0.07891704820634887,
32,T3,3240,0.11363108639485033,-0.013618311350301244,-0.06792208493858642,0.0035041476379822313,-0.04138452880923154,0.09003472530135856,-0.07027818590062197,0.5010765790939331,0.22450736165046692,0.10181965678930283,0.7255839109420776,0.8759261965751648,0.931130051612854,2,7,15,"[0.5011, 0.2245, 0.1018, 0.0306, 0.0179, 0.0155, 0.0128, 0.0105, 0.0091, 0.0072]","[0.114, 0.014, 0.068, 0.329, 0.056, 0.119, 0.223, 0.153, 0.503, 0.004]",3000,0.003395264968276024,-0.14096415215104505,
32,T4,3240,0.03396919791379312,0.28110475130048823,-0.0010645500420933091,-0.057624184294139624,-0.016361801646250566,0.01754163792265856,0.026905299033185007,0.9958786964416504,0.001217828132212162,0.0007677170215174556,0.9970965385437012,0.9987644553184509,0.9991482496261597,2,1,1,"[0.9959, 0.0012, 0.0008, 0.0006, 0.0003, 0.0001, 0.0001, 0.0001, 0.0001, 0.0001]","[0.034, 0.281, 0.001, 0.063, 0.12, 0.3, 0.2, 0.67, 0.107, 0.001]",3000,0.0027346909046173096,-0.09246667204048985,
32,T5,3240,0.0718276154293615,0.0007556858560321412,0.005533044520584992,-0.004595286032514257,-0.09793367934156232,0.05640849117036948,-0.08614463548168788,0.5917155742645264,0.1799139827489853,0.06797632575035095,0.7716295719146729,0.9001200199127197,0.9407773017883301,2,5,13,"[0.5917, 0.1799, 0.068, 0.0425, 0.018, 0.011, 0.0097, 0.008, 0.0068, 0.0051]","[0.072, 0.001, 0.006, 0.087, 0.189, 0.12, 0.426, 0.116, 0.054, 0.571]",3000,0.005005939397960901,-0.143875960505563,
32,T6,3240,0.016367625638944006,0.025281927175863757,-0.023078563524214283,0.021337258367068217,0.006482313008557455,-0.04134448136283752,0.02834913831393061,0.6180465221405029,0.20564799010753632,0.06683793663978577,0.8236945271492004,0.9260098934173584,0.9574220776557922,3,4,9,"[0.618, 0.2056, 0.0668, 0.0185, 0.017, 0.0099, 0.0065, 0.0061, 0.0046, 0.0042]","[0.016, 0.025, 0.023, 0.123, 0.103, 0.103, 0.027, 0.543, 0.428, 0.721]",3000,0.006956376601010561,-0.07303350407050872,
32,T7,3240,0.07122771427725295,0.03910657142994399,0.025200766972106683,0.043249692072713224,-0.006358438837876102,0.01948304614918157,-0.057895084864285046,0.6697210669517517,0.16498157382011414,0.05943905562162399,0.8347026109695435,0.918018639087677,0.9507432579994202,1,4,10,"[0.6697, 0.165, 0.0594, 0.0136, 0.0102, 0.0096, 0.0075, 0.0068, 0.0053, 0.0035]","[0.071, 0.039, 0.025, 0.19, 0.087, 0.088, 0.207, 0.067, 0.194, 0.776]",3000,0.006952799391001463,-0.13780794633551793,
32,T8,3240,0.25266687349245776,0.07220100332181013,0.05261908010792502,-0.03185790230218365,-0.05983244316425167,0.01849552481879691,-0.042208796577596,0.7685268521308899,0.10262009501457214,0.02698875032365322,0.8711469173431396,0.9298660755157471,0.957668662071228,1,4,8,"[0.7685, 0.1026, 0.027, 0.0182, 0.0135, 0.009, 0.0069, 0.0043, 0.0041, 0.0035]","[0.253, 0.072, 0.053, 0.768, 0.098, 0.01, 0.191, 0.016, 0.108, 0.217]",3000,0.06586916744709015,-0.3448250233636311,
32,R0,3240,0.25067827157251293,-0.026390254402632173,-0.1674005794867137,0.029049393458879674,0.024933535325410736,-0.010103329831132109,-0.044445921497029584,0.8053404092788696,0.059900447726249695,0.0482451505959034,0.8652408719062805,0.9433668255805969,0.9703827500343323,2,3,6,"[0.8053, 0.0599, 0.0482, 0.017, 0.0129, 0.0106, 0.0057, 0.0046, 0.0036, 0.0026]","[0.251, 0.026, 0.167, 0.213, 0.177, 0.739, 0.126, 0.008, 0.361, 0.127]",3000,0.05749576911330223,-0.36780156764550526,
32,R1,3240,0.37510813981123114,0.04397111999288931,0.16383337511267418,-0.0365056281445018,0.017041601908005896,0.04276866428428293,-0.050798662515979,0.7416974306106567,0.0683504119515419,0.039055075496435165,0.8100478649139404,0.9083097577095032,0.9594252705574036,3,5,9,"[0.7417, 0.0684, 0.0391, 0.0362, 0.023, 0.0169, 0.0127, 0.0092, 0.0069, 0.0054]","[0.375, 0.044, 0.164, 0.107, 0.52, 0.444, 0.282, 0.222, 0.172, 0.221]",3000,0.09636113792657852,-0.5541710033510648,
32,R2,3240,0.3596978530594596,0.06272808136551498,-0.045788625894824714,-0.07227598569336231,-0.10211220880572262,0.07457189124781072,-0.11294569051997654,0.6280141472816467,0.08214950561523438,0.07054130733013153,0.7101636528968811,0.8609151244163513,0.9324710965156555,4,7,15,"[0.628, 0.0821, 0.0705, 0.0463, 0.0339, 0.0239, 0.0161, 0.015, 0.0087, 0.0078]","[0.36, 0.063, 0.046, 0.085, 0.533, 0.422, 0.403, 0.185, 0.025, 0.097]",3000,0.08340548723936081,-0.3711892436113108,
32,R3,3240,0.055319656159234586,0.14581429182740047,0.030290827378233177,0.04854736341557497,0.04971465327358673,0.08620208385382347,0.060262994579285065,0.4607280194759369,0.18579283356666565,0.10953814536333084,0.6465208530426025,0.8626100420951843,0.9306973814964294,1,7,15,"[0.4607, 0.1858, 0.1095, 0.0807, 0.0259, 0.0243, 0.0134, 0.0124, 0.0108, 0.0072]","[0.055, 0.146, 0.03, 0.01, 0.029, 0.002, 0.173, 0.541, 0.096, 0.019]",3000,0.08928749710321426,-0.3286682361355494,
32,R4,3240,-0.06466487712492382,0.05777525125325233,-0.0309482264467576,0.04178565395657287,0.01303427360023058,-0.11463367424964586,-0.07132421997439838,0.4485138952732086,0.20069696009159088,0.11035340279340744,0.6492108702659607,0.8806052803993225,0.9440042972564697,0,6,12,"[0.4485, 0.2007, 0.1104, 0.0948, 0.0262, 0.0206, 0.0158, 0.013, 0.0078, 0.0062]","[0.065, 0.058, 0.031, 0.158, 0.032, 0.029, 0.031, 0.109, 0.175, 0.215]",3000,0.011870983988046646,0.2494335276997305,
32,R5,3240,-0.014632948369943461,0.16656150231158606,-0.04546512802372118,0.010974190275331999,0.028437790248457166,0.0680353419631183,0.0034505750756357897,0.471428245306015,0.20162878930568695,0.09853867441415787,0.6730570197105408,0.8566603660583496,0.916968822479248,1,9,19,"[0.4714, 0.2016, 0.0985, 0.0606, 0.0244, 0.0178, 0.0127, 0.0115, 0.0098, 0.0085]","[0.015, 0.167, 0.045, 0.1, 0.117, 0.039, 0.004, 0.226, 0.457, 0.276]",3000,-0.01286159548908472,-0.1476782317785641,
32,R6,3240,-0.02853424118775629,0.10995408788666194,-0.15214239210750596,0.010824708323355626,0.03152132243102254,0.005191137543840719,0.01923325070399545,0.4317606985569,0.15041980147361755,0.05302061140537262,0.5821805000305176,0.7306088805198669,0.8442849516868591,4,18,46,"[0.4318, 0.1504, 0.053, 0.0513, 0.0441, 0.0351, 0.0233, 0.0215, 0.0179, 0.0159]","[0.029, 0.11, 0.152, 0.183, 0.31, 0.033, 0.321, 0.564, 0.429, 0.109]",3000,-0.012228270061314106,-0.1636495446927369,
32,R7,3240,0.15425093855859134,-0.0627725060863549,0.08956499110284641,-0.01789222885904994,-0.03218248761895445,-0.024942451533093653,-0.008567701184504766,0.3402574062347412,0.09699392318725586,0.07340613752603531,0.43725132942199707,0.6232100129127502,0.7560421228408813,2,36,84,"[0.3403, 0.097, 0.0734, 0.067, 0.0456, 0.0431, 0.0396, 0.0203, 0.0169, 0.013]","[0.154, 0.063, 0.09, 0.111, 0.346, 0.257, 0.674, 0.05, 0.129, 0.024]",3000,0.09129968285560608,0.0509693679169984,
32,M0,3000,0.15493474052723094,-0.01219014092571777,0.5161553097431473,-0.11750363308589482,0.013147248246282842,-0.10068863101686652,-0.1928784081198763,0.3339732587337494,0.1889609396457672,0.11627478897571564,0.5229341983795166,0.7947865724563599,0.8916693329811096,5,11,27,"[0.334, 0.189, 0.1163, 0.1115, 0.0441, 0.0292, 0.025, 0.0169, 0.0144, 0.0115]","[0.155, 0.012, 0.516, 0.347, 0.127, 0.424, 0.406, 0.248, 0.31, 0.143]",3000,0.09331471472978592,-0.14769049006060508,
32,E0,3240,-0.13700345160649513,0.05441496168432574,0.058955778815522844,-0.01154501830065075,0.0182490598165383,0.013047550111784368,0.03468440685294417,0.2926104664802551,0.1056646779179573,0.06571833044290543,0.39827513694763184,0.5364193916320801,0.6132344603538513,2,149,271,"[0.2926, 0.1057, 0.0657, 0.0473, 0.0251, 0.0203, 0.0194, 0.0142, 0.012, 0.0109]","[0.137, 0.054, 0.059, 0.499, 0.288, 0.412, 0.128, 0.094, 0.063, 0.066]",3000,0.07007107883691788,0.10615404135746169,
32,MEAN,3000,0.1843546199504167,-0.7147312670064753,0.3462414127012058,0.006231822781943216,-0.006380248467452685,0.022791816255513856,-0.06885535245370485,0.3578324317932129,0.157528355717659,0.06300680339336395,0.5153607726097107,0.6495574712753296,0.7343401908874512,2,68,173,"[0.3578, 0.1575, 0.063, 0.0403, 0.0309, 0.0223, 0.0204, 0.0159, 0.0138, 0.0123]","[0.184, 0.715, 0.346, 0.185, 0.204, 0.065, 0.285, 0.002, 0.124, 0.007]",3000,0.1735502928495407,-0.25578606979218194,
33,T0,3240,-0.07500880458773056,-0.09274858473964968,0.09934214883529024,-0.07796553664828257,-0.11671050949423156,0.018379495698986482,-0.03659255781079624,0.5342562794685364,0.2898154854774475,0.04325955733656883,0.8240717649459839,0.9145557880401611,0.9528601765632629,3,5,10,"[0.5343, 0.2898, 0.0433, 0.0323, 0.0149, 0.012, 0.0085, 0.0077, 0.0056, 0.0046]","[0.075, 0.093, 0.099, 0.292, 0.078, 0.101, 0.457, 0.256, 0.453, 0.37]",3000,0.007569657638669014,-0.013644047446014131,
33,T1,3240,0.04975360050205489,0.06304990371920766,-0.04138230907073191,-0.09268251902695193,-0.10328483974108135,0.08225958155757922,-0.0589781653905629,0.5013705492019653,0.2704409956932068,0.041225261986255646,0.7718115448951721,0.867383599281311,0.9132171273231506,1,9,21,"[0.5014, 0.2704, 0.0412, 0.0302, 0.0242, 0.0125, 0.0098, 0.0084, 0.0078, 0.0073]","[0.05, 0.063, 0.041, 0.168, 0.809, 0.081, 0.231, 0.047, 0.003, 0.083]",3000,0.03958362340927124,-0.15923056771621155,
33,T2,3240,-0.006874843566856615,0.4440603938941017,0.25607286316727534,0.028559614583213298,0.005206203674589217,0.03325027781961261,-0.047891317600269254,0.3728937804698944,0.09134052693843842,0.05652068555355072,0.46423429250717163,0.6083399057388306,0.7168746590614319,2,62,155,"[0.3729, 0.0913, 0.0565, 0.0498, 0.0378, 0.031, 0.0239, 0.0202, 0.0183, 0.0151]","[0.007, 0.444, 0.256, 0.025, 0.335, 0.099, 0.039, 0.024, 0.186, 0.241]",3000,0.059301044791936874,-0.157636777326946,
33,T3,3240,0.13529133861285503,0.013228223268015024,-0.050913208415318684,-0.005578070955747761,-0.06668578225731579,0.1134074239290481,-0.0816307768032419,0.48722711205482483,0.23206888139247894,0.10038430243730545,0.7192959785461426,0.8716959953308105,0.9290494322776794,2,7,16,"[0.4872, 0.2321, 0.1004, 0.033, 0.019, 0.0163, 0.013, 0.0109, 0.0092, 0.0079]","[0.135, 0.013, 0.051, 0.305, 0.11, 0.071, 0.15, 0.198, 0.485, 0.005]",3000,0.002775533590465784,-0.18815571809092624,
33,T4,3240,0.033986740469248836,0.21706185211232307,0.006986405230202205,-0.05794688474153536,-0.016959180840916372,0.017770373846340507,0.02659775344959996,0.9947133660316467,0.0017963893478736281,0.0008847525459714234,0.9965097308158875,0.9984968304634094,0.9989997744560242,1,1,1,"[0.9947, 0.0018, 0.0009, 0.0008, 0.0003, 0.0001, 0.0001, 0.0001, 0.0001, 0.0001]","[0.034, 0.217, 0.007, 0.014, 0.141, 0.07, 0.223, 0.691, 0.143, 0.06]",3000,0.0027224242221564054,-0.09257462895980144,
33,T5,3240,0.06608837248108448,0.00017814834579835579,-0.001952098228368065,0.0045119901511329295,-0.0904551176570434,0.058240500462014545,-0.08944415748274451,0.5814180374145508,0.17797817289829254,0.07360879331827164,0.7593961954116821,0.8948225975036621,0.9378840923309326,2,6,14,"[0.5814, 0.178, 0.0736, 0.0425, 0.0194, 0.0121, 0.0097, 0.0086, 0.0073, 0.0054]","[0.066, 0.0, 0.002, 0.089, 0.19, 0.158, 0.447, 0.174, 0.025, 0.531]",3000,0.0046541281044483185,-0.12742259515403176,
33,T6,3240,0.021766019449440996,0.01810977633233103,-0.01999534626497025,0.02036375884550704,0.005459084824206222,-0.03865620644753046,0.026655224120921805,0.5990791916847229,0.21538151800632477,0.07006218284368515,0.8144606947898865,0.921335756778717,0.9549016356468201,3,4,9,"[0.5991, 0.2154, 0.0701, 0.0197, 0.0172, 0.0108, 0.0069, 0.0065, 0.0049, 0.0044]","[0.022, 0.018, 0.02, 0.131, 0.102, 0.088, 0.082, 0.514, 0.417, 0.648]",3000,0.007260434329509735,-0.07660679766582547,
33,T7,3240,0.06800658730368896,-0.04118607872251145,-0.026197491839279576,0.03877299293575583,-0.0069281936060009855,0.01209860433917042,-0.05356785737972148,0.6765933036804199,0.15988193452358246,0.059505950659513474,0.8364752531051636,0.9197555780410767,0.9514520764350891,1,4,10,"[0.6766, 0.1599, 0.0595, 0.0135, 0.0103, 0.0087, 0.0073, 0.007, 0.0053, 0.0035]","[0.068, 0.041, 0.026, 0.191, 0.081, 0.105, 0.183, 0.04, 0.186, 0.774]",3000,0.006619052030146122,-0.13451598832603795,
33,T8,3240,0.24312424029159457,0.06956425210208354,0.040122963563095346,-0.035163530681220856,-0.05938395101893026,0.012642470138020785,-0.03986917767713159,0.7708158493041992,0.10049109160900116,0.02765769697725773,0.8713069558143616,0.9299177527427673,0.9578793048858643,1,4,8,"[0.7708, 0.1005, 0.0277, 0.0176, 0.0133, 0.0091, 0.007, 0.0043, 0.0041, 0.0035]","[0.243, 0.07, 0.04, 0.767, 0.15, 0.014, 0.21, 0.015, 0.082, 0.236]",3000,0.06428731232881546,-0.3184668508019291,
33,R0,3240,0.32121131874351794,0.02559694668224636,-0.15898323202242284,-0.001443272581490965,0.00201053637253992,-0.0085785583905235,-0.07170539257030908,0.8100995421409607,0.060288965702056885,0.04772469401359558,0.8703885078430176,0.9464765191078186,0.9716716408729553,3,3,6,"[0.8101, 0.0603, 0.0477, 0.0161, 0.0123, 0.0096, 0.0054, 0.0042, 0.0033, 0.0026]","[0.321, 0.026, 0.159, 0.197, 0.119, 0.744, 0.152, 0.004, 0.362, 0.173]",3000,0.05450785160064697,-0.4473280950149073,
33,R1,3240,0.33088762074124345,-0.12084707101905437,0.17237056091043804,-0.008096729217074373,0.019104768914103596,0.07044267101102802,-0.03490462483697762,0.7304868698120117,0.07692724466323853,0.04038296639919281,0.8074141144752502,0.9093693494796753,0.9606273770332336,4,5,9,"[0.7305, 0.0769, 0.0404, 0.0389, 0.0226, 0.0167, 0.0124, 0.0091, 0.0072, 0.0058]","[0.331, 0.121, 0.172, 0.171, 0.473, 0.384, 0.396, 0.243, 0.154, 0.224]",3000,0.09065433591604233,-0.48506946077126,
33,R2,3240,0.3363637494411058,0.09659368556958593,0.02367701033184438,-0.08602189058095296,-0.08135000017198092,0.06638865199620655,-0.08225874753720387,0.6345211267471313,0.07720284163951874,0.07519553601741791,0.7117239832878113,0.8718966245651245,0.9378997087478638,5,7,14,"[0.6345, 0.0772, 0.0752, 0.0488, 0.0362, 0.0218, 0.0152, 0.014, 0.008, 0.007]","[0.336, 0.097, 0.024, 0.024, 0.434, 0.496, 0.43, 0.3, 0.044, 0.036]",3000,0.08057621121406555,-0.35029533149078856,
33,R3,3240,0.07111870920380037,0.1278126005343168,0.03566813496795075,0.057973576854386005,0.05687364598579792,0.08323300360246888,0.06199486774008171,0.46492087841033936,0.18542149662971497,0.10823667049407959,0.6503423452377319,0.8660916090011597,0.933842122554779,2,7,14,"[0.4649, 0.1854, 0.1082, 0.0815, 0.026, 0.0243, 0.0136, 0.0117, 0.0111, 0.007]","[0.071, 0.128, 0.036, 0.024, 0.027, 0.007, 0.148, 0.407, 0.382, 0.075]",3000,0.08207909017801285,-0.3582278835382608,
33,R4,3240,-0.06865526564115018,0.059264468097783095,-0.0004125384196887044,0.0389591879499311,0.014636883802058312,-0.12050327956851434,-0.06862953099310576,0.4414035379886627,0.20827388763427734,0.11306312680244446,0.6496773958206177,0.8843668699264526,0.9449194073677063,0,6,11,"[0.4414, 0.2083, 0.1131, 0.0952, 0.0264, 0.019, 0.0154, 0.0123, 0.0078, 0.006]","[0.069, 0.059, 0.0, 0.117, 0.042, 0.037, 0.004, 0.105, 0.132, 0.166]",3000,0.00849305558949709,0.2586439000300333,
33,R5,3240,-0.0075495019149694675,0.16567507588958685,-0.025401201107031545,0.015140305765876405,0.030541900442106116,0.092737555590974,-0.01842201771826091,0.45754551887512207,0.20790518820285797,0.10089904069900513,0.6654506921768188,0.8513467311859131,0.9136310815811157,1,9,20,"[0.4575, 0.2079, 0.1009, 0.0619, 0.0231, 0.0182, 0.0133, 0.0117, 0.0103, 0.0088]","[0.008, 0.166, 0.025, 0.095, 0.158, 0.03, 0.007, 0.209, 0.472, 0.09]",3000,-0.012809928506612778,-0.17604205475780824,
33,R6,3240,-0.05305415738384985,0.11459729127084116,-0.20513229999309962,0.0051051421581800255,0.022421021795098816,-0.017714050775761218,0.0032947992818865303,0.41143304109573364,0.1531214863061905,0.05862954631447792,0.5645545125007629,0.7219114303588867,0.8412564992904663,4,18,47,"[0.4114, 0.1531, 0.0586, 0.0543, 0.0445, 0.034, 0.0257, 0.0239, 0.0198, 0.016]","[0.053, 0.115, 0.205, 0.092, 0.319, 0.134, 0.302, 0.515, 0.42, 0.006]",3000,-0.010890355333685875,-0.10293358743031683,
33,R7,3240,0.2735916802898415,-0.1195224268270287,0.08687738029767943,-0.026918267531617437,-0.02193526195315465,-0.03772048551586821,0.0004030042955332543,0.3205954134464264,0.10669956356287003,0.07996795326471329,0.4272949695587158,0.6225748062133789,0.7587566375732422,3,35,81,"[0.3206, 0.1067, 0.08, 0.066, 0.0493, 0.0435, 0.041, 0.0205, 0.0176, 0.0135]","[0.274, 0.12, 0.087, 0.183, 0.456, 0.65, 0.342, 0.112, 0.151, 0.059]",3000,0.09882678091526031,-0.06835989075940271,
33,M0,3000,0.15394111918683834,0.07197546131285672,-0.20931477672606255,-0.11205545295078297,0.016842882377953765,-0.0996879900377879,-0.19045332042814858,0.3107178211212158,0.21165095269680023,0.11506984382867813,0.5223687887191772,0.7966436743736267,0.8920591473579407,3,11,26,"[0.3107, 0.2117, 0.1151, 0.1148, 0.0444, 0.0286, 0.0244, 0.0172, 0.0139, 0.0113]","[0.154, 0.072, 0.209, 0.52, 0.173, 0.42, 0.386, 0.243, 0.279, 0.174]",3000,0.09301457554101944,-0.1360136417752053,
33,E0,3240,-0.12250576441818882,0.08025594440988429,0.06699903239405887,-0.014577980572205005,0.016321857454805362,0.012114985171539503,0.03299460557659865,0.2868454158306122,0.10410843789577484,0.06768304109573364,0.39095383882522583,0.5331506133079529,0.6126633286476135,1,149,271,"[0.2868, 0.1041, 0.0677, 0.0488, 0.0257, 0.0213, 0.0202, 0.0151, 0.012, 0.0109]","[0.123, 0.08, 0.067, 0.508, 0.246, 0.297, 0.178, 0.129, 0.058, 0.032]",3000,0.0689895898103714,0.09173541478593424,
33,MEAN,3000,0.24217957762717876,-0.7235724401024298,0.3148787500009411,0.005980647897161731,-0.0036251417283675873,0.023765446987601965,-0.06747775906363346,0.36675316095352173,0.16087709367275238,0.0655970498919487,0.5276302695274353,0.6600791811943054,0.7426063418388367,2,66,171,"[0.3668, 0.1609, 0.0656, 0.0372, 0.0297, 0.0227, 0.0193, 0.0156, 0.0133, 0.0117]","[0.242, 0.724, 0.315, 0.173, 0.219, 0.031, 0.29, 0.031, 0.116, 0.023]",3000,0.17562438547611237,-0.3070010570026952,
34,T0,3240,-0.06718178295036341,-0.07416702928674802,0.09434622095789877,-0.07846569827140848,-0.11696862337201482,0.016464310929798318,-0.034290727043703485,0.5280590653419495,0.2920266091823578,0.04353799670934677,0.8200856447219849,0.9122283458709717,0.9518895745277405,3,5,10,"[0.5281, 0.292, 0.0435, 0.0329, 0.0157, 0.0124, 0.009, 0.0078, 0.0056, 0.0048]","[0.067, 0.074, 0.094, 0.294, 0.083, 0.071, 0.472, 0.201, 0.434, 0.443]",3000,0.007602357305586338,-0.011201641326093536,
34,T1,3240,0.09141841333236125,-0.04350953725362165,-0.00956112918336136,-0.09480062592829418,-0.09738888254655846,0.08375489746041516,-0.08276149089085463,0.49274271726608276,0.27546605467796326,0.04133588820695877,0.7682087421417236,0.8653551936149597,0.9132194519042969,1,9,22,"[0.4927, 0.2755, 0.0413, 0.0323, 0.0235, 0.0135, 0.0105, 0.0089, 0.0077, 0.0073]","[0.091, 0.044, 0.01, 0.083, 0.808, 0.191, 0.206, 0.044, 0.113, 0.014]",3000,0.03889767453074455,-0.2119599812504774,
34,T2,3240,0.0058082800877559335,0.45243041499294684,0.22894696526331407,0.026531744896721457,0.008022671764382028,0.045060472168719605,-0.034618784308957894,0.386376291513443,0.08572688698768616,0.05230417847633362,0.47210317850112915,0.6087127327919006,0.7171815633773804,2,62,157,"[0.3864, 0.0857, 0.0523, 0.0461, 0.0382, 0.0305, 0.0242, 0.0202, 0.0188, 0.0147]","[0.006, 0.452, 0.229, 0.003, 0.317, 0.136, 0.089, 0.039, 0.193, 0.233]",3000,0.05551895126700401,-0.1862890492220468,
34,T3,3240,0.11550811424586963,-0.017728566474684276,0.059462234185499445,-0.0029331377421744622,-0.04481650201918535,0.09405857540808268,-0.053342220562561014,0.4746619462966919,0.23988501727581024,0.10004675388336182,0.7145469784736633,0.8665758371353149,0.9268425107002258,2,8,16,"[0.4747, 0.2399, 0.1, 0.0325, 0.0194, 0.0174, 0.0135, 0.0115, 0.0095, 0.0085]","[0.116, 0.018, 0.059, 0.3, 0.105, 0.084, 0.135, 0.233, 0.497, 0.006]",3000,0.0026488956063985825,-0.19998849559841242,
34,T4,3240,0.03423912913653344,0.20720771852663922,-0.0018816049865063632,-0.057737784241396965,-0.01658898325858659,0.017724719932511963,0.026715825244813772,0.9939924478530884,0.00193705630954355,0.0010762179736047983,0.995929479598999,0.998332679271698,0.998916506767273,1,1,1,"[0.994, 0.0019, 0.0011, 0.001, 0.0003, 0.0002, 0.0001, 0.0001, 0.0001, 0.0001]","[0.034, 0.207, 0.002, 0.014, 0.133, 0.031, 0.174, 0.676, 0.163, 0.031]",3000,0.0027048797346651554,-0.09281330566016877,
34,T5,3240,0.06689820170486173,-0.0021767962113892624,0.0055877062868103875,0.00477375401914079,-0.08993611386669569,0.059992090348885266,-0.08384167812331624,0.5554415583610535,0.18117660284042358,0.08165792375802994,0.736618161201477,0.8876546025276184,0.9333881139755249,2,6,15,"[0.5554, 0.1812, 0.0817, 0.0481, 0.0212, 0.0127, 0.0103, 0.0088, 0.0079, 0.006]","[0.067, 0.002, 0.006, 0.072, 0.188, 0.137, 0.567, 0.106, 0.005, 0.663]",3000,0.005826874636113644,-0.12057208620790033,
34,T6,3240,0.015527646194985789,0.023007176798080908,-0.023102855676236968,0.017039783686805268,0.0038015451851059496,-0.03694409995814632,0.028321026970186874,0.5858753323554993,0.21917162835597992,0.07265470921993256,0.8050469756126404,0.9156439900398254,0.9514992237091064,3,5,10,"[0.5859, 0.2192, 0.0727, 0.0203, 0.0176, 0.0118, 0.0076, 0.0069, 0.0051, 0.0044]","[0.016, 0.023, 0.023, 0.14, 0.116, 0.082, 0.046, 0.502, 0.413, 0.532]",3000,0.0072756074368953705,-0.0653670243612457,
34,T7,3240,0.0776919956969681,0.0569622161127535,0.027537487992041504,0.03145103944336089,-0.00979066675997086,0.015832465403709025,-0.05510069353724027,0.6654531955718994,0.16610337793827057,0.06249123439192772,0.8315565586090088,0.9186068177223206,0.950035810470581,1,4,10,"[0.6655, 0.1661, 0.0625, 0.0142, 0.0104, 0.0081, 0.0073, 0.0071, 0.0054, 0.0035]","[0.078, 0.057, 0.028, 0.185, 0.078, 0.112, 0.185, 0.037, 0.176, 0.78]",3000,0.00600016163662076,-0.14620906903324954,
34,T8,3240,0.278231695433455,0.08193151939249194,0.03493516483950924,-0.022105660934117356,-0.05060235208210641,0.03661544352939555,-0.06911790943059126,0.768589198589325,0.09904740005731583,0.028775520622730255,0.8676366209983826,0.9277626276016235,0.9563795328140259,1,4,9,"[0.7686, 0.099, 0.0288, 0.0177, 0.0137, 0.0092, 0.0071, 0.0045, 0.0043, 0.0036]","[0.278, 0.082, 0.035, 0.768, 0.231, 0.049, 0.211, 0.008, 0.107, 0.246]",3000,0.06385058909654617,-0.36131238074999744,
34,R0,3240,0.32739201542088603,0.06137725548297616,-0.11112587019517303,-0.015305244987437192,-0.0002660678291093343,-0.0010228154661478352,-0.08958871251732217,0.8153674602508545,0.057962942868471146,0.04612397775053978,0.8733304142951965,0.9487179517745972,0.9726560115814209,3,3,6,"[0.8154, 0.058, 0.0461, 0.0166, 0.0127, 0.009, 0.0051, 0.0039, 0.0031, 0.0028]","[0.327, 0.061, 0.111, 0.211, 0.129, 0.746, 0.134, 0.009, 0.366, 0.251]",3000,0.05289806053042412,-0.46963618992090533,
34,R1,3240,0.3266639922153064,-0.15101128725767266,0.3275869896340551,-0.023395513385563674,0.001900848359529668,0.05856940655665115,-0.05949040175334973,0.7291351556777954,0.07902335375547409,0.0447307750582695,0.8081585168838501,0.9108529090881348,0.9616330862045288,5,5,9,"[0.7291, 0.079, 0.0447, 0.0363, 0.0216, 0.0165, 0.0119, 0.0091, 0.0074, 0.0059]","[0.327, 0.151, 0.328, 0.193, 0.436, 0.378, 0.42, 0.247, 0.232, 0.253]",3000,0.08819417655467987,-0.46285151525827034,
34,R2,3240,0.3623151262248258,-0.013298620968001244,0.09387327239697466,-0.08015752736902902,-0.07754312228136645,0.0647518623464212,-0.07781162514948071,0.6470800638198853,0.08127134293317795,0.06655222177505493,0.7283514142036438,0.8775202631950378,0.9398924708366394,5,7,13,"[0.6471, 0.0813, 0.0666, 0.049, 0.0336, 0.0199, 0.0149, 0.0129, 0.0077, 0.0069]","[0.362, 0.013, 0.094, 0.155, 0.419, 0.481, 0.374, 0.359, 0.063, 0.021]",3000,0.07883704453706741,-0.37202489560299384,
34,R3,3240,0.08676341421137991,0.08428668333235471,0.025510039858266612,0.04549874582436694,0.0876763944005608,0.025432377994829353,0.10564592572163044,0.5290695428848267,0.16016674041748047,0.09776858240365982,0.6892362833023071,0.8808696269989014,0.9421868324279785,1,6,12,"[0.5291, 0.1602, 0.0978, 0.0691, 0.0248, 0.0221, 0.0127, 0.0108, 0.0094, 0.0063]","[0.087, 0.084, 0.026, 0.019, 0.006, 0.047, 0.042, 0.151, 0.525, 0.135]",3000,0.07213930040597916,-0.2966524897939711,
34,R4,3240,-0.10726609490758675,0.10631617620378635,-0.037891762128065457,0.033239868514199786,0.016642261565475547,-0.15636280926394178,-0.06315758557106631,0.42214256525039673,0.21635165810585022,0.12252310663461685,0.6384942531585693,0.8900964856147766,0.9471294283866882,0,6,11,"[0.4221, 0.2164, 0.1225, 0.1031, 0.026, 0.0181, 0.0144, 0.0115, 0.0076, 0.0055]","[0.107, 0.106, 0.038, 0.14, 0.082, 0.046, 0.063, 0.081, 0.055, 0.22]",3000,0.009640050120651722,0.3049866218320442,
34,R5,3240,0.002918324325730425,0.15954018926439972,-0.03963274864298773,-0.015524520033697994,-0.027940607337407677,-0.10557350523574455,0.01971380771333112,0.44265058636665344,0.21462421119213104,0.10090982913970947,0.6572747826576233,0.84523606300354,0.910003125667572,0,9,21,"[0.4427, 0.2146, 0.1009, 0.0646, 0.0224, 0.0184, 0.0143, 0.0115, 0.0112, 0.0094]","[0.003, 0.16, 0.04, 0.083, 0.159, 0.061, 0.037, 0.196, 0.095, 0.053]",3000,-0.014942382462322712,0.16606126580534356,
34,R6,3240,-0.036803098660363805,0.08346391364289647,-0.24996458833774848,0.015435354228477319,0.02209378260264323,-0.013965022572705328,0.014896121534763315,0.38899892568588257,0.1629597693681717,0.061927005648612976,0.5519586801528931,0.7146568894386292,0.8360146880149841,2,19,49,"[0.389, 0.163, 0.0619, 0.0566, 0.0442, 0.0346, 0.0262, 0.0254, 0.0195, 0.0157]","[0.037, 0.083, 0.25, 0.096, 0.247, 0.172, 0.124, 0.499, 0.418, 0.013]",3000,-0.012168964371085167,-0.11071859224186702,
34,R7,3240,0.23740396038412762,-0.124507070264677,0.042832559378007395,-0.052830250929448534,-0.029351007988595287,-0.05197269888753353,-0.0034951553477758366,0.32346323132514954,0.11174917221069336,0.09259446710348129,0.4352124035358429,0.6373043656349182,0.7676219344139099,3,34,79,"[0.3235, 0.1117, 0.0926, 0.0601, 0.0494, 0.0425, 0.0367, 0.0219, 0.0168, 0.0125]","[0.237, 0.125, 0.043, 0.262, 0.321, 0.673, 0.329, 0.185, 0.119, 0.104]",3000,0.08706502616405487,-0.020567871498176977,
34,M0,3000,0.12428121338923932,0.06315877256013029,0.24110979874689062,-0.11586940574040967,0.0142916180530079,-0.09734751241779457,-0.18470781406118375,0.30224868655204773,0.2284575253725052,0.11110202223062515,0.5307062268257141,0.7934368252754211,0.8876373171806335,3,12,27,"[0.3022, 0.2285, 0.1111, 0.1068, 0.0448, 0.0281, 0.0239, 0.0168, 0.0142, 0.0112]","[0.124, 0.063, 0.241, 0.529, 0.176, 0.394, 0.402, 0.211, 0.27, 0.181]",3000,0.0876939594745636,-0.0998696108487309,
34,E0,3240,-0.12936126800236866,0.08745124795259938,0.04651452402002501,-0.013570293902426388,0.018224227593061252,0.009240186908063814,0.034064798130978596,0.2966086268424988,0.09806962311267853,0.07828421145677567,0.3946782350540161,0.5468443036079407,0.6256181597709656,1,145,268,"[0.2966, 0.0981, 0.0783, 0.0497, 0.0241, 0.0213, 0.0202, 0.0146, 0.0118, 0.0108]","[0.129, 0.087, 0.047, 0.525, 0.187, 0.241, 0.298, 0.128, 0.084, 0.017]",3000,0.06606253981590271,0.10769265400517396,
34,MEAN,3000,0.2404569986407403,-0.7245628344384293,0.31605695818103907,0.005925408559575331,-0.004780275406835487,0.025228560782437084,-0.06645987136238797,0.37673428654670715,0.15658345818519592,0.0673285573720932,0.5333177447319031,0.6663900017738342,0.7459965348243713,2,65,169,"[0.3767, 0.1566, 0.0673, 0.0364, 0.0294, 0.0223, 0.0184, 0.0153, 0.0127, 0.0109]","[0.24, 0.725, 0.316, 0.191, 0.215, 0.026, 0.277, 0.029, 0.112, 0.027]",3000,0.16984401643276215,-0.3048337536391296,
35,T0,3240,0.089410689075389,-0.07553846724043752,-0.0904843880327017,0.08228728968937528,0.12195907490641729,-0.01672890074274534,0.0356545577683852,0.5258023142814636,0.29127877950668335,0.044622357934713364,0.817081093788147,0.9103296995162964,0.95064377784729,3,5,10,"[0.5258, 0.2913, 0.0446, 0.0329, 0.0158, 0.0124, 0.0093, 0.0078, 0.0059, 0.0048]","[0.089, 0.076, 0.09, 0.29, 0.095, 0.076, 0.46, 0.188, 0.41, 0.505]",3000,0.00770456762984395,-0.013945027478419898,
35,T1,3240,0.07263587184399554,-0.033402540590657157,0.02086202584935314,-0.09720311613990894,-0.10772104471070611,0.09625352261543658,-0.07211483227862175,0.467838317155838,0.3000674247741699,0.04123030975461006,0.7679057121276855,0.8641587495803833,0.9119459390640259,1,9,22,"[0.4678, 0.3001, 0.0412, 0.0327, 0.0223, 0.0133, 0.0104, 0.0087, 0.008, 0.0074]","[0.073, 0.033, 0.021, 0.142, 0.792, 0.237, 0.192, 0.044, 0.055, 0.047]",3000,0.035384856164455414,-0.23393499768006132,
35,T2,3240,-0.0048851110792882966,0.443545679816743,0.2343361004774583,-0.025537155186248835,0.0011615174249826785,-0.02652138388009475,0.037680650795955624,0.38431185483932495,0.07981348782777786,0.05344919115304947,0.4641253352165222,0.602688193321228,0.711117684841156,2,66,167,"[0.3843, 0.0798, 0.0534, 0.0479, 0.0372, 0.0302, 0.0244, 0.02, 0.0192, 0.0146]","[0.005, 0.444, 0.234, 0.024, 0.31, 0.109, 0.097, 0.001, 0.157, 0.17]",3000,0.05219506844878197,0.17144965521560798,
35,T3,3240,0.11712073809538544,0.003044707209650023,0.07375133093451516,-0.004624200640363981,-0.047355243856421196,0.08837353942773524,-0.04737828117339198,0.4722290635108948,0.23246505856513977,0.1038404256105423,0.7046941518783569,0.8618524074554443,0.9238108992576599,2,8,17,"[0.4722, 0.2325, 0.1038, 0.0325, 0.0209, 0.0168, 0.0145, 0.0119, 0.0099, 0.0088]","[0.117, 0.003, 0.074, 0.306, 0.104, 0.123, 0.017, 0.207, 0.456, 0.165]",3000,0.002648540772497654,-0.20735770715196702,
35,T4,3240,0.03877574032025082,0.1665561202197193,0.1271823633965514,-0.0556022843125178,-0.02007153316964427,0.018457948182923456,0.024322632231370524,0.9883072972297668,0.003631026716902852,0.00295672076754272,0.9919383525848389,0.9971811771392822,0.9983305931091309,0,1,1,"[0.9883, 0.0036, 0.003, 0.0017, 0.0005, 0.0003, 0.0003, 0.0002, 0.0002, 0.0001]","[0.039, 0.167, 0.127, 0.024, 0.143, 0.151, 0.181, 0.116, 0.224, 0.278]",3000,0.0025339212734252214,-0.09395746740607401,
35,T5,3240,0.0780793927124512,-0.013113314133751571,0.00229554998025617,-0.002780905880920142,-0.09593826733875624,0.06729091076725512,-0.09032439731003003,0.545364260673523,0.18306267261505127,0.08719650655984879,0.7284269332885742,0.8846616148948669,0.9315885305404663,2,7,16,"[0.5454, 0.1831, 0.0872, 0.0474, 0.0216, 0.013, 0.0103, 0.0092, 0.0081, 0.0062]","[0.078, 0.013, 0.002, 0.069, 0.187, 0.172, 0.519, 0.051, 0.058, 0.681]",3000,0.00645421352237463,-0.11518256564737572,
35,T6,3240,0.015411461411535285,0.017105597509167157,0.02202066419078731,0.022872823279501395,0.008098554810329405,-0.03965488939747908,0.027360431904992932,0.5828170776367188,0.21690811216831207,0.07317773252725601,0.7997251749038696,0.9112353920936584,0.9488484263420105,3,5,11,"[0.5828, 0.2169, 0.0732, 0.0209, 0.0174, 0.0123, 0.0085, 0.007, 0.0054, 0.0044]","[0.015, 0.017, 0.022, 0.15, 0.02, 0.067, 0.021, 0.492, 0.409, 0.328]",3000,0.007639984134584665,-0.07529710370760095,
35,T7,3240,0.07574046717529714,-0.05037595022110717,0.022971529438202264,0.03710365982011749,-0.004139030642961764,0.015315302311247302,-0.049176356535544086,0.6535696387290955,0.1721554696559906,0.06507772207260132,0.8257250785827637,0.9161964058876038,0.9482372999191284,1,4,11,"[0.6536, 0.1722, 0.0651, 0.0148, 0.0106, 0.0082, 0.0075, 0.0074, 0.0054, 0.0036]","[0.076, 0.05, 0.023, 0.183, 0.079, 0.091, 0.186, 0.036, 0.249, 0.775]",3000,0.006052250042557716,-0.1418831715483481,
35,T8,3240,0.3149189437422356,0.062137888222358294,0.04138592549166869,0.0020094222520442395,-0.028662405476025356,0.02401360677282719,-0.08750037449498266,0.7610703110694885,0.10686031728982925,0.030012743547558784,0.8679306507110596,0.9277786016464233,0.9557111859321594,2,4,9,"[0.7611, 0.1069, 0.03, 0.0167, 0.0132, 0.009, 0.007, 0.0043, 0.0041, 0.0036]","[0.315, 0.062, 0.041, 0.77, 0.172, 0.054, 0.232, 0.006, 0.079, 0.233]",3000,0.060000233352184296,-0.33410327462494155,
35,R0,3240,0.3439914815790139,0.06276854823376785,-0.1697243530243216,-0.032531756116391995,-0.008082675986493334,-0.0064726588470952326,-0.09953816216888474,0.8196213841438293,0.05646562948822975,0.04450267553329468,0.8760870099067688,0.9490926861763,0.9723568558692932,3,3,6,"[0.8196, 0.0565, 0.0445, 0.0164, 0.0122, 0.0084, 0.0054, 0.0038, 0.003, 0.0027]","[0.344, 0.063, 0.17, 0.202, 0.049, 0.75, 0.134, 0.011, 0.347, 0.161]",3000,0.050198376178741455,-0.458088310943066,
35,R1,3240,0.40786633298619734,-0.11740634863185258,0.4163184874277671,-0.04938714669026544,-0.0036953263313836866,0.06077630211061345,-0.07293813684127382,0.7279163002967834,0.07688137143850327,0.044196516275405884,0.8047976493835449,0.9078953862190247,0.9607091546058655,4,5,9,"[0.7279, 0.0769, 0.0442, 0.0361, 0.0228, 0.0173, 0.012, 0.0097, 0.0078, 0.0061]","[0.408, 0.117, 0.416, 0.184, 0.409, 0.297, 0.485, 0.29, 0.248, 0.251]",3000,0.08267585933208466,-0.5522318008132961,
35,R2,3240,0.34581039055092716,0.021194414321636344,0.11553865545842947,-0.06678375596564975,-0.01779197224006972,0.054237709005461175,-0.009811892181300626,0.640290379524231,0.08632227033376694,0.06911826133728027,0.7266126275062561,0.876125156879425,0.9392127990722656,5,7,13,"[0.6403, 0.0863, 0.0691, 0.0469, 0.0335, 0.0195, 0.0164, 0.0126, 0.0081, 0.0063]","[0.346, 0.021, 0.116, 0.03, 0.37, 0.44, 0.404, 0.387, 0.091, 0.024]",3000,0.07069581747055054,-0.47088925587160624,
35,R3,3240,0.06867748242095853,0.1037795447593584,-0.04382256454068581,0.04511953789125204,0.07914593882695979,-0.021159885540517124,0.06954927808930998,0.545487105846405,0.15238822996616364,0.08991655707359314,0.6978753209114075,0.879443883895874,0.9406505227088928,1,6,13,"[0.5455, 0.1524, 0.0899, 0.0631, 0.0285, 0.021, 0.0129, 0.0118, 0.0088, 0.0067]","[0.069, 0.104, 0.044, 0.038, 0.038, 0.006, 0.096, 0.13, 0.507, 0.166]",3000,0.06379509717226028,-0.19041017743002897,
35,R4,3240,-0.0235956271952173,0.15438793003229476,-0.06264224141159112,0.026941906334830252,0.008147368085915272,-0.11169467316222677,-0.08451088604220508,0.4271073341369629,0.21140113472938538,0.1290135532617569,0.6385084390640259,0.8897820115089417,0.9444910883903503,0,6,12,"[0.4271, 0.2114, 0.129, 0.0989, 0.0234, 0.0165, 0.0138, 0.011, 0.0076, 0.0058]","[0.024, 0.154, 0.063, 0.148, 0.052, 0.058, 0.047, 0.092, 0.032, 0.152]",3000,0.0019795303232967854,0.1396298674290862,
35,R5,3240,0.016951017684753416,0.15235115954771467,-0.031378586783695046,-0.018626557905317483,-0.032730182918196044,-0.1093189980823017,0.014558866433686255,0.4540964961051941,0.18936984241008759,0.10319717228412628,0.6434663534164429,0.834007740020752,0.9008663892745972,0,10,22,"[0.4541, 0.1894, 0.1032, 0.0592, 0.0281, 0.0212, 0.0142, 0.0116, 0.0106, 0.0094]","[0.017, 0.152, 0.031, 0.073, 0.205, 0.083, 0.045, 0.149, 0.122, 0.113]",3000,-0.018455099314451218,0.13905891809447057,
35,R6,3240,0.015200542552457216,0.1334143672752383,-0.18536676848847183,0.004667728387980259,0.02249349047836425,-0.006721689201625629,0.0035635286373334176,0.3729197084903717,0.15457388758659363,0.06689533591270447,0.5274935960769653,0.6957065463066101,0.8213015198707581,4,21,53,"[0.3729, 0.1546, 0.0669, 0.0558, 0.0455, 0.0351, 0.0295, 0.0242, 0.0208, 0.0161]","[0.015, 0.133, 0.185, 0.029, 0.308, 0.026, 0.309, 0.375, 0.431, 0.077]",3000,-0.01762590929865837,-0.19839344257758107,
35,R7,3240,0.15913761013840189,-0.02135644633161417,0.07291735462665383,-0.05081728984598759,-0.028949423672610452,-0.07213818152705928,-0.021832957949813533,0.31010890007019043,0.11784575879573822,0.09399928152561188,0.42795467376708984,0.631334125995636,0.7624933123588562,3,35,81,"[0.3101, 0.1178, 0.094, 0.0625, 0.0469, 0.0395, 0.0384, 0.0224, 0.0162, 0.0147]","[0.159, 0.021, 0.073, 0.287, 0.345, 0.651, 0.456, 0.181, 0.057, 0.151]",3000,0.07478281110525131,0.06344699674158623,
35,M0,3000,-0.059677685797977,0.028070818659293048,-0.06356811605370645,0.1161638310361109,-0.018563217905863835,0.15736298147679115,0.11549387108369205,0.292997807264328,0.2347315102815628,0.11202427744865417,0.527729332447052,0.7788951396942139,0.8733715415000916,3,14,28,"[0.293, 0.2347, 0.112, 0.0971, 0.0421, 0.0268, 0.0232, 0.0164, 0.0154, 0.0127]","[0.06, 0.028, 0.064, 0.54, 0.222, 0.356, 0.375, 0.246, 0.142, 0.172]",3000,0.08105962723493576,-0.03079548155573603,
35,E0,3240,-0.11609467097981482,-0.1335463723163435,0.032466181489615165,-0.02236378196370007,0.010960837691416652,0.013475048484520812,0.033333250018844705,0.3012539744377136,0.11674650013446808,0.07564438134431839,0.4180004596710205,0.5610008239746094,0.6361379623413086,1,142,264,"[0.3013, 0.1167, 0.0756, 0.045, 0.0224, 0.0207, 0.0186, 0.0147, 0.0111, 0.01]","[0.116, 0.134, 0.032, 0.528, 0.004, 0.293, 0.226, 0.22, 0.08, 0.023]",3000,0.05999543145298958,0.08235974110285915,
35,MEAN,3000,-0.24118625503393445,-0.7170755480883269,0.33384208918638336,-0.0058217666520504726,0.003817927929410897,-0.02236761348205129,0.06511302734106407,0.3741258382797241,0.15068183839321136,0.06510691344738007,0.5248076915740967,0.6544327139854431,0.7336398363113403,2,70,180,"[0.3741, 0.1507, 0.0651, 0.0354, 0.0291, 0.022, 0.018, 0.0153, 0.0129, 0.011]","[0.241, 0.717, 0.334, 0.169, 0.215, 0.017, 0.284, 0.025, 0.126, 0.046]",3000,0.16586247086524963,0.30631524279197436,
36,T0,3240,-0.08443301661151152,-0.0623942032183309,0.0772477058598942,-0.08148184619887046,-0.12681713097905098,0.024933775810334936,-0.051880692093476996,0.5235660672187805,0.2898552119731903,0.045320574194192886,0.8134212493896484,0.9084386229515076,0.9495295882225037,3,5,11,"[0.5236, 0.2899, 0.0453, 0.0335, 0.0161, 0.0128, 0.0093, 0.008, 0.006, 0.005]","[0.084, 0.062, 0.077, 0.291, 0.058, 0.061, 0.419, 0.199, 0.399, 0.521]",3000,0.006062466185539961,0.004659651089029512,
36,T1,3240,0.012644043898732771,-0.060973322813623915,-0.012607181042358596,-0.08457917641440611,-0.10326367336772936,0.09757836520301258,-0.05262763764597324,0.4479053318500519,0.3157077729701996,0.043892793357372284,0.7636131048202515,0.8619739413261414,0.9125213623046875,2,9,22,"[0.4479, 0.3157, 0.0439, 0.033, 0.0214, 0.014, 0.0126, 0.0087, 0.0083, 0.0069]","[0.013, 0.061, 0.013, 0.002, 0.764, 0.449, 0.176, 0.061, 0.086, 0.023]",3000,0.03484124317765236,-0.1931103615381188,
36,T2,3240,0.02073235918783069,-0.45040154790250553,0.1960228898344555,-0.02364651137791355,0.006400149364005441,-0.028070145166449713,0.029961503641662997,0.3881687819957733,0.07917989790439606,0.05238980054855347,0.46734869480133057,0.6019495725631714,0.7151407599449158,1,65,164,"[0.3882, 0.0792, 0.0524, 0.0462, 0.036, 0.0311, 0.0268, 0.0215, 0.0182, 0.0155]","[0.021, 0.45, 0.196, 0.03, 0.274, 0.177, 0.047, 0.016, 0.101, 0.115]",3000,0.04655659943819046,0.1365703299274677,
36,T3,3240,0.10789089330392643,0.01927004949268357,-0.08694697653237625,-0.004599983925463685,-0.032706633891244806,0.08433680266537044,-0.03310904486623941,0.4509808421134949,0.2366819828748703,0.10986208915710449,0.6876628398895264,0.8531396985054016,0.9179569482803345,2,9,19,"[0.451, 0.2367, 0.1099, 0.0324, 0.0232, 0.0176, 0.0151, 0.0124, 0.0103, 0.0093]","[0.108, 0.019, 0.087, 0.301, 0.105, 0.078, 0.006, 0.133, 0.457, 0.11]",3000,0.0029168848413974047,-0.20610012686336193,
36,T4,3240,0.03880138589296938,0.1372161404487299,-0.07210985555809105,-0.05615962573581553,-0.019595465031320005,0.018060098787178923,0.024867250647115445,0.9832949638366699,0.00584458839148283,0.004144157283008099,0.9891395568847656,0.9960939884185791,0.9977103471755981,0,1,1,"[0.9833, 0.0058, 0.0041, 0.0022, 0.0007, 0.0005, 0.0004, 0.0003, 0.0003, 0.0002]","[0.039, 0.137, 0.072, 0.014, 0.228, 0.004, 0.277, 0.268, 0.089, 0.043]",3000,0.002539379522204399,-0.09434054596240082,
36,T5,3240,0.10328468196173571,-0.026883319627915476,-0.0008928082424896914,-0.006677228556874997,-0.10255971109384644,0.07045626121270153,-0.08675951501267273,0.5372689366340637,0.1813371479511261,0.09602993726730347,0.7186061143875122,0.8827294111251831,0.9314917325973511,1,7,16,"[0.5373, 0.1813, 0.096, 0.0465, 0.0216, 0.014, 0.0111, 0.0092, 0.0081, 0.0063]","[0.103, 0.027, 0.001, 0.064, 0.182, 0.196, 0.236, 0.018, 0.092, 0.695]",3000,0.006430988200008869,-0.12321487832329601,
36,T6,3240,0.015599954710899385,0.018312609609256354,0.025768106378654267,0.02475476932592316,0.008234622628066195,-0.037301601266061885,0.025838066138813905,0.571277379989624,0.2220761924982071,0.07598794251680374,0.7933535575866699,0.9085284471511841,0.9469972848892212,2,5,11,"[0.5713, 0.2221, 0.076, 0.0218, 0.0174, 0.013, 0.0085, 0.0072, 0.0054, 0.0044]","[0.016, 0.018, 0.026, 0.142, 0.014, 0.061, 0.039, 0.483, 0.409, 0.267]",3000,0.007891703397035599,-0.08038775841791201,
36,T7,3240,0.0751028574620538,-0.04082254923294137,0.02266212208283136,0.03394560761570762,-0.004527637854653831,0.012371778018441866,-0.04939581318984718,0.653622567653656,0.17253288626670837,0.06472256034612656,0.826155424118042,0.9164206981658936,0.9482334852218628,1,4,11,"[0.6536, 0.1725, 0.0647, 0.0146, 0.011, 0.0082, 0.0074, 0.0072, 0.0055, 0.0036]","[0.075, 0.041, 0.023, 0.189, 0.08, 0.09, 0.172, 0.08, 0.26, 0.771]",3000,0.006027736235409975,-0.14061372005573627,
36,T8,3240,0.2754445575750475,-0.02726685962056526,0.04053212620524874,0.026074068832814233,-0.015482814031281315,0.03472876968140821,-0.0951229461711559,0.7518782019615173,0.11107826232910156,0.0330447219312191,0.8629564642906189,0.9255506992340088,0.9541929960250854,2,4,9,"[0.7519, 0.1111, 0.033, 0.0158, 0.0137, 0.0093, 0.0073, 0.0043, 0.0042, 0.0035]","[0.275, 0.027, 0.041, 0.751, 0.307, 0.076, 0.255, 0.01, 0.003, 0.182]",3000,0.0556684210896492,-0.3332047966489286,
36,R0,3240,0.2611937196998668,0.051113255101468226,-0.25718004403732525,-0.024410712797196497,-0.0068785517301326125,-0.003800693490441285,-0.09241452370245527,0.8167462944984436,0.057807039469480515,0.04480734467506409,0.8745533227920532,0.9493938088417053,0.9723255634307861,1,3,6,"[0.8167, 0.0578, 0.0448, 0.0171, 0.013, 0.0079, 0.0058, 0.0038, 0.0029, 0.0026]","[0.261, 0.051, 0.257, 0.158, 0.028, 0.758, 0.151, 0.003, 0.281, 0.066]",3000,0.04628913849592209,-0.3514818417327659,
36,R1,3240,0.4083961728156156,-0.002920095370463054,0.14062945134523955,-0.07695571692865674,-0.03974154611096294,0.06124234791599406,-0.09893822711573248,0.7185977101325989,0.07432366907596588,0.048119060695171356,0.7929213643074036,0.908750593662262,0.9620234966278076,4,5,9,"[0.7186, 0.0743, 0.0481, 0.0454, 0.0223, 0.0171, 0.0123, 0.0095, 0.008, 0.0064]","[0.408, 0.003, 0.141, 0.034, 0.351, 0.278, 0.508, 0.357, 0.258, 0.255]",3000,0.07034137845039368,-0.47742831081701154,
36,R2,3240,0.32122393718774417,-0.009803785312269686,0.11141476806821504,-0.07810812268344444,-0.034361716743945954,0.06281375988631943,0.026089535125458554,0.6278546452522278,0.09887461364269257,0.08889494091272354,0.7267292737960815,0.8876335024833679,0.9456176161766052,5,6,11,"[0.6279, 0.0989, 0.0889, 0.041, 0.031, 0.0177, 0.0156, 0.0113, 0.0079, 0.0055]","[0.321, 0.01, 0.111, 0.073, 0.316, 0.466, 0.41, 0.431, 0.085, 0.104]",3000,0.05605015531182289,-0.37889603264789784,
36,R3,3240,0.07572106353804064,0.11466055700242851,0.0019777102597071266,0.04282188187648234,0.039432574807284265,0.005874696992421395,0.03883968818840684,0.549964427947998,0.15116173028945923,0.09064647555351257,0.7011261582374573,0.8855018019676208,0.9442629218101501,2,6,12,"[0.55, 0.1512, 0.0906, 0.0616, 0.0321, 0.018, 0.0141, 0.012, 0.0082, 0.0065]","[0.076, 0.115, 0.002, 0.045, 0.034, 0.06, 0.115, 0.14, 0.402, 0.325]",3000,0.054231323301792145,-0.23958112392446387,
36,R4,3240,-0.0034569395453309068,0.13604925364849732,-0.051154420797448745,0.023188263904265028,-0.004393810805338312,-0.11382477659880201,-0.10033449397760032,0.43049290776252747,0.21705859899520874,0.1232168897986412,0.6475515365600586,0.8926935791969299,0.9450557827949524,0,6,12,"[0.4305, 0.2171, 0.1232, 0.1001, 0.0219, 0.0155, 0.0125, 0.011, 0.0074, 0.0059]","[0.003, 0.136, 0.051, 0.146, 0.064, 0.057, 0.057, 0.018, 0.022, 0.153]",3000,-0.0006661024526692927,0.12249761912689366,
36,R5,3240,0.054468432991179566,0.126852174156068,-0.007218371395567731,-0.00887585219948589,-0.022092696064161088,-0.08617893815977153,-0.007976329230411302,0.4745158553123474,0.19038307666778564,0.09213311970233917,0.6648989319801331,0.8385065793991089,0.9033276438713074,0,10,22,"[0.4745, 0.1904, 0.0921, 0.0538, 0.0276, 0.0214, 0.0134, 0.0112, 0.0097, 0.0092]","[0.054, 0.127, 0.007, 0.056, 0.144, 0.042, 0.077, 0.096, 0.028, 0.129]",3000,-0.01856439746916294,0.05971148647567658,
36,R6,3240,0.01784816950187564,0.14668321310774643,-0.19821565382677628,0.010063341231295693,0.04253609335914661,-0.006131939406492228,0.019202765022392813,0.3537704050540924,0.1595279574394226,0.06588538736104965,0.5132983922958374,0.6832717061042786,0.8126876354217529,3,22,54,"[0.3538, 0.1595, 0.0659, 0.0566, 0.0474, 0.0371, 0.0292, 0.0245, 0.0212, 0.0174]","[0.018, 0.147, 0.198, 0.062, 0.316, 0.014, 0.292, 0.453, 0.437, 0.006]",3000,-0.01647142507135868,-0.21669828642104075,
36,R7,3240,0.15846483251624166,-0.03168584091768376,0.04403658317703052,-0.04963899530501151,-0.03065836233748754,-0.06343067930061086,-0.040481233095203226,0.3117215037345886,0.12456744909286499,0.09675807505846024,0.4362889528274536,0.639268159866333,0.7724342346191406,1,32,75,"[0.3117, 0.1246, 0.0968, 0.0599, 0.0463, 0.0433, 0.0355, 0.0245, 0.0153, 0.0146]","[0.158, 0.032, 0.044, 0.225, 0.235, 0.021, 0.655, 0.216, 0.009, 0.143]",3000,0.06395602226257324,0.021281452487666788,
36,M0,3000,-0.1245750794835267,0.0028540047059645987,-0.08478572407878264,0.13653700356411683,-0.02143128517518528,0.17965113832376647,0.08260023810948057,0.28949594497680664,0.24668505787849426,0.11261465400457382,0.5361809730529785,0.7777020931243896,0.8694783449172974,2,14,28,"[0.2895, 0.2467, 0.1126, 0.0876, 0.0414, 0.0262, 0.0227, 0.0155, 0.0151, 0.0124]","[0.125, 0.003, 0.085, 0.526, 0.218, 0.293, 0.336, 0.12, 0.201, 0.182]",3000,0.07209843397140503,0.008923220556806019,
36,E0,3240,-0.11665952632108004,-0.1549445999972688,0.04417608681341622,-0.02262336408612975,0.011094458396400157,0.013810089304398405,0.03281379770715665,0.2994745969772339,0.1146397814154625,0.07640787959098816,0.414114385843277,0.559439480304718,0.6357789635658264,2,142,261,"[0.2995, 0.1146, 0.0764, 0.0459, 0.023, 0.021, 0.0196, 0.0147, 0.011, 0.01]","[0.117, 0.155, 0.044, 0.517, 0.09, 0.176, 0.301, 0.241, 0.09, 0.009]",3000,0.05647618696093559,0.08327130122328635,
36,MEAN,3000,-0.255007204060806,-0.7107616581077889,0.3384414857989988,-0.007449105451432403,0.0014813037501593608,-0.018076005465578616,0.05899879259833932,0.37104061245918274,0.14911824464797974,0.06717801839113235,0.5201588869094849,0.6510079503059387,0.7295332551002502,2,71,183,"[0.371, 0.1491, 0.0672, 0.0351, 0.0286, 0.0221, 0.0177, 0.015, 0.0128, 0.0109]","[0.255, 0.711, 0.338, 0.181, 0.22, 0.019, 0.268, 0.029, 0.139, 0.032]",3000,0.16283176839351654,0.31408141438253356,
37,T0,3240,-0.07913118099133146,-0.0628260160643457,0.08010315545026478,-0.08032796315915804,-0.12413241680104312,0.022227732234439187,-0.047761657247801376,0.5225743055343628,0.2879222333431244,0.04694099724292755,0.8104965686798096,0.9076927304267883,0.9489431381225586,3,5,11,"[0.5226, 0.2879, 0.0469, 0.0337, 0.0166, 0.0129, 0.0093, 0.0081, 0.006, 0.005]","[0.079, 0.063, 0.08, 0.288, 0.03, 0.067, 0.346, 0.23, 0.43, 0.508]",3000,0.005677646026015282,-0.005821875915176863,
37,T1,3240,-0.0116617050080691,-0.06792223178844936,-0.003297660521717272,-0.0838512399973543,-0.09634742190929735,0.06274366663319852,-0.03722759531858977,0.4190066158771515,0.34632521867752075,0.046094153076410294,0.7653318643569946,0.8645298480987549,0.9134401679039001,2,9,21,"[0.419, 0.3463, 0.0461, 0.0331, 0.0201, 0.0132, 0.013, 0.0084, 0.0077, 0.0066]","[0.012, 0.068, 0.003, 0.03, 0.767, 0.384, 0.247, 0.05, 0.02, 0.058]",3000,0.030094049870967865,-0.175974294912014,
37,T2,3240,0.027453574795673556,0.46482952924157867,0.21388161659511087,-0.024129930081660738,-7.730810921984125e-05,-0.0293674691227359,0.021556755296898204,0.37275242805480957,0.0783253014087677,0.05290371924638748,0.45107772946357727,0.5860413312911987,0.7030152678489685,2,71,179,"[0.3728, 0.0783, 0.0529, 0.0459, 0.0362, 0.0317, 0.0269, 0.0218, 0.021, 0.0157]","[0.027, 0.465, 0.214, 0.041, 0.302, 0.036, 0.11, 0.001, 0.025, 0.115]",3000,0.04535810276865959,0.12729026020443587,
37,T3,3240,0.11240776686110533,0.03116875955535335,0.09396735892721955,0.000280022990272202,-0.04219553207212902,0.09666721776140097,-0.054157549147012395,0.4235500693321228,0.2449500411748886,0.11392318457365036,0.6685001254081726,0.841597318649292,0.9108266234397888,2,9,22,"[0.4236, 0.245, 0.1139, 0.0348, 0.0244, 0.0193, 0.0163, 0.0128, 0.0107, 0.0101]","[0.112, 0.031, 0.094, 0.315, 0.082, 0.091, 0.024, 0.142, 0.453, 0.13]",3000,0.0028375359252095222,-0.1874012263058137,
37,T4,3240,0.03692716214853193,-0.08035254899430959,0.012130237462802545,-0.05631941878687707,-0.02022897359798591,0.018457829177275956,0.02434330148889694,0.9656988382339478,0.011963946744799614,0.009574344381690025,0.9776628017425537,0.9922055006027222,0.9955133199691772,1,1,1,"[0.9657, 0.012, 0.0096, 0.0037, 0.0013, 0.001, 0.0008, 0.0006, 0.0005, 0.0004]","[0.037, 0.08, 0.012, 0.037, 0.015, 0.146, 0.26, 0.008, 0.38, 0.251]",3000,0.0024136616848409176,-0.09438127393047982,
37,T5,3240,0.13707845182149625,-0.03671219679997193,-0.007453953961856997,-0.02886906514388475,-0.12150961552837314,0.09402761534865726,-0.09154783997614599,0.5283308625221252,0.18115387856960297,0.10844586044549942,0.7094847559928894,0.8840258121490479,0.9318044781684875,1,7,16,"[0.5283, 0.1812, 0.1084, 0.0453, 0.0208, 0.0138, 0.0105, 0.0093, 0.0081, 0.0061]","[0.137, 0.037, 0.007, 0.057, 0.222, 0.171, 0.095, 0.084, 0.082, 0.672]",3000,0.005672789178788662,-0.05392595054690051,
37,T6,3240,0.006402098474179011,0.016906753946888276,0.027086510296129802,0.025659086133535503,0.006790017212418351,-0.03118160384109568,0.021362075568552016,0.5550310611724854,0.2307100147008896,0.07773839682340622,0.7857410907745361,0.9035695195198059,0.9446369409561157,3,5,12,"[0.555, 0.2307, 0.0777, 0.023, 0.0171, 0.0141, 0.0093, 0.0075, 0.0056, 0.0047]","[0.006, 0.017, 0.027, 0.134, 0.026, 0.036, 0.048, 0.479, 0.389, 0.506]",3000,0.009140285663306713,-0.08055296359655474,
37,T7,3240,0.08047314987948487,-0.029708229745437766,0.025051818748495477,0.03704211970167026,-0.0028454820075481677,0.01057552113916613,-0.04708165452957098,0.6447170972824097,0.1771683394908905,0.06640560179948807,0.8218854665756226,0.9143691658973694,0.9465062618255615,1,4,12,"[0.6447, 0.1772, 0.0664, 0.015, 0.011, 0.0083, 0.0074, 0.0071, 0.0057, 0.0036]","[0.08, 0.03, 0.025, 0.184, 0.076, 0.02, 0.19, 0.009, 0.282, 0.736]",3000,0.005284601356834173,-0.14836817891925314,
37,T8,3240,0.3205237358383106,-0.050240241499033764,-0.016282574798449797,-0.012858145989157,-0.055985724735804446,0.03495551462951893,-0.05813796475498516,0.7467451691627502,0.11003928631544113,0.042095642536878586,0.856784462928772,0.9279781579971313,0.9559281468391418,3,4,9,"[0.7467, 0.11, 0.0421, 0.0152, 0.0139, 0.0095, 0.0072, 0.0041, 0.0039, 0.0033]","[0.321, 0.05, 0.016, 0.585, 0.614, 0.083, 0.288, 0.025, 0.033, 0.189]",3000,0.050779227167367935,-0.4310806323301183,
37,R0,3240,0.26580309446131134,0.03340384809995147,-0.22947960944128465,-0.014369896775041474,-0.007696651301984533,0.009186335161263798,-0.08131707573936459,0.8166014552116394,0.0561567023396492,0.04448559880256653,0.872758150100708,0.9493998289108276,0.9720972776412964,2,3,6,"[0.8166, 0.0562, 0.0445, 0.0183, 0.0138, 0.0076, 0.0059, 0.0038, 0.0028, 0.0027]","[0.266, 0.033, 0.229, 0.158, 0.049, 0.758, 0.139, 0.035, 0.189, 0.313]",3000,0.045080069452524185,-0.3793679703949319,
37,R1,3240,0.42289294517617415,0.06616106137646642,0.1436788825203594,-0.08063797214046856,-0.03217886370341879,0.04862662368894184,-0.08565040986704875,0.7169464230537415,0.0797189474105835,0.04632165655493736,0.796665370464325,0.9093108773231506,0.962161660194397,4,5,9,"[0.7169, 0.0797, 0.0463, 0.0449, 0.0215, 0.0168, 0.0121, 0.0093, 0.0082, 0.0065]","[0.423, 0.066, 0.144, 0.053, 0.357, 0.243, 0.49, 0.387, 0.247, 0.267]",3000,0.06948109716176987,-0.43800514044470934,
37,R2,3240,0.3291444915785604,0.02550510004344114,0.10870966620540745,-0.08149772550282164,-0.036294716097296675,0.06849439589003327,0.04318340189780056,0.6154637932777405,0.10503386706113815,0.09138341248035431,0.7204976677894592,0.8868409991264343,0.9455209374427795,5,6,11,"[0.6155, 0.105, 0.0914, 0.0404, 0.0345, 0.0183, 0.0152, 0.0117, 0.008, 0.0055]","[0.329, 0.026, 0.109, 0.141, 0.318, 0.419, 0.43, 0.475, 0.017, 0.092]",3000,0.05267190933227539,-0.34622820662991155,
37,R3,3240,0.08274880611940433,0.11914281111659832,0.033611838800101844,0.04230628569030013,0.019769219503201256,-0.01958032307296491,0.0026688892869417362,0.5356239676475525,0.1637328565120697,0.09098710119724274,0.6993567943572998,0.8858883380889893,0.944159746170044,2,6,12,"[0.5356, 0.1637, 0.091, 0.0631, 0.0324, 0.0179, 0.0145, 0.0117, 0.0079, 0.0063]","[0.083, 0.119, 0.034, 0.034, 0.041, 0.097, 0.095, 0.122, 0.371, 0.362]",3000,0.04975896328687668,-0.15925895884892977,
37,R4,3240,-0.007670990983522352,0.16597995209926028,-0.03440323570588627,0.01260225530126607,-0.017075413313849108,-0.11460939152665955,-0.09108392489119582,0.42913803458213806,0.2101738452911377,0.12747137248516083,0.6393119096755981,0.8868082165718079,0.9433883428573608,0,6,12,"[0.4291, 0.2102, 0.1275, 0.098, 0.022, 0.0177, 0.0135, 0.0117, 0.0079, 0.0057]","[0.008, 0.166, 0.034, 0.125, 0.089, 0.034, 0.02, 0.026, 0.027, 0.187]",3000,-0.0003853011876344681,0.14569410945530867,
37,R5,3240,0.05046232802263748,0.11965955453184285,0.004946262546914529,-0.015605053021002176,-0.03356496089259277,-0.08472471929831688,-0.0023583843032309545,0.4778534471988678,0.19449575245380402,0.0889141708612442,0.672349214553833,0.8400156497955322,0.9033125042915344,0,10,22,"[0.4779, 0.1945, 0.0889, 0.0529, 0.0259, 0.0207, 0.0135, 0.011, 0.0094, 0.0088]","[0.05, 0.12, 0.005, 0.047, 0.068, 0.043, 0.065, 0.248, 0.08, 0.085]",3000,-0.017344769090414047,0.07072891841939864,
37,R6,3240,-0.08872222692636132,0.07121779399373714,-0.3467305642688191,0.012687200488359356,-0.0144959507847901,-0.011732722368065522,-0.028309812726922418,0.3445124626159668,0.16444772481918335,0.07135210931301117,0.5089601874351501,0.6850150227546692,0.8145787715911865,3,22,54,"[0.3445, 0.1644, 0.0714, 0.0586, 0.0461, 0.0373, 0.0316, 0.0234, 0.0201, 0.0172]","[0.089, 0.071, 0.347, 0.088, 0.265, 0.072, 0.095, 0.44, 0.402, 0.03]",3000,-0.018391700461506844,0.2544464460629945,
37,R7,3240,0.18954035477685127,-0.014716815554809307,-0.0008007864566323228,-0.05592217225788012,-0.020990421957242246,-0.08172122360356872,-0.06189218995762212,0.3408975899219513,0.11557193845510483,0.09478476643562317,0.4564695358276367,0.6529661417007446,0.7851641774177551,3,30,72,"[0.3409, 0.1156, 0.0948, 0.0606, 0.0411, 0.0374, 0.0346, 0.024, 0.0206, 0.0157]","[0.19, 0.015, 0.001, 0.174, 0.173, 0.457, 0.58, 0.339, 0.271, 0.023]",3000,0.06292358785867691,-0.016533389164985465,
37,M0,3000,-0.1296933329446144,0.01829040869164117,-0.2227213365849569,0.15290496967144018,-0.018835745877809743,0.19491453745951637,0.057787636738244975,0.3217433989048004,0.24186266958713531,0.10976501554250717,0.5636060833930969,0.7917063236236572,0.8791366219520569,2,13,26,"[0.3217, 0.2419, 0.1098, 0.0762, 0.0421, 0.0251, 0.0214, 0.0151, 0.0139, 0.0119]","[0.13, 0.018, 0.223, 0.522, 0.198, 0.175, 0.359, 0.124, 0.156, 0.138]",3000,0.06064920499920845,0.04512560463166624,
37,E0,3240,-0.11067635339109017,-0.1650300875194692,0.018381720964464183,-0.02501199752059012,0.00847491675045086,0.015060501402344174,0.029828943363935614,0.28534549474716187,0.12256470322608948,0.0807902067899704,0.40791019797325134,0.5576177835464478,0.6323881149291992,1,143,263,"[0.2853, 0.1226, 0.0808, 0.0447, 0.0243, 0.0216, 0.0184, 0.0143, 0.0104, 0.01]","[0.111, 0.165, 0.018, 0.518, 0.2, 0.049, 0.27, 0.273, 0.094, 0.022]",3000,0.05613192915916443,0.07858883972452435,
37,MEAN,3000,-0.2504636272554239,-0.70315666357691,0.33864870939480873,-0.010098322942572664,0.00029919878995311847,-0.014681591480418962,0.04671166783080561,0.36862948536872864,0.14414477348327637,0.07217451930046082,0.5127742290496826,0.6498059034347534,0.726466953754425,2,73,189,"[0.3686, 0.1441, 0.0722, 0.037, 0.0279, 0.0212, 0.0172, 0.0147, 0.0126, 0.0109]","[0.25, 0.703, 0.339, 0.206, 0.213, 0.022, 0.265, 0.018, 0.134, 0.051]",3000,0.1560816764831543,0.30258427308585567,
38,T0,3240,0.08178681214379252,-0.0683495153498696,0.08083036481075337,0.08119622598103701,0.12430995011187837,-0.017075451205310243,0.046193223467995516,0.5201975703239441,0.28678879141807556,0.04779626056551933,0.8069863319396973,0.9062058329582214,0.947686493396759,2,5,11,"[0.5202, 0.2868, 0.0478, 0.0337, 0.0177, 0.0129, 0.0093, 0.0083, 0.0059, 0.0051]","[0.082, 0.068, 0.081, 0.289, 0.029, 0.067, 0.273, 0.244, 0.437, 0.526]",3000,0.0053563956171274185,0.001455394423228363,
38,T1,3240,-0.03778170081639524,-0.07852204066190113,0.02784734827990319,-0.07680055006157768,-0.09532843668461989,0.05288181656074943,-0.03302335498804629,0.4127958416938782,0.35229021310806274,0.04729171097278595,0.7650860548019409,0.8635961413383484,0.9119793176651001,2,9,22,"[0.4128, 0.3523, 0.0473, 0.032, 0.0192, 0.0133, 0.0126, 0.0083, 0.0077, 0.0066]","[0.038, 0.079, 0.028, 0.004, 0.766, 0.167, 0.386, 0.053, 0.03, 0.06]",3000,0.030177423730492592,-0.1338201497856451,
38,T2,3240,0.03105152383324747,0.4576860583532016,0.26769663844810027,-0.014007779160597936,-8.929863631781335e-05,-0.02629337113090658,0.02666820724627224,0.36025574803352356,0.07935088127851486,0.05362352356314659,0.439606636762619,0.5746428966522217,0.6961827874183655,1,76,191,"[0.3603, 0.0794, 0.0536, 0.0458, 0.0357, 0.0339, 0.0304, 0.0216, 0.0194, 0.0163]","[0.031, 0.458, 0.268, 0.051, 0.242, 0.129, 0.143, 0.047, 0.044, 0.07]",3000,0.044934265315532684,0.1246674743290745,
38,T3,3240,0.07776547726581998,-0.056517908597880286,0.08944795708572595,-0.008294407591685473,-0.04639467011337544,0.06459123539723578,-0.027811781238030454,0.38479843735694885,0.26471036672592163,0.11827734112739563,0.6495088338851929,0.8299815058708191,0.905894935131073,2,10,23,"[0.3848, 0.2647, 0.1183, 0.0352, 0.027, 0.0217, 0.0174, 0.013, 0.0125, 0.0114]","[0.078, 0.057, 0.089, 0.328, 0.069, 0.153, 0.057, 0.108, 0.037, 0.468]",3000,0.002521696500480175,-0.16634668564099225,
38,T4,3240,0.029895918111487528,0.06750980129449075,-0.04802475653217119,-0.061026691243077406,-0.03536868898713867,0.014503913396759598,0.017635220038522255,0.9307439923286438,0.024917813017964363,0.020427636802196503,0.9556618332862854,0.9847568273544312,0.9911746382713318,2,1,2,"[0.9307, 0.0249, 0.0204, 0.0061, 0.0026, 0.0018, 0.0014, 0.0012, 0.0011, 0.0009]","[0.03, 0.068, 0.048, 0.062, 0.019, 0.137, 0.346, 0.191, 0.139, 0.342]",3000,0.0016353557584807277,-0.09014093230548965,
38,T5,3240,0.0995684427662496,-0.0380410093659264,0.005271952541416187,-0.08330870970929923,-0.147510443252681,0.07348024168838964,-0.060458950184331194,0.5102235078811646,0.18723012506961823,0.11662128567695618,0.6974536180496216,0.8825116157531738,0.9311980605125427,1,7,16,"[0.5102, 0.1872, 0.1166, 0.0493, 0.0191, 0.0144, 0.0103, 0.0101, 0.0079, 0.006]","[0.1, 0.038, 0.005, 0.058, 0.245, 0.124, 0.09, 0.098, 0.009, 0.608]",3000,0.005359710659831762,0.02142920652469117,
38,T6,3240,0.002664254600570081,0.006809530761547476,0.02365705644324191,0.021052258272541882,0.0012790400660271544,-0.03455605161059894,0.022530169134022834,0.5360601544380188,0.24014924466609955,0.08006738871335983,0.7762094140052795,0.89792799949646,0.9416799545288086,2,6,13,"[0.5361, 0.2401, 0.0801, 0.0235, 0.0182, 0.015, 0.01, 0.0077, 0.006, 0.005]","[0.003, 0.007, 0.024, 0.131, 0.084, 0.06, 0.04, 0.451, 0.294, 0.539]",3000,0.008628800511360168,-0.07119219291981325,
38,T7,3240,0.08456441716865842,-0.021724579479690427,-0.024449927165864024,0.03858009688387104,0.0013198510619629343,0.008007245204789955,-0.045820073436882554,0.6192905306816101,0.1904432773590088,0.0731579139828682,0.8097338080406189,0.9104955196380615,0.9433466792106628,1,5,13,"[0.6193, 0.1904, 0.0732, 0.0159, 0.0117, 0.0086, 0.0078, 0.0069, 0.0059, 0.0037]","[0.085, 0.022, 0.024, 0.18, 0.072, 0.012, 0.204, 0.05, 0.241, 0.753]",3000,0.005319514311850071,-0.15617530739938143,
38,T8,3240,0.264604330698237,-0.032419401998296,0.012719597270824211,0.003243302569451732,-0.02716513071895893,0.04477770406993729,-0.059120746161787724,0.7318102717399597,0.11454607546329498,0.04907785356044769,0.8463563323020935,0.9253297448158264,0.9542486071586609,2,4,9,"[0.7318, 0.1145, 0.0491, 0.0159, 0.014, 0.0102, 0.0073, 0.0041, 0.0039, 0.0034]","[0.265, 0.032, 0.013, 0.468, 0.662, 0.03, 0.28, 0.06, 0.055, 0.125]",3000,0.04648200049996376,-0.45515692236721084,
38,R0,3240,0.22771547533619704,0.04319881889002513,-0.18565787452204494,-0.00588790462400772,-0.0002061861245682889,0.0245393418406004,-0.06411994518162294,0.8205533623695374,0.05242786929011345,0.0453689806163311,0.8729812502861023,0.949927806854248,0.9727895259857178,1,3,6,"[0.8206, 0.0524, 0.0454, 0.0187, 0.0129, 0.0077, 0.006, 0.0039, 0.0028, 0.0025]","[0.228, 0.043, 0.186, 0.145, 0.062, 0.764, 0.01, 0.104, 0.168, 0.212]",3000,0.04410118609666824,-0.37922211734794853,
38,R1,3240,0.4763085424045234,0.12690206069163132,-0.14341742607044647,-0.11060889932597913,-0.0652980245931369,0.003313435568396803,-0.08474489357364832,0.7294712662696838,0.07683335244655609,0.044722117483615875,0.8063046336174011,0.9132205247879028,0.9639117121696472,4,5,9,"[0.7295, 0.0768, 0.0447, 0.0414, 0.0208, 0.0159, 0.0119, 0.0088, 0.0079, 0.0063]","[0.476, 0.127, 0.143, 0.233, 0.373, 0.222, 0.412, 0.452, 0.241, 0.3]",3000,0.06759732961654663,-0.31475802603332803,
38,R2,3240,0.33953737835646536,-0.03940716071441173,0.10669367590174125,-0.06408790888246553,-0.023323087275003377,0.06970073436204721,0.0387587815609037,0.6023748517036438,0.10958252847194672,0.09315113723278046,0.7119573950767517,0.884393036365509,0.9443735480308533,5,6,12,"[0.6024, 0.1096, 0.0932, 0.0434, 0.0359, 0.0189, 0.0153, 0.0123, 0.008, 0.0056]","[0.34, 0.039, 0.107, 0.155, 0.31, 0.403, 0.395, 0.502, 0.013, 0.107]",3000,0.0520564429461956,-0.3565110882304166,
38,R3,3240,0.06102692123355317,0.13118793579841467,0.07238063432679429,0.03914396738633045,0.004280228045836118,-0.02957860056461056,-0.02317929260850661,0.5430995225906372,0.16676680743694305,0.08700229227542877,0.7098663449287415,0.8914731740951538,0.9468726515769958,2,6,11,"[0.5431, 0.1668, 0.087, 0.0611, 0.0335, 0.0167, 0.0138, 0.011, 0.0078, 0.0062]","[0.061, 0.131, 0.072, 0.021, 0.049, 0.052, 0.13, 0.119, 0.335, 0.414]",3000,0.042248163372278214,-0.09603859788798032,
38,R4,3240,0.00022514737906667546,0.1724191911852336,-0.0363910839169948,0.006840359401212288,-0.027165172637397744,-0.1211304105366705,-0.10364351869853347,0.422836571931839,0.21982425451278687,0.12564636766910553,0.6426608562469482,0.8831605315208435,0.9432048201560974,0,6,12,"[0.4228, 0.2198, 0.1256, 0.0927, 0.0222, 0.019, 0.0145, 0.0123, 0.0082, 0.006]","[0.0, 0.172, 0.036, 0.131, 0.083, 0.018, 0.012, 0.061, 0.032, 0.196]",3000,-0.0033019508700817823,0.14299915087677154,
38,R5,3240,0.05208124160493887,0.11043721506015174,0.017947579770932778,-0.012507011769281777,-0.03481753087868203,-0.08277740179510044,-0.0033872358805804538,0.47861361503601074,0.20664019882678986,0.08334992825984955,0.6852537989616394,0.8438586592674255,0.9069521427154541,0,10,21,"[0.4786, 0.2066, 0.0833, 0.0488, 0.0265, 0.0198, 0.0138, 0.0112, 0.0095, 0.0088]","[0.052, 0.11, 0.018, 0.071, 0.094, 0.009, 0.025, 0.108, 0.023, 0.05]",3000,-0.01795378141105175,0.054035348339763034,
38,R6,3240,-0.05829192394930002,0.07594212037898458,-0.27373574356807345,0.01676764030143604,-0.014188884950693821,-0.009394494355257473,-0.040341379149468254,0.32198914885520935,0.1895543783903122,0.07079113274812698,0.5115435123443604,0.6841450929641724,0.817101001739502,1,21,51,"[0.322, 0.1896, 0.0708, 0.0576, 0.0442, 0.0414, 0.0327, 0.022, 0.0196, 0.0173]","[0.058, 0.076, 0.274, 0.19, 0.239, 0.049, 0.096, 0.281, 0.388, 0.049]",3000,-0.017682500183582306,0.22077901273878797,
38,R7,3240,0.2749104185738575,-0.010456219789345847,0.03591709148359294,-0.06169831118638694,-0.013058693135605969,-0.12936730804789295,-0.07236122168037949,0.3562256991863251,0.1124584972858429,0.09785085171461105,0.46868419647216797,0.6663376092910767,0.7913704514503479,2,29,70,"[0.3562, 0.1125, 0.0979, 0.0614, 0.0384, 0.0342, 0.0309, 0.0227, 0.0213, 0.016]","[0.275, 0.01, 0.036, 0.19, 0.032, 0.297, 0.579, 0.348, 0.286, 0.005]",3000,0.05789518356323242,-0.09644866861110003,
38,M0,3000,-0.10772119523660564,0.06171284527925557,-0.07606183352153485,0.1498208623361412,-0.02128937059422544,0.1994337075570729,0.047767472096645475,0.37841615080833435,0.21803750097751617,0.10437724739313126,0.5964536666870117,0.8078699707984924,0.8875199556350708,1,12,25,"[0.3784, 0.218, 0.1044, 0.0678, 0.0393, 0.0231, 0.0191, 0.014, 0.0128, 0.0106]","[0.108, 0.062, 0.076, 0.52, 0.221, 0.163, 0.298, 0.116, 0.138, 0.206]",3000,0.0487188920378685,0.0351548666018067,
38,E0,3240,0.10420575213250577,-0.1267313851281642,0.019470108449610092,0.026471948100145724,-0.005778183062693935,-0.016700844774813307,-0.02851228563918491,0.2663770914077759,0.1349659413099289,0.07683934271335602,0.40134304761886597,0.5527133941650391,0.624713122844696,2,145,265,"[0.2664, 0.135, 0.0768, 0.0432, 0.0313, 0.0208, 0.0171, 0.014, 0.0105, 0.0096]","[0.104, 0.127, 0.019, 0.506, 0.181, 0.106, 0.262, 0.3, 0.062, 0.032]",3000,0.05517859011888504,-0.07599915826255547,
38,MEAN,3000,-0.24574686343517232,-0.652105974064703,0.4140830682022976,-0.011592933587902483,-0.0029826085850227857,-0.013771842564159798,0.03398612328294009,0.3594385087490082,0.1415787786245346,0.08087252825498581,0.5010172724723816,0.64539635181427,0.7204880118370056,2,79,203,"[0.3594, 0.1416, 0.0809, 0.0365, 0.027, 0.0204, 0.0168, 0.0142, 0.0126, 0.0111]","[0.246, 0.652, 0.414, 0.24, 0.204, 0.028, 0.24, 0.041, 0.175, 0.023]",3000,0.149532750248909,0.30640583695810514,
39,T0,3240,-0.08008502921614384,-0.05522468677515815,0.07735488856707076,-0.07391182314773505,-0.1174056504763234,0.008812420531937256,-0.043992431373770575,0.5469464063644409,0.2660939395427704,0.04692409932613373,0.8130403757095337,0.9087095260620117,0.9483505487442017,2,5,11,"[0.5469, 0.2661, 0.0469, 0.0304, 0.0183, 0.0124, 0.0091, 0.0078, 0.0056, 0.0047]","[0.08, 0.055, 0.077, 0.29, 0.071, 0.074, 0.171, 0.266, 0.465, 0.512]",3000,0.004784970078617334,-0.006375083989456016,
39,T1,3240,-0.05702173807767318,-0.07659267943971942,0.020219230381281292,-0.09223256022972344,-0.08662119899314524,0.021461905182084687,-0.00913893892697077,0.43875834345817566,0.35589277744293213,0.039460036903619766,0.7946511507034302,0.8787531852722168,0.9205779433250427,2,7,19,"[0.4388, 0.3559, 0.0395, 0.029, 0.0157, 0.0115, 0.0097, 0.0075, 0.0072, 0.0058]","[0.057, 0.077, 0.02, 0.003, 0.745, 0.315, 0.205, 0.06, 0.097, 0.027]",3000,0.0237207543104887,-0.08209741442231044,
39,T2,3240,0.028129285864985823,0.39448296903045843,-0.36532894532767757,-0.017287762304032422,-0.008940709592314581,-0.013612581642716596,0.028080700882403165,0.3508857786655426,0.08437001705169678,0.05789919197559357,0.4352557957172394,0.5710774660110474,0.6923225522041321,2,79,198,"[0.3509, 0.0844, 0.0579, 0.0425, 0.0354, 0.0345, 0.0279, 0.0229, 0.0198, 0.0161]","[0.028, 0.394, 0.365, 0.037, 0.193, 0.172, 0.117, 0.12, 0.073, 0.199]",3000,0.04334346950054169,0.10511452271634697,
39,T3,3240,-0.07595021124885605,-0.04020930774748762,-0.08087472054645684,-0.0002913440356619151,0.0435316907624709,-0.04606989845692636,-0.009854143537591047,0.37106046080589294,0.26342305541038513,0.12510794401168823,0.6344835162162781,0.8219457864761353,0.9002839922904968,1,10,26,"[0.3711, 0.2634, 0.1251, 0.0343, 0.028, 0.0221, 0.018, 0.0136, 0.0129, 0.0117]","[0.076, 0.04, 0.081, 0.285, 0.124, 0.211, 0.053, 0.008, 0.2, 0.435]",3000,0.0025982335209846497,0.1295216831929343,
39,T4,3240,-0.04288754846676257,-0.012340646772972981,-0.07308890712636502,-0.08203713905749489,-0.14952801780248084,0.0006514310356046314,-0.00719359034612187,0.6862500309944153,0.10903029888868332,0.07386262714862823,0.7952803373336792,0.9117912650108337,0.9471278786659241,1,5,11,"[0.6863, 0.109, 0.0739, 0.0294, 0.0133, 0.0105, 0.0076, 0.0066, 0.0054, 0.0053]","[0.043, 0.012, 0.073, 0.033, 0.161, 0.152, 0.247, 0.005, 0.467, 0.264]",3000,0.00644433218985796,-0.01717659614433103,
39,T5,3240,-0.12490606137521004,-0.02704413791820973,0.0038581634496010703,0.06973699367074881,0.1281211579820062,-0.06960037711116968,0.07080268742681212,0.4986264705657959,0.20330075919628143,0.10701561719179153,0.7019272446632385,0.8794821500778198,0.9287006855010986,1,7,17,"[0.4986, 0.2033, 0.107, 0.0524, 0.0181, 0.0156, 0.0102, 0.0099, 0.0077, 0.0058]","[0.125, 0.027, 0.004, 0.062, 0.248, 0.035, 0.077, 0.134, 0.027, 0.625]",3000,0.003151645651087165,-0.00110350637438349,
39,T6,3240,3.3941780364398886e-05,-0.0014505864844684062,-0.019386860588397933,0.02105491727160085,0.004059994401848443,-0.03070922337337375,0.019372760826972733,0.5025040507316589,0.25634467601776123,0.08587124943733215,0.7588487267494202,0.889831006526947,0.9363858103752136,2,6,14,"[0.5025, 0.2563, 0.0859, 0.0257, 0.0194, 0.0151, 0.0104, 0.0082, 0.0072, 0.0056]","[0.0, 0.001, 0.019, 0.145, 0.079, 0.055, 0.044, 0.404, 0.148, 0.641]",3000,0.009002795442938805,-0.07214258993964573,
39,T7,3240,0.06420738849294175,-0.03665090202104448,-0.025672208110341547,0.05075603542113971,0.013322052698268139,-0.00017325739625280993,-0.037051683147837605,0.604020357131958,0.19714154303073883,0.07678800821304321,0.8011618852615356,0.9070021510124207,0.9410916566848755,1,5,13,"[0.604, 0.1971, 0.0768, 0.0166, 0.0125, 0.0089, 0.0082, 0.007, 0.0062, 0.0038]","[0.064, 0.037, 0.026, 0.177, 0.043, 0.006, 0.206, 0.113, 0.231, 0.693]",3000,0.0038790740072727203,-0.13418897582159223,
39,T8,3240,0.17232154670285105,-0.022249657972675453,0.00467458853036569,0.048480570238739376,0.004459283145968698,0.06070764095294849,-0.05751921668007823,0.716841459274292,0.12207763642072678,0.057631369680166245,0.8389191031455994,0.9276754260063171,0.9561060070991516,2,4,9,"[0.7168, 0.1221, 0.0576, 0.0181, 0.0131, 0.0109, 0.007, 0.0038, 0.0034, 0.0033]","[0.172, 0.022, 0.005, 0.085, 0.767, 0.15, 0.315, 0.11, 0.001, 0.038]",3000,0.0365646667778492,-0.4076653296364449,
39,R0,3240,0.228096577189297,0.046302320881772406,-0.1290460120973387,0.038687417909936204,0.021164392611781765,0.02416102394970577,-0.030252765328598403,0.8138999342918396,0.056070245802402496,0.049338314682245255,0.8699702024459839,0.9502712488174438,0.9732006192207336,1,3,5,"[0.8139, 0.0561, 0.0493, 0.019, 0.0119, 0.0074, 0.0065, 0.0039, 0.0027, 0.0024]","[0.228, 0.046, 0.129, 0.112, 0.052, 0.767, 0.09, 0.146, 0.29, 0.23]",3000,0.04010818898677826,-0.41188175923836257,
39,R1,3240,0.5046713621452223,0.04473725165128633,-0.0899494723681765,-0.08939009801425832,-0.0724639491974882,-0.04233423351208005,-0.06374135449988644,0.7840127944946289,0.06304626166820526,0.03488573804497719,0.8470590710639954,0.9306497573852539,0.9707831144332886,5,4,7,"[0.784, 0.063, 0.0349, 0.0322, 0.0165, 0.0128, 0.0096, 0.0067, 0.0061, 0.005]","[0.505, 0.045, 0.09, 0.124, 0.354, 0.275, 0.38, 0.487, 0.197, 0.307]",3000,0.06640355288982391,-0.20307054249074266,
39,R2,3240,0.27986742244056867,0.02753817447334773,0.10316376612935291,0.013564748698996439,0.03747014885617764,0.1003416013756219,0.06971032366916242,0.6177493929862976,0.10500435531139374,0.0919971913099289,0.7227537631988525,0.8924021124839783,0.9482844471931458,3,6,11,"[0.6177, 0.105, 0.092, 0.0429, 0.0347, 0.0179, 0.0144, 0.0114, 0.0072, 0.005]","[0.28, 0.028, 0.103, 0.104, 0.234, 0.403, 0.367, 0.535, 0.071, 0.075]",3000,0.044456277042627335,-0.47659574999243576,
39,R3,3240,0.1200608563254652,0.150413438491681,0.05322596989334053,0.03012280518431662,0.02898300940521572,-0.03408157545792629,-0.02753585105080946,0.5643298029899597,0.17527543008327484,0.07654968649148941,0.7396052479743958,0.9027154445648193,0.9520447850227356,2,5,10,"[0.5643, 0.1753, 0.0765, 0.0551, 0.0314, 0.0154, 0.0124, 0.0095, 0.0069, 0.0051]","[0.12, 0.15, 0.053, 0.045, 0.067, 0.045, 0.111, 0.138, 0.301, 0.412]",3000,0.03494212403893471,-0.08025269286156636,
39,R4,3240,0.028736902824827715,0.21179734291182523,-0.04567256141679775,0.007537368276236278,-0.019179787888334587,-0.07898333263673188,-0.12046538110132338,0.401128351688385,0.2404913753271103,0.12478858977556229,0.6416197419166565,0.8766552805900574,0.9419361352920532,0,7,12,"[0.4011, 0.2405, 0.1248, 0.0873, 0.0229, 0.0196, 0.0159, 0.0131, 0.0086, 0.0081]","[0.029, 0.212, 0.046, 0.14, 0.149, 0.021, 0.064, 0.106, 0.07, 0.035]",3000,-0.005123516544699669,0.0863445056741319,
39,R5,3240,0.0528085376810281,0.0941967596360966,-0.03228292184455583,-0.0027638382777259735,-0.026541297678871777,-0.08220584976665954,0.01787081904329642,0.447337806224823,0.25427573919296265,0.07981912791728973,0.7016135454177856,0.8520646691322327,0.9131067395210266,0,9,19,"[0.4473, 0.2543, 0.0798, 0.0457, 0.0249, 0.0179, 0.0133, 0.0114, 0.0094, 0.0091]","[0.053, 0.094, 0.032, 0.043, 0.054, 0.008, 0.034, 0.058, 0.005, 0.028]",3000,-0.02012983150780201,0.031691446380462146,
39,R6,3240,0.08575370466179519,0.0605290453667779,-0.1677680438301993,0.006475060076809206,0.03752356297260736,0.02146733738624448,0.07421679345814965,0.29534587264060974,0.2498932033777237,0.06479091197252274,0.5452390909194946,0.709473192691803,0.8345679044723511,0,18,44,"[0.2953, 0.2499, 0.0648, 0.0579, 0.0415, 0.0394, 0.0331, 0.0185, 0.0173, 0.0167]","[0.086, 0.061, 0.168, 0.118, 0.096, 0.156, 0.171, 0.237, 0.228, 0.277]",3000,-0.011912012472748756,-0.3266580058543575,
39,R7,3240,0.27353350825796363,-0.01815104821931221,0.024270170540127946,-0.05281849483848404,-0.0032240815291647417,-0.1471722394437236,-0.06905480376530607,0.4168105125427246,0.110291488468647,0.0897868275642395,0.527101993560791,0.7072501182556152,0.819522500038147,3,23,58,"[0.4168, 0.1103, 0.0898, 0.0587, 0.0317, 0.0268, 0.0246, 0.0232, 0.0194, 0.0183]","[0.274, 0.018, 0.024, 0.096, 0.32, 0.285, 0.567, 0.246, 0.487, 0.296]",3000,0.04862501099705696,-0.13422706427128442,
39,M0,3000,-0.10247218897823583,0.023771419339658467,0.23997495871011265,0.14925017758206024,-0.01805205471859434,0.19911288911409514,0.05307481178044934,0.3815249800682068,0.21195264160633087,0.1044144332408905,0.5934776067733765,0.8063889741897583,0.8847658038139343,2,12,25,"[0.3815, 0.212, 0.1044, 0.0653, 0.0432, 0.0228, 0.0183, 0.0144, 0.0124, 0.0106]","[0.102, 0.024, 0.24, 0.495, 0.228, 0.108, 0.259, 0.146, 0.06, 0.328]",3000,0.04672074317932129,0.0015793242165428982,
39,E0,3240,0.10717157087474395,-0.038908964417690796,0.009839655558619518,0.020971556362225526,-0.01044155340452221,-0.01651955041166174,-0.02496245157136385,0.24098527431488037,0.17257095873355865,0.07563916593790054,0.41355621814727783,0.5690003037452698,0.6366425156593323,3,135,251,"[0.241, 0.1726, 0.0756, 0.0426, 0.0372, 0.0189, 0.015, 0.0135, 0.0104, 0.0099]","[0.107, 0.039, 0.01, 0.406, 0.513, 0.11, 0.235, 0.335, 0.002, 0.098]",3000,0.055606503039598465,-0.0820584050630493,
39,MEAN,3000,-0.19724671792823545,-0.5509363390093515,0.5187757540569474,-0.016882419163670982,-0.0009183310168067909,-0.0005285407649701628,0.009331317564361685,0.3497493267059326,0.13520097732543945,0.09825121611356735,0.48495030403137207,0.6478217840194702,0.7227455377578735,3,77,199,"[0.3497, 0.1352, 0.0983, 0.0391, 0.0255, 0.0203, 0.0163, 0.0137, 0.0134, 0.0112]","[0.197, 0.551, 0.519, 0.317, 0.204, 0.001, 0.157, 0.001, 0.232, 0.087]",3000,0.13924627006053925,0.247381895570786,
40,T0,3240,-0.10582891954962355,0.01727077529960539,-0.033115949813604086,-0.07894840270682216,-0.12834318748758514,0.0054692343499656805,-0.050001242991653164,0.5305994153022766,0.27871283888816833,0.048146944493055344,0.8093122243881226,0.9043100476264954,0.9469042420387268,2,5,11,"[0.5306, 0.2787, 0.0481, 0.0303, 0.0165, 0.0131, 0.0094, 0.0088, 0.0064, 0.0049]","[0.106, 0.017, 0.033, 0.312, 0.067, 0.097, 0.101, 0.065, 0.535, 0.176]",3000,0.004205513745546341,0.014122783506068876,
40,T1,3240,0.11630453942845342,-0.12282686018878075,0.02263073867477758,0.08469129598891935,0.08870588383841826,0.009574603058661165,0.0126613082241608,0.4272603690624237,0.37404221296310425,0.036757439374923706,0.8013025522232056,0.8799615502357483,0.9220415353775024,2,7,18,"[0.4273, 0.374, 0.0368, 0.0276, 0.0143, 0.0117, 0.0096, 0.0077, 0.0069, 0.0063]","[0.116, 0.123, 0.023, 0.077, 0.629, 0.401, 0.2, 0.107, 0.253, 0.238]",3000,0.017005562782287598,0.025161713247298458,
40,T2,3240,0.04338862496889985,-0.31335724136778137,0.059574427475525056,-0.053264703762626084,-0.02329664298808115,-0.02684472807703169,0.056738486663611754,0.3407209813594818,0.0870499238371849,0.054844558238983154,0.4277709126472473,0.5624926686286926,0.6871176958084106,1,73,176,"[0.3407, 0.087, 0.0548, 0.0422, 0.0377, 0.035, 0.0296, 0.0242, 0.0188, 0.017]","[0.043, 0.313, 0.06, 0.287, 0.129, 0.285, 0.136, 0.223, 0.201, 0.067]",3000,0.042041175067424774,0.06565941660196407,
40,T3,3240,-0.14151782231977775,-0.08228205888343047,-0.07249149357560174,0.01971215428595992,0.0598847933300802,-0.01553990724963627,-0.04143329313928487,0.3781808316707611,0.24917033314704895,0.12736226618289948,0.6273511648178101,0.818324625492096,0.8962066173553467,1,11,26,"[0.3782, 0.2492, 0.1274, 0.0349, 0.0287, 0.0224, 0.0177, 0.0133, 0.0128, 0.0117]","[0.142, 0.082, 0.072, 0.244, 0.137, 0.152, 0.052, 0.15, 0.121, 0.477]",3000,0.0026041946839541197,0.12693410312887696,
40,T4,3240,-0.05984516554448466,-0.0430417903625407,-0.11093201418270901,-0.08582514721692094,-0.13597551742656663,-0.01699893680388527,-0.004578233717057094,0.3768835663795471,0.21291890740394592,0.15165118873119354,0.5898025035858154,0.7989169955253601,0.8779884576797485,2,13,30,"[0.3769, 0.2129, 0.1517, 0.0311, 0.0264, 0.0245, 0.0181, 0.0134, 0.0122, 0.0108]","[0.06, 0.043, 0.111, 0.007, 0.173, 0.306, 0.26, 0.02, 0.423, 0.234]",3000,0.008521747775375843,-0.006162076404552749,
40,T5,3240,-0.08358891119940486,-0.008484061517692458,-0.01143928939139624,0.029125618154383272,0.07345810543137496,-0.0311165482755802,-0.013375098619251695,0.5332239270210266,0.17990000545978546,0.09557420015335083,0.7131239175796509,0.8807947039604187,0.931257426738739,1,7,15,"[0.5332, 0.1799, 0.0956, 0.0536, 0.0185, 0.0161, 0.0119, 0.0092, 0.0078, 0.0055]","[0.084, 0.008, 0.011, 0.059, 0.032, 0.147, 0.024, 0.057, 0.154, 0.518]",3000,0.004199588671326637,-0.07017548280312501,
40,T6,3240,0.015689626897503438,0.009970578448138773,-0.0005246963294863498,0.017929984073162226,0.015124481366659871,0.0014474842573192052,0.0076088879506635365,0.5693273544311523,0.2135162651538849,0.07250703126192093,0.7828435897827148,0.9042840600013733,0.9445918202400208,2,5,12,"[0.5693, 0.2135, 0.0725, 0.0313, 0.0176, 0.0128, 0.0091, 0.0073, 0.0064, 0.0047]","[0.016, 0.01, 0.001, 0.114, 0.098, 0.064, 0.128, 0.175, 0.343, 0.604]",3000,0.013351325877010822,-0.09388920004695646,
40,T7,3240,-0.0640179433403383,-0.05011733876612888,-0.01543412406358689,-0.05125962878032025,-0.011955993456776826,-0.007272074497080747,0.04713834214967319,0.5639569759368896,0.20651176571846008,0.09143338352441788,0.7704687118530273,0.8950263261795044,0.9337562918663025,2,6,16,"[0.564, 0.2065, 0.0914, 0.0186, 0.0146, 0.0101, 0.0091, 0.0083, 0.007, 0.0042]","[0.064, 0.05, 0.015, 0.17, 0.025, 0.063, 0.131, 0.088, 0.316, 0.728]",3000,0.005531995557248592,0.13054547914089226,
40,T8,3240,0.1981792173330446,0.010130237866259328,-0.0034401261200545387,0.04923644400288296,-0.02374185297132686,0.039300933171787844,-0.043239944635987335,0.8138190507888794,0.07585106790065765,0.04317920655012131,0.8896701335906982,0.9525113105773926,0.9710383415222168,1,3,5,"[0.8138, 0.0759, 0.0432, 0.0109, 0.0087, 0.0068, 0.0046, 0.0026, 0.0024, 0.0021]","[0.198, 0.01, 0.003, 0.244, 0.748, 0.082, 0.274, 0.161, 0.034, 0.026]",3000,0.038248639553785324,-0.4225995198742893,
40,R0,3240,0.13780870435505566,-0.1413263583445094,-0.04987955168327783,-0.033082818637613545,-0.04322517304403067,-0.024793416366481608,-0.06100990880648983,0.8784353733062744,0.042904410511255264,0.02868054062128067,0.9213398098945618,0.9702498316764832,0.9844183921813965,2,2,3,"[0.8784, 0.0429, 0.0287, 0.0131, 0.0071, 0.0048, 0.0034, 0.0028, 0.0016, 0.0015]","[0.138, 0.141, 0.05, 0.186, 0.061, 0.707, 0.277, 0.203, 0.209, 0.324]",3000,0.039902810007333755,-0.05763644150938449,
40,R1,3240,0.1665330170501772,-0.1486584870623859,0.05411450357579427,0.0669400493890724,-0.009949293795494469,0.06433889342286034,0.01969440656135033,0.8652475476264954,0.04132416099309921,0.025348057970404625,0.9065716862678528,0.9595350027084351,0.9835530519485474,4,2,5,"[0.8652, 0.0413, 0.0253, 0.0178, 0.0098, 0.008, 0.0061, 0.0036, 0.0034, 0.0029]","[0.167, 0.149, 0.054, 0.115, 0.372, 0.211, 0.338, 0.528, 0.17, 0.326]",3000,0.06428082287311554,-0.308223846603385,
40,R2,3240,-0.09718815330243058,-0.08690402206283461,0.10830221976044718,0.03400491730270159,-0.038248907638947595,0.07943333367735535,0.15058791523804646,0.7440809011459351,0.06853526830673218,0.05559925734996796,0.8126161694526672,0.9305586218833923,0.9679276943206787,4,4,7,"[0.7441, 0.0685, 0.0556, 0.0386, 0.0238, 0.0124, 0.0093, 0.008, 0.0047, 0.003]","[0.097, 0.087, 0.108, 0.085, 0.326, 0.338, 0.463, 0.405, 0.166, 0.181]",3000,0.050138670951128006,0.16798376631153572,
40,R3,3240,0.010535166634138659,0.05155753254020637,-0.07375957575163829,0.023486536278966158,-0.010491056695112534,-0.003281821622836626,-0.004354443595734689,0.5172140598297119,0.2460612803697586,0.07463757693767548,0.7632753252983093,0.90838223695755,0.9582100510597229,1,5,9,"[0.5172, 0.2461, 0.0746, 0.0437, 0.0268, 0.021, 0.0109, 0.0077, 0.0058, 0.0044]","[0.011, 0.052, 0.074, 0.053, 0.071, 0.075, 0.069, 0.139, 0.296, 0.477]",3000,0.0245403740555048,-0.17596165763559338,
40,R4,3240,-0.14271148515057175,-0.05717722377914072,-0.06492294717588587,-0.05397048506567503,-0.05244128107494242,0.017537403911827617,0.04430898894317004,0.4169642925262451,0.24894243478775024,0.11906424909830093,0.6659067273139954,0.8949699997901917,0.954345703125,0,6,10,"[0.417, 0.2489, 0.1191, 0.0823, 0.0277, 0.0191, 0.0164, 0.0107, 0.0075, 0.0057]","[0.143, 0.057, 0.065, 0.011, 0.153, 0.075, 0.012, 0.011, 0.142, 0.038]",3000,-0.007536867167800665,0.17795648983201012,
40,R5,3240,-0.09598470449588568,-0.13058478447582675,-0.22992817000561838,-0.033163880823312376,-0.03512852368565051,0.005507903879298697,0.06891835560335817,0.459043949842453,0.23095475137233734,0.0894935354590416,0.6899986863136292,0.8495478630065918,0.9252172112464905,0,8,15,"[0.459, 0.231, 0.0895, 0.0426, 0.0274, 0.0219, 0.0166, 0.0155, 0.0123, 0.0094]","[0.096, 0.131, 0.23, 0.052, 0.138, 0.123, 0.171, 0.253, 0.06, 0.007]",3000,-0.012874923646450043,0.022335570410678594,
40,R6,3240,0.06781225008150904,0.0392380285894668,0.07919104262223,0.03776375436249591,0.04318988497003579,0.030682860044099015,0.03599988406036347,0.365712970495224,0.20827437937259674,0.06194470077753067,0.5739873647689819,0.7373722791671753,0.8655884265899658,0,14,32,"[0.3657, 0.2083, 0.0619, 0.0523, 0.0492, 0.038, 0.0338, 0.0252, 0.0173, 0.0141]","[0.068, 0.039, 0.079, 0.207, 0.028, 0.178, 0.17, 0.006, 0.286, 0.223]",3000,-0.0033562590833753347,-0.3014483355328818,
40,R7,3240,-0.25538308633803647,0.06392465296147079,0.025976544715644475,0.05406877394689541,0.011595906865793362,0.12901297135921125,0.06665758903415173,0.36113086342811584,0.1731293648481369,0.08301594108343124,0.5342602133750916,0.7201342582702637,0.8375078439712524,2,21,50,"[0.3611, 0.1731, 0.083, 0.0595, 0.0433, 0.0327, 0.0252, 0.0223, 0.0211, 0.0161]","[0.255, 0.064, 0.026, 0.093, 0.117, 0.222, 0.021, 0.563, 0.329, 0.29]",3000,0.055089689791202545,0.08953714810405851,
40,M0,3000,-0.06061864763356594,0.04596535405777179,-0.2395661857345598,-0.15854611538090657,-0.0010337872747497444,-0.20162370738893198,-0.02604062736071063,0.3762030601501465,0.21526530385017395,0.10276492685079575,0.591468334197998,0.8060069680213928,0.8854240775108337,2,12,26,"[0.3762, 0.2153, 0.1028, 0.0668, 0.045, 0.0233, 0.0185, 0.0165, 0.0115, 0.0096]","[0.061, 0.046, 0.24, 0.536, 0.224, 0.088, 0.323, 0.013, 0.153, 0.285]",3000,0.053190577775239944,0.15302649498163276,
40,E0,3240,0.1938211654634641,-0.11159316361054139,0.02505394176634148,-0.014879538549135537,-0.016816947898266564,0.04650799405368622,-0.004442032050815154,0.4099779427051544,0.15243901312351227,0.05448639392852783,0.5624169707298279,0.6781708002090454,0.7433854937553406,3,78,171,"[0.41, 0.1524, 0.0545, 0.0337, 0.0276, 0.0235, 0.012, 0.0111, 0.0095, 0.0091]","[0.194, 0.112, 0.025, 0.257, 0.466, 0.32, 0.042, 0.397, 0.107, 0.036]",3000,0.06214701756834984,-0.333187599425159,
40,MEAN,3000,0.2387507603824422,0.6726685677723702,-0.3598770662550809,0.01565174373690012,0.001907640303398933,0.018742890852127585,-0.019395297476511742,0.364210307598114,0.14032159745693207,0.07360444962978363,0.5045319199562073,0.6415559649467468,0.7170025110244751,2,73,184,"[0.3642, 0.1403, 0.0736, 0.0367, 0.0267, 0.02, 0.0167, 0.0143, 0.0127, 0.0117]","[0.239, 0.673, 0.36, 0.28, 0.157, 0.057, 0.204, 0.049, 0.179, 0.157]",3000,0.15390604734420776,-0.30239331042755996,
