layer,position,n_horizon,rho_pc1_horizon,rho_pc2_horizon,rho_pc3_horizon,rho_pc1_reward_ratio,rho_pc1_short_reward,rho_pc1_short_delay,rho_pc1_long_delay,evr_pc1,evr_pc2,evr_pc3,cum_evr_2,cum_evr_5,cum_evr_10,n_pc_horizon,n_pc_90,n_pc_95,evr_top10,rho_top10,n_choice,silhouette_choice_pc3,rho_pc1_p_short,ridge_r2_horizon
0,T0,3240,,,,,,,,,,,,,,0,1,1,"[NaN, NaN, NaN, NaN, NaN, NaN, NaN, NaN, NaN, NaN]","[null, null, null, null, null, null, null, null, null, null]",3000,0.0,,
0,T1,3240,,,,,,,,,,,,,,0,1,1,"[NaN, NaN, NaN, NaN, NaN, NaN, NaN, NaN, NaN, NaN]","[null, null, null, null, null, null, null, null, null, null]",3000,0.0,,
0,T2,3240,,,,,,,,,,,,,,0,1,1,"[NaN, NaN, NaN, NaN, NaN, NaN, NaN, NaN, NaN, NaN]","[null, null, null, null, null, null, null, null, null, null]",3000,0.0,,
0,T3,3240,,,,,,,,,,,,,,0,1,1,"[NaN, NaN, NaN, NaN, NaN, NaN, NaN, NaN, NaN, NaN]","[null, null, null, null, null, null, null, null, null, null]",3000,0.0,,
0,T4,3240,,,,,,,,,,,,,,0,1,1,"[NaN, NaN, NaN, NaN, NaN, NaN, NaN, NaN, NaN, NaN]","[null, null, null, null, null, null, null, null, null, null]",3000,0.0,,
0,T5,3240,,,,,,,,,,,,,,0,1,1,"[NaN, NaN, NaN, NaN, NaN, NaN, NaN, NaN, NaN, NaN]","[null, null, null, null, null, null, null, null, null, null]",3000,0.0,,
0,T6,3240,,,,,,,,,,,,,,0,1,1,"[NaN, NaN, NaN, NaN, NaN, NaN, NaN, NaN, NaN, NaN]","[null, null, null, null, null, null, null, null, null, null]",3000,0.0,,
0,T7,3240,,,,,,,,,,,,,,0,1,1,"[NaN, NaN, NaN, NaN, NaN, NaN, NaN, NaN, NaN, NaN]","[null, null, null, null, null, null, null, null, null, null]",3000,0.0,,
0,T8,3240,,,,,,,,,,,,,,0,1,1,"[NaN, NaN, NaN, NaN, NaN, NaN, NaN, NaN, NaN, NaN]","[null, null, null, null, null, null, null, null, null, null]",3000,0.0,,
0,R0,3240,0.00018116811586418107,0.002367767990678529,-0.00043948118563945555,-0.08856665312401218,-0.09163598997013607,-0.010580610987213503,0.03921191031871912,0.9965718984603882,0.003427824005484581,7.968745455166903e-12,0.9999997019767761,0.9999997019767761,0.9999997019767761,0,1,1,"[0.9966, 0.0034, 0.0, 0.0, 0.0, 0.0, 0.0, 0.0, 0.0, 0.0]","[0.0, 0.002, 0.0, 0.0, 0.0, 0.003, 0.0, 0.0, 0.0, 0.0]",3000,0.0007077119080349803,,
0,R1,3240,0.00011943765110589781,-0.0026922843722529772,0.00033556292453561763,-0.04545462283400616,-0.0336152339784179,-0.025731841941124937,0.025147726030046853,0.9966172575950623,0.0033824180718511343,1.7209629554759687e-11,0.9999997019767761,0.9999997019767761,0.9999997019767761,0,1,1,"[0.9966, 0.0034, 0.0, 0.0, 0.0, 0.0, 0.0, 0.0, 0.0, 0.0]","[0.0, 0.003, 0.0, 0.002, 0.0, 0.002, 0.002, 0.0, 0.003, 0.0]",3000,0.0,,
0,R2,3240,-0.00025274848920989917,0.00023368163562025062,0.00018494748128640993,0.07457851728512091,0.06963971772099348,0.020010178343303417,-0.035586389252262145,0.9999995231628418,1.834254137467184e-10,1.2721946999509548e-24,0.9999995231628418,0.9999995231628418,0.9999995231628418,0,1,1,"[1.0, 0.0, 0.0, 0.0, 0.0, 0.0, 0.0, 0.0, 0.0, 0.0]","[0.0, 0.0, 0.0, 0.0, 0.0, 0.0, 0.0, 0.0, 0.0, 0.0]",3000,0.0,,
0,R3,3240,0.056464323049109644,0.05334539512829797,-0.01022787154486084,-0.02471589909982929,0.1367971900799799,0.10782265148902312,0.07988026065390709,0.7551652193069458,0.20066998898983002,0.031213248148560524,0.955835223197937,0.9992474913597107,1.0,0,2,2,"[0.7552, 0.2007, 0.0312, 0.0112, 0.001, 0.0008, 0.0, 0.0, 0.0, 0.0]","[0.056, 0.053, 0.01, 0.033, 0.055, 0.074, 0.056, 0.059, 0.05, 0.012]",3000,0.022020138800144196,-0.2993256602909213,
0,R4,3240,-0.0014153214900204123,-0.03141382113249738,-0.0020210797842739768,0.07514531918520541,0.07056306214532373,0.01763385396786163,-0.03349232063629913,0.9584237337112427,0.033339761197566986,0.004158112686127424,0.9917634725570679,1.0000001192092896,1.0000001192092896,0,1,1,"[0.9584, 0.0333, 0.0042, 0.0025, 0.0015, 0.0, 0.0, 0.0, 0.0, 0.0]","[0.001, 0.031, 0.002, 0.034, 0.001, 0.002, 0.002, 0.032, 0.036, 0.036]",3000,-0.656333327293396,0.012999128780675346,
0,R5,3240,-0.0012734698186436582,-0.03143267123868468,0.0019679284850724187,0.04609451054105687,0.034568683555906685,0.023417738393887177,-0.02314346771445262,0.943529486656189,0.04970884323120117,0.0038075605407357216,0.9932383298873901,1.0000001192092896,1.0000001192092896,0,1,2,"[0.9435, 0.0497, 0.0038, 0.0018, 0.0012, 0.0, 0.0, 0.0, 0.0, 0.0]","[0.001, 0.031, 0.002, 0.001, 0.003, 0.002, 0.031, 0.016, 0.001, 0.002]",3000,-0.656333327293396,0.012999128780675346,
0,R6,3240,0.0012936521906521418,-0.03134381846965382,-0.002232789740516298,-0.08925376939280544,-0.0925319579847885,-0.008299638628507761,0.03713964518397211,0.9515151977539062,0.04134970158338547,0.004226715303957462,0.9928649067878723,1.000000238418579,1.000000238418579,0,1,1,"[0.9515, 0.0413, 0.0042, 0.0017, 0.0012, 0.0, 0.0, 0.0, 0.0, 0.0]","[0.001, 0.031, 0.002, 0.004, 0.004, 0.0, 0.017, 0.034, 0.036, 0.033]",3000,-0.656333327293396,-0.012999128780675346,
0,R7,3240,-0.0013886672494761694,-0.031413442588155954,0.002194288556112764,0.07512843464784587,0.07054930206612378,0.01765787840868674,-0.03350244381870166,0.9511832594871521,0.03820689022541046,0.005462481640279293,0.9893901348114014,0.9999999403953552,1.0,0,1,1,"[0.9512, 0.0382, 0.0055, 0.0036, 0.0015, 0.0, 0.0, 0.0, 0.0, 0.0]","[0.001, 0.031, 0.002, 0.004, 0.001, 0.031, 0.03, 0.003, 0.036, 0.002]",3000,-0.656333327293396,0.012999128780675346,
1,T0,3240,-0.025853751704816057,0.008975675965562232,-0.00665258014142535,0.03286349165085625,0.03762365275758139,0.017142654350807127,-0.024810468766665605,0.476898729801178,0.42890357971191406,0.03839847445487976,0.905802309513092,0.9690280556678772,0.9846376776695251,0,2,4,"[0.4769, 0.4289, 0.0384, 0.0176, 0.0072, 0.0042, 0.0037, 0.0031, 0.0026, 0.002]","[0.026, 0.009, 0.007, 0.061, 0.004, 0.096, 0.092, 0.041, 0.095, 0.089]",3000,0.04904656857252121,-0.0640365142130633,
1,T1,3240,-0.026379132778990587,-0.08690103041732664,-0.00695278191880085,0.10248253492215963,0.08249698979872548,0.028339212863019526,-0.001845667903731028,0.806230902671814,0.1330832839012146,0.01806420087814331,0.9393141865730286,0.9756242632865906,0.9915720224380493,0,2,3,"[0.8062, 0.1331, 0.0181, 0.0103, 0.0079, 0.005, 0.0042, 0.0029, 0.0023, 0.0016]","[0.026, 0.087, 0.007, 0.165, 0.031, 0.115, 0.038, 0.064, 0.057, 0.105]",3000,0.07559992372989655,-0.10110384309959573,
1,T2,3240,-0.017124118378296544,-0.0692485020000614,-0.030314976339266764,0.009921144795891677,0.07060623680231033,-0.055321116545363924,0.06070183902463636,0.6485455632209778,0.1873142123222351,0.05491495504975319,0.8358597755432129,0.9503554105758667,0.9776036739349365,0,4,5,"[0.6485, 0.1873, 0.0549, 0.0474, 0.0122, 0.0082, 0.0073, 0.0054, 0.0035, 0.0029]","[0.017, 0.069, 0.03, 0.03, 0.051, 0.067, 0.078, 0.053, 0.007, 0.201]",3000,0.030236264690756798,0.13118847974730222,
1,T3,3240,-0.030433335691495818,-0.05474560961297354,-0.04604458699953642,-0.006810503322281381,0.039527883536452146,-0.03799787577715837,0.06734092566355886,0.4754040241241455,0.31918877363204956,0.1386018544435501,0.7945927977561951,0.963014543056488,0.9821420907974243,1,3,4,"[0.4754, 0.3192, 0.1386, 0.0183, 0.0115, 0.0057, 0.0049, 0.0036, 0.0026, 0.0023]","[0.03, 0.055, 0.046, 0.072, 0.017, 0.109, 0.132, 0.341, 0.144, 0.038]",3000,0.020411698147654533,0.10329552038321696,
1,T4,3240,-0.0029015356691258396,0.020228881789604025,-0.028118576467926256,-0.026896235795507196,-0.03290666514051771,-0.010610059774401536,0.0052545560043642985,0.7442191243171692,0.15548653900623322,0.036652714014053345,0.8997056484222412,0.9708274602890015,0.9887077808380127,0,3,4,"[0.7442, 0.1555, 0.0367, 0.0231, 0.0114, 0.0061, 0.0042, 0.0033, 0.0024, 0.0019]","[0.003, 0.02, 0.028, 0.065, 0.094, 0.022, 0.001, 0.031, 0.142, 0.066]",3000,0.062155526131391525,0.1342038676163333,
1,T5,3240,-0.015161841490634488,-0.026167207188213172,-0.04629085969909574,-0.04123117942707224,-0.0222630235579475,-0.037188582405153235,0.033153293377043175,0.7825733423233032,0.11010090261697769,0.06003949046134949,0.8926742672920227,0.9734973311424255,0.9881439805030823,0,3,3,"[0.7826, 0.1101, 0.06, 0.0156, 0.0052, 0.005, 0.0031, 0.003, 0.0021, 0.0015]","[0.015, 0.026, 0.046, 0.072, 0.005, 0.049, 0.096, 0.11, 0.005, 0.129]",3000,0.04872376471757889,0.11016083025674309,
1,T6,3240,-0.07395579224492646,-0.014241326350840973,-0.047562540366761316,-0.04049909052146589,-0.07176866977790665,-0.015248079774411007,-0.0017826660505277222,0.6851646304130554,0.21188992261886597,0.03179091587662697,0.8970545530319214,0.9654226899147034,0.9866759181022644,0,3,4,"[0.6852, 0.2119, 0.0318, 0.0215, 0.0151, 0.0062, 0.0048, 0.0045, 0.0034, 0.0023]","[0.074, 0.014, 0.048, 0.041, 0.005, 0.029, 0.176, 0.001, 0.103, 0.113]",3000,0.06073326617479324,0.11458064600424386,
1,T7,3240,-0.035728702918168036,-0.021054229350920602,-0.03232649217021703,-0.0281723747058054,-0.007305442288670907,-0.03959974208230527,0.031214000759927203,0.5847107172012329,0.24133580923080444,0.1094212681055069,0.8260465264320374,0.9624963998794556,0.9799202680587769,0,3,4,"[0.5847, 0.2413, 0.1094, 0.0181, 0.0089, 0.0059, 0.0039, 0.0032, 0.0025, 0.002]","[0.036, 0.021, 0.032, 0.019, 0.013, 0.091, 0.008, 0.041, 0.014, 0.107]",3000,0.026601415127515793,0.12453281163799555,
1,T8,3240,0.017687466339986236,-0.021148007988212952,0.02899364949927729,-0.013112627735516521,-0.019337654174846144,0.00825465654905564,0.0350849085824538,0.5674356818199158,0.23087725043296814,0.08296456187963486,0.7983129024505615,0.944337785243988,0.9785465002059937,0,4,6,"[0.5674, 0.2309, 0.083, 0.0371, 0.026, 0.0107, 0.0084, 0.0069, 0.0052, 0.003]","[0.018, 0.021, 0.029, 0.015, 0.06, 0.064, 0.013, 0.126, 0.018, 0.14]",3000,0.02140595205128193,0.1056442217816707,
1,R0,3240,-0.03488010176254897,-0.0992773385410565,-0.12686038638171307,-0.0036328511057012788,-0.00999908729418786,-0.03324260753970888,0.02558020096470688,0.9912809133529663,0.0030408198945224285,0.0020368306431919336,0.9943217039108276,0.998681902885437,0.9995298981666565,0,1,1,"[0.9913, 0.003, 0.002, 0.0017, 0.0006, 0.0004, 0.0002, 0.0001, 0.0001, 0.0001]","[0.035, 0.099, 0.127, 0.003, 0.132, 0.04, 0.071, 0.135, 0.162, 0.073]",3000,0.02123906835913658,-0.06766259228139429,
1,R1,3240,0.0261102401375784,-0.03674051247558158,0.028311420405837593,0.09061043047298775,0.07692201717337346,0.012477763153370541,0.01582552387051346,0.9870448112487793,0.00494582811370492,0.003292439039796591,0.9919906258583069,0.9988408088684082,0.9994713068008423,1,1,1,"[0.987, 0.0049, 0.0033, 0.0029, 0.0006, 0.0002, 0.0001, 0.0001, 0.0001, 0.0001]","[0.026, 0.037, 0.028, 0.027, 0.155, 0.262, 0.033, 0.088, 0.151, 0.448]",3000,0.01364776398986578,0.044938577147808134,
1,R2,3240,-0.16169309370653215,0.06444391429270689,-0.1431624066094073,0.11622356807176248,0.14411919268593992,-0.09364045335132085,0.003884871679757743,0.9719391465187073,0.016502562910318375,0.005512210540473461,0.9884417057037354,0.9972929358482361,0.9987480044364929,0,1,1,"[0.9719, 0.0165, 0.0055, 0.0023, 0.0011, 0.0004, 0.0003, 0.0003, 0.0003, 0.0002]","[0.162, 0.064, 0.143, 0.096, 0.157, 0.045, 0.099, 0.182, 0.207, 0.234]",3000,0.030264507979154587,0.02814787816259169,
1,R3,3240,0.045727334841330645,-0.07310372686130417,-0.1305177834302743,-0.04790090033546478,0.08103989099378012,0.07710483523839344,0.08515556726055372,0.7793340086936951,0.18099847435951233,0.02555878832936287,0.9603325128555298,0.9977307319641113,0.9996182918548584,0,2,2,"[0.7793, 0.181, 0.0256, 0.0104, 0.0014, 0.0007, 0.0005, 0.0004, 0.0002, 0.0001]","[0.046, 0.073, 0.131, 0.105, 0.122, 0.01, 0.0, 0.044, 0.006, 0.021]",3000,0.022129060700535774,-0.2692027081484339,
1,R4,3240,-0.08990560710152849,-0.07108399455101784,-0.04008243842896008,-0.04236633012164882,-0.17008147149163805,-0.1268196614862515,-0.05744852664563164,0.9585538506507874,0.020860498771071434,0.008971340022981167,0.9794143438339233,0.9946463108062744,0.9994015693664551,0,1,1,"[0.9586, 0.0209, 0.009, 0.0043, 0.002, 0.0019, 0.0016, 0.0006, 0.0005, 0.0002]","[0.09, 0.071, 0.04, 0.034, 0.041, 0.064, 0.053, 0.006, 0.061, 0.044]",3000,0.014354626648128033,0.23619669495132534,
1,R5,3240,-0.06435660979235712,-0.05796171353681592,-0.0691141096176245,0.08194233784459388,-0.0369630521079876,-0.10017977456469818,-0.0351771873910643,0.9123902320861816,0.07685008645057678,0.0033143030013889074,0.989240288734436,0.9966391921043396,0.9993218183517456,0,1,2,"[0.9124, 0.0769, 0.0033, 0.0023, 0.0018, 0.0014, 0.0005, 0.0005, 0.0002, 0.0001]","[0.064, 0.058, 0.069, 0.035, 0.01, 0.013, 0.061, 0.02, 0.011, 0.045]",3000,0.010544991120696068,0.29489731491407595,
1,R6,3240,-0.04377182556414421,-0.02196165885623292,-0.05763884742137259,0.07212707885340675,-0.01899253074218516,-0.05551969003214825,-0.03392954941284267,0.9642341732978821,0.02372647263109684,0.005510079208761454,0.9879606366157532,0.9968103766441345,0.9994587302207947,0,1,1,"[0.9642, 0.0237, 0.0055, 0.0018, 0.0015, 0.001, 0.0007, 0.0006, 0.0002, 0.0001]","[0.044, 0.022, 0.058, 0.035, 0.011, 0.048, 0.047, 0.057, 0.068, 0.152]",3000,0.015094680711627007,0.2653270679441174,
1,R7,3240,-0.016623157058091764,0.03265337773468606,-0.0667987749633917,0.019253835689208843,0.0756358430166635,-0.04751509540075108,-0.0173118467770077,0.9067145586013794,0.05769525095820427,0.011982052586972713,0.9644098281860352,0.9887783527374268,0.9983463883399963,0,1,2,"[0.9067, 0.0577, 0.012, 0.0064, 0.006, 0.0037, 0.0025, 0.0019, 0.0009, 0.0006]","[0.017, 0.033, 0.067, 0.103, 0.037, 0.037, 0.079, 0.025, 0.126, 0.049]",3000,0.006194839254021645,-0.05883141492282419,
2,T0,3240,0.03463925185089909,-0.010620426273507594,-0.11473890053991977,0.009537771380065634,-0.000837283128954246,-0.003960180185726204,0.04506300464854406,0.6659389734268188,0.273197740316391,0.02044036239385605,0.9391367435455322,0.982829213142395,0.9913486838340759,0,2,3,"[0.6659, 0.2732, 0.0204, 0.0167, 0.0066, 0.0031, 0.0017, 0.0015, 0.0012, 0.0011]","[0.035, 0.011, 0.115, 0.008, 0.054, 0.054, 0.042, 0.164, 0.05, 0.153]",3000,0.050800710916519165,0.0902160874773511,
2,T1,3240,-0.06124876203117695,-0.05621543507463817,-0.02837605556435885,-0.04897848859012848,-0.0487569169296965,-0.011842807017355728,0.02021145649171059,0.8154348134994507,0.12588611245155334,0.02280987612903118,0.9413208961486816,0.9836789965629578,0.9937405586242676,0,2,3,"[0.8154, 0.1259, 0.0228, 0.0156, 0.0039, 0.003, 0.0022, 0.0019, 0.0017, 0.0012]","[0.061, 0.056, 0.028, 0.028, 0.281, 0.114, 0.044, 0.279, 0.064, 0.087]",3000,0.07361965626478195,0.1602635071220967,
2,T2,3240,0.007793856657684978,0.005448105146854776,0.020902092861352726,-0.021420028597201414,0.08023140022216572,-0.06256174844997733,0.11660803863990682,0.790117084980011,0.11779347062110901,0.043861255049705505,0.9079105854034424,0.9743236303329468,0.988868772983551,0,2,3,"[0.7901, 0.1178, 0.0439, 0.0172, 0.0053, 0.0042, 0.0034, 0.0032, 0.0021, 0.0017]","[0.008, 0.005, 0.021, 0.09, 0.041, 0.015, 0.106, 0.02, 0.055, 0.155]",3000,0.0545664057135582,0.133574432667134,
2,T3,3240,0.001894743634406323,0.03630373481651641,-0.0765640666832473,0.0038253770417640714,0.028801014025009182,-0.033068054091533974,0.019102941700490306,0.5999109148979187,0.2645971179008484,0.08029279857873917,0.8645080327987671,0.9722186923027039,0.9890428781509399,0,3,4,"[0.5999, 0.2646, 0.0803, 0.0168, 0.0106, 0.0054, 0.0039, 0.0036, 0.0022, 0.0017]","[0.002, 0.036, 0.077, 0.037, 0.065, 0.007, 0.02, 0.094, 0.152, 0.105]",3000,0.043878041207790375,0.12604090262234352,
2,T4,3240,-0.007702275341371665,-0.024639591751677,0.0034942517972964392,-0.020504163267658474,-0.019607890730853665,-0.0005523556317852644,0.02571693011434603,0.7299938201904297,0.16365253925323486,0.056773774325847626,0.8936463594436646,0.9729741215705872,0.9896398186683655,0,3,3,"[0.73, 0.1637, 0.0568, 0.0168, 0.0058, 0.0051, 0.0039, 0.0033, 0.0026, 0.0018]","[0.008, 0.025, 0.003, 0.008, 0.072, 0.153, 0.009, 0.104, 0.025, 0.21]",3000,0.05732223019003868,0.11347907072238671,
2,T5,3240,0.006208858213607306,-0.004447827589423625,0.005671230265602812,-0.05197982199323465,-0.022753277726879222,-0.034308747368833305,0.044067380612630574,0.5996628403663635,0.241927832365036,0.08703335374593735,0.8415906429290771,0.9562138319015503,0.9794697165489197,0,3,5,"[0.5997, 0.2419, 0.087, 0.0183, 0.0093, 0.0075, 0.0055, 0.0041, 0.0039, 0.0024]","[0.006, 0.004, 0.006, 0.028, 0.033, 0.004, 0.101, 0.134, 0.046, 0.135]",3000,0.04492940381169319,0.10417230925078998,
2,T6,3240,-0.01824764019167018,0.00677548990534323,0.030571852100963685,-0.036568473681434774,-0.0390712633624823,-0.017243668877940484,0.00992117296500705,0.6944347023963928,0.16572439670562744,0.06239515542984009,0.8601590991020203,0.9610275626182556,0.9840905070304871,0,3,4,"[0.6944, 0.1657, 0.0624, 0.0297, 0.0088, 0.0069, 0.0055, 0.0042, 0.0033, 0.0031]","[0.018, 0.007, 0.031, 0.053, 0.055, 0.027, 0.039, 0.099, 0.099, 0.02]",3000,0.05514902248978615,0.06526213119984828,
2,T7,3240,0.011127923591432587,0.00548555186288342,0.0023580319469724367,0.0012573373319364632,0.021418138100784072,-0.033749652140242004,0.030418153429230817,0.5603975653648376,0.2830178439617157,0.08677756786346436,0.843415379524231,0.9581234455108643,0.9794318079948425,0,3,5,"[0.5604, 0.283, 0.0868, 0.0169, 0.011, 0.0076, 0.0057, 0.003, 0.0027, 0.0024]","[0.011, 0.005, 0.002, 0.047, 0.015, 0.009, 0.063, 0.071, 0.174, 0.076]",3000,0.02768649347126484,0.1000902749917002,
2,T8,3240,-0.001485189991014552,-0.010193064842233287,0.038278600106491034,-0.039803591628791005,-0.045290652274617885,0.012139684234812908,0.01436353921392165,0.6116053462028503,0.20095019042491913,0.10113145411014557,0.8125555515289307,0.9535450339317322,0.9806947112083435,0,3,5,"[0.6116, 0.201, 0.1011, 0.0289, 0.011, 0.009, 0.0068, 0.0045, 0.0036, 0.0032]","[0.001, 0.01, 0.038, 0.025, 0.084, 0.0, 0.002, 0.056, 0.001, 0.132]",3000,0.038194622844457626,0.1321197354302131,
2,R0,3240,-0.060624785309361454,-0.0769629694057113,0.041420560813422845,0.0015897384276024407,0.012116065078186326,-0.03282755931439102,-0.0099586227590036,0.9890729188919067,0.004313993733376265,0.0025568173732608557,0.9933869242668152,0.9982149004936218,0.9993563294410706,0,1,1,"[0.9891, 0.0043, 0.0026, 0.0015, 0.0008, 0.0005, 0.0003, 0.0002, 0.0001, 0.0001]","[0.061, 0.077, 0.041, 0.031, 0.033, 0.11, 0.053, 0.1, 0.102, 0.155]",3000,0.02206593006849289,-0.0607915784601852,
2,R1,3240,-0.006432252255096055,-0.02807065233878915,0.02578764271824891,0.08928310517351802,0.09133783869899532,0.0010570179768670564,-0.007283177996626532,0.9810532927513123,0.007824842818081379,0.004520824644714594,0.9888781309127808,0.997860312461853,0.999077558517456,1,1,1,"[0.9811, 0.0078, 0.0045, 0.0038, 0.0006, 0.0005, 0.0002, 0.0002, 0.0001, 0.0001]","[0.006, 0.028, 0.026, 0.115, 0.127, 0.012, 0.032, 0.314, 0.071, 0.032]",3000,0.011484802700579166,0.07294858772445438,
2,R2,3240,-0.03703002065545621,-0.19852712476829176,-0.10575448993086661,-0.025618470652134774,0.014096362205106952,0.00898512996738401,-0.00793889249212342,0.9545187950134277,0.028061309829354286,0.006916241720318794,0.9825801253318787,0.9951738119125366,0.9979520440101624,0,1,1,"[0.9545, 0.0281, 0.0069, 0.0043, 0.0013, 0.001, 0.0008, 0.0004, 0.0004, 0.0002]","[0.037, 0.199, 0.106, 0.195, 0.172, 0.217, 0.12, 0.235, 0.038, 0.019]",3000,0.036014631390571594,0.08613527562406474,
2,R3,3240,0.04066618989824012,-0.08738622402689146,-0.15361861115568484,-0.013292215838072613,0.13157657505414103,0.0755335978989411,0.06710833568868456,0.7667714357376099,0.19363096356391907,0.02416536770761013,0.9604023694992065,0.9961357116699219,0.999353289604187,0,2,2,"[0.7668, 0.1936, 0.0242, 0.01, 0.0015, 0.001, 0.001, 0.0007, 0.0003, 0.0002]","[0.041, 0.087, 0.154, 0.075, 0.056, 0.029, 0.002, 0.03, 0.027, 0.047]",3000,0.022394327446818352,-0.24785235867928557,
2,R4,3240,0.0026204827366268996,-0.056912759606107,0.08741939271102335,-0.10709097988147812,-0.005338354199637435,0.036796886114852406,0.05899533518717988,0.876493513584137,0.10430338978767395,0.009408694691956043,0.9807969331741333,0.9955627918243408,0.9992310404777527,0,2,2,"[0.8765, 0.1043, 0.0094, 0.003, 0.0023, 0.0014, 0.0009, 0.0008, 0.0005, 0.0002]","[0.003, 0.057, 0.087, 0.044, 0.047, 0.027, 0.057, 0.069, 0.019, 0.007]",3000,0.017506172880530357,-0.16913219337218466,
2,R5,3240,-0.0680285220915944,-0.14055808779325532,-0.09575111237358844,0.03507164473751941,0.030199904904092575,-0.05526404557058793,0.01206382115993312,0.9343003630638123,0.05197327956557274,0.004580231383442879,0.9862736463546753,0.9963704347610474,0.9991328716278076,0,1,2,"[0.9343, 0.052, 0.0046, 0.0034, 0.0021, 0.0014, 0.0005, 0.0004, 0.0003, 0.0002]","[0.068, 0.141, 0.096, 0.009, 0.031, 0.206, 0.014, 0.149, 0.034, 0.118]",3000,0.014348921366035938,0.21513202972923812,
2,R6,3240,-0.02122075181037013,-0.02892775819111066,0.020959398084966406,0.06096349855492464,-0.0037077617974232624,-0.04170412820902804,-0.0183909503968731,0.9440154433250427,0.038417164236307144,0.006795590743422508,0.9824326038360596,0.9944361448287964,0.9989567399024963,0,1,2,"[0.944, 0.0384, 0.0068, 0.0029, 0.0023, 0.0021, 0.0011, 0.0007, 0.0003, 0.0003]","[0.021, 0.029, 0.021, 0.055, 0.019, 0.04, 0.026, 0.078, 0.234, 0.117]",3000,0.018112264573574066,0.21896931351375704,
2,R7,3240,-0.0024161491017409527,-0.006680828434183894,-0.007195298358108776,0.02530961416812034,-0.05490548751030487,-0.006930248290422784,-0.04750781821815762,0.9065830707550049,0.0418541394174099,0.02504446916282177,0.9484372138977051,0.9862654209136963,0.9979370832443237,0,1,3,"[0.9066, 0.0419, 0.025, 0.0069, 0.0059, 0.0052, 0.0028, 0.0022, 0.0008, 0.0007]","[0.002, 0.007, 0.007, 0.097, 0.009, 0.023, 0.038, 0.023, 0.078, 0.102]",3000,0.014488822780549526,0.2454056633670025,
3,T0,3240,-0.0918267620997771,0.025703386314182165,-0.03185047552622914,-0.0446544172575293,-0.06360497442753123,-0.01974723714439178,-0.03675944081322428,0.6662729382514954,0.27347567677497864,0.017298715189099312,0.9397486448287964,0.9799366593360901,0.9902515411376953,1,2,3,"[0.6663, 0.2735, 0.0173, 0.0164, 0.0065, 0.0037, 0.0022, 0.0019, 0.0014, 0.0012]","[0.092, 0.026, 0.032, 0.077, 0.033, 0.027, 0.035, 0.046, 0.1, 0.38]",3000,0.05728980153799057,0.09063381720434473,
3,T1,3240,0.03279751213618471,0.09258654216544748,0.014910002744539984,-0.02337648484384908,-0.01583633309726289,0.015790420504042467,0.0030933944446221487,0.7217289805412292,0.18583165109157562,0.04449129477143288,0.9075606465339661,0.9759818315505981,0.9894881248474121,0,2,3,"[0.7217, 0.1858, 0.0445, 0.0199, 0.004, 0.0038, 0.0034, 0.0026, 0.0023, 0.0015]","[0.033, 0.093, 0.015, 0.029, 0.019, 0.082, 0.047, 0.0, 0.066, 0.189]",3000,0.0644444152712822,0.07653207031256322,
3,T2,3240,0.013825854539710405,-0.020484048465402842,0.05115503297578083,-0.03681981255356493,0.044901935248422425,-0.03516493647320439,0.09027707575895724,0.7111210823059082,0.1518353521823883,0.08819407224655151,0.8629564046859741,0.9729047417640686,0.9876294732093811,0,3,3,"[0.7111, 0.1518, 0.0882, 0.0146, 0.0071, 0.0043, 0.0035, 0.0031, 0.0022, 0.0016]","[0.014, 0.02, 0.051, 0.055, 0.01, 0.011, 0.0, 0.159, 0.071, 0.268]",3000,0.05737866088747978,0.12740742306436448,
3,T3,3240,0.026619057135256113,0.05844727366933192,0.09057590381369687,-0.006882127474186773,9.90548437106565e-05,-0.0029324361786661366,-0.00038249814827190755,0.5240665674209595,0.3436562716960907,0.074437215924263,0.8677228689193726,0.9700810313224792,0.987573504447937,0,3,4,"[0.5241, 0.3437, 0.0744, 0.0186, 0.0094, 0.0057, 0.0041, 0.0036, 0.0025, 0.0016]","[0.027, 0.058, 0.091, 0.039, 0.108, 0.027, 0.041, 0.047, 0.104, 0.091]",3000,0.051469188183546066,0.02262896894080477,
3,T4,3240,0.03064191183285781,0.017935822979820135,0.040563449436469945,-0.018221805392695967,-0.06196591879291187,0.027778567348349745,-0.015539315693896171,0.5969626903533936,0.24956195056438446,0.09074048697948456,0.8465246558189392,0.9673908352851868,0.9867694973945618,0,3,4,"[0.597, 0.2496, 0.0907, 0.0199, 0.0102, 0.006, 0.0046, 0.0039, 0.0031, 0.0019]","[0.031, 0.018, 0.041, 0.04, 0.037, 0.078, 0.056, 0.054, 0.128, 0.058]",3000,0.048732858151197433,0.10150081199916934,
3,T5,3240,-0.011498784847616336,-0.0041847310083296665,-0.027529832477977023,-0.0634705078738837,-0.04749630272703466,-0.01835509409445892,0.03711689941598583,0.683509349822998,0.1625090092420578,0.08524449914693832,0.846018373966217,0.9601771235466003,0.9817324876785278,0,3,5,"[0.6835, 0.1625, 0.0852, 0.0159, 0.013, 0.006, 0.0057, 0.0045, 0.0033, 0.002]","[0.011, 0.004, 0.028, 0.02, 0.009, 0.024, 0.019, 0.04, 0.069, 0.0]",3000,0.03415695205330849,0.10083076698463558,
3,T6,3240,-0.010511327463910604,0.018523461255622854,0.015174803123727895,-0.06950444667134918,-0.07917217067069475,-0.018796710162073883,0.027459353707163445,0.715411901473999,0.14290452003479004,0.06504516303539276,0.8583164215087891,0.963660717010498,0.9848170876502991,0,3,4,"[0.7154, 0.1429, 0.065, 0.0297, 0.0106, 0.0061, 0.0052, 0.0038, 0.0033, 0.0027]","[0.011, 0.019, 0.015, 0.042, 0.002, 0.008, 0.011, 0.046, 0.13, 0.026]",3000,0.054396457970142365,0.09964143543733527,
3,T7,3240,0.0011178707005934118,0.010137145142679231,-0.009710213659168729,-0.04937990361620355,-0.04425406940661357,-0.0015152137658645459,0.029590197169116334,0.5598311424255371,0.23429907858371735,0.1101793423295021,0.7941302061080933,0.9495335221290588,0.9755296111106873,0,3,6,"[0.5598, 0.2343, 0.1102, 0.0295, 0.0157, 0.0078, 0.0073, 0.0045, 0.0035, 0.0028]","[0.001, 0.01, 0.01, 0.0, 0.042, 0.03, 0.026, 0.1, 0.022, 0.089]",3000,0.03180205449461937,0.11005755577491633,
3,T8,3240,0.013819387765951976,0.0005031713245444823,0.007584912191965381,-0.037577374386394004,-0.03819978491579365,-0.00942453248468484,0.03300709912699558,0.5178773403167725,0.22205476462841034,0.14969883859157562,0.739932119846344,0.93930983543396,0.9754558801651001,0,4,6,"[0.5179, 0.2221, 0.1497, 0.0354, 0.0143, 0.0132, 0.0072, 0.0063, 0.0055, 0.0039]","[0.014, 0.001, 0.008, 0.022, 0.02, 0.007, 0.01, 0.05, 0.1, 0.033]",3000,0.03111160732805729,0.12961446309252014,
3,R0,3240,-0.08171813104345313,-0.05097004109054545,-0.025986677353892006,-0.003295781329381153,0.052151796689922134,-0.07642112481375707,0.02844308009969392,0.9839168787002563,0.005635248962789774,0.005326078273355961,0.9895521402359009,0.9974274635314941,0.9990946054458618,0,1,1,"[0.9839, 0.0056, 0.0053, 0.0016, 0.0009, 0.0007, 0.0004, 0.0003, 0.0002, 0.0001]","[0.082, 0.051, 0.026, 0.039, 0.02, 0.096, 0.058, 0.075, 0.027, 0.072]",3000,0.01897808536887169,0.024817734704167593,
3,R1,3240,0.0250148144516031,-0.012273166663334339,0.02162720209518818,0.11425500040406522,0.09016127108654792,0.033944462925726865,-0.024891442515542303,0.9775447249412537,0.008367318660020828,0.005822308361530304,0.985912024974823,0.9968764185905457,0.9987703561782837,0,1,1,"[0.9775, 0.0084, 0.0058, 0.0042, 0.001, 0.0007, 0.0005, 0.0004, 0.0002, 0.0002]","[0.025, 0.012, 0.022, 0.1, 0.027, 0.017, 0.104, 0.006, 0.149, 0.03]",3000,0.012419478967785835,-0.003046109547720146,
3,R2,3240,-0.13001532724660753,-0.16001596001718937,-0.09421163932578552,0.059675525745698135,0.10244530294098798,-0.10431688055989706,0.050097649763292305,0.9533323645591736,0.022929299622774124,0.01075142901390791,0.9762616753578186,0.993703305721283,0.9973840713500977,0,1,1,"[0.9533, 0.0229, 0.0108, 0.0049, 0.0018, 0.0013, 0.0009, 0.0006, 0.0005, 0.0004]","[0.13, 0.16, 0.094, 0.239, 0.066, 0.162, 0.077, 0.267, 0.121, 0.019]",3000,0.02615641988813877,0.008910739677096767,
3,R3,3240,0.06290628310026498,-0.04998887344889094,-0.0979773316899831,-0.03205816191377334,0.08502329322733423,0.04874248660724043,0.052611872840588034,0.5959173440933228,0.3341379761695862,0.0428597666323185,0.9300553202629089,0.993823230266571,0.9989449977874756,0,2,3,"[0.5959, 0.3341, 0.0429, 0.0183, 0.0026, 0.0017, 0.0015, 0.0012, 0.0005, 0.0004]","[0.063, 0.05, 0.098, 0.041, 0.022, 0.04, 0.008, 0.052, 0.004, 0.067]",3000,0.02393299527466297,-0.27704102404781916,
3,R4,3240,-0.07024227572965362,-0.0404477441473171,0.1118448277411708,-0.035044002314726194,-0.17117873796570976,-0.09089655186448992,-0.059096520755019165,0.8379420638084412,0.14484184980392456,0.008164907805621624,0.9827839136123657,0.9955766797065735,0.9991161823272705,0,2,2,"[0.8379, 0.1448, 0.0082, 0.0029, 0.0017, 0.0012, 0.001, 0.0008, 0.0003, 0.0002]","[0.07, 0.04, 0.112, 0.055, 0.026, 0.048, 0.012, 0.015, 0.005, 0.078]",3000,0.018505848944187164,0.2727199771605924,
3,R5,3240,-0.02013110636614637,-0.04074623686190591,-0.08238777656515467,0.05195754685098689,0.003767240486996892,-0.05653489955465699,-0.0025684539321518375,0.8401926159858704,0.12042798101902008,0.015551824122667313,0.9606205821037292,0.9915034770965576,0.9977584481239319,0,2,2,"[0.8402, 0.1204, 0.0156, 0.0114, 0.004, 0.0024, 0.0017, 0.001, 0.0007, 0.0005]","[0.02, 0.041, 0.082, 0.004, 0.076, 0.207, 0.074, 0.009, 0.109, 0.109]",3000,0.012197383679449558,0.19808467257246798,
3,R6,3240,0.020518498035080813,0.00933473977794355,0.032479821166373025,0.05551110180877172,-0.0441938458118342,-0.028700357595017437,-0.02609442003592073,0.9297940731048584,0.04639660194516182,0.008853121660649776,0.9761906862258911,0.9929067492485046,0.9985896944999695,0,1,2,"[0.9298, 0.0464, 0.0089, 0.0042, 0.0037, 0.0027, 0.0013, 0.0008, 0.0005, 0.0003]","[0.021, 0.009, 0.032, 0.048, 0.065, 0.046, 0.11, 0.062, 0.008, 0.155]",3000,0.02106528915464878,0.17560735430427163,
3,R7,3240,-0.023008440123669344,-0.030517802413363774,0.060681523375237356,-0.03430684872715829,0.04564796571397848,-0.0053755317068212025,0.018820563167953212,0.9367771148681641,0.02633499726653099,0.012115666642785072,0.9631121158599854,0.988735020160675,0.9982278347015381,0,1,2,"[0.9368, 0.0263, 0.0121, 0.0087, 0.0048, 0.0044, 0.0027, 0.0013, 0.0007, 0.0005]","[0.023, 0.031, 0.061, 0.01, 0.015, 0.016, 0.0, 0.014, 0.068, 0.014]",3000,0.019852938130497932,-0.16103777949824521,
4,T0,3240,-0.08789940409645401,0.06427397351319993,-0.011467882664195173,-0.04243965457181535,-0.060457714190844954,-0.027969259403899965,-0.030739070051238385,0.665717601776123,0.27043676376342773,0.020672038197517395,0.9361543655395508,0.9794529676437378,0.9902313947677612,1,2,3,"[0.6657, 0.2704, 0.0207, 0.016, 0.0066, 0.0039, 0.0022, 0.002, 0.0014, 0.0013]","[0.088, 0.064, 0.011, 0.053, 0.012, 0.068, 0.108, 0.057, 0.039, 0.378]",3000,0.054127033799886703,0.09363223391417297,
4,T1,3240,0.08900341789856896,-0.07143110484446272,0.045448266844655076,-0.024967219958641776,-0.011018207865211882,0.01641771577154065,0.018399450811928,0.6957019567489624,0.20041495561599731,0.05265810340642929,0.8961169123649597,0.9709984064102173,0.9888867735862732,0,3,4,"[0.6957, 0.2004, 0.0527, 0.0162, 0.006, 0.0047, 0.0044, 0.0037, 0.003, 0.002]","[0.089, 0.071, 0.045, 0.024, 0.049, 0.057, 0.115, 0.049, 0.032, 0.118]",3000,0.061742667108774185,-0.047186110616541294,
4,T2,3240,0.04225379073163081,0.03851818472595905,0.021252646482878546,-0.020270171234387215,0.05755717088718795,-0.028826897844886592,0.09326504825514624,0.5193282961845398,0.2169080227613449,0.18304204940795898,0.7362363338470459,0.9581217169761658,0.9844526648521423,0,3,5,"[0.5193, 0.2169, 0.183, 0.0236, 0.0152, 0.01, 0.0062, 0.0048, 0.003, 0.0023]","[0.042, 0.039, 0.021, 0.025, 0.048, 0.007, 0.029, 0.064, 0.112, 0.141]",3000,0.040348440408706665,0.05106852078933737,
4,T3,3240,0.060890257143158384,0.0621780049769871,0.062188041928585985,0.005866554699300514,0.016381271747449654,-0.0023260839268473624,0.011430671231211642,0.5265014171600342,0.3237188160419464,0.0717875212430954,0.8502202033996582,0.9618421196937561,0.9855446219444275,0,3,4,"[0.5265, 0.3237, 0.0718, 0.0281, 0.0117, 0.0069, 0.0061, 0.0046, 0.0037, 0.0024]","[0.061, 0.062, 0.062, 0.04, 0.073, 0.089, 0.07, 0.042, 0.014, 0.059]",3000,0.04861387982964516,-0.01505023253475452,
4,T4,3240,0.03408984044480606,0.03044795146131533,-0.03767004712687091,-0.058836265251576446,-0.12294821128335252,0.005337945146840358,-0.005690409499905658,0.46904292702674866,0.33061882853507996,0.10742320865392685,0.7996617555618286,0.9574264883995056,0.9843518137931824,0,3,5,"[0.469, 0.3306, 0.1074, 0.031, 0.0193, 0.0076, 0.007, 0.0055, 0.0043, 0.0026]","[0.034, 0.03, 0.038, 0.034, 0.012, 0.021, 0.058, 0.008, 0.05, 0.101]",3000,0.043728433549404144,0.015245250124171517,
4,T5,3240,-0.0002662688799775818,-0.03723022301352735,-0.006284998995189915,-0.05152754193630012,-0.03834310060777109,-0.010209019877256484,0.03164952103387685,0.6128255128860474,0.24443583190441132,0.07069722563028336,0.8572613596916199,0.9632655382156372,0.9847874641418457,0,3,4,"[0.6128, 0.2444, 0.0707, 0.0242, 0.0111, 0.0059, 0.0051, 0.0047, 0.0035, 0.0023]","[0.0, 0.037, 0.006, 0.038, 0.005, 0.012, 0.03, 0.095, 0.08, 0.041]",3000,0.03673528879880905,0.08719132485467636,
4,T6,3240,0.01812449853895204,0.010777095598502862,0.03476123267410565,-0.06265091878258043,-0.07314463996126051,-0.024563676551218796,0.018148379747996924,0.6192797422409058,0.23924991488456726,0.06277279555797577,0.8585296869277954,0.9621946215629578,0.9849004745483398,0,3,5,"[0.6193, 0.2392, 0.0628, 0.0281, 0.0128, 0.0064, 0.0057, 0.0044, 0.0037, 0.0025]","[0.018, 0.011, 0.035, 0.045, 0.053, 0.028, 0.011, 0.105, 0.015, 0.052]",3000,0.049137476831674576,0.048753658299689404,
4,T7,3240,0.01935115493939985,0.026728582403351284,-0.04639967564033275,-0.049908275407661025,-0.049764637168275616,-0.020122974132787727,0.028889410470604667,0.5637735724449158,0.2338516116142273,0.11325354874134064,0.7976251840591431,0.954121470451355,0.9789071083068848,0,3,5,"[0.5638, 0.2339, 0.1133, 0.0261, 0.0172, 0.0079, 0.007, 0.0046, 0.003, 0.0024]","[0.019, 0.027, 0.046, 0.033, 0.003, 0.013, 0.018, 0.202, 0.055, 0.078]",3000,0.04294300824403763,0.09560232845464693,
4,T8,3240,0.0651270632464327,-0.022476482622813293,-0.033300065919596916,-0.031606576417709205,-0.018143663215491067,-0.03202584213583158,0.04704924650664325,0.4849497973918915,0.2999131977558136,0.10867524892091751,0.7848629951477051,0.9537141919136047,0.982633650302887,0,4,5,"[0.4849, 0.2999, 0.1087, 0.0452, 0.0149, 0.0085, 0.0072, 0.0057, 0.0047, 0.0028]","[0.065, 0.022, 0.033, 0.011, 0.053, 0.008, 0.045, 0.047, 0.047, 0.064]",3000,0.038521554321050644,0.012244720150542121,
4,R0,3240,-0.11481216879579006,-0.1036047863819358,0.0720593904824511,-0.027937966988535873,0.002521218710103159,-0.1077711746211197,0.019932529285833642,0.9746755361557007,0.010672196745872498,0.007251176051795483,0.9853477478027344,0.9960914254188538,0.9986522793769836,0,1,1,"[0.9747, 0.0107, 0.0073, 0.0018, 0.0017, 0.0009, 0.0006, 0.0004, 0.0003, 0.0002]","[0.115, 0.104, 0.072, 0.063, 0.013, 0.091, 0.05, 0.042, 0.043, 0.001]",3000,0.023214077576994896,0.023620060617377887,
4,R1,3240,0.033923034929831196,-0.004931632408159175,0.05249269735313185,0.08747967573570369,0.06205767419196902,0.04204679522488738,-0.037947944348672685,0.9634272456169128,0.013029414229094982,0.009930398315191269,0.9764566421508789,0.9946619272232056,0.9981540441513062,0,1,1,"[0.9634, 0.013, 0.0099, 0.0062, 0.002, 0.0011, 0.001, 0.0007, 0.0005, 0.0003]","[0.034, 0.005, 0.052, 0.07, 0.048, 0.057, 0.134, 0.045, 0.077, 0.199]",3000,0.018787024542689323,-0.02656701972823844,
4,R2,3240,-0.16500728763813372,0.059306396366628225,0.043629549046405,0.04064650420630002,0.10945083692520834,-0.11547492624816513,0.03166179695150859,0.9111294746398926,0.04427709802985191,0.019015828147530556,0.9554065465927124,0.9875690937042236,0.9951106905937195,0,1,2,"[0.9111, 0.0443, 0.019, 0.0086, 0.0046, 0.003, 0.0018, 0.0011, 0.0008, 0.0008]","[0.165, 0.059, 0.044, 0.038, 0.116, 0.104, 0.055, 0.078, 0.022, 0.173]",3000,0.02961662784218788,0.01515686810006828,
4,R3,3240,0.0779504429806064,-0.07345203143241928,-0.11575508216036996,-0.04182377299552656,0.09114658039286348,0.05811416274692283,0.05722583825235628,0.6354841589927673,0.29389476776123047,0.041113484650850296,0.9293789267539978,0.9896379113197327,0.9976248741149902,0,2,3,"[0.6355, 0.2939, 0.0411, 0.016, 0.0032, 0.0023, 0.0022, 0.0015, 0.0012, 0.0008]","[0.078, 0.073, 0.116, 0.041, 0.056, 0.022, 0.089, 0.066, 0.029, 0.011]",3000,0.02504296414554119,-0.2895847653522901,
4,R4,3240,-0.031682005206739035,-0.016971045885924185,0.13415217108795843,-0.0015690930019254684,-0.1279091010049007,-0.08638309849145721,-0.05835708419744846,0.732667088508606,0.24449647963047028,0.008843290619552135,0.977163553237915,0.9929534196853638,0.9982654452323914,0,2,2,"[0.7327, 0.2445, 0.0088, 0.0035, 0.0034, 0.0019, 0.0013, 0.001, 0.0008, 0.0004]","[0.032, 0.017, 0.134, 0.118, 0.031, 0.036, 0.002, 0.035, 0.053, 0.035]",3000,0.019025593996047974,0.21353891262461078,
4,R5,3240,-0.01719006636113935,-0.034733336547806665,0.043530773859251186,0.031065299440955048,-0.03749194094988722,-0.029182933561152258,-0.021571326837679733,0.8209639191627502,0.12711602449417114,0.019297825172543526,0.9480799436569214,0.9882287383079529,0.9962813258171082,1,2,3,"[0.821, 0.1271, 0.0193, 0.0106, 0.0102, 0.0025, 0.0023, 0.0016, 0.001, 0.0007]","[0.017, 0.035, 0.044, 0.041, 0.094, 0.351, 0.055, 0.076, 0.074, 0.027]",3000,0.010120395570993423,0.20971806764213988,
4,R6,3240,0.02499185098567869,0.03368949939483446,0.07124398642302668,0.05979402837617995,-0.04813776850520561,-0.0007991422034089384,-0.0404361944860019,0.9090358018875122,0.05905595421791077,0.013921369798481464,0.9680917263031006,0.9915223717689514,0.9978415966033936,0,1,2,"[0.909, 0.0591, 0.0139, 0.0056, 0.0039, 0.0026, 0.0015, 0.0011, 0.0007, 0.0004]","[0.025, 0.034, 0.071, 0.024, 0.027, 0.088, 0.005, 0.12, 0.042, 0.107]",3000,0.029063940048217773,0.13105517585579818,
4,R7,3240,0.004733921211622355,-0.019994781919007863,0.10025736165165276,-0.038030232588054165,0.006576515580965277,-0.03173661197633235,-0.028651702013470854,0.9360777735710144,0.022448718547821045,0.01368417777121067,0.9585264921188354,0.9889494776725769,0.9975407719612122,0,1,2,"[0.9361, 0.0224, 0.0137, 0.0096, 0.0072, 0.0037, 0.0024, 0.001, 0.0008, 0.0006]","[0.005, 0.02, 0.1, 0.018, 0.009, 0.051, 0.025, 0.028, 0.011, 0.066]",3000,0.02586604841053486,-0.07741731762765978,
5,T0,3240,-0.036273917214021414,0.08030055177205976,0.024180278993998938,-0.03489198469526545,-0.04641340552981729,-0.02007458903233039,-0.0039305536506054894,0.6696591973304749,0.26344171166419983,0.027095064520835876,0.9331009387969971,0.9806222915649414,0.9905896186828613,1,2,3,"[0.6697, 0.2634, 0.0271, 0.0155, 0.0049, 0.0032, 0.0023, 0.002, 0.0013, 0.0011]","[0.036, 0.08, 0.024, 0.043, 0.08, 0.076, 0.129, 0.037, 0.115, 0.363]",3000,0.0502658486366272,0.07978680687700913,
5,T1,3240,0.15602820609432927,0.09958959083674107,0.017628214940037794,-0.02339115317859759,0.01149053275523075,0.017587120522921416,0.0681445919307821,0.6458495855331421,0.23024679720401764,0.05871955305337906,0.8760963678359985,0.967725932598114,0.9877893924713135,0,3,4,"[0.6458, 0.2302, 0.0587, 0.0222, 0.0107, 0.006, 0.005, 0.0043, 0.0028, 0.002]","[0.156, 0.1, 0.018, 0.088, 0.074, 0.087, 0.06, 0.078, 0.132, 0.102]",3000,0.058609966188669205,-0.03014998978995412,
5,T2,3240,0.041859199680837726,0.0005445882935919288,0.056927557750723,-0.01839545862770797,0.014364757869253281,0.007199522398586284,0.06808656259850071,0.5054892897605896,0.21691684424877167,0.19698010385036469,0.7224061489105225,0.9555985331535339,0.9834486842155457,0,3,5,"[0.5055, 0.2169, 0.197, 0.0204, 0.0159, 0.0118, 0.0057, 0.0052, 0.003, 0.0022]","[0.042, 0.001, 0.057, 0.034, 0.035, 0.012, 0.098, 0.083, 0.152, 0.206]",3000,0.03945083171129227,0.029142069020586678,
5,T3,3240,0.0689336434964016,0.050965204057771295,-0.07516661506579285,-0.017027310101016456,-0.0023861600287245557,-0.001063185125940003,0.028813651357292733,0.48643866181373596,0.36906009912490845,0.0686221495270729,0.8554987907409668,0.9652156829833984,0.9864500761032104,0,3,4,"[0.4864, 0.3691, 0.0686, 0.0272, 0.0139, 0.0064, 0.0056, 0.0042, 0.0028, 0.0022]","[0.069, 0.051, 0.075, 0.043, 0.049, 0.086, 0.05, 0.067, 0.07, 0.058]",3000,0.04951201006770134,0.008003446009371331,
5,T4,3240,0.018934978808710118,0.05126043581897592,0.06197285025693846,0.09077610961101619,0.06284016649972,0.05553868509238944,-0.061129914040385924,0.45474231243133545,0.3439238667488098,0.11119449138641357,0.7986661791801453,0.9593190550804138,0.9843710064888,0,3,5,"[0.4547, 0.3439, 0.1112, 0.0364, 0.0131, 0.0071, 0.006, 0.0051, 0.004, 0.0028]","[0.019, 0.051, 0.062, 0.033, 0.004, 0.031, 0.082, 0.042, 0.049, 0.069]",3000,0.03476495295763016,-0.14180382023395535,
5,T5,3240,-0.008333482044896368,-0.057425338138050695,-0.058884344828266925,-0.059057183203736666,-0.04253876303358187,-0.019131235395729765,0.0434123667857483,0.5611701607704163,0.2577928900718689,0.09507116675376892,0.8189630508422852,0.958570122718811,0.9828178882598877,0,3,5,"[0.5612, 0.2578, 0.0951, 0.0287, 0.0159, 0.0072, 0.0055, 0.0049, 0.0038, 0.0028]","[0.008, 0.057, 0.059, 0.008, 0.068, 0.042, 0.043, 0.145, 0.001, 0.046]",3000,0.04071168228983879,0.09569750733492466,
5,T6,3240,0.030043178438804757,0.017776197148670146,0.008161881779942709,-0.06001039120499155,-0.06513863362121279,-0.02885452670612199,0.039158222309416874,0.602183997631073,0.24518080055713654,0.06897006183862686,0.8473647832870483,0.9579506516456604,0.9836608171463013,0,3,5,"[0.6022, 0.2452, 0.069, 0.0323, 0.0093, 0.0075, 0.0068, 0.0049, 0.0037, 0.0027]","[0.03, 0.018, 0.008, 0.048, 0.079, 0.009, 0.02, 0.131, 0.012, 0.018]",3000,0.048678964376449585,0.035905917082682044,
5,T7,3240,0.024479035419552028,0.0038867602759061794,-0.04485270053604878,-0.04764863111920614,-0.06415821235125597,-0.023840740759046367,0.04044716020644764,0.49435752630233765,0.28785064816474915,0.127074733376503,0.7822082042694092,0.9500013589859009,0.977622926235199,0,3,5,"[0.4944, 0.2879, 0.1271, 0.0258, 0.0149, 0.0094, 0.0074, 0.0048, 0.0031, 0.0028]","[0.024, 0.004, 0.045, 0.047, 0.029, 0.031, 0.037, 0.136, 0.03, 0.103]",3000,0.04121105372905731,0.09591633967498968,
5,T8,3240,0.05402065945533794,0.03655704197740484,0.04227506952429769,-0.06768995583308919,-0.04964187831273856,-0.033917594734355155,0.06105171256063592,0.4945380389690399,0.3053116500377655,0.10002859681844711,0.7998496890068054,0.9528334140777588,0.981364905834198,0,4,5,"[0.4945, 0.3053, 0.1, 0.0406, 0.0124, 0.0084, 0.007, 0.0065, 0.0037, 0.0029]","[0.054, 0.037, 0.042, 0.053, 0.03, 0.033, 0.035, 0.028, 0.031, 0.015]",3000,0.04140901565551758,0.007348186353914772,
5,R0,3240,-0.13267405866022958,-0.08544851341636088,0.03624001079037673,-0.08985569294722802,-0.1299269950108453,-0.01101655464414587,-0.04125810982846471,0.965540885925293,0.01571422815322876,0.009729210287332535,0.9812551140785217,0.9951969981193542,0.9981459975242615,0,1,1,"[0.9655, 0.0157, 0.0097, 0.0024, 0.0018, 0.0009, 0.0008, 0.0006, 0.0004, 0.0003]","[0.133, 0.085, 0.036, 0.063, 0.066, 0.058, 0.048, 0.011, 0.007, 0.152]",3000,0.0246041901409626,0.10310193984323275,
5,R1,3240,0.02491556696203776,0.036198827381539,0.06145631906280679,0.05099575806566847,0.0010080522242706257,0.07576453931034813,-0.0795765532831362,0.9476333856582642,0.021583689376711845,0.015130744315683842,0.96921706199646,0.9934996962547302,0.9976473450660706,0,1,2,"[0.9476, 0.0216, 0.0151, 0.0062, 0.0029, 0.0012, 0.001, 0.0008, 0.0007, 0.0005]","[0.025, 0.036, 0.061, 0.07, 0.078, 0.057, 0.061, 0.012, 0.004, 0.146]",3000,0.02281400002539158,0.005465747235155877,
5,R2,3240,-0.010524145810817091,0.044916553552765824,0.07793041996643836,0.06669178501709784,0.14174246760793666,-0.04208825104316588,-0.0006586034900419386,0.9070057272911072,0.048501405864953995,0.019641272723674774,0.9555071592330933,0.9866666197776794,0.9948818683624268,0,1,2,"[0.907, 0.0485, 0.0196, 0.0079, 0.0036, 0.0032, 0.002, 0.0012, 0.0011, 0.0008]","[0.011, 0.045, 0.078, 0.041, 0.049, 0.038, 0.149, 0.088, 0.068, 0.083]",3000,0.02898770570755005,-0.15234302363922292,
5,R3,3240,0.09416539625486499,-0.06961211984342885,-0.09001421196611635,-0.03880530375642883,0.10117896331698208,0.07528324219572086,0.07095870582539945,0.630962073802948,0.29716700315475464,0.04229005053639412,0.9281290769577026,0.9884741902351379,0.9971458911895752,0,2,3,"[0.631, 0.2972, 0.0423, 0.0143, 0.0037, 0.0027, 0.0024, 0.0016, 0.0011, 0.0008]","[0.094, 0.07, 0.09, 0.002, 0.055, 0.064, 0.072, 0.037, 0.012, 0.028]",3000,0.026206227019429207,-0.3236181004737033,
5,R4,3240,-0.018259069583982504,-0.014527814479846081,0.12668544304537752,0.016788525970056287,-0.10785940164900948,-0.08443256760573828,-0.06926588979387688,0.6684435606002808,0.3041698932647705,0.009656107984483242,0.9726134538650513,0.9910882115364075,0.9977097511291504,0,2,2,"[0.6684, 0.3042, 0.0097, 0.0048, 0.004, 0.003, 0.0012, 0.0011, 0.0008, 0.0004]","[0.018, 0.015, 0.127, 0.04, 0.105, 0.036, 0.032, 0.056, 0.091, 0.024]",3000,0.019880101084709167,0.18123638422170793,
5,R5,3240,0.0696562741090519,0.046998753814865984,-0.025694304580190622,0.06369883783716719,0.009032271593420788,0.06394444234054582,-0.040965483643453475,0.720612108707428,0.18985751271247864,0.036264631897211075,0.910469651222229,0.9824210405349731,0.9938483238220215,0,2,4,"[0.7206, 0.1899, 0.0363, 0.0207, 0.015, 0.0032, 0.0031, 0.0024, 0.0016, 0.0011]","[0.07, 0.047, 0.026, 0.07, 0.08, 0.066, 0.132, 0.058, 0.19, 0.15]",3000,0.0091350506991148,-0.01684115906372497,
5,R6,3240,0.010188459433493842,0.03464035583906713,0.08610930068239778,0.07311628853243274,-0.05995680428912725,-0.0064656551545861345,-0.05904731294101055,0.8803966641426086,0.07393963634967804,0.017570260912179947,0.9543362855911255,0.9880719780921936,0.9966387748718262,0,2,2,"[0.8804, 0.0739, 0.0176, 0.0104, 0.0057, 0.0034, 0.002, 0.0016, 0.0009, 0.0007]","[0.01, 0.035, 0.086, 0.06, 0.036, 0.109, 0.027, 0.09, 0.034, 0.088]",3000,0.02066999487578869,0.18129582045159956,
5,R7,3240,-0.0021126210600306964,-0.05353965369405179,0.0806036056147154,0.016980188361091903,0.004545241603094945,-0.030584315436009868,-0.03579329497545406,0.9525163769721985,0.01705789566040039,0.00893523171544075,0.9695742726325989,0.990272045135498,0.9977551698684692,0,1,1,"[0.9525, 0.0171, 0.0089, 0.0069, 0.0048, 0.0034, 0.0021, 0.0008, 0.0006, 0.0006]","[0.002, 0.054, 0.081, 0.017, 0.015, 0.039, 0.01, 0.007, 0.07, 0.029]",3000,0.020816097036004066,-0.07235892663242055,
6,T0,3240,-0.032086539374282345,0.09323168710693204,0.01943881894017473,-0.018866166687317706,-0.02518269907172956,-0.018542650684761266,-0.010459581986680233,0.7094430327415466,0.23445099592208862,0.020486442372202873,0.9438940286636353,0.9825888276100159,0.9912933707237244,0,2,3,"[0.7094, 0.2345, 0.0205, 0.0136, 0.0046, 0.0027, 0.002, 0.0018, 0.0012, 0.001]","[0.032, 0.093, 0.019, 0.027, 0.099, 0.08, 0.092, 0.097, 0.199, 0.134]",3000,0.05297541990876198,0.0819690936341416,
6,T1,3240,0.13000927102818652,-0.09158480307345553,0.032387176409402904,-0.027167973363724493,-0.04413412527460195,0.020428690078765636,0.030863590335408125,0.6145006418228149,0.2588657736778259,0.05857965722680092,0.8733664155006409,0.9651464819908142,0.9869108200073242,0,3,4,"[0.6145, 0.2589, 0.0586, 0.0211, 0.0121, 0.0064, 0.0054, 0.0045, 0.0029, 0.0025]","[0.13, 0.092, 0.032, 0.119, 0.134, 0.143, 0.107, 0.081, 0.122, 0.209]",3000,0.05750477686524391,-0.034510998555633804,
6,T2,3240,0.045929191380445954,-0.00702043193517531,0.06508198201016029,-0.02000289447431337,0.0023198977788103396,0.004548635156525979,0.046220147730317525,0.4900316894054413,0.24095995724201202,0.18968886137008667,0.7309916615486145,0.9552125334739685,0.9834467172622681,0,3,5,"[0.49, 0.241, 0.1897, 0.0217, 0.0129, 0.0121, 0.0059, 0.0046, 0.0034, 0.0022]","[0.046, 0.007, 0.065, 0.045, 0.0, 0.065, 0.123, 0.125, 0.214, 0.161]",3000,0.03952714428305626,0.03800524689740415,
6,T3,3240,0.06537154879486862,0.09923325560636155,-0.07064583317074924,-0.003349935326215721,-0.0067109938695456796,0.004049640620485432,0.026936839309132373,0.4524437487125397,0.4100148379802704,0.06534399092197418,0.8624585866928101,0.9653574824333191,0.9864307045936584,0,3,4,"[0.4524, 0.41, 0.0653, 0.0249, 0.0126, 0.0062, 0.0055, 0.0042, 0.003, 0.0021]","[0.065, 0.099, 0.071, 0.032, 0.05, 0.08, 0.045, 0.088, 0.097, 0.041]",3000,0.048587433993816376,0.002746297716899581,
6,T4,3240,0.021317826596350193,0.05015700775750755,0.044083327461814786,0.09310195290789941,0.06299698797649954,0.04353195029983147,-0.057315948923333734,0.49174174666404724,0.31988149881362915,0.1005590632557869,0.811623215675354,0.9589273929595947,0.9837436079978943,0,3,5,"[0.4917, 0.3199, 0.1006, 0.032, 0.0147, 0.0075, 0.0057, 0.0051, 0.0038, 0.0027]","[0.021, 0.05, 0.044, 0.032, 0.032, 0.054, 0.091, 0.025, 0.109, 0.053]",3000,0.03709883242845535,-0.15098064910787873,
6,T5,3240,-0.010034509469623941,0.05051004359907224,-0.06732608698628813,-0.060055772754287425,-0.04978588401820673,-0.011903368520213843,0.039092544447046886,0.5742151141166687,0.24849729239940643,0.09529156237840652,0.8227124214172363,0.9562910795211792,0.9817341566085815,0,3,5,"[0.5742, 0.2485, 0.0953, 0.0267, 0.0116, 0.0072, 0.0061, 0.0051, 0.0044, 0.0027]","[0.01, 0.051, 0.067, 0.001, 0.092, 0.046, 0.028, 0.002, 0.105, 0.018]",3000,0.04143788665533066,0.10678503028645042,
6,T6,3240,0.014857598619340034,-0.004943084945197364,-0.023451995669201905,-0.04561095319847187,-0.057534114959330314,-0.03267323097647982,0.03777553319181703,0.5682238340377808,0.27761605381965637,0.07020054012537003,0.8458398580551147,0.9560727477073669,0.982185423374176,0,3,5,"[0.5682, 0.2776, 0.0702, 0.0275, 0.0125, 0.0079, 0.0069, 0.0049, 0.0037, 0.0027]","[0.015, 0.005, 0.023, 0.013, 0.03, 0.014, 0.043, 0.086, 0.004, 0.018]",3000,0.04954759031534195,0.04162854344830715,
6,T7,3240,0.02760257083598036,0.0075760658587846735,-0.0464328846747257,-0.039445671530502456,-0.07420119257810445,-0.03961223603192669,0.034989748212767624,0.4630735516548157,0.293750524520874,0.14321237802505493,0.7568240761756897,0.9481427073478699,0.9753609299659729,0,3,6,"[0.4631, 0.2938, 0.1432, 0.0281, 0.02, 0.0096, 0.0076, 0.0048, 0.0029, 0.0023]","[0.028, 0.008, 0.046, 0.006, 0.065, 0.02, 0.025, 0.14, 0.11, 0.009]",3000,0.04025676101446152,0.07665644054374898,
6,T8,3240,-0.02936310247950432,0.04989235770343527,-0.0393650147968096,0.06155728996890034,0.017301450377118315,0.02312903772897609,-0.03288300366183281,0.47855785489082336,0.30568021535873413,0.10260841995477676,0.7842381000518799,0.9503093957901001,0.9792883396148682,0,4,5,"[0.4786, 0.3057, 0.1026, 0.0445, 0.019, 0.0086, 0.0076, 0.0063, 0.0038, 0.0026]","[0.029, 0.05, 0.039, 0.07, 0.023, 0.031, 0.028, 0.041, 0.029, 0.066]",3000,0.040868014097213745,-0.02117692248032385,
6,R0,3240,-0.06514661753737835,-0.06618911852914694,0.04166363622762626,-0.06281794892749014,-0.1303246879849502,0.068815645798911,-0.106690283387797,0.9708476066589355,0.014287082478404045,0.007418323773890734,0.9851346611976624,0.996060848236084,0.9984303712844849,0,1,1,"[0.9708, 0.0143, 0.0074, 0.0018, 0.0017, 0.0008, 0.0005, 0.0004, 0.0004, 0.0003]","[0.065, 0.066, 0.042, 0.025, 0.038, 0.014, 0.007, 0.036, 0.063, 0.098]",3000,0.02899409458041191,0.013708279980084887,
6,R1,3240,-0.01060529543069725,0.02399433873352586,-0.05304354873334118,0.029514137542965013,-0.02698921921050838,0.07731488493196863,-0.0991861575197027,0.9462994933128357,0.022116664797067642,0.015620626509189606,0.968416154384613,0.9935095310211182,0.9975911974906921,0,1,2,"[0.9463, 0.0221, 0.0156, 0.0063, 0.0031, 0.0011, 0.001, 0.0008, 0.0007, 0.0005]","[0.011, 0.024, 0.053, 0.087, 0.068, 0.027, 0.091, 0.012, 0.012, 0.116]",3000,0.021919844672083855,0.04093910446182435,
6,R2,3240,-0.003820691969738692,0.0486627908910815,0.0771062081572475,-0.05435099826196774,-0.11549402728971558,0.045150983247198885,-0.02795533945075337,0.8976582288742065,0.05919630080461502,0.02041347324848175,0.956854522228241,0.9868576526641846,0.9949849843978882,0,2,2,"[0.8977, 0.0592, 0.0204, 0.0062, 0.0033, 0.0032, 0.002, 0.0012, 0.0011, 0.0008]","[0.004, 0.049, 0.077, 0.046, 0.073, 0.062, 0.152, 0.037, 0.101, 0.068]",3000,0.029326558113098145,0.1382499591481332,
6,R3,3240,0.06905834393404778,-0.0806799994046175,-0.1024901941165491,-0.03130684312712304,0.10100421538333328,0.07154579476232564,0.0585325466438138,0.619141161441803,0.3084608316421509,0.041447535157203674,0.9276019930839539,0.9880340695381165,0.9969646334648132,0,2,3,"[0.6191, 0.3085, 0.0414, 0.0147, 0.0043, 0.003, 0.0021, 0.0019, 0.0011, 0.0009]","[0.069, 0.081, 0.102, 0.023, 0.005, 0.067, 0.034, 0.024, 0.008, 0.015]",3000,0.026014704257249832,-0.33685212694645905,
6,R4,3240,0.0044976875285721064,-0.02051069730139376,0.08730051851589389,0.024563688154497654,-0.10255469122812819,-0.0902749286705176,-0.06313667943850738,0.6330111026763916,0.33420276641845703,0.012961706146597862,0.9672138690948486,0.9900040626525879,0.9974534511566162,0,2,2,"[0.633, 0.3342, 0.013, 0.0057, 0.0041, 0.0031, 0.0015, 0.0013, 0.001, 0.0005]","[0.004, 0.021, 0.087, 0.06, 0.143, 0.054, 0.011, 0.095, 0.077, 0.019]",3000,0.020426126196980476,0.17616851104931316,
6,R5,3240,0.06298976259121693,0.030097882629638605,-0.03414443668968523,0.04253720000553286,0.028283706033288503,0.09301213119057175,-0.03671664349251899,0.7181206345558167,0.17043092846870422,0.04460456222295761,0.8885515928268433,0.98067307472229,0.9927821159362793,0,3,4,"[0.7181, 0.1704, 0.0446, 0.03, 0.0175, 0.0036, 0.0032, 0.0027, 0.0015, 0.0012]","[0.063, 0.03, 0.034, 0.062, 0.047, 0.23, 0.028, 0.047, 0.103, 0.103]",3000,0.012362536042928696,-0.09936702225575725,
6,R6,3240,0.030577342135751015,0.03458762434105485,0.059977668336853605,0.11166331514507294,-0.03199635239464623,0.04316399105230238,-0.05213339589301875,0.8778783679008484,0.07270447909832001,0.016576603055000305,0.9505828619003296,0.9864501953125,0.9966488480567932,0,2,2,"[0.8779, 0.0727, 0.0166, 0.0109, 0.0084, 0.0047, 0.0023, 0.0016, 0.0009, 0.0006]","[0.031, 0.035, 0.06, 0.044, 0.011, 0.099, 0.066, 0.039, 0.048, 0.047]",3000,0.020761724561452866,0.12174564268110928,
6,R7,3240,-0.05332726102612456,-0.10130802971053152,-0.06649833659339754,0.045034589543051444,-0.03104764023011278,-0.06923652828297301,-0.05638041631103712,0.9428917169570923,0.019191743806004524,0.014192762784659863,0.9620834589004517,0.9891973733901978,0.9975020885467529,0,1,2,"[0.9429, 0.0192, 0.0142, 0.0082, 0.0048, 0.0039, 0.0022, 0.0009, 0.0007, 0.0006]","[0.053, 0.101, 0.066, 0.001, 0.004, 0.019, 0.022, 0.034, 0.076, 0.008]",3000,0.022547602653503418,0.08315676018802692,
7,T0,3240,-0.041381350192783814,-0.052786446475074265,0.02126215813586561,0.014618404621396056,0.001675894596325298,-0.01502242857772122,-0.023048378102173514,0.7279112935066223,0.20836414396762848,0.023528726771473885,0.9362754225730896,0.9799202084541321,0.9899997711181641,0,2,3,"[0.7279, 0.2084, 0.0235, 0.014, 0.0061, 0.0033, 0.0023, 0.0018, 0.0014, 0.0012]","[0.041, 0.053, 0.021, 0.023, 0.013, 0.067, 0.165, 0.144, 0.226, 0.252]",3000,0.05049886181950569,0.08670074706552715,
7,T1,3240,0.12528181126144408,0.06531754341925808,0.010169246856917398,-0.030182621339025186,-0.041191058632993924,0.03134481393591442,0.028454776440181573,0.5358737111091614,0.33048269152641296,0.06625451147556305,0.866356372833252,0.9645136594772339,0.9863564968109131,0,3,4,"[0.5359, 0.3305, 0.0663, 0.0187, 0.0132, 0.007, 0.0052, 0.0038, 0.0034, 0.0024]","[0.125, 0.065, 0.01, 0.008, 0.038, 0.08, 0.142, 0.1, 0.096, 0.181]",3000,0.052185893058776855,-0.01514985987855835,
7,T2,3240,-0.08082729512496498,-0.0178082510980051,0.046632536663286865,0.033409489396814054,0.05392140348220192,-0.011480540337840956,-0.05434490046952883,0.36544132232666016,0.3042072653770447,0.20883804559707642,0.6696485877037048,0.9263647794723511,0.9679198861122131,1,4,7,"[0.3654, 0.3042, 0.2088, 0.0287, 0.0192, 0.0141, 0.0115, 0.0072, 0.0048, 0.004]","[0.081, 0.018, 0.047, 0.195, 0.084, 0.698, 0.046, 0.153, 0.272, 0.072]",3000,0.022918691858649254,-0.03651080928099769,
7,T3,3240,-0.0508948769882198,0.044312420379911274,-0.06587127174938734,0.03323027470943492,0.03729474349527483,-0.0074962816906586575,-0.0404776456903248,0.4765799045562744,0.374960333108902,0.06833520531654358,0.851540207862854,0.96077960729599,0.984229564666748,0,3,5,"[0.4766, 0.375, 0.0683, 0.0265, 0.0144, 0.0066, 0.0058, 0.0052, 0.0034, 0.0024]","[0.051, 0.044, 0.066, 0.04, 0.045, 0.069, 0.022, 0.036, 0.05, 0.122]",3000,0.048425495624542236,-0.006661960262306682,
7,T4,3240,-0.008615256852646634,0.037791354049955386,0.020102712975021197,0.08930353295911934,0.06755889844740413,0.03291442861834465,-0.06233143967189277,0.5135841369628906,0.2791428565979004,0.1146225780248642,0.792726993560791,0.9528828263282776,0.9800823330879211,1,3,5,"[0.5136, 0.2791, 0.1146, 0.0302, 0.0154, 0.0098, 0.006, 0.0048, 0.0038, 0.0027]","[0.009, 0.038, 0.02, 0.003, 0.028, 0.135, 0.258, 0.035, 0.272, 0.528]",3000,0.0344974510371685,-0.13005126839502942,
7,T5,3240,-0.0014362235087165395,0.06580209661177105,-0.06198500718370611,-0.06760870217304658,-0.04801465519425485,-0.012382523537431783,0.044333230734837935,0.590949535369873,0.24819618463516235,0.08275778591632843,0.8391457200050354,0.9563165307044983,0.9807549715042114,0,3,5,"[0.5909, 0.2482, 0.0828, 0.0254, 0.009, 0.0069, 0.0061, 0.0049, 0.0038, 0.0026]","[0.001, 0.066, 0.062, 0.004, 0.091, 0.05, 0.053, 0.033, 0.081, 0.003]",3000,0.04334588721394539,0.11048986727091249,
7,T6,3240,0.0026300403557259506,-0.008970184113953983,0.01889301336410814,-0.0617685686468712,-0.0717721903469854,-0.02153757549379565,0.024092561172110255,0.5862005352973938,0.2561550736427307,0.07300814241170883,0.8423556089401245,0.9553064703941345,0.9814938306808472,0,3,5,"[0.5862, 0.2562, 0.073, 0.0299, 0.01, 0.0079, 0.0069, 0.0049, 0.004, 0.0025]","[0.003, 0.009, 0.019, 0.002, 0.001, 0.017, 0.041, 0.057, 0.014, 0.034]",3000,0.048837266862392426,0.06457229215840672,
7,T7,3240,-0.03285160592063372,0.003370538766384871,-0.04857127167802791,0.031003223444426197,0.0859720082301658,0.015515031125485383,-0.03524754869929809,0.4836595356464386,0.2908375561237335,0.12617410719394684,0.7744970917701721,0.9432712197303772,0.9727044105529785,0,3,6,"[0.4837, 0.2908, 0.1262, 0.0261, 0.0165, 0.0103, 0.0075, 0.0048, 0.0038, 0.0031]","[0.033, 0.003, 0.049, 0.049, 0.043, 0.027, 0.007, 0.157, 0.089, 0.079]",3000,0.03909318149089813,-0.003698306068387331,
7,T8,3240,-0.02463402734342054,0.04083651413492814,0.0582024091960021,0.0698930727792276,0.019770293130406198,0.026001256090431395,-0.030218506233468872,0.47753673791885376,0.30932044982910156,0.10196907818317413,0.7868571877479553,0.9480568170547485,0.9782056212425232,0,4,6,"[0.4775, 0.3093, 0.102, 0.0414, 0.0178, 0.0088, 0.008, 0.0058, 0.0039, 0.0037]","[0.025, 0.041, 0.058, 0.06, 0.003, 0.052, 0.011, 0.048, 0.051, 0.001]",3000,0.0396939180791378,-0.028316757244192137,
7,R0,3240,-0.1291217057866594,-0.04575137205905312,0.035645144996376256,-0.1181047955632391,-0.15845981346646934,0.03152957571641896,-0.08610712130451732,0.972343385219574,0.013315335847437382,0.007565031293779612,0.9856587052345276,0.996300220489502,0.9985148310661316,0,1,1,"[0.9723, 0.0133, 0.0076, 0.0016, 0.0014, 0.0007, 0.0005, 0.0004, 0.0003, 0.0002]","[0.129, 0.046, 0.036, 0.056, 0.059, 0.068, 0.035, 0.037, 0.155, 0.165]",3000,0.0277573149651289,0.1181349024497681,
7,R1,3240,-0.006855931797820617,0.03246295978218991,-0.040279118031431284,0.04034989096808237,0.011250541672150569,0.04404437951149617,-0.02971865842820614,0.9495589733123779,0.019260628148913383,0.014417746104300022,0.9688196182250977,0.9921721816062927,0.9971351623535156,0,1,2,"[0.9496, 0.0193, 0.0144, 0.0056, 0.0033, 0.0019, 0.0012, 0.0008, 0.0006, 0.0005]","[0.007, 0.032, 0.04, 0.093, 0.055, 0.04, 0.137, 0.054, 0.191, 0.188]",3000,0.019410204142332077,0.08063695518342712,
7,R2,3240,-0.03137943428047793,0.025503562534071104,-0.08443880387429444,-0.05788676489830612,-0.07984454906277948,0.009750015612539917,0.007109844480211856,0.9136285781860352,0.04750446975231171,0.016948778182268143,0.9611330628395081,0.9873738884925842,0.9952630400657654,0,1,2,"[0.9136, 0.0475, 0.0169, 0.0057, 0.0036, 0.0032, 0.0018, 0.0012, 0.001, 0.0007]","[0.031, 0.026, 0.084, 0.036, 0.096, 0.075, 0.131, 0.046, 0.106, 0.068]",3000,0.0327051542699337,0.1707298991027293,
7,R3,3240,0.051147366795453876,-0.07668607764070143,-0.13105292065370427,-0.04436209930320287,0.10438972556510534,0.0568887281879643,0.07633788131876997,0.586796760559082,0.34020763635635376,0.04102781042456627,0.9270043969154358,0.986828088760376,0.9964123964309692,0,2,3,"[0.5868, 0.3402, 0.041, 0.0146, 0.0042, 0.0032, 0.0022, 0.0019, 0.0012, 0.0011]","[0.051, 0.077, 0.131, 0.017, 0.077, 0.013, 0.012, 0.031, 0.006, 0.011]",3000,0.025530120357871056,-0.2908737505041158,
7,R4,3240,-0.02972980605176925,-0.043970599833661674,0.056782500229014876,0.026467100976013905,-0.10623674692653559,-0.08435213405604579,-0.04520650213265021,0.6225630044937134,0.32767099142074585,0.020304767414927483,0.9502339959144592,0.9861949682235718,0.9965432286262512,0,2,2,"[0.6226, 0.3277, 0.0203, 0.0079, 0.0077, 0.0045, 0.0021, 0.0017, 0.0013, 0.0007]","[0.03, 0.044, 0.057, 0.095, 0.012, 0.061, 0.052, 0.149, 0.082, 0.017]",3000,0.020563701167702675,0.20281303514437954,
7,R5,3240,0.02524060044642136,0.013112491436856097,0.023253267078344866,0.03123489092296426,0.05410989560909312,0.08389817943878566,-0.007923166344408606,0.7289313077926636,0.1470102220773697,0.04986000806093216,0.8759415149688721,0.9768849015235901,0.9918496012687683,0,3,4,"[0.7289, 0.147, 0.0499, 0.0339, 0.0172, 0.0051, 0.0036, 0.0032, 0.0018, 0.0013]","[0.025, 0.013, 0.023, 0.054, 0.059, 0.268, 0.049, 0.016, 0.062, 0.143]",3000,0.011518076993525028,-0.08893573454476233,
7,R6,3240,0.06949427739261693,0.05620845168490973,0.06681062428596303,0.06573799277373667,0.013881951338059575,0.059956426675327426,-0.007892063312660071,0.876203179359436,0.06981146335601807,0.019830578938126564,0.9460146427154541,0.9864754676818848,0.9962011575698853,0,2,3,"[0.8762, 0.0698, 0.0198, 0.0117, 0.0089, 0.0043, 0.0022, 0.0018, 0.0009, 0.0006]","[0.069, 0.056, 0.067, 0.039, 0.002, 0.055, 0.058, 0.038, 0.076, 0.08]",3000,0.01582186482846737,-0.008840417689961072,
7,R7,3240,-0.061979969837783075,-0.08078583034260076,-0.0602966740094674,-0.014652819029495879,-0.061066048891255574,-0.04416742740611084,-0.0013842006508775354,0.9417785406112671,0.01884089596569538,0.016578655689954758,0.9606194496154785,0.990192711353302,0.9975134134292603,0,1,2,"[0.9418, 0.0188, 0.0166, 0.0089, 0.004, 0.0032, 0.0022, 0.0007, 0.0007, 0.0006]","[0.062, 0.081, 0.06, 0.016, 0.009, 0.0, 0.066, 0.065, 0.096, 0.051]",3000,0.022440476343035698,0.14244596876801519,
8,T0,3240,-0.03887363749024388,0.02778408783594317,-0.003353060088131304,-0.0022962469606227836,-0.03872715203020869,0.013647617467112167,-0.05781324626636594,0.6809188723564148,0.25738584995269775,0.021834272891283035,0.9383047223091125,0.9819063544273376,0.9908555746078491,0,2,3,"[0.6809, 0.2574, 0.0218, 0.0132, 0.0086, 0.0026, 0.0021, 0.0018, 0.0013, 0.0011]","[0.039, 0.028, 0.003, 0.015, 0.009, 0.125, 0.048, 0.023, 0.143, 0.176]",3000,0.05599936842918396,0.03847294646312544,
8,T1,3240,0.07063394717823322,0.039528745386565534,0.007928224179281492,-0.04823566616420256,-0.04671487100453794,0.015301880700813638,0.035284055585575,0.45329749584198,0.3907994031906128,0.07510852813720703,0.8440968990325928,0.9573901891708374,0.9850564002990723,0,3,5,"[0.4533, 0.3908, 0.0751, 0.0239, 0.0143, 0.0093, 0.0069, 0.0053, 0.0037, 0.0026]","[0.071, 0.04, 0.008, 0.0, 0.08, 0.118, 0.008, 0.065, 0.125, 0.149]",3000,0.04451698809862137,0.019565198255552918,
8,T2,3240,-0.09260585541299503,-0.05511777475252286,0.13963833870603204,0.016913985982885255,0.017788335412636816,-0.031460262641999304,-0.03696082724915824,0.4350866377353668,0.293633371591568,0.14786139130592346,0.7287200093269348,0.9208138585090637,0.9630176424980164,2,4,8,"[0.4351, 0.2936, 0.1479, 0.0273, 0.0169, 0.0127, 0.0103, 0.0084, 0.0065, 0.0043]","[0.093, 0.055, 0.14, 0.082, 0.037, 0.009, 0.48, 0.526, 0.169, 0.227]",3000,0.010647146962583065,-0.029731188096297028,
8,T3,3240,0.05231030805827406,-0.04327440763014072,-0.03186499420905227,-0.032738340114572835,-0.027115633990935167,0.004046521384907023,0.01547524345917317,0.48680490255355835,0.3686128556728363,0.0566256009042263,0.8554177284240723,0.961418092250824,0.9860852956771851,0,3,5,"[0.4868, 0.3686, 0.0566, 0.0379, 0.0115, 0.0072, 0.0065, 0.0051, 0.0035, 0.0024]","[0.052, 0.043, 0.032, 0.041, 0.041, 0.019, 0.089, 0.08, 0.072, 0.126]",3000,0.04659277945756912,0.03473552113922822,
8,T4,3240,-0.03180372956392785,0.07357292430050484,0.0014049674853451935,0.0631345224130997,0.05938582109620592,0.016725310286689398,-0.014863625908605032,0.5897102355957031,0.21335114538669586,0.12602680921554565,0.8030613660812378,0.9620232582092285,0.9842261075973511,1,3,4,"[0.5897, 0.2134, 0.126, 0.0216, 0.0113, 0.007, 0.0052, 0.0045, 0.0031, 0.0025]","[0.032, 0.074, 0.001, 0.015, 0.095, 0.018, 0.019, 0.2, 0.235, 0.487]",3000,0.028197070583701134,-0.08745348758653866,
8,T5,3240,0.029857347869542958,0.06273040802360448,-0.03684651314480486,-0.07337664009161952,-0.05613296747064128,-0.012026546177835426,0.036616955259884815,0.5224227905273438,0.31232553720474243,0.08113067597150803,0.8347483277320862,0.9568999409675598,0.9816077351570129,0,3,5,"[0.5224, 0.3123, 0.0811, 0.0307, 0.0103, 0.0075, 0.0063, 0.0046, 0.0038, 0.0025]","[0.03, 0.063, 0.037, 0.001, 0.087, 0.016, 0.006, 0.035, 0.075, 0.066]",3000,0.04241803660988808,0.08021565260808897,
8,T6,3240,0.014087431233928449,0.0030822689275991568,0.022573419467756973,-0.08487960799952754,-0.09015649601974908,-0.018203989152668285,0.02220127073146274,0.5466112494468689,0.2770538628101349,0.08879873901605606,0.8236651420593262,0.9548512101173401,0.9819504022598267,0,3,5,"[0.5466, 0.2771, 0.0888, 0.033, 0.0094, 0.008, 0.0071, 0.0054, 0.0044, 0.0022]","[0.014, 0.003, 0.023, 0.015, 0.002, 0.017, 0.037, 0.01, 0.014, 0.009]",3000,0.044627562165260315,0.0693278331085578,
8,T7,3240,-0.06446009940290018,0.03976912273466819,-0.03120911498952918,0.06054661963494428,0.10084601681274608,0.012259136173039639,-0.019245792673388527,0.46767958998680115,0.29541322588920593,0.1364659070968628,0.7630928158760071,0.9484407901763916,0.9776034951210022,0,4,6,"[0.4677, 0.2954, 0.1365, 0.0342, 0.0147, 0.0086, 0.0071, 0.0056, 0.0049, 0.0029]","[0.064, 0.04, 0.031, 0.031, 0.025, 0.061, 0.025, 0.04, 0.029, 0.201]",3000,0.033730022609233856,-0.035742700710270484,
8,T8,3240,0.022586006081409624,0.04027696482320104,0.04514114359401809,-0.062244763465573505,-0.019428438983428525,-0.02678370721355936,0.03420945063215402,0.3901326358318329,0.37474358081817627,0.1255989372730255,0.7648762464523315,0.9459643959999084,0.9794511795043945,0,4,6,"[0.3901, 0.3747, 0.1256, 0.0412, 0.0143, 0.0105, 0.0093, 0.0061, 0.0041, 0.0035]","[0.023, 0.04, 0.045, 0.057, 0.009, 0.043, 0.01, 0.012, 0.104, 0.037]",3000,0.034637581557035446,0.026177491834716096,
8,R0,3240,-0.11032659857857123,0.00014901191747507467,0.05286406458002057,-0.1083303696720638,-0.11943560939857896,-0.011806673091255881,-0.037108680116259805,0.9465455412864685,0.02752380259335041,0.011487159878015518,0.974069356918335,0.9936916828155518,0.997771680355072,0,1,2,"[0.9465, 0.0275, 0.0115, 0.0063, 0.0018, 0.0013, 0.001, 0.0008, 0.0006, 0.0003]","[0.11, 0.0, 0.053, 0.094, 0.041, 0.117, 0.019, 0.052, 0.056, 0.251]",3000,0.027638539671897888,0.09946141352316168,
8,R1,3240,0.01729871574797921,-0.05966319199362067,0.0018272121506478236,0.08479002018212545,0.07983943257797751,0.04275588802469159,-0.023770982516665602,0.9351163506507874,0.030474631115794182,0.014902856200933456,0.9655909538269043,0.9885091781616211,0.9962069988250732,0,1,2,"[0.9351, 0.0305, 0.0149, 0.0044, 0.0036, 0.0028, 0.0016, 0.0013, 0.0011, 0.0009]","[0.017, 0.06, 0.002, 0.07, 0.007, 0.012, 0.073, 0.003, 0.004, 0.166]",3000,0.023088239133358,0.012746477822746329,
8,R2,3240,-0.08224755982481521,0.007439826294051628,-0.08760056639453043,-0.052984885352996385,-0.07514235055287603,0.008659577645811453,-0.007878793665790411,0.893965482711792,0.05945442244410515,0.020893890410661697,0.9534199237823486,0.9846491813659668,0.9943271279335022,0,2,2,"[0.894, 0.0595, 0.0209, 0.0059, 0.0044, 0.0038, 0.002, 0.0016, 0.0013, 0.001]","[0.082, 0.007, 0.088, 0.085, 0.041, 0.103, 0.113, 0.087, 0.046, 0.143]",3000,0.036181967705488205,0.18062112951064344,
8,R3,3240,0.06063129182218736,-0.0890396507022111,0.19027146012246204,-0.01182278493296855,0.16579529741685645,0.07490400629980769,0.09019476944945659,0.6662929058074951,0.26290658116340637,0.03346175700426102,0.9291994571685791,0.9832953810691833,0.9949406981468201,0,2,3,"[0.6663, 0.2629, 0.0335, 0.0133, 0.0073, 0.0043, 0.0029, 0.0017, 0.0016, 0.001]","[0.061, 0.089, 0.19, 0.045, 0.123, 0.02, 0.015, 0.041, 0.013, 0.023]",3000,0.023646151646971703,-0.2571540961888638,
8,R4,3240,0.04754494314888306,-0.06358106853098043,0.0492799867239857,-0.046440373013446244,0.045611139586211484,0.10535653944834548,0.043507785207442674,0.6461928486824036,0.2774397134780884,0.033250004053115845,0.9236325621604919,0.9778573513031006,0.9938378930091858,0,2,3,"[0.6462, 0.2774, 0.0333, 0.0123, 0.0087, 0.0058, 0.0047, 0.0023, 0.0017, 0.0016]","[0.048, 0.064, 0.049, 0.04, 0.053, 0.06, 0.013, 0.051, 0.081, 0.028]",3000,0.021190999075770378,-0.2833862339017271,
8,R5,3240,0.06769514359188832,0.036155011265271264,0.04148569134497188,0.03492942825478229,0.11849138172598725,0.12637145823522744,0.025798549180507665,0.6736353039741516,0.12354359775781631,0.09307776391506195,0.7971789240837097,0.9643530249595642,0.9853387475013733,0,4,5,"[0.6736, 0.1235, 0.0931, 0.0416, 0.0325, 0.0057, 0.0048, 0.0046, 0.0034, 0.0026]","[0.068, 0.036, 0.041, 0.085, 0.067, 0.074, 0.112, 0.143, 0.072, 0.043]",3000,0.00938145350664854,-0.29257956699364823,
8,R6,3240,0.09236425925129728,0.05798181603436382,0.05439026634389892,0.05742995247717648,0.084835826067064,0.07636994451008568,0.019597242947036804,0.8458981513977051,0.08079184591770172,0.027866363525390625,0.9266899824142456,0.9843822121620178,0.9948802590370178,0,2,3,"[0.8459, 0.0808, 0.0279, 0.018, 0.0119, 0.0046, 0.0025, 0.0017, 0.0009, 0.0008]","[0.092, 0.058, 0.054, 0.064, 0.025, 0.048, 0.025, 0.031, 0.153, 0.099]",3000,0.018490029498934746,-0.10762842351242374,
8,R7,3240,-0.024247929027555033,0.051327521418400086,0.0480329977833565,-0.020031938944145254,0.0854238262139329,0.020119820238197805,0.0746660788700916,0.9428271651268005,0.017619729042053223,0.01558060385286808,0.9604468941688538,0.9903395771980286,0.9972500205039978,0,1,2,"[0.9428, 0.0176, 0.0156, 0.0098, 0.0045, 0.003, 0.0019, 0.0008, 0.0007, 0.0005]","[0.024, 0.051, 0.048, 0.009, 0.012, 0.007, 0.133, 0.06, 0.136, 0.013]",3000,0.024310236796736717,-0.08668514000038252,
9,T0,3240,-0.041991824432393174,0.03972244557629852,0.0012580610079082645,0.01239763234556045,-0.0027911264538449834,0.014684236052169664,-0.05152577112409508,0.6936406493186951,0.24691130220890045,0.018610838800668716,0.9405519366264343,0.9802391529083252,0.9898034334182739,1,2,3,"[0.6936, 0.2469, 0.0186, 0.0121, 0.009, 0.0026, 0.0021, 0.002, 0.0015, 0.0013]","[0.042, 0.04, 0.001, 0.028, 0.017, 0.101, 0.085, 0.053, 0.01, 0.339]",3000,0.05717100575566292,-0.032665651608082484,
9,T1,3240,0.06600109586294228,0.05102356701246394,0.0030871273577313986,-0.033711193462533935,-0.05803552450754098,0.013731362531351887,0.027356245469203393,0.4655895233154297,0.37801113724708557,0.07359696179628372,0.8436006307601929,0.9551473259925842,0.9829356670379639,0,3,5,"[0.4656, 0.378, 0.0736, 0.0226, 0.0153, 0.0087, 0.0071, 0.0057, 0.0037, 0.0027]","[0.066, 0.051, 0.003, 0.041, 0.05, 0.168, 0.001, 0.061, 0.071, 0.126]",3000,0.04597790166735649,0.009844181579625482,
9,T2,3240,0.05725689776626973,-0.11616061413686843,0.1882575470310295,-0.0249188027243163,-0.013538427058236468,0.00792898960195266,0.01895942452291919,0.5884376764297485,0.19150887429714203,0.10063987225294113,0.7799465656280518,0.9252839088439941,0.9656391739845276,3,4,8,"[0.5884, 0.1915, 0.1006, 0.0294, 0.0153, 0.0112, 0.0104, 0.0086, 0.0056, 0.0046]","[0.057, 0.116, 0.188, 0.261, 0.32, 0.38, 0.583, 0.122, 0.046, 0.013]",3000,0.006542756222188473,0.042676484324315624,
9,T3,3240,0.038036828621701234,-0.08914458825378974,-0.036037821532932036,-0.0327308500736671,-0.027665476524838892,-0.002176310560319025,0.010478522556826393,0.4696614444255829,0.37625110149383545,0.06505566090345383,0.8459125757217407,0.9589830040931702,0.984647810459137,0,3,5,"[0.4697, 0.3763, 0.0651, 0.0375, 0.0105, 0.0077, 0.0065, 0.0052, 0.004, 0.0023]","[0.038, 0.089, 0.036, 0.039, 0.036, 0.017, 0.034, 0.104, 0.065, 0.179]",3000,0.04303302988409996,0.045549835947715875,
9,T4,3240,-0.056329263195446476,0.06775733710306026,-0.00245913718727662,0.06561475663835291,0.05842904537026311,0.0051522810341278966,-0.017714808641814597,0.5453580617904663,0.21511206030845642,0.14719392359256744,0.7604701519012451,0.9482315182685852,0.9776057004928589,1,3,6,"[0.5454, 0.2151, 0.1472, 0.0229, 0.0177, 0.0092, 0.0067, 0.006, 0.0042, 0.0032]","[0.056, 0.068, 0.002, 0.001, 0.102, 0.054, 0.058, 0.216, 0.388, 0.156]",3000,0.024628153070807457,-0.06683205491946904,
9,T5,3240,0.02762474518237456,0.05340620252093393,-0.037129356619589424,-0.06985196720627009,-0.0549289915487323,-0.011375263219261262,0.02497151656968359,0.5225502848625183,0.30422884225845337,0.08885233849287033,0.8267791271209717,0.9568393230438232,0.9805356860160828,0,3,5,"[0.5226, 0.3042, 0.0889, 0.0295, 0.0117, 0.0068, 0.0062, 0.0049, 0.0033, 0.0025]","[0.028, 0.053, 0.037, 0.002, 0.063, 0.039, 0.021, 0.029, 0.094, 0.087]",3000,0.04064488038420677,0.07648836900708225,
9,T6,3240,-0.0042979292567284855,0.010083302536718828,-0.036278872992978266,-0.07847065278761295,-0.09330584226763249,-0.025024357104356396,0.004989915780231942,0.5213460326194763,0.2947692275047302,0.09137286245822906,0.8161152601242065,0.9512940645217896,0.9795685410499573,0,3,5,"[0.5213, 0.2948, 0.0914, 0.0327, 0.0111, 0.0081, 0.0074, 0.0057, 0.0044, 0.0026]","[0.004, 0.01, 0.036, 0.006, 0.068, 0.015, 0.097, 0.031, 0.052, 0.075]",3000,0.041865065693855286,0.07845091062585073,
9,T7,3240,-0.044606796004904144,0.008807607173741972,-0.020737150413204238,0.03730887050271537,0.04512437075800246,0.03222840273953674,-0.015253323822027631,0.45679759979248047,0.3164047300815582,0.1284480094909668,0.7732023000717163,0.9498669505119324,0.9768103957176208,0,3,6,"[0.4568, 0.3164, 0.1284, 0.0317, 0.0165, 0.0077, 0.0064, 0.0051, 0.0046, 0.0031]","[0.045, 0.009, 0.021, 0.026, 0.006, 0.069, 0.02, 0.003, 0.003, 0.2]",3000,0.03514717146754265,-0.019000190905471406,
9,T8,3240,-0.025432306743319557,0.04434504572551991,0.03765037987418646,-0.009132502600993235,0.002720656719009029,-0.028396204384592692,0.026759406941753622,0.4200095236301422,0.3542022407054901,0.11870354413986206,0.7742117643356323,0.9436774849891663,0.9767796397209167,0,4,6,"[0.42, 0.3542, 0.1187, 0.0358, 0.015, 0.0104, 0.0086, 0.006, 0.0045, 0.0035]","[0.025, 0.044, 0.038, 0.064, 0.015, 0.021, 0.039, 0.019, 0.111, 0.094]",3000,0.0337662398815155,0.03936010188051185,
9,R0,3240,-0.10889918462603661,-0.0007757016691387569,0.050473111738740355,-0.12286271591999215,-0.11547571157609851,-0.030721680009198383,-0.012877321316821047,0.9407726526260376,0.02835380844771862,0.01359155960381031,0.9691264629364014,0.991977334022522,0.9969419240951538,0,1,2,"[0.9408, 0.0284, 0.0136, 0.0073, 0.0019, 0.0016, 0.0011, 0.0008, 0.0008, 0.0006]","[0.109, 0.001, 0.05, 0.093, 0.055, 0.109, 0.039, 0.035, 0.117, 0.14]",3000,0.02578214555978775,0.08640806111762675,
9,R1,3240,0.010280352075053343,-0.06324111283964713,0.012780955732416499,0.08967426074377269,0.08173493534821856,0.03290147179007925,-0.02933795077418657,0.9266868829727173,0.03326242044568062,0.017778903245925903,0.9599493145942688,0.9870126247406006,0.9955121874809265,0,1,2,"[0.9267, 0.0333, 0.0178, 0.0052, 0.0041, 0.0031, 0.0016, 0.0014, 0.0013, 0.0011]","[0.01, 0.063, 0.013, 0.029, 0.034, 0.005, 0.095, 0.095, 0.003, 0.013]",3000,0.024622974917292595,-0.03273085466232841,
9,R2,3240,-0.037796442452840924,-0.03884033084891815,-0.0550489517259546,-0.050523368020057136,-0.07447895103837218,0.002095917103935399,0.012651583871067434,0.8781509399414062,0.06530354917049408,0.025723440572619438,0.9434545040130615,0.9818072319030762,0.9921630620956421,0,2,3,"[0.8782, 0.0653, 0.0257, 0.0076, 0.005, 0.0035, 0.0024, 0.0018, 0.0014, 0.0012]","[0.038, 0.039, 0.055, 0.08, 0.044, 0.055, 0.094, 0.051, 0.014, 0.225]",3000,0.03350648656487465,0.1377143487896596,
9,R3,3240,0.08709412367966447,-0.07532741033793075,-0.15693686498654963,-0.008762076830911812,0.2113120088188728,0.06731706985742474,0.11382495944865809,0.6061121225357056,0.31360357999801636,0.03867221996188164,0.9197157025337219,0.9817216396331787,0.994080662727356,0,2,3,"[0.6061, 0.3136, 0.0387, 0.0155, 0.0078, 0.0042, 0.0031, 0.0019, 0.0019, 0.0013]","[0.087, 0.075, 0.157, 0.011, 0.111, 0.023, 0.0, 0.052, 0.038, 0.009]",3000,0.023050282150506973,-0.2424899112616532,
9,R4,3240,0.05190849481593556,-0.051580495943619104,0.04016644528380878,-0.026000428445065223,0.10547972837770325,0.1105037319688346,0.057072064537102445,0.6674813032150269,0.25786128640174866,0.032276470214128494,0.9253425598144531,0.9778171181678772,0.9936673641204834,0,2,3,"[0.6675, 0.2579, 0.0323, 0.0121, 0.0081, 0.0058, 0.0045, 0.0024, 0.0017, 0.0015]","[0.052, 0.052, 0.04, 0.061, 0.049, 0.052, 0.01, 0.01, 0.009, 0.031]",3000,0.020769987255334854,-0.3088513584499034,
9,R5,3240,0.033230728037903376,0.03935839062602875,0.040359681975091495,0.04772087518363891,0.14439921259045493,0.10131296126172509,0.023624403394136923,0.6521841287612915,0.12395311146974564,0.11427685618400574,0.7761372327804565,0.9639045000076294,0.9845925569534302,0,4,5,"[0.6522, 0.124, 0.1143, 0.0431, 0.0304, 0.0052, 0.0048, 0.0044, 0.0036, 0.0027]","[0.033, 0.039, 0.04, 0.06, 0.07, 0.114, 0.108, 0.12, 0.09, 0.047]",3000,0.00851435586810112,-0.3027809562414905,
9,R6,3240,0.050697307359264594,0.08605900900476439,0.0699378469812214,0.05666857568236782,0.03847443536383768,0.03436671601928275,-0.012600183363282355,0.8137468695640564,0.09420725703239441,0.03596065938472748,0.9079540967941284,0.982085108757019,0.9935513734817505,0,2,4,"[0.8137, 0.0942, 0.036, 0.0225, 0.0156, 0.005, 0.0027, 0.0017, 0.0011, 0.0009]","[0.051, 0.086, 0.07, 0.027, 0.036, 0.089, 0.046, 0.028, 0.115, 0.058]",3000,0.015157852321863174,0.01944770406465533,
9,R7,3240,-0.017301298887102353,0.049296685084883836,0.06656001709199252,-0.03608843130149564,0.03817315043901179,-0.006012379259291075,0.053416121124349285,0.9511660933494568,0.015374460257589817,0.014482752420008183,0.9665405750274658,0.9923809766769409,0.9976372718811035,0,1,1,"[0.9512, 0.0154, 0.0145, 0.008, 0.0033, 0.0021, 0.0015, 0.0006, 0.0005, 0.0005]","[0.017, 0.049, 0.067, 0.033, 0.009, 0.008, 0.124, 0.077, 0.05, 0.0]",3000,0.022770998999476433,-0.06082325841468047,
10,T0,3240,-0.0011682313528590604,-0.056154163216984236,-0.041281380799612695,0.050431474977237184,0.07724970738939635,-0.015063381850549406,-0.010357029616694597,0.7061821222305298,0.22946962714195251,0.021398454904556274,0.9356517791748047,0.9774302244186401,0.9885680079460144,1,2,3,"[0.7062, 0.2295, 0.0214, 0.012, 0.0084, 0.0038, 0.0024, 0.0019, 0.0016, 0.0015]","[0.001, 0.056, 0.041, 0.047, 0.049, 0.196, 0.057, 0.035, 0.32, 0.3]",3000,0.054290466010570526,-0.03753302941429129,
10,T1,3240,0.03583975468094377,-0.04324761019932477,-0.013136822495588153,-0.052780314303201965,-0.10870481911376796,0.01391540109391839,0.019162057615160696,0.4529089331626892,0.3461073935031891,0.11056281626224518,0.7990163564682007,0.9474923014640808,0.9775369167327881,0,3,6,"[0.4529, 0.3461, 0.1106, 0.0227, 0.0153, 0.0095, 0.0075, 0.0057, 0.0044, 0.0031]","[0.036, 0.043, 0.013, 0.019, 0.038, 0.258, 0.036, 0.082, 0.266, 0.005]",3000,0.04179134964942932,0.020914746893206656,
10,T2,3240,0.05593615665357211,-0.14374600521656825,0.24142531994535943,-0.017925692009052717,-0.004692619639514461,0.01751554003072514,0.019429826863195637,0.5623061656951904,0.1953241229057312,0.10005135834217072,0.7576302886009216,0.9123498201370239,0.9583736658096313,2,5,9,"[0.5623, 0.1953, 0.1001, 0.0346, 0.02, 0.0135, 0.0122, 0.0085, 0.0069, 0.0049]","[0.056, 0.144, 0.241, 0.194, 0.682, 0.222, 0.488, 0.13, 0.134, 0.001]",3000,0.010763576254248619,0.04547698427582383,
10,T3,3240,0.02586999369458863,0.14627775354618622,-0.03218595846107953,-0.020679965716160712,-0.00023402323457381765,-0.014424314327830465,0.03100412443393727,0.45411109924316406,0.3403964042663574,0.11426222324371338,0.7945075035095215,0.9575845003128052,0.9824036955833435,1,3,5,"[0.4541, 0.3404, 0.1143, 0.037, 0.0118, 0.0082, 0.0055, 0.0052, 0.0038, 0.0021]","[0.026, 0.146, 0.032, 0.027, 0.017, 0.052, 0.09, 0.143, 0.12, 0.376]",3000,0.03586490824818611,0.05436072677597359,
10,T4,3240,-0.08323228726526243,0.08351652836380365,0.006204753484690893,0.03618855446949495,0.03163822927800123,-0.01345827965872797,-0.0104386930967459,0.4859800934791565,0.22241932153701782,0.18377451598644257,0.7083994150161743,0.9389340281486511,0.9724318981170654,1,4,7,"[0.486, 0.2224, 0.1838, 0.0266, 0.0202, 0.0109, 0.0077, 0.0066, 0.0048, 0.0036]","[0.083, 0.084, 0.006, 0.005, 0.071, 0.139, 0.151, 0.244, 0.381, 0.048]",3000,0.022534845396876335,-0.03493287954950695,
10,T5,3240,-0.0630495021381685,0.10456886470784575,0.021394827231641465,0.04420468899923312,0.03330376796359033,-0.006797558351018793,-0.015618323708448168,0.4981226325035095,0.2926120162010193,0.10535717010498047,0.7907346487045288,0.952164351940155,0.9777223467826843,0,4,5,"[0.4981, 0.2926, 0.1054, 0.0391, 0.017, 0.0077, 0.0064, 0.0054, 0.0033, 0.0028]","[0.063, 0.105, 0.021, 0.048, 0.141, 0.024, 0.058, 0.02, 0.071, 0.158]",3000,0.0342615470290184,-0.027433872711341824,
10,T6,3240,0.00818834836432848,0.021429418347445543,-0.06882907574178607,-0.08517263691608078,-0.10373030130266209,-0.010013558120213678,-0.0033177327361591886,0.47466981410980225,0.31244349479675293,0.11393928527832031,0.7871133089065552,0.9457937479019165,0.9762359261512756,0,3,6,"[0.4747, 0.3124, 0.1139, 0.0341, 0.0107, 0.0087, 0.0081, 0.0061, 0.0047, 0.0029]","[0.008, 0.021, 0.069, 0.02, 0.018, 0.078, 0.096, 0.039, 0.059, 0.098]",3000,0.038141824305057526,0.07345475425101904,
10,T7,3240,-0.06919156836909378,0.03037938854428519,-0.02154495028078729,0.03831888167148397,0.08418892749313563,-0.03354656803409978,0.007681601196434594,0.43324750661849976,0.3071085214614868,0.1544143706560135,0.7403560280799866,0.9457775354385376,0.9745603799819946,1,4,6,"[0.4332, 0.3071, 0.1544, 0.0355, 0.0155, 0.0083, 0.0065, 0.0055, 0.0053, 0.0032]","[0.069, 0.03, 0.022, 0.039, 0.013, 0.054, 0.043, 0.006, 0.013, 0.315]",3000,0.02938532456755638,0.005054730698114474,
10,T8,3240,-0.02179357059916613,0.04404765709931016,-0.036184326403082334,-0.00435776160199522,-0.00047187028229990686,-0.028697430702588813,0.02466772796996682,0.38526591658592224,0.3388232886791229,0.16406185925006866,0.7240892052650452,0.9404172301292419,0.9741649031639099,0,4,6,"[0.3853, 0.3388, 0.1641, 0.0366, 0.0156, 0.0102, 0.0086, 0.0065, 0.0051, 0.0033]","[0.022, 0.044, 0.036, 0.086, 0.025, 0.038, 0.014, 0.089, 0.196, 0.105]",3000,0.02923361212015152,0.029139193570288893,
10,R0,3240,-0.11959543446263762,-0.05216323334516298,-0.03983581370202523,-0.06309796198994005,-0.07042530178220067,-0.02576600731477146,-0.03308787491951478,0.9203622937202454,0.03355821594595909,0.02077306993305683,0.9539204835891724,0.9886457920074463,0.9954737424850464,0,1,2,"[0.9204, 0.0336, 0.0208, 0.0116, 0.0024, 0.0021, 0.0016, 0.0012, 0.0011, 0.0009]","[0.12, 0.052, 0.04, 0.103, 0.058, 0.035, 0.062, 0.028, 0.118, 0.189]",3000,0.02194950170814991,0.04121625535788839,
10,R1,3240,0.026799891267376464,-0.07016652406468457,0.01313091842223094,0.06966683060846048,0.053927236041500744,0.04520033669066518,-0.04101214519909676,0.9226271510124207,0.03319954499602318,0.02054564468562603,0.9558266997337341,0.9863300919532776,0.9950709939002991,0,1,2,"[0.9226, 0.0332, 0.0205, 0.0056, 0.0044, 0.0031, 0.0017, 0.0015, 0.0013, 0.0012]","[0.027, 0.07, 0.013, 0.009, 0.048, 0.014, 0.112, 0.093, 0.006, 0.011]",3000,0.02211073786020279,-0.06089868614227031,
10,R2,3240,-0.04037061439578754,-0.0016453589413963912,-0.06356507781379185,-0.03430850770139963,-0.060760733762594075,-0.005690301764660378,0.016998041684414163,0.8760308623313904,0.05984953045845032,0.030932577326893806,0.9358804225921631,0.9812719225883484,0.9915811419487,0,2,3,"[0.876, 0.0598, 0.0309, 0.0091, 0.0054, 0.0028, 0.0025, 0.0021, 0.0016, 0.0014]","[0.04, 0.002, 0.064, 0.091, 0.02, 0.006, 0.189, 0.035, 0.26, 0.182]",3000,0.029797038063406944,0.10991932283434143,
10,R3,3240,0.10630215127913206,-0.04220299099286748,-0.08886921112895364,-0.009842030545662893,0.19878544499171047,0.08593667163208907,0.11788296244810534,0.581829309463501,0.33222904801368713,0.041779812425374985,0.9140583276748657,0.9809170961380005,0.99383944272995,0,2,3,"[0.5818, 0.3322, 0.0418, 0.0166, 0.0084, 0.0042, 0.0034, 0.002, 0.0019, 0.0015]","[0.106, 0.042, 0.089, 0.02, 0.105, 0.028, 0.017, 0.068, 0.056, 0.007]",3000,0.02312537468969822,-0.24834015332391474,
10,R4,3240,0.061258262818878466,-0.04396488506617878,0.05206507042266942,-0.03813151462283182,0.08414501485825211,0.11534108406617109,0.05669480592249278,0.6676750183105469,0.25889405608177185,0.028751680627465248,0.9265691041946411,0.9761378169059753,0.9931355118751526,0,2,3,"[0.6677, 0.2589, 0.0288, 0.0121, 0.0087, 0.0063, 0.0046, 0.0028, 0.0017, 0.0015]","[0.061, 0.044, 0.052, 0.056, 0.055, 0.054, 0.002, 0.026, 0.025, 0.029]",3000,0.019350936636328697,-0.2992239956043674,
10,R5,3240,0.0036457194686219576,0.05116760364630965,-0.025435848821566524,0.07240693905355494,0.08740180201911256,0.03830300032683957,-0.019704310409231093,0.6405320167541504,0.12984761595726013,0.12059593945741653,0.7703796625137329,0.9629217386245728,0.9848853945732117,0,4,5,"[0.6405, 0.1298, 0.1206, 0.0444, 0.0275, 0.0071, 0.0047, 0.004, 0.0036, 0.0027]","[0.004, 0.051, 0.025, 0.048, 0.059, 0.118, 0.091, 0.069, 0.151, 0.044]",3000,0.009386572055518627,-0.16024960981244582,
10,R6,3240,0.028030961939792532,0.09539002807315036,0.07664406795751198,0.06514588286757098,-0.00944445037359236,-0.01129240439957276,-0.04202540573278919,0.7934631705284119,0.10356973111629486,0.04122798517346382,0.8970329165458679,0.9817648530006409,0.9929133057594299,0,3,4,"[0.7935, 0.1036, 0.0412, 0.0258, 0.0177, 0.0049, 0.0026, 0.0016, 0.0011, 0.0009]","[0.028, 0.095, 0.077, 0.023, 0.037, 0.146, 0.053, 0.067, 0.152, 0.044]",3000,0.014798272401094437,0.1469185351373159,
10,R7,3240,-0.012251508938591877,-0.06145643052716054,-0.05985128188750625,-0.018350362752868717,-0.009493405531363764,-0.01564126321765836,0.011144384195863598,0.9211724400520325,0.03335518762469292,0.01876240223646164,0.9545276165008545,0.9896079897880554,0.9963720440864563,0,1,2,"[0.9212, 0.0334, 0.0188, 0.0117, 0.0046, 0.0026, 0.0016, 0.0011, 0.0008, 0.0006]","[0.012, 0.061, 0.06, 0.004, 0.004, 0.03, 0.117, 0.055, 0.037, 0.049]",3000,0.021664509549736977,0.03234261369298139,
11,T0,3240,-0.04489637852057489,-0.054701531455553204,-0.03676826161686437,-0.057311453175128146,-0.10871057099409541,-0.022014488868254117,0.012329386718620695,0.6770463585853577,0.2626320421695709,0.01758076436817646,0.939678430557251,0.9768130779266357,0.9887865781784058,1,2,3,"[0.677, 0.2626, 0.0176, 0.0109, 0.0086, 0.0038, 0.0028, 0.0021, 0.0018, 0.0015]","[0.045, 0.055, 0.037, 0.041, 0.01, 0.178, 0.164, 0.358, 0.051, 0.267]",3000,0.057094499468803406,0.10557797106112801,
11,T1,3240,0.05879009703947535,-0.0036112079796310564,-0.01363457452308499,-0.04089826839828962,-0.0733910854779648,0.009736321632110141,0.013107511009592916,0.5006464719772339,0.3246246576309204,0.08660251647233963,0.8252711296081543,0.9455430507659912,0.977008581161499,1,3,6,"[0.5006, 0.3246, 0.0866, 0.0225, 0.0112, 0.0094, 0.0083, 0.0057, 0.0053, 0.0028]","[0.059, 0.004, 0.014, 0.072, 0.032, 0.063, 0.081, 0.11, 0.481, 0.126]",3000,0.047040704637765884,-0.005231469166968463,
11,T2,3240,0.03762436089604806,-0.15063766927972688,0.2578315334733384,-0.015741876302621884,0.0026972011960796384,0.026709089641665847,0.0037348024316814915,0.5481328964233398,0.19953718781471252,0.09861376881599426,0.74767005443573,0.9060201644897461,0.9553659558296204,2,5,10,"[0.5481, 0.1995, 0.0986, 0.0359, 0.0239, 0.0143, 0.0137, 0.0094, 0.0065, 0.0054]","[0.038, 0.151, 0.258, 0.078, 0.726, 0.295, 0.418, 0.13, 0.044, 0.259]",3000,0.013886370696127415,0.05299264773976562,
11,T3,3240,-0.010946245412341099,0.11935424146089925,-0.03202063736530237,-0.035282779932481106,-0.005230207302705477,-0.02827757700350573,0.03955866841395774,0.49617183208465576,0.34497737884521484,0.08101731538772583,0.8411492109298706,0.9614967107772827,0.9844794273376465,1,3,4,"[0.4962, 0.345, 0.081, 0.0297, 0.0097, 0.0086, 0.005, 0.0046, 0.0028, 0.002]","[0.011, 0.119, 0.032, 0.004, 0.033, 0.118, 0.12, 0.135, 0.035, 0.341]",3000,0.04059819504618645,0.06521292978198508,
11,T4,3240,-0.1761784433971628,0.10079005304482579,0.032689069635492514,0.020871628031481022,0.028544389548502552,-0.04403402733692409,-0.012124904772147458,0.4849875569343567,0.23428481817245483,0.16593794524669647,0.7192723751068115,0.9329938292503357,0.9696479439735413,3,4,7,"[0.485, 0.2343, 0.1659, 0.0269, 0.0209, 0.012, 0.008, 0.0074, 0.0051, 0.0041]","[0.176, 0.101, 0.033, 0.054, 0.009, 0.323, 0.26, 0.045, 0.365, 0.354]",3000,0.025768835097551346,0.039478121709681145,
11,T5,3240,-0.034817907859454926,0.053193710698630325,0.0018936785222250395,0.047008655731904075,0.06613468542820743,-0.02230931241081689,0.010283152986770948,0.5423593521118164,0.30209729075431824,0.07537371665239334,0.844456672668457,0.9627705812454224,0.982008695602417,0,3,5,"[0.5424, 0.3021, 0.0754, 0.0301, 0.0129, 0.0055, 0.0049, 0.0041, 0.0024, 0.0023]","[0.035, 0.053, 0.002, 0.017, 0.112, 0.05, 0.017, 0.024, 0.047, 0.264]",3000,0.037814024835824966,-0.07115857068505212,
11,T6,3240,-0.0028032931175521448,0.027722380801162988,-0.059322449029002085,-0.08281489211611795,-0.10681474278838361,0.0026773662139051332,-0.010289418599330665,0.44800513982772827,0.3617757558822632,0.09326653182506561,0.8097808957099915,0.9488145112991333,0.975987434387207,0,3,6,"[0.448, 0.3618, 0.0933, 0.0358, 0.01, 0.0075, 0.0072, 0.0052, 0.0046, 0.0027]","[0.003, 0.028, 0.059, 0.025, 0.051, 0.075, 0.115, 0.084, 0.081, 0.144]",3000,0.040306832641363144,0.07956238029404568,
11,T7,3240,-0.07531415314365004,0.03327327384885933,-0.021755984165104627,0.034231383639882255,0.06755213080888829,-0.034145195663887774,0.004396701437029894,0.4686480462551117,0.28822723031044006,0.1424212008714676,0.7568752765655518,0.949238121509552,0.9753283262252808,1,4,6,"[0.4686, 0.2882, 0.1424, 0.0344, 0.0156, 0.0074, 0.0066, 0.0051, 0.0037, 0.0033]","[0.075, 0.033, 0.022, 0.04, 0.061, 0.078, 0.028, 0.018, 0.081, 0.364]",3000,0.029817335307598114,-0.029353480933146263,
11,T8,3240,0.04662262694323017,0.0686427019676881,-0.03681487847363346,0.036235458671907805,0.02123602947283531,0.017115853277879563,-0.004427861786276264,0.4478031396865845,0.29101884365081787,0.14573267102241516,0.7388219833374023,0.939103364944458,0.9732075333595276,0,4,7,"[0.4478, 0.291, 0.1457, 0.0398, 0.0148, 0.0096, 0.0086, 0.0068, 0.0054, 0.0036]","[0.047, 0.069, 0.037, 0.063, 0.086, 0.025, 0.06, 0.126, 0.222, 0.104]",3000,0.02677646093070507,-0.03380267777588065,
11,R0,3240,-0.12914136558834824,-0.06975190498328428,-0.0766827443798517,-0.07731832813531613,-0.062195031709890505,-0.02142484287025804,-0.04819958781258576,0.9125964641571045,0.03473258391022682,0.02243117243051529,0.947329044342041,0.9861211180686951,0.9945826530456543,0,1,3,"[0.9126, 0.0347, 0.0224, 0.0136, 0.0027, 0.0024, 0.0019, 0.0017, 0.0013, 0.0011]","[0.129, 0.07, 0.077, 0.11, 0.066, 0.064, 0.027, 0.073, 0.011, 0.289]",3000,0.01986437663435936,0.024812855712563926,
11,R1,3240,0.044513542834570936,-0.04940028857824819,-0.008252663288516133,0.06222183912532715,0.048562934132621506,0.020934531663861073,-0.0460223011996163,0.9143994450569153,0.03627525269985199,0.021005108952522278,0.9506747126579285,0.9840403199195862,0.9940032362937927,0,1,2,"[0.9144, 0.0363, 0.021, 0.0072, 0.0052, 0.0034, 0.0021, 0.0017, 0.0015, 0.0013]","[0.045, 0.049, 0.008, 0.002, 0.05, 0.004, 0.241, 0.031, 0.005, 0.015]",3000,0.02038978785276413,-0.11111851537142423,
11,R2,3240,-0.015847980592239005,0.008934747286330983,-0.06260308732917227,-0.002344417407426185,-0.026811579436853465,-0.02246781232456502,0.03922053641976967,0.8722293376922607,0.0604037344455719,0.030375689268112183,0.9326330423355103,0.9773620963096619,0.9898467659950256,0,2,3,"[0.8722, 0.0604, 0.0304, 0.0093, 0.0051, 0.0034, 0.0031, 0.0023, 0.0022, 0.0014]","[0.016, 0.009, 0.063, 0.121, 0.075, 0.07, 0.231, 0.08, 0.251, 0.137]",3000,0.028394440189003944,0.089376746798297,
11,R3,3240,0.11640858350258462,-0.03333710569245839,-0.07641405332882463,-0.010300709822912216,0.19469289326858452,0.08929183216985014,0.12335832115724756,0.5603342056274414,0.3472473621368408,0.04602436348795891,0.9075815677642822,0.979527473449707,0.9933875203132629,0,2,3,"[0.5603, 0.3472, 0.046, 0.0174, 0.0085, 0.0048, 0.0036, 0.002, 0.0019, 0.0016]","[0.116, 0.033, 0.076, 0.003, 0.077, 0.015, 0.049, 0.055, 0.051, 0.012]",3000,0.021149316802620888,-0.2637079857665211,
11,R4,3240,0.0688531307441126,-0.053242379918505285,0.027068093907897724,-0.02901360894546899,0.09884015864853109,0.11411105408353214,0.053020669962472136,0.6762970685958862,0.2510644495487213,0.026008864864706993,0.9273614883422852,0.9753050208091736,0.9926239252090454,0,2,3,"[0.6763, 0.2511, 0.026, 0.0131, 0.0088, 0.0067, 0.0046, 0.0028, 0.0016, 0.0016]","[0.069, 0.053, 0.027, 0.093, 0.038, 0.051, 0.004, 0.064, 0.044, 0.033]",3000,0.019771084189414978,-0.3201544312924226,
11,R5,3240,-0.02512258976233807,-0.06652896801244011,0.06628958163920438,0.071004885805507,0.04118448784831507,0.009031494911316641,-0.05680349739116333,0.6080527901649475,0.1513475626707077,0.1280737966299057,0.7594003677368164,0.9609928727149963,0.9839779138565063,0,4,5,"[0.6081, 0.1513, 0.1281, 0.0481, 0.0254, 0.0078, 0.0045, 0.004, 0.0036, 0.003]","[0.025, 0.067, 0.066, 0.047, 0.045, 0.084, 0.116, 0.125, 0.138, 0.053]",3000,0.008038814179599285,-0.027785039843597183,
11,R6,3240,0.004379413231886178,0.06722085209101557,-0.07949715200399758,0.060363109665304726,-0.02911337697986738,-0.030805133083253628,-0.05618838220705429,0.7908415794372559,0.10302397608757019,0.04778577387332916,0.8938655853271484,0.9825743436813354,0.9928860068321228,0,3,4,"[0.7908, 0.103, 0.0478, 0.0244, 0.0165, 0.0044, 0.0025, 0.0013, 0.0012, 0.001]","[0.004, 0.067, 0.079, 0.018, 0.019, 0.107, 0.056, 0.055, 0.082, 0.165]",3000,0.013101504184305668,0.18073551542478575,
11,R7,3240,-0.033642459703846654,-0.07320366935794417,-0.04557170384527972,-0.018468076280495477,-0.07967516642140464,-0.058515879088864325,-0.014047097185962198,0.8988365530967712,0.04806225746870041,0.02094259113073349,0.9468988180160522,0.9872683882713318,0.9952220916748047,0,2,3,"[0.8988, 0.0481, 0.0209, 0.0138, 0.0056, 0.003, 0.0017, 0.0013, 0.0012, 0.0008]","[0.034, 0.073, 0.046, 0.047, 0.006, 0.026, 0.224, 0.072, 0.004, 0.046]",3000,0.02038518525660038,0.16854660963398016,
12,T0,3240,-0.12882872390795644,0.051671226149191146,-0.0461439866477506,-0.04411097466178357,-0.09821804097797938,-0.03703277143953454,-0.00873957181830944,0.6865589618682861,0.2546292543411255,0.01684574969112873,0.9411882162094116,0.9772276878356934,0.9892089366912842,1,2,3,"[0.6866, 0.2546, 0.0168, 0.0106, 0.0086, 0.0036, 0.0029, 0.0021, 0.0018, 0.0016]","[0.129, 0.052, 0.046, 0.049, 0.018, 0.173, 0.2, 0.414, 0.074, 0.01]",3000,0.05711094290018082,0.16732616207373757,
12,T1,3240,-0.058869652510379025,0.010547990340792634,-0.03621024803225893,0.026399129250538306,0.07159921260059672,-0.01787433076020496,0.009642802415213913,0.5095625519752502,0.31298157572746277,0.08927050977945328,0.8225440979003906,0.9447707533836365,0.9772279262542725,1,3,6,"[0.5096, 0.313, 0.0893, 0.0225, 0.0105, 0.0097, 0.009, 0.0056, 0.0052, 0.0029]","[0.059, 0.011, 0.036, 0.026, 0.108, 0.009, 0.06, 0.193, 0.317, 0.191]",3000,0.0443694032728672,0.0035852060507123463,
12,T2,3240,-0.07308538270386938,-0.12778654086484378,0.19692321033368834,0.016119652480562217,0.0023563884390936634,-0.029162573991754544,-0.015389553535973753,0.5245223045349121,0.2105058878660202,0.10536909848451614,0.7350282073020935,0.8925703167915344,0.9513376355171204,3,6,10,"[0.5245, 0.2105, 0.1054, 0.032, 0.0202, 0.0175, 0.0151, 0.0109, 0.0088, 0.0064]","[0.073, 0.128, 0.197, 0.113, 0.521, 0.29, 0.506, 0.559, 0.172, 0.251]",3000,0.011111171916127205,-0.03686474819435028,
12,T3,3240,-0.03193389866986828,0.13351604746509343,-0.06616611086527593,-0.04289455151762607,-0.018229299237543132,-0.019484691165526404,0.02654190512813801,0.5866509079933167,0.28274738788604736,0.06484202295541763,0.869398295879364,0.9676007628440857,0.9867024421691895,0,3,4,"[0.5867, 0.2827, 0.0648, 0.0253, 0.0081, 0.0069, 0.0042, 0.0037, 0.0026, 0.0017]","[0.032, 0.134, 0.066, 0.017, 0.107, 0.05, 0.153, 0.061, 0.146, 0.075]",3000,0.04170696437358856,0.07053605958229006,
12,T4,3240,-0.04585264890863975,0.18204064917044419,0.05684292093577178,-0.021674211252547784,-0.03298449235737141,-0.009497831428577104,0.004880292322942033,0.6159799098968506,0.19402584433555603,0.10677482932806015,0.810005784034729,0.9490434527397156,0.9785342216491699,0,3,6,"[0.616, 0.194, 0.1068, 0.0168, 0.0154, 0.0111, 0.0055, 0.0053, 0.0045, 0.0032]","[0.046, 0.182, 0.057, 0.03, 0.073, 0.279, 0.002, 0.221, 0.222, 0.132]",3000,0.027736913412809372,0.06980734013990836,
12,T5,3240,-0.02155489535913214,0.08160039594499228,-0.022510596034807092,0.04174105483875947,0.06674491595278155,-0.007943216425256047,0.013098448352486544,0.5892419219017029,0.27176475524902344,0.06289619952440262,0.8610066771507263,0.9646652340888977,0.9831198453903198,0,3,4,"[0.5892, 0.2718, 0.0629, 0.0284, 0.0124, 0.0054, 0.0045, 0.0039, 0.0024, 0.0022]","[0.022, 0.082, 0.023, 0.051, 0.096, 0.061, 0.004, 0.104, 0.251, 0.113]",3000,0.037241701036691666,-0.08446055126741868,
12,T6,3240,-0.08853063727763076,-0.02405682246344393,-0.07887790742642488,0.04259703882184074,0.07162139458574408,-0.036413160731361374,0.024608869295136632,0.4471031725406647,0.3712915778160095,0.08015485107898712,0.8183947801589966,0.9500554800033569,0.9769799113273621,0,4,5,"[0.4471, 0.3713, 0.0802, 0.0407, 0.0108, 0.0081, 0.0068, 0.005, 0.0044, 0.0026]","[0.089, 0.024, 0.079, 0.015, 0.004, 0.13, 0.072, 0.018, 0.121, 0.268]",3000,0.038589201867580414,-0.033186400131591395,
12,T7,3240,-0.09778488046072427,0.027266205003076027,-0.018422644414468472,0.008938496190329444,0.05828545243557939,-0.07178054842872301,0.019214264740001017,0.5310946106910706,0.26191869378089905,0.11983975768089294,0.793013334274292,0.9556857347488403,0.9780583381652832,0,3,5,"[0.5311, 0.2619, 0.1198, 0.0282, 0.0146, 0.0064, 0.0054, 0.0044, 0.0033, 0.0028]","[0.098, 0.027, 0.018, 0.007, 0.079, 0.1, 0.043, 0.015, 0.18, 0.263]",3000,0.029408829286694527,0.07016143068030632,
12,T8,3240,-0.05272907770909898,0.11018636720533795,-0.05732299260465661,-0.0348574890725974,-0.027018687644912085,-0.031435703201889424,0.030519066281470282,0.5416628122329712,0.24749033153057098,0.11698217689990997,0.7891531586647034,0.9506332874298096,0.9783322215080261,1,3,5,"[0.5417, 0.2475, 0.117, 0.0316, 0.0129, 0.008, 0.007, 0.0055, 0.0043, 0.003]","[0.053, 0.11, 0.057, 0.086, 0.116, 0.001, 0.079, 0.106, 0.338, 0.152]",3000,0.028227247297763824,0.07366486149089924,
12,R0,3240,-0.04646696608039346,-0.13688326349928764,-0.07792328421731987,-0.011614912084797419,-0.02865719203792641,-0.005741502298672342,-0.0655369798233989,0.879338264465332,0.05498258396983147,0.027087179943919182,0.934320867061615,0.9813399314880371,0.9926459193229675,1,2,3,"[0.8793, 0.055, 0.0271, 0.0164, 0.0035, 0.003, 0.0026, 0.0021, 0.0019, 0.0017]","[0.046, 0.137, 0.078, 0.096, 0.014, 0.01, 0.032, 0.085, 0.102, 0.356]",3000,0.022388171404600143,-0.041393322147524385,
12,R1,3240,-0.017843120021196084,-0.10510588204996907,-0.03338087756135317,0.020368658075259394,0.0011923819919896859,0.00724975236291755,-0.0465426541104418,0.9100195169448853,0.04524841159582138,0.018587827682495117,0.9552679061889648,0.9843264222145081,0.9934586882591248,0,1,2,"[0.91, 0.0452, 0.0186, 0.0061, 0.0043, 0.0026, 0.0022, 0.0016, 0.0014, 0.0013]","[0.018, 0.105, 0.033, 0.002, 0.025, 0.015, 0.187, 0.168, 0.033, 0.094]",3000,0.02525879628956318,-0.08921295059885115,
12,R2,3240,-0.06028303476068332,0.1202869377758561,-0.08793148982156654,-0.0015070626321911837,-0.054127325295149895,0.0011440768386129904,0.028964954204837023,0.8533079028129578,0.0806427001953125,0.028497034683823586,0.9339506030082703,0.976382315158844,0.9888514876365662,2,2,3,"[0.8533, 0.0806, 0.0285, 0.0092, 0.0047, 0.0036, 0.0029, 0.0025, 0.0022, 0.0013]","[0.06, 0.12, 0.088, 0.085, 0.232, 0.23, 0.016, 0.004, 0.333, 0.308]",3000,0.030512753874063492,0.048094907183075325,
12,R3,3240,0.07450890465346345,0.05229803265905949,-0.06287190752005467,0.0016345745493630153,0.21477789664470961,0.06358510130896337,0.11579087906080193,0.5801144242286682,0.3165954649448395,0.041786279529333115,0.8967099189758301,0.969880223274231,0.9905434250831604,0,3,4,"[0.5801, 0.3166, 0.0418, 0.0164, 0.015, 0.0096, 0.0048, 0.0027, 0.0019, 0.0017]","[0.075, 0.052, 0.063, 0.003, 0.098, 0.043, 0.006, 0.04, 0.02, 0.011]",3000,0.02184707298874855,-0.25760972400135057,
12,R4,3240,0.07703378805184767,-0.05382935828726841,-0.056945669969228445,-0.02429306741103213,0.09872340656498077,0.11845727241656044,0.040183687432654686,0.6629387140274048,0.25253844261169434,0.03068937174975872,0.9154771566390991,0.9713662266731262,0.9908747673034668,0,2,4,"[0.6629, 0.2525, 0.0307, 0.0173, 0.0079, 0.0068, 0.0062, 0.0029, 0.002, 0.0016]","[0.077, 0.054, 0.057, 0.086, 0.04, 0.057, 0.014, 0.0, 0.0, 0.064]",3000,0.021360209211707115,-0.33457305898562145,
12,R5,3240,-0.03538067371673501,-0.07108370227572516,0.054733360745149284,0.0433116380357615,0.04157427510823413,0.022594181646800028,-0.04048069034064308,0.6111161708831787,0.16346992552280426,0.10610572248697281,0.7745860815048218,0.9582348465919495,0.9822344779968262,0,4,5,"[0.6111, 0.1635, 0.1061, 0.0473, 0.0303, 0.0072, 0.0062, 0.0038, 0.0035, 0.0032]","[0.035, 0.071, 0.055, 0.054, 0.041, 0.017, 0.114, 0.147, 0.032, 0.061]",3000,0.005372957792133093,-0.05947595577645433,
12,R6,3240,0.01099261458357174,0.10275820047858517,-0.0837269906900709,0.06616558539896575,-0.09155022783397766,-0.06923132192441647,-0.05799622091390612,0.8070364594459534,0.08646532148122787,0.042849794030189514,0.8935017585754395,0.9821245670318604,0.9925255179405212,0,3,4,"[0.807, 0.0865, 0.0428, 0.0317, 0.014, 0.0044, 0.0024, 0.0014, 0.0012, 0.0009]","[0.011, 0.103, 0.084, 0.001, 0.007, 0.217, 0.142, 0.214, 0.13, 0.098]",3000,0.017448237165808678,0.23711202605822676,
12,R7,3240,-0.015985352436690446,-0.057408266378906975,-0.025725240368347346,0.009449874972318308,-0.056472967624375064,-0.048155692585757914,-0.03110314658598445,0.8662428855895996,0.062373992055654526,0.025869932025671005,0.9286168813705444,0.983633816242218,0.9931312799453735,0,2,3,"[0.8662, 0.0624, 0.0259, 0.0222, 0.0069, 0.0037, 0.0019, 0.0017, 0.0013, 0.0009]","[0.016, 0.057, 0.026, 0.022, 0.01, 0.017, 0.005, 0.057, 0.101, 0.057]",3000,0.02231740765273571,0.13106840165755812,
13,T0,3240,-0.1395735728055925,-0.04243851519095915,-0.044284497612105025,-0.04205720653957737,-0.07654291772087814,-0.0425233919878368,-0.013729675734834787,0.6956522464752197,0.24571561813354492,0.016516653820872307,0.9413678646087646,0.9782292246818542,0.9892427921295166,1,2,3,"[0.6957, 0.2457, 0.0165, 0.0114, 0.0089, 0.0031, 0.0028, 0.0019, 0.0017, 0.0015]","[0.14, 0.042, 0.044, 0.073, 0.006, 0.084, 0.216, 0.378, 0.188, 0.104]",3000,0.0580841489136219,0.16084921505269523,
13,T1,3240,-0.07403303145379542,-0.004443013374035567,-0.0253205362959499,0.024105132226018098,0.0626120723901386,-0.007693559196708912,0.0005585530378546664,0.5196702480316162,0.3019008934497833,0.08936381340026855,0.8215711116790771,0.9447615742683411,0.9769518971443176,1,3,6,"[0.5197, 0.3019, 0.0894, 0.0228, 0.011, 0.0099, 0.0091, 0.0056, 0.0048, 0.0028]","[0.074, 0.004, 0.025, 0.013, 0.147, 0.026, 0.067, 0.184, 0.349, 0.287]",3000,0.044016510248184204,-0.013894636369623507,
13,T2,3240,-0.1237296930589407,0.14036341239761005,-0.114448969279823,0.0033156085617970818,0.004196574853862509,-0.03508868552314235,-0.03413125133516612,0.48902806639671326,0.21186129748821259,0.12886479496955872,0.7008893489837646,0.8803866505622864,0.946208119392395,3,6,11,"[0.489, 0.2119, 0.1289, 0.029, 0.0216, 0.0214, 0.0175, 0.0116, 0.0088, 0.0066]","[0.124, 0.14, 0.114, 0.125, 0.661, 0.033, 0.548, 0.522, 0.057, 0.232]",3000,0.012742881663143635,-0.01196621542512677,
13,T3,3240,-0.09085529378391291,-0.09915876339045594,-0.07091380585584402,-0.04744929027378533,-0.01565623015582241,-0.031232955734122846,0.022114815341857965,0.5834810733795166,0.28014427423477173,0.06582286208868027,0.8636253476142883,0.9647637009620667,0.984652578830719,0,3,4,"[0.5835, 0.2801, 0.0658, 0.0257, 0.0096, 0.0068, 0.0043, 0.004, 0.0029, 0.0019]","[0.091, 0.099, 0.071, 0.021, 0.185, 0.098, 0.09, 0.072, 0.203, 0.118]",3000,0.03990022838115692,0.10698931169272112,
13,T4,3240,-0.012370087519850982,0.21333691333639254,0.07481050589769318,-0.005726679560573831,-0.03436237447790955,0.011461364455828101,-0.0036774704204115233,0.6331867575645447,0.1995261162519455,0.0848756805062294,0.8327128887176514,0.9509904980659485,0.9789653420448303,2,3,5,"[0.6332, 0.1995, 0.0849, 0.0178, 0.0156, 0.0108, 0.0058, 0.0049, 0.0042, 0.0023]","[0.012, 0.213, 0.075, 0.141, 0.117, 0.263, 0.203, 0.163, 0.357, 0.69]",3000,0.032630667090415955,0.048811678996198565,
13,T5,3240,-0.053142136342499494,0.06644747528458285,-0.035803504021378545,0.03175793816136418,0.06413201921232212,-0.0041076351878844555,0.006484338857928457,0.6052180528640747,0.2646828591823578,0.057120755314826965,0.8699009418487549,0.9637969136238098,0.9829835295677185,1,3,4,"[0.6052, 0.2647, 0.0571, 0.0275, 0.0093, 0.0053, 0.0048, 0.0043, 0.0025, 0.0022]","[0.053, 0.066, 0.036, 0.007, 0.08, 0.093, 0.031, 0.148, 0.118, 0.427]",3000,0.037403471767902374,-0.06207601839254966,
13,T6,3240,-0.10681753400183366,-0.02442174438572307,-0.08471859354154637,0.03551149291799932,0.054540371300532665,-0.03201119916479382,0.018949661236936463,0.45367106795310974,0.37375831604003906,0.07390958815813065,0.8274294137954712,0.949212908744812,0.9765684604644775,1,3,6,"[0.4537, 0.3738, 0.0739, 0.0381, 0.0098, 0.0083, 0.0069, 0.005, 0.0043, 0.0029]","[0.107, 0.024, 0.085, 0.044, 0.045, 0.101, 0.038, 0.029, 0.153, 0.319]",3000,0.038889504969120026,-0.0131681247060901,
13,T7,3240,-0.12729791307473226,0.01219685953446321,-0.041362889616413004,0.007980655225573447,0.06388944237568332,-0.06644350140024233,0.019965294008634716,0.5510721206665039,0.2587731182575226,0.10716474056243896,0.8098452091217041,0.9559985399246216,0.97838294506073,0,3,5,"[0.5511, 0.2588, 0.1072, 0.0265, 0.0125, 0.007, 0.0052, 0.0044, 0.003, 0.0028]","[0.127, 0.012, 0.041, 0.077, 0.049, 0.118, 0.044, 0.02, 0.233, 0.3]",3000,0.03048485331237316,0.08334902948366499,
13,T8,3240,0.08948916702598735,-0.09930749933598383,-0.038837891024915076,0.0044145486414600655,0.03120997493654881,0.02472933029267409,-0.006304294314384022,0.5808544158935547,0.23132693767547607,0.098216213285923,0.8121813535690308,0.9519331455230713,0.9780516028404236,1,3,5,"[0.5809, 0.2313, 0.0982, 0.0314, 0.0101, 0.0069, 0.0065, 0.0049, 0.0041, 0.0037]","[0.089, 0.099, 0.039, 0.124, 0.1, 0.114, 0.02, 0.15, 0.0, 0.399]",3000,0.02859707921743393,-0.0447677937335111,
13,R0,3240,-0.03636601327094285,-0.09747681937948627,-0.09266470684700548,-0.018843810279484022,-0.0207136919340086,-0.01633563837195545,-0.04035155326327093,0.8721532225608826,0.062171366065740585,0.027694130316376686,0.9343245625495911,0.9803006649017334,0.9920218586921692,1,2,3,"[0.8722, 0.0622, 0.0277, 0.0144, 0.0038, 0.003, 0.0026, 0.0023, 0.002, 0.0018]","[0.036, 0.097, 0.093, 0.12, 0.074, 0.028, 0.024, 0.0, 0.01, 0.402]",3000,0.025100037455558777,-0.055415723628897955,
13,R1,3240,-0.027541504315347843,-0.10352227613879669,0.06296842502920622,0.016228489751850587,-0.00272396145557001,0.027710564425342428,-0.021541348168579413,0.9000329971313477,0.04926188662648201,0.021358853206038475,0.9492948651313782,0.981783390045166,0.9921323657035828,0,1,3,"[0.9, 0.0493, 0.0214, 0.0069, 0.0042, 0.0028, 0.0025, 0.0018, 0.0017, 0.0015]","[0.028, 0.104, 0.063, 0.011, 0.049, 0.025, 0.126, 0.094, 0.044, 0.248]",3000,0.02398149110376835,-0.08137652394565982,
13,R2,3240,-0.03399870866746068,-0.07005649280551386,-0.05891113317345778,0.034745437783586824,-0.026124595492176272,0.03079961773071825,0.04339181306876957,0.849409282207489,0.07969727367162704,0.031594593077898026,0.9291065335273743,0.9747740030288696,0.9879825115203857,1,2,3,"[0.8494, 0.0797, 0.0316, 0.0085, 0.0055, 0.0037, 0.0032, 0.0028, 0.0021, 0.0014]","[0.034, 0.07, 0.059, 0.069, 0.171, 0.105, 0.081, 0.149, 0.46, 0.086]",3000,0.0298143420368433,0.019325910421682562,
13,R3,3240,0.08012932829969424,0.07416800411173165,-0.06759777321472686,0.02632582328304902,0.21899653074588743,0.08064095394978375,0.11086679346225503,0.5670190453529358,0.3273957371711731,0.0404953733086586,0.8944147825241089,0.9676114916801453,0.989281177520752,0,3,4,"[0.567, 0.3274, 0.0405, 0.0169, 0.0158, 0.0091, 0.0059, 0.0029, 0.002, 0.0018]","[0.08, 0.074, 0.068, 0.02, 0.067, 0.056, 0.018, 0.036, 0.086, 0.023]",3000,0.02283717878162861,-0.27190371949250175,
13,R4,3240,0.07587124669585761,0.05198168442912287,-0.06815025958396706,-0.030017561979733823,0.09841115957843065,0.11718597458479303,0.05032017487061572,0.6681339740753174,0.24998502433300018,0.026329461485147476,0.9181190133094788,0.9696208834648132,0.9899393320083618,0,2,4,"[0.6681, 0.25, 0.0263, 0.0172, 0.0079, 0.0072, 0.0063, 0.0029, 0.0023, 0.0016]","[0.076, 0.052, 0.068, 0.083, 0.024, 0.077, 0.001, 0.054, 0.009, 0.096]",3000,0.020076626911759377,-0.30411458419003484,
13,R5,3240,-0.052319177330022976,-0.07568438817368707,0.0300281413110354,0.05373691832855974,0.015104243531564992,-0.005442965053349537,-0.060125218733847165,0.5798709392547607,0.18158751726150513,0.11223376542329788,0.7614584565162659,0.9557397961616516,0.9807442426681519,0,4,5,"[0.5799, 0.1816, 0.1122, 0.0516, 0.0304, 0.0071, 0.0063, 0.0046, 0.0036, 0.0035]","[0.052, 0.076, 0.03, 0.042, 0.016, 0.008, 0.113, 0.041, 0.144, 0.095]",3000,0.0017201004084199667,0.021911479608555048,
13,R6,3240,0.0015669517330628169,0.0792465979274843,0.07627359229269436,0.07227604417756796,-0.09909404585810776,-0.06650094263096946,-0.04517917796145689,0.77628493309021,0.09463783353567123,0.059592172503471375,0.8709227442741394,0.9801385998725891,0.9911938905715942,0,3,4,"[0.7763, 0.0946, 0.0596, 0.0336, 0.016, 0.0046, 0.0027, 0.0015, 0.0013, 0.001]","[0.002, 0.079, 0.076, 0.002, 0.008, 0.171, 0.144, 0.227, 0.061, 0.119]",3000,0.014704366214573383,0.22814676369297504,
13,R7,3240,-0.030860058153803778,-0.05701986971776138,-0.03889225906298062,-0.016502194739827992,-0.14328172703770023,-0.07897587285405723,-0.0569210244831027,0.8477873802185059,0.07473543286323547,0.02698412537574768,0.922522783279419,0.9811712503433228,0.9921795725822449,0,2,4,"[0.8478, 0.0747, 0.027, 0.0245, 0.0071, 0.0044, 0.0022, 0.002, 0.0013, 0.0011]","[0.031, 0.057, 0.039, 0.016, 0.013, 0.026, 0.045, 0.072, 0.098, 0.021]",3000,0.02021508291363716,0.25697564163395564,
14,T0,3240,-0.11525936325779093,-0.037728003306274814,-0.016329982528559082,-0.0002833735269502143,-0.002130164374037187,-0.037779490750111264,-0.002533927789552897,0.6657714247703552,0.2751286029815674,0.01603868044912815,0.9409000277519226,0.9770036935806274,0.9885681867599487,0,2,3,"[0.6658, 0.2751, 0.016, 0.0111, 0.009, 0.0031, 0.0028, 0.002, 0.0019, 0.0017]","[0.115, 0.038, 0.016, 0.064, 0.025, 0.116, 0.175, 0.21, 0.174, 0.231]",3000,0.06083117797970772,0.058260635599870186,
14,T1,3240,-0.07076232406103951,0.026869390131721068,0.004850100653119407,0.04145198992833137,0.09034241506930704,-0.0003502652333606917,-0.0028238347163724318,0.5204242467880249,0.3000929355621338,0.08722863346338272,0.8205171823501587,0.943672776222229,0.9756013751029968,2,3,6,"[0.5204, 0.3001, 0.0872, 0.025, 0.0109, 0.0098, 0.0085, 0.0057, 0.0048, 0.0031]","[0.071, 0.027, 0.005, 0.018, 0.146, 0.015, 0.009, 0.203, 0.382, 0.411]",3000,0.04582079127430916,-0.021993160822608708,
14,T2,3240,-0.12117523088027189,-0.14099780733120038,0.14226115848293905,0.007337771134154392,0.01300286415594747,-0.03098924187186317,-0.019515289686451012,0.4566526412963867,0.23035487532615662,0.1309908777475357,0.6870075464248657,0.8705499768257141,0.9392967820167542,4,7,13,"[0.4567, 0.2304, 0.131, 0.0303, 0.0223, 0.021, 0.019, 0.0121, 0.0096, 0.0071]","[0.121, 0.141, 0.142, 0.077, 0.591, 0.206, 0.564, 0.45, 0.056, 0.373]",3000,0.017390362918376923,-0.009949872706415766,
14,T3,3240,-0.09132143229161646,-0.0686567429134882,-0.06110439249258623,-0.04529201582406823,-0.025979651591457834,-0.02467471113803927,0.031757159304491335,0.567730188369751,0.29010242223739624,0.06914697587490082,0.8578326106071472,0.9623351693153381,0.9832039475440979,0,3,4,"[0.5677, 0.2901, 0.0691, 0.0251, 0.0102, 0.007, 0.0045, 0.0041, 0.0033, 0.002]","[0.091, 0.069, 0.061, 0.021, 0.179, 0.086, 0.025, 0.095, 0.139, 0.293]",3000,0.04019174352288246,0.1047125891984471,
14,T4,3240,-0.05862592065169389,0.14296901912938448,0.061046029403101075,-0.0026769386195014204,-0.02969008615814427,-0.0032315430165918034,-0.013768640193885176,0.6201445460319519,0.21238915622234344,0.08186717331409454,0.8325337171554565,0.9490752220153809,0.9778038859367371,2,3,6,"[0.6201, 0.2124, 0.0819, 0.0189, 0.0157, 0.0109, 0.0062, 0.0051, 0.004, 0.0025]","[0.059, 0.143, 0.061, 0.166, 0.033, 0.249, 0.141, 0.138, 0.402, 0.67]",3000,0.03407365083694458,0.06143555581144004,
14,T5,3240,-0.08411257427216297,0.09557385756250704,-0.05532745159665699,0.030330778665040553,0.04948659469128054,-0.010884888194609471,-0.011022226302370113,0.6107880473136902,0.25866830348968506,0.0563896968960762,0.8694563508033752,0.9624283909797668,0.9817417860031128,1,3,4,"[0.6108, 0.2587, 0.0564, 0.0269, 0.0097, 0.0051, 0.0046, 0.0041, 0.0029, 0.0025]","[0.084, 0.096, 0.055, 0.001, 0.106, 0.128, 0.09, 0.007, 0.023, 0.42]",3000,0.03727920353412628,-0.04495568956718896,
14,T6,3240,-0.1294554045743139,-0.03211227353680405,0.09102863483992824,0.03472207157178183,0.05039493107707389,-0.0293626810778484,-0.00038333067596781344,0.4644922912120819,0.3711087703704834,0.07208850979804993,0.8356010913848877,0.9480242133140564,0.9753270745277405,1,3,6,"[0.4645, 0.3711, 0.0721, 0.0305, 0.0098, 0.0082, 0.007, 0.005, 0.004, 0.0031]","[0.129, 0.032, 0.091, 0.043, 0.071, 0.084, 0.034, 0.074, 0.152, 0.306]",3000,0.04107221961021423,0.013184202037247371,
14,T7,3240,-0.1296163167642239,0.006518111635222164,-0.014246163518537476,0.034578936839391616,0.06398506673726123,-0.041772445581439846,-0.01186020831020488,0.5535286664962769,0.2601272165775299,0.09984683245420456,0.8136558532714844,0.9527437686920166,0.9763325452804565,1,3,5,"[0.5535, 0.2601, 0.0998, 0.0255, 0.0138, 0.0074, 0.0055, 0.0048, 0.0031, 0.0028]","[0.13, 0.007, 0.014, 0.071, 0.025, 0.109, 0.015, 0.052, 0.376, 0.176]",3000,0.031698890030384064,0.0075155332668813465,
14,T8,3240,-0.09287137942704272,-0.06514256023249565,-0.05289619994412624,0.011050710401143325,-0.019754040302655332,-0.017461848193397002,0.007271287947772161,0.5844522714614868,0.23441478610038757,0.09322842955589294,0.8188670873641968,0.9507054090499878,0.9774090647697449,1,3,5,"[0.5845, 0.2344, 0.0932, 0.0282, 0.0104, 0.0071, 0.006, 0.0053, 0.0046, 0.0037]","[0.093, 0.065, 0.053, 0.107, 0.061, 0.113, 0.025, 0.009, 0.212, 0.483]",3000,0.03019118495285511,0.03131508231452245,
14,R0,3240,0.030286344023540437,0.08442190022402593,-0.08803102925096093,0.004366861942958658,-0.00034124156627823263,0.009475796771428829,0.032854589569705474,0.8686548471450806,0.06605029851198196,0.026696639135479927,0.9347051382064819,0.9797458648681641,0.9915143251419067,1,2,3,"[0.8687, 0.0661, 0.0267, 0.014, 0.0044, 0.0034, 0.0025, 0.0022, 0.0019, 0.0017]","[0.03, 0.084, 0.088, 0.13, 0.103, 0.041, 0.068, 0.137, 0.019, 0.309]",3000,0.026653721928596497,0.03903518115595829,
14,R1,3240,-0.0013462576224035853,-0.09155929005675625,0.0691156947360302,0.0181397075458044,-0.005504422508933019,0.04398362778183618,-0.01642647960934807,0.9033129215240479,0.047758448868989944,0.020594216883182526,0.9510713815689087,0.9821860194206238,0.9923456907272339,0,1,2,"[0.9033, 0.0478, 0.0206, 0.0066, 0.004, 0.0027, 0.0025, 0.0018, 0.0017, 0.0015]","[0.001, 0.092, 0.069, 0.01, 0.068, 0.036, 0.087, 0.079, 0.086, 0.209]",3000,0.024427512660622597,-0.0711252736474416,
14,R2,3240,-0.014724338523141724,0.028400952801079172,-0.0754144799216907,0.02400300256989565,-0.05759941627370452,0.04598092115602032,0.04488462505496655,0.8617169260978699,0.07287345826625824,0.030354034155607224,0.9345903992652893,0.977329432964325,0.9891877174377441,1,2,3,"[0.8617, 0.0729, 0.0304, 0.0073, 0.0051, 0.0035, 0.0029, 0.0025, 0.0018, 0.0012]","[0.015, 0.028, 0.075, 0.034, 0.066, 0.041, 0.098, 0.154, 0.472, 0.194]",3000,0.029993336647748947,0.09814211249792851,
14,R3,3240,0.07278965361918598,0.011135883415463288,-0.14715212773364958,0.04256462757738313,0.2229229367013489,0.09024838579794996,0.08714540378321364,0.5879852771759033,0.317029744386673,0.03555082529783249,0.9050149917602539,0.9700028300285339,0.9899642467498779,0,2,4,"[0.588, 0.317, 0.0356, 0.0151, 0.0144, 0.0083, 0.0054, 0.0028, 0.0018, 0.0016]","[0.073, 0.011, 0.147, 0.006, 0.039, 0.009, 0.024, 0.037, 0.006, 0.011]",3000,0.023243047297000885,-0.25987541516726553,
14,R4,3240,0.08105312544429849,-0.047678051049246814,-0.0698489143812105,-0.03423604908451401,0.09776832033305383,0.10694321377156489,0.05769064183695795,0.6551955342292786,0.26749294996261597,0.02381601184606552,0.9226884841918945,0.9715104103088379,0.9901443123817444,0,2,4,"[0.6552, 0.2675, 0.0238, 0.0169, 0.0081, 0.0067, 0.0056, 0.0025, 0.0023, 0.0015]","[0.081, 0.048, 0.07, 0.083, 0.051, 0.06, 0.02, 0.198, 0.001, 0.15]",3000,0.019790682941675186,-0.282669835675104,
14,R5,3240,-0.07552052854991609,-0.07966236340046513,0.03493367512498093,0.06945640901119914,-0.03892282103643639,-0.04353482635066337,-0.09197421993936207,0.5733389258384705,0.2049025595188141,0.09397027641534805,0.7782415151596069,0.9536274671554565,0.9798634052276611,0,4,5,"[0.5733, 0.2049, 0.094, 0.0511, 0.0304, 0.008, 0.0066, 0.0048, 0.0035, 0.0033]","[0.076, 0.08, 0.035, 0.038, 0.05, 0.035, 0.073, 0.069, 0.029, 0.134]",3000,0.000899270991794765,0.174386341234555,
14,R6,3240,-0.0038896423964849204,0.05341615106732258,-0.08427840130190627,0.05929616845511625,-0.11074962151375459,-0.05747843572489056,-0.04903845522878224,0.7678551077842712,0.09380090981721878,0.06645132601261139,0.8616560101509094,0.9789668917655945,0.9902001619338989,0,3,4,"[0.7679, 0.0938, 0.0665, 0.0346, 0.0162, 0.0042, 0.0028, 0.0017, 0.0015, 0.0011]","[0.004, 0.053, 0.084, 0.014, 0.006, 0.176, 0.107, 0.196, 0.017, 0.108]",3000,0.014241133816540241,0.2277852212374478,
14,R7,3240,-0.07052319229149775,-0.06619923526956265,-0.05862928933664863,0.0035882324516710415,-0.07309864427347575,-0.02604897098814774,-0.047383488214172126,0.8196648359298706,0.09141100943088531,0.030798135325312614,0.9110758304595947,0.9781877398490906,0.9904483556747437,0,2,4,"[0.8197, 0.0914, 0.0308, 0.0278, 0.0085, 0.0044, 0.0025, 0.0024, 0.0017, 0.0013]","[0.071, 0.066, 0.059, 0.05, 0.005, 0.063, 0.059, 0.041, 0.27, 0.021]",3000,0.021785764023661613,0.1971937665022523,
15,T0,3240,-0.11271310327074491,-0.038647860225212355,0.015592207046796666,0.09767968122313775,0.09197670244595091,0.0299758890265091,-0.015618712956284147,0.6738963723182678,0.2681507468223572,0.01431735698133707,0.942047119140625,0.9753314256668091,0.9881299138069153,1,2,3,"[0.6739, 0.2682, 0.0143, 0.0104, 0.0086, 0.0034, 0.0028, 0.0026, 0.0021, 0.0019]","[0.113, 0.039, 0.016, 0.056, 0.025, 0.172, 0.007, 0.247, 0.334, 0.055]",3000,0.062489159405231476,-0.008861249686988568,
15,T1,3240,-0.033511494339610204,0.019053391078756445,-0.02857409938747148,0.04035349463188795,0.07323276474447214,0.014178362118650152,0.0049965262610042905,0.542165994644165,0.298770010471344,0.07196543365716934,0.840936005115509,0.9447404742240906,0.975175678730011,2,3,6,"[0.5422, 0.2988, 0.072, 0.0211, 0.0108, 0.0092, 0.0084, 0.0054, 0.0046, 0.0029]","[0.034, 0.019, 0.029, 0.028, 0.099, 0.036, 0.006, 0.272, 0.333, 0.5]",3000,0.05064431577920914,-0.019779845622903105,
15,T2,3240,-0.11767373567233838,-0.11392909953396638,0.1282129627550771,0.009669409752471434,0.01497222520629918,-0.027891636067304094,-0.017450960903641434,0.4266496002674103,0.24626590311527252,0.14262962341308594,0.672915518283844,0.8688561916351318,0.9396893978118896,4,7,13,"[0.4266, 0.2463, 0.1426, 0.0311, 0.0222, 0.0211, 0.0197, 0.0123, 0.0104, 0.0073]","[0.118, 0.114, 0.128, 0.034, 0.211, 0.681, 0.483, 0.42, 0.093, 0.463]",3000,0.0192524753510952,-0.016712810524876116,
15,T3,3240,-0.09844024303918088,-0.06675408356199398,-0.0519375552065237,-0.04205942393764341,-0.03564675693159667,-0.03136882325593969,0.018458852241274817,0.5823032259941101,0.280614972114563,0.0634356290102005,0.8629181981086731,0.9612542390823364,0.9826127290725708,0,3,4,"[0.5823, 0.2806, 0.0634, 0.0241, 0.0108, 0.0067, 0.0049, 0.0041, 0.0035, 0.0022]","[0.098, 0.067, 0.052, 0.033, 0.156, 0.095, 0.05, 0.028, 0.095, 0.254]",3000,0.0401468388736248,0.11159433974623481,
15,T4,3240,-0.0678437201541399,0.12944091071544886,-0.051488010612220414,-0.00399987111708207,-0.034021890554119756,-0.007576702156326115,-0.008637890892913716,0.6331009864807129,0.20938916504383087,0.07179690897464752,0.8424901366233826,0.9486133456230164,0.9783051013946533,2,3,6,"[0.6331, 0.2094, 0.0718, 0.0186, 0.0157, 0.011, 0.0068, 0.0057, 0.0039, 0.0024]","[0.068, 0.129, 0.051, 0.157, 0.069, 0.214, 0.023, 0.132, 0.389, 0.613]",3000,0.03390686959028244,0.062166125898444016,
15,T5,3240,-0.10578913557503515,0.08318409216507662,-0.04311031439337991,0.03549541554319141,0.03886407421414907,-0.010866433210828773,-0.024190055611835834,0.6054447293281555,0.2699899971485138,0.051027342677116394,0.8754347562789917,0.9629561901092529,0.9820590615272522,1,3,4,"[0.6054, 0.27, 0.051, 0.0274, 0.0091, 0.0052, 0.0049, 0.004, 0.0026, 0.0025]","[0.106, 0.083, 0.043, 0.002, 0.107, 0.113, 0.131, 0.01, 0.106, 0.385]",3000,0.03968825936317444,-0.03158583947697604,
15,T6,3240,0.12253638754564143,-0.040502731527113235,0.08580806028185618,-0.04160304648583579,-0.05619703074866364,0.03149719422187675,-0.0008665712479269938,0.4710731506347656,0.3752867579460144,0.06636420637369156,0.84635990858078,0.9507331252098083,0.9763659834861755,0,3,5,"[0.4711, 0.3753, 0.0664, 0.0281, 0.0099, 0.0076, 0.0068, 0.0049, 0.0035, 0.0028]","[0.123, 0.041, 0.086, 0.058, 0.134, 0.025, 0.075, 0.147, 0.166, 0.247]",3000,0.04292827472090721,-0.021638850094868108,
15,T7,3240,-0.17590122260969182,0.0032404315406478605,-0.034055116617621985,-0.007076435824434401,0.021165875708181774,-0.047216640588830266,0.015579724653199699,0.5654591917991638,0.26328662037849426,0.08795737475156784,0.8287458419799805,0.9544178247451782,0.9769945740699768,1,3,5,"[0.5655, 0.2633, 0.088, 0.0242, 0.0135, 0.007, 0.0055, 0.0046, 0.0029, 0.0026]","[0.176, 0.003, 0.034, 0.082, 0.006, 0.127, 0.002, 0.074, 0.373, 0.128]",3000,0.03309338912367821,0.07458849877080773,
15,T8,3240,-0.08043622684868486,-0.08790899704595508,-0.06603329312605179,-0.005433020665718773,-0.033028720915347164,-0.02136543238552432,0.017368049725704528,0.6095475554466248,0.22638371586799622,0.08278941363096237,0.8359313011169434,0.9540221691131592,0.9790940284729004,1,3,5,"[0.6095, 0.2264, 0.0828, 0.0253, 0.01, 0.0069, 0.006, 0.0052, 0.0037, 0.0033]","[0.08, 0.088, 0.066, 0.112, 0.02, 0.103, 0.093, 0.032, 0.377, 0.245]",3000,0.03186235576868057,0.0771301913192031,
15,R0,3240,-0.047681538291170125,0.06007267487971368,-0.08785935823824714,-0.0033809180391002305,0.0017103282649679787,-0.01520797700680253,-0.04829567768524915,0.8652825355529785,0.07153892517089844,0.024989183992147446,0.936821460723877,0.9800034761428833,0.9917218089103699,0,2,3,"[0.8653, 0.0715, 0.025, 0.0138, 0.0044, 0.0033, 0.0024, 0.0023, 0.0021, 0.0017]","[0.048, 0.06, 0.088, 0.149, 0.143, 0.082, 0.106, 0.103, 0.139, 0.275]",3000,0.028419939801096916,-0.02801750519040988,
15,R1,3240,0.010884094317456006,-0.08750982193295134,-0.0687920730177686,0.015360811323864142,-0.009172543666292263,0.061239235271621874,-0.01740358683984491,0.9024020433425903,0.050723228603601456,0.01943785510957241,0.9531252980232239,0.9825566411018372,0.9926259517669678,0,1,2,"[0.9024, 0.0507, 0.0194, 0.0063, 0.0037, 0.0027, 0.0024, 0.0018, 0.0017, 0.0014]","[0.011, 0.088, 0.069, 0.021, 0.098, 0.024, 0.042, 0.111, 0.106, 0.184]",3000,0.025943059474229813,-0.07692112351254508,
15,R2,3240,0.030692290163341785,0.04436718643857924,-0.06445187580489327,0.004644238924861315,-0.08101657071439965,0.06958167900321739,0.03601018365782079,0.8686164617538452,0.07203695178031921,0.026653658598661423,0.9406534433364868,0.9784906506538391,0.9898471832275391,1,2,3,"[0.8686, 0.072, 0.0267, 0.007, 0.0042, 0.0032, 0.0028, 0.0025, 0.0017, 0.0012]","[0.031, 0.044, 0.064, 0.029, 0.011, 0.055, 0.071, 0.071, 0.47, 0.113]",3000,0.03065347857773304,0.07092389431862661,
15,R3,3240,0.06908744476966931,0.0021386630169016496,-0.15803014796411247,0.05873370374613548,0.2258575014666174,0.0917206359906441,0.06760599892956172,0.6150446534156799,0.2951759994029999,0.03263938054442406,0.9102206230163574,0.9720392823219299,0.9907066226005554,0,2,4,"[0.615, 0.2952, 0.0326, 0.0148, 0.0143, 0.0076, 0.0052, 0.0026, 0.0017, 0.0015]","[0.069, 0.002, 0.158, 0.005, 0.015, 0.008, 0.02, 0.042, 0.024, 0.014]",3000,0.022902583703398705,-0.30265725793484455,
15,R4,3240,-0.08223771023207076,-0.057546494537146026,-0.04582721556181429,0.03227751472964843,-0.10330364610837661,-0.09862873832048169,-0.06752215575668058,0.6610894799232483,0.26309147477149963,0.02350020222365856,0.9241809844970703,0.9726631045341492,0.9904860854148865,0,2,4,"[0.6611, 0.2631, 0.0235, 0.0173, 0.0077, 0.0062, 0.0053, 0.0024, 0.0024, 0.0015]","[0.082, 0.058, 0.046, 0.072, 0.054, 0.057, 0.007, 0.007, 0.183, 0.101]",3000,0.020114071667194366,0.2725883584958733,
15,R5,3240,-0.05125337993940876,-0.07033772268398786,0.04834383649314622,0.06829028615864782,-0.07029848387202683,-0.041855608094084604,-0.09759636753689345,0.6079126596450806,0.19600987434387207,0.07316481322050095,0.8039225339889526,0.9569483399391174,0.981279730796814,0,4,5,"[0.6079, 0.196, 0.0732, 0.0513, 0.0286, 0.0078, 0.006, 0.0044, 0.0032, 0.003]","[0.051, 0.07, 0.048, 0.023, 0.041, 0.043, 0.066, 0.09, 0.025, 0.107]",3000,0.0010756473056972027,0.22443286309642005,
15,R6,3240,-0.02256387776521392,-0.009704976590966518,-0.07262672634384167,0.058331496589701624,-0.09106374251243997,-0.061693064426960834,-0.05706796899527225,0.781650960445404,0.08292395621538162,0.06816691160202026,0.8645749092102051,0.9799320101737976,0.9906599521636963,0,3,4,"[0.7817, 0.0829, 0.0682, 0.0322, 0.0149, 0.0037, 0.0026, 0.0018, 0.0015, 0.0011]","[0.023, 0.01, 0.073, 0.019, 0.002, 0.184, 0.091, 0.121, 0.12, 0.177]",3000,0.011199839413166046,0.2688943969318767,
15,R7,3240,0.018609433860779127,-0.0553064325798365,-0.03959606977952151,-0.054338251801102605,0.07040778168534173,0.08363925734607427,0.05514252750521031,0.8068779706954956,0.09852033853530884,0.03301620855927467,0.9053983092308044,0.9776678085327148,0.9900137782096863,0,2,4,"[0.8069, 0.0985, 0.033, 0.0304, 0.0089, 0.0044, 0.0027, 0.0022, 0.0016, 0.0015]","[0.019, 0.055, 0.04, 0.103, 0.01, 0.029, 0.076, 0.069, 0.154, 0.099]",3000,0.019803769886493683,-0.1599757206544407,
16,T0,3240,-0.06070823591218914,-0.06854371984622573,0.01940365985543787,0.024845944853186277,0.02551829844373762,0.00882074393216252,0.037797709755745576,0.6864179372787476,0.2573990225791931,0.013229474425315857,0.9438169598579407,0.9755125045776367,0.9885530471801758,0,2,3,"[0.6864, 0.2574, 0.0132, 0.01, 0.0085, 0.0035, 0.003, 0.0025, 0.0021, 0.0019]","[0.061, 0.069, 0.019, 0.067, 0.002, 0.165, 0.068, 0.239, 0.279, 0.201]",3000,0.06204107776284218,0.08852608752443583,
16,T1,3240,-0.0006783455179864277,-0.004756596215388403,-0.049338489525352705,0.03057610801624016,0.10578808070243209,4.6042875824192483e-07,0.041313582019965475,0.49112093448638916,0.31052061915397644,0.06656540185213089,0.801641583442688,0.9128048419952393,0.9564722776412964,1,5,9,"[0.4911, 0.3105, 0.0666, 0.0296, 0.015, 0.0126, 0.0121, 0.0085, 0.0054, 0.0051]","[0.001, 0.005, 0.049, 0.042, 0.023, 0.029, 0.056, 0.102, 0.354, 0.08]",3000,0.04311263933777809,-0.0630987307146358,
16,T2,3240,-0.1300856842085227,-0.08594839741903884,0.1265961598969191,0.00949091254443257,0.012748267766237623,-0.03252707931960631,-0.013665060684676728,0.40256211161613464,0.22922253608703613,0.1381475031375885,0.6317846775054932,0.8250952959060669,0.9155426621437073,5,9,18,"[0.4026, 0.2292, 0.1381, 0.0292, 0.026, 0.0241, 0.0217, 0.0193, 0.0149, 0.0105]","[0.13, 0.086, 0.127, 0.06, 0.003, 0.302, 0.457, 0.575, 0.329, 0.315]",3000,0.0138956094160676,-0.011372554677996425,
16,T3,3240,-0.09361104807325663,0.1071274632724581,-0.04019884069260983,-0.023682558857105174,-0.020359470040958116,-0.03244650105594105,0.017585112586166043,0.6277391910552979,0.2513137757778168,0.05370958521962166,0.879052996635437,0.9639135599136353,0.9841028451919556,0,3,4,"[0.6277, 0.2513, 0.0537, 0.0212, 0.01, 0.006, 0.0048, 0.0038, 0.0035, 0.002]","[0.094, 0.107, 0.04, 0.026, 0.146, 0.116, 0.05, 0.039, 0.106, 0.144]",3000,0.04090315103530884,0.10317441248321879,
16,T4,3240,-0.09487543424762648,0.09325577044332121,0.037058509450459146,0.00824081849410961,-0.02246811014133807,-0.026741865482311875,0.004820179445993135,0.6648778319358826,0.200780987739563,0.057395052164793015,0.8656588196754456,0.9520264267921448,0.9797372221946716,2,3,5,"[0.6649, 0.2008, 0.0574, 0.0154, 0.0136, 0.0105, 0.006, 0.005, 0.0036, 0.0025]","[0.095, 0.093, 0.037, 0.148, 0.072, 0.19, 0.043, 0.144, 0.462, 0.446]",3000,0.036112044006586075,0.06405313352735015,
16,T5,3240,-0.16150446901092289,0.07877018690813463,-0.02848054896533238,-0.012142725398205205,-0.003131761886736102,-0.03551402444381624,0.0017379171012345022,0.6187232732772827,0.2646569013595581,0.046129386872053146,0.8833801746368408,0.9651000499725342,0.9829345941543579,1,3,4,"[0.6187, 0.2647, 0.0461, 0.0269, 0.0086, 0.0049, 0.0045, 0.0037, 0.0024, 0.0022]","[0.162, 0.079, 0.028, 0.007, 0.111, 0.108, 0.082, 0.009, 0.349, 0.239]",3000,0.04033908620476723,0.06486271654264529,
16,T6,3240,-0.18607669547501263,-0.007323330129954466,0.06896349465112094,-0.019706807046952986,0.0028220909670818944,-0.05869091107578127,0.013637926747125804,0.510442316532135,0.34722307324409485,0.05849733576178551,0.8576654195785522,0.9516662359237671,0.9769275188446045,0,3,5,"[0.5104, 0.3472, 0.0585, 0.0263, 0.0092, 0.0081, 0.0063, 0.0049, 0.0033, 0.0027]","[0.186, 0.007, 0.069, 0.063, 0.135, 0.001, 0.064, 0.173, 0.187, 0.265]",3000,0.04388769716024399,0.16140756114519816,
16,T7,3240,-0.14502092217348264,0.005349462741701803,-0.02405895093577191,-0.029031881056884153,-0.004586974681028218,-0.047911203851324365,0.019658147237619727,0.5980003476142883,0.24771730601787567,0.07729333639144897,0.8457176685333252,0.9571231007575989,0.9781762957572937,1,3,5,"[0.598, 0.2477, 0.0773, 0.022, 0.0121, 0.0065, 0.0051, 0.0043, 0.0028, 0.0023]","[0.145, 0.005, 0.024, 0.09, 0.019, 0.122, 0.031, 0.097, 0.368, 0.1]",3000,0.034658532589673996,0.14149415046224637,
16,T8,3240,-0.08625317460878303,-0.10824200418226441,-0.053742446159528195,0.006827892287073198,-0.019950676570880038,-0.03587922117463418,0.016107324930693927,0.6735755801200867,0.19316968321800232,0.06350255757570267,0.8667452335357666,0.9592395424842834,0.9812913537025452,1,3,4,"[0.6736, 0.1932, 0.0635, 0.0212, 0.0078, 0.0061, 0.0053, 0.0047, 0.0032, 0.0028]","[0.086, 0.108, 0.054, 0.112, 0.009, 0.127, 0.012, 0.09, 0.423, 0.196]",3000,0.03313490375876427,0.08302515367969343,
16,R0,3240,-0.1541540370566983,0.15995738988007704,-0.12192944111742152,-0.042011643050156866,-0.0419276425929617,0.004771840416409376,-0.04284350972748371,0.792119026184082,0.1452796459197998,0.023263148963451385,0.9373986721038818,0.9792695641517639,0.991354763507843,1,2,3,"[0.7921, 0.1453, 0.0233, 0.0137, 0.0049, 0.0032, 0.0026, 0.0025, 0.002, 0.0018]","[0.154, 0.16, 0.122, 0.161, 0.106, 0.065, 0.008, 0.128, 0.333, 0.104]",3000,0.045470938086509705,0.06467395559167254,
16,R1,3240,0.02826544930665088,-0.140496161135068,0.04039576989368571,0.0007161283603396053,0.029600416762980204,-0.04700307190651199,0.04425361608510678,0.8875629305839539,0.0720200464129448,0.014428485184907913,0.9595829844474792,0.9832437038421631,0.9927584528923035,0,2,2,"[0.8876, 0.072, 0.0144, 0.0055, 0.0037, 0.0023, 0.0021, 0.0019, 0.0017, 0.0015]","[0.028, 0.14, 0.04, 0.036, 0.018, 0.239, 0.061, 0.196, 0.03, 0.068]",3000,0.03492455929517746,0.006126753293340151,
16,R2,3240,0.15639478204237486,0.11748582974138773,-0.006517897548292554,0.024459766327503556,0.03373061975083165,0.026759707644184,0.12674578512931006,0.8836097121238708,0.07821696251630783,0.01409182045608759,0.9618266820907593,0.9846670627593994,0.9929766654968262,0,2,2,"[0.8836, 0.0782, 0.0141, 0.0055, 0.0032, 0.0021, 0.0019, 0.0017, 0.0015, 0.0012]","[0.156, 0.117, 0.007, 0.042, 0.177, 0.043, 0.063, 0.028, 0.269, 0.028]",3000,0.03641531243920326,0.08276039900407743,
16,R3,3240,0.032586630364474706,0.009224566987863822,0.24049204298090754,0.01634023268166301,0.20905139293131922,0.04413705526970534,0.14522608627192668,0.5595932006835938,0.26104968786239624,0.05112319439649582,0.82064288854599,0.9204846620559692,0.9671990871429443,0,5,8,"[0.5596, 0.261, 0.0511, 0.0269, 0.0218, 0.0132, 0.0118, 0.011, 0.006, 0.0047]","[0.033, 0.009, 0.24, 0.092, 0.087, 0.024, 0.065, 0.049, 0.101, 0.001]",3000,0.1785360723733902,-0.20335630586354314,
16,R4,3240,-0.07594961675220539,-0.05654240064312537,-0.06313918664987987,0.02633666383220861,-0.09215938452474055,-0.09618657982143491,-0.07077401383236999,0.6450729966163635,0.2642419636249542,0.03177206590771675,0.9093149900436401,0.9668800234794617,0.9859501719474792,0,2,4,"[0.6451, 0.2642, 0.0318, 0.0183, 0.0075, 0.0064, 0.006, 0.0031, 0.0021, 0.0014]","[0.076, 0.057, 0.063, 0.071, 0.04, 0.063, 0.042, 0.014, 0.157, 0.074]",3000,0.02107233740389347,0.25316355093657006,
16,R5,3240,0.013228757595037161,-0.08014016685993224,0.05069051679509736,0.055769297596203825,0.01450363709509658,0.026446054069780116,-0.033178443151264406,0.633813738822937,0.18892063200473785,0.05661594122648239,0.8227343559265137,0.9573029279708862,0.9813728332519531,0,4,5,"[0.6338, 0.1889, 0.0566, 0.0453, 0.0327, 0.0079, 0.0057, 0.0044, 0.0032, 0.0029]","[0.013, 0.08, 0.051, 0.027, 0.044, 0.063, 0.046, 0.102, 0.075, 0.114]",3000,0.0022689991164952517,-0.00035183004890437683,
16,R6,3240,0.0030753280626944456,-0.08041056880891922,0.07149096119611688,0.06194872484376284,-0.08398760344060363,-0.08253632957700568,-0.04316268278683756,0.7950437068939209,0.06986537575721741,0.061128370463848114,0.8649090528488159,0.9798347353935242,0.9904274940490723,0,3,4,"[0.795, 0.0699, 0.0611, 0.0401, 0.0137, 0.0035, 0.0028, 0.0017, 0.0014, 0.0012]","[0.003, 0.08, 0.071, 0.029, 0.003, 0.191, 0.085, 0.107, 0.159, 0.114]",3000,0.01704833284020424,0.2611590787455564,
16,R7,3240,-0.08344267346895516,-0.06317567617017553,-0.08822628646693102,-0.06609014954701889,-0.002188253457984854,0.04366426194193948,-0.035893891294823316,0.8093799948692322,0.08833761513233185,0.039179131388664246,0.8977175951004028,0.9764508605003357,0.9889606237411499,0,3,4,"[0.8094, 0.0883, 0.0392, 0.0301, 0.0095, 0.004, 0.003, 0.0021, 0.0017, 0.0017]","[0.083, 0.063, 0.088, 0.111, 0.061, 0.024, 0.145, 0.091, 0.129, 0.048]",3000,0.02208194136619568,-0.037022916224387206,
17,T0,3240,0.048393664687458565,-0.09880027115027318,0.041658121425424834,0.08024456348346838,0.04996699285060986,0.06323140993596778,0.013540988029738282,0.66792231798172,0.26229867339134216,0.015824606642127037,0.9302209615707397,0.9686067700386047,0.984703004360199,1,2,4,"[0.6679, 0.2623, 0.0158, 0.0117, 0.0109, 0.0044, 0.0036, 0.0032, 0.0027, 0.0021]","[0.048, 0.099, 0.042, 0.056, 0.008, 0.033, 0.012, 0.302, 0.258, 0.118]",3000,0.05958540365099907,-0.10999471457147934,
17,T1,3240,0.010395800802697147,3.998916385478265e-05,0.038497806197662555,0.021388886486088294,0.09263396952994743,0.013808000142792575,0.038475077501230505,0.49485838413238525,0.3019830584526062,0.06226491555571556,0.7968414425849915,0.9060421586036682,0.9524127840995789,1,5,10,"[0.4949, 0.302, 0.0623, 0.0327, 0.0142, 0.014, 0.013, 0.0087, 0.0058, 0.0049]","[0.01, 0.0, 0.038, 0.076, 0.002, 0.01, 0.112, 0.096, 0.405, 0.098]",3000,0.0450265109539032,-0.08386060333190536,
17,T2,3240,-0.12249176640783097,0.03168154510569757,0.06961024261146993,0.03301070092815462,0.07245957723059712,0.0009394281426519693,-0.03890891777011568,0.33763664960861206,0.2581822872161865,0.14755430817604065,0.5958189368247986,0.8117986917495728,0.9039403796195984,3,10,20,"[0.3376, 0.2582, 0.1476, 0.0375, 0.0309, 0.0249, 0.0204, 0.0194, 0.017, 0.0105]","[0.122, 0.032, 0.07, 0.195, 0.579, 0.279, 0.117, 0.301, 0.568, 0.204]",3000,0.02754414640367031,-0.05335784801226374,
17,T3,3240,-0.08050611322922466,0.0611582792881944,-0.013119389817570187,-0.039034555504942905,-0.029970678685672793,-0.0354010540234013,0.014123087544079895,0.6358307600021362,0.24793750047683716,0.047223951667547226,0.8837682604789734,0.9611474275588989,0.9821144938468933,0,3,4,"[0.6358, 0.2479, 0.0472, 0.0199, 0.0102, 0.0061, 0.0054, 0.0039, 0.0036, 0.0019]","[0.081, 0.061, 0.013, 0.046, 0.16, 0.101, 0.101, 0.006, 0.108, 0.029]",3000,0.04212661460042,0.10149823805186718,
17,T4,3240,-0.08238208136919159,-0.06949779100204236,-0.02919010804350341,0.01889849026868148,-0.010507544883525637,-0.017450188343017474,-0.016816006641039567,0.6548001766204834,0.19926103949546814,0.05851810425519943,0.8540612459182739,0.9449127912521362,0.9744130969047546,2,3,6,"[0.6548, 0.1993, 0.0585, 0.0188, 0.0135, 0.0105, 0.0065, 0.0054, 0.0041, 0.003]","[0.082, 0.069, 0.029, 0.124, 0.041, 0.203, 0.036, 0.005, 0.598, 0.697]",3000,0.03993997722864151,0.0018782071497509933,
17,T5,3240,-0.13465301940120183,0.06551217786227967,-0.03495523549720868,-0.023602934945242883,-0.023184488532159726,-0.04657891976695717,-0.0024491709864878962,0.6203150749206543,0.26323074102401733,0.04527049884200096,0.8835458159446716,0.9622781872749329,0.9811228513717651,0,3,4,"[0.6203, 0.2632, 0.0453, 0.0245, 0.0089, 0.0054, 0.005, 0.0037, 0.0027, 0.0021]","[0.135, 0.066, 0.035, 0.015, 0.111, 0.197, 0.099, 0.029, 0.296, 0.114]",3000,0.04050309583544731,0.08915904662523629,
17,T6,3240,-0.16680753961414888,0.019210683223977912,0.05460586672200168,-0.009998194085506836,0.005056442991762308,-0.05395505007569379,0.010308435911331244,0.5348576307296753,0.3185208737850189,0.05868754908442497,0.8533785343170166,0.9494196176528931,0.9748830795288086,0,3,6,"[0.5349, 0.3185, 0.0587, 0.0274, 0.0099, 0.0079, 0.0065, 0.0048, 0.0034, 0.0028]","[0.167, 0.019, 0.055, 0.056, 0.077, 0.061, 0.055, 0.144, 0.157, 0.257]",3000,0.04225494712591171,0.15951239280344207,
17,T7,3240,-0.12853695078668087,0.023723515766522926,-0.035953299737526485,-0.03271003904638973,-0.00903498628098775,-0.056155863859184856,0.013763202817601653,0.6028447151184082,0.24384750425815582,0.07321739196777344,0.8466922044754028,0.9539382457733154,0.9761660099029541,1,3,5,"[0.6028, 0.2438, 0.0732, 0.0222, 0.0118, 0.0068, 0.0055, 0.0045, 0.0031, 0.0024]","[0.129, 0.024, 0.036, 0.081, 0.019, 0.127, 0.034, 0.124, 0.328, 0.004]",3000,0.03532480448484421,0.1301722335771781,
17,T8,3240,-0.07195164163255192,0.0704721274570685,-0.01130248546852734,0.007773788846068446,-0.0268768002904692,-0.02499753437416839,0.013936019493947623,0.6615661978721619,0.200304314494133,0.0635555237531662,0.861870527267456,0.9549447298049927,0.9784206748008728,2,3,5,"[0.6616, 0.2003, 0.0636, 0.0209, 0.0086, 0.0066, 0.0057, 0.0049, 0.0035, 0.0028]","[0.072, 0.07, 0.011, 0.103, 0.106, 0.131, 0.118, 0.047, 0.327, 0.427]",3000,0.033682890236377716,0.06673128012004931,
17,R0,3240,-0.14606488146473592,0.15557122498288034,0.10244592855967731,-0.05081962095385368,-0.04706393433537796,0.0056947514921619,-0.04592901355889185,0.7569032907485962,0.18720659613609314,0.019875477999448776,0.9441099166870117,0.9805310964584351,0.9914830327033997,1,2,3,"[0.7569, 0.1872, 0.0199, 0.0119, 0.0046, 0.0028, 0.0023, 0.0023, 0.0018, 0.0017]","[0.146, 0.156, 0.102, 0.157, 0.063, 0.085, 0.009, 0.051, 0.351, 0.012]",3000,0.05117424577474594,0.06385033840237467,
17,R1,3240,0.011861100604751772,-0.18660729409077645,0.07948771825531264,0.01430455810001637,0.0646745398739528,-0.0774943893991569,0.061834185553112944,0.8988039493560791,0.06521479785442352,0.012394610792398453,0.9640187621116638,0.9840502738952637,0.9928715229034424,0,2,2,"[0.8988, 0.0652, 0.0124, 0.0046, 0.003, 0.0025, 0.0018, 0.0016, 0.0014, 0.0014]","[0.012, 0.187, 0.079, 0.053, 0.008, 0.083, 0.174, 0.123, 0.056, 0.076]",3000,0.03524811938405037,0.042344828178728054,
17,R2,3240,0.13367199155706685,0.1282535039441901,-0.03549693809294571,0.03759438349796339,0.07398923197062414,0.0050296491820948416,0.1279047598717658,0.9097662568092346,0.06001335009932518,0.01050882413983345,0.9697796106338501,0.9871090650558472,0.9936972856521606,0,1,2,"[0.9098, 0.06, 0.0105, 0.0041, 0.0028, 0.0016, 0.0016, 0.0015, 0.0011, 0.0008]","[0.134, 0.128, 0.035, 0.0, 0.191, 0.055, 0.057, 0.032, 0.248, 0.053]",3000,0.03441163897514343,0.09157448319364749,
17,R3,3240,0.0464725287029221,0.04840047276123759,0.2218156774492135,0.02975126904697234,0.21372767914514043,0.06200619161690492,0.12386279544133424,0.5506870150566101,0.2681795656681061,0.04897313937544823,0.8188666105270386,0.9173128604888916,0.9637234210968018,0,5,8,"[0.5507, 0.2682, 0.049, 0.0268, 0.0227, 0.0129, 0.0118, 0.0106, 0.006, 0.005]","[0.046, 0.048, 0.222, 0.103, 0.135, 0.009, 0.083, 0.06, 0.13, 0.067]",3000,0.17816975712776184,-0.2368581120197528,
17,R4,3240,-0.07212823482334837,-0.053878115947038556,-0.04596217945248461,0.016609882656566523,-0.097359543028234,-0.07813698788230863,-0.07458227343464557,0.6391519904136658,0.2672368884086609,0.03469424694776535,0.9063888788223267,0.9663554430007935,0.9850769639015198,0,2,4,"[0.6392, 0.2672, 0.0347, 0.0177, 0.0076, 0.0064, 0.0057, 0.0032, 0.0019, 0.0015]","[0.072, 0.054, 0.046, 0.125, 0.009, 0.064, 0.036, 0.054, 0.022, 0.19]",3000,0.022961268201470375,0.2385571855243742,
17,R5,3240,-0.01022397407997203,-0.08663772128322851,0.032045746928228154,0.048645054922997595,0.014737985959633946,0.0257709628207,-0.018222684465920354,0.6473986506462097,0.18337957561016083,0.0521184504032135,0.8307782411575317,0.9554141163825989,0.9805238246917725,0,4,5,"[0.6474, 0.1834, 0.0521, 0.0398, 0.0327, 0.0084, 0.006, 0.0043, 0.0034, 0.003]","[0.01, 0.087, 0.032, 0.026, 0.031, 0.071, 0.035, 0.113, 0.052, 0.017]",3000,0.0026152280624955893,0.02405250044639118,
17,R6,3240,0.00573003742023804,0.07371007139185226,-0.07347044425617252,0.05410233776031487,-0.07188938402593358,-0.08470246632995629,-0.02550384382866206,0.8131716251373291,0.060171280056238174,0.05526542291045189,0.8733429312705994,0.9787858724594116,0.9894922971725464,0,3,4,"[0.8132, 0.0602, 0.0553, 0.0378, 0.0124, 0.0036, 0.0028, 0.0016, 0.0015, 0.0013]","[0.006, 0.074, 0.073, 0.019, 0.01, 0.253, 0.177, 0.106, 0.085, 0.1]",3000,0.01870376244187355,0.26483028530152286,
17,R7,3240,0.00941445448120339,0.07972055842280926,-0.09139333024971519,-0.0752544757778468,0.05574695559704411,0.06720733864214326,0.04185327019133302,0.8034883141517639,0.08217661082744598,0.04325971379876137,0.8856649398803711,0.9715549349784851,0.9854537844657898,0,3,4,"[0.8035, 0.0822, 0.0433, 0.0325, 0.0102, 0.0038, 0.0037, 0.0024, 0.0021, 0.0019]","[0.009, 0.08, 0.091, 0.086, 0.071, 0.169, 0.144, 0.152, 0.134, 0.185]",3000,0.023290308192372322,-0.20472938325528234,
18,T0,3240,0.052461066167772664,-0.0896660096464046,0.07671592179262782,0.10769819924110997,0.12614155076784633,0.05645451572207505,0.0032995219881883633,0.6445050239562988,0.25522857904434204,0.023084070533514023,0.8997336030006409,0.9538268446922302,0.9765415787696838,1,3,5,"[0.6445, 0.2552, 0.0231, 0.0165, 0.0145, 0.0069, 0.0053, 0.0041, 0.0036, 0.0028]","[0.052, 0.09, 0.077, 0.058, 0.076, 0.194, 0.088, 0.43, 0.121, 0.064]",3000,0.05201178044080734,-0.15527970163563845,
18,T1,3240,0.009369097330621,0.011249437283519943,-0.062063394621151596,0.029612380885253607,0.07824610759447548,0.014700829866560376,0.03914331885233471,0.44538453221321106,0.275288850069046,0.09198231995105743,0.7206733822822571,0.8659465312957764,0.9262875914573669,2,8,15,"[0.4454, 0.2753, 0.092, 0.0347, 0.0186, 0.0165, 0.0159, 0.0104, 0.0096, 0.0079]","[0.009, 0.011, 0.062, 0.026, 0.106, 0.232, 0.138, 0.226, 0.421, 0.639]",3000,0.04666958004236221,-0.03962443302372732,
18,T2,3240,-0.10826724116556595,-0.020469756234783188,-0.12943291178686117,0.012775976688846787,0.04687536480998356,0.016003596826792532,-0.06370669317878841,0.32302379608154297,0.2574966251850128,0.14397017657756805,0.5805203914642334,0.7928758263587952,0.8902691006660461,2,11,24,"[0.323, 0.2575, 0.144, 0.0353, 0.0331, 0.0262, 0.0209, 0.0187, 0.017, 0.0147]","[0.108, 0.02, 0.129, 0.199, 0.666, 0.1, 0.484, 0.02, 0.267, 0.159]",3000,0.035940296947956085,-0.07030592301992718,
18,T3,3240,-0.08164573892919523,0.03566578181900973,0.04967584435360571,-0.047226304226347306,-0.044402298450544976,-0.019115434851744707,0.01172094251989682,0.6182740926742554,0.23415347933769226,0.05908055976033211,0.85242760181427,0.9461649060249329,0.9750350713729858,0,3,6,"[0.6183, 0.2342, 0.0591, 0.0221, 0.0125, 0.0102, 0.0075, 0.0047, 0.0036, 0.0028]","[0.082, 0.036, 0.05, 0.055, 0.158, 0.094, 0.112, 0.004, 0.135, 0.25]",3000,0.040456999093294144,0.11647770407392316,
18,T4,3240,-0.02291555309927196,0.010020238469010453,-0.0805058531315307,0.04162775994980758,0.006674535439868539,0.016574050767978524,-0.04221203802490062,0.6375110745429993,0.18009166419506073,0.06560155749320984,0.8176027536392212,0.9186853766441345,0.9571179747581482,3,4,9,"[0.6375, 0.1801, 0.0656, 0.0214, 0.0141, 0.0114, 0.0088, 0.0079, 0.0063, 0.004]","[0.023, 0.01, 0.081, 0.004, 0.28, 0.344, 0.638, 0.611, 0.081, 0.109]",3000,0.050263550132513046,-0.09738568947168705,
18,T5,3240,-0.12754928814822378,0.04187513900221292,0.0007319421792719625,0.024143147171058282,0.03624067973755059,-0.02679976818625385,-0.03519063185841393,0.6061119437217712,0.24961574375629425,0.05576255917549133,0.8557276725769043,0.9483449459075928,0.9748650193214417,1,3,6,"[0.6061, 0.2496, 0.0558, 0.0249, 0.012, 0.0089, 0.0068, 0.005, 0.0033, 0.0025]","[0.128, 0.042, 0.001, 0.015, 0.178, 0.169, 0.071, 0.06, 0.306, 0.01]",3000,0.04014744237065315,0.02514434014776087,
18,T6,3240,-0.14718503633504648,0.010892972512896474,0.038058873743572814,-0.036065048893203756,0.001039435869267624,-0.05192472895322431,0.03769645588113287,0.5345040559768677,0.300947368144989,0.06696353107690811,0.8354514241218567,0.9403321743011475,0.9702898263931274,0,3,7,"[0.5345, 0.3009, 0.067, 0.0263, 0.0116, 0.0093, 0.0078, 0.0052, 0.0042, 0.0036]","[0.147, 0.011, 0.038, 0.027, 0.045, 0.072, 0.02, 0.146, 0.109, 0.017]",3000,0.04018612205982208,0.17641345496591468,
18,T7,3240,-0.14779487027816346,-0.005143069675751242,-0.0005270689279204883,-0.03695408700592921,-0.010652869174651474,-0.054327797461705254,-0.006850675148215386,0.6097865700721741,0.23281703889369965,0.07306333631277084,0.8426036238670349,0.9489614963531494,0.9729486703872681,1,3,6,"[0.6098, 0.2328, 0.0731, 0.0213, 0.012, 0.0076, 0.0062, 0.0042, 0.0037, 0.0023]","[0.148, 0.005, 0.001, 0.092, 0.068, 0.131, 0.024, 0.091, 0.208, 0.844]",3000,0.04005424678325653,0.12539581377763617,
18,T8,3240,-0.06446403072727867,0.01465395496323603,-0.0026344776932342813,0.02599022750308205,-0.017028347503740923,-0.004603635847536242,-0.018124288251702345,0.6628311276435852,0.180581197142601,0.0723239853978157,0.8434123396873474,0.9454323649406433,0.9718132019042969,2,3,6,"[0.6628, 0.1806, 0.0723, 0.0194, 0.0103, 0.0085, 0.0059, 0.0048, 0.0039, 0.0033]","[0.064, 0.015, 0.003, 0.076, 0.095, 0.067, 0.006, 0.354, 0.805, 0.042]",3000,0.04279763624072075,-0.0015079993190474617,
18,R0,3240,-0.08990732294275819,0.1365887233677628,0.08740630871083661,-0.04300128165649829,-0.042691331826570415,0.004300024154941586,-0.04505673137370953,0.7780271768569946,0.16400998830795288,0.01996898278594017,0.9420371651649475,0.9783739447593689,0.989989161491394,1,2,3,"[0.778, 0.164, 0.02, 0.0115, 0.0049, 0.0031, 0.0028, 0.0022, 0.0018, 0.0018]","[0.09, 0.137, 0.087, 0.208, 0.042, 0.083, 0.061, 0.078, 0.27, 0.437]",3000,0.04971790686249733,0.03618295145377306,
18,R1,3240,-0.026948754528062363,-0.1600830913958817,0.08289814177048227,0.002582850897781371,0.03682637783483408,-0.09424925241724781,0.0462002480860147,0.891099750995636,0.06546349823474884,0.01486633624881506,0.9565632343292236,0.9801441431045532,0.9903851747512817,0,2,2,"[0.8911, 0.0655, 0.0149, 0.0049, 0.0038, 0.0031, 0.0019, 0.0019, 0.0018, 0.0016]","[0.027, 0.16, 0.083, 0.076, 0.03, 0.077, 0.088, 0.092, 0.155, 0.042]",3000,0.03606734052300453,0.08731648972165312,
18,R2,3240,0.1299567271544446,0.10747821505452404,-0.017203939137789774,0.03684960999631551,0.0714081315599753,0.003213457680438058,0.12316719749222955,0.8964371681213379,0.06600601226091385,0.012920120730996132,0.9624431729316711,0.9833227396011353,0.9916897416114807,0,2,2,"[0.8964, 0.066, 0.0129, 0.0046, 0.0034, 0.0026, 0.002, 0.0015, 0.0013, 0.0009]","[0.13, 0.107, 0.017, 0.016, 0.227, 0.011, 0.058, 0.099, 0.215, 0.029]",3000,0.035396937280893326,0.09780109669459676,
18,R3,3240,0.020964026341329156,-0.0022488853384904977,0.22817900755170348,0.045356052585821274,0.21018936129774235,0.0616454791793586,0.14173129850909344,0.5244654417037964,0.2918959856033325,0.0424296073615551,0.8163614273071289,0.9124458432197571,0.9617565274238586,0,5,8,"[0.5245, 0.2919, 0.0424, 0.0298, 0.0239, 0.0151, 0.0124, 0.0111, 0.0058, 0.0049]","[0.021, 0.002, 0.228, 0.144, 0.095, 0.054, 0.049, 0.086, 0.084, 0.104]",3000,0.16173574328422546,-0.20452567153515092,
18,R4,3240,-0.07117049234531217,-0.05353879546795107,-0.01262875204093132,0.02389359716487692,-0.0928913805624997,-0.08764443744927412,-0.05080952208798637,0.6325056552886963,0.2623484134674072,0.03543633222579956,0.8948540687561035,0.9583075046539307,0.9808026552200317,0,3,5,"[0.6325, 0.2623, 0.0354, 0.0184, 0.0096, 0.0077, 0.0062, 0.0037, 0.0029, 0.0021]","[0.071, 0.054, 0.013, 0.105, 0.023, 0.069, 0.057, 0.164, 0.257, 0.035]",3000,0.049626849591732025,0.25002801961497784,
18,R5,3240,-0.006014421911377066,-0.09025941750960928,0.04190955665485775,0.061208853742177556,0.025206119116738368,0.012559264394866322,-0.03203360197762187,0.6451696157455444,0.1805354654788971,0.04943917691707611,0.8257050514221191,0.9488943815231323,0.9765645861625671,0,4,6,"[0.6452, 0.1805, 0.0494, 0.0387, 0.035, 0.01, 0.0058, 0.0047, 0.0037, 0.0034]","[0.006, 0.09, 0.042, 0.042, 0.006, 0.15, 0.051, 0.154, 0.009, 0.068]",3000,0.004614511039108038,0.037466090075860915,
18,R6,3240,-0.0032093949102731706,0.07171283363348496,-0.0861194031996802,0.059337368411750906,-0.07248252665370733,-0.08254067338000937,-0.024804132912079346,0.8186982274055481,0.05620119720697403,0.052537743002176285,0.8748994469642639,0.9758801460266113,0.9876509308815002,0,3,4,"[0.8187, 0.0562, 0.0525, 0.0362, 0.0123, 0.0038, 0.0029, 0.0018, 0.0017, 0.0015]","[0.003, 0.072, 0.086, 0.024, 0.001, 0.185, 0.203, 0.076, 0.204, 0.024]",3000,0.020627301186323166,0.26355402596734295,
18,R7,3240,-0.005077344626089803,-0.04543235040657669,-0.07031386928748125,-0.08125065918220757,0.05444823867133021,0.05925695853708737,0.050446472682134855,0.774547815322876,0.08757540583610535,0.04353306069970131,0.8621232509613037,0.9548863768577576,0.9770296812057495,1,3,5,"[0.7745, 0.0876, 0.0435, 0.0334, 0.0159, 0.0086, 0.0047, 0.0037, 0.0027, 0.0024]","[0.005, 0.045, 0.07, 0.122, 0.096, 0.467, 0.131, 0.085, 0.052, 0.01]",3000,0.11882887780666351,-0.16454811381875084,
19,T0,3240,0.10099157193704424,-0.06607715169533641,0.05270275442886343,0.07901996530352842,0.13428721334747376,0.020631770532189026,0.038983768629688734,0.653123676776886,0.2447885274887085,0.022068610414862633,0.8979122042655945,0.950495719909668,0.9756425619125366,1,3,5,"[0.6531, 0.2448, 0.0221, 0.0162, 0.0144, 0.0074, 0.0059, 0.0051, 0.0037, 0.003]","[0.101, 0.066, 0.053, 0.106, 0.033, 0.258, 0.178, 0.372, 0.023, 0.138]",3000,0.05018016695976257,-0.1717578766936852,
19,T1,3240,0.06683339667162085,-0.012878984208327395,-0.03377933255415456,0.017177808233183586,0.07089621759276814,0.03330364323614186,0.010131356034748181,0.43054789304733276,0.2748401463031769,0.08741401135921478,0.705388069152832,0.8510878086090088,0.9172537326812744,1,9,17,"[0.4305, 0.2748, 0.0874, 0.0368, 0.0215, 0.0174, 0.0164, 0.0133, 0.0098, 0.0093]","[0.067, 0.013, 0.034, 0.134, 0.172, 0.095, 0.026, 0.208, 0.167, 0.704]",3000,0.04735945537686348,-0.0958233119115778,
19,T2,3240,-0.16592190209834617,-0.046305898315903656,-0.10863708696845178,0.014501165049373493,0.06196078908714347,0.004341147141076058,-0.003845773062308125,0.365458220243454,0.2214062362909317,0.13713671267032623,0.5868644714355469,0.7905642986297607,0.887415885925293,3,12,25,"[0.3655, 0.2214, 0.1371, 0.0349, 0.0316, 0.0243, 0.022, 0.0207, 0.0173, 0.0125]","[0.166, 0.046, 0.109, 0.384, 0.649, 0.043, 0.021, 0.415, 0.045, 0.274]",3000,0.031412865966558456,-0.04583972897726936,
19,T3,3240,-0.12390614821893084,0.02759693210884108,0.03845763302575762,-0.04642916561284318,-0.046083545085607115,-0.04154001981790307,0.028498493897216627,0.6148481965065002,0.2305212914943695,0.057508375495672226,0.8453694581985474,0.9409593343734741,0.97110915184021,1,3,6,"[0.6148, 0.2305, 0.0575, 0.0249, 0.0132, 0.0101, 0.0079, 0.005, 0.004, 0.0032]","[0.124, 0.028, 0.038, 0.076, 0.194, 0.152, 0.081, 0.015, 0.103, 0.335]",3000,0.03966319188475609,0.16544875014687765,
19,T4,3240,0.02182749470601663,-0.004427073970662344,-0.13166390093915303,0.0499467706291504,0.009061372536831607,0.026014317804842684,-0.04331357584206498,0.6418721675872803,0.17059461772441864,0.06335996091365814,0.8124668002128601,0.9148991107940674,0.9541084170341492,3,4,10,"[0.6419, 0.1706, 0.0634, 0.0242, 0.0148, 0.011, 0.0096, 0.0078, 0.0062, 0.0046]","[0.022, 0.004, 0.132, 0.055, 0.275, 0.446, 0.628, 0.178, 0.109, 0.515]",3000,0.05210695415735245,-0.12191095778032937,
19,T5,3240,-0.13224534859469786,-0.009082280095197338,-0.011071113777608393,0.016440816942642447,0.012103458560173126,-0.016571721605181968,-0.022279199662119987,0.603997528553009,0.24859501421451569,0.05495486408472061,0.8525925278663635,0.9462198615074158,0.9730010032653809,1,3,6,"[0.604, 0.2486, 0.055, 0.0267, 0.012, 0.0091, 0.0069, 0.0048, 0.0033, 0.0027]","[0.132, 0.009, 0.011, 0.086, 0.172, 0.197, 0.059, 0.02, 0.222, 0.443]",3000,0.038716163486242294,0.06785429715674951,
19,T6,3240,-0.1422974976691817,-0.0033735960550502386,0.011044878962122156,-0.04457187782753052,-0.009641296193067096,-0.06179823668764241,0.04342842904773993,0.5209173560142517,0.3129030466079712,0.06487417966127396,0.8338204026222229,0.9372819662094116,0.9674818515777588,0,4,7,"[0.5209, 0.3129, 0.0649, 0.0271, 0.0115, 0.0098, 0.0077, 0.0047, 0.0042, 0.0037]","[0.142, 0.003, 0.011, 0.024, 0.063, 0.1, 0.056, 0.055, 0.125, 0.084]",3000,0.04149695485830307,0.17682656816019676,
19,T7,3240,-0.18741791776825484,-0.029323629964763818,-0.04106383771554352,-0.035865825084627746,-0.011434013792472159,-0.07263962841589895,-0.019503052600106683,0.6147843599319458,0.22262254357337952,0.07370130717754364,0.8374068737030029,0.9455559253692627,0.9707169532775879,1,3,6,"[0.6148, 0.2226, 0.0737, 0.0222, 0.0122, 0.0077, 0.0064, 0.0042, 0.0038, 0.003]","[0.187, 0.029, 0.041, 0.111, 0.015, 0.14, 0.039, 0.149, 0.117, 0.77]",3000,0.04007422551512718,0.15619174225583637,
19,T8,3240,-0.07202349548552231,0.012871542634624462,-0.005081965972686626,0.030992639389785612,-0.02429939475625866,-0.01694850581318444,-0.014105812047785922,0.6807543635368347,0.16539840400218964,0.06959019601345062,0.8461527824401855,0.9457351565361023,0.9714314937591553,2,3,6,"[0.6808, 0.1654, 0.0696, 0.0189, 0.0111, 0.0078, 0.0059, 0.0049, 0.0038, 0.0034]","[0.072, 0.013, 0.005, 0.066, 0.144, 0.047, 0.054, 0.413, 0.799, 0.092]",3000,0.04101157188415527,0.010994046638062032,
19,R0,3240,-0.03713466970793812,0.12744152155764585,-0.080331098241981,-0.04795130243302351,-0.022518261435614674,0.0032963986241046793,-0.04266403175912789,0.8208182454109192,0.1252155303955078,0.0181528739631176,0.946033775806427,0.9790766835212708,0.9904730916023254,1,2,3,"[0.8208, 0.1252, 0.0182, 0.01, 0.0049, 0.0033, 0.0026, 0.002, 0.0019, 0.0016]","[0.037, 0.127, 0.08, 0.173, 0.039, 0.02, 0.046, 0.115, 0.163, 0.379]",3000,0.045789528638124466,-0.017804519131603427,
19,R1,3240,-0.022833858598495255,0.13973313279861863,0.06581768743226339,-0.007789518841416159,0.010549545585367505,-0.09769132056876571,0.04636873238586931,0.8771786093711853,0.06958562880754471,0.016322890296578407,0.9467642307281494,0.9762833714485168,0.9879999756813049,0,2,3,"[0.8772, 0.0696, 0.0163, 0.0082, 0.005, 0.0033, 0.0025, 0.0021, 0.0019, 0.0019]","[0.023, 0.14, 0.066, 0.052, 0.066, 0.122, 0.178, 0.113, 0.111, 0.004]",3000,0.036381740123033524,0.10511884068159809,
19,R2,3240,0.13080294340133677,0.11410706738336425,-0.0015162655271755165,0.032407260369928595,0.04944142472899573,0.009143764965529575,0.12528131373699966,0.8776724934577942,0.07737840712070465,0.015139748342335224,0.9550508856773376,0.9794047474861145,0.9895411729812622,0,2,2,"[0.8777, 0.0774, 0.0151, 0.0054, 0.0038, 0.0036, 0.0023, 0.0017, 0.0014, 0.0011]","[0.131, 0.114, 0.002, 0.062, 0.24, 0.188, 0.067, 0.083, 0.127, 0.023]",3000,0.036545053124427795,0.1101900278832917,
19,R3,3240,0.020787604817638226,-0.023608029803673828,0.14114578950542161,0.05511535542321031,0.20690576893067733,0.042756423982536026,0.1797095620542778,0.5142566561698914,0.3093284070491791,0.038983359932899475,0.823585033416748,0.9170156121253967,0.965317964553833,0,5,8,"[0.5143, 0.3093, 0.039, 0.0322, 0.0222, 0.0152, 0.0139, 0.0099, 0.0049, 0.0044]","[0.021, 0.024, 0.141, 0.284, 0.067, 0.077, 0.049, 0.1, 0.065, 0.076]",3000,0.14545120298862457,-0.18297470008927796,
19,R4,3240,0.0713461726020985,-0.06866247713524083,-0.038937791370261224,-0.03980155878768038,0.09044373328173436,0.0877796046954639,0.034685079534222917,0.6611250638961792,0.23020097613334656,0.03456273302435875,0.8913260698318481,0.9572259187698364,0.980352520942688,0,3,5,"[0.6611, 0.2302, 0.0346, 0.0214, 0.0099, 0.008, 0.0066, 0.0036, 0.0026, 0.0023]","[0.071, 0.069, 0.039, 0.089, 0.061, 0.042, 0.006, 0.142, 0.271, 0.085]",3000,0.047605112195014954,-0.26632379584871346,
19,R5,3240,-0.02387520281188163,-0.09312043325587127,0.009031539034774879,0.07351244059974935,-0.021272455674668598,-0.0420401297901154,-0.05650344662551644,0.6506158709526062,0.17545512318611145,0.05470205098390579,0.82607102394104,0.9508376717567444,0.9774917960166931,0,4,5,"[0.6506, 0.1755, 0.0547, 0.0363, 0.0338, 0.0096, 0.0053, 0.0045, 0.0036, 0.0035]","[0.024, 0.093, 0.009, 0.046, 0.021, 0.099, 0.015, 0.158, 0.028, 0.038]",3000,0.005414682440459728,0.15329932445378372,
19,R6,3240,-0.02940813056580852,0.05710102458346583,-0.09875440961304113,0.05065707776265445,-0.08887720108004353,-0.07556219785667036,-0.031513402561424875,0.8205313086509705,0.059293851256370544,0.047852545976638794,0.8798251748085022,0.9750577807426453,0.9876052737236023,1,3,4,"[0.8205, 0.0593, 0.0479, 0.0355, 0.0118, 0.0041, 0.0029, 0.0022, 0.0017, 0.0017]","[0.029, 0.057, 0.099, 0.017, 0.013, 0.073, 0.21, 0.14, 0.385, 0.105]",3000,0.022138796746730804,0.28986565000468856,
19,R7,3240,0.027582018886015205,-0.04290340114458217,-0.07209213976478723,-0.07805483552589629,0.0632188562364152,0.0717101535448831,0.05370997429853794,0.7868420481681824,0.07499876618385315,0.04107110574841499,0.8618408441543579,0.9559555053710938,0.9772266149520874,1,3,5,"[0.7868, 0.075, 0.0411, 0.0373, 0.0158, 0.007, 0.0047, 0.0041, 0.0031, 0.0024]","[0.028, 0.043, 0.072, 0.124, 0.036, 0.519, 0.124, 0.07, 0.062, 0.018]",3000,0.10811194777488708,-0.18908843413622356,
20,T0,3240,0.11713348930493614,-0.0642362276772227,0.06667670606330985,0.07777428015476136,0.11808231094057321,0.003750326260704884,0.06488238986067188,0.6719038486480713,0.22903864085674286,0.02197818085551262,0.9009425044059753,0.953037679195404,0.9771186113357544,1,2,5,"[0.6719, 0.229, 0.022, 0.0163, 0.0138, 0.0071, 0.0056, 0.0047, 0.0038, 0.003]","[0.117, 0.064, 0.067, 0.09, 0.011, 0.246, 0.118, 0.349, 0.021, 0.044]",3000,0.04873960465192795,-0.15181829518708653,
20,T1,3240,0.05218998831940549,-0.005733422040141944,0.014721341356233257,-0.009760546274907862,0.06598122989544906,0.058135451324924835,-0.02257859848672653,0.38472580909729004,0.26208755373954773,0.10983946919441223,0.6468133926391602,0.8211843371391296,0.9003403186798096,0,10,20,"[0.3847, 0.2621, 0.1098, 0.0412, 0.0233, 0.0199, 0.0187, 0.0159, 0.0133, 0.0114]","[0.052, 0.006, 0.015, 0.101, 0.109, 0.069, 0.015, 0.151, 0.038, 0.152]",3000,0.03213665261864662,-0.11101743439451126,
20,T2,3240,0.14921692339586576,-0.059271863653507506,-0.016970377084832716,0.017589138456832795,-0.03935817161188404,-0.020957487092421925,-0.02921647071302821,0.4281308650970459,0.1436753123998642,0.09942848235368729,0.5718061923980713,0.7635483145713806,0.865066647529602,4,15,32,"[0.4281, 0.1437, 0.0994, 0.0627, 0.0297, 0.0263, 0.0227, 0.0194, 0.0175, 0.0156]","[0.149, 0.059, 0.017, 0.079, 0.423, 0.389, 0.289, 0.503, 0.237, 0.376]",3000,0.028160665184259415,0.014106224386401337,
20,T3,3240,-0.08711035142806269,0.03786945863163757,0.043410528576081985,-0.03515375503494759,-0.027806928592614168,-0.05220307863649691,0.019674793482629002,0.6848454475402832,0.18865567445755005,0.047089722007513046,0.8735011219978333,0.9524804353713989,0.9770906567573547,1,3,5,"[0.6848, 0.1887, 0.0471, 0.021, 0.0109, 0.0082, 0.0067, 0.0041, 0.0032, 0.0024]","[0.087, 0.038, 0.043, 0.113, 0.191, 0.131, 0.091, 0.025, 0.021, 0.308]",3000,0.038701027631759644,0.13926686123430093,
20,T4,3240,0.007630881509577798,-0.007797734793993407,-0.11089685331286585,0.051542193896918755,0.011353736268614871,0.010136870879063618,-0.01865996298773933,0.6368544101715088,0.14945466816425323,0.07348766177892685,0.7863090634346008,0.9054661393165588,0.9479285478591919,2,5,11,"[0.6369, 0.1495, 0.0735, 0.0257, 0.02, 0.0107, 0.0099, 0.0089, 0.0074, 0.0055]","[0.008, 0.008, 0.111, 0.038, 0.164, 0.784, 0.292, 0.066, 0.199, 0.507]",3000,0.04877050966024399,-0.08431586413624428,
20,T5,3240,-0.17214252956688522,0.016881863784228294,0.0010236780092118228,-0.021863893134906647,-0.03316109388097503,-0.04926049680780045,-0.013250563176057396,0.6241161227226257,0.2367391735315323,0.05190783366560936,0.8608552813529968,0.9487556219100952,0.9752429723739624,1,3,6,"[0.6241, 0.2367, 0.0519, 0.0252, 0.0108, 0.009, 0.0071, 0.0046, 0.0032, 0.0025]","[0.172, 0.017, 0.001, 0.111, 0.183, 0.189, 0.009, 0.085, 0.04, 0.57]",3000,0.03833474591374397,0.19109020479366046,
20,T6,3240,-0.16866299099298407,-0.033273542702423275,-0.03496397039780263,0.027996370634210416,0.05880128680613793,-0.0664348482896978,0.018545227581040033,0.5198882222175598,0.30487897992134094,0.06852952390909195,0.8247672319412231,0.9345223903656006,0.9677361249923706,0,4,7,"[0.5199, 0.3049, 0.0685, 0.0289, 0.0123, 0.0116, 0.0088, 0.0051, 0.0041, 0.0036]","[0.169, 0.033, 0.035, 0.121, 0.158, 0.013, 0.056, 0.056, 0.134, 0.25]",3000,0.0386434830725193,0.09181398086194692,
20,T7,3240,-0.2079367961391596,-0.028353571616848903,-0.02795066157672491,-0.035258796921935814,-0.018772438822103773,-0.06643011648309202,-0.015772138180096006,0.6108184456825256,0.2285318374633789,0.0729522854089737,0.8393502831459045,0.9461981654167175,0.9717627763748169,1,3,6,"[0.6108, 0.2285, 0.073, 0.0219, 0.012, 0.0079, 0.0064, 0.0043, 0.0041, 0.0029]","[0.208, 0.028, 0.028, 0.152, 0.013, 0.181, 0.051, 0.23, 0.226, 0.712]",3000,0.03966628387570381,0.15533475340167713,
20,T8,3240,-0.058914183409541326,0.011836330721165675,-0.0310954407639647,0.030111964631494414,-0.02328882447885967,-0.013208195492372737,-0.00038282467189345383,0.6791144609451294,0.16046790778636932,0.0698309913277626,0.8395823836326599,0.9403772950172424,0.9698904156684875,2,3,7,"[0.6791, 0.1605, 0.0698, 0.0204, 0.0106, 0.0085, 0.007, 0.0055, 0.0045, 0.004]","[0.059, 0.012, 0.031, 0.048, 0.2, 0.029, 0.1, 0.403, 0.017, 0.641]",3000,0.03606252372264862,0.031545276801197675,
20,R0,3240,0.022850960394923996,0.10571522765003773,-0.0885657255406701,0.048873777705742596,0.01244874318257067,-0.008015478878680624,0.015807100056632547,0.8026480674743652,0.14176279306411743,0.017928410321474075,0.9444108605384827,0.9776012301445007,0.9897049069404602,0,2,3,"[0.8026, 0.1418, 0.0179, 0.0099, 0.0054, 0.0031, 0.003, 0.0022, 0.002, 0.0017]","[0.023, 0.106, 0.089, 0.169, 0.04, 0.119, 0.09, 0.147, 0.03, 0.015]",3000,0.048212289810180664,0.02309428009129573,
20,R1,3240,-0.024926945126382445,0.11837753579796381,-0.008513585420244794,0.025893497090630234,0.04433363435788442,-0.09506770904210071,0.0192562479904535,0.8583791851997375,0.07393162697553635,0.018350591883063316,0.9323108196258545,0.9702335000038147,0.9835439920425415,0,2,3,"[0.8584, 0.0739, 0.0184, 0.0131, 0.0064, 0.0039, 0.0026, 0.0024, 0.0023, 0.0021]","[0.025, 0.118, 0.009, 0.085, 0.15, 0.111, 0.149, 0.002, 0.198, 0.098]",3000,0.038059260696172714,0.09653462214163472,
20,R2,3240,0.1507844538655729,0.12239603090210673,-0.0037601473555383394,0.06021464066412299,0.04068306525679191,0.02687115627438837,0.10875342455684288,0.851340651512146,0.0887972041964531,0.017283819615840912,0.9401378631591797,0.9707561135292053,0.9840485453605652,0,2,3,"[0.8513, 0.0888, 0.0173, 0.0085, 0.0049, 0.0042, 0.0029, 0.0023, 0.0021, 0.0018]","[0.151, 0.122, 0.004, 0.06, 0.072, 0.115, 0.017, 0.014, 0.104, 0.184]",3000,0.03710973635315895,0.08054843857431543,
20,R3,3240,-0.024627072319429264,0.06036203810063173,-0.2511228159638317,0.05877686783339296,0.18343813428359584,0.03338914678730334,0.20061123200183617,0.4426213204860687,0.2869341969490051,0.056877631694078445,0.7295554876327515,0.8547031879425049,0.9327858090400696,0,8,14,"[0.4426, 0.2869, 0.0569, 0.0346, 0.0337, 0.0295, 0.0154, 0.0133, 0.0124, 0.0075]","[0.025, 0.06, 0.251, 0.187, 0.049, 0.142, 0.012, 0.015, 0.031, 0.107]",3000,0.2354259043931961,-0.12312907939521438,
20,R4,3240,0.06434605195237554,-0.05800005535695059,-0.009593726307608935,-0.04854143832140525,0.09295262292231077,0.09609769876500164,0.03377779981198063,0.6707810163497925,0.20659594237804413,0.03809377923607826,0.8773769736289978,0.9521401524543762,0.9768359065055847,0,3,5,"[0.6708, 0.2066, 0.0381, 0.0253, 0.0114, 0.009, 0.0071, 0.0037, 0.0026, 0.0023]","[0.064, 0.058, 0.01, 0.002, 0.089, 0.05, 0.004, 0.101, 0.241, 0.109]",3000,0.04127635061740875,-0.2805359164253653,
20,R5,3240,0.032111344590714,-0.09296118605531142,-0.005786602920775293,0.04359200515487529,0.03612283789829472,0.009137996623323678,-0.008071323961502827,0.6617337465286255,0.17828965187072754,0.0467245914041996,0.840023398399353,0.9510012865066528,0.9772112965583801,0,4,5,"[0.6617, 0.1783, 0.0467, 0.034, 0.0302, 0.0088, 0.0056, 0.0046, 0.0037, 0.0035]","[0.032, 0.093, 0.006, 0.036, 0.048, 0.119, 0.004, 0.157, 0.049, 0.119]",3000,0.007201135158538818,-0.06287653023251673,
20,R6,3240,-0.037435565113434446,-0.04000900630019445,-0.10153723574470494,0.05463138159636788,-0.07814788146175329,-0.08001830740461685,-0.03955281476269014,0.8324769139289856,0.054354675114154816,0.04178173467516899,0.8868315815925598,0.9738949537277222,0.9872256517410278,0,3,4,"[0.8325, 0.0544, 0.0418, 0.0342, 0.0111, 0.0042, 0.0033, 0.0022, 0.0018, 0.0017]","[0.037, 0.04, 0.102, 0.034, 0.027, 0.108, 0.172, 0.027, 0.038, 0.021]",3000,0.022762006148695946,0.290573838074463,
20,R7,3240,-0.014810116528041201,0.04161127451316306,0.04029525204365413,0.0627097250017502,-0.06148122283622606,-0.07420229876881161,-0.031936734583402696,0.7820606827735901,0.06268063187599182,0.044463008642196655,0.8447413444519043,0.9472457766532898,0.9724807739257812,2,4,6,"[0.7821, 0.0627, 0.0445, 0.035, 0.0231, 0.0076, 0.0062, 0.0045, 0.004, 0.0029]","[0.015, 0.042, 0.04, 0.102, 0.037, 0.405, 0.601, 0.042, 0.011, 0.044]",3000,0.092038594186306,0.22344989394719647,
21,T0,3240,0.10189706752021778,-0.060209130243953156,0.0608877535485682,0.03277731923107031,0.06344872034713454,0.01593843859459368,0.06546418443932155,0.6677352786064148,0.22142073512077332,0.02631111443042755,0.8891559839248657,0.9464120864868164,0.9740226864814758,0,3,6,"[0.6677, 0.2214, 0.0263, 0.0172, 0.0137, 0.0093, 0.0063, 0.0051, 0.0038, 0.0031]","[0.102, 0.06, 0.061, 0.121, 0.109, 0.259, 0.179, 0.271, 0.007, 0.161]",3000,0.047654468566179276,-0.026589500564148747,
21,T1,3240,0.039216995446298454,0.009799448812938842,0.024077022268592825,-0.004733791084281487,0.08903271676709526,0.06531048021651026,-0.026178269676644498,0.36379745602607727,0.2510552704334259,0.1144338920712471,0.6148527264595032,0.7981509566307068,0.8824887871742249,3,12,23,"[0.3638, 0.2511, 0.1144, 0.0437, 0.0252, 0.0215, 0.0199, 0.0161, 0.0137, 0.0131]","[0.039, 0.01, 0.024, 0.163, 0.239, 0.211, 0.056, 0.406, 0.618, 0.349]",3000,0.04522155597805977,-0.1603818017060644,
21,T2,3240,-0.10561978225102965,-0.11198495949741172,0.006380058603048315,-0.01591013684015892,0.03011271112178259,0.025586864795002495,0.07389951572347367,0.4135780334472656,0.12808406352996826,0.09895440936088562,0.5416620969772339,0.7431853413581848,0.8576588034629822,2,16,34,"[0.4136, 0.1281, 0.099, 0.057, 0.0456, 0.0335, 0.0258, 0.02, 0.0181, 0.0171]","[0.106, 0.112, 0.006, 0.464, 0.641, 0.249, 0.056, 0.135, 0.114, 0.022]",3000,0.052320901304483414,-0.02553718573784146,
21,T3,3240,-0.16931946480204044,0.05456060515578778,0.01402328434075138,0.020716402750861448,0.0330681713263236,-0.01497249472417735,-0.005836958279145262,0.6872255802154541,0.19008073210716248,0.04614916443824768,0.877306342124939,0.95438551902771,0.9778285026550293,0,3,5,"[0.6872, 0.1901, 0.0461, 0.019, 0.0119, 0.007, 0.0058, 0.0047, 0.0037, 0.0022]","[0.169, 0.055, 0.014, 0.102, 0.211, 0.11, 0.095, 0.108, 0.12, 0.254]",3000,0.040419209748506546,0.1400910948569953,
21,T4,3240,0.03171776572961696,-0.00461482948049957,-0.07037848678428829,0.018808954324628892,0.0005164309371301408,-0.019774013344661005,-0.028459460218343863,0.6041001677513123,0.14574073255062103,0.08713280409574509,0.7498409152030945,0.8881124258041382,0.9388453364372253,2,6,13,"[0.6041, 0.1457, 0.0871, 0.029, 0.0221, 0.0169, 0.0098, 0.0092, 0.008, 0.0068]","[0.032, 0.005, 0.07, 0.078, 0.592, 0.623, 0.033, 0.246, 0.06, 0.265]",3000,0.0562896728515625,-0.0780719410134994,
21,T5,3240,-0.1797416633046093,0.015485954979913813,-0.027784938845184258,0.024750383119469078,0.0744005499107618,0.003639637456210858,-0.016747806342111697,0.6190335750579834,0.2377961426973343,0.05913694202899933,0.8568297028541565,0.9512719511985779,0.9761555194854736,0,3,5,"[0.619, 0.2378, 0.0591, 0.024, 0.0113, 0.008, 0.0064, 0.0047, 0.0036, 0.0022]","[0.18, 0.015, 0.028, 0.049, 0.256, 0.151, 0.016, 0.003, 0.044, 0.197]",3000,0.037397388368844986,0.14901700534691553,
21,T6,3240,0.18150672772656481,0.02038006459381649,0.035793196184676364,-0.012591093332489948,-0.03931142177870559,0.012473557626250704,-0.00207807739420124,0.5751259326934814,0.24391824007034302,0.08933266997337341,0.8190441727638245,0.943095862865448,0.9721097350120544,0,3,6,"[0.5751, 0.2439, 0.0893, 0.0235, 0.0112, 0.0095, 0.0075, 0.005, 0.0042, 0.0028]","[0.182, 0.02, 0.036, 0.095, 0.214, 0.119, 0.095, 0.069, 0.125, 0.184]",3000,0.03865223377943039,-0.1897934554826539,
21,T7,3240,-0.19499820151708835,-0.03861522239064453,-0.062137228293574334,0.021277789593040948,0.05738052382544689,-0.024532295966303082,-0.008250489478797219,0.6476364731788635,0.20145249366760254,0.07792725414037704,0.8490889668464661,0.9565536379814148,0.9769518971443176,1,3,5,"[0.6476, 0.2015, 0.0779, 0.0185, 0.011, 0.0058, 0.0053, 0.0039, 0.0031, 0.0023]","[0.195, 0.039, 0.062, 0.156, 0.11, 0.143, 0.034, 0.038, 0.239, 0.543]",3000,0.037539415061473846,0.16251584842718708,
21,T8,3240,-0.08610306578606619,0.031516061233754125,0.00041852210909870083,0.0496573323642563,0.05842972560945356,0.013057435342743444,0.017166917357900803,0.7055108547210693,0.16810467839241028,0.053844474256038666,0.8736155033111572,0.9521396160125732,0.9764678478240967,1,3,5,"[0.7055, 0.1681, 0.0538, 0.0167, 0.008, 0.0063, 0.0056, 0.0047, 0.0043, 0.0035]","[0.086, 0.032, 0.0, 0.033, 0.28, 0.107, 0.041, 0.253, 0.258, 0.721]",3000,0.040238916873931885,0.049181686147729185,
21,R0,3240,-0.0124793031179617,0.09430986228903102,0.09522733071747014,0.08427674181524798,0.07357082409136155,-0.0020317532197082536,0.010785396834085036,0.8119863271713257,0.13299837708473206,0.018050020560622215,0.9449846744537354,0.9776372313499451,0.9891709089279175,0,2,3,"[0.812, 0.133, 0.0181, 0.0089, 0.0057, 0.0031, 0.0027, 0.0023, 0.0018, 0.0017]","[0.012, 0.094, 0.095, 0.196, 0.028, 0.239, 0.119, 0.118, 0.169, 0.118]",3000,0.048549946397542953,0.04295240037187569,
21,R1,3240,0.0011699015500254207,0.09889742732117421,-0.004601368832829716,0.030528586926928135,0.05992572686869362,-0.06429710036577498,-0.006786533698167675,0.8504739999771118,0.07301784306764603,0.01964319869875908,0.9234918355941772,0.9644522666931152,0.9799988865852356,1,2,4,"[0.8505, 0.073, 0.0196, 0.0148, 0.0065, 0.0042, 0.0039, 0.0027, 0.0025, 0.0023]","[0.001, 0.099, 0.005, 0.068, 0.184, 0.675, 0.091, 0.028, 0.214, 0.019]",3000,0.03845682367682457,0.06549629046642717,
21,R2,3240,0.13874131252253685,0.1377025389448105,0.013773084022642252,0.03586878930165694,0.021670861010935873,0.0525209442052771,0.06913622941691384,0.8433026075363159,0.09110117703676224,0.018877267837524414,0.9344037771224976,0.9678847789764404,0.9817877411842346,0,2,3,"[0.8433, 0.0911, 0.0189, 0.0087, 0.0059, 0.0042, 0.0032, 0.0025, 0.0022, 0.0019]","[0.139, 0.138, 0.014, 0.01, 0.061, 0.142, 0.019, 0.05, 0.273, 0.193]",3000,0.03656787425279617,0.07955797282749624,
21,R3,3240,-0.04717149864820471,0.12450008512124915,-0.2730468175659801,0.05821581538856734,0.15679195576918425,0.04459057649998276,0.19449988315646008,0.4340386986732483,0.2801448106765747,0.06802580505609512,0.714183509349823,0.853076696395874,0.930000901222229,0,8,15,"[0.434, 0.2801, 0.068, 0.0359, 0.0349, 0.0285, 0.0145, 0.014, 0.0125, 0.0074]","[0.047, 0.125, 0.273, 0.169, 0.052, 0.119, 0.027, 0.027, 0.02, 0.112]",3000,0.26405414938926697,-0.09846222244385486,
21,R4,3240,0.05946036758415843,-0.05635206021032719,0.008981850702069727,-0.04539668108488306,0.0699388292810632,0.07174790544794603,0.024218744324422888,0.6715272665023804,0.19268177449703217,0.041530024260282516,0.8642090559005737,0.9495272040367126,0.975254237651825,1,3,6,"[0.6715, 0.1927, 0.0415, 0.0327, 0.0111, 0.0089, 0.0071, 0.0041, 0.0031, 0.0026]","[0.059, 0.056, 0.009, 0.004, 0.083, 0.06, 0.034, 0.258, 0.307, 0.108]",3000,0.057950083166360855,-0.2698648178780266,
21,R5,3240,0.008873459584499952,0.09258836787805542,0.014029315800780625,0.04325061411942893,0.04022760252977465,-0.009588786642217366,0.005957977637014467,0.6690688729286194,0.1752607226371765,0.04932586848735809,0.8443295955657959,0.9522900581359863,0.976489245891571,0,4,5,"[0.6691, 0.1753, 0.0493, 0.0315, 0.0272, 0.0082, 0.0052, 0.0041, 0.0034, 0.0033]","[0.009, 0.093, 0.014, 0.02, 0.057, 0.256, 0.066, 0.093, 0.018, 0.103]",3000,0.009337777271866798,-0.00940562908097994,
21,R6,3240,-0.023615825250078257,-0.0446504014379607,-0.07858543020058585,0.07128685030727554,-0.04994422399756965,-0.08534907366437217,-0.04646382762763855,0.8453298211097717,0.052430782467126846,0.03762109950184822,0.8977606296539307,0.9751093983650208,0.9875907897949219,0,3,4,"[0.8453, 0.0524, 0.0376, 0.0294, 0.0103, 0.0038, 0.0032, 0.0021, 0.0017, 0.0017]","[0.024, 0.045, 0.079, 0.06, 0.035, 0.252, 0.132, 0.023, 0.048, 0.144]",3000,0.02448483183979988,0.2942501811490529,
21,R7,3240,-0.025970729114090933,0.055559637119128175,-0.052439649005090024,0.049602850428805204,-0.05658575405333455,-0.06433897014396195,-0.012683775679038195,0.7862950563430786,0.05443421006202698,0.04157573729753494,0.8407292366027832,0.9414440393447876,0.9708338379859924,1,4,6,"[0.7863, 0.0544, 0.0416, 0.0344, 0.0247, 0.0111, 0.0069, 0.0045, 0.0041, 0.0028]","[0.026, 0.056, 0.052, 0.155, 0.008, 0.734, 0.08, 0.077, 0.033, 0.07]",3000,0.13805830478668213,0.23088169351984333,
22,T0,3240,0.1072741840065903,0.08451820008060178,0.07275679638543599,0.036981819781395586,0.06660636228632386,0.023311675552571912,0.06604543846068861,0.6791966557502747,0.20876076817512512,0.027380453422665596,0.8879574537277222,0.9474552869796753,0.9742421507835388,0,3,6,"[0.6792, 0.2088, 0.0274, 0.0178, 0.0143, 0.0086, 0.0062, 0.0051, 0.0038, 0.003]","[0.107, 0.085, 0.073, 0.159, 0.098, 0.285, 0.234, 0.256, 0.02, 0.189]",3000,0.04742519184947014,-0.022290476631641333,
22,T1,3240,0.04325712002057153,-0.012603483248872052,0.022865330440103127,0.016383107851046023,0.0895027879710511,0.04843896436236489,-0.027958355958000718,0.368304580450058,0.24904319643974304,0.116791732609272,0.617347776889801,0.8026686906814575,0.8841875791549683,2,12,24,"[0.3683, 0.249, 0.1168, 0.0427, 0.0258, 0.0207, 0.0196, 0.0161, 0.0127, 0.0125]","[0.043, 0.013, 0.023, 0.145, 0.23, 0.185, 0.1, 0.381, 0.099, 0.684]",3000,0.043552495539188385,-0.13861759646256167,
22,T2,3240,-0.13239521858747982,-0.19074650872927268,-0.1733150460588329,0.0170559130050288,0.04546439348511715,-0.014321238782577163,0.12984948125159027,0.4178239405155182,0.12473268061876297,0.09354236721992493,0.542556643486023,0.7337191700935364,0.8491578102111816,3,17,37,"[0.4178, 0.1247, 0.0935, 0.0556, 0.042, 0.0359, 0.0261, 0.0215, 0.0175, 0.0144]","[0.132, 0.191, 0.173, 0.417, 0.484, 0.573, 0.065, 0.086, 0.076, 0.003]",3000,0.04760709032416344,0.025718789546335316,
22,T3,3240,0.20521159707739903,-0.03328275355338328,0.016441009871274028,-0.01019954115906004,-0.03476339132835475,0.009543705690806627,0.023592291563406937,0.6830217838287354,0.19280114769935608,0.04633446782827377,0.875822901725769,0.9536846876144409,0.9775879979133606,0,3,5,"[0.683, 0.1928, 0.0463, 0.0186, 0.0129, 0.0072, 0.0057, 0.0049, 0.0039, 0.0022]","[0.205, 0.033, 0.016, 0.123, 0.192, 0.049, 0.096, 0.169, 0.106, 0.074]",3000,0.04000750184059143,-0.18343883660712862,
22,T4,3240,-0.001583007905618199,0.038705062649519485,-0.060430567457520366,0.018493598109772254,0.007743043256509596,-0.024815704998387533,-0.022729551029351737,0.586341381072998,0.15135985612869263,0.09104446321725845,0.7377012372016907,0.88496994972229,0.9359978437423706,4,6,13,"[0.5863, 0.1514, 0.091, 0.0337, 0.0225, 0.0167, 0.0098, 0.0092, 0.0083, 0.007]","[0.002, 0.039, 0.06, 0.114, 0.561, 0.642, 0.042, 0.319, 0.071, 0.323]",3000,0.058209359645843506,-0.056781717391432555,
22,T5,3240,-0.17242301997336354,-0.015576177409789298,-0.022504147001944634,0.020028348126545293,0.07173615419458843,0.01179146269349963,-0.04617973002467127,0.6289300918579102,0.23727333545684814,0.05254937708377838,0.8662034273147583,0.9518274068832397,0.9768009781837463,1,3,5,"[0.6289, 0.2373, 0.0525, 0.0211, 0.012, 0.0081, 0.0064, 0.0046, 0.0036, 0.0024]","[0.172, 0.016, 0.023, 0.057, 0.274, 0.139, 0.054, 0.063, 0.112, 0.397]",3000,0.039636921137571335,0.11957592388795568,
22,T6,3240,0.13500622151106795,0.041855912241507545,0.028161235426285083,-0.00947887723915633,-0.03008211739447231,0.007283815426564271,0.0037673640241446846,0.600979208946228,0.22850678861141205,0.08284956961870193,0.8294860124588013,0.9446673393249512,0.9732987880706787,0,3,6,"[0.601, 0.2285, 0.0828, 0.02, 0.0123, 0.0089, 0.0076, 0.0053, 0.0041, 0.0027]","[0.135, 0.042, 0.028, 0.1, 0.238, 0.16, 0.065, 0.106, 0.096, 0.166]",3000,0.039751842617988586,-0.14483255174857743,
22,T7,3240,-0.1998057670026204,0.02958638680354753,-0.0358891174566848,0.02772158124059693,0.06415407541193278,-0.04305565833909416,-0.007515482585803736,0.6615330576896667,0.19880333542823792,0.06593851000070572,0.860336422920227,0.9564824104309082,0.9768156409263611,1,3,5,"[0.6615, 0.1988, 0.0659, 0.0182, 0.012, 0.0055, 0.0054, 0.0041, 0.0034, 0.002]","[0.2, 0.03, 0.036, 0.135, 0.152, 0.12, 0.038, 0.06, 0.15, 0.47]",3000,0.03773500397801399,0.1546467248796206,
22,T8,3240,-0.08630914208407445,0.04462599250195795,0.03743348970709641,0.04224251185604803,0.062439339765360084,0.004274979421811953,0.010310894564955996,0.7124959826469421,0.16527265310287476,0.05017547309398651,0.8777686357498169,0.9528999328613281,0.9770824909210205,2,3,5,"[0.7125, 0.1653, 0.0502, 0.0171, 0.0079, 0.0062, 0.0054, 0.0049, 0.0043, 0.0034]","[0.086, 0.045, 0.037, 0.042, 0.295, 0.047, 0.171, 0.291, 0.384, 0.575]",3000,0.04065697267651558,0.055428605186226866,
22,R0,3240,-0.0230384823742712,0.08870041346664104,0.0793400881419689,0.07778494536450264,0.08632580456883435,-0.0028080685330044482,0.015568058454458994,0.811093270778656,0.13473209738731384,0.017536308616399765,0.9458253383636475,0.9778103232383728,0.9892376065254211,1,2,3,"[0.8111, 0.1347, 0.0175, 0.0089, 0.0056, 0.0032, 0.0025, 0.0023, 0.0018, 0.0016]","[0.023, 0.089, 0.079, 0.184, 0.034, 0.138, 0.097, 0.028, 0.348, 0.166]",3000,0.049236029386520386,0.06569187136069145,
22,R1,3240,0.015843171715520656,0.06567211500948383,-0.010404059776858338,0.016810083682022053,0.08804997726704807,-0.08317755661867869,0.015934308248568712,0.8326472043991089,0.08111684769392014,0.022919777780771255,0.9137640595436096,0.9606319069862366,0.9781429171562195,1,2,4,"[0.8326, 0.0811, 0.0229, 0.0171, 0.0068, 0.0053, 0.0041, 0.0029, 0.0028, 0.0024]","[0.016, 0.066, 0.01, 0.048, 0.219, 0.431, 0.173, 0.044, 0.137, 0.005]",3000,0.038572244346141815,0.05500741491103645,
22,R2,3240,0.130659265803023,0.12558390786896179,0.00822287399329726,0.017706352048723808,0.020025963175629134,0.032988097170380926,0.07165513711040485,0.8417462706565857,0.0929902046918869,0.018101517111063004,0.9347364902496338,0.9680581092834473,0.9815641641616821,1,2,3,"[0.8417, 0.093, 0.0181, 0.0086, 0.0066, 0.0042, 0.003, 0.0023, 0.0022, 0.0019]","[0.131, 0.126, 0.008, 0.007, 0.113, 0.129, 0.03, 0.055, 0.314, 0.291]",3000,0.03749838098883629,0.09011340590915976,
22,R3,3240,-0.07143414975492142,0.07993974335747349,-0.2690487999965172,0.08031400252892941,0.16915470824685275,0.04468690770342733,0.201081364000069,0.4384986162185669,0.28087350726127625,0.06168127432465553,0.7193721532821655,0.8556963801383972,0.9321036338806152,0,8,14,"[0.4385, 0.2809, 0.0617, 0.0385, 0.0361, 0.0278, 0.0163, 0.0135, 0.0117, 0.0071]","[0.071, 0.08, 0.269, 0.237, 0.151, 0.106, 0.055, 0.014, 0.014, 0.103]",3000,0.25349193811416626,-0.08379662463780237,
22,R4,3240,0.050586085311228574,-0.02828221847947721,0.03719481973612914,-0.03794469954719258,0.02012901269805418,0.001653959535361331,-0.03132915968942785,0.670143723487854,0.18605396151542664,0.044016797095537186,0.856197714805603,0.9484508633613586,0.9745235443115234,1,3,6,"[0.6701, 0.1861, 0.044, 0.0375, 0.0108, 0.0088, 0.0071, 0.0042, 0.0033, 0.0027]","[0.051, 0.028, 0.037, 0.0, 0.061, 0.048, 0.027, 0.231, 0.348, 0.119]",3000,0.060109373182058334,-0.18172389138088538,
22,R5,3240,-0.02969236819096562,-0.09422467521438672,0.03302969231851579,0.035506233368276685,0.025446832409266658,-0.02424121096849858,0.009777157365450042,0.6647528409957886,0.17130909860134125,0.05569230392575264,0.836061954498291,0.9517020583152771,0.9757339358329773,0,4,5,"[0.6648, 0.1713, 0.0557, 0.0328, 0.0272, 0.0078, 0.005, 0.0042, 0.0036, 0.0033]","[0.03, 0.094, 0.033, 0.06, 0.048, 0.197, 0.079, 0.069, 0.084, 0.087]",3000,0.011215503327548504,0.06188419390085618,
22,R6,3240,-0.03904764925973661,-0.05640811798362665,-0.05501049646566409,0.07060846418857525,-0.046009206425480995,-0.08461969616197135,-0.058837844365292706,0.84458327293396,0.0558457225561142,0.03751353546977043,0.9004290103912354,0.9750712513923645,0.9877076148986816,0,2,4,"[0.8446, 0.0558, 0.0375, 0.0271, 0.0101, 0.0039, 0.0031, 0.0021, 0.0018, 0.0017]","[0.039, 0.056, 0.055, 0.073, 0.033, 0.194, 0.118, 0.049, 0.106, 0.013]",3000,0.027466222643852234,0.305272986963935,
22,R7,3240,-0.04914112510499293,0.08192396098270636,-0.024003799028222313,0.04352602037513284,-0.03887681274203697,-0.05429826726181826,0.003516282107555763,0.7915987968444824,0.05078204348683357,0.041910093277692795,0.8423808217048645,0.942592978477478,0.9706539511680603,1,4,6,"[0.7916, 0.0508, 0.0419, 0.0331, 0.0252, 0.0106, 0.0066, 0.0045, 0.0036, 0.0028]","[0.049, 0.082, 0.024, 0.103, 0.007, 0.747, 0.087, 0.138, 0.033, 0.202]",3000,0.13536861538887024,0.19911632798886983,
23,T0,3240,0.05956032809314216,-0.06859851077460992,0.06578340950699035,0.04771571946767704,0.09379805977460945,0.006946742664922391,0.10171412971390263,0.6744305491447449,0.21354378759860992,0.027644259855151176,0.8879743218421936,0.9475778937339783,0.9743756055831909,0,3,6,"[0.6744, 0.2135, 0.0276, 0.0179, 0.014, 0.0083, 0.0062, 0.0055, 0.0038, 0.0029]","[0.06, 0.069, 0.066, 0.138, 0.109, 0.28, 0.197, 0.258, 0.06, 0.159]",3000,0.047793906182050705,0.007260904444835724,
23,T1,3240,0.04162473516817345,-0.0011179414665830314,0.021620570848869442,0.007992658058345049,0.06819608240366516,0.047431367896148525,-0.03352124804230472,0.3486316204071045,0.2605281472206116,0.11960843950510025,0.6091597676277161,0.8026328682899475,0.8846031427383423,3,12,24,"[0.3486, 0.2605, 0.1196, 0.0449, 0.029, 0.0205, 0.0201, 0.0164, 0.0127, 0.0123]","[0.042, 0.001, 0.022, 0.146, 0.177, 0.256, 0.056, 0.313, 0.467, 0.646]",3000,0.0433153472840786,-0.09302132481627143,
23,T2,3240,-0.13756269713345398,-0.21471231611620936,-0.19567629928455332,0.03251451642291546,0.03267088475746851,-0.01998582245364367,0.1392461298369475,0.43084731698036194,0.12104005366563797,0.08813358098268509,0.5518873929977417,0.7342391014099121,0.8442423343658447,2,18,40,"[0.4308, 0.121, 0.0881, 0.0562, 0.038, 0.0369, 0.0231, 0.0215, 0.0161, 0.0124]","[0.138, 0.215, 0.196, 0.384, 0.0, 0.702, 0.171, 0.096, 0.089, 0.061]",3000,0.04330665245652199,0.03549003200084886,
23,T3,3240,0.19263203264309398,-0.07239049269133103,0.011817999261292404,-0.017887271225164966,-0.05195134921660187,0.018468582159301267,0.005719893971864549,0.7061900496482849,0.1779543161392212,0.04246911406517029,0.8841443657875061,0.9561223983764648,0.9782662391662598,1,3,5,"[0.7062, 0.178, 0.0425, 0.0174, 0.0121, 0.0068, 0.0051, 0.0046, 0.0036, 0.0021]","[0.193, 0.072, 0.012, 0.132, 0.144, 0.072, 0.094, 0.221, 0.054, 0.326]",3000,0.040642302483320236,-0.2055425701198144,
23,T4,3240,-0.013454094272377147,0.02560061967325769,-0.050783453251527055,0.023044726538173,0.01515438835760236,-0.02468444388631902,-0.010475698426227914,0.5890501141548157,0.1451006680727005,0.08883372694253922,0.734150767326355,0.8847320675849915,0.9356315732002258,4,6,13,"[0.5891, 0.1451, 0.0888, 0.0397, 0.0221, 0.0171, 0.0096, 0.0089, 0.0083, 0.0069]","[0.013, 0.026, 0.051, 0.036, 0.581, 0.523, 0.029, 0.39, 0.282, 0.341]",3000,0.05734950304031372,-0.037700561634555096,
23,T5,3240,-0.19160092013859628,-0.008808735949731398,-0.0064177424004179615,0.021892746048692385,0.07045625000634533,-0.004851043889318401,-0.02950470718613867,0.6220138669013977,0.24279162287712097,0.05369223281741142,0.8648054599761963,0.9509515762329102,0.9757909178733826,1,3,5,"[0.622, 0.2428, 0.0537, 0.02, 0.0125, 0.0081, 0.0062, 0.0044, 0.0037, 0.0024]","[0.192, 0.009, 0.006, 0.085, 0.24, 0.089, 0.095, 0.047, 0.152, 0.391]",3000,0.03965241089463234,0.13629721234942674,
23,T6,3240,0.14632434912008643,0.03962027701330303,-0.0528664849535075,-0.014113629464292865,-0.04102145020019539,0.012634182413685417,0.0027454645994558938,0.5895508527755737,0.2321225255727768,0.0867546796798706,0.8216733932495117,0.9416572451591492,0.9716354012489319,0,3,6,"[0.5896, 0.2321, 0.0868, 0.0203, 0.0129, 0.0093, 0.008, 0.0055, 0.0044, 0.0028]","[0.146, 0.04, 0.053, 0.092, 0.245, 0.12, 0.037, 0.086, 0.128, 0.102]",3000,0.038316838443279266,-0.11677804854683982,
23,T7,3240,-0.22244354030862754,0.02922679219825126,-0.0643511456339825,0.024104752353861423,0.06822836558998496,-0.05131061745112424,-0.008745732514628107,0.6637005805969238,0.19537675380706787,0.06774374842643738,0.8590773344039917,0.9567307829856873,0.9768844842910767,0,3,5,"[0.6637, 0.1954, 0.0677, 0.0175, 0.0124, 0.0058, 0.0051, 0.0041, 0.0031, 0.002]","[0.222, 0.029, 0.064, 0.193, 0.056, 0.166, 0.04, 0.033, 0.163, 0.274]",3000,0.037113625556230545,0.1793825911593792,
23,T8,3240,-0.0987033377425634,0.06346204227708192,-0.007697169178436551,0.0430795744346652,0.0687152409577875,-0.003807795546976614,0.01733264888341524,0.7032151222229004,0.1748170703649521,0.049734391272068024,0.8780322074890137,0.953151524066925,0.9770686626434326,3,3,5,"[0.7032, 0.1748, 0.0497, 0.0169, 0.0085, 0.0059, 0.0056, 0.0048, 0.0042, 0.0034]","[0.099, 0.063, 0.008, 0.032, 0.183, 0.075, 0.195, 0.416, 0.403, 0.433]",3000,0.03944116085767746,0.056867592057312684,
23,R0,3240,0.007955964648497215,0.07027478425438721,0.08915670245924888,-0.08713813208459593,-0.10054811407232005,0.01385395008286974,-0.029587370811231042,0.8243108987808228,0.12455601245164871,0.016102276742458344,0.9488669037818909,0.9782947897911072,0.9896531105041504,2,2,3,"[0.8243, 0.1246, 0.0161, 0.0082, 0.0051, 0.0034, 0.0023, 0.0021, 0.002, 0.0015]","[0.008, 0.07, 0.089, 0.179, 0.05, 0.036, 0.14, 0.108, 0.304, 0.302]",3000,0.049146391451358795,-0.07098938502596189,
23,R1,3240,-0.02276955960985757,0.001989751948289949,-0.02315834014435085,0.0008658310874490369,0.0676793711289211,-0.080576258497078,0.01648499444857525,0.8433001637458801,0.07569688558578491,0.02127182111144066,0.918997049331665,0.9625076651573181,0.9791613221168518,0,2,4,"[0.8433, 0.0757, 0.0213, 0.0159, 0.0064, 0.0053, 0.0037, 0.003, 0.0024, 0.0021]","[0.023, 0.002, 0.023, 0.046, 0.294, 0.216, 0.134, 0.105, 0.11, 0.017]",3000,0.039997685700654984,0.10354849923248889,
23,R2,3240,0.07762059305420202,0.08645254186742776,0.008246983910662545,-0.014539598821204923,0.0028959782791592235,0.0038023611923257684,0.07881059434939332,0.8499689102172852,0.08512133359909058,0.01791508123278618,0.9350902438163757,0.9692938327789307,0.9818758964538574,1,2,3,"[0.85, 0.0851, 0.0179, 0.0089, 0.0074, 0.0038, 0.0027, 0.0021, 0.0021, 0.0019]","[0.078, 0.086, 0.008, 0.002, 0.024, 0.111, 0.064, 0.216, 0.07, 0.383]",3000,0.037554219365119934,0.1470165050039499,
23,R3,3240,-0.07425818412101907,0.07663407862152843,-0.26290444606217156,0.08243907025942643,0.1649440118058586,0.04313765898681781,0.2051547461115698,0.4540413022041321,0.2789967954158783,0.054265815764665604,0.733038067817688,0.8649275302886963,0.9375618696212769,1,7,13,"[0.454, 0.279, 0.0543, 0.0428, 0.0348, 0.0258, 0.0178, 0.012, 0.0107, 0.0064]","[0.074, 0.077, 0.263, 0.334, 0.132, 0.126, 0.096, 0.008, 0.06, 0.101]",3000,0.24488358199596405,-0.07489950368610919,
23,R4,3240,0.07788160727457642,-0.02401988705841333,0.03619071522802995,-0.046722720686687334,8.07321318398216e-06,0.001039370366992634,0.02276686347290003,0.6810416579246521,0.17112283408641815,0.045436710119247437,0.8521645069122314,0.948768138885498,0.9749484658241272,1,4,6,"[0.681, 0.1711, 0.0454, 0.0406, 0.0106, 0.0092, 0.0067, 0.004, 0.0032, 0.0031]","[0.078, 0.024, 0.036, 0.019, 0.091, 0.041, 0.053, 0.171, 0.377, 0.104]",3000,0.06057753041386604,-0.12592193561507967,
23,R5,3240,-0.0562314009866175,-0.0904636909925528,0.03328367534296024,0.03508553982668098,0.008842883144097612,-0.03236360660349343,-0.004691974398528832,0.6645491123199463,0.1685536801815033,0.0600806325674057,0.833102822303772,0.952086329460144,0.975936770439148,0,4,5,"[0.6645, 0.1686, 0.0601, 0.0325, 0.0264, 0.0077, 0.0049, 0.0041, 0.0038, 0.0033]","[0.056, 0.09, 0.033, 0.065, 0.04, 0.244, 0.079, 0.01, 0.003, 0.155]",3000,0.011219553649425507,0.10527979236487792,
23,R6,3240,-0.04691401778104683,0.07648065590712744,-0.05874019636341231,0.06421372929942895,-0.046652854940460654,-0.07386878947404321,-0.07635497720895962,0.8419040441513062,0.06011151894927025,0.03792538493871689,0.9020155668258667,0.9746394753456116,0.9877981543540955,0,2,4,"[0.8419, 0.0601, 0.0379, 0.0255, 0.0092, 0.0044, 0.003, 0.0022, 0.0019, 0.0017]","[0.047, 0.076, 0.059, 0.068, 0.04, 0.177, 0.098, 0.131, 0.09, 0.047]",3000,0.027140650898218155,0.31910713048122846,
23,R7,3240,-0.019827841878618618,0.0861771063493997,-0.028301461114343254,0.04048810695907164,-0.038903534303850205,-0.04185295790821917,0.025392333669922544,0.8040685057640076,0.04576871916651726,0.040318138897418976,0.8498372435569763,0.9464853405952454,0.9722094535827637,1,4,6,"[0.8041, 0.0458, 0.0403, 0.0315, 0.0249, 0.0092, 0.0058, 0.0046, 0.0033, 0.0029]","[0.02, 0.086, 0.028, 0.096, 0.015, 0.745, 0.13, 0.148, 0.023, 0.006]",3000,0.12662531435489655,0.18311476129018314,
24,T0,3240,0.04521710746363635,0.06547345014558743,-0.04401487062086132,0.05391855826121299,0.11210061443415116,-0.0013920296125408682,0.11117067503839352,0.6696814298629761,0.21966597437858582,0.02696727029979229,0.8893474340438843,0.9483415484428406,0.9751152992248535,0,3,6,"[0.6697, 0.2197, 0.027, 0.017, 0.015, 0.008, 0.0066, 0.0054, 0.0039, 0.0029]","[0.045, 0.065, 0.044, 0.164, 0.104, 0.247, 0.096, 0.278, 0.008, 0.138]",3000,0.04795895889401436,0.030689995359970468,
24,T1,3240,0.024315449829033074,-0.0026942915881026696,0.03373806243189023,0.009119080972496715,0.04098124211293505,0.03351960267699811,-0.02438387037827359,0.3562162518501282,0.24703626334667206,0.11642217636108398,0.6032525300979614,0.7978431582450867,0.8797037601470947,1,13,26,"[0.3562, 0.247, 0.1164, 0.0473, 0.0309, 0.0207, 0.02, 0.0162, 0.0127, 0.0123]","[0.024, 0.003, 0.034, 0.128, 0.121, 0.226, 0.096, 0.266, 0.068, 0.779]",3000,0.04122775048017502,-0.031028055827084577,
24,T2,3240,-0.031289984990791456,-0.11861468232990562,-0.15096365119206342,0.04914675220725882,0.028366962608779703,-0.020411817411129976,0.1671571787296789,0.39909330010414124,0.11681560426950455,0.08634043484926224,0.5159088969230652,0.7017415165901184,0.8192616701126099,3,23,52,"[0.3991, 0.1168, 0.0863, 0.0565, 0.043, 0.0361, 0.0264, 0.0241, 0.0174, 0.0134]","[0.031, 0.119, 0.151, 0.46, 0.57, 0.358, 0.256, 0.223, 0.071, 0.009]",3000,0.04151998832821846,-0.025357432604801826,
24,T3,3240,0.1918320317112061,0.07656317668366716,0.034574766955299326,-0.017049254130465142,-0.046764042143823376,0.004458353279677485,0.01629599532172982,0.6862343549728394,0.1899968385696411,0.04424380138516426,0.8762311935424805,0.9526066184043884,0.9768846035003662,1,3,5,"[0.6862, 0.19, 0.0442, 0.0193, 0.0128, 0.0072, 0.0055, 0.0049, 0.0043, 0.0024]","[0.192, 0.077, 0.035, 0.086, 0.21, 0.051, 0.138, 0.17, 0.027, 0.366]",3000,0.04062093421816826,-0.200192175115345,
24,T4,3240,0.0020801336158957078,0.010299913145503185,-0.062273842848564874,0.007342650839778627,0.0014065639478476762,-0.02224631798463925,0.0043849368391355985,0.5633053183555603,0.16828414797782898,0.08691496402025223,0.7315894365310669,0.8815593719482422,0.9323269724845886,3,7,14,"[0.5633, 0.1683, 0.0869, 0.04, 0.0231, 0.0167, 0.0099, 0.0089, 0.0081, 0.0072]","[0.002, 0.01, 0.062, 0.079, 0.572, 0.58, 0.04, 0.296, 0.231, 0.384]",3000,0.057628560811281204,-0.0050126458028562325,
24,T5,3240,-0.1680255228896488,-0.016676042199530984,-0.020299948257221513,0.024282697634269202,0.07563449084670457,-0.00565834735382805,-0.026686719638857038,0.6260996460914612,0.23982122540473938,0.05067424476146698,0.865920901298523,0.9511480927467346,0.9761897921562195,1,3,5,"[0.6261, 0.2398, 0.0507, 0.0223, 0.0122, 0.0083, 0.0063, 0.0043, 0.0037, 0.0025]","[0.168, 0.017, 0.02, 0.031, 0.289, 0.088, 0.091, 0.06, 0.081, 0.339]",3000,0.0401536300778389,0.11746919508658568,
24,T6,3240,0.1346193216739645,0.03450056354875095,-0.0365948867374857,-0.0131486361541346,-0.03687764141309894,0.008210306170494173,-0.005661774841079733,0.5912925601005554,0.22761480510234833,0.08474321663379669,0.8189073801040649,0.9394738674163818,0.9713526368141174,0,3,7,"[0.5913, 0.2276, 0.0847, 0.0226, 0.0132, 0.0101, 0.0087, 0.0057, 0.0046, 0.0028]","[0.135, 0.035, 0.037, 0.132, 0.233, 0.107, 0.028, 0.114, 0.092, 0.005]",3000,0.03758892044425011,-0.11046720056553289,
24,T7,3240,-0.2193877557244726,0.03914509209173801,-0.04180863543572916,0.02089880567019955,0.06273551450573435,-0.05803973296733576,-0.0007783913532038182,0.6695481538772583,0.1975027322769165,0.05955053120851517,0.8670508861541748,0.9573264122009277,0.9777504205703735,0,3,5,"[0.6695, 0.1975, 0.0596, 0.018, 0.0128, 0.0056, 0.0053, 0.0042, 0.0032, 0.002]","[0.219, 0.039, 0.042, 0.191, 0.059, 0.142, 0.139, 0.029, 0.082, 0.23]",3000,0.03793379291892052,0.1787389222612466,
24,T8,3240,0.07992439316591425,0.0727206500942889,0.02781259263282864,-0.037445219691981446,-0.06017189855925942,0.002314885562847876,-0.022050790628786524,0.6996099352836609,0.17924462258815765,0.0462021641433239,0.8788545727729797,0.9524732828140259,0.9771923422813416,3,3,5,"[0.6996, 0.1792, 0.0462, 0.0186, 0.0088, 0.0061, 0.0057, 0.0052, 0.0043, 0.0035]","[0.08, 0.073, 0.028, 0.014, 0.136, 0.099, 0.002, 0.428, 0.454, 0.351]",3000,0.03925912827253342,-0.04456025160861259,
24,R0,3240,-0.03398342559408214,0.06080689590703294,0.10068825602107485,0.09204924831700692,0.08861856164647854,-0.04797574605777702,0.02478805754322534,0.8216972947120667,0.12526743113994598,0.01593942381441593,0.9469647407531738,0.9765612483024597,0.9888998866081238,0,2,3,"[0.8217, 0.1253, 0.0159, 0.0088, 0.0049, 0.0036, 0.0026, 0.0025, 0.002, 0.0017]","[0.034, 0.061, 0.101, 0.161, 0.059, 0.101, 0.13, 0.087, 0.212, 0.126]",3000,0.04837751388549805,0.09130822027783425,
24,R1,3240,-0.04278631763996195,0.062312413091973856,0.017474601130868014,-0.01840401999381785,0.05464943389592991,-0.08259180151505464,0.01059299520613304,0.8353756666183472,0.07690668106079102,0.02247830107808113,0.9122823476791382,0.9580217003822327,0.9757453203201294,1,2,4,"[0.8354, 0.0769, 0.0225, 0.0159, 0.0074, 0.0051, 0.0044, 0.0031, 0.0027, 0.0023]","[0.043, 0.062, 0.017, 0.058, 0.203, 0.429, 0.164, 0.142, 0.045, 0.065]",3000,0.037813086062669754,0.12542273150343897,
24,R2,3240,0.03442904414519152,0.08210419710232113,-0.00258233714599916,-0.009534342900274382,-0.004992760041368483,-0.017640693437697308,0.05687902288445721,0.8264701962471008,0.09778868407011032,0.01965082809329033,0.9242588877677917,0.9638943672180176,0.978848397731781,1,2,4,"[0.8265, 0.0978, 0.0197, 0.0113, 0.0087, 0.0044, 0.0032, 0.0027, 0.0024, 0.0023]","[0.034, 0.082, 0.003, 0.006, 0.061, 0.02, 0.016, 0.147, 0.14, 0.312]",3000,0.03604715317487717,0.17118510149642463,
24,R3,3240,0.05191274113197572,0.0475615531110569,0.12448548148869573,-0.08474249557721215,-0.16907578177521881,-0.026964582231754016,-0.18247841532977285,0.41986826062202454,0.2690992057323456,0.05956054478883743,0.6889674663543701,0.8368996977806091,0.9209176301956177,1,9,17,"[0.4199, 0.2691, 0.0596, 0.0463, 0.0421, 0.0314, 0.0179, 0.0138, 0.0123, 0.0087]","[0.052, 0.048, 0.124, 0.234, 0.335, 0.155, 0.047, 0.032, 0.001, 0.064]",3000,0.21020865440368652,0.08705256536593238,
24,R4,3240,0.056397337813136446,-0.00442994019494852,0.03821467258492711,-0.009620297787633215,-0.06329998498598494,-0.014837645315003752,0.04476878036497562,0.6707955598831177,0.16528409719467163,0.047981686890125275,0.8360796570777893,0.9413349032402039,0.969855010509491,1,4,6,"[0.6708, 0.1653, 0.048, 0.044, 0.0132, 0.0097, 0.0079, 0.0045, 0.0033, 0.0031]","[0.056, 0.004, 0.038, 0.041, 0.047, 0.089, 0.027, 0.11, 0.353, 0.269]",3000,0.059343062341213226,0.033272053095138095,
24,R5,3240,-0.043398589532100795,-0.09004615790052838,0.06452750878071997,0.004767981486395361,0.02616389430069027,0.006873346433581269,-0.000580698293328743,0.6818777322769165,0.15579509735107422,0.054980549961328506,0.8376728296279907,0.9516112804412842,0.9750325083732605,0,4,5,"[0.6819, 0.1558, 0.055, 0.0353, 0.0237, 0.0069, 0.005, 0.0045, 0.0036, 0.0034]","[0.043, 0.09, 0.065, 0.061, 0.046, 0.211, 0.077, 0.046, 0.031, 0.193]",3000,0.013103395700454712,0.030103115716475105,
24,R6,3240,-0.011714047260417389,0.046231418941173226,-0.055652286982926874,0.05814329842394224,-0.0395858917236404,-0.05547633480466816,-0.07148323510628352,0.8389244079589844,0.061038799583911896,0.03989317640662193,0.8999632000923157,0.9731435179710388,0.9871038198471069,0,3,4,"[0.8389, 0.061, 0.0399, 0.0245, 0.0088, 0.0046, 0.0036, 0.0022, 0.002, 0.0017]","[0.012, 0.046, 0.056, 0.066, 0.053, 0.174, 0.075, 0.078, 0.0, 0.032]",3000,0.02752075158059597,0.26168100451384646,
24,R7,3240,0.05189879036294983,0.08147775325139145,-0.03828669269139285,-0.02601029825235857,0.014622110842055079,0.04063631381697619,0.00927844906106441,0.7978028655052185,0.04535173997282982,0.038948800414800644,0.8431546092033386,0.9400327801704407,0.9673734903335571,1,4,7,"[0.7978, 0.0454, 0.0389, 0.0301, 0.0279, 0.0097, 0.0066, 0.0047, 0.0035, 0.0028]","[0.052, 0.081, 0.038, 0.078, 0.017, 0.81, 0.152, 0.228, 0.028, 0.029]",3000,0.11238256841897964,-0.1816269868019404,
25,T0,3240,-0.011390227383977847,-0.03732543118882481,0.07953378663561178,0.015562307715828757,0.0780103885041953,-0.015180254019694387,0.06146971316339805,0.6768143177032471,0.21103978157043457,0.026087241247296333,0.8878540992736816,0.9455311894416809,0.9738205075263977,1,3,6,"[0.6768, 0.211, 0.0261, 0.0167, 0.0149, 0.0078, 0.0074, 0.0063, 0.0039, 0.0029]","[0.011, 0.037, 0.08, 0.098, 0.167, 0.166, 0.44, 0.047, 0.003, 0.181]",3000,0.047305598855018616,0.052984441557623795,
25,T1,3240,0.004581614872362588,-0.05161332837005635,0.05205043495313509,0.001442236901494207,0.04562024452796103,0.02680334459872191,-0.019115701996042872,0.32500171661376953,0.259909987449646,0.12056239694356918,0.5849117040634155,0.7877684235572815,0.8770539164543152,2,13,27,"[0.325, 0.2599, 0.1206, 0.0495, 0.0328, 0.0235, 0.0201, 0.0166, 0.0156, 0.0135]","[0.005, 0.052, 0.052, 0.078, 0.19, 0.07, 0.39, 0.656, 0.193, 0.111]",3000,0.03856326639652252,-0.03341743460417988,
25,T2,3240,0.01609732457531904,0.03264860983859987,-0.3402889628519002,0.056304652809446215,0.022126936275714323,-0.03989460632039196,0.18455751110746252,0.42683538794517517,0.11431080102920532,0.07344266772270203,0.5411461591720581,0.7125067114830017,0.8267148733139038,4,22,50,"[0.4268, 0.1143, 0.0734, 0.0551, 0.0428, 0.0358, 0.0258, 0.0226, 0.0164, 0.0137]","[0.016, 0.033, 0.34, 0.417, 0.488, 0.386, 0.249, 0.244, 0.051, 0.013]",3000,0.04511125013232231,-0.017973548702571944,
25,T3,3240,0.21477228036208476,0.08579605750202496,0.026415599261904166,-0.00268787006723303,-0.036547871276514744,0.011866673612636283,0.021754814874119347,0.6758813858032227,0.19379112124443054,0.04562496766448021,0.8696725368499756,0.9491536021232605,0.9744266867637634,1,3,6,"[0.6759, 0.1938, 0.0456, 0.0204, 0.0134, 0.0075, 0.0056, 0.0052, 0.0044, 0.0026]","[0.215, 0.086, 0.026, 0.106, 0.185, 0.033, 0.108, 0.233, 0.05, 0.381]",3000,0.03981288522481918,-0.21060824032706776,
25,T4,3240,-0.02133312728486019,0.00518413632064685,-0.010169384849639404,0.007973876230003996,0.005637598269501248,-0.026305129350383146,-0.002416202860141206,0.5443243384361267,0.16268742084503174,0.0968126580119133,0.7070117592811584,0.8762877583503723,0.9300931096076965,4,7,14,"[0.5443, 0.1627, 0.0968, 0.0484, 0.0241, 0.0182, 0.0106, 0.0094, 0.0085, 0.0072]","[0.021, 0.005, 0.01, 0.229, 0.611, 0.367, 0.144, 0.13, 0.587, 0.354]",3000,0.05896257609128952,0.0006263338642814437,
25,T5,3240,-0.17823743583184937,-0.006405849333629387,0.01175824021139781,0.02287449529679924,0.07736572435655552,-0.009830209109350783,-0.021024626925149937,0.619496762752533,0.24314282834529877,0.05114053189754486,0.8626396059989929,0.948138952255249,0.9740205407142639,0,3,6,"[0.6195, 0.2431, 0.0511, 0.0213, 0.013, 0.0087, 0.0063, 0.0045, 0.0038, 0.0025]","[0.178, 0.006, 0.012, 0.049, 0.239, 0.12, 0.139, 0.046, 0.137, 0.232]",3000,0.039897847920656204,0.11920129424080096,
25,T6,3240,0.1326188284192855,0.03186205897263907,0.05681273353788781,-0.013299092097405268,-0.022554668260018344,-0.00016079339514892563,-0.0031231924674493157,0.5769978165626526,0.22649747133255005,0.09257245808839798,0.8034952878952026,0.9329416751861572,0.9667510390281677,0,4,7,"[0.577, 0.2265, 0.0926, 0.0237, 0.0132, 0.011, 0.0087, 0.006, 0.0051, 0.0031]","[0.133, 0.032, 0.057, 0.142, 0.252, 0.148, 0.024, 0.121, 0.089, 0.024]",3000,0.03647464141249657,-0.0993045507820376,
25,T7,3240,-0.21589528905271488,-0.036564955907825644,-0.04832404184786656,0.017759522302099137,0.05487377822939237,-0.06061559731043222,0.003026986782466992,0.6476317644119263,0.21158383786678314,0.0600559264421463,0.8592156171798706,0.9527425169944763,0.9753206372261047,0,3,5,"[0.6476, 0.2116, 0.0601, 0.0192, 0.0143, 0.0062, 0.0061, 0.0046, 0.0034, 0.0022]","[0.216, 0.037, 0.048, 0.226, 0.011, 0.132, 0.166, 0.04, 0.087, 0.195]",3000,0.03804084658622742,0.18457829185472263,
25,T8,3240,0.11468378754872116,0.07193372591120689,0.09659084408764324,-0.03792495669550492,-0.0710547188713209,0.009998067816275599,-0.026056785401881312,0.6848971247673035,0.1817181557416916,0.05279574543237686,0.8666152954101562,0.9491910934448242,0.9748929738998413,3,3,6,"[0.6849, 0.1817, 0.0528, 0.0201, 0.0097, 0.0065, 0.0056, 0.0053, 0.0045, 0.0037]","[0.115, 0.072, 0.097, 0.036, 0.117, 0.1, 0.404, 0.087, 0.463, 0.35]",3000,0.03849884495139122,-0.06130824401609323,
25,R0,3240,0.053151582494791516,0.05031148486949744,0.11908357922881953,-0.04709649695212509,-0.05444367009824954,0.02617885622995316,-0.018014333964296286,0.8197520971298218,0.12249704450368881,0.01770458184182644,0.9422491192817688,0.9745733737945557,0.9878750443458557,0,2,3,"[0.8198, 0.1225, 0.0177, 0.0098, 0.0048, 0.004, 0.0028, 0.0027, 0.002, 0.0018]","[0.053, 0.05, 0.119, 0.137, 0.073, 0.117, 0.082, 0.193, 0.246, 0.069]",3000,0.0472000390291214,-0.06423560378195137,
25,R1,3240,-0.022771797729254962,0.06729327379583269,0.03960646603511549,-0.04343731239978267,0.032223043948092084,-0.07092574407666095,0.010482747906939855,0.8294386267662048,0.07860090583562851,0.024495335295796394,0.9080395102500916,0.955654501914978,0.9740996360778809,1,2,5,"[0.8294, 0.0786, 0.0245, 0.0158, 0.0073, 0.0059, 0.0042, 0.0031, 0.0029, 0.0023]","[0.023, 0.067, 0.04, 0.103, 0.219, 0.365, 0.043, 0.111, 0.013, 0.04]",3000,0.03829340636730194,0.13591834079124346,
25,R2,3240,0.033637629555139124,0.047624093459872896,-0.018039958951936694,-0.03419293693139519,-0.021361251352902143,0.016839563617780474,0.036045342302297056,0.8080658316612244,0.1113099753856659,0.01942160725593567,0.9193757772445679,0.960183322429657,0.9761388897895813,1,2,4,"[0.8081, 0.1113, 0.0194, 0.0118, 0.0096, 0.0047, 0.0034, 0.003, 0.0025, 0.0023]","[0.034, 0.048, 0.018, 0.007, 0.025, 0.047, 0.017, 0.065, 0.036, 0.363]",3000,0.0386577844619751,0.16766871289876636,
25,R3,3240,0.038886296621845305,0.04080821099584353,0.15454772556107516,-0.030379387390755727,-0.1626490139044138,-0.0035738793639546627,-0.18926003156658372,0.421333372592926,0.2695823907852173,0.059091340750455856,0.6909157633781433,0.8406670689582825,0.9224749207496643,1,8,17,"[0.4213, 0.2696, 0.0591, 0.0474, 0.0432, 0.0313, 0.0174, 0.0134, 0.011, 0.0087]","[0.039, 0.041, 0.155, 0.209, 0.345, 0.149, 0.036, 0.066, 0.026, 0.058]",3000,0.2132556140422821,0.05405188700270443,
25,R4,3240,0.005430773328782857,0.010928936571245837,0.029351970185387963,0.004661153938451897,-0.08015051873314775,-0.025604128759214445,0.05189319952245366,0.6680364608764648,0.15718674659729004,0.05296336114406586,0.8252232074737549,0.9373767971992493,0.9676501154899597,0,4,7,"[0.668, 0.1572, 0.053, 0.0437, 0.0155, 0.0098, 0.0082, 0.0051, 0.0039, 0.0032]","[0.005, 0.011, 0.029, 0.04, 0.036, 0.109, 0.052, 0.124, 0.282, 0.269]",3000,0.06453032791614532,0.09456287740849015,
25,R5,3240,-0.024920423506691783,0.08831676016778059,0.04603384036356086,0.005668106865607178,0.054490997039187146,0.024940226125228806,0.004154874642662151,0.6816213726997375,0.1476888507604599,0.06160285323858261,0.8293102383613586,0.9508808851242065,0.9744204878807068,0,4,5,"[0.6816, 0.1477, 0.0616, 0.0373, 0.0227, 0.0067, 0.0051, 0.0044, 0.0039, 0.0034]","[0.025, 0.088, 0.046, 0.042, 0.042, 0.171, 0.022, 0.031, 0.084, 0.189]",3000,0.01442040503025055,-0.046239074613489875,
25,R6,3240,0.00857314277371935,0.03608959409999519,-0.06254679605022795,0.04767454234456401,0.011458388200176622,-0.02467814274388408,-0.08454064306061185,0.8280380368232727,0.07017289102077484,0.04088038578629494,0.8982109427452087,0.9713722467422485,0.9862967729568481,0,3,4,"[0.828, 0.0702, 0.0409, 0.0237, 0.0086, 0.0052, 0.0037, 0.0024, 0.0021, 0.0016]","[0.009, 0.036, 0.063, 0.063, 0.057, 0.138, 0.058, 0.124, 0.083, 0.047]",3000,0.026921076700091362,0.15028356225614484,
25,R7,3240,0.0519191865841495,0.07774719350466813,-0.021471371376806575,-0.01553674039658485,-0.026012428051696436,0.03398273674213867,0.003669947389709673,0.8019694089889526,0.04227306321263313,0.037014853209257126,0.8442424535751343,0.9391435384750366,0.9675496816635132,2,4,7,"[0.802, 0.0423, 0.037, 0.0309, 0.027, 0.0097, 0.007, 0.005, 0.0037, 0.0031]","[0.052, 0.078, 0.021, 0.057, 0.034, 0.769, 0.314, 0.192, 0.016, 0.088]",3000,0.10835805535316467,-0.13607852969796566,
26,T0,3240,-0.0004895107482598954,-0.04736829161027741,0.09428035433792731,0.0123191350045055,0.09328948603439091,-0.01307280565483829,0.047778764051004195,0.6712465882301331,0.21109142899513245,0.025645095854997635,0.8823380470275879,0.9395189881324768,0.9705008268356323,1,3,7,"[0.6712, 0.2111, 0.0256, 0.0162, 0.0153, 0.009, 0.0081, 0.0068, 0.004, 0.0031]","[0.0, 0.047, 0.094, 0.038, 0.167, 0.215, 0.41, 0.111, 0.095, 0.284]",3000,0.04647393152117729,0.03470451011484362,
26,T1,3240,0.021755547108011843,-0.07799289279408982,-0.04291282785556486,0.011411159246649757,0.06626631043438506,0.0040031048881278225,0.00724410427739133,0.3243946433067322,0.24305449426174164,0.12253164499998093,0.567449152469635,0.7720791101455688,0.8672835230827332,3,14,31,"[0.3244, 0.2431, 0.1225, 0.0488, 0.0333, 0.0258, 0.022, 0.018, 0.0162, 0.0132]","[0.022, 0.078, 0.043, 0.114, 0.261, 0.34, 0.495, 0.512, 0.129, 0.109]",3000,0.0414113886654377,-0.04292397792827828,
26,T2,3240,0.036662915385227555,-0.04276572676313967,0.3182367242129922,0.04255649473200329,0.013217642574456798,-0.029910037925929847,0.17376037018714144,0.3969849944114685,0.12282773107290268,0.07247728109359741,0.5198127031326294,0.6936989426612854,0.810550332069397,4,25,55,"[0.397, 0.1228, 0.0725, 0.0557, 0.0457, 0.0387, 0.0264, 0.0209, 0.0167, 0.0141]","[0.037, 0.043, 0.318, 0.406, 0.448, 0.401, 0.235, 0.282, 0.054, 0.161]",3000,0.05205495283007622,-0.029957157012990836,
26,T3,3240,0.20959763620425892,0.060010996157452916,0.005208976948507465,-0.01621594467322727,-0.047521795741570914,0.02573017703105169,0.012078534008390606,0.6511850953102112,0.20154514908790588,0.05177544802427292,0.8527302742004395,0.9409635066986084,0.9692933559417725,0,3,7,"[0.6512, 0.2015, 0.0518, 0.0222, 0.0143, 0.0085, 0.0062, 0.0057, 0.0052, 0.0028]","[0.21, 0.06, 0.005, 0.108, 0.191, 0.035, 0.194, 0.13, 0.155, 0.289]",3000,0.03645969554781914,-0.19596518522186998,
26,T4,3240,0.04343398563390765,0.016580874633190208,0.00238752753247989,-0.0020483008047266515,-0.007402801168131746,0.02789778267576162,0.009711175699995567,0.5358819961547852,0.1482507735490799,0.10260847210884094,0.6841327548027039,0.8662866950035095,0.9248242974281311,2,8,16,"[0.5359, 0.1483, 0.1026, 0.055, 0.0245, 0.0203, 0.012, 0.0099, 0.0088, 0.0076]","[0.043, 0.017, 0.002, 0.217, 0.624, 0.274, 0.21, 0.171, 0.634, 0.097]",3000,0.059972941875457764,-0.015735270610666697,
26,T5,3240,-0.15832867972066478,-0.004792853976890293,-0.038934141361864565,0.017657658877472542,0.06957065660919601,-0.010747555048702031,-0.01953255222387546,0.6017974019050598,0.2502109408378601,0.05450836941599846,0.8520083427429199,0.9426614046096802,0.9709354043006897,0,3,6,"[0.6018, 0.2502, 0.0545, 0.0223, 0.0138, 0.0097, 0.0067, 0.0048, 0.0043, 0.0028]","[0.158, 0.005, 0.039, 0.092, 0.265, 0.05, 0.157, 0.067, 0.077, 0.21]",3000,0.03915329650044441,0.10373238054881656,
26,T6,3240,0.12923304383850495,0.022785663500833168,-0.07747891120387614,-0.018287368075031868,-0.010749302786312384,0.00838043135270014,-0.008046975206546287,0.5560107827186584,0.2281343787908554,0.09840492904186249,0.784145176410675,0.9233869910240173,0.9609056711196899,0,4,8,"[0.556, 0.2281, 0.0984, 0.0272, 0.0137, 0.0115, 0.0099, 0.0066, 0.0058, 0.0038]","[0.129, 0.023, 0.077, 0.198, 0.234, 0.203, 0.017, 0.223, 0.092, 0.111]",3000,0.035199400037527084,-0.09813124130898561,
26,T7,3240,-0.1796007439103863,-0.03895898908011284,-0.05819054796307617,0.006375946543060333,0.044967681294826874,-0.05357480288944709,0.025346258081433582,0.6319727897644043,0.21288368105888367,0.06413491070270538,0.8448565006256104,0.9462252855300903,0.971555233001709,0,3,6,"[0.632, 0.2129, 0.0641, 0.0219, 0.0154, 0.0074, 0.0066, 0.0051, 0.0038, 0.0024]","[0.18, 0.039, 0.058, 0.217, 0.026, 0.099, 0.154, 0.033, 0.07, 0.121]",3000,0.036058731377124786,0.15991459534824265,
26,T8,3240,0.09212099616308055,0.061616419024131314,0.03593382175231153,-0.030767994387177512,-0.05062003319721588,0.009193154046326044,-0.021789017753165576,0.6775670051574707,0.17621897161006927,0.05609963834285736,0.8537859916687012,0.943609356880188,0.9712837338447571,2,3,6,"[0.6776, 0.1762, 0.0561, 0.0231, 0.0106, 0.0071, 0.0061, 0.0055, 0.005, 0.0039]","[0.092, 0.062, 0.036, 0.063, 0.122, 0.113, 0.159, 0.145, 0.423, 0.464]",3000,0.03628868982195854,-0.05515195295655883,
26,R0,3240,-0.0019652350998486346,0.04297951891702443,0.12065376521593546,-0.04390226416570675,-0.04424981663911264,0.017051793171204706,-0.003912455348036107,0.8201553821563721,0.12024558335542679,0.018282029777765274,0.9404009580612183,0.9739826321601868,0.9872190952301025,0,2,3,"[0.8202, 0.1202, 0.0183, 0.0106, 0.0047, 0.004, 0.0028, 0.0026, 0.002, 0.0018]","[0.002, 0.043, 0.121, 0.12, 0.05, 0.075, 0.019, 0.244, 0.204, 0.171]",3000,0.047254789620637894,-0.03824692220521108,
26,R1,3240,0.006145247448686401,0.05477346665222161,-0.005324112548342237,-0.060624558603674106,0.032949584749564324,-0.0607092805763076,0.005486362191756716,0.8163158893585205,0.08308109641075134,0.025885846465826035,0.8993970155715942,0.9497833251953125,0.9700926542282104,0,3,6,"[0.8163, 0.0831, 0.0259, 0.0167, 0.0078, 0.007, 0.0044, 0.0033, 0.0032, 0.0024]","[0.006, 0.055, 0.005, 0.105, 0.24, 0.211, 0.012, 0.054, 0.142, 0.025]",3000,0.03789066895842552,0.12002348651438617,
26,R2,3240,0.032396366031841595,0.05796118264681786,-0.00823252008235682,-0.012003872955809361,-0.016645227764945727,0.028190940712189604,0.038350206903681,0.7898539900779724,0.12399647384881973,0.020061949267983437,0.9138504862785339,0.9559999704360962,0.9742441773414612,1,2,5,"[0.7899, 0.124, 0.0201, 0.0122, 0.0099, 0.006, 0.0037, 0.0032, 0.0027, 0.0026]","[0.032, 0.058, 0.008, 0.057, 0.029, 0.077, 0.009, 0.077, 0.647, 0.224]",3000,0.03902888670563698,0.16583863457027273,
26,R3,3240,0.008849892830728947,0.05440414102601503,0.20857516305350637,0.002010600781990035,-0.1431527328401979,-0.01965258984205975,-0.17113589467018606,0.4098626673221588,0.3020131289958954,0.05648801475763321,0.7118757963180542,0.853912353515625,0.9280966520309448,1,8,15,"[0.4099, 0.302, 0.0565, 0.0442, 0.0414, 0.0291, 0.0161, 0.0117, 0.0094, 0.0079]","[0.009, 0.054, 0.209, 0.183, 0.333, 0.144, 0.005, 0.095, 0.045, 0.05]",3000,0.2100587636232376,0.07253781375575705,
26,R4,3240,-0.02112023391513868,-0.002537390471633565,0.009862808336290918,-0.0030370238371186776,-0.051996867478142424,0.004329461332935656,0.05379454082295922,0.6573091149330139,0.15844793617725372,0.05921206623315811,0.8157570362091064,0.9331660866737366,0.9653680920600891,1,4,7,"[0.6573, 0.1584, 0.0592, 0.0419, 0.0163, 0.01, 0.0077, 0.0065, 0.0044, 0.0036]","[0.021, 0.003, 0.01, 0.024, 0.022, 0.105, 0.042, 0.08, 0.319, 0.258]",3000,0.0714721605181694,0.03058194869193732,
26,R5,3240,0.009722474721813892,0.08549420670166692,-0.026613952730955296,0.0010649412302394874,0.07428436203835768,0.04659830855274263,0.013917485467939132,0.6705381870269775,0.14044223725795746,0.07233370840549469,0.8109804391860962,0.946596086025238,0.9725589156150818,0,4,6,"[0.6705, 0.1404, 0.0723, 0.0415, 0.0218, 0.008, 0.0053, 0.0047, 0.0043, 0.0037]","[0.01, 0.085, 0.027, 0.048, 0.042, 0.186, 0.007, 0.026, 0.036, 0.173]",3000,0.01768450066447258,-0.1315495822123088,
26,R6,3240,0.06357136231385851,0.014114087091965545,-0.06258633226852185,0.05648059170980498,0.010000973324503417,-0.0005303652929814989,-0.07349967512692257,0.82225102186203,0.07532984018325806,0.04149412736296654,0.8975808620452881,0.9702969193458557,0.9854440689086914,0,3,4,"[0.8223, 0.0753, 0.0415, 0.023, 0.0083, 0.0051, 0.0036, 0.0029, 0.002, 0.0016]","[0.064, 0.014, 0.063, 0.067, 0.058, 0.183, 0.075, 0.066, 0.086, 0.01]",3000,0.026095973327755928,0.117710615668951,
26,R7,3240,-0.02415643620808537,0.09018179231827665,-0.016937417247879588,-0.02422299835822247,-0.026221267630107875,0.028622935282579122,0.022171997029789597,0.8056405186653137,0.04009062051773071,0.03588079661130905,0.8457311391830444,0.9388225674629211,0.9670526385307312,2,4,7,"[0.8056, 0.0401, 0.0359, 0.0308, 0.0264, 0.0096, 0.0067, 0.005, 0.0037, 0.0032]","[0.024, 0.09, 0.017, 0.07, 0.028, 0.72, 0.417, 0.206, 0.002, 0.066]",3000,0.10560224205255508,-0.0590338441466705,
27,T0,3240,-0.065266023829631,-0.058509157312798904,0.06970637442409208,-0.012853675356708177,-0.07797956581886355,0.003980819486684337,-0.11447001750313528,0.6933875679969788,0.19346529245376587,0.022608544677495956,0.8868528604507446,0.9387940168380737,0.9709824323654175,1,3,7,"[0.6934, 0.1935, 0.0226, 0.0155, 0.0138, 0.0097, 0.0083, 0.0073, 0.0037, 0.0031]","[0.065, 0.059, 0.07, 0.086, 0.216, 0.297, 0.22, 0.018, 0.242, 0.489]",3000,0.04681936651468277,-0.03621029944146577,
27,T1,3240,-0.04402605951496428,-0.07770881085663911,-0.06612344655109195,-0.022253857205400598,-0.08906839170509331,0.01350125407012057,-0.025151424810638527,0.3260329067707062,0.23699873685836792,0.11721857637166977,0.5630316734313965,0.7652210593223572,0.8653125166893005,4,14,31,"[0.326, 0.237, 0.1172, 0.0488, 0.0362, 0.0284, 0.0236, 0.0177, 0.0162, 0.0142]","[0.044, 0.078, 0.066, 0.139, 0.367, 0.437, 0.557, 0.392, 0.038, 0.003]",3000,0.04506932571530342,0.06803593781828478,
27,T2,3240,0.01968492511852502,-0.07527131899813676,0.2601302433553999,0.05331270214283517,0.022650466747617937,-0.042534240082426414,0.16407152579692086,0.3890553414821625,0.12742231786251068,0.07136348634958267,0.516477644443512,0.690944492816925,0.8068636059761047,3,25,55,"[0.3891, 0.1274, 0.0714, 0.0556, 0.0475, 0.0389, 0.0262, 0.0197, 0.0176, 0.0135]","[0.02, 0.075, 0.26, 0.365, 0.305, 0.57, 0.222, 0.252, 0.005, 0.033]",3000,0.046086762100458145,-0.034196791378224595,
27,T3,3240,0.22276221152920667,0.04421182991101703,0.006699906450103751,-0.01945899075384839,-0.05067808032904291,0.024294728769184436,0.02162769967811186,0.6597442626953125,0.19277331233024597,0.04943156987428665,0.8525176048278809,0.9382351040840149,0.9678272604942322,1,3,7,"[0.6597, 0.1928, 0.0494, 0.0221, 0.0141, 0.0082, 0.0073, 0.0056, 0.0054, 0.003]","[0.223, 0.044, 0.007, 0.131, 0.18, 0.124, 0.199, 0.018, 0.179, 0.452]",3000,0.035527728497982025,-0.20998696957487284,
27,T4,3240,0.08118612005383963,0.07331748332885334,-0.04807434222492787,-0.003368314569565463,-0.01708336399514374,0.039369384630091216,0.01066585223769127,0.5619730353355408,0.12687872350215912,0.08845042437314987,0.6888517737388611,0.8704674243927002,0.9272373914718628,2,7,15,"[0.562, 0.1269, 0.0885, 0.0685, 0.0247, 0.0199, 0.0116, 0.0092, 0.0086, 0.0075]","[0.081, 0.073, 0.048, 0.264, 0.809, 0.096, 0.23, 0.09, 0.659, 0.175]",3000,0.06376764923334122,-0.0360563822970953,
27,T5,3240,-0.1681293739769737,0.0027613612840283975,0.029158368995648762,-0.0017306751908863268,0.05071544150883633,-0.015469247629751198,-0.01962150949018838,0.6032883524894714,0.25361010432243347,0.05019974336028099,0.8568984270095825,0.9425323605537415,0.9700703620910645,1,3,6,"[0.6033, 0.2536, 0.0502, 0.0217, 0.0138, 0.0086, 0.0067, 0.0048, 0.0045, 0.0028]","[0.168, 0.003, 0.029, 0.084, 0.259, 0.049, 0.146, 0.082, 0.05, 0.378]",3000,0.04029464349150658,0.10995695224851822,
27,T6,3240,0.10318886150512814,-0.021416891852644525,0.0966707799442363,0.0008038753902237694,-0.0009689371145785089,0.008024865785390427,-0.012150518526038089,0.5497840046882629,0.22882568836212158,0.09705256670713425,0.7786096930503845,0.9183648824691772,0.9579447507858276,0,4,9,"[0.5498, 0.2288, 0.0971, 0.0286, 0.0142, 0.0124, 0.0102, 0.007, 0.0061, 0.004]","[0.103, 0.021, 0.097, 0.2, 0.228, 0.179, 0.03, 0.281, 0.045, 0.22]",3000,0.03548511117696762,-0.07463675673602391,
27,T7,3240,-0.1527607821610286,-0.04729835923695652,-0.06875237580256018,0.005636007300669927,0.035285744985987764,-0.05923881589380245,0.03397085663198402,0.6267214417457581,0.21584779024124146,0.06274431198835373,0.8425692319869995,0.9432582259178162,0.9699996709823608,0,3,6,"[0.6267, 0.2158, 0.0627, 0.022, 0.0159, 0.0078, 0.0072, 0.0052, 0.0039, 0.0026]","[0.153, 0.047, 0.069, 0.2, 0.043, 0.025, 0.216, 0.021, 0.043, 0.171]",3000,0.03575922176241875,0.1476636565669927,
27,T8,3240,0.07526234877821125,0.058715201824587566,0.04427358291666201,-0.03340613560537819,-0.0476538044005651,0.010488850285395247,-0.020590766097812265,0.6735539436340332,0.17808575928211212,0.05422064661979675,0.8516396880149841,0.9412144422531128,0.96970534324646,1,3,7,"[0.6736, 0.1781, 0.0542, 0.0233, 0.0121, 0.0074, 0.0067, 0.0055, 0.005, 0.004]","[0.075, 0.059, 0.044, 0.106, 0.021, 0.193, 0.186, 0.141, 0.283, 0.472]",3000,0.03517783060669899,-0.0425454007601542,
27,R0,3240,-0.03923463689879852,0.04975355448333924,0.12718674050550335,-0.049674182430181756,-0.026761647384793315,0.013786923100122146,0.010796466221108112,0.8294256329536438,0.1107887327671051,0.018345938995480537,0.9402143955230713,0.9738031625747681,0.9871410727500916,0,2,3,"[0.8294, 0.1108, 0.0183, 0.0106, 0.0046, 0.004, 0.0028, 0.0025, 0.0021, 0.0018]","[0.039, 0.05, 0.127, 0.124, 0.045, 0.037, 0.23, 0.233, 0.056, 0.182]",3000,0.04612152278423309,-0.029121328914103687,
27,R1,3240,0.0901264071420043,0.06091182453577765,0.1106732646754362,-0.061089685783650566,0.045601451190160826,-0.04201479977166273,0.01340688176154533,0.8132766485214233,0.07836335152387619,0.029124360531568527,0.8916400074958801,0.9460325837135315,0.9673925638198853,1,3,6,"[0.8133, 0.0784, 0.0291, 0.0165, 0.0087, 0.0075, 0.0043, 0.0034, 0.0032, 0.003]","[0.09, 0.061, 0.111, 0.109, 0.354, 0.018, 0.056, 0.075, 0.175, 0.09]",3000,0.037819549441337585,0.0560984694405071,
27,R2,3240,-0.09403060874723299,0.06530679503052896,0.008045405050125035,-0.022259249885917834,0.009061682047396888,-0.04078568080425249,-0.05072069023494755,0.7883960604667664,0.12244019657373428,0.019062353298068047,0.9108362793922424,0.9529596567153931,0.9738031625747681,2,2,5,"[0.7884, 0.1224, 0.0191, 0.0126, 0.0104, 0.0083, 0.0036, 0.0032, 0.003, 0.0027]","[0.094, 0.065, 0.008, 0.053, 0.11, 0.113, 0.199, 0.361, 0.063, 0.321]",3000,0.037703968584537506,-0.13585720031894444,
27,R3,3240,0.011043833321301719,0.0673316316699072,0.14202824043374113,-0.00029802887421940193,-0.13815577822618683,-0.017814373421545453,-0.15689737113500632,0.4299177825450897,0.2963272035121918,0.05091322585940361,0.7262449860572815,0.8583912253379822,0.9304781556129456,0,7,15,"[0.4299, 0.2963, 0.0509, 0.0415, 0.0397, 0.0283, 0.0162, 0.0108, 0.0093, 0.0074]","[0.011, 0.067, 0.142, 0.116, 0.289, 0.2, 0.049, 0.119, 0.113, 0.025]",3000,0.1904567927122116,0.08095403869123333,
27,R4,3240,-0.008234666223653243,-0.010153634756842623,0.0055222448592996635,0.02988778068161401,-0.07482866880774697,-0.064540967623944,0.004957786663534645,0.6554511785507202,0.15922917425632477,0.058999933302402496,0.8146803379058838,0.932216465473175,0.9654837250709534,1,4,7,"[0.6555, 0.1592, 0.059, 0.0427, 0.0159, 0.0098, 0.0081, 0.0065, 0.005, 0.004]","[0.008, 0.01, 0.006, 0.015, 0.021, 0.224, 0.073, 0.118, 0.355, 0.242]",3000,0.08047151565551758,0.07967575861278028,
27,R5,3240,-0.027164873270604416,-0.08548138299316466,-0.04546948574516008,-0.0005494976361045734,-0.07624190986912004,-0.057703310859705974,-0.014727098795053118,0.6552261710166931,0.13294176757335663,0.09296168386936188,0.7881679534912109,0.9450626373291016,0.9719849824905396,0,4,6,"[0.6552, 0.1329, 0.093, 0.0436, 0.0204, 0.0086, 0.0053, 0.0047, 0.0044, 0.0039]","[0.027, 0.085, 0.045, 0.055, 0.037, 0.212, 0.021, 0.028, 0.018, 0.124]",3000,0.0199821088463068,0.16155450275691632,
27,R6,3240,0.06427762885897799,-0.00832695339273635,-0.05948018520182267,0.05251188194563263,-0.02075352284608938,-0.005974896461513441,-0.09633756420676293,0.8079017400741577,0.09081847965717316,0.04181661829352379,0.8987202048301697,0.9696609377861023,0.9850342869758606,1,3,4,"[0.8079, 0.0908, 0.0418, 0.0211, 0.008, 0.0052, 0.0034, 0.0031, 0.0021, 0.0016]","[0.064, 0.008, 0.059, 0.053, 0.054, 0.234, 0.071, 0.003, 0.396, 0.005]",3000,0.025889409705996513,0.16773639896552822,
27,R7,3240,-0.011009707539215135,0.0893070767109348,-0.057509194697343544,-0.0005590265343797205,-0.04139143809442686,0.009755145171121112,0.047531001452169874,0.8048949241638184,0.04185495153069496,0.03416446968913078,0.8467499017715454,0.9380305409431458,0.9666376113891602,1,4,7,"[0.8049, 0.0419, 0.0342, 0.0311, 0.0261, 0.0096, 0.0068, 0.0053, 0.0036, 0.0033]","[0.011, 0.089, 0.058, 0.085, 0.049, 0.738, 0.292, 0.135, 0.14, 0.229]",3000,0.11920798569917679,-0.024965681228589717,
28,T0,3240,-0.08312963203120959,-0.039702206837861874,0.03353151191029695,-0.0048606017274600115,-0.08404393852436197,0.011621727680143964,-0.0970735731729905,0.6733378767967224,0.20779100060462952,0.022683408111333847,0.8811289072036743,0.9354960322380066,0.9695562720298767,2,3,7,"[0.6733, 0.2078, 0.0227, 0.0167, 0.015, 0.0102, 0.0086, 0.0078, 0.004, 0.0035]","[0.083, 0.04, 0.034, 0.061, 0.213, 0.137, 0.31, 0.014, 0.142, 0.493]",3000,0.04584389179944992,0.0030386253095696816,
28,T1,3240,0.032581324295884895,-0.1173208253327302,-0.12148234167115873,-0.0019095847203790216,-0.07528529211580214,0.020971178905319358,-0.021314225707473048,0.31272873282432556,0.228729248046875,0.11952007561922073,0.541458010673523,0.749030351638794,0.8547071814537048,3,16,36,"[0.3127, 0.2287, 0.1195, 0.0517, 0.0363, 0.0304, 0.0237, 0.0183, 0.0178, 0.0155]","[0.033, 0.117, 0.121, 0.167, 0.314, 0.619, 0.508, 0.028, 0.111, 0.076]",3000,0.04492996633052826,0.031560432122597265,
28,T2,3240,0.02546717385699419,-0.06790783515811732,0.25938856664570664,0.040684486683444175,0.012181914458493317,-0.04080735338764709,0.15102583812697262,0.3593359887599945,0.11972981691360474,0.07583651691675186,0.47906580567359924,0.6570409536361694,0.77934730052948,2,31,70,"[0.3593, 0.1197, 0.0758, 0.0522, 0.05, 0.0383, 0.0285, 0.0218, 0.0189, 0.0147]","[0.025, 0.068, 0.259, 0.204, 0.104, 0.58, 0.176, 0.353, 0.104, 0.179]",3000,0.04628736525774002,-0.04255861077143464,
28,T3,3240,0.18920792733050018,0.013038300384881456,0.02134170649025601,-0.004478832179673068,-0.035356824082462004,0.013706846318789864,0.029647947484975665,0.6650346517562866,0.1868066042661667,0.04942157492041588,0.8518412709236145,0.9372255206108093,0.9674931168556213,2,3,7,"[0.665, 0.1868, 0.0494, 0.0222, 0.0137, 0.0083, 0.007, 0.0063, 0.0054, 0.0033]","[0.189, 0.013, 0.021, 0.158, 0.204, 0.055, 0.303, 0.112, 0.132, 0.583]",3000,0.03474052995443344,-0.1487793631651567,
28,T4,3240,0.07948992275850854,-0.03622345212859875,0.06043847081098267,-0.01756844435203586,-0.01375431135322545,0.0645830665183721,-0.01700722109548985,0.5289187431335449,0.1277773529291153,0.09164740890264511,0.656696081161499,0.8447720408439636,0.9123421907424927,4,9,19,"[0.5289, 0.1278, 0.0916, 0.0685, 0.0279, 0.0225, 0.015, 0.0119, 0.0098, 0.0084]","[0.079, 0.036, 0.06, 0.339, 0.723, 0.446, 0.53, 0.16, 0.165, 0.13]",3000,0.06865356117486954,-0.08558085711496467,
28,T5,3240,-0.18017290814679482,0.012456529004285016,-0.04232503031716884,0.0028338586334518256,0.06961498187191945,-0.01620530893500348,-0.01167065780321962,0.605167031288147,0.2534480094909668,0.04709431901574135,0.8586150407791138,0.9403993487358093,0.9703154563903809,1,3,7,"[0.6052, 0.2534, 0.0471, 0.0222, 0.0125, 0.0089, 0.0074, 0.0062, 0.0046, 0.0029]","[0.18, 0.012, 0.042, 0.108, 0.253, 0.003, 0.21, 0.052, 0.101, 0.388]",3000,0.040581297129392624,0.1170636154751052,
28,T6,3240,0.10178217961842656,-0.01725216604664989,0.09811595951374447,-0.005587223239457373,-0.011152998914198877,-0.0013758735347697286,-0.022244060474233274,0.5394817590713501,0.23263871669769287,0.09723769873380661,0.772120475769043,0.9137536883354187,0.9563093781471252,1,5,9,"[0.5395, 0.2326, 0.0972, 0.0303, 0.0141, 0.0128, 0.0103, 0.0089, 0.0063, 0.0042]","[0.102, 0.017, 0.098, 0.199, 0.2, 0.26, 0.089, 0.277, 0.087, 0.427]",3000,0.03677684813737869,-0.07581371070136178,
28,T7,3240,0.14346968331441304,-0.06730187069933827,-0.07628154341659327,0.00544184828662721,-0.025897926403541053,0.038312828170562065,-0.01649969448083263,0.6482447981834412,0.200520858168602,0.05804937705397606,0.8487656712532043,0.9439184665679932,0.9706927537918091,0,3,6,"[0.6482, 0.2005, 0.058, 0.0208, 0.0163, 0.0081, 0.0076, 0.0047, 0.004, 0.0024]","[0.143, 0.067, 0.076, 0.201, 0.025, 0.088, 0.198, 0.008, 0.002, 0.193]",3000,0.034654706716537476,-0.12119612290688847,
28,T8,3240,0.04083378944352049,0.05473378888084358,0.08127935205265784,-0.008150451423409826,0.0015323016639908129,-0.018359624837801854,0.00661728931709396,0.6740376353263855,0.17957112193107605,0.04750083014369011,0.8536087274551392,0.9366967082023621,0.9685983657836914,3,3,7,"[0.674, 0.1796, 0.0475, 0.0243, 0.0113, 0.0086, 0.0076, 0.0058, 0.0055, 0.0045]","[0.041, 0.055, 0.081, 0.15, 0.101, 0.293, 0.072, 0.366, 0.466, 0.417]",3000,0.03647102788090706,-0.03212511778087742,
28,R0,3240,0.09840404003796435,0.05846070748402251,0.14898344272960026,0.01690501875838939,0.004582132041966583,0.010733348763218669,0.019374929720521572,0.8307389616966248,0.11488328874111176,0.015812372788786888,0.9456222653388977,0.9748993515968323,0.9878443479537964,1,2,3,"[0.8307, 0.1149, 0.0158, 0.0093, 0.0042, 0.0038, 0.0031, 0.0025, 0.0018, 0.0018]","[0.098, 0.058, 0.149, 0.076, 0.074, 0.058, 0.219, 0.243, 0.219, 0.453]",3000,0.048657357692718506,-0.006994966075639212,
28,R1,3240,0.19961910339826802,0.07228644160174981,-0.003535198136105267,-0.061973853868895666,0.06998496338978029,-0.0035425496775373048,0.0013491349867888218,0.8092224597930908,0.07638625800609589,0.028795434162020683,0.8856087327003479,0.9391619563102722,0.9635918140411377,2,3,7,"[0.8092, 0.0764, 0.0288, 0.0155, 0.0093, 0.0086, 0.0048, 0.0041, 0.0038, 0.003]","[0.2, 0.072, 0.004, 0.125, 0.245, 0.175, 0.09, 0.401, 0.16, 0.42]",3000,0.03772572800517082,-0.04216743721803346,
28,R2,3240,-0.11952620951686951,0.07914282458613547,-0.0407040891424613,-0.01641603205995283,0.018311495105074266,-0.04886199678981143,-0.042581207053552575,0.7706546187400818,0.14123553037643433,0.016191905364394188,0.9118901491165161,0.9538593888282776,0.9747324585914612,1,2,5,"[0.7707, 0.1412, 0.0162, 0.0135, 0.0123, 0.0087, 0.0038, 0.0032, 0.0029, 0.0024]","[0.12, 0.079, 0.041, 0.11, 0.128, 0.064, 0.159, 0.385, 0.021, 0.25]",3000,0.03445285186171532,-0.10398664944971467,
28,R3,3240,0.18088438329965872,0.10973146163805308,-0.23662945824193693,-0.04006303691224744,0.007192204437832516,0.18063397284903043,-0.18616707822760262,0.3912263810634613,0.2607145309448242,0.0713878646492958,0.6519409418106079,0.8159055113792419,0.901312530040741,0,10,22,"[0.3912, 0.2607, 0.0714, 0.055, 0.0376, 0.0341, 0.015, 0.0135, 0.0122, 0.0107]","[0.181, 0.11, 0.237, 0.111, 0.043, 0.2, 0.081, 0.038, 0.127, 0.04]",3000,0.2655431628227234,-0.5370554088235169,
28,R4,3240,0.008360693478636536,0.03496703300744867,0.024895358163727573,-0.012897031035604297,-0.00662520307773772,-0.015750807390698007,0.02518683863168697,0.6527747511863708,0.15672948956489563,0.062403831630945206,0.8095042705535889,0.9274905920028687,0.9621219038963318,1,4,8,"[0.6528, 0.1567, 0.0624, 0.039, 0.0166, 0.01, 0.0085, 0.0069, 0.0049, 0.0044]","[0.008, 0.035, 0.025, 0.024, 0.049, 0.275, 0.012, 0.061, 0.437, 0.152]",3000,0.07251770794391632,-0.043908812953183836,
28,R5,3240,0.025274430757982337,0.06601775710080159,-0.08761799366505103,0.013464719615718523,0.021576387637952787,0.008116472737202356,0.019059851243447726,0.6861243844032288,0.12184132635593414,0.07584259659051895,0.8079656958580017,0.9479993581771851,0.9737473726272583,0,4,6,"[0.6861, 0.1218, 0.0758, 0.0472, 0.017, 0.0076, 0.005, 0.0048, 0.0043, 0.004]","[0.025, 0.066, 0.088, 0.054, 0.016, 0.228, 0.069, 0.061, 0.043, 0.095]",3000,0.02633240446448326,-0.0414509437248359,
28,R6,3240,0.14447433480270727,-0.06392700783327211,-0.05144850796733298,0.09585988239591814,-0.007836894372075022,-0.03920662962514492,-0.060039861914639975,0.8203903436660767,0.07340133935213089,0.04761716350913048,0.893791675567627,0.970147430896759,0.9846916794776917,1,3,4,"[0.8204, 0.0734, 0.0476, 0.0219, 0.0068, 0.0047, 0.0035, 0.0029, 0.0019, 0.0017]","[0.144, 0.064, 0.051, 0.086, 0.003, 0.314, 0.022, 0.287, 0.005, 0.184]",3000,0.03113950602710247,0.09424207277038843,
28,R7,3240,-0.10881298481498622,0.007833445847722952,0.056954540950609284,-0.07597299689430688,-0.021873713373148033,0.09510001552497396,0.031114858220067737,0.7908296585083008,0.04399468004703522,0.03652794286608696,0.8348243236541748,0.9278318881988525,0.9609310626983643,2,4,8,"[0.7908, 0.044, 0.0365, 0.0321, 0.0244, 0.0128, 0.0076, 0.0052, 0.0042, 0.0033]","[0.109, 0.008, 0.057, 0.076, 0.026, 0.654, 0.606, 0.154, 0.019, 0.12]",3000,0.09702575951814651,-0.059685935118916164,
29,T0,3240,0.07931278998395896,0.00904431320277116,0.0360103853625437,0.01034854585532687,0.06029055283695948,-0.004388089258022406,0.09929657967249965,0.6828672289848328,0.2037472426891327,0.021251395344734192,0.8866144418716431,0.9378417134284973,0.97015780210495,3,3,7,"[0.6829, 0.2037, 0.0213, 0.016, 0.014, 0.0089, 0.0087, 0.0073, 0.0039, 0.0035]","[0.079, 0.009, 0.036, 0.047, 0.177, 0.056, 0.372, 0.12, 0.345, 0.534]",3000,0.047625575214624405,0.028545256377346437,
29,T1,3240,0.02529411747483739,0.1495439739638932,0.08845183199513115,0.067653132350323,0.12395952293194708,-0.021497712697412085,0.03687212730079779,0.2981511950492859,0.2282899171113968,0.11547254770994186,0.5264410972595215,0.741236686706543,0.8487389087677002,3,17,39,"[0.2982, 0.2283, 0.1155, 0.0595, 0.0399, 0.0323, 0.0241, 0.0179, 0.0173, 0.016]","[0.025, 0.15, 0.088, 0.193, 0.485, 0.605, 0.405, 0.092, 0.14, 0.035]",3000,0.044912099838256836,-0.1049121922323465,
29,T2,3240,0.02075330740008733,0.008250166836480338,0.24284890907642392,0.04347779471925524,0.012557360778119078,-0.04457857184689464,0.1504527081940664,0.3341091275215149,0.12123569846153259,0.08684574067592621,0.4553448259830475,0.64133220911026,0.7655194401741028,1,34,76,"[0.3341, 0.1212, 0.0868, 0.0537, 0.0455, 0.0382, 0.0296, 0.0224, 0.0185, 0.0156]","[0.021, 0.008, 0.243, 0.076, 0.176, 0.631, 0.15, 0.253, 0.11, 0.299]",3000,0.041753388941287994,-0.03495328481578591,
29,T3,3240,0.15815609915919643,0.017130731825732583,0.010730963494105279,-0.0053532993350675516,-0.038511032327197575,0.022709792477865743,0.013849648447606916,0.6549397110939026,0.189348042011261,0.052511196583509445,0.8442877531051636,0.9330257773399353,0.9649967551231384,2,4,8,"[0.6549, 0.1893, 0.0525, 0.0228, 0.0135, 0.0087, 0.0073, 0.0066, 0.0059, 0.0034]","[0.158, 0.017, 0.011, 0.155, 0.172, 0.081, 0.309, 0.134, 0.08, 0.646]",3000,0.03453150764107704,-0.12087116752881961,
29,T4,3240,-0.11702930181585766,-0.036544172229044915,0.12519774228047797,0.04258357173389861,0.027994756525034553,-0.07284208194145479,0.043626739464604804,0.5157606601715088,0.1184513121843338,0.09259854257106781,0.6342119574546814,0.8270789980888367,0.9027361869812012,4,10,21,"[0.5158, 0.1185, 0.0926, 0.0695, 0.0307, 0.0272, 0.0162, 0.0123, 0.011, 0.009]","[0.117, 0.037, 0.125, 0.478, 0.591, 0.688, 0.414, 0.215, 0.15, 0.09]",3000,0.06913413852453232,0.11670157251036094,
29,T5,3240,-0.16971611688239882,0.012925119843096348,-0.030687005294240222,0.0015483826598926488,0.07061727902511193,-0.015684059267245615,-0.023837349004423136,0.5838862061500549,0.27013784646987915,0.04960179701447487,0.8540240526199341,0.9372771382331848,0.9683377146720886,2,3,7,"[0.5839, 0.2701, 0.0496, 0.0221, 0.0116, 0.0094, 0.0074, 0.0063, 0.0051, 0.0029]","[0.17, 0.013, 0.031, 0.123, 0.307, 0.002, 0.223, 0.03, 0.124, 0.484]",3000,0.04102049022912979,0.10696919098397058,
29,T6,3240,0.09823880033465512,-0.010217098668336588,0.10042922346979385,-0.001080122534235365,-0.006277061879134428,-0.003467546261098346,-0.0242164370314154,0.5240439772605896,0.23134206235408783,0.1036493107676506,0.7553860545158386,0.9077654480934143,0.9524530172348022,1,5,10,"[0.524, 0.2313, 0.1036, 0.0339, 0.0149, 0.0134, 0.0106, 0.0093, 0.0067, 0.0046]","[0.098, 0.01, 0.1, 0.143, 0.229, 0.217, 0.117, 0.293, 0.168, 0.522]",3000,0.03569843992590904,-0.07675179637805365,
29,T7,3240,0.1296843488640447,-0.052685597760118774,-0.05298742199402198,0.005759447928511322,-0.027141968581009465,0.038667591781287626,-0.015811617327161073,0.6196815371513367,0.21979796886444092,0.05889688804745674,0.8394795060157776,0.9391669034957886,0.9678875803947449,0,4,7,"[0.6197, 0.2198, 0.0589, 0.0243, 0.0165, 0.0088, 0.008, 0.0052, 0.0042, 0.0025]","[0.13, 0.053, 0.053, 0.214, 0.01, 0.02, 0.243, 0.004, 0.094, 0.263]",3000,0.03494785726070404,-0.10592862569395192,
29,T8,3240,0.016226695767397104,0.06798944122525044,0.04479377292108518,0.0007447118082665004,0.02371256177218643,-0.01618682909862291,0.02100729519559629,0.6590769290924072,0.18968820571899414,0.05047532543540001,0.8487651348114014,0.9346030950546265,0.9668247699737549,3,4,7,"[0.6591, 0.1897, 0.0505, 0.024, 0.0114, 0.0087, 0.0073, 0.0063, 0.0055, 0.0044]","[0.016, 0.068, 0.045, 0.117, 0.283, 0.204, 0.097, 0.415, 0.53, 0.354]",3000,0.036205753684043884,-0.04921156478572799,
29,R0,3240,0.09367429790982074,0.06687203761221194,0.14715479215865146,0.0028465530097584618,-0.01635138730436982,0.023172687678360032,0.01564675508305803,0.8312931656837463,0.11409495770931244,0.014863932505249977,0.94538813829422,0.9734198451042175,0.9867351055145264,2,2,3,"[0.8313, 0.1141, 0.0149, 0.0089, 0.0043, 0.0038, 0.0032, 0.0026, 0.0018, 0.0018]","[0.094, 0.067, 0.147, 0.063, 0.095, 0.086, 0.281, 0.281, 0.316, 0.424]",3000,0.04791925102472305,-0.014209510189449964,
29,R1,3240,0.21574173394034885,0.0733540330341652,0.062012890647788046,-0.04363573424053924,0.0579348512188144,0.0020404278727826396,0.0043409631258689825,0.8016512989997864,0.08211075514554977,0.027095608413219452,0.8837620615959167,0.9356898069381714,0.961063027381897,3,3,8,"[0.8017, 0.0821, 0.0271, 0.0151, 0.0097, 0.0091, 0.0048, 0.0045, 0.004, 0.003]","[0.216, 0.073, 0.062, 0.096, 0.306, 0.15, 0.171, 0.535, 0.184, 0.568]",3000,0.04175202548503876,-0.10325583926439628,
29,R2,3240,-0.15819515241819174,0.09248606312048882,-0.15496349824341535,-0.021537628199495704,0.02242073159205706,-0.042585451414408226,-0.04448694241853539,0.7747339010238647,0.13457977771759033,0.015522726811468601,0.9093136787414551,0.9529706239700317,0.9735610485076904,2,2,5,"[0.7747, 0.1346, 0.0155, 0.015, 0.0131, 0.0083, 0.0039, 0.0033, 0.0029, 0.0022]","[0.158, 0.092, 0.155, 0.111, 0.121, 0.032, 0.423, 0.069, 0.24, 0.41]",3000,0.033392202109098434,-0.07628022941556055,
29,R3,3240,0.05089954251372939,0.08316110917418428,-0.20186237626027964,-0.06217890529943787,-0.10064591461532456,0.09096315174325559,-0.23973491619712892,0.3734009563922882,0.28415608406066895,0.06930162757635117,0.6575570106506348,0.8134393692016602,0.8938444256782532,3,11,24,"[0.3734, 0.2842, 0.0693, 0.0508, 0.0358, 0.0308, 0.014, 0.0124, 0.012, 0.0112]","[0.051, 0.083, 0.202, 0.076, 0.106, 0.408, 0.251, 0.063, 0.56, 0.359]",3000,0.25100409984588623,-0.2187876052794909,
29,R4,3240,0.06526916961290641,0.01717966467701706,0.054263444674454465,-0.0231508982796458,0.09224423387435568,0.08242603519296285,0.024278065759623838,0.6459218263626099,0.15804238617420197,0.06731120496988297,0.8039641976356506,0.9241748452186584,0.9596569538116455,1,4,9,"[0.6459, 0.158, 0.0673, 0.0362, 0.0167, 0.0099, 0.0088, 0.0069, 0.0052, 0.0047]","[0.065, 0.017, 0.054, 0.043, 0.04, 0.287, 0.042, 0.074, 0.48, 0.019]",3000,0.0720374658703804,-0.28603835998130217,
29,R5,3240,0.002617482034588409,-0.08235180718787201,-0.009583662669662733,-0.04490686325903289,-0.04227114428700693,0.004558862935282878,-0.032028120258966654,0.6903969645500183,0.11062821745872498,0.07592354714870453,0.8010251522064209,0.9434581995010376,0.9704756736755371,1,4,6,"[0.6904, 0.1106, 0.0759, 0.0502, 0.0163, 0.008, 0.0055, 0.0049, 0.0045, 0.0041]","[0.003, 0.082, 0.01, 0.054, 0.037, 0.319, 0.145, 0.052, 0.17, 0.109]",3000,0.02814630977809429,0.034658047690953944,
29,R6,3240,0.09587303499071398,-0.06031178714445675,-0.06210612439269137,0.1191557302955472,0.037821623827397254,-0.010699206794171724,-0.01919030089130276,0.8104887008666992,0.07556116580963135,0.051197756081819534,0.8860498666763306,0.9667487740516663,0.9824286103248596,3,3,4,"[0.8105, 0.0756, 0.0512, 0.0225, 0.007, 0.005, 0.0038, 0.0029, 0.002, 0.0019]","[0.096, 0.06, 0.062, 0.082, 0.049, 0.126, 0.016, 0.607, 0.499, 0.539]",3000,0.058845967054367065,0.060578834662873185,
29,R7,3240,-0.009763348518258504,-0.010117173529145755,0.007841188198499266,-0.09477111064330375,-0.05331342666892493,0.06693422004324952,-0.01119997435356785,0.7842733263969421,0.0433630496263504,0.03930305689573288,0.8276363611221313,0.9217259883880615,0.958594024181366,2,5,8,"[0.7843, 0.0434, 0.0393, 0.0318, 0.023, 0.0144, 0.0089, 0.0055, 0.0045, 0.0036]","[0.01, 0.01, 0.008, 0.069, 0.008, 0.619, 0.633, 0.104, 0.021, 0.047]",3000,0.10285123437643051,-0.06463905092018903,
30,T0,3240,0.09000693131821884,0.006304330079988458,-0.003590164215447174,0.009949397026935113,0.06744606993809947,0.001542251519435782,0.08839901855985624,0.6748979687690735,0.2050841897726059,0.020914070308208466,0.8799821734428406,0.932614803314209,0.9674090147018433,4,3,7,"[0.6749, 0.2051, 0.0209, 0.0172, 0.0145, 0.0099, 0.0092, 0.0073, 0.0044, 0.0041]","[0.09, 0.006, 0.004, 0.101, 0.145, 0.449, 0.087, 0.301, 0.702, 0.454]",3000,0.05152745172381401,0.029477258727977868,
30,T1,3240,0.06472049604535135,0.1710280628964647,-0.04811890319232436,-0.07729283206766693,-0.1175168570118578,0.010964282966553192,-0.02929602151025777,0.29122862219810486,0.21974340081214905,0.11654607951641083,0.5109720230102539,0.7263683080673218,0.8378297090530396,3,19,43,"[0.2912, 0.2197, 0.1165, 0.0579, 0.0409, 0.0347, 0.0247, 0.019, 0.0168, 0.0162]","[0.065, 0.171, 0.048, 0.161, 0.54, 0.619, 0.392, 0.067, 0.16, 0.003]",3000,0.04487753286957741,0.052505717228287084,
30,T2,3240,0.014101801246934352,0.07322713703404628,0.16588677488880935,0.03568899988784132,0.0040375544781097936,-0.04714991730340497,0.1431894125057067,0.30545774102211,0.1175350770354271,0.09068271517753601,0.4229928255081177,0.611024022102356,0.7416086792945862,2,38,86,"[0.3055, 0.1175, 0.0907, 0.0561, 0.0413, 0.0384, 0.0306, 0.0231, 0.0196, 0.0188]","[0.014, 0.073, 0.166, 0.036, 0.201, 0.691, 0.009, 0.185, 0.317, 0.197]",3000,0.03978324681520462,-0.02571990354077339,
30,T3,3240,0.08288830284429312,0.006649096397565022,0.03269322389714742,-0.002381416154168888,-0.029432655767109493,0.009580918278836385,0.0038699574725399775,0.6431479454040527,0.18979677557945251,0.05691071227192879,0.8329447507858276,0.9266558289527893,0.9604713916778564,2,4,8,"[0.6431, 0.1898, 0.0569, 0.0234, 0.0134, 0.0094, 0.0077, 0.0067, 0.0059, 0.0042]","[0.083, 0.007, 0.033, 0.128, 0.297, 0.169, 0.349, 0.149, 0.112, 0.749]",3000,0.03703215718269348,-0.08534691845402441,
30,T4,3240,0.10873638044757589,-0.03819595010194052,0.22182423016589725,-0.049283504068036645,-0.027276143831533546,0.07118870821741048,-0.034627109577735835,0.4968533515930176,0.1201193779706955,0.09397544711828232,0.6169727444648743,0.8115643262863159,0.8922388553619385,4,11,25,"[0.4969, 0.1201, 0.094, 0.0676, 0.033, 0.0297, 0.017, 0.0129, 0.0113, 0.0098]","[0.109, 0.038, 0.222, 0.5, 0.649, 0.643, 0.547, 0.108, 0.144, 0.072]",3000,0.07146437466144562,-0.10002524533681158,
30,T5,3240,-0.200488443742052,0.031694620065294735,-0.029444565224148733,9.435394945413937e-05,0.08005157339677053,-0.030149310654291255,-0.019440470250594206,0.5860733389854431,0.26665279269218445,0.04909863322973251,0.8527261018753052,0.9353687167167664,0.9666362404823303,2,3,7,"[0.5861, 0.2667, 0.0491, 0.0223, 0.0113, 0.0095, 0.0074, 0.0063, 0.0052, 0.0029]","[0.2, 0.032, 0.029, 0.107, 0.311, 0.01, 0.218, 0.052, 0.124, 0.805]",3000,0.04291217029094696,0.14309652062030914,
30,T6,3240,0.08654392492184995,0.0027589444522940205,0.08618488939973212,0.0018697126930673285,-0.001094887622499398,-0.012880371291671607,-0.03239829480399123,0.520435094833374,0.22562462091445923,0.10609786212444305,0.7460597157478333,0.9017777442932129,0.9478951096534729,3,5,11,"[0.5204, 0.2256, 0.1061, 0.035, 0.0146, 0.0136, 0.0111, 0.0096, 0.0069, 0.005]","[0.087, 0.003, 0.086, 0.111, 0.259, 0.302, 0.124, 0.443, 0.133, 0.642]",3000,0.036848947405815125,-0.07424154711772427,
30,T7,3240,0.16801276825697917,-0.043114670345751074,-0.04705447876953961,0.011157102913011729,-0.022834738487184585,0.04295177331645796,-0.021456337240063315,0.6199302673339844,0.2203935980796814,0.05810999125242233,0.8403238654136658,0.9369311928749084,0.9662860631942749,0,4,7,"[0.6199, 0.2204, 0.0581, 0.0225, 0.016, 0.009, 0.0082, 0.0054, 0.0042, 0.0025]","[0.168, 0.043, 0.047, 0.163, 0.005, 0.228, 0.229, 0.015, 0.107, 0.276]",3000,0.03432760015130043,-0.14956288202286536,
30,T8,3240,-0.031151401202089094,0.0709456280254269,0.05732415322407523,0.017074331218860334,0.03715004789152432,-0.020151169352114234,0.009517975056571341,0.6664350032806396,0.17554599046707153,0.04976308345794678,0.8419809937477112,0.929016649723053,0.962521493434906,4,4,8,"[0.6664, 0.1755, 0.0498, 0.0244, 0.0129, 0.0085, 0.0074, 0.0069, 0.006, 0.0047]","[0.031, 0.071, 0.057, 0.075, 0.471, 0.386, 0.021, 0.505, 0.483, 0.252]",3000,0.038685522973537445,-0.04319584241986932,
30,R0,3240,0.09728725399367077,0.06701291794558852,0.15741026110470183,0.007292762922983926,-0.02395446156672661,0.02374874459542991,0.006300328457358789,0.8350012302398682,0.11150547862052917,0.013243068940937519,0.9465067386627197,0.9725520014762878,0.9862141609191895,1,2,3,"[0.835, 0.1115, 0.0132, 0.0084, 0.0044, 0.004, 0.0035, 0.0025, 0.0019, 0.0018]","[0.097, 0.067, 0.157, 0.065, 0.15, 0.009, 0.3, 0.239, 0.067, 0.437]",3000,0.047991301864385605,-0.022559626474134665,
30,R1,3240,0.13056383461182208,0.09082287694269811,0.004293415826697199,-0.013153898976950832,0.06701630683875899,-0.04864588175053491,0.03075330089179151,0.7912787795066833,0.08124574273824692,0.03238338604569435,0.8725244998931885,0.930931031703949,0.9572975635528564,2,3,8,"[0.7913, 0.0812, 0.0324, 0.0148, 0.0113, 0.009, 0.0053, 0.0048, 0.004, 0.0033]","[0.131, 0.091, 0.004, 0.142, 0.298, 0.103, 0.679, 0.163, 0.254, 0.643]",3000,0.04572156444191933,0.011196984892202453,
30,R2,3240,-0.14315244166001947,-0.09033774688850944,-0.1674171875425305,-0.0402099345520447,0.014855921285063238,-0.024873644447615615,-0.05407768694856773,0.7837575674057007,0.12202639877796173,0.019215885549783707,0.9057839512825012,0.952506422996521,0.9729297757148743,2,2,5,"[0.7838, 0.122, 0.0192, 0.0152, 0.0124, 0.0076, 0.0042, 0.0034, 0.0029, 0.0023]","[0.143, 0.09, 0.167, 0.066, 0.089, 0.027, 0.52, 0.103, 0.215, 0.43]",3000,0.03167223185300827,-0.06665163008681385,
30,R3,3240,0.04459975061233187,-0.08591063398855235,0.1615236814306426,-0.05191181445842508,-0.16313301977070596,-0.04645863648338594,-0.16650218643737055,0.36796411871910095,0.2953798770904541,0.08026588708162308,0.6633440256118774,0.8230618834495544,0.8998607397079468,3,11,23,"[0.368, 0.2954, 0.0803, 0.0456, 0.0339, 0.0279, 0.0134, 0.0123, 0.0117, 0.0114]","[0.045, 0.086, 0.162, 0.032, 0.128, 0.421, 0.667, 0.348, 0.184, 0.039]",3000,0.27740198373794556,0.0640846043636284,
30,R4,3240,0.02735127881042147,0.03748613093330843,0.0332604942871336,-0.02945362326100361,0.0839959731474897,0.0911497572099911,-0.028102828818854075,0.6065530180931091,0.18813295662403107,0.06508035212755203,0.794685959815979,0.9084760546684265,0.9519481062889099,2,5,10,"[0.6066, 0.1881, 0.0651, 0.032, 0.0167, 0.0132, 0.0096, 0.0086, 0.0071, 0.005]","[0.027, 0.037, 0.033, 0.099, 0.117, 0.42, 0.035, 0.136, 0.531, 0.222]",3000,0.11065629124641418,-0.35610916009590443,
30,R5,3240,0.03537396461172039,-0.0764903426835019,-0.03689709668459425,-0.056639131758731566,-0.016109797043541874,0.028455754248967433,-0.052505059177095005,0.6959848999977112,0.10295107960700989,0.07751012593507767,0.7989360094070435,0.9393330216407776,0.9682342410087585,1,4,7,"[0.696, 0.103, 0.0775, 0.0472, 0.0157, 0.0093, 0.0057, 0.0048, 0.0046, 0.0045]","[0.035, 0.076, 0.037, 0.05, 0.025, 0.388, 0.175, 0.065, 0.249, 0.005]",3000,0.02839970402419567,-0.0459910068014236,
30,R6,3240,0.05841338828407311,-0.13369390213462495,-0.06275996896725589,0.12585937355926421,-0.0038255907244937838,-0.054589228031858,-0.033332582015995656,0.8154616355895996,0.07666015625,0.04536144807934761,0.8921217918395996,0.9653757214546204,0.9815981388092041,3,3,4,"[0.8155, 0.0767, 0.0454, 0.021, 0.0069, 0.0052, 0.0038, 0.0031, 0.0023, 0.0019]","[0.058, 0.134, 0.063, 0.096, 0.044, 0.01, 0.076, 0.67, 0.575, 0.521]",3000,0.055948831140995026,0.1558117592999522,
30,R7,3240,0.033455309237059756,0.10100398319057659,0.030787282521971146,-0.09980994015639594,-0.053828651810987144,0.045835125188629706,-0.004201515695781366,0.760478138923645,0.04519796743988991,0.04093785583972931,0.8056761026382446,0.9078436493873596,0.9542202949523926,3,5,10,"[0.7605, 0.0452, 0.0409, 0.033, 0.0282, 0.0205, 0.0107, 0.0059, 0.0051, 0.0042]","[0.033, 0.101, 0.031, 0.08, 0.187, 0.658, 0.248, 0.446, 0.342, 0.167]",3000,0.17862513661384583,-0.1406840921123345,
31,T0,3240,-0.09802412703182606,0.05948443681271605,-0.0546926903812743,-0.05484121855866218,-0.10499683482502556,-0.0625934490156496,-0.05056828345427457,0.7062102556228638,0.18379899859428406,0.018048206344246864,0.8900092840194702,0.9366325736045837,0.969221293926239,2,3,7,"[0.7062, 0.1838, 0.018, 0.0158, 0.0127, 0.0104, 0.0084, 0.0062, 0.004, 0.0036]","[0.098, 0.059, 0.055, 0.201, 0.116, 0.072, 0.27, 0.271, 0.781, 0.372]",3000,0.05438198894262314,0.053868108310717144,
31,T1,3240,-0.17416345961046126,0.19085146388494448,0.10356195567945019,0.042509119704544615,0.08211665550750516,-0.01773265487802486,0.007381471459644283,0.2989923655986786,0.1999824047088623,0.10739030689001083,0.4989747703075409,0.7119420766830444,0.8276004195213318,2,21,47,"[0.299, 0.2, 0.1074, 0.0573, 0.0483, 0.037, 0.0264, 0.0203, 0.0167, 0.0153]","[0.174, 0.191, 0.104, 0.131, 0.689, 0.606, 0.225, 0.033, 0.004, 0.204]",3000,0.04948730394244194,0.03962950901121796,
31,T2,3240,0.004144421599704518,0.23758600280036365,0.1474230443954522,0.03525940404424484,0.0024114532984188712,-0.046988073360801574,0.14302113367266142,0.2724038362503052,0.12338551133871078,0.09701783210039139,0.39578935503959656,0.587752640247345,0.7228988409042358,2,42,94,"[0.2724, 0.1234, 0.097, 0.054, 0.041, 0.0393, 0.0309, 0.0235, 0.0226, 0.0187]","[0.004, 0.238, 0.147, 0.022, 0.676, 0.29, 0.054, 0.037, 0.341, 0.081]",3000,0.03970683366060257,-0.012444030157572597,
31,T3,3240,0.07286123849771865,-0.04511368620423842,-0.02159244997714494,0.0018425480282100882,-0.03179364180542821,-0.009624671978984105,0.021672721088115767,0.6756054759025574,0.1710953414440155,0.049511563032865524,0.8467007875442505,0.9300207495689392,0.9614540934562683,1,4,8,"[0.6756, 0.1711, 0.0495, 0.0205, 0.0134, 0.0085, 0.0069, 0.0062, 0.0054, 0.0044]","[0.073, 0.045, 0.022, 0.131, 0.273, 0.225, 0.169, 0.199, 0.215, 0.763]",3000,0.03769224137067795,-0.10826728180571439,
31,T4,3240,0.15253427239965728,-0.10985346733493188,0.2787153143472426,-0.07007927749136057,-0.04250240441460253,0.12130285936291768,-0.041396622918576105,0.5064939260482788,0.10898341238498688,0.0843639224767685,0.6154773235321045,0.8006286025047302,0.8875110745429993,3,12,26,"[0.5065, 0.109, 0.0844, 0.0625, 0.0382, 0.0314, 0.0197, 0.0137, 0.0123, 0.0098]","[0.153, 0.11, 0.279, 0.615, 0.86, 0.09, 0.612, 0.036, 0.086, 0.114]",3000,0.07874441146850586,-0.1390047858029922,
31,T5,3240,-0.18926043588749034,0.05919523457989294,-0.02176920767229352,-0.008089515170520981,0.06910432211556299,-0.03157056775966957,-0.0026214092177641868,0.612687349319458,0.24348685145378113,0.04471496865153313,0.8561742305755615,0.9342851042747498,0.9656409621238708,2,3,7,"[0.6127, 0.2435, 0.0447, 0.0219, 0.0115, 0.0096, 0.0071, 0.0061, 0.0052, 0.0034]","[0.189, 0.059, 0.022, 0.09, 0.356, 0.047, 0.138, 0.055, 0.15, 0.868]",3000,0.04431811347603798,0.13664640373090967,
31,T6,3240,0.08508703630899515,0.0148285736043738,0.07932704326003621,-0.0013467531205309123,-0.0018799431213866213,-0.015003775778446568,-0.02465594499437666,0.5228657722473145,0.22065798938274384,0.1075739711523056,0.7435237765312195,0.9002793431282043,0.9471815824508667,2,5,11,"[0.5229, 0.2207, 0.1076, 0.0355, 0.0137, 0.0134, 0.0118, 0.0098, 0.0068, 0.005]","[0.085, 0.015, 0.079, 0.105, 0.239, 0.123, 0.093, 0.477, 0.128, 0.64]",3000,0.0371079221367836,-0.0729476651778889,
31,T7,3240,0.1792527627662217,0.03438617987835321,0.0404125797869215,0.016200834793586034,-0.02225770684543789,0.04497096089940392,-0.02501217415689331,0.6379483938217163,0.21227997541427612,0.052643682807683945,0.8502283692359924,0.9395711421966553,0.9670964479446411,0,3,7,"[0.6379, 0.2123, 0.0526, 0.0201, 0.0166, 0.0085, 0.0076, 0.0051, 0.0039, 0.0024]","[0.179, 0.034, 0.04, 0.129, 0.003, 0.253, 0.232, 0.002, 0.16, 0.071]",3000,0.034668538719415665,-0.15780985796491376,
31,T8,3240,0.029114545824717165,0.06317789661087271,0.0549104598766671,0.018973585116376347,0.047068045076122264,-0.02109493481521642,0.011639973187955337,0.6829357147216797,0.15903520584106445,0.047630492597818375,0.8419709205627441,0.9274731278419495,0.9609167575836182,3,4,8,"[0.6829, 0.159, 0.0476, 0.0238, 0.0141, 0.0082, 0.0075, 0.0074, 0.0059, 0.0044]","[0.029, 0.063, 0.055, 0.001, 0.435, 0.517, 0.652, 0.242, 0.167, 0.11]",3000,0.043401457369327545,-0.0942935423667963,
31,R0,3240,0.07140752222229377,-0.05968235325207252,0.14887451376073668,0.013406685869113333,-0.02719923231151929,0.027420221882579775,0.021980862573407013,0.838406503200531,0.10878018289804459,0.012049812823534012,0.9471867084503174,0.9719802737236023,0.9857574701309204,3,2,3,"[0.8384, 0.1088, 0.012, 0.008, 0.0047, 0.0037, 0.0035, 0.0025, 0.0021, 0.0019]","[0.071, 0.06, 0.149, 0.044, 0.346, 0.057, 0.257, 0.236, 0.786, 0.342]",3000,0.05566045641899109,0.016929936127276692,
31,R1,3240,-0.15188830486407795,0.12220294635460836,0.08774253651842281,0.00112638071018189,-0.06064871792969596,0.03543105218340042,-0.04908741984420591,0.7780948877334595,0.08314163982868195,0.03263874724507332,0.8612365126609802,0.921650230884552,0.9506790637969971,4,4,10,"[0.7781, 0.0831, 0.0326, 0.0143, 0.0135, 0.0089, 0.0061, 0.005, 0.0049, 0.0042]","[0.152, 0.122, 0.088, 0.349, 0.03, 0.106, 0.715, 0.664, 0.394, 0.058]",3000,0.06562919914722443,0.006027354173144681,
31,R2,3240,-0.1755627123669309,-0.08923229297596384,-0.18907649490060385,-0.06685302955386214,0.012223753943784789,-0.020182369330754867,-0.03783234609764445,0.7980601191520691,0.10571153461933136,0.021266264840960503,0.9037716388702393,0.9516980051994324,0.9718158841133118,4,2,5,"[0.7981, 0.1057, 0.0213, 0.0159, 0.0108, 0.0065, 0.0054, 0.0032, 0.0028, 0.0022]","[0.176, 0.089, 0.189, 0.123, 0.081, 0.031, 0.665, 0.303, 0.314, 0.63]",3000,0.03453327715396881,-0.0012829795102419525,
31,R3,3240,0.06857430175434398,0.08564811067327864,-0.19884991234622038,-0.04603460428336837,-0.16672496125416078,-0.044048429199237536,-0.19014543954702648,0.39834803342819214,0.27427002787590027,0.06752360612154007,0.67261803150177,0.8191580772399902,0.9008476138114929,2,10,23,"[0.3983, 0.2743, 0.0675, 0.0444, 0.0346, 0.0291, 0.0163, 0.0125, 0.0122, 0.0116]","[0.069, 0.086, 0.199, 0.033, 0.213, 0.489, 0.694, 0.184, 0.104, 0.045]",3000,0.25113874673843384,0.048721528934966216,
31,R4,3240,0.016002404712124673,-0.011759117767875318,0.05508168857629911,-0.02850353528972948,0.07160187247983432,0.09808581815131867,-0.05769197600919689,0.6103862524032593,0.18203245103359222,0.06576970964670181,0.7924187183380127,0.9047987461090088,0.9518080949783325,3,5,10,"[0.6104, 0.182, 0.0658, 0.0308, 0.0158, 0.014, 0.0107, 0.0097, 0.0074, 0.0052]","[0.016, 0.012, 0.055, 0.092, 0.23, 0.352, 0.141, 0.536, 0.302, 0.033]",3000,0.11809168756008148,-0.3477005569392544,
31,R5,3240,0.10398407477144685,-0.08620336061268324,-0.02115934549600586,-0.05920560009703907,0.0054607194564263595,0.04458350904629086,-0.017971416579653433,0.7133926153182983,0.08971205353736877,0.07518505305051804,0.8031046390533447,0.9370014071464539,0.9669106006622314,1,4,7,"[0.7134, 0.0897, 0.0752, 0.0441, 0.0146, 0.0103, 0.006, 0.0047, 0.0046, 0.0044]","[0.104, 0.086, 0.021, 0.044, 0.035, 0.391, 0.173, 0.014, 0.212, 0.039]",3000,0.026613770052790642,-0.1284588384653524,
31,R6,3240,0.017938276952226658,-0.005179594591465211,-0.06877079923755679,0.12225708321223017,-0.024271789809412036,-0.021649208932291608,-0.002027616446147738,0.8205280900001526,0.07622016221284866,0.040960319340229034,0.8967482447624207,0.9632507562637329,0.9807966947555542,2,3,4,"[0.8205, 0.0762, 0.041, 0.0191, 0.0064, 0.0056, 0.0038, 0.0034, 0.0027, 0.0021]","[0.018, 0.005, 0.069, 0.1, 0.019, 0.063, 0.292, 0.723, 0.691, 0.234]",3000,0.06698257476091385,0.2381255216920872,
31,R7,3240,6.596743537992577e-05,0.056860953361132865,0.07284127928844888,-0.09124023338493262,-0.06980203279226545,0.015319846066227239,-0.028017337887516352,0.7761043906211853,0.04047410562634468,0.03828589618206024,0.8165785074234009,0.9117077589035034,0.9575220942497253,3,5,9,"[0.7761, 0.0405, 0.0383, 0.0309, 0.0259, 0.0192, 0.011, 0.006, 0.0055, 0.0041]","[0.0, 0.057, 0.073, 0.054, 0.244, 0.668, 0.326, 0.384, 0.294, 0.165]",3000,0.17754130065441132,-0.05536053784967411,
32,T0,3240,-0.1670821328018149,0.024761482413116192,-0.024323761885125007,-0.1004722034034869,-0.174973715255183,-0.07991691136089901,-0.08561849262885794,0.6877005100250244,0.19517001509666443,0.019157880917191505,0.8828705549240112,0.9313584566116333,0.9674756526947021,2,3,7,"[0.6877, 0.1952, 0.0192, 0.0162, 0.0132, 0.0104, 0.0098, 0.0075, 0.0043, 0.0042]","[0.167, 0.025, 0.024, 0.175, 0.091, 0.112, 0.253, 0.175, 0.41, 0.831]",3000,0.05138655751943588,0.08457925667193743,
32,T1,3240,0.260502973123103,-0.25593981710117114,0.07685138104656293,-0.036498946507380205,-0.05440830461923748,-0.009194520195462665,0.00832130520913089,0.29030632972717285,0.19190731644630432,0.0978967547416687,0.4822136461734772,0.6939465999603271,0.8114961385726929,3,24,56,"[0.2903, 0.1919, 0.0979, 0.0624, 0.0514, 0.0374, 0.0269, 0.0231, 0.0161, 0.0141]","[0.261, 0.256, 0.077, 0.563, 0.577, 0.464, 0.093, 0.051, 0.051, 0.151]",3000,0.04749484360218048,-0.1003898982647871,
32,T2,3240,-0.012509541801479396,0.16611308289772475,0.07502591694716676,0.04129471276193748,0.003966997690517764,-0.061727701368810305,0.12368356608780957,0.2469726949930191,0.10404877364635468,0.09027491509914398,0.3510214686393738,0.5421324372291565,0.6817945241928101,2,58,131,"[0.247, 0.104, 0.0903, 0.0593, 0.0415, 0.0355, 0.0324, 0.0286, 0.0235, 0.0197]","[0.013, 0.166, 0.075, 0.012, 0.691, 0.011, 0.305, 0.226, 0.18, 0.017]",3000,0.035564202815294266,-0.005699818118008294,
32,T3,3240,0.031022605009479617,-0.013542809281093537,-0.02044247401446765,0.013671141196053829,-0.023285948553765205,-0.01959308645386101,0.01156281834466905,0.6543201804161072,0.1795058250427246,0.05147518590092659,0.8338260054588318,0.9230825304985046,0.9592739343643188,2,4,9,"[0.6543, 0.1795, 0.0515, 0.0243, 0.0135, 0.0097, 0.0087, 0.0071, 0.0061, 0.0046]","[0.031, 0.014, 0.02, 0.122, 0.324, 0.201, 0.19, 0.108, 0.103, 0.811]",3000,0.03715995326638222,-0.07526326638633075,
32,T4,3240,0.16338894898374412,-0.17980725901774522,0.23504370263080326,-0.08284449806703319,-0.03053185726868481,0.1119531682231682,-0.07567925820542645,0.4529045522212982,0.107908234000206,0.08571766316890717,0.560812771320343,0.7558616399765015,0.8512353897094727,4,17,38,"[0.4529, 0.1079, 0.0857, 0.0595, 0.0498, 0.0295, 0.0207, 0.0173, 0.0153, 0.0126]","[0.163, 0.18, 0.235, 0.739, 0.71, 0.327, 0.408, 0.26, 0.045, 0.001]",3000,0.08897074311971664,-0.22293468738211253,
32,T5,3240,-0.1837378143002209,-0.03285159173455615,-0.014999765156307078,0.0033351208910590647,0.0663443859091589,-0.022159609315710864,0.009962402506635479,0.6430246233940125,0.2253255397081375,0.038575440645217896,0.8683501482009888,0.9376141428947449,0.9675214886665344,2,3,7,"[0.643, 0.2253, 0.0386, 0.0207, 0.01, 0.0087, 0.0071, 0.006, 0.0048, 0.0033]","[0.184, 0.033, 0.015, 0.045, 0.353, 0.011, 0.021, 0.143, 0.085, 0.848]",3000,0.046790800988674164,0.1531623269992691,
32,T6,3240,0.14184358117944493,0.029464858821426684,0.05263759555236693,-0.016709765623528123,-0.012264352146756969,-0.014925794706653627,-0.015408282180101436,0.5389989018440247,0.20537661015987396,0.1030145138502121,0.7443755269050598,0.899307370185852,0.9467563033103943,3,6,11,"[0.539, 0.2054, 0.103, 0.0368, 0.0152, 0.0122, 0.0121, 0.0106, 0.007, 0.0055]","[0.142, 0.029, 0.053, 0.065, 0.233, 0.385, 0.022, 0.427, 0.153, 0.67]",3000,0.03796999529004097,-0.11714375723790171,
32,T7,3240,-0.19934313340568693,0.019974334339073738,0.004491196050179643,-0.02197477575154335,0.01824077389470444,-0.03825809769782791,0.015882414683335015,0.6451440453529358,0.2065037339925766,0.05088617280125618,0.8516477942466736,0.9381383657455444,0.9669306874275208,1,3,7,"[0.6451, 0.2065, 0.0509, 0.0217, 0.0139, 0.0087, 0.008, 0.0053, 0.0041, 0.0027]","[0.199, 0.02, 0.004, 0.157, 0.04, 0.278, 0.229, 0.024, 0.059, 0.353]",3000,0.034971095621585846,0.17948803149584436,
32,T8,3240,-0.04205708417612708,0.08382886735487745,0.09478407590669488,-0.005499359329102901,0.027106680517040068,-0.000938164665862313,-0.0022707763654883292,0.7336276769638062,0.1351901739835739,0.03759865090250969,0.8688178658485413,0.9375396966934204,0.9671193957328796,4,3,7,"[0.7336, 0.1352, 0.0376, 0.0196, 0.0115, 0.0085, 0.0064, 0.0059, 0.0051, 0.0037]","[0.042, 0.084, 0.095, 0.063, 0.5, 0.587, 0.374, 0.537, 0.269, 0.134]",3000,0.044019535183906555,-0.04856863381358258,
32,R0,3240,0.10102306675602987,-0.05497182192197042,0.09899418183151722,0.008995176087085268,-0.03904248130111318,0.009315663767997346,0.0681388301193755,0.8434117436408997,0.1056726723909378,0.011477253399789333,0.9490844011306763,0.9729243516921997,0.9865618944168091,3,2,3,"[0.8434, 0.1057, 0.0115, 0.0078, 0.0045, 0.0038, 0.0032, 0.0026, 0.0021, 0.002]","[0.101, 0.055, 0.099, 0.127, 0.481, 0.39, 0.025, 0.107, 0.273, 0.75]",3000,0.055800944566726685,0.07683623737251574,
32,R1,3240,-0.03153952715638124,0.21219316868078983,0.09154530569547799,0.021582035798846846,-0.023428313101165155,0.032243860531567844,-0.038908262583472186,0.7626627087593079,0.08062305301427841,0.03348854184150696,0.8432857394218445,0.9067720174789429,0.9423367381095886,2,5,12,"[0.7627, 0.0806, 0.0335, 0.0156, 0.0144, 0.0098, 0.0087, 0.0063, 0.0056, 0.0051]","[0.032, 0.212, 0.092, 0.093, 0.023, 0.133, 0.752, 0.281, 0.383, 0.23]",3000,0.06779835373163223,-0.08374874226121476,
32,R2,3240,-0.17270160648741645,-0.009142660148272797,0.20550368670809047,-0.09009777533813917,-0.005885698040648801,-0.01750001839518765,-0.03026331789376369,0.7910844087600708,0.10386957973241806,0.025621939450502396,0.8949539661407471,0.947208821773529,0.9692671895027161,2,3,6,"[0.7911, 0.1039, 0.0256, 0.0168, 0.0098, 0.0068, 0.0057, 0.004, 0.003, 0.0026]","[0.173, 0.009, 0.206, 0.248, 0.09, 0.096, 0.305, 0.422, 0.014, 0.057]",3000,0.034017279744148254,0.023908325521571145,
32,R3,3240,0.09776525372421714,-0.09806008224764133,-0.2024587848621626,-0.029272963793657156,-0.15970463823297842,-0.02974471481706592,-0.22799417455763915,0.3285713791847229,0.24468021094799042,0.10409626364707947,0.5732516050338745,0.7621301412582397,0.848964512348175,2,17,39,"[0.3286, 0.2447, 0.1041, 0.0515, 0.0333, 0.0228, 0.0181, 0.0165, 0.0153, 0.0142]","[0.098, 0.098, 0.202, 0.127, 0.211, 0.331, 0.579, 0.048, 0.042, 0.047]",3000,0.3203742802143097,-0.023245819642036075,
32,R4,3240,0.12934597316373433,0.024486712150295922,0.0046651052106250895,-0.008240399674935039,0.023690570002105532,0.08930639179954375,-0.11788892189807054,0.6104968190193176,0.1627475470304489,0.06036463379859924,0.7732443809509277,0.8827472925186157,0.9380386471748352,3,7,13,"[0.6105, 0.1627, 0.0604, 0.0275, 0.0216, 0.0167, 0.0127, 0.0111, 0.0084, 0.0064]","[0.129, 0.024, 0.005, 0.048, 0.354, 0.178, 0.585, 0.492, 0.105, 0.134]",3000,0.1532827913761139,-0.41685570001684835,
32,R5,3240,0.1183387567871798,-0.05940812970534383,-0.12334709074747545,-0.057376093829352416,0.0638445302517699,0.13883484843734847,0.04343290308467273,0.7529585361480713,0.07847368717193604,0.05304933339357376,0.8314322233200073,0.9404464364051819,0.9681437015533447,4,4,6,"[0.753, 0.0785, 0.053, 0.0448, 0.0112, 0.0097, 0.0061, 0.0044, 0.0038, 0.0037]","[0.118, 0.059, 0.123, 0.09, 0.004, 0.107, 0.305, 0.303, 0.384, 0.532]",3000,0.03262324258685112,-0.2944711586370199,
32,R6,3240,0.08306805951267535,-0.27444406037035457,-0.04264549385765621,0.05023136488452042,0.01841777522948183,-0.03161790872102384,0.010308020727425121,0.8349092602729797,0.06290912628173828,0.04217028245329857,0.897818386554718,0.9630972146987915,0.9812948107719421,4,3,4,"[0.8349, 0.0629, 0.0422, 0.0172, 0.0059, 0.0052, 0.0048, 0.0032, 0.0027, 0.0023]","[0.083, 0.274, 0.043, 0.096, 0.185, 0.195, 0.58, 0.624, 0.537, 0.335]",3000,0.06494099646806717,0.14589590669155417,
32,R7,3240,0.23075226837453602,-0.13512215324959326,-0.002061276676987287,-0.07254486288666982,0.008338987603871013,0.05887092358353619,-0.056227093632231676,0.7380408048629761,0.0487508550286293,0.04013819992542267,0.7867916822433472,0.8899403810501099,0.942996621131897,4,6,12,"[0.738, 0.0488, 0.0401, 0.0358, 0.0272, 0.0224, 0.0118, 0.0086, 0.0054, 0.0048]","[0.231, 0.135, 0.002, 0.675, 0.404, 0.261, 0.328, 0.152, 0.312, 0.027]",3000,0.19863419234752655,-0.46305388202075715,
33,T0,3240,-0.16177194450744944,0.027675640082168402,-0.018840094305230367,-0.11562524578272558,-0.19496892030471283,-0.005934590559128521,-0.08612772109179552,0.66804438829422,0.1956348568201065,0.021574368700385094,0.8636792302131653,0.9198009967803955,0.9603433012962341,2,4,8,"[0.668, 0.1956, 0.0216, 0.0193, 0.0153, 0.0115, 0.011, 0.0081, 0.0053, 0.0046]","[0.162, 0.028, 0.019, 0.103, 0.146, 0.194, 0.274, 0.21, 0.713, 0.647]",3000,0.05409979075193405,0.10179266074798474,
33,T1,3240,0.28214228059523994,-0.28960446517214367,0.08398768991215134,-0.054091091359070684,-0.061966976191680304,0.009135261068824209,-0.010021025473759482,0.28617918491363525,0.17854486405849457,0.09980539232492447,0.464724063873291,0.680911660194397,0.8014104962348938,3,26,63,"[0.2862, 0.1785, 0.0998, 0.0664, 0.0499, 0.0352, 0.0283, 0.0265, 0.0165, 0.0141]","[0.282, 0.29, 0.084, 0.696, 0.377, 0.302, 0.058, 0.081, 0.035, 0.184]",3000,0.05034737288951874,-0.10513729604113858,
33,T2,3240,-0.01576547572938616,0.0737352658743446,-0.04352615781190673,0.04809246970350422,0.007741824535264103,-0.0680184292463899,0.10682011075302157,0.22186116874217987,0.10415086150169373,0.09058881551027298,0.3260120153427124,0.5224794149398804,0.6633652448654175,3,66,150,"[0.2219, 0.1042, 0.0906, 0.0613, 0.0446, 0.0373, 0.0311, 0.0288, 0.024, 0.0197]","[0.016, 0.074, 0.044, 0.001, 0.593, 0.102, 0.465, 0.32, 0.278, 0.031]",3000,0.035036370158195496,-0.011011023515850904,
33,T3,3240,-0.013728744212859289,-0.030239705917183675,0.008126768721240574,-0.01248863576342864,0.049703881457625304,-0.03184795879612268,0.024824450903722935,0.6132399439811707,0.1873418241739273,0.06110629439353943,0.8005817532539368,0.9030210971832275,0.9472325444221497,3,5,11,"[0.6132, 0.1873, 0.0611, 0.0265, 0.0149, 0.013, 0.0095, 0.0081, 0.0072, 0.0064]","[0.014, 0.03, 0.008, 0.079, 0.42, 0.419, 0.116, 0.067, 0.128, 0.724]",3000,0.04016443341970444,0.08658048883699634,
33,T4,3240,0.052768820948323296,0.3160700801330085,-0.03881336354898836,-0.05839714691885471,-0.04582033705699116,0.11797782880497885,-0.09745466572753203,0.43517085909843445,0.10011271387338638,0.08147423714399338,0.5352835655212402,0.7315903902053833,0.8334180116653442,4,20,45,"[0.4352, 0.1001, 0.0815, 0.0615, 0.0533, 0.0291, 0.0215, 0.0209, 0.0169, 0.0134]","[0.053, 0.316, 0.039, 0.792, 0.669, 0.177, 0.016, 0.364, 0.008, 0.064]",3000,0.0821526050567627,-0.16712918169335395,
33,T5,3240,-0.1288785907889914,0.049833663733051176,0.007564112586358628,0.004184140856676889,0.07256540277854255,-0.016338386902507458,-0.008145702266869198,0.6165800094604492,0.22935175895690918,0.04724184796214104,0.8459317684173584,0.9254689812660217,0.9600245952606201,2,4,8,"[0.6166, 0.2294, 0.0472, 0.0214, 0.0109, 0.0097, 0.0082, 0.0067, 0.0056, 0.0043]","[0.129, 0.05, 0.008, 0.017, 0.344, 0.025, 0.18, 0.123, 0.144, 0.791]",3000,0.0461805984377861,0.10314023913370192,
33,T6,3240,-0.07083204408596519,0.02272796035110859,0.0378496374353629,-0.0011162219614095237,0.023204478090899747,-0.006807949333421529,0.051882534417687344,0.5305183529853821,0.20138999819755554,0.10500220954418182,0.7319083213806152,0.888921320438385,0.9392997026443481,3,6,13,"[0.5305, 0.2014, 0.105, 0.0363, 0.0157, 0.0142, 0.0122, 0.011, 0.0069, 0.0061]","[0.071, 0.023, 0.038, 0.011, 0.208, 0.369, 0.01, 0.435, 0.119, 0.738]",3000,0.037705905735492706,0.09388574026870201,
33,T7,3240,-0.18085219845769546,0.006924227579757103,-0.03854298286356755,-0.019766275815190377,0.022854479802676384,-0.04011221403035643,0.0062183665709626456,0.6427298784255981,0.20197957754135132,0.05147131159901619,0.8447094559669495,0.9333562254905701,0.9634045958518982,2,4,7,"[0.6427, 0.202, 0.0515, 0.0222, 0.015, 0.0089, 0.0081, 0.0057, 0.0043, 0.0031]","[0.181, 0.007, 0.039, 0.168, 0.03, 0.385, 0.15, 0.071, 0.172, 0.797]",3000,0.042166344821453094,0.15459308776111355,
33,T8,3240,-0.08318865684439576,0.08893714952935307,0.09652430870631637,-0.002945906790271035,0.020128006766983106,0.006504871567076107,-0.0047631523318825185,0.7265001535415649,0.1337042599916458,0.03772905841469765,0.8602043986320496,0.9303184151649475,0.9622325897216797,3,4,8,"[0.7265, 0.1337, 0.0377, 0.02, 0.0124, 0.0099, 0.0068, 0.0061, 0.0052, 0.004]","[0.083, 0.089, 0.097, 0.142, 0.298, 0.674, 0.46, 0.437, 0.24, 0.077]",3000,0.04612705111503601,-0.009406065304307723,
33,R0,3240,-0.19355628102955097,-0.06119922032763885,0.06518378612564356,-0.008658083594180903,0.029813886189635833,-0.003330582757363469,-0.0579964846667163,0.8378510475158691,0.10714085400104523,0.011737005785107613,0.9449918866157532,0.9702373147010803,0.9845126271247864,5,2,3,"[0.8379, 0.1071, 0.0117, 0.0084, 0.0051, 0.0042, 0.0032, 0.0027, 0.0021, 0.002]","[0.194, 0.061, 0.065, 0.141, 0.483, 0.395, 0.04, 0.306, 0.66, 0.407]",3000,0.05487362667918205,-0.013635497443314423,
33,R1,3240,-0.16514598823288967,0.27457842627399315,0.16123211549387437,-0.010848317909137548,-0.06262189630409537,0.03164251031306572,-0.04175049510032231,0.747413694858551,0.07812312245368958,0.034710273146629333,0.825536847114563,0.8944031000137329,0.9329238533973694,5,6,15,"[0.7474, 0.0781, 0.0347, 0.0191, 0.015, 0.0104, 0.0092, 0.0076, 0.0061, 0.0052]","[0.165, 0.275, 0.161, 0.334, 0.064, 0.336, 0.74, 0.437, 0.369, 0.281]",3000,0.07093849778175354,0.0398777266452534,
33,R2,3240,-0.225169049132618,0.10639324932492569,0.2310338522038121,-0.08820693026576072,-0.016483121900215853,-0.027990106227229795,-0.023340411730809252,0.7778826951980591,0.1042424887418747,0.030215667560696602,0.882125198841095,0.9406135678291321,0.9652299880981445,2,3,7,"[0.7779, 0.1042, 0.0302, 0.0187, 0.0095, 0.0077, 0.0064, 0.0043, 0.0033, 0.003]","[0.225, 0.106, 0.231, 0.19, 0.13, 0.325, 0.057, 0.381, 0.17, 0.212]",3000,0.03476480767130852,0.09562694079457425,
33,R3,3240,0.31445145134929803,-0.1367788709274974,0.34341337235038705,-0.09625883949475737,-0.15877943639687017,0.06300475780706394,-0.3453694653223622,0.30707499384880066,0.24307304620742798,0.1033681258559227,0.5501480102539062,0.7425746321678162,0.8366554975509644,3,19,44,"[0.3071, 0.2431, 0.1034, 0.0499, 0.0392, 0.0266, 0.0208, 0.0177, 0.0158, 0.0132]","[0.314, 0.137, 0.343, 0.195, 0.431, 0.263, 0.037, 0.207, 0.04, 0.097]",3000,0.3074408173561096,-0.4512903755829105,
33,R4,3240,0.03239600862105455,0.035642186755237844,0.011991662489499016,-0.024613056580992207,0.006986911398399358,0.10134388664621999,-0.10431064526933512,0.6260575652122498,0.1467227190732956,0.05837802588939667,0.7727802991867065,0.8773775100708008,0.9348434805870056,2,7,14,"[0.6261, 0.1467, 0.0584, 0.0268, 0.0194, 0.0168, 0.0139, 0.0116, 0.0086, 0.0066]","[0.032, 0.036, 0.012, 0.163, 0.348, 0.137, 0.174, 0.595, 0.049, 0.148]",3000,0.1423063576221466,-0.3410555421009858,
33,R5,3240,-0.06091639103572979,-0.07724792876816114,-0.15230773789541766,-0.06815290763715491,0.02505380168289323,0.11375928972465148,0.03746938101255448,0.7511195540428162,0.07878413051366806,0.050522513687610626,0.8299036622047424,0.9353551268577576,0.9650000929832458,4,4,7,"[0.7511, 0.0788, 0.0505, 0.0423, 0.0127, 0.0109, 0.0062, 0.0048, 0.0041, 0.0036]","[0.061, 0.077, 0.152, 0.086, 0.174, 0.086, 0.369, 0.347, 0.429, 0.48]",3000,0.038035787642002106,-0.10247829210784487,
33,R6,3240,0.4773793398421863,-0.32824107449978335,-0.045754078994004355,0.08568585649175214,0.12747988887151984,-0.02385794510044262,0.0710349909694173,0.835141122341156,0.05979052931070328,0.04118559882044792,0.8949316740036011,0.9598593711853027,0.9794110059738159,5,3,4,"[0.8351, 0.0598, 0.0412, 0.0176, 0.0061, 0.0055, 0.0052, 0.0037, 0.0029, 0.0023]","[0.477, 0.328, 0.046, 0.096, 0.08, 0.672, 0.391, 0.156, 0.605, 0.275]",3000,0.05923936888575554,-0.28097846826446116,
33,R7,3240,-0.025272684474189698,-0.21062300383410484,0.22193963296593705,0.10213461468047348,0.01426612534447264,-0.058146422730739264,0.05031991321439297,0.7446851134300232,0.04473474621772766,0.03928126394748688,0.7894198894500732,0.8897887468338013,0.9416639804840088,2,6,13,"[0.7447, 0.0447, 0.0393, 0.0334, 0.0276, 0.0211, 0.0117, 0.0081, 0.0062, 0.0048]","[0.025, 0.211, 0.222, 0.654, 0.422, 0.207, 0.252, 0.061, 0.234, 0.165]",3000,0.18746250867843628,0.26639337828824244,
34,T0,3240,-0.26824972115131945,0.06780615490961793,0.10253560253497336,-0.12677572884287433,-0.21132110083743907,0.016756786951456545,-0.060657857427772785,0.6499309539794922,0.18934059143066406,0.02393076941370964,0.8392715454101562,0.9014269113540649,0.9479888677597046,3,5,11,"[0.6499, 0.1893, 0.0239, 0.0216, 0.0166, 0.0127, 0.0118, 0.01, 0.0073, 0.0048]","[0.268, 0.068, 0.103, 0.057, 0.162, 0.497, 0.001, 0.256, 0.704, 0.513]",3000,0.05807210132479668,0.14095103911642753,
34,T1,3240,0.25372374998538527,-0.3347757023723916,0.21149762396159058,-0.07753637575243881,-0.07836132173324102,0.019479141137540578,-0.02759576712270122,0.2779005467891693,0.1575978398323059,0.10520423203706741,0.4354983866214752,0.6522190570831299,0.7767186164855957,2,33,78,"[0.2779, 0.1576, 0.1052, 0.0662, 0.0453, 0.0342, 0.0317, 0.0269, 0.0161, 0.0155]","[0.254, 0.335, 0.211, 0.745, 0.222, 0.064, 0.144, 0.003, 0.002, 0.107]",3000,0.06510625034570694,-0.08581006114651843,
34,T2,3240,-0.02694308573859988,0.03644930367588333,-0.03310525452886736,0.0419965396615231,0.010279586220625234,-0.059283702293621794,0.11411696922678305,0.21180175244808197,0.10405387729406357,0.08532557636499405,0.31585562229156494,0.5158255100250244,0.6536076068878174,3,73,165,"[0.2118, 0.1041, 0.0853, 0.0679, 0.0468, 0.0349, 0.0314, 0.0268, 0.0237, 0.021]","[0.027, 0.036, 0.033, 0.191, 0.538, 0.115, 0.362, 0.275, 0.42, 0.051]",3000,0.040500789880752563,0.00039938716609341096,
34,T3,3240,0.00549093930326264,-0.01330580245003892,0.028789367134714028,0.01027148353298145,0.11912528357190816,-0.09897687106375559,0.09214405788826308,0.574828028678894,0.18184511363506317,0.07023455947637558,0.7566731572151184,0.8717142343521118,0.9247730374336243,3,8,16,"[0.5748, 0.1818, 0.0702, 0.0273, 0.0176, 0.0164, 0.0111, 0.0094, 0.0085, 0.0076]","[0.005, 0.013, 0.029, 0.027, 0.11, 0.593, 0.089, 0.544, 0.405, 0.075]",3000,0.04498402029275894,0.11640190901702005,
34,T4,3240,-0.1289707752684985,-0.22977032759378024,-0.12696805633469121,-0.11784861852279652,-0.10253445322222808,0.18882515284925339,-0.1269654168338519,0.3790190517902374,0.09206893295049667,0.08536842465400696,0.4710879921913147,0.6775580048561096,0.7939646244049072,3,27,63,"[0.379, 0.0921, 0.0854, 0.075, 0.0461, 0.0329, 0.0269, 0.0211, 0.019, 0.0166]","[0.129, 0.23, 0.127, 0.845, 0.327, 0.061, 0.134, 0.446, 0.05, 0.137]",3000,0.10343566536903381,-0.07917225868595563,
34,T5,3240,-0.1549821269583624,-0.07109788303731514,0.0012541013672185978,-0.00603866250392975,0.05461253047462929,-0.03709235475298165,0.021734697964325457,0.612533688545227,0.21694649755954742,0.05226176232099533,0.8294801712036133,0.9136680364608765,0.9521838426589966,5,4,10,"[0.6125, 0.2169, 0.0523, 0.0201, 0.0118, 0.0102, 0.0086, 0.0071, 0.0065, 0.0061]","[0.155, 0.071, 0.001, 0.036, 0.449, 0.304, 0.357, 0.057, 0.617, 0.354]",3000,0.04709073528647423,0.155133260485027,
34,T6,3240,0.09593197474559871,-0.004618099101135072,0.030866089583890838,-0.013018569125376267,-0.03250048644193597,0.03913190499829577,-0.06070131968716456,0.5243992209434509,0.1907951533794403,0.10834568738937378,0.7151943445205688,0.8762246370315552,0.930029571056366,3,7,16,"[0.5244, 0.1908, 0.1083, 0.0361, 0.0166, 0.0149, 0.0124, 0.0113, 0.0081, 0.007]","[0.096, 0.005, 0.031, 0.025, 0.167, 0.441, 0.026, 0.498, 0.683, 0.053]",3000,0.03886779025197029,-0.11371294501308497,
34,T7,3240,-0.16396205983894005,-0.00874265173596733,0.059914160189061795,-0.011143661807511656,0.03525689229200443,-0.0397952131677058,-0.0023323056212462196,0.6404710412025452,0.19728468358516693,0.04899587482213974,0.8377557396888733,0.9241562485694885,0.9575214385986328,2,4,9,"[0.6405, 0.1973, 0.049, 0.0226, 0.0148, 0.0107, 0.0079, 0.006, 0.0048, 0.0039]","[0.164, 0.009, 0.06, 0.23, 0.143, 0.48, 0.03, 0.119, 0.11, 0.772]",3000,0.044179461896419525,0.1496777475610489,
34,T8,3240,-0.06250723684787925,0.06514443919728385,0.11449032076558922,-0.019239615070302415,0.005160359815224083,0.025878853377087004,-0.008005915339525108,0.7051940560340881,0.1241670772433281,0.04163813963532448,0.8293611407279968,0.9065990447998047,0.9467082023620605,3,5,11,"[0.7052, 0.1242, 0.0416, 0.0202, 0.0154, 0.0131, 0.009, 0.0069, 0.0057, 0.0053]","[0.063, 0.065, 0.114, 0.215, 0.573, 0.715, 0.282, 0.356, 0.175, 0.117]",3000,0.055266063660383224,-0.03005262681392917,
34,R0,3240,-0.23668599918646238,-0.0702616721601784,0.046402486601584914,0.000413904822916826,0.0208709035964365,0.012898813315611575,-0.06729569723621459,0.8426051139831543,0.09834931045770645,0.011568509042263031,0.9409544467926025,0.9667870402336121,0.9814404845237732,5,2,3,"[0.8426, 0.0983, 0.0116, 0.0082, 0.0061, 0.0044, 0.0031, 0.0027, 0.0024, 0.0021]","[0.237, 0.07, 0.046, 0.129, 0.49, 0.448, 0.008, 0.551, 0.588, 0.391]",3000,0.05544722452759743,0.010263547424352303,
34,R1,3240,-0.22373150743677692,0.3065275742653623,0.2653946552186241,-0.020095258190813797,-0.05465850653534684,0.061738464183016345,-0.00018667557368491234,0.7298245429992676,0.07533788681030273,0.03229343518614769,0.8051624298095703,0.8754886984825134,0.9193142652511597,5,8,19,"[0.7298, 0.0753, 0.0323, 0.0202, 0.0179, 0.0133, 0.0104, 0.0074, 0.0069, 0.0059]","[0.224, 0.307, 0.265, 0.364, 0.163, 0.715, 0.384, 0.3, 0.203, 0.107]",3000,0.09148666262626648,0.08804200417914392,
34,R2,3240,-0.23864312024171658,0.15060483506581585,0.2815525545217108,-0.08979822703471985,-0.018045230610745745,-0.01848838708896273,-0.025851034117948545,0.737021803855896,0.11502426117658615,0.0346236377954483,0.8520460724830627,0.9197984337806702,0.9496134519577026,3,4,11,"[0.737, 0.115, 0.0346, 0.0219, 0.0112, 0.0095, 0.0073, 0.0052, 0.0043, 0.0035]","[0.239, 0.151, 0.282, 0.062, 0.094, 0.599, 0.028, 0.327, 0.596, 0.165]",3000,0.041403628885746,0.11151816941428919,
34,R3,3240,0.32261837731412807,-0.16601918392537976,0.40039453733278574,-0.1445262480783581,-0.020550651070847473,0.1358779640840682,-0.22274188908575052,0.3136577904224396,0.2379833310842514,0.09856495261192322,0.5516411066055298,0.7431287169456482,0.836028516292572,3,19,46,"[0.3137, 0.238, 0.0986, 0.0544, 0.0386, 0.0269, 0.0205, 0.0173, 0.0156, 0.0125]","[0.323, 0.166, 0.4, 0.218, 0.408, 0.257, 0.028, 0.18, 0.002, 0.187]",3000,0.2884112000465393,-0.641960397265437,
34,R4,3240,0.016432340427335275,0.05246724085582272,-0.034217033603197944,-0.06805375518485005,-0.005818078432576285,0.1217314440459845,-0.08725477534874128,0.6205258965492249,0.1336784064769745,0.054959673434495926,0.754204273223877,0.8600475788116455,0.9261724352836609,3,8,16,"[0.6205, 0.1337, 0.055, 0.0267, 0.0242, 0.0191, 0.0161, 0.0143, 0.0098, 0.0068]","[0.016, 0.052, 0.034, 0.459, 0.577, 0.061, 0.392, 0.075, 0.019, 0.179]",3000,0.16945210099220276,-0.34020844043330184,
34,R5,3240,-0.12184674526859018,-0.07400737334930838,-0.16355925405920244,-0.08753542376405603,-0.0035039615174864264,0.1110233637487244,0.013344794584127824,0.7329614162445068,0.08408170193433762,0.049682408571243286,0.817043125629425,0.9206932187080383,0.9547742009162903,4,4,9,"[0.733, 0.0841, 0.0497, 0.039, 0.015, 0.0112, 0.007, 0.0061, 0.0053, 0.0045]","[0.122, 0.074, 0.164, 0.077, 0.328, 0.046, 0.598, 0.452, 0.429, 0.234]",3000,0.05266667529940605,-0.05404342457510852,
34,R6,3240,-0.5228038578868325,-0.46786911764845784,-0.0653493743733254,-0.13892789874209927,-0.16159618515661028,0.04436692921831467,-0.10744735721895819,0.8106553554534912,0.057849835604429245,0.044815585017204285,0.8685051798820496,0.942391574382782,0.9678759574890137,4,3,6,"[0.8107, 0.0578, 0.0448, 0.0206, 0.0085, 0.0081, 0.0054, 0.0048, 0.0041, 0.0031]","[0.523, 0.468, 0.065, 0.112, 0.186, 0.765, 0.125, 0.162, 0.358, 0.17]",3000,0.13467471301555634,0.3495123232100449,
34,R7,3240,0.04702593151420362,0.6031665867281724,-0.30423641203618673,0.14773711670438494,0.07124478111946798,-0.13746898216649375,0.13583590104929533,0.6354464292526245,0.07615525275468826,0.05269978195428848,0.7116016745567322,0.8401437997817993,0.9114152789115906,4,9,21,"[0.6354, 0.0762, 0.0527, 0.039, 0.0369, 0.0217, 0.0186, 0.012, 0.0108, 0.0081]","[0.047, 0.603, 0.304, 0.032, 0.116, 0.225, 0.321, 0.181, 0.115, 0.312]",3000,0.3275205194950104,0.30645132288884896,
35,T0,3240,-0.22076386628879424,0.13127049364873297,0.09307725764333985,-0.07127019824831034,-0.12658307863836737,0.043782289499694316,0.02187385130486672,0.6596206426620483,0.18433086574077606,0.022690504789352417,0.8439515233039856,0.9035166501998901,0.9486863613128662,3,5,11,"[0.6596, 0.1843, 0.0227, 0.0206, 0.0162, 0.0132, 0.0111, 0.0095, 0.0067, 0.0046]","[0.221, 0.131, 0.093, 0.108, 0.113, 0.6, 0.158, 0.094, 0.683, 0.532]",3000,0.059118106961250305,0.17054208292498815,
35,T1,3240,0.22552354452277126,-0.358986205890145,-0.31266454686030987,-0.08495257280792441,-0.09247948868405628,0.042089718787509674,-0.017208260487083866,0.26472100615501404,0.1378762573003769,0.10496687144041061,0.40259724855422974,0.6214504241943359,0.755290687084198,4,38,89,"[0.2647, 0.1379, 0.105, 0.0716, 0.0423, 0.0393, 0.0323, 0.029, 0.0175, 0.0157]","[0.226, 0.359, 0.313, 0.63, 0.335, 0.058, 0.215, 0.028, 0.022, 0.142]",3000,0.07706902176141739,-0.038436094624702356,
35,T2,3240,-0.0519750284286126,-0.16415852894518815,-0.12503643388758187,0.04688441967696848,0.03800151714543448,-0.0608752812862341,0.12113555342870126,0.2018309384584427,0.1016816571354866,0.08383630216121674,0.3035126030445099,0.5131261348724365,0.653976321220398,5,73,167,"[0.2018, 0.1017, 0.0838, 0.0734, 0.0524, 0.0362, 0.0329, 0.0258, 0.024, 0.022]","[0.052, 0.164, 0.125, 0.32, 0.418, 0.069, 0.334, 0.404, 0.393, 0.272]",3000,0.052258312702178955,0.03223994888281074,
35,T3,3240,0.13159849609853425,0.005825594215321409,-0.007207426655048713,-0.03769000683851581,-0.10107486528786432,0.19555548426993577,-0.029637314902694164,0.6027832627296448,0.15353257954120636,0.06342145800590515,0.7563158273696899,0.8675093650817871,0.92083340883255,3,8,18,"[0.6028, 0.1535, 0.0634, 0.027, 0.0208, 0.0168, 0.0118, 0.0093, 0.008, 0.0073]","[0.132, 0.006, 0.007, 0.249, 0.556, 0.454, 0.103, 0.597, 0.257, 0.134]",3000,0.046338070183992386,-0.18598555095800928,
35,T4,3240,-0.024689987756830754,0.552039540174116,-0.47234707071272153,-0.11840669382175596,-0.08864264256256628,0.19492811771418275,-0.11406859609291885,0.3354795277118683,0.09534846246242523,0.08537383377552032,0.4308279752731323,0.6353063583374023,0.7661142945289612,3,33,76,"[0.3355, 0.0953, 0.0854, 0.0758, 0.0433, 0.0388, 0.0262, 0.025, 0.0225, 0.0184]","[0.025, 0.552, 0.472, 0.519, 0.201, 0.039, 0.166, 0.12, 0.059, 0.143]",3000,0.10409344732761383,-0.10718904568097719,
35,T5,3240,-0.12242288853592206,-0.023050548804431522,-0.01812718246107785,-0.0024382161798228203,0.04533114999436761,-0.03847000839902665,0.025993290510149755,0.6056116819381714,0.21278591454029083,0.05586349591612816,0.818397581577301,0.9068982005119324,0.9483987092971802,3,5,11,"[0.6056, 0.2128, 0.0559, 0.0193, 0.0134, 0.0121, 0.0086, 0.0075, 0.0072, 0.0062]","[0.122, 0.023, 0.018, 0.025, 0.505, 0.269, 0.342, 0.05, 0.572, 0.209]",3000,0.0474955253303051,0.1500099448902591,
35,T6,3240,-0.10136679791939682,-0.002265121979547868,0.026586767808882535,0.004284900430869907,0.034904479105092784,-0.05415088788338376,0.05325679662338814,0.5280372500419617,0.17953449487686157,0.10961952060461044,0.7075717449188232,0.8699963688850403,0.9257363677024841,3,8,17,"[0.528, 0.1795, 0.1096, 0.0348, 0.018, 0.0158, 0.0126, 0.0109, 0.0094, 0.0071]","[0.101, 0.002, 0.027, 0.053, 0.28, 0.522, 0.047, 0.506, 0.573, 0.052]",3000,0.039485275745391846,0.11309065356881332,
35,T7,3240,-0.1858198551304172,0.005881283929063131,0.10668838925021437,-0.013831677974135674,0.0361277998324213,-0.050250798014067635,-0.015702095516664537,0.66578608751297,0.17874406278133392,0.045828793197870255,0.8445301651954651,0.9260621070861816,0.958934485912323,2,4,8,"[0.6658, 0.1787, 0.0458, 0.022, 0.0137, 0.0114, 0.0073, 0.0055, 0.0046, 0.004]","[0.186, 0.006, 0.107, 0.269, 0.226, 0.457, 0.05, 0.196, 0.173, 0.755]",3000,0.04481060802936554,0.17225336512343697,
35,T8,3240,0.011400565254440677,0.09416838394648604,0.14827312999534809,-0.004368225533556608,0.0025731045611887796,0.038092817807447714,-0.03908597602230117,0.7269670367240906,0.10307586938142776,0.039182890206575394,0.8300428986549377,0.9082736968994141,0.9467466473579407,2,5,11,"[0.727, 0.1031, 0.0392, 0.0214, 0.0176, 0.013, 0.0086, 0.0066, 0.0054, 0.0049]","[0.011, 0.094, 0.148, 0.319, 0.126, 0.801, 0.241, 0.191, 0.187, 0.04]",3000,0.05897139385342598,-0.12070925286668698,
35,R0,3240,-0.24669435872712706,-0.08008732570036689,0.06535097204059034,-0.0029280924594175875,0.0006548072298949942,0.005674663396642571,-0.07377698708864538,0.8593491911888123,0.08374591171741486,0.010247663594782352,0.9430950880050659,0.9680130481719971,0.9818949103355408,4,2,3,"[0.8593, 0.0837, 0.0102, 0.0078, 0.0069, 0.0043, 0.0027, 0.0025, 0.0023, 0.002]","[0.247, 0.08, 0.065, 0.013, 0.267, 0.455, 0.326, 0.326, 0.574, 0.183]",3000,0.05442459136247635,0.022610269357512907,
35,R1,3240,-0.327288051285559,0.2883581752323657,0.31571008206168377,-0.0447583683242744,-0.101862513136666,0.11514554036146922,-0.023874959856094228,0.7013956308364868,0.06927844136953354,0.03109102137386799,0.7706740498542786,0.8475621938705444,0.8999518752098083,6,11,25,"[0.7014, 0.0693, 0.0311, 0.0252, 0.0206, 0.0164, 0.0117, 0.009, 0.0079, 0.0074]","[0.327, 0.288, 0.316, 0.416, 0.401, 0.617, 0.104, 0.283, 0.414, 0.043]",3000,0.09122666716575623,0.2528630787878112,
35,R2,3240,-0.28080533462430124,-0.20846376948919854,-0.3073338366562144,-0.07889925171027513,-0.02702672861443203,0.013057967094017244,-0.057321533305378765,0.6700747013092041,0.13541801273822784,0.03701470047235489,0.8054926991462708,0.8788650631904602,0.9243159890174866,3,7,18,"[0.6701, 0.1354, 0.037, 0.0202, 0.0162, 0.0132, 0.0113, 0.008, 0.0067, 0.0062]","[0.281, 0.208, 0.307, 0.088, 0.085, 0.727, 0.168, 0.14, 0.461, 0.004]",3000,0.040474843233823776,0.14308939304787194,
35,R3,3240,0.23318322279407416,-0.16863690481053864,0.43443954435705473,-0.1437606603788895,-0.14606488979831553,0.06084869964233394,-0.3491446421996349,0.3405430316925049,0.23139452934265137,0.08883091062307358,0.5719375610351562,0.7505782246589661,0.8415834307670593,2,18,44,"[0.3405, 0.2314, 0.0888, 0.0533, 0.0365, 0.0254, 0.0232, 0.0163, 0.0145, 0.0116]","[0.233, 0.169, 0.434, 0.221, 0.435, 0.232, 0.025, 0.195, 0.031, 0.176]",3000,0.268061101436615,-0.3899103412765359,
35,R4,3240,0.009463590793361242,-0.041776185136159424,0.0013143876587559337,-0.02506196671008451,-0.014519499785499585,0.12045193841324423,-0.10908044916750761,0.6676670908927917,0.10260912775993347,0.046085115522146225,0.7702761888504028,0.8674556016921997,0.9306963086128235,2,7,15,"[0.6677, 0.1026, 0.0461, 0.0314, 0.0197, 0.0179, 0.0158, 0.0146, 0.0091, 0.006]","[0.009, 0.042, 0.001, 0.404, 0.677, 0.018, 0.242, 0.161, 0.017, 0.291]",3000,0.15763802826404572,-0.2820122500288016,
35,R5,3240,-0.15454044504709877,-0.0907628259324103,-0.19261739535928762,-0.05942802437159985,-0.044861617203859,0.04127137909594023,-0.0567824787469489,0.7424590587615967,0.08505829423666,0.04930993542075157,0.8275173306465149,0.9229182004928589,0.9552391171455383,1,4,9,"[0.7425, 0.0851, 0.0493, 0.0303, 0.0158, 0.0098, 0.0068, 0.0061, 0.0052, 0.0045]","[0.155, 0.091, 0.193, 0.076, 0.249, 0.013, 0.1, 0.71, 0.155, 0.264]",3000,0.0458642952144146,0.09401750965152939,
35,R6,3240,-0.3695643929711147,-0.18115086621306903,-0.04898558276152281,-0.06711715057948675,-0.14161410886448092,0.043907455922907845,-0.1511772092236342,0.8025826811790466,0.05995276942849159,0.043249357491731644,0.8625354766845703,0.9368857145309448,0.9637331366539001,3,3,7,"[0.8026, 0.06, 0.0432, 0.0217, 0.0094, 0.0086, 0.0055, 0.0049, 0.0042, 0.0036]","[0.37, 0.181, 0.049, 0.15, 0.589, 0.512, 0.016, 0.112, 0.202, 0.058]",3000,0.11618997901678085,0.21535724420473631,
35,R7,3240,0.04947998910356748,0.743539498246921,-0.05114600963034948,0.15112710583927824,0.07258131702295842,-0.16604821991293653,0.14384995351628282,0.6064659953117371,0.07563024014234543,0.057577721774578094,0.6820962429046631,0.8123729825019836,0.892549991607666,2,11,26,"[0.6065, 0.0756, 0.0576, 0.0392, 0.0335, 0.0216, 0.0201, 0.0149, 0.012, 0.0115]","[0.049, 0.744, 0.051, 0.176, 0.034, 0.188, 0.065, 0.137, 0.004, 0.359]",3000,0.28418323397636414,0.2953160197662832,
36,T0,3240,0.24364786269241537,0.10045409242332314,0.10314368478923405,0.07185490576329033,0.13250282028936208,0.03642539885735097,-0.04318215635261906,0.6542695760726929,0.19551219046115875,0.022235596552491188,0.8497817516326904,0.9076624512672424,0.9517878293991089,3,5,10,"[0.6543, 0.1955, 0.0222, 0.0198, 0.0159, 0.0125, 0.0108, 0.0095, 0.0065, 0.0048]","[0.244, 0.1, 0.103, 0.164, 0.152, 0.527, 0.19, 0.154, 0.646, 0.614]",3000,0.05639604851603508,-0.23874638038644333,
36,T1,3240,0.33688372327739186,-0.5728764917396054,-0.1876361206748347,-0.0999957649566824,-0.06955058314135261,0.01869858469456069,-0.04030737302802211,0.2288147360086441,0.13858655095100403,0.1128031462430954,0.3674013018608093,0.6056088805198669,0.7342441082000732,4,44,104,"[0.2288, 0.1386, 0.1128, 0.0819, 0.0435, 0.0355, 0.0316, 0.0266, 0.0197, 0.0152]","[0.337, 0.573, 0.188, 0.36, 0.4, 0.121, 0.088, 0.057, 0.023, 0.115]",3000,0.10662510246038437,-0.22020765075969773,
36,T2,3240,0.11826374299421004,0.3196090521048476,0.3132417057177594,0.01444329038350232,0.03226552498134722,-0.07400136589678674,0.04811502983779593,0.23760607838630676,0.09467753022909164,0.07430224120616913,0.332283616065979,0.5235433578491211,0.6584093570709229,5,75,172,"[0.2376, 0.0947, 0.0743, 0.0721, 0.0449, 0.0359, 0.0323, 0.0247, 0.0216, 0.0204]","[0.118, 0.32, 0.313, 0.517, 0.18, 0.157, 0.277, 0.063, 0.379, 0.32]",3000,0.06662128865718842,-0.1263193116121808,
36,T3,3240,-0.003868442938303906,0.02208713231751933,-0.0758052969398422,0.054589574507115136,0.10913415028816709,-0.05548847236420689,0.030839148598886777,0.5504067540168762,0.17301854491233826,0.0701884776353836,0.7234252691268921,0.8458981513977051,0.9066506624221802,3,10,20,"[0.5504, 0.173, 0.0702, 0.0294, 0.0229, 0.0177, 0.0145, 0.0111, 0.009, 0.0085]","[0.004, 0.022, 0.076, 0.303, 0.561, 0.068, 0.065, 0.582, 0.097, 0.269]",3000,0.049529124051332474,-0.01729440194794783,
36,T4,3240,-0.3749208086280694,-0.770622977958997,0.24747162594365865,0.13593587007491265,0.10627051000910614,-0.12224850662235447,0.19993336800126732,0.22716006636619568,0.1324680894613266,0.0936468094587326,0.3596281409263611,0.5751840472221375,0.7154737710952759,3,47,105,"[0.2272, 0.1325, 0.0936, 0.0721, 0.0498, 0.0375, 0.0326, 0.0273, 0.0227, 0.0202]","[0.375, 0.771, 0.247, 0.358, 0.077, 0.193, 0.06, 0.072, 0.039, 0.048]",3000,0.1534462869167328,0.4769837750408685,
36,T5,3240,0.13717385995211895,0.012466010548158015,0.07131033233254463,-0.005526767491897089,-0.04854709382697402,0.07146743299388954,-0.015239672475549394,0.6013965606689453,0.22373174130916595,0.05044401064515114,0.8251283168792725,0.9107587933540344,0.9519873261451721,3,5,10,"[0.6014, 0.2237, 0.0504, 0.0188, 0.0164, 0.0126, 0.0084, 0.0074, 0.0067, 0.0061]","[0.137, 0.012, 0.071, 0.085, 0.529, 0.119, 0.455, 0.453, 0.216, 0.224]",3000,0.047383952885866165,-0.14878760562726873,
36,T6,3240,-0.1385281589028784,0.009056085961655913,-0.009861920159142187,-0.008559609648977767,0.012838627140165378,-0.05046722652865142,0.03815934379324666,0.5147688388824463,0.198942631483078,0.1059766486287117,0.7137115001678467,0.8710288405418396,0.927391767501831,3,8,16,"[0.5148, 0.1989, 0.106, 0.0337, 0.0176, 0.0164, 0.0124, 0.0109, 0.0094, 0.0072]","[0.139, 0.009, 0.01, 0.082, 0.337, 0.435, 0.11, 0.722, 0.159, 0.053]",3000,0.04369206726551056,0.1464847364045637,
36,T7,3240,-0.15296360846871604,0.031897403788422055,0.1262249164111203,-0.03350465176935678,0.035166913374281135,-0.088918834053437,-0.011121437740305518,0.702065646648407,0.1707301288843155,0.034231677651405334,0.8727957606315613,0.9365082383155823,0.9655974507331848,3,3,7,"[0.7021, 0.1707, 0.0342, 0.0182, 0.0112, 0.0109, 0.0058, 0.0049, 0.004, 0.0035]","[0.153, 0.032, 0.126, 0.274, 0.397, 0.392, 0.011, 0.229, 0.224, 0.724]",3000,0.04742955043911934,0.16993731826907202,
36,T8,3240,-0.055514370231071204,0.07103745343411276,0.049889601154671476,0.014457085377528324,-0.004504785244041882,0.015428911484754589,-0.050012537248969084,0.7345806360244751,0.09722768515348434,0.03696585074067116,0.83180832862854,0.9095577597618103,0.9480400681495667,2,5,11,"[0.7346, 0.0972, 0.037, 0.0238, 0.017, 0.0133, 0.009, 0.0062, 0.0056, 0.0044]","[0.056, 0.071, 0.05, 0.259, 0.058, 0.782, 0.41, 0.143, 0.153, 0.017]",3000,0.061170581728219986,-0.04925977746998926,
36,R0,3240,-0.1913342550262378,-0.08752154161357138,0.08609919455061114,0.014633212534706062,0.01694406238891971,0.0017072114713522662,-0.07548479689603131,0.8630198240280151,0.08434946835041046,0.009046807885169983,0.9473692774772644,0.9713319540023804,0.9837753176689148,3,2,3,"[0.863, 0.0843, 0.009, 0.0084, 0.0065, 0.0038, 0.0025, 0.0021, 0.0021, 0.0019]","[0.191, 0.088, 0.086, 0.166, 0.269, 0.381, 0.606, 0.14, 0.31, 0.203]",3000,0.05228745937347412,-0.008800818106335394,
36,R1,3240,0.0895756881501576,0.3164030595989632,-0.5922710415871641,0.10397637703965669,0.06844912478503137,0.021857722597629428,0.11666148961182489,0.6224418878555298,0.06263834238052368,0.04357794299721718,0.6850802302360535,0.7899917364120483,0.8635296821594238,5,16,39,"[0.6224, 0.0626, 0.0436, 0.0364, 0.0249, 0.0189, 0.0173, 0.0131, 0.0125, 0.0116]","[0.09, 0.316, 0.592, 0.388, 0.337, 0.041, 0.328, 0.274, 0.204, 0.042]",3000,0.1195625513792038,-0.10704208166069615,
36,R2,3240,-0.15987154268225043,0.2514937268925287,-0.1385751880015536,-0.0897432645775327,-0.04104590198044706,-0.06903418264873465,-0.04054680388303317,0.444315105676651,0.19636580348014832,0.043979302048683167,0.6406809091567993,0.7590500116348267,0.8400475382804871,2,21,53,"[0.4443, 0.1964, 0.044, 0.0412, 0.0332, 0.0215, 0.0185, 0.0165, 0.0132, 0.0113]","[0.16, 0.251, 0.139, 0.592, 0.362, 0.269, 0.077, 0.017, 0.294, 0.143]",3000,0.05132729932665825,0.1235414732572187,
36,R3,3240,0.2525432929398482,-0.16556492952917326,-0.4513047910131862,-0.06441426792702123,-0.11645959491653869,-0.01719014226454644,-0.26143857263375464,0.30473774671554565,0.19657786190509796,0.11449798196554184,0.5013155937194824,0.7188016772270203,0.810739278793335,2,25,60,"[0.3047, 0.1966, 0.1145, 0.0681, 0.0349, 0.026, 0.0203, 0.0184, 0.0149, 0.0123]","[0.253, 0.166, 0.451, 0.152, 0.534, 0.254, 0.061, 0.189, 0.005, 0.068]",3000,0.32875874638557434,-0.2739856934660321,
36,R4,3240,-0.06647415588227347,0.0862706249269547,0.008440480719427722,0.021734621534152076,-0.10848134521257348,0.1024965949010033,-0.21338699667678376,0.6654175519943237,0.0913594663143158,0.04529007896780968,0.7567770481109619,0.8562796711921692,0.9218317270278931,2,8,18,"[0.6654, 0.0914, 0.0453, 0.0328, 0.0214, 0.0186, 0.0174, 0.013, 0.01, 0.0066]","[0.066, 0.086, 0.008, 0.237, 0.601, 0.388, 0.286, 0.164, 0.111, 0.216]",3000,0.15564116835594177,-0.0843730414212575,
36,R5,3240,-0.18587417714558488,-0.12330640095054729,-0.09622898659742661,0.0008138847917151138,-0.07192277304998303,-0.018322801338861515,-0.05839127609787789,0.7106726169586182,0.09427031129598618,0.040667563676834106,0.8049429059028625,0.8957019448280334,0.9416443705558777,3,6,12,"[0.7107, 0.0943, 0.0407, 0.0327, 0.0174, 0.0137, 0.0099, 0.0086, 0.007, 0.0067]","[0.186, 0.123, 0.096, 0.088, 0.407, 0.085, 0.394, 0.732, 0.075, 0.276]",3000,0.05238209664821625,0.16543323484816788,
36,R6,3240,-0.19134462136303507,-0.20465260507655192,0.010342189981610257,-0.051381959082891206,-0.17625299410811926,-0.04550266322865443,-0.12453627426969953,0.7761397361755371,0.05031439661979675,0.044902052730321884,0.8264541625976562,0.9111514687538147,0.9474784135818481,1,5,11,"[0.7761, 0.0503, 0.0449, 0.0218, 0.018, 0.0109, 0.008, 0.0075, 0.0051, 0.0048]","[0.191, 0.205, 0.01, 0.054, 0.761, 0.281, 0.005, 0.004, 0.246, 0.218]",3000,0.14954008162021637,0.194870895265972,
36,R7,3240,-0.2669351527893974,-0.7282082752574548,0.12641539653985367,0.16360589129786898,0.11880658504673883,-0.16079847823918164,0.19820950538845353,0.4739963710308075,0.117425836622715,0.07527624815702438,0.5914222002029419,0.7366762757301331,0.8302960395812988,2,21,52,"[0.474, 0.1174, 0.0753, 0.0407, 0.0293, 0.0252, 0.0221, 0.0171, 0.0149, 0.0143]","[0.267, 0.728, 0.126, 0.245, 0.203, 0.336, 0.103, 0.203, 0.022, 0.017]",3000,0.3010772168636322,0.5803463156721207,
37,T0,3240,0.25388380941552097,0.08617826167867117,0.10340489002011218,0.054501145681785296,0.1364930961527902,0.0040121491788531,-0.022452447740011323,0.6551756262779236,0.1928345113992691,0.02227577194571495,0.8480101227760315,0.9060600996017456,0.951244592666626,4,5,10,"[0.6552, 0.1928, 0.0223, 0.0196, 0.0161, 0.0132, 0.0105, 0.0098, 0.0067, 0.0049]","[0.254, 0.086, 0.103, 0.107, 0.139, 0.381, 0.318, 0.011, 0.643, 0.651]",3000,0.05455360934138298,-0.2300700821941158,
37,T1,3240,-0.33346481436955244,-0.6622447747577798,-0.039020117543694846,0.09157593306207208,0.06172215212786863,-0.010562084394796304,0.04840084224934865,0.21027156710624695,0.15606728196144104,0.10869299620389938,0.366338849067688,0.5965771675109863,0.7300768494606018,3,45,107,"[0.2103, 0.1561, 0.1087, 0.0759, 0.0456, 0.0352, 0.0331, 0.0286, 0.0203, 0.0164]","[0.333, 0.662, 0.039, 0.278, 0.394, 0.17, 0.011, 0.044, 0.047, 0.083]",3000,0.1339111477136612,0.22714422638129964,
37,T2,3240,0.12662694535686317,-0.4535840743530967,0.4533266164658526,0.007561854459827387,0.02408126000336981,-0.06248722294080772,0.04146039029147183,0.24347363412380219,0.10090894997119904,0.08427610248327255,0.3443825840950012,0.5389671325683594,0.669347882270813,3,70,164,"[0.2435, 0.1009, 0.0843, 0.0709, 0.0395, 0.0362, 0.0305, 0.0251, 0.0198, 0.0188]","[0.127, 0.454, 0.453, 0.117, 0.155, 0.105, 0.284, 0.039, 0.416, 0.007]",3000,0.09714194387197495,-0.13294500436118226,
37,T3,3240,-0.010129866315732884,0.022007408765475415,0.10035298892009752,0.045072357646003376,0.09600656077287908,-0.04768504794216571,0.02990552529140575,0.5346706509590149,0.17209485173225403,0.07856911420822144,0.7067655324935913,0.8389198184013367,0.9028933048248291,2,10,21,"[0.5347, 0.1721, 0.0786, 0.0302, 0.0234, 0.0183, 0.0153, 0.0116, 0.0095, 0.0092]","[0.01, 0.022, 0.1, 0.272, 0.537, 0.224, 0.057, 0.583, 0.19, 0.106]",3000,0.050077199935913086,-0.04353075245168828,
37,T4,3240,-0.2515572510028691,-0.8193870826193724,-0.1893256796558161,0.1528499533866505,0.1088611376422544,-0.14275393043047924,0.19839380230948814,0.23376508057117462,0.145389586687088,0.09051913022994995,0.37915468215942383,0.5854988694190979,0.7234044671058655,1,45,102,"[0.2338, 0.1454, 0.0905, 0.0669, 0.0489, 0.0363, 0.0339, 0.0262, 0.0214, 0.0201]","[0.252, 0.819, 0.189, 0.288, 0.165, 0.208, 0.04, 0.025, 0.08, 0.068]",3000,0.18456129729747772,0.3732345009789757,
37,T5,3240,0.16270920221418728,0.0076798125862108805,0.09031156338900534,-0.0013244032274940518,-0.034948082203361014,0.07484969617583644,-0.015824072817059835,0.5986378192901611,0.21688081324100494,0.054067958146333694,0.8155186176300049,0.9065414667129517,0.9489995837211609,3,5,11,"[0.5986, 0.2169, 0.0541, 0.019, 0.018, 0.0133, 0.0086, 0.0078, 0.007, 0.0058]","[0.163, 0.008, 0.09, 0.236, 0.568, 0.131, 0.426, 0.473, 0.288, 0.196]",3000,0.047107186168432236,-0.1802557361485397,
37,T6,3240,0.1580725628603801,0.014843463825302921,-0.033567451205597065,-0.0012392242920857162,-0.029790008291770764,0.07014270703573956,-0.057084753587571535,0.5145483016967773,0.18963873386383057,0.10705295950174332,0.7041870355606079,0.8643975257873535,0.9235751628875732,2,8,17,"[0.5145, 0.1896, 0.1071, 0.0343, 0.0189, 0.0178, 0.0133, 0.0112, 0.0093, 0.0076]","[0.158, 0.015, 0.034, 0.098, 0.284, 0.509, 0.256, 0.63, 0.093, 0.028]",3000,0.045743178576231,-0.17410418798768815,
37,T7,3240,-0.14332409502082166,0.07455601859756775,0.1357675460238293,-0.040740702309718935,0.028150314203276402,-0.08421170438048102,-0.013742490157182952,0.6947901844978333,0.17814944684505463,0.032638754695653915,0.8729396462440491,0.9356670379638672,0.9651493430137634,3,3,7,"[0.6948, 0.1781, 0.0326, 0.0186, 0.0115, 0.0112, 0.0059, 0.005, 0.004, 0.0033]","[0.143, 0.075, 0.136, 0.327, 0.413, 0.006, 0.027, 0.265, 0.158, 0.741]",3000,0.04838801920413971,0.17122510061307783,
37,T8,3240,-0.011885203419185596,0.08212094860233929,0.04319097211908341,0.020649752407413745,-0.008007573177081867,0.02638121141283649,-0.061282833214755666,0.7275984883308411,0.10443728417158127,0.03478115424513817,0.8320357799530029,0.9089208841323853,0.9477322697639465,2,5,11,"[0.7276, 0.1044, 0.0348, 0.0256, 0.0165, 0.0136, 0.0087, 0.0062, 0.0059, 0.0045]","[0.012, 0.082, 0.043, 0.188, 0.047, 0.768, 0.432, 0.013, 0.252, 0.041]",3000,0.06262926012277603,-0.10177622425603271,
37,R0,3240,0.17161456361644775,-0.0643227381472597,0.3424187406273014,-0.015182742634614407,-0.021808189443048725,0.016728467330027558,0.06367226975105995,0.8712589144706726,0.07731553167104721,0.00955179426819086,0.948574423789978,0.9721436500549316,0.9840622544288635,4,2,3,"[0.8713, 0.0773, 0.0096, 0.0081, 0.0059, 0.0037, 0.0025, 0.0021, 0.0018, 0.0018]","[0.172, 0.064, 0.342, 0.182, 0.255, 0.333, 0.659, 0.026, 0.268, 0.414]",3000,0.05586973950266838,0.007131448987309494,
37,R1,3240,0.09980551853889093,-0.43152901542297994,-0.5687334664003183,0.12656554758880695,0.06404779854724497,0.05317684655070605,0.14603035629693273,0.5948985815048218,0.06227952986955643,0.05494343116879463,0.6571781039237976,0.7723902463912964,0.8545120358467102,5,18,43,"[0.5949, 0.0623, 0.0549, 0.0363, 0.024, 0.0206, 0.0184, 0.0155, 0.015, 0.0126]","[0.1, 0.432, 0.569, 0.334, 0.223, 0.435, 0.212, 0.05, 0.159, 0.324]",3000,0.15243829786777496,-0.08280065144489004,
37,R2,3240,0.015501368909057175,-0.2962657802388572,-0.7627801582846124,-0.0317043035933773,0.00963822682533111,-0.09855545551924866,-0.07205457442599647,0.38685134053230286,0.20505569875240326,0.06868310272693634,0.5919070243835449,0.7377182841300964,0.8262811899185181,1,24,60,"[0.3869, 0.2051, 0.0687, 0.0447, 0.0324, 0.0243, 0.0192, 0.0167, 0.0147, 0.0137]","[0.016, 0.296, 0.763, 0.029, 0.047, 0.074, 0.078, 0.292, 0.056, 0.257]",3000,0.10407061874866486,-0.015477198135853342,
37,R3,3240,0.28331145843508865,-0.2132040087145471,-0.4248073220399748,-0.0916125389498341,-0.0955937790177519,-0.045342618776663596,-0.268231773035617,0.3159065246582031,0.17868660390377045,0.12333323806524277,0.49459314346313477,0.7233324646949768,0.8158252239227295,2,23,57,"[0.3159, 0.1787, 0.1233, 0.0681, 0.0373, 0.0258, 0.0206, 0.0191, 0.0151, 0.0119]","[0.283, 0.213, 0.425, 0.053, 0.573, 0.196, 0.111, 0.239, 0.011, 0.081]",3000,0.3524068295955658,-0.285298096133227,
37,R4,3240,-0.1157904693264631,0.0802044959462228,-0.005401796124832553,0.03614829928735281,-0.11087762577111446,0.08223203579090764,-0.20633068918529335,0.6782239079475403,0.08097120374441147,0.045975878834724426,0.75919508934021,0.8639823198318481,0.9264066815376282,2,8,16,"[0.6782, 0.081, 0.046, 0.0375, 0.0214, 0.0177, 0.0167, 0.0122, 0.0096, 0.0062]","[0.116, 0.08, 0.005, 0.161, 0.435, 0.631, 0.159, 0.117, 0.149, 0.168]",3000,0.15259402990341187,-0.030518907541551586,
37,R5,3240,-0.22958833998110345,-0.12672541608461566,-0.014171885785044382,0.01578355022379254,-0.08824510131195175,-0.02401597699760468,-0.06190016601222276,0.6906864047050476,0.10758187621831894,0.044244106858968735,0.7982682585716248,0.8920342922210693,0.9403148293495178,3,6,12,"[0.6907, 0.1076, 0.0442, 0.0309, 0.0187, 0.0145, 0.0103, 0.0095, 0.0072, 0.0068]","[0.23, 0.127, 0.014, 0.065, 0.47, 0.012, 0.4, 0.719, 0.234, 0.185]",3000,0.05703441798686981,0.21229948885288502,
37,R6,3240,0.21147748100301483,-0.20168182522079633,0.0021826312803058592,0.030949864866160276,0.17674107849280274,0.06348166047618517,0.1474908793492315,0.7801891565322876,0.04968094080686569,0.040955882519483566,0.8298701047897339,0.9121171236038208,0.9477601647377014,1,5,11,"[0.7802, 0.0497, 0.041, 0.0218, 0.0195, 0.0106, 0.0078, 0.0071, 0.0054, 0.0047]","[0.211, 0.202, 0.002, 0.048, 0.774, 0.236, 0.021, 0.013, 0.255, 0.132]",3000,0.17701135575771332,-0.2390268594469557,
37,R7,3240,-0.2791273538803835,-0.7565222061609786,0.037925424346178904,0.14271653665163822,0.10682433756322805,-0.15246145909069833,0.2422736002032706,0.46962299942970276,0.1390680968761444,0.07379098236560822,0.6086910963058472,0.7451416254043579,0.8355929851531982,1,19,48,"[0.4696, 0.1391, 0.0738, 0.0358, 0.0269, 0.0258, 0.0205, 0.0161, 0.0148, 0.0133]","[0.279, 0.757, 0.038, 0.293, 0.196, 0.266, 0.083, 0.264, 0.153, 0.031]",3000,0.36464232206344604,0.5788497639748563,
38,T0,3240,0.2427975381635521,0.08072338375825834,0.09252775606398092,0.04592212757879521,0.1281491046554416,-0.00682317590819955,-0.019861245239738864,0.6594141721725464,0.18893907964229584,0.0232548750936985,0.8483532667160034,0.906347393989563,0.9511321783065796,4,5,10,"[0.6594, 0.1889, 0.0233, 0.0186, 0.0161, 0.0133, 0.0105, 0.0096, 0.0065, 0.0048]","[0.243, 0.081, 0.093, 0.1, 0.173, 0.361, 0.308, 0.021, 0.647, 0.629]",3000,0.055460892617702484,-0.22611379295635747,
38,T1,3240,-0.36498277236595367,-0.6641170575477371,0.05550847321149378,0.09671606431371738,0.06741297429571613,-0.011676691632328987,0.06662029175573882,0.20069795846939087,0.16508296132087708,0.10965889692306519,0.36578091979026794,0.592887818813324,0.7268509268760681,3,46,110,"[0.2007, 0.1651, 0.1097, 0.07, 0.0474, 0.0358, 0.0334, 0.0271, 0.0207, 0.0169]","[0.365, 0.664, 0.056, 0.244, 0.4, 0.201, 0.045, 0.089, 0.053, 0.065]",3000,0.1370764523744583,0.2613964528744673,
38,T2,3240,0.1268260418904465,-0.4539580744146226,0.41148456831049574,0.01119771192131692,0.02974183339113037,-0.06355234163305136,0.03920374959900021,0.23972995579242706,0.0979885384440422,0.08493334800004959,0.33771848678588867,0.5349610447883606,0.6656944751739502,4,72,169,"[0.2397, 0.098, 0.0849, 0.0728, 0.0395, 0.0363, 0.03, 0.0251, 0.0205, 0.0189]","[0.127, 0.454, 0.411, 0.096, 0.194, 0.014, 0.322, 0.038, 0.121, 0.488]",3000,0.09479678422212601,-0.13111761182830234,
38,T3,3240,-0.004217432521797514,0.050241177405867615,0.051619520829599044,0.026540079027898233,0.08568375836416206,-0.07022663586735314,0.014934471889846888,0.5152409076690674,0.17169712483882904,0.0843731164932251,0.6869380474090576,0.8311561942100525,0.8991294503211975,3,11,22,"[0.5152, 0.1717, 0.0844, 0.0346, 0.0253, 0.0193, 0.0167, 0.0121, 0.0104, 0.0095]","[0.004, 0.05, 0.052, 0.346, 0.477, 0.141, 0.124, 0.599, 0.039, 0.159]",3000,0.05271059647202492,-0.0525926017080671,
38,T4,3240,0.011224931051155783,-0.8195760873114999,-0.13403589599142118,0.12418036855244168,0.09967034224798117,-0.14631859909603798,0.1448753344737497,0.22405625879764557,0.15342187881469727,0.08652468025684357,0.37747812271118164,0.5790619850158691,0.7198912501335144,1,45,103,"[0.2241, 0.1534, 0.0865, 0.0637, 0.0513, 0.0387, 0.0349, 0.0258, 0.0219, 0.0195]","[0.011, 0.82, 0.134, 0.297, 0.15, 0.177, 0.216, 0.049, 0.115, 0.104]",3000,0.18543629348278046,0.08079414979830508,
38,T5,3240,0.1929933027677463,0.0029119867789880534,0.10873283304069581,0.0036293122301490305,-0.027824980465551034,0.08082611548291095,-0.020653544140095004,0.5870676040649414,0.21817965805530548,0.053896836936473846,0.8052472472190857,0.8988597989082336,0.9440723657608032,2,6,12,"[0.5871, 0.2182, 0.0539, 0.0206, 0.0191, 0.0141, 0.0094, 0.0085, 0.0073, 0.0059]","[0.193, 0.003, 0.109, 0.471, 0.132, 0.295, 0.568, 0.266, 0.233, 0.016]",3000,0.05144235119223595,-0.22319524183765607,
38,T6,3240,0.201490014583436,-0.006474253060188329,-0.05350564632772535,-0.009875253431572511,-0.048063887502556316,0.09618195604518269,-0.08455589011928158,0.5071057677268982,0.1866500824689865,0.10565191507339478,0.6937558650970459,0.8567006587982178,0.9201858639717102,2,8,18,"[0.5071, 0.1867, 0.1057, 0.036, 0.0213, 0.0198, 0.0149, 0.0118, 0.0092, 0.0077]","[0.201, 0.006, 0.054, 0.149, 0.273, 0.56, 0.233, 0.619, 0.101, 0.042]",3000,0.04788077622652054,-0.21790733868945558,
38,T7,3240,-0.13824433706642777,0.06165980520230391,0.12291391377321753,-0.02143476479969243,0.028290586274688886,-0.08524859532557755,0.0006152839017073376,0.6993794441223145,0.17225965857505798,0.032699890434741974,0.8716391324996948,0.9353015422821045,0.9644718170166016,3,3,7,"[0.6994, 0.1723, 0.0327, 0.0192, 0.0117, 0.0114, 0.0057, 0.0048, 0.004, 0.0033]","[0.138, 0.062, 0.123, 0.381, 0.373, 0.235, 0.035, 0.221, 0.208, 0.73]",3000,0.048166610300540924,0.16147404895008544,
38,T8,3240,0.000927309113653082,0.09804673129505093,0.040042388971855074,0.024806011089404015,-0.009792282044839852,0.02856201601339208,-0.04807488684454146,0.7280681729316711,0.10291304439306259,0.03388005122542381,0.8309811949729919,0.9095202684402466,0.9480522274971008,2,5,11,"[0.7281, 0.1029, 0.0339, 0.0276, 0.017, 0.0132, 0.0086, 0.0064, 0.0056, 0.0046]","[0.001, 0.098, 0.04, 0.2, 0.227, 0.724, 0.487, 0.088, 0.201, 0.203]",3000,0.06284859031438828,-0.10876488366413563,
38,R0,3240,0.17156342807773264,-0.05604383474303729,0.3228047916862425,-0.013013666700784111,-0.025219279999571863,0.03197436163578944,0.056393445816747094,0.8817949295043945,0.06902217119932175,0.01060221903026104,0.9508171081542969,0.9739805459976196,0.9852831959724426,4,2,2,"[0.8818, 0.069, 0.0106, 0.0073, 0.0053, 0.0036, 0.0024, 0.0022, 0.0016, 0.0015]","[0.172, 0.056, 0.323, 0.209, 0.247, 0.188, 0.712, 0.355, 0.477, 0.217]",3000,0.055853910744190216,0.0032602635628387402,
38,R1,3240,0.047996846211836766,-0.4267572973244543,-0.5736278571257001,0.13923494023716215,0.06186252096324419,0.051772277284513814,0.15258848313107287,0.6069100499153137,0.059053752571344376,0.05268262326717377,0.6659638285636902,0.7772696018218994,0.8579593300819397,4,17,41,"[0.6069, 0.0591, 0.0527, 0.0344, 0.0243, 0.0216, 0.0176, 0.0155, 0.014, 0.0121]","[0.048, 0.427, 0.574, 0.357, 0.001, 0.488, 0.242, 0.007, 0.217, 0.257]",3000,0.15281489491462708,-0.003937163877974337,
38,R2,3240,-0.062342097984591456,-0.29782042837551015,-0.7720099376228083,0.025072469605789228,-0.024489479574981442,0.10576242149577113,0.043433454495759236,0.38915425539016724,0.20363163948059082,0.0671616718173027,0.5927858948707581,0.7403498888015747,0.8271269202232361,1,24,59,"[0.3892, 0.2036, 0.0672, 0.0495, 0.0309, 0.0238, 0.0177, 0.0165, 0.0154, 0.0133]","[0.062, 0.298, 0.772, 0.025, 0.087, 0.073, 0.052, 0.228, 0.08, 0.24]",3000,0.10043618083000183,0.048729629830385625,
38,R3,3240,0.2977157510674743,-0.21235419386625876,-0.4380331974677927,-0.08542398545439749,-0.09845173198840024,-0.06914554481372286,-0.22779658645507356,0.3283725678920746,0.17569072544574738,0.11650225520133972,0.5040633082389832,0.7245659828186035,0.8187336325645447,2,23,55,"[0.3284, 0.1757, 0.1165, 0.0674, 0.0366, 0.0255, 0.0229, 0.0194, 0.0149, 0.0115]","[0.298, 0.212, 0.438, 0.078, 0.557, 0.226, 0.123, 0.168, 0.053, 0.08]",3000,0.3427791893482208,-0.25603865444444546,
38,R4,3240,-0.1368869543769236,0.0822846525541573,0.012113875189479956,0.03818786990548626,-0.08730987251081157,0.06045781514545188,-0.15824748802230015,0.6825329661369324,0.07552901655435562,0.045675285160541534,0.7580620050430298,0.8666760921478271,0.9275412559509277,1,7,16,"[0.6825, 0.0755, 0.0457, 0.0412, 0.0218, 0.0171, 0.0164, 0.0121, 0.0091, 0.0062]","[0.137, 0.082, 0.012, 0.204, 0.3, 0.677, 0.092, 0.065, 0.152, 0.066]",3000,0.15991142392158508,0.01475975449605032,
38,R5,3240,-0.19061731438211724,-0.12633479543834814,0.00218311783144127,0.008630331278319334,-0.10383862210321751,-0.04994375359933814,-0.05967088736118981,0.6869141459465027,0.11273868381977081,0.045332055538892746,0.7996528148651123,0.8931640386581421,0.9409591555595398,3,6,12,"[0.6869, 0.1127, 0.0453, 0.0282, 0.02, 0.014, 0.0105, 0.0091, 0.0075, 0.0068]","[0.191, 0.126, 0.002, 0.103, 0.534, 0.042, 0.416, 0.691, 0.16, 0.237]",3000,0.054767731577157974,0.24575197444391025,
38,R6,3240,0.15490663909273664,-0.2683036890529543,0.010835577210395912,0.01132331156948348,0.16031728685260854,0.06740255068454079,0.1666020531583871,0.7864115238189697,0.04957634583115578,0.040358129888772964,0.8359878659248352,0.9147775173187256,0.9489856362342834,1,5,11,"[0.7864, 0.0496, 0.0404, 0.0203, 0.0181, 0.0104, 0.0074, 0.0068, 0.0049, 0.0047]","[0.155, 0.268, 0.011, 0.039, 0.771, 0.247, 0.019, 0.035, 0.241, 0.176]",3000,0.1691957414150238,-0.16515228729051087,
38,R7,3240,-0.2387222935070233,-0.7711315418986553,-0.007220526367979176,0.1419163591881355,0.10711290012399478,-0.13353346738036567,0.27423316228023276,0.48943614959716797,0.1323111206293106,0.07333535701036453,0.6217472553253174,0.7540760040283203,0.8415863513946533,3,18,45,"[0.4894, 0.1323, 0.0733, 0.0343, 0.0247, 0.0247, 0.02, 0.0165, 0.0137, 0.0126]","[0.239, 0.771, 0.007, 0.309, 0.311, 0.006, 0.046, 0.298, 0.192, 0.008]",3000,0.3584018647670746,0.5480385836293246,
39,T0,3240,-0.1740161781211656,0.06705850507924947,-0.07053194668511795,-0.02347946507936067,-0.08985099365891344,0.015685470817826556,0.013425727152419954,0.6656963229179382,0.18858090043067932,0.023068079724907875,0.8542772531509399,0.9107287526130676,0.9532467722892761,4,5,10,"[0.6657, 0.1886, 0.0231, 0.0181, 0.0153, 0.0121, 0.01, 0.0096, 0.0063, 0.0045]","[0.174, 0.067, 0.071, 0.102, 0.154, 0.382, 0.398, 0.135, 0.614, 0.631]",3000,0.05460194870829582,0.12631798497340213,
39,T1,3240,-0.5169024266653134,-0.6520268482410633,0.029394310718908884,-0.08351179689607083,-0.103752505707466,0.04836055095425923,0.0905299993419612,0.1975880116224289,0.18284520506858826,0.10594702512025833,0.38043320178985596,0.6003611087799072,0.7325721383094788,3,44,107,"[0.1976, 0.1828, 0.1059, 0.0658, 0.0482, 0.0375, 0.0316, 0.0261, 0.0204, 0.0166]","[0.517, 0.652, 0.029, 0.235, 0.353, 0.27, 0.079, 0.105, 0.028, 0.095]",3000,0.14848697185516357,0.5828528275727393,
39,T2,3240,0.11090756983386725,-0.5247582043561994,0.2694787127010011,0.015842132652471665,0.031163982766908335,-0.06204459741150584,0.019892548307752507,0.24757128953933716,0.10212502628564835,0.08504290133714676,0.3496963083744049,0.5467630624771118,0.6752419471740723,1,68,162,"[0.2476, 0.1021, 0.085, 0.0734, 0.0386, 0.0349, 0.0288, 0.0252, 0.0213, 0.0182]","[0.111, 0.525, 0.269, 0.023, 0.201, 0.015, 0.256, 0.181, 0.083, 0.279]",3000,0.09245239198207855,-0.13516374016309712,
39,T3,3240,0.06416667743638074,0.053070411633231215,0.07100729435842532,-0.029661112996915456,-0.08149098150128106,0.0971273276182442,0.008385323399089251,0.5245404839515686,0.1615946888923645,0.08285576105117798,0.6861351728439331,0.8298531770706177,0.8997901082038879,3,11,23,"[0.5245, 0.1616, 0.0829, 0.0358, 0.025, 0.0204, 0.0173, 0.0126, 0.0104, 0.0092]","[0.064, 0.053, 0.071, 0.311, 0.519, 0.158, 0.076, 0.594, 0.077, 0.138]",3000,0.05308230593800545,0.02051608727110536,
39,T4,3240,0.47204310923102977,-0.8037406755923898,-0.054267627251204355,0.06380093155401775,0.09144936087782088,-0.125795850741864,-0.008725250152693462,0.21000328660011292,0.1599910855293274,0.08553894609212875,0.3699943721294403,0.5739713907241821,0.7123439311981201,2,46,105,"[0.21, 0.16, 0.0855, 0.066, 0.0524, 0.0393, 0.0324, 0.0247, 0.023, 0.019]","[0.472, 0.804, 0.054, 0.257, 0.108, 0.113, 0.225, 0.08, 0.106, 0.168]",3000,0.18766666948795319,-0.4139289227619929,
39,T5,3240,0.22309925681296755,0.03790559431355573,0.11192622662937171,-0.0010636263392073918,-0.02755437951937505,0.08982849963733434,-0.02254475026641889,0.5772212147712708,0.22165660560131073,0.054263465106487274,0.7988778352737427,0.8941725492477417,0.940933108329773,3,6,13,"[0.5772, 0.2217, 0.0543, 0.0218, 0.0192, 0.015, 0.0098, 0.009, 0.0073, 0.0057]","[0.223, 0.038, 0.112, 0.439, 0.195, 0.318, 0.594, 0.152, 0.197, 0.059]",3000,0.05260619521141052,-0.2456471534275686,
39,T6,3240,0.2380914051597249,0.016507439086103696,0.04560292626131191,-0.013393455784401829,-0.043670157299633174,0.10280985286632904,-0.07821583600168047,0.49812349677085876,0.1942368447780609,0.10158601403236389,0.6923603415489197,0.8515247702598572,0.9178259372711182,4,8,18,"[0.4981, 0.1942, 0.1016, 0.0356, 0.022, 0.0205, 0.0159, 0.0124, 0.0097, 0.0079]","[0.238, 0.017, 0.046, 0.178, 0.482, 0.481, 0.306, 0.608, 0.149, 0.049]",3000,0.05055273324251175,-0.2504154120294106,
39,T7,3240,-0.12342366680201539,0.07107452329346853,0.18752937322601776,-0.022680641462139862,0.02406321778417583,-0.0835350610580249,0.027638509354537596,0.6924281716346741,0.17713171243667603,0.0314527228474617,0.8695598840713501,0.933336615562439,0.9632753133773804,3,3,7,"[0.6924, 0.1771, 0.0315, 0.0202, 0.0122, 0.0118, 0.0058, 0.005, 0.004, 0.0034]","[0.123, 0.071, 0.188, 0.376, 0.367, 0.242, 0.024, 0.251, 0.203, 0.709]",3000,0.047048166394233704,0.15463402954453676,
39,T8,3240,0.04835532970224481,0.08449623276399003,0.019745039776795377,-0.00453521014128468,-0.030449584001741147,0.050434541490924065,-0.038456325055645,0.732768714427948,0.10037726163864136,0.03261340782046318,0.8331459760665894,0.909696102142334,0.9482614994049072,2,5,11,"[0.7328, 0.1004, 0.0326, 0.0278, 0.0161, 0.0132, 0.0086, 0.0065, 0.0055, 0.0047]","[0.048, 0.084, 0.02, 0.214, 0.237, 0.727, 0.459, 0.173, 0.172, 0.157]",3000,0.06296627223491669,-0.15580564235544406,
39,R0,3240,-0.2116409089957334,0.058335290613729975,0.4352010511673232,0.009507847047118574,0.015255548574688992,-0.033435355063758894,-0.05890502402753645,0.8868573307991028,0.06442761421203613,0.011438542976975441,0.9512849450111389,0.9747939705848694,0.9860237836837769,4,2,2,"[0.8869, 0.0644, 0.0114, 0.0072, 0.0049, 0.0036, 0.0024, 0.0021, 0.0016, 0.0015]","[0.212, 0.058, 0.435, 0.225, 0.173, 0.084, 0.685, 0.486, 0.152, 0.489]",3000,0.05554884299635887,0.021020501597858836,
39,R1,3240,0.10843336906339819,-0.40217284320579555,-0.5993994560956096,0.14247385007272131,0.08367559494920346,0.05539539873939771,0.08464849758895045,0.6154444217681885,0.05764410272240639,0.053071219474077225,0.673088550567627,0.7834964990615845,0.861864447593689,4,16,40,"[0.6154, 0.0576, 0.0531, 0.0328, 0.0246, 0.0208, 0.0165, 0.0159, 0.0135, 0.0116]","[0.108, 0.402, 0.599, 0.388, 0.023, 0.465, 0.257, 0.003, 0.247, 0.186]",3000,0.15245431661605835,-0.10090640662538625,
39,R2,3240,0.23495686124213677,-0.31230290339099004,0.7692898323734204,0.0015071308089103159,0.016799860090723394,-0.09847420494015173,-0.015106625782836542,0.4070129990577698,0.19505447149276733,0.06550289690494537,0.6020674705505371,0.7504687309265137,0.8328559398651123,2,22,56,"[0.407, 0.1951, 0.0655, 0.0533, 0.0296, 0.0227, 0.0163, 0.0156, 0.0154, 0.0124]","[0.235, 0.312, 0.769, 0.009, 0.114, 0.077, 0.269, 0.053, 0.113, 0.156]",3000,0.10455342382192612,-0.16487228271573676,
39,R3,3240,0.25168382490239877,-0.22270005332425172,0.43633211354239976,-0.053737512397938045,-0.08939001442910217,-0.0733593574258445,-0.24091811192571624,0.349354088306427,0.1673436164855957,0.11341625452041626,0.5166977047920227,0.7326258420944214,0.8265177011489868,2,21,51,"[0.3494, 0.1673, 0.1134, 0.0667, 0.0358, 0.0255, 0.0243, 0.0185, 0.0141, 0.0115]","[0.252, 0.223, 0.436, 0.101, 0.544, 0.23, 0.282, 0.169, 0.049, 0.047]",3000,0.35404208302497864,-0.2492565840367105,
39,R4,3240,-0.08333252549288346,0.0735471918868928,0.04040035054427763,0.03023899930373385,-0.0750014851948666,0.0751815810463716,-0.1259103569304343,0.693177342414856,0.07020028680562973,0.04472992196679115,0.7633776068687439,0.8728178143501282,0.9311343431472778,2,7,15,"[0.6932, 0.0702, 0.0447, 0.0427, 0.022, 0.0164, 0.0156, 0.0113, 0.0087, 0.0064]","[0.083, 0.074, 0.04, 0.229, 0.185, 0.559, 0.39, 0.064, 0.122, 0.001]",3000,0.1574171930551529,-0.037059610464030515,
39,R5,3240,-0.17510118975622166,-0.1386615710819527,0.016691183648587907,0.0026122882095076954,-0.10785213428674854,-0.06743515570600911,-0.05075652352807721,0.6816392540931702,0.12256012856960297,0.04689802601933479,0.8041993975639343,0.8957220315933228,0.9419979453086853,3,6,12,"[0.6816, 0.1226, 0.0469, 0.025, 0.0197, 0.013, 0.0105, 0.0088, 0.0073, 0.0067]","[0.175, 0.139, 0.017, 0.068, 0.447, 0.035, 0.43, 0.683, 0.041, 0.295]",3000,0.0527442991733551,0.2651364260265439,
39,R6,3240,0.048388896430342145,-0.28749332318480897,0.020869113550267368,-0.0011203354594400362,0.15481375749740456,0.08201990030933193,0.1476982567168844,0.7912190556526184,0.052623726427555084,0.03910214453935623,0.8438428044319153,0.9186203479766846,0.9513701796531677,1,4,10,"[0.7912, 0.0526, 0.0391, 0.0187, 0.017, 0.0102, 0.0069, 0.0061, 0.0048, 0.0047]","[0.048, 0.287, 0.021, 0.013, 0.766, 0.25, 0.005, 0.047, 0.229, 0.172]",3000,0.16513855755329132,-0.09794946554967608,
39,R7,3240,-0.14500789145974402,-0.773473004439129,-0.10361008703067981,0.10490605012047104,0.1306531194408812,-0.16393981294376955,0.26907873351636774,0.5140566825866699,0.13553525507450104,0.06974895298480988,0.6495919227600098,0.7741551995277405,0.8550556302070618,3,16,39,"[0.5141, 0.1355, 0.0697, 0.0318, 0.023, 0.0226, 0.018, 0.0166, 0.0124, 0.0114]","[0.145, 0.773, 0.104, 0.312, 0.152, 0.189, 0.133, 0.31, 0.2, 0.012]",3000,0.37838467955589294,0.42978171175432067,
40,T0,3240,0.13400336433542695,0.04482050135355197,-0.07990251071772807,0.03620230070642694,0.10579588950922468,0.004437349731821941,-0.029088977104623586,0.6584914326667786,0.19932454824447632,0.021827446296811104,0.8578159809112549,0.9120955467224121,0.9539256691932678,3,5,10,"[0.6585, 0.1993, 0.0218, 0.0173, 0.0151, 0.0118, 0.0101, 0.009, 0.0063, 0.0047]","[0.134, 0.045, 0.08, 0.133, 0.146, 0.294, 0.44, 0.007, 0.582, 0.629]",3000,0.055421650409698486,-0.14934116286448965,
40,T1,3240,-0.6375966728368,0.5778165602021194,0.011003453145622967,0.04155573638774304,0.00980647787109076,0.011942564376070242,0.11379308969833843,0.20156292617321014,0.1807231307029724,0.10056638717651367,0.38228607177734375,0.5948706865310669,0.7269256711006165,3,49,120,"[0.2016, 0.1807, 0.1006, 0.0647, 0.0473, 0.0353, 0.0321, 0.0249, 0.0224, 0.0174]","[0.638, 0.578, 0.011, 0.127, 0.384, 0.217, 0.009, 0.079, 0.01, 0.173]",3000,0.15863296389579773,0.5882483483155226,
40,T2,3240,0.11631032489764392,-0.4849156815006977,0.29231544102803336,0.016081221961647008,0.032022535453919865,-0.06698195007111038,0.01578578299489362,0.23841087520122528,0.10773246735334396,0.08221117407083511,0.34614333510398865,0.5365963578224182,0.662864089012146,1,78,184,"[0.2384, 0.1077, 0.0822, 0.072, 0.0363, 0.0324, 0.0282, 0.0256, 0.0214, 0.0187]","[0.116, 0.485, 0.292, 0.026, 0.229, 0.106, 0.235, 0.227, 0.024, 0.0]",3000,0.08950129896402359,-0.136438117005203,
40,T3,3240,-0.024863601447347037,0.07625634539555001,0.04585032758284227,-0.04224322287094468,-0.09454647952994172,0.03237650398712179,0.013718543608041568,0.4943870007991791,0.17429466545581818,0.08925489336252213,0.6686816811561584,0.8194559216499329,0.8939915299415588,3,11,24,"[0.4944, 0.1743, 0.0893, 0.0333, 0.0282, 0.0207, 0.0196, 0.0133, 0.0106, 0.0103]","[0.025, 0.076, 0.046, 0.383, 0.426, 0.235, 0.026, 0.565, 0.098, 0.002]",3000,0.04805581644177437,0.09503025421472727,
40,T4,3240,-0.3086761948999061,-0.7498004741278508,0.12490681677870957,0.08491694092697336,0.07149468318994637,-0.08681281449263457,0.14638955011080493,0.18956182897090912,0.15913188457489014,0.09284718334674835,0.34869372844696045,0.5690966248512268,0.704949676990509,3,51,120,"[0.1896, 0.1591, 0.0928, 0.0766, 0.051, 0.0372, 0.0311, 0.0252, 0.0223, 0.0201]","[0.309, 0.75, 0.125, 0.306, 0.07, 0.168, 0.209, 0.151, 0.088, 0.021]",3000,0.1714097559452057,0.31854756525750316,
40,T5,3240,0.24638143737524207,0.053179922706851054,0.10061796978430664,0.00022611897035555674,-0.017647982733759175,0.07582668924604392,-0.007017644655516444,0.5610896944999695,0.2333001047372818,0.05481064319610596,0.7943897843360901,0.8917052745819092,0.9392258524894714,3,6,13,"[0.5611, 0.2333, 0.0548, 0.0221, 0.0204, 0.0143, 0.01, 0.0097, 0.0076, 0.0059]","[0.246, 0.053, 0.101, 0.41, 0.203, 0.265, 0.375, 0.537, 0.18, 0.047]",3000,0.05046423524618149,-0.27701656419750625,
40,T6,3240,0.22263414081497687,0.022710189746424605,-0.04895368981079574,-0.02202470587014329,-0.05344713442588235,0.1104560030548717,-0.07504392226248502,0.4749357998371124,0.20395328104496002,0.10547152161598206,0.6788890957832336,0.84604811668396,0.9150456786155701,3,9,19,"[0.4749, 0.204, 0.1055, 0.0387, 0.023, 0.0219, 0.0162, 0.0128, 0.0098, 0.0082]","[0.223, 0.023, 0.049, 0.194, 0.464, 0.457, 0.213, 0.619, 0.179, 0.015]",3000,0.048047952353954315,-0.22887611889280707,
40,T7,3240,-0.059019372138063,0.07992329971138469,-0.182671701842794,-0.022064860359158632,0.027169280160394296,-0.07522301419735623,0.028379234748864234,0.7052615284919739,0.17500728368759155,0.0282716304063797,0.8802688121795654,0.938188910484314,0.966264009475708,3,3,7,"[0.7053, 0.175, 0.0283, 0.0184, 0.0113, 0.011, 0.0054, 0.0048, 0.0037, 0.0032]","[0.059, 0.08, 0.183, 0.363, 0.351, 0.046, 0.011, 0.27, 0.137, 0.706]",3000,0.04816899076104164,0.10497472869707092,
40,T8,3240,0.01697315838884386,0.10914364464735758,9.649451410763337e-05,-0.006902444958039472,-0.03167359790287849,0.03431192384046608,-0.03520281270654002,0.7516034841537476,0.09666358679533005,0.028495609760284424,0.8482670783996582,0.9173728823661804,0.9532056450843811,3,4,10,"[0.7516, 0.0967, 0.0285, 0.0244, 0.0162, 0.0125, 0.0076, 0.0058, 0.0054, 0.0045]","[0.017, 0.109, 0.0, 0.18, 0.33, 0.721, 0.421, 0.21, 0.167, 0.153]",3000,0.06325864046812057,-0.12618722719161513,
40,R0,3240,0.1873951137917714,-0.059526515459400124,0.3485366067015804,-0.019133514787095518,-0.03376977034478756,0.026501550878326837,0.036163546205387795,0.8838719725608826,0.06761322915554047,0.011696522124111652,0.9514852166175842,0.9747267365455627,0.9858593344688416,5,2,2,"[0.8839, 0.0676, 0.0117, 0.0067, 0.0048, 0.0036, 0.0025, 0.002, 0.0016, 0.0015]","[0.187, 0.06, 0.349, 0.237, 0.19, 0.166, 0.68, 0.464, 0.425, 0.345]",3000,0.05408661812543869,-0.018679645049217174,
40,R1,3240,0.023289682324266783,-0.17321493693025522,-0.656955805386231,0.11662034525157042,0.13152505230301492,0.017104417145977255,0.12049605926432606,0.6227846741676331,0.05395200848579407,0.049925822764635086,0.6767367124557495,0.7813040614128113,0.8639803528785706,3,16,40,"[0.6228, 0.054, 0.0499, 0.0311, 0.0236, 0.0213, 0.0191, 0.017, 0.0139, 0.0113]","[0.023, 0.173, 0.657, 0.355, 0.049, 0.3, 0.117, 0.024, 0.015, 0.377]",3000,0.13667000830173492,-0.09247206637834876,
40,R2,3240,-0.1491074583628632,0.3218338593172792,-0.07929017157352213,-0.011851897573585804,-0.020347366665862076,0.03423691610482106,0.020234972648385356,0.3497757613658905,0.18341676890850067,0.06673087179660797,0.53319251537323,0.7052745819091797,0.7938319444656372,2,34,85,"[0.3498, 0.1834, 0.0667, 0.0599, 0.0455, 0.0263, 0.0219, 0.0151, 0.014, 0.0113]","[0.149, 0.322, 0.079, 0.756, 0.151, 0.016, 0.021, 0.017, 0.255, 0.135]",3000,0.08934909105300903,0.13738225073652838,
40,R3,3240,0.3022991368791257,0.2275132770083292,-0.45910575300472983,-0.05155720957701142,-0.07866358361501824,-0.05354308949826564,-0.26503503049178717,0.35674548149108887,0.1602495163679123,0.10414829105138779,0.5169950127601624,0.7257856726646423,0.8205329775810242,3,22,56,"[0.3567, 0.1602, 0.1041, 0.0697, 0.0349, 0.0257, 0.024, 0.0191, 0.0138, 0.012]","[0.302, 0.228, 0.459, 0.123, 0.512, 0.083, 0.216, 0.209, 0.045, 0.004]",3000,0.3365994989871979,-0.2987642356075169,
40,R4,3240,-0.11871383080954377,0.08358526463421707,-0.01657103215090392,-0.021351166985361436,-0.14881224556178724,0.0447350506335986,-0.11757186700132605,0.7187841534614563,0.061490073800086975,0.045634347945451736,0.7802742123603821,0.8852965831756592,0.9367581605911255,1,7,14,"[0.7188, 0.0615, 0.0456, 0.0392, 0.0201, 0.014, 0.0138, 0.0099, 0.0079, 0.0059]","[0.119, 0.084, 0.017, 0.2, 0.196, 0.251, 0.682, 0.019, 0.141, 0.146]",3000,0.14942146837711334,0.10571750082298371,
40,R5,3240,-0.16155739503144906,-0.14373658205549003,-0.04675358695147295,0.010994134395835926,-0.10330288836571612,-0.06686308920421966,-0.028823190787074907,0.6870177388191223,0.11692899465560913,0.042217105627059937,0.8039467334747314,0.8910191059112549,0.9406054615974426,3,6,12,"[0.687, 0.1169, 0.0422, 0.0265, 0.0183, 0.0133, 0.0125, 0.0091, 0.008, 0.0068]","[0.162, 0.144, 0.047, 0.127, 0.41, 0.209, 0.274, 0.712, 0.119, 0.379]",3000,0.0576404370367527,0.26169516380447866,
40,R6,3240,0.013042290105635717,-0.19840498910880763,-0.0225549995170943,-0.02159618466110928,0.15418542671428043,0.10192420845898972,0.058243276334049576,0.7955226302146912,0.04440667852759361,0.03771544620394707,0.8399292826652527,0.9168712496757507,0.950223982334137,2,5,10,"[0.7955, 0.0444, 0.0377, 0.0211, 0.0182, 0.01, 0.0071, 0.0068, 0.0051, 0.0042]","[0.013, 0.198, 0.023, 0.337, 0.652, 0.28, 0.175, 0.028, 0.22, 0.068]",3000,0.15259045362472534,-0.16012575678181284,
40,R7,3240,-0.35771734696468466,-0.7411460701154244,-0.0019725156659223466,0.09212062241103612,0.12071860821730208,-0.1259394439774177,0.2929562059400873,0.5006411671638489,0.14132162928581238,0.07001987099647522,0.6419627666473389,0.7672692537307739,0.8467299342155457,3,18,45,"[0.5006, 0.1413, 0.07, 0.0317, 0.0236, 0.0215, 0.0168, 0.0163, 0.0128, 0.012]","[0.358, 0.741, 0.002, 0.334, 0.271, 0.065, 0.151, 0.269, 0.144, 0.051]",3000,0.3677101135253906,0.5762937494946291,
41,T0,3240,0.1290223974867574,0.04667051414861214,-0.10550704757615126,0.010157029614438559,0.09691405894688507,-0.006713535501936495,-0.018742136778337793,0.6609224677085876,0.19633805751800537,0.02169022336602211,0.857260525226593,0.9111217856407166,0.9528380632400513,3,5,10,"[0.6609, 0.1963, 0.0217, 0.0166, 0.0156, 0.0118, 0.01, 0.0089, 0.0062, 0.0048]","[0.129, 0.047, 0.106, 0.117, 0.187, 0.237, 0.518, 0.038, 0.571, 0.602]",3000,0.05622422322630882,-0.12234081379910805,
41,T1,3240,-0.6855379160554873,0.3382800178638414,-0.011845752110879623,0.0145096517738458,-0.01858117072850397,0.010577598465208133,0.13319951062157356,0.20679108798503876,0.1780611127614975,0.10043053328990936,0.38485220074653625,0.5958457589149475,0.7269695997238159,3,49,119,"[0.2068, 0.1781, 0.1004, 0.0624, 0.0482, 0.0361, 0.0307, 0.0243, 0.0223, 0.0178]","[0.686, 0.338, 0.012, 0.032, 0.433, 0.166, 0.051, 0.071, 0.041, 0.2]",3000,0.16280411183834076,0.6066018508421881,
41,T2,3240,0.0750773073154465,-0.5198923996137039,0.19976216143972603,0.019775752763681428,0.03793347517963729,-0.06926913533076184,0.03506054116443334,0.256382554769516,0.10626395791769028,0.07983362674713135,0.36264652013778687,0.5493286848068237,0.6774453520774841,2,71,171,"[0.2564, 0.1063, 0.0798, 0.0711, 0.0358, 0.0314, 0.0293, 0.027, 0.0216, 0.0187]","[0.075, 0.52, 0.2, 0.077, 0.152, 0.14, 0.013, 0.278, 0.061, 0.319]",3000,0.09358036518096924,-0.10298685573341268,
41,T3,3240,0.021672615853787644,0.05953636502111371,0.06235371501974004,0.04233608336816905,0.09304591940185848,-0.035516799970526806,-0.015153195479622069,0.4896308481693268,0.17324303090572357,0.09072510898113251,0.6628738641738892,0.8162593841552734,0.8906868100166321,4,12,26,"[0.4896, 0.1732, 0.0907, 0.0343, 0.0284, 0.0203, 0.0178, 0.0141, 0.0112, 0.011]","[0.022, 0.06, 0.062, 0.401, 0.421, 0.335, 0.049, 0.552, 0.066, 0.058]",3000,0.05207919329404831,-0.08560332891485903,
41,T4,3240,-0.4818988814147331,-0.710704051216483,0.20955344854974725,0.08254626469068627,0.060587030660677645,-0.062247339568765714,0.1637551325668548,0.18820516765117645,0.15616996586322784,0.0978023037314415,0.3443751335144043,0.5678784847259521,0.7051688432693481,2,51,118,"[0.1882, 0.1562, 0.0978, 0.0756, 0.0501, 0.0393, 0.0306, 0.0251, 0.0225, 0.0198]","[0.482, 0.711, 0.21, 0.299, 0.082, 0.266, 0.182, 0.171, 0.156, 0.045]",3000,0.1683579534292221,0.47507367194074684,
41,T5,3240,0.23333248944605342,0.07726503410282835,-0.10797024701078549,0.0025813996447807772,0.0038953640439197412,0.06631355449992944,-0.006412920889002098,0.5619081258773804,0.23221753537654877,0.05231490358710289,0.7941256761550903,0.8898659944534302,0.9375634789466858,2,6,14,"[0.5619, 0.2322, 0.0523, 0.0239, 0.0195, 0.0142, 0.0104, 0.0099, 0.0076, 0.0056]","[0.233, 0.077, 0.108, 0.388, 0.257, 0.259, 0.625, 0.039, 0.153, 0.08]",3000,0.05430513992905617,-0.2899184636898863,
41,T6,3240,0.16525817964230344,0.043293611319222304,-0.02928907422771684,-0.018661355415743725,-0.04306637833081235,0.11464408248298688,-0.0705998294097087,0.42487794160842896,0.2482464611530304,0.10587292164564133,0.6731244325637817,0.8423835039138794,0.9128609895706177,3,9,20,"[0.4249, 0.2482, 0.1059, 0.0395, 0.0239, 0.0224, 0.0165, 0.0121, 0.0107, 0.0089]","[0.165, 0.043, 0.029, 0.164, 0.469, 0.485, 0.176, 0.606, 0.103, 0.031]",3000,0.04766933619976044,-0.19352313177429817,
41,T7,3240,-0.08708045771153954,0.1008807814813075,-0.16077973651542987,-0.022252409200497616,0.024723457664744444,-0.07674705714457104,0.03176574188748723,0.6806117296218872,0.1963856965303421,0.029561609029769897,0.8769974112510681,0.9368373155593872,0.9652213454246521,5,3,7,"[0.6806, 0.1964, 0.0296, 0.0187, 0.0116, 0.0108, 0.0053, 0.0049, 0.004, 0.0034]","[0.087, 0.101, 0.161, 0.392, 0.324, 0.263, 0.037, 0.313, 0.377, 0.575]",3000,0.05051984637975693,0.166285231151108,
41,T8,3240,0.06662604112073282,0.09732882478681379,0.063913136730611,-0.044540992520994395,-0.061855031311540395,0.056689350546284246,-0.0185092558781638,0.7556760311126709,0.095041923224926,0.027486639097332954,0.8507179617881775,0.9166672825813293,0.9529639482498169,3,4,10,"[0.7557, 0.095, 0.0275, 0.0231, 0.0154, 0.0124, 0.0079, 0.0058, 0.0053, 0.0048]","[0.067, 0.097, 0.064, 0.289, 0.307, 0.713, 0.422, 0.186, 0.146, 0.165]",3000,0.06611945480108261,-0.15481294427027664,
41,R0,3240,-0.21433281761912268,-0.04484729701451626,0.4208620785071361,0.018958715524881858,0.031058850513077465,-0.03172023851973313,-0.0481601702913031,0.8842373490333557,0.06592564284801483,0.012580633163452148,0.9501630067825317,0.9740976691246033,0.9851521849632263,4,2,2,"[0.8842, 0.0659, 0.0126, 0.0067, 0.0046, 0.0035, 0.0025, 0.0019, 0.0016, 0.0015]","[0.214, 0.045, 0.421, 0.237, 0.228, 0.18, 0.66, 0.524, 0.216, 0.4]",3000,0.05591350421309471,0.016186731162225357,
41,R1,3240,0.026167088621369055,-0.170411962273683,-0.6558920922122734,0.11042828860429048,0.1352372892032799,-0.002301540695400469,0.13848538280231512,0.6277948021888733,0.054747384041547775,0.04866325110197067,0.6825422048568726,0.78487229347229,0.867485761642456,4,16,39,"[0.6278, 0.0547, 0.0487, 0.0289, 0.0247, 0.0214, 0.0199, 0.0177, 0.013, 0.0106]","[0.026, 0.17, 0.656, 0.342, 0.526, 0.237, 0.015, 0.113, 0.017, 0.379]",3000,0.13234883546829224,-0.07572535650058278,
41,R2,3240,-0.11384781902954871,0.27542289788626123,-0.40282659406078336,-0.013097650865585913,-0.012901194544512249,0.04718472291986665,-0.004638342266664377,0.36597883701324463,0.185977503657341,0.06426448374986649,0.5519563555717468,0.7185578942298889,0.805291473865509,2,31,78,"[0.366, 0.186, 0.0643, 0.0582, 0.0441, 0.0279, 0.0196, 0.0144, 0.0135, 0.0113]","[0.114, 0.275, 0.403, 0.623, 0.091, 0.015, 0.022, 0.004, 0.272, 0.142]",3000,0.09559466689825058,0.06531284211702634,
41,R3,3240,0.27626636818594313,0.2371370756507222,-0.4942306283834139,-0.07256616736682152,-0.06778774354332999,-0.10879274739905681,-0.1976445829855283,0.3756215274333954,0.1663707196712494,0.09889624267816544,0.5419922471046448,0.7364210486412048,0.8310577273368835,2,21,52,"[0.3756, 0.1664, 0.0989, 0.0625, 0.0331, 0.0266, 0.0232, 0.0191, 0.0132, 0.0125]","[0.276, 0.237, 0.494, 0.16, 0.51, 0.089, 0.228, 0.176, 0.041, 0.008]",3000,0.32892006635665894,-0.19996964395137995,
41,R4,3240,-0.05647497356046954,0.07453608594028308,-0.03675367567433172,-0.00924813504863043,-0.15267144776267366,0.026657757246296376,-0.11791460053392955,0.7197998762130737,0.0615372359752655,0.045681100338697433,0.7813371419906616,0.8859044313430786,0.9371665120124817,3,6,14,"[0.7198, 0.0615, 0.0457, 0.0383, 0.0206, 0.0145, 0.0137, 0.0097, 0.0076, 0.0059]","[0.056, 0.075, 0.037, 0.166, 0.341, 0.536, 0.419, 0.004, 0.106, 0.133]",3000,0.1488988697528839,0.10905588371637862,
41,R5,3240,-0.1661673624994323,-0.1594142839859345,0.056835523580048654,0.011523405440589675,-0.10200499680464649,-0.07004316793996575,-0.02611188363158256,0.6762131452560425,0.12003115564584732,0.04488827660679817,0.7962443232536316,0.8864502310752869,0.9394617080688477,3,6,13,"[0.6762, 0.12, 0.0449, 0.0275, 0.0178, 0.0153, 0.0136, 0.0092, 0.0084, 0.0065]","[0.166, 0.159, 0.057, 0.137, 0.305, 0.22, 0.254, 0.711, 0.105, 0.332]",3000,0.05954213812947273,0.2692389628130929,
41,R6,3240,0.006286340084365959,-0.14489757528906014,-0.02046059492286383,-0.031227839199801787,0.12065801724745226,0.12601544611068918,0.018905247470022257,0.7938125133514404,0.04547485336661339,0.0388440266251564,0.8392873406410217,0.9163888692855835,0.9501435160636902,2,5,10,"[0.7938, 0.0455, 0.0388, 0.0202, 0.0181, 0.0102, 0.0071, 0.0066, 0.0051, 0.0047]","[0.006, 0.145, 0.02, 0.424, 0.573, 0.291, 0.242, 0.0, 0.109, 0.223]",3000,0.15386073291301727,-0.17465284699098177,
41,R7,3240,-0.39197492698737685,-0.7174455941530443,0.009198162316084767,0.09325040883196697,0.12239963559769512,-0.12904946404148568,0.28521963403482714,0.5149110555648804,0.14401699602603912,0.06586705893278122,0.6589280366897583,0.7763779163360596,0.8527599573135376,3,17,42,"[0.5149, 0.144, 0.0659, 0.03, 0.0216, 0.0204, 0.0165, 0.0158, 0.012, 0.0117]","[0.392, 0.717, 0.009, 0.352, 0.248, 0.046, 0.092, 0.215, 0.142, 0.051]",3000,0.380570650100708,0.5787935198384864,
42,T0,3240,0.13967653727692944,0.04560344820561624,-0.09752365208360898,0.027714971084486555,0.1114269782949801,0.007044904782260791,-0.012482461659965981,0.6657851934432983,0.19439101219177246,0.020786577835679054,0.8601762056350708,0.9121661186218262,0.9530552625656128,3,5,10,"[0.6658, 0.1944, 0.0208, 0.016, 0.0152, 0.0117, 0.01, 0.0087, 0.0058, 0.0046]","[0.14, 0.046, 0.098, 0.1, 0.169, 0.257, 0.517, 0.143, 0.569, 0.614]",3000,0.05600249767303467,-0.1555701079476905,
42,T1,3240,-0.6906927000963204,0.2192747608507261,-0.03366694109414347,0.0022165873166332577,-0.023218199973986976,0.004962777843287474,0.1398544161627896,0.20271089673042297,0.18651743233203888,0.09874361008405685,0.38922834396362305,0.5937784314155579,0.7240278720855713,2,49,121,"[0.2027, 0.1865, 0.0987, 0.0583, 0.0475, 0.0369, 0.0307, 0.0248, 0.0208, 0.0171]","[0.691, 0.219, 0.034, 0.003, 0.409, 0.197, 0.089, 0.03, 0.069, 0.255]",3000,0.16531480848789215,0.6296595897942481,
42,T2,3240,0.06738908004395597,0.5360323920330822,-0.1497003248359332,0.01915621528711129,0.03863093114961364,-0.0564349928046156,0.03673441195607354,0.23985442519187927,0.11483769118785858,0.08371271938085556,0.35469210147857666,0.5427163243293762,0.6730654835700989,1,73,173,"[0.2399, 0.1148, 0.0837, 0.0683, 0.036, 0.0317, 0.0309, 0.0259, 0.0223, 0.0195]","[0.067, 0.536, 0.15, 0.049, 0.047, 0.148, 0.049, 0.201, 0.073, 0.209]",3000,0.10436050593852997,-0.10241929543305635,
42,T3,3240,0.0044389758850934555,0.036673120566058225,0.07142701603628314,0.04089553146711209,0.09469762657968178,-0.056801641097310666,-0.002841294024847592,0.49069544672966003,0.17269356548786163,0.09099841862916946,0.6633890271186829,0.8163946866989136,0.8903633952140808,4,12,26,"[0.4907, 0.1727, 0.091, 0.0327, 0.0294, 0.0199, 0.0174, 0.0145, 0.0113, 0.0108]","[0.004, 0.037, 0.071, 0.446, 0.394, 0.386, 0.02, 0.536, 0.055, 0.009]",3000,0.052447009831666946,-0.05345705758741683,
42,T4,3240,-0.5159376373116624,-0.6710865840633514,0.2290685178843186,0.07894343854037424,0.057466659588389236,-0.04429672135930509,0.1637367563222139,0.18076850473880768,0.15306611359119415,0.10439961403608322,0.33383461833000183,0.5601489543914795,0.6977421045303345,4,52,122,"[0.1808, 0.1531, 0.1044, 0.073, 0.0489, 0.0395, 0.0302, 0.0252, 0.0229, 0.0197]","[0.516, 0.671, 0.229, 0.34, 0.058, 0.323, 0.14, 0.221, 0.146, 0.108]",3000,0.15941579639911652,0.5181969647293596,
42,T5,3240,0.23947274757315237,0.07814413399861309,0.1314762249987296,-0.005927020178580251,0.0059647761933043315,0.06422552090192399,-0.008982940400012504,0.5515639781951904,0.23634375631809235,0.05349605530500412,0.7879077196121216,0.8856246471405029,0.934612512588501,3,6,15,"[0.5516, 0.2363, 0.0535, 0.0239, 0.0203, 0.0144, 0.0105, 0.0102, 0.0081, 0.0058]","[0.239, 0.078, 0.131, 0.376, 0.293, 0.421, 0.622, 0.091, 0.12, 0.003]",3000,0.055294424295425415,-0.28460413432323634,
42,T6,3240,0.18449217126792233,0.04776597873578522,-0.030142558551093122,-0.01961206349685213,-0.040081156223548964,0.1129212531724893,-0.0502774196538667,0.41881999373435974,0.24976754188537598,0.10593671351671219,0.6685875654220581,0.8377687931060791,0.9101167917251587,3,9,21,"[0.4188, 0.2498, 0.1059, 0.0395, 0.0237, 0.0223, 0.0172, 0.0122, 0.0112, 0.0094]","[0.184, 0.048, 0.03, 0.179, 0.467, 0.416, 0.207, 0.59, 0.022, 0.003]",3000,0.04743931069970131,-0.20583797700369483,
42,T7,3240,-0.10099347907346146,0.10102769505587461,0.14855294267807656,0.0279445022746336,0.0929658482325061,-0.10247529954860829,0.09568239874680247,0.6646667718887329,0.2100820094347,0.03008473850786686,0.8747487664222717,0.9347132444381714,0.9641320109367371,4,3,7,"[0.6647, 0.2101, 0.0301, 0.0182, 0.0116, 0.0111, 0.0054, 0.0049, 0.0043, 0.0037]","[0.101, 0.101, 0.149, 0.367, 0.288, 0.142, 0.073, 0.322, 0.386, 0.605]",3000,0.050925176590681076,0.17843826777524505,
42,T8,3240,0.10761685374795575,0.09574296303171934,0.05820650505841596,-0.04940278576264056,-0.06592485606978152,0.06883386265180517,-0.011239921664289361,0.7567324042320251,0.09327371418476105,0.02835712768137455,0.850006103515625,0.9168311357498169,0.9529522657394409,4,4,10,"[0.7567, 0.0933, 0.0284, 0.0229, 0.0156, 0.0122, 0.0077, 0.006, 0.0053, 0.0049]","[0.108, 0.096, 0.058, 0.327, 0.301, 0.713, 0.453, 0.14, 0.201, 0.155]",3000,0.0650392696261406,-0.17492850193734752,
42,R0,3240,-0.19554435756092353,-0.0496980204521683,0.4041430429970869,0.02436873045612525,0.02154576489426999,-0.03164988258845948,-0.04978476399976917,0.8911363482475281,0.06053236871957779,0.012662114575505257,0.9516687393188477,0.9747765064239502,0.9855092167854309,5,2,2,"[0.8911, 0.0605, 0.0127, 0.0063, 0.0041, 0.0033, 0.0026, 0.0019, 0.0017, 0.0014]","[0.196, 0.05, 0.404, 0.241, 0.23, 0.194, 0.596, 0.54, 0.455, 0.333]",3000,0.055907391011714935,0.000831555893364047,
42,R1,3240,0.1549090488185816,-0.19816563450048638,-0.6454395737508706,0.08373159142727131,0.1299163613368593,-0.01050613365599849,0.11576532574267479,0.634484052658081,0.054036322981119156,0.04765310883522034,0.6885203719139099,0.7886490225791931,0.8696801662445068,4,15,37,"[0.6345, 0.054, 0.0477, 0.0274, 0.0251, 0.0214, 0.0199, 0.0172, 0.0124, 0.0102]","[0.155, 0.198, 0.645, 0.366, 0.455, 0.11, 0.199, 0.096, 0.016, 0.339]",3000,0.12949497997760773,-0.17433667648353504,
42,R2,3240,-0.030350968578849193,0.19792071012561416,-0.4668926173696352,-0.007321576875115749,-0.01813521597802203,0.08949530375773918,-0.08496376849744627,0.37370601296424866,0.19250096380710602,0.064067043364048,0.5662069916725159,0.7236902117729187,0.8098069429397583,2,29,75,"[0.3737, 0.1925, 0.0641, 0.0524, 0.041, 0.0282, 0.0193, 0.0143, 0.0135, 0.0108]","[0.03, 0.198, 0.467, 0.575, 0.039, 0.023, 0.053, 0.121, 0.23, 0.002]",3000,0.09918434917926788,-0.07573491821236653,
42,R3,3240,0.20224609681028682,0.23897738583091552,-0.4622253713760671,-0.06071073745165623,-0.045437833121621696,-0.08658659048848771,-0.1688456717690009,0.3868078291416168,0.16784332692623138,0.09777084738016129,0.554651141166687,0.7429578304290771,0.8382018804550171,2,20,49,"[0.3868, 0.1678, 0.0978, 0.0577, 0.0329, 0.0278, 0.0227, 0.019, 0.013, 0.0127]","[0.202, 0.239, 0.462, 0.183, 0.548, 0.297, 0.15, 0.203, 0.031, 0.016]",3000,0.33032870292663574,-0.1874501596458998,
42,R4,3240,-0.046491815574675625,0.05783945823406221,-0.06401132795165101,0.016221327615077323,-0.1360517293207195,0.049407776731379714,-0.14087459004452263,0.7209683060646057,0.05960393697023392,0.04646642506122589,0.780572235584259,0.8863248825073242,0.9371578097343445,3,6,14,"[0.721, 0.0596, 0.0465, 0.0387, 0.0206, 0.0144, 0.0135, 0.0094, 0.0075, 0.006]","[0.046, 0.058, 0.064, 0.136, 0.367, 0.479, 0.474, 0.013, 0.093, 0.167]",3000,0.14876766502857208,0.032510546264233164,
42,R5,3240,-0.15221664326373877,-0.1578199438857822,0.1599924921640499,0.010912864419154369,-0.10338923047782625,-0.07749990896927836,-0.03128386580005033,0.6675804853439331,0.1268070787191391,0.043996307998895645,0.7943875789642334,0.8844502568244934,0.9384803771972656,2,7,13,"[0.6676, 0.1268, 0.044, 0.0283, 0.0177, 0.0155, 0.0142, 0.0093, 0.0086, 0.0065]","[0.152, 0.158, 0.16, 0.151, 0.177, 0.313, 0.111, 0.727, 0.148, 0.235]",3000,0.06016281992197037,0.26559480586737444,
42,R6,3240,0.0456267071047904,-0.09442372225836851,-0.00330929173681932,-0.03094010218499474,0.11470259424455483,0.12708740856354442,0.009108068339627622,0.787834107875824,0.04850016534328461,0.04236629605293274,0.8363342881202698,0.9162161946296692,0.9498034715652466,2,5,11,"[0.7878, 0.0485, 0.0424, 0.0195, 0.018, 0.01, 0.0072, 0.0064, 0.0054, 0.0046]","[0.046, 0.094, 0.003, 0.412, 0.585, 0.297, 0.225, 0.016, 0.011, 0.199]",3000,0.15109989047050476,-0.20980234102265718,
42,R7,3240,0.4346195823272336,-0.7077377937445848,-0.0047210497005315205,-0.08704795644220122,-0.1271452857033366,0.10850607212337295,-0.27217954276806283,0.5330526828765869,0.14157068729400635,0.06224101409316063,0.6746233701705933,0.7860904335975647,0.8587331175804138,3,16,39,"[0.5331, 0.1416, 0.0622, 0.0284, 0.0208, 0.0192, 0.0161, 0.0148, 0.0117, 0.0109]","[0.435, 0.708, 0.005, 0.352, 0.205, 0.125, 0.203, 0.217, 0.026, 0.145]",3000,0.3922484517097473,-0.5981330237427722,
43,T0,3240,0.19136410972965986,0.06490670344074286,-0.010170267717194934,0.020111942687516666,0.10373768442463603,-0.01516634819984945,-0.014271684130974446,0.6719399690628052,0.19279247522354126,0.02033897303044796,0.8647324442863464,0.9145013689994812,0.9550755620002747,5,4,9,"[0.6719, 0.1928, 0.0203, 0.0151, 0.0143, 0.0114, 0.0104, 0.0088, 0.0056, 0.0045]","[0.191, 0.065, 0.01, 0.091, 0.163, 0.359, 0.318, 0.326, 0.556, 0.584]",3000,0.05548950657248497,-0.16286578223515955,
43,T1,3240,-0.6891873262896402,-0.10284725684082385,0.09702732078706783,-0.01616853718826418,-0.035599478300443486,-1.9515262101290587e-05,0.13544180803953995,0.2039891481399536,0.18933722376823425,0.09666988998651505,0.39332637190818787,0.5928519368171692,0.7228848338127136,2,49,121,"[0.204, 0.1893, 0.0967, 0.0564, 0.0465, 0.0364, 0.0329, 0.0238, 0.0193, 0.0176]","[0.689, 0.103, 0.097, 0.042, 0.373, 0.201, 0.082, 0.008, 0.032, 0.299]",3000,0.16480723023414612,0.6451873243763439,
43,T2,3240,0.09033817508504235,0.490127829033134,-0.1624449609104469,0.012687109565559315,0.032248243670954815,-0.04752888044673725,0.014550983355074107,0.22989927232265472,0.11978760361671448,0.0862400159239769,0.349686861038208,0.5383068323135376,0.672096848487854,1,72,172,"[0.2299, 0.1198, 0.0862, 0.0656, 0.0368, 0.0323, 0.0311, 0.0251, 0.0244, 0.021]","[0.09, 0.49, 0.162, 0.115, 0.01, 0.067, 0.233, 0.055, 0.141, 0.231]",3000,0.10932398587465286,-0.13330873701883614,
43,T3,3240,0.0077597201408629995,-0.020172026099637558,0.06614400552022331,-0.039097449459511026,-0.09792352972171625,0.0913692250088282,-0.0002661366255658751,0.49619555473327637,0.16997142136096954,0.08813740313053131,0.6661669611930847,0.8201265335083008,0.8926917910575867,4,11,26,"[0.4962, 0.17, 0.0881, 0.0359, 0.0299, 0.0199, 0.0161, 0.0145, 0.0114, 0.0107]","[0.008, 0.02, 0.066, 0.423, 0.406, 0.351, 0.154, 0.518, 0.034, 0.016]",3000,0.0504995733499527,0.01550003702272732,
43,T4,3240,0.5002239057226358,-0.6186052276865446,-0.2905016895256989,-0.0688469425828914,-0.04115240454933888,0.03920623937697969,-0.14448180797669352,0.17418557405471802,0.14896859228610992,0.11504115909337997,0.32315415143966675,0.553356945514679,0.6914989352226257,3,53,122,"[0.1742, 0.149, 0.115, 0.0701, 0.045, 0.0403, 0.0302, 0.0241, 0.0228, 0.0207]","[0.5, 0.619, 0.291, 0.389, 0.057, 0.276, 0.153, 0.054, 0.195, 0.127]",3000,0.14491796493530273,-0.4951223450507317,
43,T5,3240,0.22436685238505402,0.04450379572725532,-0.14648358392405397,-0.0070376059660657185,0.009036704734124974,0.06619891422409994,-0.0033335972627152963,0.5426962971687317,0.2329111546278,0.0562424510717392,0.7756074666976929,0.8785563111305237,0.9301018118858337,3,7,16,"[0.5427, 0.2329, 0.0562, 0.0255, 0.0212, 0.0148, 0.0114, 0.011, 0.0083, 0.006]","[0.224, 0.045, 0.146, 0.396, 0.259, 0.311, 0.617, 0.208, 0.15, 0.069]",3000,0.055826686322689056,-0.2563341930664517,
43,T6,3240,0.23897429486453675,0.036168629359321504,-0.02064543113697925,-0.011498234215611318,-0.025628395862581012,0.11734013279270177,-0.026134316490166204,0.42168128490448,0.2367657572031021,0.10550978779792786,0.6584470272064209,0.8320088982582092,0.9051322340965271,2,10,23,"[0.4217, 0.2368, 0.1055, 0.0422, 0.0258, 0.0221, 0.0172, 0.0127, 0.0115, 0.0096]","[0.239, 0.036, 0.021, 0.146, 0.503, 0.266, 0.287, 0.589, 0.179, 0.036]",3000,0.04476482793688774,-0.2460490539000919,
43,T7,3240,-0.12244157035866525,0.11982545058162647,0.1662667409765032,0.013561742306043817,0.057230727696605734,-0.07986721427235369,0.04972854560076536,0.6449410915374756,0.2220946103334427,0.03207002207636833,0.8670356869697571,0.9302367568016052,0.9609412550926208,4,4,8,"[0.6449, 0.2221, 0.0321, 0.0186, 0.0126, 0.0113, 0.0056, 0.0052, 0.0047, 0.0039]","[0.122, 0.12, 0.166, 0.362, 0.287, 0.342, 0.077, 0.241, 0.535, 0.481]",3000,0.05194122716784477,0.21053329290154996,
43,T8,3240,0.09497312475009213,0.0923238612218714,0.037893074913742796,-0.04561018358709577,-0.06753655505296717,0.07433432074449689,-0.004724654918488744,0.7638512849807739,0.0919007882475853,0.026588210836052895,0.8557520508766174,0.9195687174797058,0.9548386931419373,4,4,9,"[0.7639, 0.0919, 0.0266, 0.0222, 0.015, 0.0117, 0.0077, 0.006, 0.005, 0.0048]","[0.095, 0.092, 0.038, 0.376, 0.398, 0.68, 0.486, 0.089, 0.207, 0.115]",3000,0.06552112847566605,-0.15214874162938222,
43,R0,3240,-0.2212882725740774,-0.03786053086768541,0.3911344645981458,0.01456243895984794,-0.005044974772312982,-0.025763381963013404,-0.08234770481910082,0.8943495154380798,0.05775653198361397,0.013284904882311821,0.9521060585975647,0.9749755859375,0.9856969118118286,5,2,2,"[0.8943, 0.0578, 0.0133, 0.0058, 0.0037, 0.0034, 0.0026, 0.0019, 0.0016, 0.0013]","[0.221, 0.038, 0.391, 0.238, 0.273, 0.143, 0.552, 0.534, 0.53, 0.315]",3000,0.05804424360394478,-0.011041187305142024,
43,R1,3240,0.22161618647059833,-0.16348080802499562,-0.6470994725981088,0.08562992005054978,0.1075590805745874,0.006749417600742285,0.010274998537761468,0.6252225041389465,0.054380711168050766,0.04872743412852287,0.6796032190322876,0.7841935753822327,0.8676250576972961,3,15,38,"[0.6252, 0.0544, 0.0487, 0.0291, 0.0268, 0.0226, 0.0208, 0.0167, 0.0126, 0.0107]","[0.222, 0.163, 0.647, 0.384, 0.35, 0.022, 0.268, 0.168, 0.003, 0.257]",3000,0.13754139840602875,-0.2981932424840008,
43,R2,3240,0.032698588331678796,0.16336662246794287,0.5123507567352552,0.013656330005413454,-0.002041613728224734,-0.10012489175523481,0.10893026102409843,0.3847920894622803,0.18877558410167694,0.06780993193387985,0.5735676884651184,0.7282108664512634,0.8109073638916016,2,29,74,"[0.3848, 0.1888, 0.0678, 0.0495, 0.0373, 0.0263, 0.0187, 0.0141, 0.0133, 0.0103]","[0.033, 0.163, 0.512, 0.509, 0.064, 0.055, 0.055, 0.206, 0.199, 0.067]",3000,0.10849951952695847,0.1505783073962803,
43,R3,3240,0.2200563594758663,0.23250504531647986,-0.46563824011876903,-0.04689157527066893,-0.04802607493655434,-0.07002465783306448,-0.1939467966438004,0.4110877215862274,0.15545816719532013,0.09267221391201019,0.5665459036827087,0.7455461025238037,0.8423018455505371,3,19,48,"[0.4111, 0.1555, 0.0927, 0.0549, 0.0314, 0.0297, 0.0224, 0.0184, 0.0139, 0.0124]","[0.22, 0.233, 0.466, 0.194, 0.563, 0.355, 0.155, 0.156, 0.067, 0.044]",3000,0.3308093547821045,-0.2751346762601772,
43,R4,3240,-0.0007692137361752914,0.06090915822154812,0.08824433309214358,0.030933716042954033,-0.09643859376318503,0.053112770215184055,-0.1456512120492787,0.7261589169502258,0.05973033234477043,0.044733595103025436,0.7858892679214478,0.8897636532783508,0.9392529129981995,2,6,13,"[0.7262, 0.0597, 0.0447, 0.0387, 0.0205, 0.0141, 0.013, 0.009, 0.0073, 0.006]","[0.001, 0.061, 0.088, 0.101, 0.27, 0.594, 0.357, 0.004, 0.058, 0.187]",3000,0.14961352944374084,-0.057770811096321005,
43,R5,3240,-0.14507928698106232,-0.14765749813717058,0.15919688958621353,0.006819710743990519,-0.11073084416098054,-0.08213494367266388,-0.026129617572411404,0.6610629558563232,0.13282328844070435,0.04401619732379913,0.7938862442970276,0.8831048607826233,0.9378894567489624,2,7,13,"[0.6611, 0.1328, 0.044, 0.0285, 0.0167, 0.0164, 0.0144, 0.0093, 0.0083, 0.0063]","[0.145, 0.148, 0.159, 0.177, 0.405, 0.198, 0.119, 0.711, 0.208, 0.115]",3000,0.060856323689222336,0.27824401363825924,
43,R6,3240,0.07853543053855865,0.00537886631492783,-0.07363309728087743,-0.04309604791829782,0.11778181578280839,0.10875079762196244,0.02610760207305086,0.7806580662727356,0.05548417568206787,0.04516804963350296,0.8361422419548035,0.9174819588661194,0.950634241104126,3,5,10,"[0.7807, 0.0555, 0.0452, 0.0184, 0.0178, 0.0098, 0.0068, 0.0061, 0.0059, 0.0045]","[0.079, 0.005, 0.074, 0.494, 0.491, 0.334, 0.185, 0.057, 0.009, 0.257]",3000,0.14830288290977478,-0.20256519202151824,
43,R7,3240,-0.439363487529356,0.6932176685461221,-0.03270967283663993,0.07927425201228859,0.11535352281908434,-0.10025722288007378,0.2707918087389673,0.547502875328064,0.13817048072814941,0.058504149317741394,0.6856733560562134,0.7922961711883545,0.8636729121208191,3,15,37,"[0.5475, 0.1382, 0.0585, 0.027, 0.0212, 0.0187, 0.0159, 0.014, 0.012, 0.0107]","[0.439, 0.693, 0.033, 0.359, 0.139, 0.096, 0.179, 0.249, 0.04, 0.134]",3000,0.4042748212814331,0.6285946983143147,
44,T0,3240,0.12280028034192249,0.05146165192377093,-0.03097971245639275,0.033415784638299154,0.1190045271422213,-0.010012851255963715,0.003814539193482072,0.6665357351303101,0.20486563444137573,0.018954528495669365,0.8714013695716858,0.9182516932487488,0.9572827219963074,5,4,9,"[0.6665, 0.2049, 0.019, 0.0145, 0.0134, 0.0108, 0.0099, 0.0085, 0.0055, 0.0044]","[0.123, 0.051, 0.031, 0.405, 0.108, 0.13, 0.482, 0.378, 0.574, 0.504]",3000,0.0552159920334816,-0.14376234299823523,
44,T1,3240,-0.6714811570823369,0.4442203432374128,0.07649470218497201,0.005412784335717415,-0.010429907901371563,-0.007004619424462823,0.15396388268455938,0.21287532150745392,0.16520917415618896,0.10861342400312424,0.3780844807624817,0.5858029723167419,0.7093443274497986,3,58,142,"[0.2129, 0.1652, 0.1086, 0.0562, 0.0429, 0.0326, 0.0304, 0.0224, 0.0204, 0.0178]","[0.671, 0.444, 0.076, 0.076, 0.309, 0.107, 0.044, 0.128, 0.166, 0.26]",3000,0.16954153776168823,0.6432509783319957,
44,T2,3240,-0.14637825539177118,0.49066803478771065,-0.12015388118448056,-0.003132361516799809,-0.025072259805841844,0.04112889043506178,0.013711812018808223,0.22893521189689636,0.11289145052433014,0.08101944625377655,0.3418266773223877,0.5201861262321472,0.6499953866004944,1,87,206,"[0.2289, 0.1129, 0.081, 0.061, 0.0363, 0.0319, 0.029, 0.025, 0.023, 0.021]","[0.146, 0.491, 0.12, 0.118, 0.071, 0.173, 0.146, 0.083, 0.164, 0.214]",3000,0.10435862094163895,0.18689710039616747,
44,T3,3240,-0.008679039208527235,-0.019503420443453958,0.0603049365045723,-0.04511465490779531,-0.0931696162373116,0.056786901977968825,-0.0035207020756098354,0.47045791149139404,0.17896178364753723,0.09027693420648575,0.6494196653366089,0.8092533946037292,0.8851976990699768,3,12,28,"[0.4705, 0.179, 0.0903, 0.0386, 0.0309, 0.02, 0.017, 0.0164, 0.0113, 0.0113]","[0.009, 0.02, 0.06, 0.556, 0.219, 0.462, 0.232, 0.477, 0.063, 0.015]",3000,0.051852863281965256,0.04339302197859415,
44,T4,3240,-0.272118100157395,-0.24040917372073975,-0.5949240349574761,0.022943470226985712,0.009211632951286288,0.04494410904803027,0.06423844959682232,0.1749524176120758,0.1436290740966797,0.11956095695495605,0.3185814917087555,0.5485998392105103,0.6789984703063965,2,62,146,"[0.175, 0.1436, 0.1196, 0.0687, 0.0417, 0.0342, 0.0296, 0.025, 0.0211, 0.0205]","[0.272, 0.24, 0.595, 0.501, 0.002, 0.281, 0.028, 0.034, 0.034, 0.246]",3000,0.10799814760684967,0.3151457722739569,
44,T5,3240,0.20258820925609908,0.045088134340037035,0.13076861744593335,0.000776593846172713,0.009509368155695088,0.06567612982291772,0.00577248814495399,0.5239419937133789,0.23826612532138824,0.057219259440898895,0.762208104133606,0.8681080937385559,0.9242209792137146,3,8,18,"[0.5239, 0.2383, 0.0572, 0.0271, 0.0216, 0.0157, 0.0127, 0.012, 0.0091, 0.0066]","[0.203, 0.045, 0.131, 0.439, 0.191, 0.514, 0.585, 0.05, 0.068, 0.105]",3000,0.055614642798900604,-0.22997943423271294,
44,T6,3240,0.24166478781847317,0.02042694684765717,0.02661963034058975,-0.0025825359699578917,-0.008869030802772928,0.10725091197575734,0.024413441354718124,0.4031258225440979,0.24422256648540497,0.10797969996929169,0.6473484039306641,0.8261257410049438,0.9008672833442688,3,10,25,"[0.4031, 0.2442, 0.108, 0.0435, 0.0273, 0.0214, 0.0181, 0.0135, 0.0115, 0.0102]","[0.242, 0.02, 0.027, 0.163, 0.497, 0.038, 0.304, 0.575, 0.192, 0.069]",3000,0.04409121349453926,-0.2373331115881176,
44,T7,3240,-0.10650806116659013,0.12076733501811332,0.15058079416420253,-0.0007359913239951606,0.03313301495307027,-0.05011786485989328,0.040757398967223565,0.6231074929237366,0.2416520118713379,0.031651392579078674,0.8647595047950745,0.928267776966095,0.959933876991272,4,4,8,"[0.6231, 0.2417, 0.0317, 0.0187, 0.0132, 0.0116, 0.0058, 0.0054, 0.0048, 0.0041]","[0.107, 0.121, 0.151, 0.358, 0.22, 0.447, 0.172, 0.171, 0.606, 0.374]",3000,0.05297372490167618,0.193102774626727,
44,T8,3240,0.01803490059022449,0.1031572781507584,0.01813380308663732,-0.04510756099602415,-0.07093196990835515,0.06909917660538897,-0.0016402474629233616,0.7518978714942932,0.09164995700120926,0.027226433157920837,0.8435478210449219,0.9104796051979065,0.9507838487625122,4,5,10,"[0.7519, 0.0916, 0.0272, 0.0238, 0.0159, 0.0136, 0.0093, 0.0067, 0.0055, 0.0053]","[0.018, 0.103, 0.018, 0.418, 0.455, 0.698, 0.389, 0.032, 0.128, 0.1]",3000,0.07292605191469193,-0.08269513962496315,
44,R0,3240,-0.20537844540493563,-0.06667565864047778,0.4254481467204691,0.019585411837761333,0.0071058494423929365,-0.0013233727690755482,-0.06533286776616284,0.8749452829360962,0.07451974600553513,0.014444195665419102,0.9494650363922119,0.9737862348556519,0.9848225712776184,5,2,3,"[0.8749, 0.0745, 0.0144, 0.006, 0.0039, 0.0035, 0.0028, 0.0018, 0.0016, 0.0013]","[0.205, 0.067, 0.425, 0.228, 0.191, 0.15, 0.483, 0.49, 0.496, 0.468]",3000,0.06328509002923965,-0.041119578182910024,
44,R1,3240,0.13898900926835922,-0.41856893839222603,-0.467158026380755,0.05402381445340768,0.11288144958092207,0.007490921906848911,0.051710097287822825,0.593985915184021,0.0579143762588501,0.05371200665831566,0.6519002914428711,0.7696375250816345,0.8620918393135071,3,17,42,"[0.594, 0.0579, 0.0537, 0.0365, 0.0275, 0.0259, 0.0238, 0.0189, 0.0129, 0.0109]","[0.139, 0.419, 0.467, 0.404, 0.245, 0.028, 0.284, 0.162, 0.148, 0.211]",3000,0.12125152349472046,-0.2492798499001392,
44,R2,3240,0.025572201570884648,0.19349923062296318,-0.5075771560594902,0.01774859409897221,0.044785144131615495,-0.12907247145150802,0.14334739828552662,0.3364165723323822,0.1906197965145111,0.07393104583024979,0.5270363688468933,0.7002805471420288,0.7864069938659668,3,38,98,"[0.3364, 0.1906, 0.0739, 0.0562, 0.0431, 0.0254, 0.0195, 0.0167, 0.0134, 0.0112]","[0.026, 0.193, 0.508, 0.47, 0.113, 0.028, 0.12, 0.374, 0.018, 0.034]",3000,0.109325110912323,0.09892729561899102,
44,R3,3240,0.24458295113807785,0.2565688369884739,-0.4875164703765133,-0.05097696622849982,-0.004924002311701956,-0.06490562388381689,-0.16277484648756915,0.4039994776248932,0.15772391855716705,0.09239304810762405,0.5617234110832214,0.7375808954238892,0.8341768383979797,2,21,53,"[0.404, 0.1577, 0.0924, 0.0514, 0.0321, 0.0283, 0.0231, 0.0186, 0.0138, 0.0128]","[0.245, 0.257, 0.488, 0.237, 0.515, 0.115, 0.075, 0.153, 0.06, 0.076]",3000,0.32862451672554016,-0.3700304438297466,
44,R4,3240,-0.0250048639493514,0.0722045524501647,-0.0909510909870854,0.004402480869629177,-0.15886547553914607,0.05690011019416026,-0.12512018365614258,0.7167216539382935,0.05868998169898987,0.049304354935884476,0.7754116058349609,0.8850536346435547,0.935932993888855,2,6,14,"[0.7167, 0.0587, 0.0493, 0.0389, 0.0215, 0.016, 0.0128, 0.0088, 0.0072, 0.006]","[0.025, 0.072, 0.091, 0.187, 0.498, 0.682, 0.126, 0.055, 0.059, 0.053]",3000,0.14965002238750458,0.057492987051531434,
44,R5,3240,-0.1925426364451417,-0.18956252897238937,0.3594713623880941,0.007266052779672789,-0.10948545752010795,-0.07792689502198542,0.004085662337497296,0.6071397662162781,0.13958221673965454,0.04202800244092941,0.7467219829559326,0.8530194163322449,0.9163910150527954,5,8,18,"[0.6071, 0.1396, 0.042, 0.0386, 0.0257, 0.0185, 0.0157, 0.0139, 0.009, 0.0063]","[0.193, 0.19, 0.359, 0.28, 0.491, 0.398, 0.407, 0.36, 0.127, 0.091]",3000,0.08514013141393661,0.3232330491291683,
44,R6,3240,0.13773008841798487,-0.048092827597926775,-0.3189308427369779,-0.048163590719754616,0.12040433982217642,0.09339160763676635,0.015429625195988379,0.7461719512939453,0.06697733700275421,0.046444665640592575,0.8131492733955383,0.9079723358154297,0.9430288076400757,2,5,12,"[0.7462, 0.067, 0.0464, 0.0276, 0.0208, 0.0102, 0.008, 0.0061, 0.006, 0.0048]","[0.138, 0.048, 0.319, 0.724, 0.208, 0.294, 0.181, 0.055, 0.012, 0.277]",3000,0.15608328580856323,-0.24628194148442922,
44,R7,3240,-0.41717802953248895,-0.6552680474698668,-0.07342233764357799,0.05082645185114877,0.0753806940304836,-0.05688525647793415,0.24417622597786307,0.5249053239822388,0.1477416455745697,0.056526921689510345,0.6726469993591309,0.7797251343727112,0.8523069024085999,3,17,44,"[0.5249, 0.1477, 0.0565, 0.0298, 0.0208, 0.0187, 0.0154, 0.0145, 0.0133, 0.0106]","[0.417, 0.655, 0.073, 0.406, 0.12, 0.104, 0.153, 0.113, 0.272, 0.085]",3000,0.40261703729629517,0.6731239516304112,
45,T0,3240,0.08345815465128388,0.06099493978349793,-0.027776916945366346,0.013450151926938922,0.11335501572418741,-0.016707209792628033,0.03863598686820419,0.6694908738136292,0.20014934241771698,0.019369326531887054,0.8696402311325073,0.916776180267334,0.9563384056091309,4,4,9,"[0.6695, 0.2001, 0.0194, 0.0143, 0.0135, 0.0111, 0.0104, 0.0083, 0.0054, 0.0044]","[0.083, 0.061, 0.028, 0.384, 0.111, 0.213, 0.245, 0.402, 0.587, 0.467]",3000,0.05447540432214737,-0.09016185936127945,
45,T1,3240,-0.6452807814494497,0.519718975187658,-0.08770837002461507,0.002157849045477525,-0.008301339478262197,-0.015429392446345877,0.1596872300556642,0.2193257212638855,0.15507772564888,0.11454715579748154,0.3744034469127655,0.5838065147399902,0.7045911550521851,2,60,147,"[0.2193, 0.1551, 0.1145, 0.0546, 0.0402, 0.0307, 0.0276, 0.023, 0.0213, 0.0181]","[0.645, 0.52, 0.088, 0.102, 0.281, 0.146, 0.068, 0.231, 0.016, 0.027]",3000,0.17918558418750763,0.6501478424648138,
45,T2,3240,-0.17495994143491797,0.4536938968191968,-0.11471720205464106,0.002202061834226373,-0.01666618135092955,0.04045587761238474,0.030504636507238038,0.21559704840183258,0.11632333695888519,0.08240526914596558,0.3319203853607178,0.5098761320114136,0.6405269503593445,3,92,216,"[0.2156, 0.1163, 0.0824, 0.0593, 0.0362, 0.0345, 0.0278, 0.025, 0.0224, 0.0209]","[0.175, 0.454, 0.115, 0.147, 0.077, 0.174, 0.198, 0.051, 0.303, 0.31]",3000,0.10791249573230743,0.21654619314452594,
45,T3,3240,-0.00371401703591273,-0.004433945834580732,0.051289851738449854,-0.041773488761777146,-0.0907208049672123,0.053456502952113634,-0.017956111021968944,0.45752400159835815,0.17754675447940826,0.09150446951389313,0.6350707411766052,0.8009175062179565,0.8811903595924377,3,13,30,"[0.4575, 0.1775, 0.0915, 0.042, 0.0324, 0.0212, 0.0179, 0.0171, 0.0124, 0.0117]","[0.004, 0.004, 0.051, 0.616, 0.165, 0.485, 0.199, 0.42, 0.085, 0.018]",3000,0.05707841366529465,0.020523430158725552,
45,T4,3240,-0.2072540592248885,0.2801435477309561,-0.5386071760941967,0.023655809749904944,0.007389988487459337,0.054152437772595506,0.02666305419628842,0.18503883481025696,0.1375311017036438,0.11983585357666016,0.32256993651390076,0.5491193532943726,0.6757993102073669,2,64,151,"[0.185, 0.1375, 0.1198, 0.0674, 0.0393, 0.0321, 0.0279, 0.0249, 0.0216, 0.0202]","[0.207, 0.28, 0.539, 0.549, 0.047, 0.213, 0.011, 0.162, 0.206, 0.006]",3000,0.10297273844480515,0.246506170157905,
45,T5,3240,0.20847508936873027,0.042940177315564945,0.13567790215626338,0.007116960425031884,0.004640904646962646,0.0710296009119338,-0.00805440092814362,0.505439817905426,0.2429485023021698,0.05783149227499962,0.7483882904052734,0.8585619330406189,0.9172859787940979,3,8,21,"[0.5054, 0.2429, 0.0578, 0.0288, 0.0235, 0.0157, 0.0136, 0.0129, 0.0095, 0.007]","[0.208, 0.043, 0.136, 0.477, 0.195, 0.591, 0.522, 0.021, 0.056, 0.142]",3000,0.055607665330171585,-0.2501835995808515,
45,T6,3240,0.2339833209404276,0.01733035032904715,-0.035928871303738404,-0.004536080240905892,-0.0008012728552793931,0.10568106066130459,0.03512854899803624,0.40607520937919617,0.23876918852329254,0.10685119777917862,0.6448444128036499,0.8227325081825256,0.8971891403198242,3,11,26,"[0.4061, 0.2388, 0.1069, 0.0435, 0.0275, 0.0206, 0.0184, 0.0136, 0.0115, 0.0103]","[0.234, 0.017, 0.036, 0.18, 0.483, 0.216, 0.312, 0.556, 0.19, 0.145]",3000,0.043941132724285126,-0.2386956435271003,
45,T7,3240,-0.1433022868936211,0.10439744296294474,-0.1465389233217741,-0.0009907034826076226,0.015707932220659165,-0.05317080151775187,0.020479009429120586,0.6114816069602966,0.24753248691558838,0.0329170860350132,0.859014093875885,0.9240942597389221,0.9575453400611877,3,4,9,"[0.6115, 0.2475, 0.0329, 0.0181, 0.0141, 0.0119, 0.0063, 0.0057, 0.0053, 0.0043]","[0.143, 0.104, 0.147, 0.367, 0.201, 0.453, 0.154, 0.131, 0.674, 0.249]",3000,0.053544167429208755,0.2250391514498387,
45,T8,3240,0.0010951178136865984,0.08920054155076401,-0.025950946836050173,-0.048462590306406914,-0.09070302716478153,0.07927719100991724,-0.001565730764812966,0.757531464099884,0.09230383485555649,0.025390563532710075,0.8498352766036987,0.912739098072052,0.9522595405578613,4,5,10,"[0.7575, 0.0923, 0.0254, 0.0221, 0.0154, 0.0131, 0.0091, 0.0067, 0.0055, 0.0051]","[0.001, 0.089, 0.026, 0.588, 0.563, 0.609, 0.354, 0.056, 0.195, 0.107]",3000,0.07551632076501846,-0.05971774201882618,
45,R0,3240,-0.1927058488393573,-0.07336518298867817,0.4827780306378595,0.01786040202831916,0.004515431314676223,0.00234827637705563,-0.07038467172692545,0.8759231567382812,0.07349401712417603,0.015247870236635208,0.9494171738624573,0.9739891886711121,0.9848601818084717,5,2,3,"[0.8759, 0.0735, 0.0152, 0.0057, 0.0037, 0.0034, 0.0028, 0.0018, 0.0016, 0.0013]","[0.193, 0.073, 0.483, 0.241, 0.168, 0.159, 0.488, 0.447, 0.608, 0.353]",3000,0.06636925041675568,-0.044590615758605665,
45,R1,3240,0.24905398819512128,-0.6194273995391667,0.28320538152513813,0.08891498420058497,0.11533304966562226,0.035816182431375604,-0.021799137832945393,0.5820477604866028,0.06921619921922684,0.05658430606126785,0.651263952255249,0.7724758982658386,0.8636861443519592,1,17,42,"[0.582, 0.0692, 0.0566, 0.0344, 0.0302, 0.0267, 0.023, 0.0182, 0.0125, 0.0109]","[0.249, 0.619, 0.283, 0.212, 0.119, 0.257, 0.28, 0.165, 0.194, 0.166]",3000,0.13329797983169556,-0.4677163329892984,
45,R2,3240,-0.0292695219569015,0.22994009134308155,0.6194752087366295,-0.011673494518672353,0.05413645592638215,-0.13560218456308673,0.1339535435025813,0.3389860689640045,0.17832747101783752,0.0768328532576561,0.517313539981842,0.6886906027793884,0.7811198234558105,2,40,101,"[0.339, 0.1783, 0.0768, 0.0551, 0.0395, 0.0293, 0.021, 0.0184, 0.0125, 0.0112]","[0.029, 0.23, 0.619, 0.328, 0.101, 0.066, 0.283, 0.234, 0.044, 0.07]",3000,0.11569365113973618,0.09074311561349595,
45,R3,3240,0.2957825732885592,0.29670049821704597,-0.5280849481332514,-0.07298294543652688,0.009796928006180938,-0.05733759095962519,-0.15941745184477102,0.4180198311805725,0.15161749720573425,0.08962301909923553,0.5696372985839844,0.7422773838043213,0.8387163877487183,3,20,51,"[0.418, 0.1516, 0.0896, 0.0489, 0.0341, 0.0281, 0.0221, 0.02, 0.0141, 0.0121]","[0.296, 0.297, 0.528, 0.281, 0.401, 0.364, 0.019, 0.141, 0.024, 0.058]",3000,0.3212099075317383,-0.45312458450167903,
45,R4,3240,0.045537857649996495,0.07266331494745507,-0.12034450291147013,0.028683220789434558,-0.12815621715799325,0.044882541324365165,-0.16478659744750093,0.723341166973114,0.055231671780347824,0.04832516983151436,0.7785728573799133,0.8875958323478699,0.9374392628669739,2,6,14,"[0.7233, 0.0552, 0.0483, 0.0387, 0.022, 0.0167, 0.0121, 0.0084, 0.0068, 0.0059]","[0.046, 0.073, 0.12, 0.099, 0.521, 0.656, 0.153, 0.077, 0.005, 0.082]",3000,0.15104825794696808,-0.0809991038805426,
45,R5,3240,-0.1825883989820756,-0.2013396155540297,0.3284565651442039,0.008546165295794427,-0.10724175228000249,-0.07311817705410376,-0.004597786237659725,0.5967629551887512,0.1389918327331543,0.04481690749526024,0.7357547879219055,0.8470123410224915,0.9116514921188354,4,9,19,"[0.5968, 0.139, 0.0448, 0.0385, 0.0279, 0.0194, 0.0153, 0.0141, 0.0089, 0.0069]","[0.183, 0.201, 0.328, 0.205, 0.481, 0.419, 0.478, 0.279, 0.147, 0.269]",3000,0.0878872200846672,0.29996133678357484,
45,R6,3240,0.1640833331282294,-0.003548809170001365,-0.3760145071846368,-0.04928992597643263,0.10371010532746279,0.07486378146431694,0.009254182487222502,0.7382858395576477,0.07260742783546448,0.04831991344690323,0.8108932971954346,0.9090601801872253,0.9432281255722046,4,5,12,"[0.7383, 0.0726, 0.0483, 0.0292, 0.0206, 0.0097, 0.0078, 0.0061, 0.0058, 0.0048]","[0.164, 0.004, 0.376, 0.718, 0.138, 0.32, 0.139, 0.114, 0.004, 0.314]",3000,0.1579536646604538,-0.22403459309102297,
45,R7,3240,-0.37623614625616353,0.6012734461197227,-0.09562447994539365,0.04213892770324417,0.08030143998220461,-0.06155310484914675,0.25948864415822825,0.5226154923439026,0.15030066668987274,0.05483122915029526,0.6729161739349365,0.7791566848754883,0.8532317876815796,3,17,43,"[0.5226, 0.1503, 0.0548, 0.0311, 0.0204, 0.0186, 0.0171, 0.015, 0.0131, 0.0102]","[0.376, 0.601, 0.096, 0.465, 0.02, 0.119, 0.114, 0.076, 0.274, 0.074]",3000,0.4046429991722107,0.6682860241492173,
46,T0,3240,0.029068714513282665,0.06456007761470435,0.015282152136048235,-0.007248192998367814,0.0974371315849491,-0.03848225192322821,0.051274051327257535,0.6683908700942993,0.19530679285526276,0.01962519809603691,0.8636976480484009,0.9118982553482056,0.9534648656845093,4,5,10,"[0.6684, 0.1953, 0.0196, 0.0145, 0.014, 0.0119, 0.0107, 0.0084, 0.0057, 0.0049]","[0.029, 0.065, 0.015, 0.238, 0.097, 0.315, 0.095, 0.458, 0.578, 0.348]",3000,0.05644875764846802,0.003926651432511965,
46,T1,3240,-0.6602287632240529,-0.5072394969158291,0.036940047609049544,0.007444209086927535,-0.006704610089278144,-0.011962946454749972,0.151725257026202,0.21538178622722626,0.15101006627082825,0.11872363090515137,0.3663918375968933,0.5773943066596985,0.6989881992340088,2,63,153,"[0.2154, 0.151, 0.1187, 0.0535, 0.0388, 0.0313, 0.0258, 0.0235, 0.023, 0.018]","[0.66, 0.507, 0.037, 0.122, 0.233, 0.201, 0.008, 0.189, 0.06, 0.014]",3000,0.1813814342021942,0.6448899090020663,
46,T2,3240,-0.18866949786846632,0.4378783789428283,-0.10727053751095106,0.001613737590526159,-0.013958856398352306,0.04027023403769423,0.03742413039075317,0.20283059775829315,0.11847259104251862,0.08231886476278305,0.32130318880081177,0.5004750490188599,0.6286643743515015,3,99,232,"[0.2028, 0.1185, 0.0823, 0.0586, 0.0383, 0.0346, 0.0262, 0.0243, 0.0222, 0.0208]","[0.189, 0.438, 0.107, 0.147, 0.062, 0.124, 0.194, 0.087, 0.395, 0.405]",3000,0.11454443633556366,0.22785998025761284,
46,T3,3240,0.05524069338585704,0.009496172000050226,0.09795815075871493,-0.039807240385482334,-0.08460121268313549,0.05174659052947437,-0.031552673006598794,0.43851733207702637,0.18066628277301788,0.0855240747332573,0.6191835999488831,0.7857658267021179,0.8728271126747131,2,14,34,"[0.4385, 0.1807, 0.0855, 0.0491, 0.0319, 0.0266, 0.0185, 0.0173, 0.0132, 0.0114]","[0.055, 0.009, 0.098, 0.685, 0.226, 0.352, 0.124, 0.041, 0.219, 0.08]",3000,0.07833937555551529,-0.050903362346685486,
46,T4,3240,-0.16079185961921866,0.362564278813483,-0.5450442532815877,0.0008938333844758329,-0.014835980059014568,0.06638650761095355,0.0035208058713589825,0.1904686540365219,0.1330558806657791,0.1134924590587616,0.323524534702301,0.5393732190132141,0.6673327684402466,3,68,162,"[0.1905, 0.1331, 0.1135, 0.0652, 0.0371, 0.0313, 0.0283, 0.0251, 0.024, 0.0193]","[0.161, 0.363, 0.545, 0.498, 0.115, 0.188, 0.022, 0.222, 0.117, 0.036]",3000,0.09656113386154175,0.20299120550067817,
46,T5,3240,0.20011230809431566,0.045298168556011285,0.1492015873293739,0.00373350350864021,0.006430165979871653,0.07186395184356549,-0.010113682639792195,0.48183685541152954,0.2451990842819214,0.060498859733343124,0.7270359396934509,0.8438988924026489,0.9067714810371399,3,10,25,"[0.4818, 0.2452, 0.0605, 0.0302, 0.0262, 0.0163, 0.0148, 0.014, 0.0102, 0.0075]","[0.2, 0.045, 0.149, 0.547, 0.136, 0.55, 0.471, 0.097, 0.085, 0.121]",3000,0.05666626617312431,-0.2434060159533393,
46,T6,3240,0.21548489322574904,0.009238731807167696,-0.029658721863903514,-0.003504566452194413,0.014324511051741828,0.08451874547583321,0.026810498225054005,0.40932580828666687,0.2287392020225525,0.10542035847902298,0.638064980506897,0.8144273161888123,0.8907351493835449,3,12,29,"[0.4093, 0.2287, 0.1054, 0.0431, 0.0278, 0.0214, 0.0187, 0.0142, 0.0119, 0.0101]","[0.215, 0.009, 0.03, 0.199, 0.455, 0.019, 0.425, 0.451, 0.114, 0.203]",3000,0.04458242282271385,-0.24315301927886046,
46,T7,3240,-0.12348408933901303,0.11069211101712124,0.14117394931847474,-0.009395052154140103,0.012023139112397342,-0.0572727472732009,0.04329686144844992,0.6039779782295227,0.2507551312446594,0.03342172130942345,0.8547331094741821,0.9206149578094482,0.9549478888511658,3,4,9,"[0.604, 0.2508, 0.0334, 0.0179, 0.0146, 0.0123, 0.0065, 0.0058, 0.0054, 0.0044]","[0.123, 0.111, 0.141, 0.366, 0.197, 0.334, 0.028, 0.007, 0.694, 0.242]",3000,0.052557364106178284,0.22646932456093688,
46,T8,3240,0.01744455529660624,0.11301646125247818,0.14983700489023802,-0.03596238350492626,-0.07120910939459937,0.07504087787566852,-0.01125198467552129,0.7581011652946472,0.0932832583785057,0.02339312992990017,0.8513844013214111,0.9125592112541199,0.9519093632698059,3,5,10,"[0.7581, 0.0933, 0.0234, 0.0223, 0.0155, 0.0127, 0.0092, 0.0067, 0.0055, 0.0053]","[0.017, 0.113, 0.15, 0.447, 0.666, 0.428, 0.147, 0.18, 0.127, 0.168]",3000,0.08868453651666641,-0.06036095698977196,
46,R0,3240,-0.04575424362944258,-0.06985067301020952,-0.5259309262224288,0.009116892752561067,-0.014269591304552638,-0.007104193101050394,-0.08905421857918588,0.8803222179412842,0.06884316354990005,0.015798596665263176,0.949165403842926,0.9736806750297546,0.9845128655433655,3,2,3,"[0.8803, 0.0688, 0.0158, 0.0053, 0.0034, 0.0033, 0.0028, 0.0018, 0.0017, 0.0013]","[0.046, 0.07, 0.526, 0.241, 0.19, 0.19, 0.512, 0.022, 0.693, 0.236]",3000,0.07392633706331253,-0.15818142188802542,
46,R1,3240,0.14853622307741793,-0.6517812373072498,-0.10627545453175323,0.0953044562789654,0.12122779785121061,0.04798478924229541,0.01574025126932349,0.5815871357917786,0.07516445964574814,0.06658151745796204,0.6567515730857849,0.7886985540390015,0.8703546524047852,1,15,39,"[0.5816, 0.0752, 0.0666, 0.0336, 0.0318, 0.0241, 0.0198, 0.0164, 0.0118, 0.0096]","[0.149, 0.652, 0.106, 0.019, 0.19, 0.26, 0.269, 0.149, 0.186, 0.193]",3000,0.13901640474796295,-0.3708636743153184,
46,R2,3240,-0.004014728400581966,0.18728141985346317,-0.6428115061995435,0.02002367943748947,-0.06225559355705828,0.12628655215033457,-0.11608222063160571,0.3535080850124359,0.1770540326833725,0.07517890632152557,0.5305621027946472,0.6942827105522156,0.7883018851280212,2,38,97,"[0.3535, 0.1771, 0.0752, 0.0516, 0.037, 0.0306, 0.0222, 0.018, 0.0125, 0.0107]","[0.004, 0.187, 0.643, 0.296, 0.107, 0.059, 0.317, 0.2, 0.031, 0.023]",3000,0.1161302700638771,-0.06455749800569974,
46,R3,3240,0.3221588735060594,0.2870633857105445,-0.5776393918821842,-0.0592608839141215,-0.013667472726829617,-0.04013932960234533,-0.17975583538573323,0.4388893246650696,0.16289512813091278,0.08281508833169937,0.6017844676971436,0.7590803503990173,0.8505157232284546,3,18,46,"[0.4389, 0.1629, 0.0828, 0.0418, 0.0327, 0.0263, 0.0212, 0.0193, 0.0137, 0.011]","[0.322, 0.287, 0.578, 0.276, 0.351, 0.29, 0.029, 0.12, 0.075, 0.052]",3000,0.3084663152694702,-0.42765618047707377,
46,R4,3240,0.05204507232513334,0.06829779406621767,0.10583505351561373,0.025759501563949617,-0.11050367229359648,0.048111653590224526,-0.17990259840887204,0.7292791604995728,0.053113676607608795,0.047579601407051086,0.7823928594589233,0.8899469971656799,0.9394155740737915,2,6,13,"[0.7293, 0.0531, 0.0476, 0.0374, 0.0225, 0.0175, 0.0114, 0.0082, 0.0068, 0.0055]","[0.052, 0.068, 0.106, 0.109, 0.619, 0.623, 0.13, 0.062, 0.02, 0.131]",3000,0.16366992890834808,-0.12264129892240264,
46,R5,3240,-0.1883648108923315,-0.221216579548638,-0.34544617424725005,0.010485093179133235,-0.10445513316494001,-0.07393464046166953,0.0021825845761256316,0.5986872911453247,0.14202626049518585,0.044356346130371094,0.7407135367393494,0.8499047756195068,0.9125739336013794,4,9,19,"[0.5987, 0.142, 0.0444, 0.0373, 0.0275, 0.0202, 0.0148, 0.0131, 0.0084, 0.0063]","[0.188, 0.221, 0.345, 0.162, 0.475, 0.402, 0.456, 0.239, 0.15, 0.267]",3000,0.09442484378814697,0.3059277929369645,
46,R6,3240,0.12209566987587044,0.028653589392620853,-0.42107347330788525,-0.043978508295865505,0.10579438383274017,0.09376296820661234,0.012641801104971583,0.7380406260490417,0.07882170379161835,0.04722381755709648,0.8168623447418213,0.9123836755752563,0.9447563886642456,4,5,12,"[0.738, 0.0788, 0.0472, 0.0292, 0.0191, 0.0091, 0.0069, 0.0063, 0.0054, 0.0045]","[0.122, 0.029, 0.421, 0.712, 0.065, 0.304, 0.165, 0.022, 0.132, 0.305]",3000,0.16470937430858612,-0.19340216260354193,
46,R7,3240,-0.35509861060937703,-0.5685741253022366,0.13553237742094035,0.03961872728519254,0.07012742456422696,-0.060995238125294164,0.23278428573160279,0.540038526058197,0.14608176052570343,0.05047919973731041,0.6861202716827393,0.7863832712173462,0.8596524000167847,3,16,41,"[0.54, 0.1461, 0.0505, 0.0298, 0.02, 0.0188, 0.0179, 0.0144, 0.0128, 0.0094]","[0.355, 0.569, 0.136, 0.478, 0.068, 0.132, 0.084, 0.042, 0.253, 0.101]",3000,0.40437051653862,0.6650525819994786,
47,T0,3240,0.00954605318466747,0.07311920239776595,-0.018092805438957128,-0.0029677502057849576,0.07445763302088568,-0.054122033281385123,0.055529551609236796,0.6728180050849915,0.1928650289773941,0.019933544099330902,0.8656830191612244,0.9138053059577942,0.955032467842102,3,4,9,"[0.6728, 0.1929, 0.0199, 0.0145, 0.0137, 0.0118, 0.011, 0.008, 0.0055, 0.0048]","[0.01, 0.073, 0.018, 0.136, 0.328, 0.164, 0.178, 0.543, 0.502, 0.264]",3000,0.05652798339724541,0.05170964913593158,
47,T1,3240,-0.6744509637834865,-0.3131665504349427,-0.02679970365326272,0.014444050099323322,-0.006029968033954954,0.002171334466889342,0.14719077540860254,0.20620249211788177,0.14658042788505554,0.1341329663991928,0.3527829051017761,0.5762182474136353,0.6988803148269653,3,61,150,"[0.2062, 0.1466, 0.1341, 0.0518, 0.0375, 0.032, 0.025, 0.0242, 0.0222, 0.0193]","[0.674, 0.313, 0.027, 0.109, 0.099, 0.322, 0.027, 0.153, 0.156, 0.007]",3000,0.16812020540237427,0.6340786661803853,
47,T2,3240,0.22445858577889274,0.4179055555632323,-0.1010056835088346,-0.003794514430721161,0.008622597905242599,-0.033080777322790626,-0.05435481509242816,0.1914231926202774,0.12575340270996094,0.07954804599285126,0.31717658042907715,0.49419164657592773,0.6243234276771545,3,99,232,"[0.1914, 0.1258, 0.0795, 0.0568, 0.0406, 0.0372, 0.0255, 0.0241, 0.0229, 0.0204]","[0.224, 0.418, 0.101, 0.183, 0.033, 0.018, 0.326, 0.045, 0.262, 0.389]",3000,0.12166440486907959,-0.26332064425047536,
47,T3,3240,0.05512429628240763,0.018153088185907957,0.13983606928165548,-0.03861881631519185,-0.08554016862875616,0.050819009231254646,-0.022310314588544922,0.4549085795879364,0.17663507163524628,0.0779728963971138,0.6315436363220215,0.7916975021362305,0.8776593804359436,2,14,34,"[0.4549, 0.1766, 0.078, 0.0491, 0.0331, 0.0268, 0.0181, 0.0176, 0.0125, 0.0109]","[0.055, 0.018, 0.14, 0.664, 0.341, 0.292, 0.085, 0.05, 0.219, 0.08]",3000,0.08211875706911087,-0.05329600178152735,
47,T4,3240,-0.03161747787774067,0.4241749159467965,-0.5723424961491302,-0.015127345156220284,-0.017661146842935637,0.0713450151405081,-0.06026583164714885,0.19740673899650574,0.13367411494255066,0.1143689975142479,0.3310808539390564,0.5462186336517334,0.6709960699081421,3,68,160,"[0.1974, 0.1337, 0.1144, 0.0623, 0.0384, 0.0301, 0.0278, 0.0261, 0.022, 0.0187]","[0.032, 0.424, 0.572, 0.487, 0.165, 0.125, 0.047, 0.071, 0.196, 0.012]",3000,0.08648931980133057,0.09863017981126923,
47,T5,3240,0.2271490451767016,0.09231604809331474,0.15295968760589473,0.011692351025390003,0.022640726652968287,0.059658688016960525,-0.012373467470403052,0.460116982460022,0.25150445103645325,0.0626646876335144,0.7116214036941528,0.8340334296226501,0.8984742164611816,2,11,29,"[0.4601, 0.2515, 0.0627, 0.0322, 0.0275, 0.0161, 0.0151, 0.0145, 0.0111, 0.0077]","[0.227, 0.092, 0.153, 0.575, 0.095, 0.548, 0.266, 0.018, 0.136, 0.062]",3000,0.05689508467912674,-0.25997395845641497,
47,T6,3240,0.1873197424259242,0.0032163127736270095,-0.01565177855140812,-0.0019664269527335508,0.015098514246489123,0.06621618140086509,0.015801962160078092,0.3847310245037079,0.22474029660224915,0.11412981152534485,0.609471321105957,0.8011486530303955,0.8797221779823303,3,13,33,"[0.3847, 0.2247, 0.1141, 0.0473, 0.0302, 0.0212, 0.0196, 0.0147, 0.0127, 0.0104]","[0.187, 0.003, 0.016, 0.194, 0.447, 0.42, 0.258, 0.434, 0.094, 0.239]",3000,0.04191896319389343,-0.2301790543546498,
47,T7,3240,-0.1272865047079905,0.11198197295056464,0.14011971595958014,-0.0006654320240116358,0.005229897779625633,-0.06317724784982402,0.050158104299952225,0.5994425415992737,0.2500061094760895,0.033744245767593384,0.8494486808776855,0.9161616563796997,0.951703667640686,4,4,10,"[0.5994, 0.25, 0.0337, 0.0178, 0.0151, 0.0121, 0.0069, 0.006, 0.0058, 0.0046]","[0.127, 0.112, 0.14, 0.37, 0.228, 0.387, 0.062, 0.382, 0.581, 0.235]",3000,0.053088318556547165,0.21591321246269,
47,T8,3240,0.000511265759312945,0.11131728093163058,-0.4382837199884743,-0.031011099776615307,-0.06907771339819013,0.07774840107303144,-0.001275502713041109,0.7553516626358032,0.09514659643173218,0.023294156417250633,0.8504982590675354,0.912102222442627,0.9516186714172363,3,5,10,"[0.7554, 0.0951, 0.0233, 0.0223, 0.0161, 0.0121, 0.0098, 0.0068, 0.0055, 0.0053]","[0.001, 0.111, 0.438, 0.035, 0.717, 0.37, 0.022, 0.212, 0.248, 0.158]",3000,0.09211999177932739,-0.03610178608513497,
47,R0,3240,-0.03613146753270147,-0.04797063082777189,-0.5264724430999769,0.00912719109647351,-0.019669748754203877,0.0008744201422266107,-0.069614561296887,0.8876297473907471,0.06280695647001266,0.016652477905154228,0.9504367113113403,0.9748925566673279,0.985249400138855,3,2,2,"[0.8876, 0.0628, 0.0167, 0.0047, 0.0031, 0.003, 0.0028, 0.002, 0.0015, 0.0011]","[0.036, 0.048, 0.526, 0.228, 0.054, 0.194, 0.436, 0.299, 0.711, 0.208]",3000,0.07473963499069214,-0.1548631977309997,
47,R1,3240,0.13227499983541344,-0.5947316969701543,-0.34810496718425155,0.11176231805143753,0.09307331158201353,0.12065543496513341,-0.06038106223331959,0.5659642815589905,0.084584079682827,0.07855670899152756,0.6505483388900757,0.7944821119308472,0.8739315867424011,2,15,38,"[0.566, 0.0846, 0.0786, 0.0334, 0.0319, 0.0235, 0.0185, 0.0167, 0.0115, 0.0092]","[0.132, 0.595, 0.348, 0.188, 0.048, 0.235, 0.236, 0.109, 0.206, 0.238]",3000,0.14616771042346954,-0.47167620514372477,
47,R2,3240,-0.01012594559685545,0.19654480475890793,-0.7078541765592152,0.02012955896730796,-0.06122513364681875,0.14531340199148626,-0.11516982570260535,0.36496904492378235,0.17128708958625793,0.07914763689041138,0.5362561345100403,0.7061256766319275,0.7971619963645935,1,34,89,"[0.365, 0.1713, 0.0791, 0.0512, 0.0395, 0.0293, 0.0224, 0.0163, 0.0129, 0.0101]","[0.01, 0.197, 0.708, 0.195, 0.004, 0.08, 0.288, 0.185, 0.028, 0.02]",3000,0.12598325312137604,-0.1420233779963295,
47,R3,3240,0.2209578639014831,0.28947832998634,0.6006009143351744,-0.03163525724010949,-0.021405408978551345,-0.042940616021420235,-0.13515721315332155,0.47421833872795105,0.1521463692188263,0.07500844448804855,0.6263647079467773,0.770460844039917,0.860578715801239,1,17,42,"[0.4742, 0.1521, 0.075, 0.0383, 0.0307, 0.0259, 0.0211, 0.0188, 0.0138, 0.0104]","[0.221, 0.289, 0.601, 0.269, 0.28, 0.295, 0.038, 0.16, 0.145, 0.009]",3000,0.29790207743644714,-0.25770035526137147,
47,R4,3240,0.08982518257622209,-0.03500007245730966,0.10258046777675275,0.02978833923667415,-0.0722606035412979,0.06849041525899402,-0.1665684882961494,0.7428551316261292,0.05024515837430954,0.046838656067848206,0.7931002974510193,0.8972722291946411,0.9431974291801453,2,6,12,"[0.7429, 0.0502, 0.0468, 0.0353, 0.0221, 0.0154, 0.0113, 0.0078, 0.0062, 0.0053]","[0.09, 0.035, 0.103, 0.137, 0.5, 0.671, 0.075, 0.075, 0.011, 0.065]",3000,0.15710823237895966,-0.1990174446860837,
47,R5,3240,-0.18908668591055183,-0.2222957278814827,-0.29847291941824733,0.010058743973642354,-0.10681027387560411,-0.07824340411919138,0.006426533268451221,0.6079344749450684,0.1372247189283371,0.0433911457657814,0.7451592087745667,0.8523141741752625,0.9146950244903564,4,8,19,"[0.6079, 0.1372, 0.0434, 0.0365, 0.0273, 0.0203, 0.0155, 0.0124, 0.0081, 0.0061]","[0.189, 0.222, 0.298, 0.016, 0.497, 0.41, 0.431, 0.198, 0.171, 0.308]",3000,0.09395580738782883,0.3228665208565281,
47,R6,3240,-0.12343060770229129,0.08298799266256364,-0.3941208034436564,0.029244133613489272,-0.1087048416922428,-0.09192778999000184,-0.007423195192307491,0.7348121404647827,0.08649010211229324,0.04763065278530121,0.8213022351264954,0.9141891598701477,0.9461231231689453,2,5,11,"[0.7348, 0.0865, 0.0476, 0.0271, 0.0182, 0.009, 0.007, 0.0063, 0.0051, 0.0046]","[0.123, 0.083, 0.394, 0.698, 0.0, 0.291, 0.153, 0.244, 0.082, 0.259]",3000,0.15967027842998505,0.20536892809587107,
47,R7,3240,-0.3784996405028909,-0.5716153947581826,0.1070908781662399,0.0440103156647821,0.06908792743756119,-0.07176693973940929,0.2205395963497312,0.5484837293624878,0.1441795974969864,0.04643695056438446,0.692663311958313,0.7891262769699097,0.8623113632202148,3,16,39,"[0.5485, 0.1442, 0.0464, 0.0295, 0.0205, 0.0197, 0.0179, 0.0139, 0.0128, 0.0089]","[0.378, 0.572, 0.107, 0.465, 0.077, 0.092, 0.097, 0.028, 0.271, 0.104]",3000,0.4059475064277649,0.6688014720716694,
48,T0,3240,0.14166622023632305,0.11338989514592401,0.07793127250288001,0.0030872266826709577,0.054205916539950966,-0.02801839773209685,0.049236055313753385,0.6395553350448608,0.22728125751018524,0.01814395748078823,0.8668366074562073,0.9129191040992737,0.9539046287536621,3,5,10,"[0.6396, 0.2273, 0.0181, 0.0144, 0.0135, 0.0116, 0.01, 0.0083, 0.0059, 0.0053]","[0.142, 0.113, 0.078, 0.366, 0.266, 0.084, 0.193, 0.528, 0.001, 0.465]",3000,0.06055222451686859,-0.03166217082086006,
48,T1,3240,-0.6792869173104868,-0.054367074686022136,-0.3657359634466812,0.023694457796676744,0.00620232984549345,-0.013603849701389994,0.14947077662069466,0.20064158737659454,0.14018797874450684,0.11901279538869858,0.3408295512199402,0.5476126670837402,0.6682716012001038,2,80,193,"[0.2006, 0.1402, 0.119, 0.0499, 0.0379, 0.0297, 0.0275, 0.023, 0.0212, 0.0192]","[0.679, 0.054, 0.366, 0.081, 0.059, 0.3, 0.128, 0.079, 0.046, 0.151]",3000,0.16783836483955383,0.6359984986669044,
48,T2,3240,-0.22674773805768295,0.40188411164106563,0.13017163207162813,0.0006081547415048782,-0.008236850494507607,0.03787243346763014,0.04952148818742965,0.18204806745052338,0.12453769892454147,0.07827750593423843,0.30658575892448425,0.48171812295913696,0.607294499874115,3,116,269,"[0.182, 0.1245, 0.0783, 0.0561, 0.0407, 0.0354, 0.0248, 0.0236, 0.0216, 0.0202]","[0.227, 0.402, 0.13, 0.151, 0.042, 0.004, 0.266, 0.093, 0.337, 0.405]",3000,0.11927884072065353,0.25746501877768424,
48,T3,3240,-0.09175206324142472,-0.0007562378699079785,-0.2029680177596017,0.03661046870369607,0.07943494947842807,-0.030995867282176646,0.046594099917862904,0.3931095004081726,0.21137523651123047,0.07256067544221878,0.6044847369194031,0.7720742225646973,0.8626521825790405,2,16,40,"[0.3931, 0.2114, 0.0726, 0.0592, 0.0358, 0.0287, 0.0197, 0.0168, 0.013, 0.0123]","[0.092, 0.001, 0.203, 0.649, 0.379, 0.128, 0.046, 0.173, 0.226, 0.06]",3000,0.09200751036405563,0.0918986059847081,
48,T4,3240,-0.007647916087611292,0.5148751625849227,-0.4683838583059438,-0.007764672268075441,-0.011902766341219326,0.06956858046956396,-0.05843027517790443,0.21840476989746094,0.11298280954360962,0.09228715300559998,0.33138757944107056,0.5199660062789917,0.6455934047698975,3,86,201,"[0.2184, 0.113, 0.0923, 0.0598, 0.0365, 0.0318, 0.0277, 0.0242, 0.0226, 0.0194]","[0.008, 0.515, 0.468, 0.466, 0.088, 0.255, 0.091, 0.01, 0.177, 0.027]",3000,0.07658450305461884,0.09544743380659673,
48,T5,3240,0.22153516948045943,0.09132087489735385,-0.15237008009881114,0.015273645396783504,0.026003477862307414,0.05819882404745176,-0.00772567546369827,0.4372998774051666,0.2515709698200226,0.06589712202548981,0.6888708472251892,0.8192829489707947,0.8873257040977478,2,12,33,"[0.4373, 0.2516, 0.0659, 0.0363, 0.0282, 0.0169, 0.0156, 0.0147, 0.0125, 0.0085]","[0.222, 0.091, 0.152, 0.602, 0.03, 0.565, 0.026, 0.218, 0.116, 0.045]",3000,0.05961950868368149,-0.25119263924752,
48,T6,3240,0.15815677860282146,-0.002870012488578015,0.004405690505938231,0.0003953307758311876,0.011834682459467484,0.05981208860708391,0.03628632787913684,0.3773599863052368,0.2145044505596161,0.11834748089313507,0.5918644666671753,0.7884641289710999,0.8700495362281799,4,15,37,"[0.3774, 0.2145, 0.1183, 0.0467, 0.0315, 0.0223, 0.019, 0.016, 0.0128, 0.0114]","[0.158, 0.003, 0.004, 0.17, 0.433, 0.468, 0.304, 0.405, 0.047, 0.219]",3000,0.04164152219891548,-0.18419830160065492,
48,T7,3240,-0.13948062012237036,0.12291195516360492,0.1065136414519837,0.003305472543257209,0.011243364738403228,-0.08054519670684777,0.030770869381849277,0.6055371165275574,0.2384253442287445,0.03368551656603813,0.8439624309539795,0.9123660922050476,0.949598491191864,5,5,11,"[0.6055, 0.2384, 0.0337, 0.0182, 0.0166, 0.0128, 0.0072, 0.0067, 0.0059, 0.0047]","[0.139, 0.123, 0.107, 0.063, 0.322, 0.307, 0.395, 0.446, 0.432, 0.207]",3000,0.05282896012067795,0.2080816150299658,
48,T8,3240,-0.07161718842215678,0.09316026850919551,-0.7593092044450882,-0.01782675704894755,-0.06696293781683675,0.06846061814460172,-0.016795895123045083,0.7242456078529358,0.0961199700832367,0.027936473488807678,0.8203655481338501,0.8926159143447876,0.9388056397438049,2,6,14,"[0.7242, 0.0961, 0.0279, 0.0229, 0.0214, 0.015, 0.0117, 0.0075, 0.0062, 0.0058]","[0.072, 0.093, 0.759, 0.099, 0.558, 0.016, 0.149, 0.152, 0.047, 0.091]",3000,0.12031416594982147,-0.0028573681736820127,
48,R0,3240,0.005018195978291523,-0.028960721462620218,-0.5536827795238063,0.007160488174508349,-0.037890520156783014,0.01828956833089673,-0.11798016920485502,0.8824981451034546,0.062415581196546555,0.015979068353772163,0.9449137449264526,0.9712146520614624,0.983795166015625,3,2,3,"[0.8825, 0.0624, 0.016, 0.0059, 0.0045, 0.0032, 0.0029, 0.0027, 0.002, 0.0018]","[0.005, 0.029, 0.554, 0.069, 0.253, 0.126, 0.21, 0.641, 0.573, 0.047]",3000,0.06406734883785248,-0.15678226855968247,
48,R1,3240,0.06529529826709173,-0.4683195451844284,-0.400197493195892,0.04940024688317214,0.10300760674320006,-0.04783760009491358,0.10492050368999196,0.5389236211776733,0.09258897602558136,0.07928984612226486,0.6315125823020935,0.7945429086685181,0.8668266534805298,3,16,43,"[0.5389, 0.0926, 0.0793, 0.0518, 0.0319, 0.0213, 0.0162, 0.0141, 0.0117, 0.009]","[0.065, 0.468, 0.4, 0.329, 0.111, 0.126, 0.159, 0.027, 0.172, 0.109]",3000,0.12443256378173828,-0.09509988601267316,
48,R2,3240,0.054682274656664365,0.13083191857165552,-0.7009495049071662,0.01682989142797652,-0.07206086883063273,0.08625250941896484,-0.115211720282168,0.342815637588501,0.16459281742572784,0.0754818394780159,0.5074084401130676,0.6795352697372437,0.7726259827613831,1,42,110,"[0.3428, 0.1646, 0.0755, 0.0542, 0.0424, 0.0286, 0.0226, 0.0164, 0.0144, 0.011]","[0.055, 0.131, 0.701, 0.193, 0.072, 0.078, 0.263, 0.191, 0.062, 0.022]",3000,0.12763524055480957,-0.11278184242772053,
48,R3,3240,0.2620146756198124,-0.2838353957450805,0.5838755357983223,-0.033679973725089074,0.0018563360651167875,0.007019485003360841,-0.12242002581337334,0.4839809536933899,0.15220090746879578,0.07100297510623932,0.6361818313598633,0.7746570110321045,0.8636519908905029,2,16,41,"[0.484, 0.1522, 0.071, 0.0363, 0.0311, 0.0243, 0.0222, 0.018, 0.0132, 0.0113]","[0.262, 0.284, 0.584, 0.318, 0.193, 0.097, 0.201, 0.159, 0.083, 0.055]",3000,0.2957759499549866,-0.38443419381266286,
48,R4,3240,0.10783333345597204,0.06728898504838626,0.13502752529728881,0.003064230707445051,-0.030068066658417845,0.135783617331648,-0.13210182523380645,0.751239538192749,0.0617966502904892,0.039421603083610535,0.8130362033843994,0.9041373133659363,0.9467517137527466,2,5,11,"[0.7512, 0.0618, 0.0394, 0.0309, 0.0207, 0.0144, 0.0099, 0.0075, 0.0056, 0.0052]","[0.108, 0.067, 0.135, 0.152, 0.581, 0.67, 0.034, 0.069, 0.03, 0.043]",3000,0.15404579043388367,-0.2968773705906055,
48,R5,3240,-0.1540506901115639,-0.2521266922639313,-0.38709172319133855,0.01641424640465497,-0.11016836947116793,-0.06455311055351032,-0.010465744847291859,0.5603427290916443,0.1395069807767868,0.05917419120669365,0.6998497247695923,0.8244277238845825,0.8943763971328735,4,11,25,"[0.5603, 0.1395, 0.0592, 0.0343, 0.0311, 0.0248, 0.0157, 0.0129, 0.0093, 0.0073]","[0.154, 0.252, 0.387, 0.5, 0.338, 0.275, 0.454, 0.191, 0.139, 0.087]",3000,0.1296614110469818,0.2583229273689367,
48,R6,3240,0.20517141148776782,0.09602322862345701,-0.6475442188508994,0.021402587311648045,-0.09933509429803859,-0.011246814371859707,-0.14578581343470268,0.6990399956703186,0.09495311230421066,0.04128419607877731,0.7939931154251099,0.8954979777336121,0.9342091679573059,2,6,14,"[0.699, 0.095, 0.0413, 0.0383, 0.0219, 0.0116, 0.0086, 0.0072, 0.0061, 0.0052]","[0.205, 0.096, 0.648, 0.642, 0.144, 0.225, 0.237, 0.067, 0.041, 0.286]",3000,0.19315779209136963,-0.29022684166784485,
48,R7,3240,-0.4251707296742594,-0.5440376061259747,0.11641701571539124,0.03256325828547563,0.05801880095740505,-0.04775513254451263,0.19691205099052464,0.5049771070480347,0.15409274399280548,0.046824079006910324,0.659069836139679,0.7621498107910156,0.8416650295257568,3,20,50,"[0.505, 0.1541, 0.0468, 0.0314, 0.0249, 0.0198, 0.0185, 0.0159, 0.0144, 0.0108]","[0.425, 0.544, 0.116, 0.466, 0.134, 0.032, 0.037, 0.272, 0.113, 0.197]",3000,0.40655696392059326,0.6645264925197086,
49,T0,3240,0.2798045246980662,0.11166918983951299,-0.005547018255207667,0.028495340781987937,0.09101124403381652,-0.025816365854145956,0.043662177094095846,0.6267579793930054,0.22865408658981323,0.018427370116114616,0.8554120659828186,0.9049883484840393,0.9493581652641296,3,5,11,"[0.6268, 0.2287, 0.0184, 0.0161, 0.0151, 0.0125, 0.0098, 0.0094, 0.0068, 0.0058]","[0.28, 0.112, 0.006, 0.26, 0.456, 0.114, 0.606, 0.454, 0.162, 0.248]",3000,0.06586647778749466,-0.18943254240600924,
49,T1,3240,-0.6728058065985457,-0.05845239894585645,0.41359969461914686,0.02195541925411736,0.0022570692171536774,-0.010419515765162781,0.14922504884741825,0.19790928065776825,0.14657551050186157,0.11564615368843079,0.344484806060791,0.5477380156517029,0.6698570251464844,2,78,189,"[0.1979, 0.1466, 0.1156, 0.0491, 0.0386, 0.0318, 0.028, 0.0232, 0.0209, 0.0182]","[0.673, 0.058, 0.414, 0.092, 0.024, 0.293, 0.186, 0.162, 0.055, 0.135]",3000,0.16262684762477875,0.6298381373743837,
49,T2,3240,-0.20152750558367336,0.41618063591625387,0.12638187236426038,-0.0033900800678663963,-0.009001374756509223,0.03661711662056572,0.044803071838217946,0.18323183059692383,0.1299627721309662,0.0774703398346901,0.31319460272789,0.48577356338500977,0.6097379326820374,4,114,266,"[0.1832, 0.13, 0.0775, 0.0542, 0.0409, 0.035, 0.0243, 0.0234, 0.0214, 0.0198]","[0.202, 0.416, 0.126, 0.138, 0.023, 0.026, 0.301, 0.107, 0.358, 0.301]",3000,0.12267056107521057,0.24405181515335547,
49,T3,3240,-0.0738423105910052,0.011707168306078115,0.23801377291227044,0.035251040690939796,0.0778888227669765,-0.03430586909118903,0.044132501559312115,0.39088571071624756,0.2070433497428894,0.07561191916465759,0.597929060459137,0.768661379814148,0.8616394996643066,2,16,41,"[0.3909, 0.207, 0.0756, 0.0596, 0.0355, 0.0283, 0.0207, 0.0177, 0.0134, 0.0129]","[0.074, 0.012, 0.238, 0.618, 0.392, 0.063, 0.059, 0.183, 0.089, 0.215]",3000,0.09384076297283173,0.07848108369311808,
49,T4,3240,-7.64326997093779e-05,0.5292324577779314,-0.4281743064232695,0.007542777181421004,0.007489023988208203,-0.06480301205051715,0.05480573843489522,0.21158726513385773,0.11592785269021988,0.09206610918045044,0.3275151252746582,0.5147328972816467,0.6462096571922302,3,85,202,"[0.2116, 0.1159, 0.0921, 0.0595, 0.0356, 0.033, 0.0277, 0.025, 0.0245, 0.0213]","[0.0, 0.529, 0.428, 0.427, 0.064, 0.291, 0.102, 0.024, 0.035, 0.182]",3000,0.082956463098526,-0.09801773906022183,
49,T5,3240,0.21367552066116144,0.08141452469034509,-0.16617678744444253,0.026452520291331872,0.02883348728398128,0.06092721246220663,-0.022347268035678398,0.40882745385169983,0.2516045570373535,0.0676506981253624,0.660431981086731,0.800338089466095,0.874038577079773,2,15,39,"[0.4088, 0.2516, 0.0677, 0.0417, 0.0306, 0.0191, 0.0172, 0.0153, 0.0132, 0.009]","[0.214, 0.081, 0.166, 0.622, 0.013, 0.515, 0.218, 0.128, 0.074, 0.113]",3000,0.06496663391590118,-0.2888420650972576,
49,T6,3240,0.17485625481609904,0.0020093838285785677,0.010833533701067086,-0.006061061095427092,0.018207394500076985,0.04828903750542891,0.040920853481980775,0.35206687450408936,0.2233911007642746,0.12087046355009079,0.5754579901695251,0.7747472524642944,0.8612720370292664,3,16,41,"[0.3521, 0.2234, 0.1209, 0.0461, 0.0323, 0.0231, 0.0202, 0.017, 0.0143, 0.0118]","[0.175, 0.002, 0.011, 0.203, 0.552, 0.412, 0.005, 0.356, 0.064, 0.166]",3000,0.04336410015821457,-0.19456493636228014,
49,T7,3240,-0.11286417085762769,0.12636416191694347,-0.06022984847016699,-0.01726295144629973,0.005301308959294967,-0.0787728172241564,0.05206497491307665,0.5880381464958191,0.2408677339553833,0.03798869997262955,0.8289058804512024,0.9028658270835876,0.9435136914253235,4,5,12,"[0.588, 0.2409, 0.038, 0.0188, 0.0172, 0.0128, 0.0093, 0.0071, 0.0064, 0.005]","[0.113, 0.126, 0.06, 0.242, 0.334, 0.391, 0.537, 0.289, 0.363, 0.159]",3000,0.05493787303566933,0.21118105954050156,
49,T8,3240,-0.01765190376913178,0.08604968136937852,-0.7232603585695041,0.008382803949126267,0.06173133124915491,-0.0969411998845197,0.06097812135291819,0.6991811990737915,0.10322467237710953,0.03251955285668373,0.8024058938026428,0.8832377791404724,0.9332560896873474,2,7,15,"[0.6992, 0.1032, 0.0325, 0.0258, 0.0225, 0.0156, 0.0125, 0.0091, 0.0068, 0.006]","[0.018, 0.086, 0.723, 0.159, 0.602, 0.02, 0.209, 0.099, 0.039, 0.008]",3000,0.12416425347328186,0.17724976385288402,
49,R0,3240,0.012755878029980038,0.026241189397569403,-0.46825737107562637,0.006202371251639171,-0.04997470811520824,0.03169177186134526,-0.13844727673903304,0.8794786930084229,0.0627908855676651,0.01752845011651516,0.9422695636749268,0.9694806337356567,0.9830578565597534,5,2,3,"[0.8795, 0.0628, 0.0175, 0.0052, 0.0045, 0.0036, 0.003, 0.0029, 0.0023, 0.0019]","[0.013, 0.026, 0.468, 0.049, 0.236, 0.42, 0.104, 0.447, 0.354, 0.3]",3000,0.06681673973798752,-0.19387078792990345,
49,R1,3240,0.13593851462572062,-0.4600749657191107,-0.36926737356309947,0.014325158016825983,0.09601436311706764,-0.0848362554031012,0.14995931723649622,0.557468593120575,0.09248260408639908,0.07524935901165009,0.6499512195587158,0.8098787069320679,0.8779389262199402,3,14,38,"[0.5575, 0.0925, 0.0752, 0.0509, 0.0338, 0.0208, 0.0149, 0.013, 0.0111, 0.0082]","[0.136, 0.46, 0.369, 0.368, 0.13, 0.272, 0.136, 0.06, 0.155, 0.143]",3000,0.12260235846042633,-0.057743639727152185,
49,R2,3240,0.019667938294453513,-0.07922895462177153,-0.6459653849515222,-0.0027833408622163153,-0.05461259172821892,0.15493871492158245,-0.14790033179935597,0.3753771483898163,0.1524626612663269,0.07615083456039429,0.5278397798538208,0.69980788230896,0.7867082953453064,1,38,100,"[0.3754, 0.1525, 0.0762, 0.052, 0.0438, 0.0282, 0.0198, 0.0151, 0.0134, 0.0105]","[0.02, 0.079, 0.646, 0.294, 0.084, 0.086, 0.243, 0.184, 0.023, 0.078]",3000,0.11552805453538895,-0.22838549746644632,
49,R3,3240,0.2599385813525932,-0.27625473687162727,-0.5855421120974248,-0.033684665136632895,0.016692780400334804,0.026470350852736007,-0.11351897381461011,0.5038317441940308,0.1496608853340149,0.06425587087869644,0.6534926295280457,0.7792456746101379,0.8686412572860718,1,15,39,"[0.5038, 0.1497, 0.0643, 0.0335, 0.028, 0.0249, 0.0225, 0.017, 0.0138, 0.0111]","[0.26, 0.276, 0.586, 0.274, 0.218, 0.183, 0.193, 0.196, 0.065, 0.037]",3000,0.28679805994033813,-0.40404601202546586,
49,R4,3240,-0.1943330725040815,-0.007674426909014451,0.16946418259832463,-0.012626705766885014,-0.003052812695951786,-0.12667167814276048,0.13432479065903172,0.7666211128234863,0.05816370248794556,0.03369095176458359,0.8247848153114319,0.9107117056846619,0.9501874446868896,2,5,10,"[0.7666, 0.0582, 0.0337, 0.0306, 0.0216, 0.0129, 0.009, 0.0071, 0.0055, 0.0049]","[0.194, 0.008, 0.169, 0.019, 0.529, 0.689, 0.018, 0.11, 0.066, 0.028]",3000,0.15683382749557495,0.457249656433786,
49,R5,3240,-0.14600098922199806,-0.24236274929308044,0.37918415888898355,0.02277195005206788,-0.10925213712645225,-0.046827712276589356,-0.017745563504141987,0.5707865357398987,0.13068903982639313,0.0640433207154274,0.7014755606651306,0.830219030380249,0.8983377814292908,3,11,24,"[0.5708, 0.1307, 0.064, 0.0344, 0.0303, 0.0236, 0.0161, 0.012, 0.0091, 0.0073]","[0.146, 0.242, 0.379, 0.524, 0.155, 0.237, 0.461, 0.183, 0.162, 0.118]",3000,0.1341474950313568,0.21425470611478573,
49,R6,3240,0.18978857536074972,0.12025743159029453,-0.6182112347578383,0.03609007076090162,-0.11926890556049337,-0.011694331680212578,-0.17940340138677405,0.6845155954360962,0.10418993979692459,0.04148710519075394,0.7887055277824402,0.8928046822547913,0.9323741793632507,2,6,15,"[0.6845, 0.1042, 0.0415, 0.0407, 0.022, 0.0116, 0.009, 0.0069, 0.0069, 0.0051]","[0.19, 0.12, 0.618, 0.692, 0.169, 0.204, 0.208, 0.079, 0.053, 0.285]",3000,0.19425155222415924,-0.314151039117833,
49,R7,3240,-0.4209069242949918,-0.520903993379479,0.12050254877062651,0.050287229828129346,0.06329598697958783,-0.024360937559923804,0.16819452853903002,0.5029826760292053,0.15920071303844452,0.04893144965171814,0.662183403968811,0.7679755687713623,0.845628559589386,3,19,47,"[0.503, 0.1592, 0.0489, 0.0316, 0.0252, 0.0192, 0.0175, 0.0157, 0.0144, 0.0108]","[0.421, 0.521, 0.121, 0.484, 0.094, 0.032, 0.004, 0.258, 0.091, 0.203]",3000,0.4054886996746063,0.6107866427516278,
50,T0,3240,0.3741172212432549,0.09539964932577398,-0.07129146476021485,0.07174986057922882,0.10364845671000997,0.016800695197067565,0.025837551473495996,0.6357377767562866,0.22180157899856567,0.018245283514261246,0.8575393557548523,0.9070352911949158,0.9502639770507812,3,5,10,"[0.6357, 0.2218, 0.0182, 0.0163, 0.015, 0.0125, 0.0094, 0.0086, 0.0069, 0.0058]","[0.374, 0.095, 0.071, 0.066, 0.527, 0.022, 0.628, 0.241, 0.156, 0.219]",3000,0.06516699492931366,-0.2885442273425985,
50,T1,3240,-0.6508565963760454,0.06220076823917711,-0.4683332817977608,0.022548613463109334,0.010811521982709004,-0.017455807500869634,0.15069078538212033,0.19933295249938965,0.1532161980867386,0.11484371870756149,0.35254913568496704,0.5575941205024719,0.68150395154953,2,72,179,"[0.1993, 0.1532, 0.1148, 0.048, 0.0422, 0.0332, 0.0284, 0.0239, 0.0211, 0.0173]","[0.651, 0.062, 0.468, 0.109, 0.004, 0.264, 0.271, 0.202, 0.002, 0.173]",3000,0.15184125304222107,0.6210014959356503,
50,T2,3240,-0.21270129393873555,0.39209759456618737,-0.1289984891992401,-0.0009510782002655894,-0.007828153751550436,0.033547604533296936,0.053351159943226464,0.1859123855829239,0.13289795815944672,0.07639626413583755,0.3188103437423706,0.49002403020858765,0.6165178418159485,3,108,254,"[0.1859, 0.1329, 0.0764, 0.0535, 0.0413, 0.037, 0.0246, 0.0236, 0.0212, 0.0201]","[0.213, 0.392, 0.129, 0.146, 0.029, 0.047, 0.369, 0.046, 0.335, 0.197]",3000,0.1142241582274437,0.259711738420316,
50,T3,3240,-0.0498825028127408,-0.0026345466947446917,0.11019052139607663,0.03367319149304417,0.0755854196188417,-0.031264697151025214,0.036260125936513225,0.3916788399219513,0.20565380156040192,0.07624930143356323,0.5973326563835144,0.7661742568016052,0.8622035980224609,2,16,41,"[0.3917, 0.2057, 0.0762, 0.0587, 0.0338, 0.0286, 0.0211, 0.0196, 0.0145, 0.0122]","[0.05, 0.003, 0.11, 0.643, 0.384, 0.154, 0.169, 0.011, 0.046, 0.228]",3000,0.08577632904052734,0.0514738350862313,
50,T4,3240,0.02328148525053788,-0.4876530797590175,0.45102102054097504,0.00588596961833142,0.005053670237478497,-0.06137706432318141,0.044471781740157874,0.2204132080078125,0.1124592050909996,0.09315895289182663,0.3328724205493927,0.5198456645011902,0.6575433015823364,4,81,194,"[0.2204, 0.1125, 0.0932, 0.0559, 0.0379, 0.036, 0.0294, 0.0264, 0.0239, 0.0221]","[0.023, 0.488, 0.451, 0.369, 0.01, 0.373, 0.023, 0.084, 0.09, 0.155]",3000,0.07889649271965027,-0.1290076062044916,
50,T5,3240,0.21848447506354898,0.09424119672521752,0.26033720614409467,0.0252702810860043,0.024368052510024593,0.06025025897993387,-0.026287149245842793,0.3877367377281189,0.22709831595420837,0.07166043668985367,0.6148350238800049,0.7734959125518799,0.8527213931083679,2,18,49,"[0.3877, 0.2271, 0.0717, 0.0549, 0.0321, 0.0234, 0.0187, 0.0138, 0.0135, 0.0097]","[0.218, 0.094, 0.26, 0.626, 0.024, 0.463, 0.161, 0.123, 0.124, 0.017]",3000,0.0728931650519371,-0.2845217131691558,
50,T6,3240,0.17105890847493924,0.005659544175202786,0.01673640102141893,-0.0023884613700581904,0.021716679052046186,0.04355677775887357,0.049535143824412764,0.342533677816391,0.22584058344364166,0.11901256442070007,0.5683742761611938,0.7656282186508179,0.853745698928833,3,18,45,"[0.3425, 0.2258, 0.119, 0.0449, 0.0333, 0.0229, 0.0208, 0.0176, 0.0151, 0.0117]","[0.171, 0.006, 0.017, 0.183, 0.594, 0.338, 0.087, 0.369, 0.04, 0.118]",3000,0.04510245844721794,-0.17534979325093267,
50,T7,3240,-0.12026012988386832,0.13156813182797403,-0.02307719763338413,-0.025894600896845494,-0.003036659824299563,-0.08573331665511637,0.0846003850902114,0.5971166491508484,0.23119184374809265,0.03575340658426285,0.8283084630966187,0.8993754386901855,0.9413443207740784,4,6,13,"[0.5971, 0.2312, 0.0358, 0.0187, 0.0166, 0.0143, 0.0095, 0.0069, 0.0064, 0.005]","[0.12, 0.132, 0.023, 0.513, 0.247, 0.404, 0.544, 0.392, 0.254, 0.085]",3000,0.05956687405705452,0.26329510393135275,
50,T8,3240,0.003172841678745717,0.09522551187710343,-0.7609390113883984,-0.013169862718905249,0.054868461702596086,-0.11004104228382806,0.11605826015448169,0.6754925847053528,0.10549183189868927,0.03672143071889877,0.7809844017028809,0.8738280534744263,0.9268786311149597,1,7,17,"[0.6755, 0.1055, 0.0367, 0.0291, 0.027, 0.0159, 0.0132, 0.0093, 0.0075, 0.0071]","[0.003, 0.095, 0.761, 0.118, 0.258, 0.031, 0.208, 0.089, 0.156, 0.092]",3000,0.1336624175310135,0.24763399486556975,
50,R0,3240,-0.05419029757187714,0.02159618491953726,-0.4453519895510576,0.017090642353622464,-0.06471294556243014,0.03472895990549615,-0.1456913550809765,0.8740541338920593,0.058770496398210526,0.017940716817975044,0.9328246116638184,0.9660985469818115,0.9813677668571472,4,2,3,"[0.8741, 0.0588, 0.0179, 0.0099, 0.0055, 0.0046, 0.0032, 0.0029, 0.0025, 0.0022]","[0.054, 0.022, 0.445, 0.079, 0.454, 0.432, 0.079, 0.296, 0.145, 0.386]",3000,0.07000262290239334,-0.1154548491208502,
50,R1,3240,0.06823388964214727,-0.452287337065728,-0.1721639200312275,-0.014072897080378607,0.09216729653157982,-0.08580582221233933,0.16856949940671298,0.6038959622383118,0.08566594868898392,0.06831792742013931,0.6895619034767151,0.8373205661773682,0.8970550894737244,3,11,31,"[0.6039, 0.0857, 0.0683, 0.0486, 0.0308, 0.0191, 0.0127, 0.0113, 0.0093, 0.0074]","[0.068, 0.452, 0.172, 0.498, 0.207, 0.303, 0.114, 0.077, 0.088, 0.162]",3000,0.11406729370355606,0.07418051380070874,
50,R2,3240,0.21881055253010442,-0.07167810452556371,-0.5653802628150053,-0.0021968347386054155,-0.02460224017450103,0.12614432397766648,-0.22479456897723119,0.44074830412864685,0.12104649841785431,0.08293282240629196,0.5617948174476624,0.7427431344985962,0.8175534009933472,1,29,80,"[0.4407, 0.121, 0.0829, 0.053, 0.045, 0.0248, 0.0155, 0.013, 0.0119, 0.0097]","[0.219, 0.072, 0.565, 0.241, 0.292, 0.115, 0.155, 0.164, 0.154, 0.204]",3000,0.12119270861148834,-0.4983752277207675,
50,R3,3240,0.28155710158446723,0.25516575904405503,-0.5700285262435197,0.018212383599902546,-0.020196787052267812,0.028692050387195106,-0.154512487561817,0.5404219031333923,0.15595541894435883,0.04804186150431633,0.6963773369789124,0.8024652004241943,0.8866270780563354,3,13,32,"[0.5404, 0.156, 0.048, 0.0307, 0.0273, 0.023, 0.0223, 0.0148, 0.0129, 0.0111]","[0.282, 0.255, 0.57, 0.146, 0.008, 0.055, 0.407, 0.438, 0.217, 0.02]",3000,0.24440795183181763,-0.4468374848976091,
50,R4,3240,-0.2555520506228229,-0.050663740531170204,0.1939233401039891,-0.038485489709745954,-0.02739207701441337,-0.10737489824225287,0.11105408438885939,0.7873589396476746,0.05238938331604004,0.02942679263651371,0.8397483229637146,0.9178920388221741,0.9532184600830078,2,5,10,"[0.7874, 0.0524, 0.0294, 0.0279, 0.0208, 0.0118, 0.0078, 0.006, 0.0055, 0.0042]","[0.256, 0.051, 0.194, 0.224, 0.485, 0.689, 0.06, 0.119, 0.28, 0.023]",3000,0.1691030114889145,0.49197165388495195,
50,R5,3240,0.08938827052299822,-0.2828119300742296,-0.43936461274979255,-0.033621910755187015,0.09158761786133483,0.03790871330494309,0.037128115719719,0.5637801885604858,0.1151283010840416,0.06400207430124283,0.6789084672927856,0.8114479184150696,0.8853662610054016,3,13,27,"[0.5638, 0.1151, 0.064, 0.0375, 0.0311, 0.025, 0.0176, 0.0138, 0.0092, 0.0083]","[0.089, 0.283, 0.439, 0.442, 0.099, 0.125, 0.419, 0.161, 0.119, 0.114]",3000,0.19452320039272308,-0.11446840953626215,
50,R6,3240,0.27832301995288417,0.17530442644328814,-0.6124361568428525,0.02836385495481701,-0.07524406198400353,0.018306523125477075,-0.24080958920891904,0.634087860584259,0.11188794672489166,0.05642503872513771,0.7459757924079895,0.8660656809806824,0.9164350032806396,2,8,19,"[0.6341, 0.1119, 0.0564, 0.0387, 0.025, 0.0157, 0.0107, 0.0097, 0.0078, 0.0065]","[0.278, 0.175, 0.612, 0.219, 0.207, 0.138, 0.137, 0.054, 0.208, 0.327]",3000,0.2463376522064209,-0.49141738748417346,
50,R7,3240,-0.45652162008532104,-0.536277666500352,-0.0916912673820279,0.052379087604471325,0.06547579323052066,-0.04910685409167772,0.16507739516354691,0.48316484689712524,0.16823269426822662,0.052250202745199203,0.6513975262641907,0.7619275450706482,0.8436341285705566,4,19,47,"[0.4832, 0.1682, 0.0523, 0.0321, 0.0262, 0.0196, 0.0186, 0.0172, 0.0153, 0.011]","[0.457, 0.536, 0.092, 0.453, 0.031, 0.011, 0.001, 0.305, 0.172, 0.223]",3000,0.41387704014778137,0.6392479197809081,
51,T0,3240,0.2940008354198427,0.026450717605768895,0.06355656048810628,0.1053465417613603,0.10891177587172708,0.03661046096496132,-0.010225708536783815,0.637449324131012,0.2257504016160965,0.017514701932668686,0.8631997108459473,0.9108179807662964,0.9521056413650513,2,5,10,"[0.6374, 0.2258, 0.0175, 0.016, 0.0141, 0.0128, 0.0091, 0.0073, 0.0068, 0.0053]","[0.294, 0.026, 0.064, 0.203, 0.572, 0.173, 0.596, 0.232, 0.114, 0.272]",3000,0.06430628150701523,-0.28841460513664907,
51,T1,3240,0.6294733348538621,0.04051990049039784,-0.4021483919254097,-0.017113251967453478,-0.005820677075589638,0.010547733284352075,-0.1520915046786239,0.19885218143463135,0.1648242175579071,0.10779744386672974,0.36367639899253845,0.5640676021575928,0.6932030916213989,2,67,169,"[0.1989, 0.1648, 0.1078, 0.048, 0.0446, 0.0336, 0.0295, 0.0251, 0.0227, 0.0182]","[0.629, 0.041, 0.402, 0.009, 0.167, 0.249, 0.23, 0.229, 0.129, 0.219]",3000,0.13713029026985168,-0.6042742858550934,
51,T2,3240,-0.2227545753756351,0.35978486387638675,-0.14157521038867749,-0.0014858977614461547,-0.006500858181706925,0.03000739374942541,0.05423293510120855,0.1929323524236679,0.13850228488445282,0.07707822322845459,0.3314346373081207,0.5028625130653381,0.632169783115387,2,97,232,"[0.1929, 0.1385, 0.0771, 0.0528, 0.0415, 0.0344, 0.0286, 0.0233, 0.0226, 0.0203]","[0.223, 0.36, 0.142, 0.175, 0.018, 0.051, 0.309, 0.055, 0.174, 0.147]",3000,0.10981079190969467,0.2694550324283095,
51,T3,3240,0.03938227760701817,-0.03949134990033456,0.026811451639926223,-0.03908613816092976,-0.08379967865853057,0.037825075238832155,-0.030914748651653143,0.3940221667289734,0.2015668749809265,0.08029593527317047,0.5955890417098999,0.7668820023536682,0.8627451062202454,3,16,41,"[0.394, 0.2016, 0.0803, 0.0571, 0.0339, 0.028, 0.0211, 0.0196, 0.0151, 0.0121]","[0.039, 0.039, 0.027, 0.622, 0.353, 0.358, 0.142, 0.114, 0.061, 0.218]",3000,0.0711340606212616,-0.04030736399790349,
51,T4,3240,-0.024177442807052665,0.3968422976423716,0.40162890076907565,-0.007860493700304904,-0.010308848393334763,0.06529474887756813,-0.04889396936626918,0.2547015845775604,0.12410785257816315,0.07929994910955429,0.37880945205688477,0.5616821050643921,0.6915684342384338,4,66,165,"[0.2547, 0.1241, 0.0793, 0.0646, 0.039, 0.0354, 0.0285, 0.0246, 0.0232, 0.0182]","[0.024, 0.397, 0.402, 0.301, 0.245, 0.341, 0.148, 0.097, 0.104, 0.054]",3000,0.07067099213600159,0.09098210141409152,
51,T5,3240,0.1903487278698525,0.06649755630772906,0.36860271339106504,0.021570269955680066,0.01439688302681224,0.06548618782292201,-0.042130335625980765,0.3701416254043579,0.2222275733947754,0.07508670538663864,0.5923691987991333,0.7603926658630371,0.8402975797653198,3,20,55,"[0.3701, 0.2222, 0.0751, 0.0618, 0.0312, 0.0234, 0.0195, 0.0136, 0.0131, 0.0103]","[0.19, 0.066, 0.369, 0.554, 0.024, 0.462, 0.047, 0.103, 0.052, 0.247]",3000,0.07499007135629654,-0.2639905326235834,
51,T6,3240,0.15583752030497325,0.016448509827032037,0.03653937041868043,0.0073941718200707515,0.026457215656158817,0.026880782012377247,0.0552935265482583,0.3199611008167267,0.23273895680904388,0.12660321593284607,0.5527000427246094,0.7594290375709534,0.8490787744522095,3,19,48,"[0.32, 0.2327, 0.1266, 0.0441, 0.036, 0.0231, 0.0217, 0.0176, 0.0154, 0.0119]","[0.156, 0.016, 0.037, 0.159, 0.571, 0.425, 0.019, 0.349, 0.01, 0.034]",3000,0.04346371814608574,-0.16430194773001258,
51,T7,3240,-0.18162392813540598,0.14994961220912187,-0.044294900920539275,-0.03963685005544285,-0.01930359757476903,-0.09200048909695697,0.07802209479000514,0.6028426885604858,0.21939603984355927,0.035616714507341385,0.8222387433052063,0.8953455686569214,0.9388425946235657,4,6,14,"[0.6028, 0.2194, 0.0356, 0.0197, 0.0178, 0.0154, 0.0099, 0.0068, 0.0065, 0.0049]","[0.182, 0.15, 0.044, 0.512, 0.007, 0.418, 0.491, 0.388, 0.262, 0.052]",3000,0.06075872853398323,0.3296435053052086,
51,T8,3240,-0.11454815132334865,0.0766209329048921,-0.7786763056192786,-0.021972181673804436,0.041718590216253015,-0.13890007040391245,0.16611270805494796,0.6607919931411743,0.10511130839586258,0.0402638204395771,0.7659032940864563,0.8676469922065735,0.9223829507827759,2,8,18,"[0.6608, 0.1051, 0.0403, 0.0326, 0.0289, 0.0155, 0.0142, 0.0099, 0.0078, 0.0074]","[0.115, 0.077, 0.779, 0.362, 0.166, 0.054, 0.21, 0.044, 0.043, 0.006]",3000,0.14279289543628693,0.4097609769459302,
51,R0,3240,-0.015611773477837322,0.05844916117692783,-0.3871087224923492,0.024442007194760463,-0.06360643498496306,0.05246346193523433,-0.13640644261614704,0.8771711587905884,0.05488945171236992,0.017198527231812477,0.9320605993270874,0.9659237861633301,0.9814626574516296,5,2,4,"[0.8772, 0.0549, 0.0172, 0.0096, 0.0071, 0.0047, 0.0033, 0.0027, 0.0025, 0.0024]","[0.016, 0.058, 0.387, 0.074, 0.38, 0.534, 0.302, 0.23, 0.047, 0.387]",3000,0.06936241686344147,-0.1385243390326609,
51,R1,3240,0.2057320826944312,-0.33562149040909817,0.3929780071606071,0.018993188357389963,0.04836057168521229,-0.16426499786650325,0.055979893292978505,0.6834436655044556,0.06631835550069809,0.0559878833591938,0.7497619986534119,0.8720640540122986,0.921353816986084,4,8,21,"[0.6834, 0.0663, 0.056, 0.0388, 0.0275, 0.0169, 0.0094, 0.0089, 0.0073, 0.0067]","[0.206, 0.336, 0.393, 0.44, 0.23, 0.346, 0.12, 0.057, 0.091, 0.108]",3000,0.10699354857206345,0.09562298723847136,
51,R2,3240,0.09759748400003534,-0.13758990325787027,0.5713302829947502,0.018227272712799576,-0.03412499491580603,0.11417748013899737,-0.23422093789453338,0.5227347016334534,0.09972439706325531,0.07227493077516556,0.6224591135978699,0.7913503646850586,0.8533114790916443,1,20,57,"[0.5227, 0.0997, 0.0723, 0.0513, 0.0453, 0.0199, 0.0123, 0.0113, 0.0095, 0.0089]","[0.098, 0.138, 0.571, 0.231, 0.219, 0.168, 0.06, 0.053, 0.183, 0.222]",3000,0.10579929500818253,-0.3000235879143715,
51,R3,3240,-0.09915930302821625,0.24843051129421576,-0.6137611495929413,-0.07326483527877184,-0.1169596376484608,0.013252582550466456,-0.15009484857562602,0.57099848985672,0.17547239363193512,0.037608638405799866,0.7464708685874939,0.8378685116767883,0.9095956087112427,2,9,23,"[0.571, 0.1755, 0.0376, 0.0301, 0.0236, 0.0207, 0.0172, 0.015, 0.0097, 0.0092]","[0.099, 0.248, 0.614, 0.258, 0.055, 0.134, 0.282, 0.392, 0.298, 0.039]",3000,0.20873616635799408,0.055040360250005194,
51,R4,3240,-0.2554998673420202,0.10068016332849768,0.11659099037106821,-0.0316387993168586,-0.05452564027060467,-0.09934101723388511,0.041837999223279,0.813352644443512,0.043865103274583817,0.028288407251238823,0.8572177290916443,0.9293568134307861,0.9593483209609985,2,4,8,"[0.8134, 0.0439, 0.0283, 0.0259, 0.0179, 0.0097, 0.0069, 0.0052, 0.0048, 0.0035]","[0.255, 0.101, 0.117, 0.227, 0.407, 0.678, 0.171, 0.099, 0.179, 0.01]",3000,0.16382694244384766,0.4935599684460401,
51,R5,3240,0.02389185166654398,-0.2976227578182211,0.43213411112928757,-0.029699248064623616,0.06325136829067161,0.0346286037017913,0.05131499223139306,0.5919751524925232,0.09481186419725418,0.060140497982501984,0.6867870092391968,0.816236138343811,0.8911812901496887,3,12,26,"[0.592, 0.0948, 0.0601, 0.0374, 0.0319, 0.0259, 0.0182, 0.0131, 0.0095, 0.0082]","[0.024, 0.298, 0.432, 0.394, 0.291, 0.068, 0.338, 0.177, 0.03, 0.218]",3000,0.19768546521663666,0.0369381157477097,
51,R6,3240,-0.11110803767763718,0.24293493826192472,-0.5831233496211081,-0.006885487744607673,0.0523293716660367,0.010935710452585044,0.2044007046824768,0.6186481714248657,0.10951178520917892,0.06536852568387985,0.7281599640846252,0.856722891330719,0.9110433459281921,1,9,20,"[0.6186, 0.1095, 0.0654, 0.0384, 0.0248, 0.0168, 0.0134, 0.0098, 0.0075, 0.0069]","[0.111, 0.243, 0.583, 0.163, 0.218, 0.222, 0.072, 0.04, 0.22, 0.286]",3000,0.2522767186164856,0.32771887055479454,
51,R7,3240,-0.3278488756709871,-0.5323244010081866,-0.034637126828864453,0.03467966715976016,0.03904156559059774,-0.0387139977951029,0.1645680218204888,0.4976787865161896,0.1654772013425827,0.05213766545057297,0.6631559729576111,0.7732137441635132,0.8542822599411011,3,17,41,"[0.4977, 0.1655, 0.0521, 0.0326, 0.0253, 0.0206, 0.0187, 0.0162, 0.0152, 0.0105]","[0.328, 0.532, 0.035, 0.431, 0.056, 0.02, 0.227, 0.16, 0.206, 0.189]",3000,0.4051045775413513,0.5780092248417134,
52,T0,3240,0.2907488078954041,0.04264869804936196,-0.12407719642938117,0.09626344652414365,0.11940963863689308,0.03376867519523151,0.01112609989446786,0.5941831469535828,0.2898556888103485,0.014994999393820763,0.8840388059616089,0.9248087406158447,0.9603341817855835,3,4,8,"[0.5942, 0.2899, 0.015, 0.0138, 0.0119, 0.0118, 0.0075, 0.0061, 0.0058, 0.0043]","[0.291, 0.043, 0.124, 0.113, 0.347, 0.589, 0.545, 0.1, 0.052, 0.26]",3000,0.06921576708555222,-0.2594853578666428,
52,T1,3240,-0.5242635715554941,0.4534661451068549,-0.30844260630775544,0.007169562539551345,0.013558323142695231,-0.05959128815349898,0.12846756190104508,0.21674342453479767,0.15730327367782593,0.09547857195138931,0.3740466833114624,0.564597487449646,0.6981447339057922,3,65,162,"[0.2167, 0.1573, 0.0955, 0.052, 0.043, 0.0359, 0.0301, 0.0257, 0.0223, 0.0195]","[0.524, 0.453, 0.308, 0.02, 0.034, 0.123, 0.289, 0.064, 0.127, 0.083]",3000,0.1294879913330078,0.5307588492900238,
52,T2,3240,0.14524812714293772,0.4004336490772862,-0.1349893302382858,0.009266108463024557,0.0148291835960791,-0.03196768107014205,-0.020105939388210255,0.24286840856075287,0.13675254583358765,0.0751359835267067,0.3796209692955017,0.5421532392501831,0.663607120513916,2,85,209,"[0.2429, 0.1368, 0.0751, 0.0475, 0.0399, 0.0339, 0.0242, 0.0232, 0.021, 0.0191]","[0.145, 0.4, 0.135, 0.075, 0.009, 0.02, 0.077, 0.257, 0.355, 0.136]",3000,0.09514033794403076,-0.20713092362613494,
52,T3,3240,-0.008384975010568972,-0.05794644279254372,0.08298379240263054,0.04211010074567205,0.08548493933143579,-0.0365249292623208,0.02525126117998355,0.35325926542282104,0.22303830087184906,0.09438225626945496,0.5762975811958313,0.7598296999931335,0.8585554957389832,2,17,41,"[0.3533, 0.223, 0.0944, 0.0577, 0.0315, 0.0263, 0.0223, 0.0201, 0.0169, 0.013]","[0.008, 0.058, 0.083, 0.561, 0.455, 0.271, 0.138, 0.251, 0.059, 0.24]",3000,0.05863361060619354,0.009360360399720727,
52,T4,3240,-0.04139487090091959,-0.3386012546226433,0.06388016096338878,-0.003848538576623996,-0.010876971753065368,0.07226056474975134,-0.04815924034393833,0.3022610545158386,0.10546199232339859,0.07380843907594681,0.4077230393886566,0.5782052874565125,0.710799515247345,4,61,152,"[0.3023, 0.1055, 0.0738, 0.0625, 0.0342, 0.0333, 0.0298, 0.0273, 0.0234, 0.0187]","[0.041, 0.339, 0.064, 0.444, 0.134, 0.412, 0.359, 0.113, 0.137, 0.043]",3000,0.06455156952142715,0.10923440059349138,
52,T5,3240,0.19326745909381454,0.06573291082952484,0.4013614713161413,0.02244281184917123,0.019096437759003403,0.06094163059415832,-0.046480248959626824,0.3598833680152893,0.22035452723503113,0.07761908322572708,0.580237865447998,0.7528792023658752,0.8346151113510132,3,21,57,"[0.3599, 0.2204, 0.0776, 0.0632, 0.0318, 0.0243, 0.0204, 0.0135, 0.0129, 0.0106]","[0.193, 0.066, 0.401, 0.522, 0.061, 0.476, 0.081, 0.09, 0.061, 0.159]",3000,0.07346851378679276,-0.2655615812256443,
52,T6,3240,0.1500221065148854,0.0436231070221112,-0.005634399230927844,0.009056628541561338,0.03357305020863325,0.012864976111517781,0.0667051598999108,0.31097349524497986,0.22264347970485687,0.12716688215732574,0.5336169600486755,0.747090220451355,0.8414053916931152,4,20,51,"[0.311, 0.2226, 0.1272, 0.0465, 0.0398, 0.0256, 0.0211, 0.0182, 0.017, 0.0124]","[0.15, 0.044, 0.006, 0.249, 0.47, 0.487, 0.316, 0.319, 0.147, 0.022]",3000,0.0433192141354084,-0.1600475155887635,
52,T7,3240,-0.09519451244382542,0.16072198030162294,-0.01409383066349167,-0.04944631350586861,-0.017298348768791317,-0.08431819094536495,0.0690993537536307,0.5856583118438721,0.2395661324262619,0.03553241491317749,0.8252244591712952,0.897255003452301,0.9401829242706299,4,6,14,"[0.5857, 0.2396, 0.0355, 0.0198, 0.0167, 0.0151, 0.0099, 0.0067, 0.0061, 0.0051]","[0.095, 0.161, 0.014, 0.485, 0.091, 0.487, 0.498, 0.498, 0.169, 0.033]",3000,0.061636656522750854,0.24014439819767264,
52,T8,3240,-0.03390020945032379,0.06000816532201663,-0.7358847049869622,-0.006773069464833497,0.042971221452616094,-0.1443516322587846,0.15236334789458889,0.6253247857093811,0.143819198012352,0.040274009108543396,0.7691439986228943,0.8715118169784546,0.9257333278656006,2,7,17,"[0.6253, 0.1438, 0.0403, 0.0335, 0.0286, 0.0152, 0.0145, 0.0095, 0.0076, 0.0074]","[0.034, 0.06, 0.736, 0.135, 0.302, 0.171, 0.108, 0.063, 0.079, 0.061]",3000,0.1378493458032608,0.3149284227234716,
52,R0,3240,0.06354707020666146,0.09688566552549793,-0.09088367100062267,-0.04713998254326109,0.07950880146408762,-0.027043737094965933,0.13508097749283418,0.869011402130127,0.054351918399333954,0.018203288316726685,0.9233633279800415,0.9644742608070374,0.9804205894470215,3,2,4,"[0.869, 0.0544, 0.0182, 0.0156, 0.0073, 0.0046, 0.0033, 0.0032, 0.0026, 0.0023]","[0.064, 0.097, 0.091, 0.18, 0.374, 0.503, 0.151, 0.21, 0.143, 0.38]",3000,0.05578877776861191,0.019938216782488923,
52,R1,3240,0.46652918185763653,-0.2872329567101011,-0.14118462867757875,0.035262920165228424,0.09097980876670933,-0.18809690917753477,0.007109855286625036,0.6930037140846252,0.07377821952104568,0.05478661507368088,0.7667819261550903,0.8850318193435669,0.9330135583877563,4,6,16,"[0.693, 0.0738, 0.0548, 0.0371, 0.0263, 0.0179, 0.0092, 0.0082, 0.0069, 0.0058]","[0.467, 0.287, 0.141, 0.567, 0.341, 0.4, 0.107, 0.086, 0.123, 0.091]",3000,0.07986629009246826,-0.23125311235737395,
52,R2,3240,0.12910499076947196,-0.23443488430998186,-0.13411830706106748,0.06325695322298393,0.019500736796361502,0.0001232392692861155,-0.1431290639651075,0.5419996976852417,0.11646397411823273,0.07301269471645355,0.6584636569023132,0.8220759630203247,0.8784961700439453,1,14,42,"[0.542, 0.1165, 0.073, 0.0548, 0.0358, 0.0183, 0.0112, 0.0101, 0.0092, 0.0076]","[0.129, 0.234, 0.134, 0.603, 0.192, 0.169, 0.037, 0.148, 0.114, 0.232]",3000,0.0726148709654808,-0.20225013699915778,
52,R3,3240,-0.13878527186712086,-0.19027222962302429,-0.3458923165458821,-0.08293543009825652,-0.061623439079798385,0.11339714312173192,-0.1532018187138014,0.5928558707237244,0.15254682302474976,0.042177677154541016,0.7454026937484741,0.8435037732124329,0.914496123790741,2,9,23,"[0.5929, 0.1525, 0.0422, 0.0295, 0.0264, 0.0232, 0.0162, 0.0139, 0.0089, 0.0088]","[0.139, 0.19, 0.346, 0.095, 0.089, 0.53, 0.166, 0.28, 0.097, 0.293]",3000,0.17487892508506775,-0.09317611246562359,
52,R4,3240,-0.28923717258694176,0.09041348601627033,0.19438106763939125,-0.0520182134822525,0.008236524862073364,-0.09212225629934652,0.11892325089470487,0.8216089010238647,0.04499300569295883,0.02905205637216568,0.8666018843650818,0.9339239597320557,0.9614432454109192,3,4,8,"[0.8216, 0.045, 0.0291, 0.0205, 0.0178, 0.0085, 0.0063, 0.0047, 0.0045, 0.0034]","[0.289, 0.09, 0.194, 0.214, 0.419, 0.696, 0.126, 0.112, 0.244, 0.302]",3000,0.16275374591350555,0.41996915920684486,
52,R5,3240,0.012835086717254678,-0.42477914105798736,-0.08839324238380619,-0.027696799611801375,-0.010620905165973544,-0.01859541407150094,0.012655362668321095,0.5224252343177795,0.0971786305308342,0.08589934557676315,0.6196038722991943,0.7827354073524475,0.8674123883247375,4,15,34,"[0.5224, 0.0972, 0.0859, 0.0453, 0.0319, 0.0261, 0.018, 0.0163, 0.0134, 0.0108]","[0.013, 0.425, 0.088, 0.401, 0.103, 0.303, 0.001, 0.153, 0.336, 0.183]",3000,0.17333905398845673,0.1557654721276873,
52,R6,3240,-0.09939742630838892,0.2301378644109345,-0.5626655129950703,-0.02546034284637368,0.07188246181329784,0.05723013276938883,0.2406132337066019,0.5493112802505493,0.11440234631299973,0.08943972736597061,0.6637136340141296,0.8194424510002136,0.8900360465049744,4,12,27,"[0.5493, 0.1144, 0.0894, 0.035, 0.0312, 0.0225, 0.0161, 0.0153, 0.009, 0.0078]","[0.099, 0.23, 0.563, 0.211, 0.31, 0.302, 0.009, 0.03, 0.009, 0.313]",3000,0.24046018719673157,0.23386415785479422,
52,R7,3240,-0.28774937106099163,-0.5555162053693724,0.0052027915605952005,0.016800986563593454,0.04146090189248891,0.0014007658693249777,0.1658685999146567,0.44397082924842834,0.1582747846841812,0.08978245407342911,0.6022456288337708,0.7610556483268738,0.8503197431564331,2,17,42,"[0.444, 0.1583, 0.0898, 0.0377, 0.0313, 0.0223, 0.0204, 0.0172, 0.0149, 0.0145]","[0.288, 0.556, 0.005, 0.358, 0.031, 0.013, 0.057, 0.244, 0.002, 0.173]",3000,0.35041162371635437,0.47669351690517486,
53,T0,3240,-0.34352525095695835,0.0602251474999677,-0.011174152841610467,-0.08263481364182841,-0.11624714762023264,-0.030400009797879206,-0.06062122291293531,0.6097676157951355,0.2726476788520813,0.016861572861671448,0.8824152946472168,0.9267695546150208,0.9614211916923523,4,4,8,"[0.6098, 0.2726, 0.0169, 0.0141, 0.0134, 0.0114, 0.0072, 0.0061, 0.0057, 0.0043]","[0.344, 0.06, 0.011, 0.236, 0.343, 0.469, 0.519, 0.221, 0.114, 0.274]",3000,0.06657697260379791,0.23230927888022002,
53,T1,3240,0.5645439371715432,0.42857603464534444,-0.16893019760286707,-0.004942105462921236,-0.008119621253256857,0.04616890792898374,-0.14158313443946005,0.20877237617969513,0.1618744432926178,0.09345639497041702,0.3706468343734741,0.5662350058555603,0.7009016275405884,2,61,154,"[0.2088, 0.1619, 0.0935, 0.0571, 0.0451, 0.0379, 0.0298, 0.0249, 0.0219, 0.0202]","[0.565, 0.429, 0.169, 0.051, 0.066, 0.041, 0.267, 0.138, 0.095, 0.258]",3000,0.1403927356004715,-0.5722044478531028,
53,T2,3240,0.14055421812748123,0.41247581907534975,-0.11704365066045254,0.009136632325712204,0.008189578348619626,-0.02583841021146266,-0.016982333900726856,0.265164852142334,0.13862735033035278,0.07403931766748428,0.40379220247268677,0.5656704306602478,0.683978259563446,2,74,187,"[0.2652, 0.1386, 0.074, 0.0478, 0.04, 0.0317, 0.026, 0.0225, 0.0195, 0.0185]","[0.141, 0.412, 0.117, 0.086, 0.028, 0.03, 0.086, 0.171, 0.36, 0.121]",3000,0.1007888987660408,-0.20039318269857262,
53,T3,3240,0.018724270465051745,-0.0401082679399245,0.06648145591280653,0.0454007815954522,0.08632958961739821,-0.03746937457842567,0.019125841548347695,0.336992084980011,0.21405820548534393,0.11598276346921921,0.5510503053665161,0.7528685331344604,0.8564248085021973,3,17,41,"[0.337, 0.2141, 0.116, 0.0565, 0.0294, 0.0263, 0.025, 0.0204, 0.0179, 0.014]","[0.019, 0.04, 0.066, 0.547, 0.42, 0.106, 0.305, 0.223, 0.07, 0.271]",3000,0.05569937080144882,-0.017115164356187627,
53,T4,3240,-0.052650559047565534,-0.3562466987294336,0.07991276544531918,-0.002288906298355737,-0.011470391613648802,0.06842502892895409,-0.038885386419111004,0.2889109253883362,0.10902604460716248,0.07646533846855164,0.39793696999549866,0.5761071443557739,0.709288477897644,4,60,149,"[0.2889, 0.109, 0.0765, 0.0672, 0.0345, 0.0332, 0.0296, 0.0281, 0.0237, 0.0185]","[0.053, 0.356, 0.08, 0.413, 0.056, 0.394, 0.046, 0.446, 0.065, 0.024]",3000,0.07634981721639633,0.12195686146961204,
53,T5,3240,0.17330640494807797,0.06441985722127687,0.430942168023618,0.017508225615568394,0.020340531517329972,0.060762569207009495,-0.04383804815972827,0.3487016558647156,0.21915572881698608,0.07947579771280289,0.5678573846817017,0.7436420321464539,0.8271879553794861,3,22,62,"[0.3487, 0.2192, 0.0795, 0.0647, 0.0316, 0.0249, 0.021, 0.0141, 0.013, 0.0105]","[0.173, 0.064, 0.431, 0.504, 0.074, 0.479, 0.137, 0.044, 0.07, 0.027]",3000,0.07286395877599716,-0.25065952428523897,
53,T6,3240,0.133069146224591,-0.030867862403342834,-0.03921432382652345,0.009886353709591294,0.03094596732995554,0.013422011690441866,0.05970934156595308,0.3030686676502228,0.21884647011756897,0.12816400825977325,0.5219151377677917,0.7357664704322815,0.8325750231742859,3,22,55,"[0.3031, 0.2188, 0.1282, 0.047, 0.0387, 0.027, 0.0213, 0.0189, 0.0172, 0.0125]","[0.133, 0.031, 0.039, 0.258, 0.494, 0.456, 0.367, 0.27, 0.068, 0.038]",3000,0.043380122631788254,-0.13998244395313675,
53,T7,3240,-0.12527936428718628,0.1546710476398207,0.01472975956885254,-0.040419810558558054,-0.019051996397042012,-0.08514667843972061,0.07909187322638528,0.5806665420532227,0.23268520832061768,0.037769656628370285,0.8133517503738403,0.8898100852966309,0.9351367354393005,4,6,15,"[0.5807, 0.2327, 0.0378, 0.0206, 0.0181, 0.0156, 0.0105, 0.0073, 0.0065, 0.0054]","[0.125, 0.155, 0.015, 0.469, 0.126, 0.512, 0.475, 0.369, 0.254, 0.071]",3000,0.060855139046907425,0.27969203923309116,
53,T8,3240,-0.004458050443785449,0.0392105552663435,-0.6646707734743963,-0.012850178719538238,0.03821392583763722,-0.14193171491212725,0.14678338141805858,0.605604887008667,0.15701815485954285,0.04044463485479355,0.7626230716705322,0.8691689968109131,0.9245429635047913,2,8,18,"[0.6056, 0.157, 0.0404, 0.0363, 0.0298, 0.0167, 0.014, 0.0096, 0.0077, 0.0075]","[0.004, 0.039, 0.665, 0.019, 0.399, 0.222, 0.094, 0.046, 0.039, 0.051]",3000,0.13373196125030518,0.29564081828829053,
53,R0,3240,0.10916155870577544,0.09165216994917447,-0.19130092354466546,-0.04428947184803049,0.12050994934722276,-0.037068970202505894,0.1795127373132775,0.8727745413780212,0.05188736692070961,0.016484815627336502,0.9246619343757629,0.9645538330078125,0.9809927940368652,4,2,4,"[0.8728, 0.0519, 0.0165, 0.0154, 0.008, 0.0046, 0.0037, 0.0031, 0.0026, 0.0024]","[0.109, 0.092, 0.191, 0.024, 0.373, 0.49, 0.384, 0.285, 0.128, 0.418]",3000,0.05979171767830849,-0.013749062803063964,
53,R1,3240,0.40482659920958847,-0.332514540089972,-0.08326436055124106,0.029759424620354028,0.08127432668062383,-0.19730609397469429,0.024283644785425787,0.7005818486213684,0.07134609669446945,0.05475299805402756,0.7719279527664185,0.8858485221862793,0.9375617504119873,4,6,14,"[0.7006, 0.0713, 0.0548, 0.0343, 0.0249, 0.0197, 0.0124, 0.0078, 0.0065, 0.0053]","[0.405, 0.333, 0.083, 0.543, 0.358, 0.298, 0.124, 0.05, 0.129, 0.067]",3000,0.07737211138010025,-0.15629371517618618,
53,R2,3240,0.22533009194442064,-0.28664280067690423,-0.17141266090285226,0.06979385209291089,0.05339273050310477,-0.03867027003974666,-0.14471615499170068,0.5796968936920166,0.10914196074008942,0.06889799237251282,0.6888388395309448,0.8413257002830505,0.8941659331321716,1,11,33,"[0.5797, 0.1091, 0.0689, 0.0531, 0.0305, 0.0166, 0.011, 0.0101, 0.0082, 0.007]","[0.225, 0.287, 0.171, 0.575, 0.218, 0.172, 0.152, 0.114, 0.099, 0.22]",3000,0.07060464471578598,-0.33555121686088424,
53,R3,3240,-0.06313444500836278,0.1809388928912208,0.3144591511528729,-0.07304624530014861,-0.08916105313692571,0.1808541648921149,-0.22172342152611285,0.6324028372764587,0.13709256052970886,0.0373791828751564,0.7694953680038452,0.8617867231369019,0.9253650307655334,3,8,19,"[0.6324, 0.1371, 0.0374, 0.0313, 0.0236, 0.0188, 0.0164, 0.0128, 0.0082, 0.0074]","[0.063, 0.181, 0.314, 0.188, 0.052, 0.591, 0.174, 0.159, 0.032, 0.304]",3000,0.16189157962799072,-0.26270174183758505,
53,R4,3240,-0.19442973351874251,0.11770526408829987,0.24364424976746096,-0.032732424672604496,0.009382592279311382,-0.0843996274724198,0.1024553915077119,0.8255175352096558,0.04374401271343231,0.030395423993468285,0.8692615628242493,0.9367556571960449,0.9632839560508728,3,4,7,"[0.8255, 0.0437, 0.0304, 0.0188, 0.0183, 0.0077, 0.0064, 0.0046, 0.0044, 0.0034]","[0.194, 0.118, 0.244, 0.375, 0.217, 0.713, 0.053, 0.058, 0.152, 0.324]",3000,0.16182295978069305,0.33236425079079274,
53,R5,3240,0.0817599792833606,-0.4509821671724064,0.028379082767131837,-0.014396801703534138,-0.01389812997751077,-0.027087463738186525,0.0028785664306552315,0.528964102268219,0.09229579567909241,0.08107657730579376,0.6212599277496338,0.7858165502548218,0.8724022507667542,3,14,33,"[0.529, 0.0923, 0.0811, 0.0514, 0.0321, 0.028, 0.0188, 0.0165, 0.0127, 0.0106]","[0.082, 0.451, 0.028, 0.33, 0.138, 0.298, 0.016, 0.168, 0.357, 0.191]",3000,0.18463799357414246,0.11341150655227807,
53,R6,3240,0.025029564795176002,0.24763305810928168,-0.571916836681952,-0.023090893812907572,0.0722664842973477,0.08705663096713823,0.19114550082840526,0.5475371479988098,0.11308594793081284,0.09115268290042877,0.6606230735778809,0.8236086964607239,0.8928323984146118,2,11,26,"[0.5475, 0.1131, 0.0912, 0.0413, 0.0305, 0.0219, 0.0164, 0.0137, 0.0094, 0.0079]","[0.025, 0.248, 0.572, 0.067, 0.264, 0.328, 0.027, 0.092, 0.066, 0.185]",3000,0.25609272718429565,0.027292449772423063,
53,R7,3240,-0.24592992710349615,-0.5546881738891999,0.10330791249381355,0.008888955645054916,0.04555314077967165,0.02728768322761837,0.15806897212679738,0.44428542256355286,0.16249427199363708,0.0987984761595726,0.6067796945571899,0.7717816829681396,0.8582585453987122,2,16,39,"[0.4443, 0.1625, 0.0988, 0.0367, 0.0295, 0.0221, 0.0195, 0.018, 0.0149, 0.0119]","[0.246, 0.555, 0.103, 0.334, 0.036, 0.082, 0.035, 0.285, 0.127, 0.216]",3000,0.36058056354522705,0.390195121050195,
54,T0,3240,-0.252724288205736,0.06297995716663099,0.03892724828528942,-0.03655036361122751,-0.06016502149177145,-0.018674571076644123,-0.058387900589068925,0.6250060200691223,0.25454190373420715,0.019557643681764603,0.8795479536056519,0.9279984831809998,0.9616156220436096,5,4,8,"[0.625, 0.2545, 0.0196, 0.015, 0.0139, 0.0107, 0.0071, 0.0064, 0.0055, 0.0039]","[0.253, 0.063, 0.039, 0.371, 0.003, 0.37, 0.462, 0.401, 0.248, 0.319]",3000,0.0649779662489891,0.11440573915946059,
54,T1,3240,-0.534054271302167,0.44772592036004283,-0.15020145794137155,0.00404333717843221,0.00545979412966508,-0.050603833363360454,0.12745193347019798,0.20301690697669983,0.16555668413639069,0.0895833894610405,0.3685736060142517,0.5639410614967346,0.7004305124282837,2,61,153,"[0.203, 0.1656, 0.0896, 0.0584, 0.0473, 0.0378, 0.0308, 0.0258, 0.0223, 0.0198]","[0.534, 0.448, 0.15, 0.068, 0.052, 0.049, 0.232, 0.067, 0.12, 0.192]",3000,0.13594797253608704,0.5431335832158344,
54,T2,3240,0.13672880399477003,0.411643735905384,-0.11527386919143645,0.010566960540960967,0.00792862398601078,-0.024443613708393607,-0.020732926264071198,0.26517254114151,0.13566277921199799,0.07340289652347565,0.4008353352546692,0.5619685649871826,0.6815673112869263,2,74,187,"[0.2652, 0.1357, 0.0734, 0.0483, 0.0394, 0.0329, 0.0265, 0.0221, 0.0197, 0.0184]","[0.137, 0.412, 0.115, 0.079, 0.044, 0.003, 0.095, 0.149, 0.411, 0.042]",3000,0.09473219513893127,-0.2004229091471094,
54,T3,3240,0.023231464300999715,-0.0426253099782992,0.052942362096053915,0.047702703678640435,0.08790096445654692,-0.04095840534604213,0.019541677589817605,0.3312928080558777,0.20966452360153198,0.1118287518620491,0.5409573316574097,0.7415992617607117,0.8517604470252991,2,17,42,"[0.3313, 0.2097, 0.1118, 0.0592, 0.0296, 0.0276, 0.025, 0.0228, 0.0187, 0.0162]","[0.023, 0.043, 0.053, 0.524, 0.468, 0.117, 0.189, 0.258, 0.095, 0.294]",3000,0.05061745643615723,-0.017818071343823166,
54,T4,3240,0.04856018526949335,-0.3475001687087021,-0.0378110053057794,0.002002399761207147,0.009584038927604092,-0.0661292273763386,0.0366432533523374,0.29020318388938904,0.10634276270866394,0.08054236322641373,0.396545946598053,0.579048752784729,0.71235191822052,4,58,143,"[0.2902, 0.1063, 0.0805, 0.0656, 0.0364, 0.0329, 0.03, 0.0275, 0.0242, 0.0188]","[0.049, 0.348, 0.038, 0.403, 0.034, 0.47, 0.044, 0.383, 0.047, 0.021]",3000,0.07733457535505295,-0.12298031115251173,
54,T5,3240,-0.1583509318003198,0.09174082481181957,0.4926209823539941,-0.013333133153071254,-0.019064086870357242,-0.06153318643081909,0.03772770052081034,0.3464525640010834,0.21249717473983765,0.07989038527011871,0.5589497089385986,0.735909104347229,0.821222722530365,3,24,66,"[0.3465, 0.2125, 0.0799, 0.0659, 0.0311, 0.0249, 0.0215, 0.0145, 0.0137, 0.0107]","[0.158, 0.092, 0.493, 0.447, 0.089, 0.476, 0.165, 0.037, 0.059, 0.231]",3000,0.07171472162008286,0.23471812631286207,
54,T6,3240,0.1353336595505069,-0.045580987241636124,-0.04140934536168804,0.008628798867218864,0.031626013017413745,0.013654684929633523,0.05155558647121927,0.3072410821914673,0.20978553593158722,0.12520413100719452,0.5170266032218933,0.7275490760803223,0.825868546962738,5,23,60,"[0.3072, 0.2098, 0.1252, 0.0453, 0.04, 0.0264, 0.022, 0.0189, 0.0179, 0.0131]","[0.135, 0.046, 0.041, 0.347, 0.482, 0.428, 0.337, 0.302, 0.038, 0.071]",3000,0.04124205559492111,-0.156803984697793,
54,T7,3240,-0.14609974843442788,0.15262455678381373,-0.017045627907027204,-0.03753244723610049,-0.015120270649230876,-0.09132761133604117,0.0763954531858883,0.5720798969268799,0.2345714271068573,0.039317160844802856,0.8066513538360596,0.8851525783538818,0.9321695566177368,4,6,16,"[0.5721, 0.2346, 0.0393, 0.0206, 0.0186, 0.0162, 0.0107, 0.0078, 0.0067, 0.0057]","[0.146, 0.153, 0.017, 0.49, 0.108, 0.433, 0.454, 0.4, 0.239, 0.046]",3000,0.05985594168305397,0.29820722108632824,
54,T8,3240,-0.015359603939761515,0.025124592573290565,-0.6530168603616068,-0.012854967518499356,0.031175131794168913,-0.1506959828063092,0.14023939677108968,0.5891290903091431,0.16877523064613342,0.042193785309791565,0.7579042911529541,0.867412805557251,0.9239807724952698,2,8,18,"[0.5891, 0.1688, 0.0422, 0.0375, 0.0298, 0.0171, 0.0143, 0.0097, 0.008, 0.0074]","[0.015, 0.025, 0.653, 0.222, 0.373, 0.23, 0.112, 0.037, 0.079, 0.075]",3000,0.13473455607891083,0.32101009308127837,
54,R0,3240,0.10343075522221797,0.08076959368749195,-0.3343884857937157,-0.0015194193565863134,0.16069611548612267,-0.018549294485380594,0.17368303181772687,0.8722764253616333,0.051272716373205185,0.016944991424679756,0.9235491156578064,0.9642693996429443,0.981254518032074,5,2,4,"[0.8723, 0.0513, 0.0169, 0.015, 0.0088, 0.0047, 0.0042, 0.003, 0.0027, 0.0024]","[0.103, 0.081, 0.334, 0.066, 0.381, 0.485, 0.386, 0.236, 0.116, 0.373]",3000,0.06039786711335182,-0.1108807965728222,
54,R1,3240,0.24712917038142718,-0.3430525357890605,-0.02791199759032522,0.0018750891351383193,0.07144742716539738,-0.24130649371671142,0.11534479943755307,0.7062972187995911,0.06968754529953003,0.056887026876211166,0.7759847640991211,0.8900793790817261,0.941218376159668,2,6,13,"[0.7063, 0.0697, 0.0569, 0.0338, 0.0234, 0.0202, 0.0128, 0.007, 0.0061, 0.0051]","[0.247, 0.343, 0.028, 0.56, 0.257, 0.25, 0.15, 0.019, 0.109, 0.091]",3000,0.07781225442886353,0.1269518435193544,
54,R2,3240,0.058123501295295636,-0.3349364923860931,-0.053964058511814524,0.05047453196599455,0.022268565719758774,-0.05717564546225061,-0.09516823570799693,0.5922061204910278,0.10607684403657913,0.06964235752820969,0.6982829570770264,0.8527868986129761,0.9035249352455139,2,10,28,"[0.5922, 0.1061, 0.0696, 0.0571, 0.0277, 0.0153, 0.0115, 0.0093, 0.0076, 0.007]","[0.058, 0.335, 0.054, 0.575, 0.198, 0.175, 0.122, 0.081, 0.062, 0.225]",3000,0.0735415667295456,-0.08719771299968236,
54,R3,3240,-0.033639432423094154,0.16646221757664487,0.24555401460678053,-0.08347291839333498,-0.09935766647016779,0.13667228267576378,-0.25481742684033326,0.6456654071807861,0.124665766954422,0.03624497354030609,0.7703311443328857,0.8639286756515503,0.9286001324653625,2,7,17,"[0.6457, 0.1247, 0.0362, 0.034, 0.0233, 0.0197, 0.0179, 0.0115, 0.0086, 0.0069]","[0.034, 0.166, 0.246, 0.294, 0.018, 0.477, 0.586, 0.115, 0.02, 0.256]",3000,0.15984337031841278,-0.22438135526164307,
54,R4,3240,-0.14914638078518083,0.14723520393287437,0.24083422631051604,-0.05471194702260555,0.022152306947988875,-0.09684719789259466,0.12286317110390046,0.8268473148345947,0.04294323921203613,0.03136710822582245,0.8697905540466309,0.937748908996582,0.9640993475914001,3,3,7,"[0.8268, 0.0429, 0.0314, 0.0193, 0.0172, 0.0072, 0.0065, 0.0047, 0.0043, 0.0036]","[0.149, 0.147, 0.241, 0.366, 0.207, 0.703, 0.134, 0.129, 0.145, 0.345]",3000,0.15927596390247345,0.32032590063641125,
54,R5,3240,0.14017667955216914,0.4552530885074839,-0.12255589908294319,-0.016462264261452725,-0.00021777685976816466,-0.019884979910837645,0.015606099580043538,0.5258902907371521,0.09169097989797592,0.0782327726483345,0.6175812482833862,0.783698320388794,0.8733149170875549,3,14,32,"[0.5259, 0.0917, 0.0782, 0.0561, 0.0318, 0.0291, 0.0197, 0.0171, 0.0129, 0.0108]","[0.14, 0.455, 0.123, 0.309, 0.18, 0.29, 0.062, 0.108, 0.354, 0.21]",3000,0.18713496625423431,0.03664166060803342,
54,R6,3240,0.16756588631300348,0.25796918303556,-0.5743587871778966,-0.013385826174860376,0.08260786734011584,0.0999943861508105,0.08544570081033998,0.532926619052887,0.11341314017772675,0.09476253390312195,0.6463397741317749,0.8198919892311096,0.8922128081321716,1,12,26,"[0.5329, 0.1134, 0.0948, 0.0495, 0.0293, 0.0222, 0.0186, 0.0131, 0.0101, 0.0082]","[0.168, 0.258, 0.574, 0.006, 0.236, 0.276, 0.192, 0.088, 0.061, 0.112]",3000,0.2524704039096832,-0.24991010354316986,
54,R7,3240,-0.1190720966311116,-0.5442777074209751,0.18815416102296992,0.007216236283271598,0.03739626473977869,0.041132708963832795,0.10116908091804029,0.4352603256702423,0.16335515677928925,0.11049845814704895,0.5986154675483704,0.7777398228645325,0.8618916273117065,2,15,37,"[0.4353, 0.1634, 0.1105, 0.0406, 0.028, 0.0217, 0.0195, 0.0176, 0.0145, 0.0108]","[0.119, 0.544, 0.188, 0.317, 0.013, 0.07, 0.111, 0.226, 0.216, 0.22]",3000,0.35309502482414246,0.2290420317536753,
55,T0,3240,-0.18802869460668162,0.07358661845360213,0.2812185666742002,-0.015511286705763263,-0.05870062958201348,-0.02156755411785327,-0.05438087215507898,0.9068642854690552,0.05698109418153763,0.013266151770949364,0.9638453722000122,0.9838017821311951,0.9913926720619202,6,1,2,"[0.9069, 0.057, 0.0133, 0.0037, 0.003, 0.0023, 0.0016, 0.0015, 0.0013, 0.0008]","[0.188, 0.074, 0.281, 0.312, 0.059, 0.313, 0.342, 0.506, 0.361, 0.367]",3000,0.06387768685817719,0.0901069819702953,
55,T1,3240,-0.5575929914661896,0.4240316966745663,-0.11662550363767672,0.003417079153177582,0.005671606354582576,-0.052666335869355686,0.14487245192818585,0.20303501188755035,0.1618417203426361,0.08956454694271088,0.36487674713134766,0.5561212301254272,0.6963446736335754,2,61,152,"[0.203, 0.1618, 0.0896, 0.057, 0.0447, 0.0408, 0.0304, 0.0256, 0.0232, 0.0202]","[0.558, 0.424, 0.117, 0.086, 0.018, 0.002, 0.219, 0.158, 0.092, 0.177]",3000,0.14064066112041473,0.582348452836637,
55,T2,3240,0.11839982862695102,0.4106684829292772,-0.14097942812263564,0.011026789136733795,-7.686317972624458e-06,-0.023131720322982715,-0.010625172958367986,0.2606130838394165,0.13761252164840698,0.07574654370546341,0.3982256054878235,0.563658595085144,0.6855239272117615,2,72,180,"[0.2606, 0.1376, 0.0757, 0.0501, 0.0396, 0.0338, 0.0272, 0.0226, 0.0201, 0.0182]","[0.118, 0.411, 0.141, 0.109, 0.039, 0.051, 0.138, 0.15, 0.306, 0.023]",3000,0.09790097922086716,-0.17577883930999796,
55,T3,3240,0.08161454657410151,-0.04453590453822942,0.1131301796531738,0.04848555379781642,0.09963090469544694,-0.050194594335256304,-0.008018926566336102,0.4475524425506592,0.13706134259700775,0.12678448855876923,0.5846138000488281,0.8168429732322693,0.897730827331543,3,11,25,"[0.4476, 0.1371, 0.1268, 0.0708, 0.0346, 0.02, 0.0189, 0.0164, 0.0138, 0.0118]","[0.082, 0.045, 0.113, 0.06, 0.497, 0.012, 0.478, 0.115, 0.366, 0.231]",3000,0.015911905094981194,-8.008889991446078e-07,
55,T4,3240,0.04707079502779558,-0.3297991480929759,-0.017224745817153272,0.0007085344610702927,0.0062720870500285585,-0.06264893284815161,0.032105614580805436,0.2881350517272949,0.10287334769964218,0.07915151119232178,0.3910084068775177,0.5762551426887512,0.7139553427696228,4,56,138,"[0.2881, 0.1029, 0.0792, 0.0656, 0.0405, 0.0336, 0.031, 0.0282, 0.0251, 0.0198]","[0.047, 0.33, 0.017, 0.374, 0.054, 0.386, 0.121, 0.056, 0.455, 0.021]",3000,0.08002160489559174,-0.12354446323017666,
55,T5,3240,0.11363530778586146,0.11031224400889324,0.5388441068000732,0.013161515583717323,0.0199963430939275,0.05950314954646525,-0.018731086845959703,0.33332446217536926,0.21138997375965118,0.08197204023599625,0.5447144508361816,0.7248253226280212,0.8147958517074585,3,26,70,"[0.3333, 0.2114, 0.082, 0.0668, 0.0313, 0.027, 0.0227, 0.0148, 0.0142, 0.0111]","[0.114, 0.11, 0.539, 0.397, 0.123, 0.467, 0.214, 0.021, 0.016, 0.172]",3000,0.07256617397069931,-0.1644314064145014,
55,T6,3240,0.12899537884712214,-0.039026934555143694,-0.0314896778009329,0.008941554515763853,0.029694135663855644,0.013157620741501135,0.05959527651433142,0.2991413176059723,0.20559260249137878,0.1297256052494049,0.5047339200973511,0.7224633693695068,0.8202090263366699,4,24,64,"[0.2991, 0.2056, 0.1297, 0.0476, 0.0404, 0.0254, 0.0219, 0.0191, 0.0184, 0.0129]","[0.129, 0.039, 0.031, 0.292, 0.519, 0.437, 0.322, 0.328, 0.015, 0.077]",3000,0.04146736487746239,-0.14932140838413216,
55,T7,3240,-0.16481635262232294,0.1555573024719848,0.04350745302027087,-0.03328038010956246,-0.011860369074521664,-0.09868133519376747,0.0826846235929915,0.5644548535346985,0.23460112512111664,0.041675060987472534,0.7990559935569763,0.881507396697998,0.9298490881919861,4,7,17,"[0.5645, 0.2346, 0.0417, 0.0218, 0.019, 0.0167, 0.0109, 0.008, 0.0069, 0.0058]","[0.165, 0.156, 0.044, 0.488, 0.142, 0.344, 0.454, 0.443, 0.194, 0.062]",3000,0.059726782143116,0.3228463451477187,
55,T8,3240,-0.04178035356018838,0.05479205642943864,-0.47322293633123286,-0.023585727710434125,0.03180215349982517,-0.1453863205302423,0.15388098880440398,0.5952666997909546,0.15390515327453613,0.04530462995171547,0.7491718530654907,0.8661141395568848,0.9243040084838867,3,8,18,"[0.5953, 0.1539, 0.0453, 0.0375, 0.0342, 0.0182, 0.0143, 0.0099, 0.0083, 0.0074]","[0.042, 0.055, 0.473, 0.422, 0.559, 0.225, 0.118, 0.037, 0.076, 0.141]",3000,0.1302834004163742,0.3495111047826954,
55,R0,3240,0.09331131875545207,0.07779002058635043,-0.3673515613735194,0.00311973207879494,0.15732647750283504,-0.00746572586635064,0.14902780684745026,0.878594696521759,0.0471702516078949,0.017081649973988533,0.9257649183273315,0.9645957350730896,0.9819985628128052,5,2,4,"[0.8786, 0.0472, 0.0171, 0.0127, 0.0091, 0.0049, 0.0045, 0.003, 0.0026, 0.0024]","[0.093, 0.078, 0.367, 0.087, 0.368, 0.412, 0.485, 0.204, 0.21, 0.402]",3000,0.06473220884799957,-0.08129472954928789,
55,R1,3240,0.3748975746350371,-0.32761758545446795,-0.05321035248011083,0.0165770818171714,0.0850682242666178,-0.17294494029486188,0.07244484864999952,0.7111964225769043,0.07120149582624435,0.05544784292578697,0.7823979258537292,0.8949128985404968,0.9456548094749451,3,6,11,"[0.7112, 0.0712, 0.0554, 0.0337, 0.0234, 0.0202, 0.014, 0.0062, 0.0055, 0.0049]","[0.375, 0.328, 0.053, 0.556, 0.043, 0.218, 0.149, 0.011, 0.165, 0.012]",3000,0.07676403969526291,-0.15463629164793954,
55,R2,3240,0.16528395098148985,-0.26211204771763985,-0.24061425043883589,0.05362324682262905,0.07021915743471116,-0.05568165465284981,-0.10031426027604406,0.6007327437400818,0.11336997896432877,0.07094227522611618,0.7141027450561523,0.8640569448471069,0.9137508273124695,1,9,23,"[0.6007, 0.1134, 0.0709, 0.0559, 0.0231, 0.0137, 0.0125, 0.009, 0.0082, 0.0063]","[0.165, 0.262, 0.241, 0.578, 0.2, 0.171, 0.11, 0.107, 0.068, 0.186]",3000,0.07002390921115875,-0.2702938713305869,
55,R3,3240,0.04201211095588586,0.11745446930284902,0.19356152676055327,-0.07578316563002366,-0.023705900722311823,0.06315074723986873,-0.1853853524690046,0.640988290309906,0.15185534954071045,0.0390765443444252,0.7928436398506165,0.8824610114097595,0.9382292032241821,2,6,14,"[0.641, 0.1519, 0.0391, 0.029, 0.0215, 0.0185, 0.0148, 0.0096, 0.0071, 0.0057]","[0.042, 0.117, 0.194, 0.289, 0.028, 0.369, 0.6, 0.084, 0.033, 0.249]",3000,0.1415868103504181,-0.2862696605845165,
55,R4,3240,-0.12721912896298732,0.1583732777213919,0.14358166609117365,-0.08070371017533269,0.013362064112562005,-0.08167654690417415,0.1271713130912763,0.8362026810646057,0.03924957290291786,0.031634408980607986,0.8754522800445557,0.9409798979759216,0.9664399027824402,3,3,7,"[0.8362, 0.0392, 0.0316, 0.0185, 0.0154, 0.0068, 0.0062, 0.0047, 0.0041, 0.0037]","[0.127, 0.158, 0.144, 0.399, 0.239, 0.709, 0.056, 0.405, 0.129, 0.148]",3000,0.16584762930870056,0.29699515692810674,
55,R5,3240,-0.17907475774768744,0.40717212916491746,-0.21794757775307763,0.03698030358589726,0.06893525534930106,-0.001432044761698693,0.07540610886618622,0.5697635412216187,0.08141759037971497,0.06691554933786392,0.6511811017990112,0.7984936237335205,0.8854526877403259,3,13,29,"[0.5698, 0.0814, 0.0669, 0.0515, 0.0289, 0.0285, 0.019, 0.0168, 0.0125, 0.0101]","[0.179, 0.407, 0.218, 0.309, 0.135, 0.162, 0.13, 0.075, 0.386, 0.148]",3000,0.18506939709186554,0.053341466454453,
55,R6,3240,0.2912639695223363,-0.41536854533904993,-0.4801163095562218,-0.029857668035416864,0.06641029668377335,0.11326662988272174,0.00307979287011262,0.53811115026474,0.10499944537878036,0.09951192885637283,0.6431105732917786,0.82257080078125,0.8956776261329651,2,11,25,"[0.5381, 0.105, 0.0995, 0.0512, 0.0287, 0.0227, 0.0184, 0.0125, 0.0118, 0.0077]","[0.291, 0.415, 0.48, 0.007, 0.208, 0.237, 0.237, 0.082, 0.004, 0.056]",3000,0.2510015368461609,-0.4350989595508677,
55,R7,3240,-0.13510359884597034,-0.5313467207164545,0.2047435316446645,0.005529747908554306,0.04070580174420723,0.03160050102467631,0.08715005294475003,0.4178698658943176,0.17409268021583557,0.11397214978933334,0.5919625759124756,0.7783637642860413,0.8633317351341248,2,15,36,"[0.4179, 0.1741, 0.114, 0.044, 0.0285, 0.0225, 0.0201, 0.0178, 0.0142, 0.0104]","[0.135, 0.531, 0.205, 0.316, 0.045, 0.014, 0.123, 0.236, 0.146, 0.167]",3000,0.3539462089538574,0.20723663006210533,
56,T0,3240,-0.09808072797484292,0.09857090038017374,0.3213424024794786,-0.04914355103424072,-0.0660640061584147,-0.01071149677395992,-0.10027045846988848,0.7948469519615173,0.11597985029220581,0.04059441760182381,0.9108268022537231,0.966042697429657,0.9820296168327332,5,2,3,"[0.7948, 0.116, 0.0406, 0.0083, 0.0063, 0.0049, 0.0035, 0.0032, 0.0027, 0.0017]","[0.098, 0.099, 0.321, 0.264, 0.023, 0.347, 0.073, 0.488, 0.466, 0.357]",3000,0.06290680170059204,0.012536508843935224,
56,T1,3240,-0.3499006898005526,0.48315818238498015,-0.11911789256751532,0.0077749576342509156,0.010258539120846047,-0.08308220342747724,0.05768934003473971,0.20987291634082794,0.15723901987075806,0.08561080694198608,0.3671119213104248,0.5543577671051025,0.6938332319259644,2,64,157,"[0.2099, 0.1572, 0.0856, 0.0566, 0.045, 0.0398, 0.0306, 0.0271, 0.0224, 0.0196]","[0.35, 0.483, 0.119, 0.058, 0.033, 0.044, 0.202, 0.114, 0.175, 0.081]",3000,0.12731139361858368,0.3516675666351239,
56,T2,3240,0.1073542277691129,-0.42336476125151995,-0.13204218442830437,0.008910575043212266,-0.0022408518598270493,-0.01668741891292131,-0.01954402164209533,0.25746190547943115,0.14122840762138367,0.07428742200136185,0.3986903131008148,0.560575008392334,0.6800737977027893,2,75,186,"[0.2575, 0.1412, 0.0743, 0.0478, 0.0398, 0.0339, 0.0258, 0.0223, 0.0198, 0.0177]","[0.107, 0.423, 0.132, 0.069, 0.059, 0.038, 0.128, 0.099, 0.364, 0.123]",3000,0.09444708377122879,-0.17774974713688188,
56,T3,3240,0.023404517129245395,-0.04511541302902127,0.07526417110537723,0.04220359758124502,0.09115907340132391,-0.04696458932421727,0.010379423544087992,0.32595741748809814,0.1862027794122696,0.11718518286943436,0.5121601819992065,0.7465478181838989,0.857100248336792,3,16,38,"[0.326, 0.1862, 0.1172, 0.074, 0.0432, 0.0291, 0.0254, 0.021, 0.0196, 0.0154]","[0.023, 0.045, 0.075, 0.241, 0.392, 0.069, 0.448, 0.194, 0.348, 0.242]",3000,0.0303749181330204,0.005116465593255652,
56,T4,3240,-0.04509355539605753,-0.31831806485473324,-0.009764185384688066,-2.9005511809243184e-05,-0.003221386157850493,0.05424148859490035,-0.02938268230855826,0.29699480533599854,0.09944995492696762,0.08130089938640594,0.39644476771354675,0.5805892944335938,0.7112413048744202,4,59,142,"[0.297, 0.0994, 0.0813, 0.0636, 0.0392, 0.0319, 0.0305, 0.0258, 0.0241, 0.0185]","[0.045, 0.318, 0.01, 0.388, 0.047, 0.374, 0.084, 0.108, 0.477, 0.001]",3000,0.0730251893401146,0.1344733214013828,
56,T5,3240,-0.10003513507238836,0.1130944544331893,0.5421570858022909,-0.00807733701126353,-0.01847632858086332,-0.06443076404615934,0.014252830064365332,0.3231632113456726,0.21943344175815582,0.08201157301664352,0.5425966382026672,0.7220436334609985,0.8123094439506531,3,26,72,"[0.3232, 0.2194, 0.082, 0.0669, 0.0306, 0.0266, 0.0229, 0.015, 0.0143, 0.0114]","[0.1, 0.113, 0.542, 0.398, 0.107, 0.436, 0.264, 0.023, 0.004, 0.026]",3000,0.0731479674577713,0.1486492920196081,
56,T6,3240,0.13028569727177325,-0.044057708322097516,-0.02638900174862579,0.009564643816060618,0.02665855592285197,0.019831743105889373,0.062073298386626556,0.29539600014686584,0.20501013100147247,0.1295808106660843,0.5004061460494995,0.7183102965354919,0.8168666958808899,4,25,67,"[0.2954, 0.205, 0.1296, 0.0467, 0.0416, 0.0256, 0.0218, 0.0193, 0.0191, 0.0127]","[0.13, 0.044, 0.026, 0.315, 0.504, 0.346, 0.407, 0.272, 0.257, 0.076]",3000,0.042658884078264236,-0.14035380843315207,
56,T7,3240,-0.18181942950274654,0.15412107192998886,-0.041788495765837264,-0.02897697706583339,-0.006914684512825724,-0.08951583284355434,0.07593602294657717,0.5520619750022888,0.24318796396255493,0.041881244629621506,0.7952499389648438,0.8785413503646851,0.9277356863021851,4,7,18,"[0.5521, 0.2432, 0.0419, 0.0225, 0.0189, 0.0167, 0.0112, 0.0084, 0.007, 0.0059]","[0.182, 0.154, 0.042, 0.487, 0.11, 0.381, 0.457, 0.475, 0.189, 0.025]",3000,0.05952125042676926,0.31591830204117016,
56,T8,3240,0.005496599214479496,-0.0934403536602949,-0.48963295211564684,0.014094568424835505,0.10981282893218577,-0.1586467606733292,0.18992549425921937,0.5890626311302185,0.17126457393169403,0.04379401355981827,0.7603272199630737,0.8704413175582886,0.9253228306770325,3,7,18,"[0.5891, 0.1713, 0.0438, 0.0349, 0.0314, 0.0171, 0.0134, 0.0096, 0.0078, 0.007]","[0.005, 0.093, 0.49, 0.276, 0.529, 0.303, 0.106, 0.002, 0.054, 0.086]",3000,0.1291646957397461,0.28418337518572984,
56,R0,3240,0.25116307098422097,0.10964784925724977,0.28076771452028193,0.0235908347178992,0.13314872583448323,0.008729592002304125,0.05751758951620077,0.8804374933242798,0.0468810610473156,0.01596651040017605,0.9273185729980469,0.9667269587516785,0.9831795692443848,4,2,4,"[0.8804, 0.0469, 0.016, 0.015, 0.0085, 0.0049, 0.0042, 0.0027, 0.0024, 0.0022]","[0.251, 0.11, 0.281, 0.069, 0.367, 0.329, 0.432, 0.274, 0.21, 0.435]",3000,0.0592864491045475,-0.24915559760456882,
56,R1,3240,0.32844287660764315,-0.2862099332824089,-0.11323040202067156,0.012106048069173233,0.06075153206220967,-0.17017978671915893,0.08126299382920263,0.7238442897796631,0.07378135621547699,0.04866452142596245,0.7976256608963013,0.9007435441017151,0.9497518539428711,2,5,11,"[0.7238, 0.0738, 0.0487, 0.0304, 0.024, 0.019, 0.0149, 0.0056, 0.0051, 0.0044]","[0.328, 0.286, 0.113, 0.543, 0.129, 0.289, 0.148, 0.021, 0.167, 0.034]",3000,0.06977979838848114,-0.07217719067523712,
56,R2,3240,0.09999305107756659,-0.26647750133726655,-0.21972735920510594,0.03721605859699745,0.06421073943242062,-0.11798335610130661,-0.04199661425377122,0.6074036955833435,0.1169544979929924,0.06879528611898422,0.7243582010269165,0.8667845726013184,0.9169889688491821,1,8,22,"[0.6074, 0.117, 0.0688, 0.0524, 0.0213, 0.0142, 0.0121, 0.0093, 0.0086, 0.006]","[0.1, 0.266, 0.22, 0.586, 0.192, 0.17, 0.119, 0.11, 0.022, 0.12]",3000,0.06666620075702667,-0.0726720037822903,
56,R3,3240,0.014822722611747961,0.13823658407699194,0.15848560902007858,0.023689182003300575,0.12113363071952621,-0.04194629956006757,0.262411093461803,0.654696524143219,0.12688234448432922,0.04201926290988922,0.7815788984298706,0.8765484690666199,0.9322628378868103,2,7,16,"[0.6547, 0.1269, 0.042, 0.0296, 0.0234, 0.0194, 0.0143, 0.0097, 0.0068, 0.0055]","[0.015, 0.138, 0.158, 0.189, 0.045, 0.415, 0.655, 0.014, 0.051, 0.265]",3000,0.13601644337177277,0.14384523918397635,
56,R4,3240,-0.14752516002778876,0.14203846330732453,-0.18210368141000585,-0.06019692371002988,0.017151838013895283,-0.03818540940915102,0.16594891199265768,0.837806224822998,0.03985288739204407,0.031751103699207306,0.8776590824127197,0.9422774314880371,0.9675541520118713,3,3,7,"[0.8378, 0.0399, 0.0318, 0.0181, 0.0148, 0.0066, 0.0064, 0.0046, 0.0042, 0.0035]","[0.148, 0.142, 0.182, 0.334, 0.228, 0.209, 0.675, 0.348, 0.125, 0.137]",3000,0.1613304167985916,0.317552881215678,
56,R5,3240,0.10314546828257805,0.34074391434263646,-0.2359221071390612,-0.02995120708793727,-0.0123328358266982,0.0016132115898192649,-0.01577091426078485,0.5111740827560425,0.0959390252828598,0.07243070751428604,0.6071131229400635,0.7732338905334473,0.8663271069526672,3,16,38,"[0.5112, 0.0959, 0.0724, 0.0598, 0.0339, 0.0281, 0.0225, 0.0172, 0.0142, 0.0112]","[0.103, 0.341, 0.236, 0.29, 0.063, 0.032, 0.332, 0.005, 0.41, 0.055]",3000,0.16994348168373108,0.01925550821709469,
56,R6,3240,0.1861929474552943,-0.5259389337311959,-0.28879006762883747,-0.04262138214250625,0.04516129654139476,0.1157346155519245,0.021733997339184685,0.5054258704185486,0.10851434618234634,0.09958455711603165,0.6139402389526367,0.8052297830581665,0.8847761154174805,2,13,30,"[0.5054, 0.1085, 0.0996, 0.0632, 0.0285, 0.0232, 0.0224, 0.0141, 0.0119, 0.008]","[0.186, 0.526, 0.289, 0.048, 0.233, 0.208, 0.316, 0.166, 0.053, 0.028]",3000,0.23225273191928864,-0.31177754840764754,
56,R7,3240,-0.028069457795600213,-0.4455326183423245,0.3659676676312907,-0.005765587329078545,0.028355001091346546,0.02950594575560615,0.053248897329700395,0.38835591077804565,0.17376458644866943,0.13271720707416534,0.5621204972267151,0.7737349271774292,0.8585684895515442,3,16,40,"[0.3884, 0.1738, 0.1327, 0.0484, 0.0305, 0.0234, 0.0195, 0.0176, 0.0141, 0.0102]","[0.028, 0.446, 0.366, 0.306, 0.023, 0.033, 0.13, 0.16, 0.013, 0.092]",3000,0.3303218185901642,0.08532593795927901,
57,T0,3240,-0.06081632259593782,0.11941186475108627,0.37691869734173034,-0.05815803488688716,-0.058443476473608424,-0.023568780698359885,-0.08414086716347717,0.7631027698516846,0.13140420615673065,0.046540841460227966,0.8945069909095764,0.9591128826141357,0.9781875610351562,5,3,4,"[0.7631, 0.1314, 0.0465, 0.0104, 0.0077, 0.0058, 0.0042, 0.0038, 0.0032, 0.0021]","[0.061, 0.119, 0.377, 0.272, 0.024, 0.306, 0.014, 0.495, 0.51, 0.351]",3000,0.062241364270448685,0.01851045055238546,
57,T1,3240,-0.3871126892079217,0.47129963849464995,-0.10002674515052946,0.006853748553013141,0.007817597960157064,-0.08485746540385977,0.07302624317560578,0.2053564190864563,0.15573617815971375,0.08277871459722519,0.36109259724617004,0.5485125780105591,0.6889601945877075,2,65,161,"[0.2054, 0.1557, 0.0828, 0.0577, 0.047, 0.0395, 0.0312, 0.0268, 0.0223, 0.0206]","[0.387, 0.471, 0.1, 0.051, 0.036, 0.033, 0.232, 0.103, 0.195, 0.125]",3000,0.12811808288097382,0.3956762460269854,
57,T2,3240,0.09977996308018729,-0.4224448016335092,0.1427111701691899,0.00566861983275887,-0.006888385310395307,-0.011942739470803293,-0.016920679228734664,0.26325997710227966,0.13593564927577972,0.0748191624879837,0.3991956114768982,0.5609062910079956,0.6788084506988525,2,75,187,"[0.2633, 0.1359, 0.0748, 0.0468, 0.0401, 0.0334, 0.026, 0.0218, 0.0197, 0.0171]","[0.1, 0.422, 0.143, 0.074, 0.067, 0.051, 0.143, 0.091, 0.366, 0.154]",3000,0.09269827604293823,-0.16718592612704028,
57,T3,3240,0.02930626450288282,-0.02192998173297329,0.058765284710106114,0.04081551145173272,0.0885092991241035,-0.049321925128841634,0.006976136086709047,0.33763206005096436,0.1874127835035324,0.11047101020812988,0.525044858455658,0.7439301609992981,0.856403648853302,3,16,38,"[0.3376, 0.1874, 0.1105, 0.0695, 0.0389, 0.031, 0.0252, 0.0215, 0.0195, 0.0153]","[0.029, 0.022, 0.059, 0.333, 0.266, 0.229, 0.418, 0.016, 0.298, 0.327]",3000,0.032798465341329575,-0.0014642746463516486,
57,T4,3240,-0.04787918407344948,-0.3146066451429393,0.01218923925216285,-0.0009979986903346542,-0.002686213373352262,0.05129034346335518,-0.026391379646663795,0.2868522107601166,0.09969478100538254,0.08110262453556061,0.3865469992160797,0.5731619596481323,0.7056450247764587,4,59,142,"[0.2869, 0.0997, 0.0811, 0.0652, 0.0403, 0.0321, 0.0315, 0.0254, 0.0247, 0.0189]","[0.048, 0.315, 0.012, 0.38, 0.099, 0.316, 0.198, 0.08, 0.487, 0.042]",3000,0.07703699916601181,0.14364065866341957,
57,T5,3240,-0.10639838731961866,0.07365559893911527,0.5090692886245453,-0.015163817946431223,-0.018622387965434854,-0.06343796290972699,0.02687420070367604,0.31964588165283203,0.21842913329601288,0.08226368576288223,0.5380750298500061,0.7171518206596375,0.8091483116149902,3,28,76,"[0.3196, 0.2184, 0.0823, 0.067, 0.0298, 0.0261, 0.0229, 0.0161, 0.0151, 0.0118]","[0.106, 0.074, 0.509, 0.44, 0.142, 0.423, 0.261, 0.024, 0.06, 0.012]",3000,0.0718274712562561,0.16945094932774735,
57,T6,3240,0.1410956819174734,-0.043993395151491255,-0.022117441781207264,0.009209211040526634,0.021691888742112846,0.03222650580894389,0.06056984723398955,0.2939038872718811,0.20498062670230865,0.12831920385360718,0.49888449907302856,0.7156996130943298,0.8143906593322754,5,26,70,"[0.2939, 0.205, 0.1283, 0.0467, 0.0418, 0.0257, 0.0216, 0.0197, 0.019, 0.0127]","[0.141, 0.044, 0.022, 0.428, 0.419, 0.328, 0.382, 0.128, 0.316, 0.096]",3000,0.042249202728271484,-0.15331927425213548,
57,T7,3240,-0.17812212153468326,0.15890089166987462,0.053516640600690044,-0.026429936651753645,-0.0018979595413657002,-0.09264279045710386,0.08168519598476846,0.5525084733963013,0.23754478991031647,0.043818846344947815,0.7900532484054565,0.876147449016571,0.9261726140975952,4,7,19,"[0.5525, 0.2375, 0.0438, 0.0229, 0.0194, 0.0171, 0.0113, 0.0085, 0.007, 0.0061]","[0.178, 0.159, 0.054, 0.489, 0.077, 0.395, 0.445, 0.495, 0.183, 0.019]",3000,0.05911257863044739,0.317064577380926,
57,T8,3240,-0.017711399191800436,0.08808505230773209,-0.390294090569115,0.017608014449111795,0.10053218033190901,-0.14021036530183204,0.16246060925355235,0.5910964608192444,0.16769129037857056,0.04421796277165413,0.7587877511978149,0.8712829351425171,0.9265245795249939,4,7,17,"[0.5911, 0.1677, 0.0442, 0.0347, 0.0336, 0.0179, 0.0134, 0.0093, 0.0078, 0.0069]","[0.018, 0.088, 0.39, 0.549, 0.524, 0.326, 0.114, 0.01, 0.054, 0.048]",3000,0.1276979148387909,0.2731828148406932,
57,R0,3240,0.25919723037226783,0.1098693589961482,-0.3325756986933364,0.04347703504689133,0.13388732803428693,0.029428371109364998,0.03973566284381622,0.880715548992157,0.045814063400030136,0.017043868079781532,0.926529586315155,0.9653876423835754,0.9834073185920715,5,2,4,"[0.8807, 0.0458, 0.017, 0.0137, 0.0082, 0.0066, 0.0043, 0.0026, 0.0024, 0.0022]","[0.259, 0.11, 0.333, 0.102, 0.345, 0.279, 0.452, 0.323, 0.291, 0.44]",3000,0.05901867151260376,-0.28655031224309896,
57,R1,3240,0.34340661569944936,-0.30147335943362263,-0.08493219991421684,0.009668971457322924,0.09010091830160484,-0.16722638585912092,0.10843681392771534,0.7421687245368958,0.06197679042816162,0.0437106229364872,0.8041455149650574,0.9045968651771545,0.9534869194030762,5,5,10,"[0.7422, 0.062, 0.0437, 0.0301, 0.0266, 0.0183, 0.0163, 0.0052, 0.0048, 0.0042]","[0.343, 0.301, 0.085, 0.482, 0.49, 0.339, 0.242, 0.006, 0.15, 0.058]",3000,0.06816234439611435,-0.1268541328814884,
57,R2,3240,0.019928738350088064,-0.28724108827476225,-0.16271032033886912,0.03713957743238756,0.07162735278445859,-0.15343070703454437,-0.010117486325977474,0.6271055936813354,0.1064218133687973,0.06403869390487671,0.733527421951294,0.8680118918418884,0.9213206768035889,1,8,20,"[0.6271, 0.1064, 0.064, 0.0502, 0.0203, 0.0171, 0.012, 0.0099, 0.0085, 0.0058]","[0.02, 0.287, 0.163, 0.59, 0.199, 0.094, 0.135, 0.138, 0.005, 0.099]",3000,0.06438470631837845,0.05118318574132034,
57,R3,3240,0.015912253053350582,0.13674031490088728,0.17569109982490472,0.03618871999404317,0.1261749074154386,-0.051033430692210946,0.2540737691087205,0.6646625995635986,0.11907351016998291,0.041956428438425064,0.7837361097335815,0.8774264454841614,0.9341892600059509,2,7,16,"[0.6647, 0.1191, 0.042, 0.0286, 0.0231, 0.0216, 0.0138, 0.0092, 0.007, 0.0052]","[0.016, 0.137, 0.176, 0.161, 0.043, 0.391, 0.667, 0.007, 0.002, 0.249]",3000,0.13102389872074127,0.12214315816194625,
57,R4,3240,-0.13047925794859197,0.1695917650364702,-0.18948425983164371,-0.05203007676758949,-0.013055475469859303,-0.06918153075103779,0.1381960543868854,0.8374442458152771,0.03848586976528168,0.035967327654361725,0.87593013048172,0.9439730644226074,0.9689833521842957,3,3,6,"[0.8374, 0.0385, 0.036, 0.0182, 0.0138, 0.0068, 0.006, 0.0049, 0.0039, 0.0035]","[0.13, 0.17, 0.189, 0.303, 0.209, 0.153, 0.679, 0.494, 0.182, 0.128]",3000,0.15554645657539368,0.3920346381790485,
57,R5,3240,0.03691476644834215,0.34195368114515734,-0.2159153809067051,-0.026900914215712227,-0.016149814902303907,-0.005752748219075167,0.01373964442130239,0.5223898887634277,0.09162544459104538,0.0693574920296669,0.6140153408050537,0.7773473858833313,0.8700269460678101,3,15,37,"[0.5224, 0.0916, 0.0694, 0.0602, 0.0338, 0.0288, 0.0215, 0.0176, 0.014, 0.0109]","[0.037, 0.342, 0.216, 0.295, 0.088, 0.088, 0.308, 0.078, 0.403, 0.086]",3000,0.16866612434387207,0.11497638028563463,
57,R6,3240,0.1640349928250183,-0.5118248148361719,-0.2907460936473395,-0.04559027192334761,0.04597003647815622,0.12538837237181827,0.03373013374382787,0.5066956877708435,0.10803622007369995,0.09952409565448761,0.6147319078445435,0.805663526058197,0.8856802582740784,2,13,30,"[0.5067, 0.108, 0.0995, 0.0639, 0.0275, 0.0233, 0.0224, 0.014, 0.0121, 0.0082]","[0.164, 0.512, 0.291, 0.059, 0.23, 0.07, 0.332, 0.16, 0.075, 0.003]",3000,0.23213869333267212,-0.28745594782726397,
57,R7,3240,-0.029051136748806692,-0.43101374579344587,0.3769189714796893,-0.006025536324278608,0.03683437684761616,0.033586835005996456,0.056109899581809064,0.38934820890426636,0.1712932288646698,0.13661660254001617,0.5606414079666138,0.7734689712524414,0.8598681092262268,3,16,39,"[0.3893, 0.1713, 0.1366, 0.0459, 0.0303, 0.0236, 0.0198, 0.0178, 0.0153, 0.0099]","[0.029, 0.431, 0.377, 0.301, 0.028, 0.026, 0.147, 0.088, 0.045, 0.085]",3000,0.3282618522644043,0.062225198566335675,
58,T0,3240,-0.03745946973138235,-0.14594370365991458,0.3304499975339752,-0.05293432205915631,-0.05346938733869732,-0.021497172284279366,-0.07799432074305825,0.7815957069396973,0.12353534251451492,0.0376572348177433,0.9051310420036316,0.9608584642410278,0.9790974855422974,4,2,4,"[0.7816, 0.1235, 0.0377, 0.0107, 0.0073, 0.0055, 0.0041, 0.0036, 0.0031, 0.002]","[0.037, 0.146, 0.33, 0.281, 0.014, 0.28, 0.15, 0.521, 0.539, 0.31]",3000,0.061776455491781235,-0.001679872231449063,
58,T1,3240,-0.35680481316502377,0.4610912906600163,-0.09098065562007275,0.010477827195908623,0.013864079973338515,-0.08958165253959188,0.05885645620942505,0.19364067912101746,0.1591397374868393,0.08125379681587219,0.35278040170669556,0.5422008633613586,0.6851280331611633,2,67,162,"[0.1936, 0.1591, 0.0813, 0.0613, 0.0468, 0.0389, 0.0329, 0.0276, 0.0226, 0.0209]","[0.357, 0.461, 0.091, 0.009, 0.02, 0.016, 0.249, 0.146, 0.215, 0.0]",3000,0.12912099063396454,0.352160052036256,
58,T2,3240,0.1114308064912599,-0.42010019676002025,-0.1333057513843838,0.002052443521477407,-0.0037586127114139344,-0.019717263868544863,-0.020142518741905844,0.2643083333969116,0.13197381794452667,0.07175597548484802,0.3962821364402771,0.5539114475250244,0.6741088032722473,1,77,191,"[0.2643, 0.132, 0.0718, 0.0453, 0.0406, 0.0339, 0.0252, 0.0222, 0.0218, 0.0171]","[0.111, 0.42, 0.133, 0.086, 0.078, 0.06, 0.161, 0.105, 0.253, 0.156]",3000,0.08889280259609222,-0.17206793148491503,
58,T3,3240,0.03532914707954584,-0.003603469167193557,0.07387641338845645,0.0435014497589645,0.08988188720891897,-0.050990772931516555,0.00013430953696134094,0.34320560097694397,0.18760226666927338,0.10367369651794434,0.5308078527450562,0.7471368312835693,0.8581870198249817,3,16,37,"[0.3432, 0.1876, 0.1037, 0.0727, 0.0399, 0.0309, 0.0247, 0.0214, 0.0191, 0.015]","[0.035, 0.004, 0.074, 0.311, 0.231, 0.249, 0.406, 0.025, 0.29, 0.344]",3000,0.02871706336736679,-0.00641432754970576,
58,T4,3240,-0.050398565077770074,-0.27846622864685017,0.058970839132611565,-0.0032735645302401422,-0.003990823986575929,0.05371607237121979,-0.026435043051484423,0.2840859591960907,0.10286279022693634,0.08475465327501297,0.38694876432418823,0.5759937763214111,0.706849217414856,2,57,138,"[0.2841, 0.1029, 0.0848, 0.0642, 0.0401, 0.0314, 0.0305, 0.0258, 0.0245, 0.0185]","[0.05, 0.278, 0.059, 0.364, 0.106, 0.128, 0.272, 0.104, 0.517, 0.114]",3000,0.0769105851650238,0.14178050462956057,
58,T5,3240,-0.08284788550845981,0.08375289468156802,0.5115622225566996,-0.01211486919171798,-0.017190379211955435,-0.05630598954424821,0.02614248176037606,0.3189237117767334,0.2179100513458252,0.08211442828178406,0.5368337631225586,0.7148119807243347,0.8076871633529663,4,29,79,"[0.3189, 0.2179, 0.0821, 0.0669, 0.029, 0.0256, 0.0225, 0.0168, 0.0161, 0.0119]","[0.083, 0.084, 0.512, 0.436, 0.138, 0.379, 0.303, 0.04, 0.093, 0.008]",3000,0.07060133665800095,0.145069736860156,
58,T6,3240,0.147696779655973,-0.05036771953835402,0.003729438041444458,0.010942201089554416,0.02245255694835557,0.040152004370098665,0.0549360756269095,0.2912142276763916,0.203114315867424,0.12987834215164185,0.4943285584449768,0.7124004364013672,0.8109722137451172,4,27,73,"[0.2912, 0.2031, 0.1299, 0.0464, 0.0418, 0.0257, 0.0218, 0.0196, 0.0188, 0.0127]","[0.148, 0.05, 0.004, 0.394, 0.442, 0.339, 0.283, 0.292, 0.307, 0.079]",3000,0.041336655616760254,-0.16667497074188486,
58,T7,3240,-0.17015598359074766,0.1639413185649166,0.06594105194432472,-0.02569391286559776,-0.00209949969966859,-0.09075487908823555,0.0784021342897931,0.5475713610649109,0.23754183948040009,0.04499014467000961,0.7851132154464722,0.8731209635734558,0.924371063709259,4,7,19,"[0.5476, 0.2375, 0.045, 0.0234, 0.0197, 0.0176, 0.0114, 0.0088, 0.0072, 0.0062]","[0.17, 0.164, 0.066, 0.464, 0.114, 0.419, 0.439, 0.478, 0.205, 0.02]",3000,0.058231420814991,0.3005085718259645,
58,T8,3240,-0.04138744348985601,0.09302011179896949,-0.3313834740500712,0.013786189250302056,0.09392758263171272,-0.13486990939505308,0.16932201641081668,0.5921912789344788,0.16804572939872742,0.045754920691251755,0.7602369785308838,0.8735563158988953,0.9277424216270447,3,7,17,"[0.5922, 0.168, 0.0458, 0.0339, 0.0337, 0.0174, 0.0132, 0.0091, 0.0077, 0.0068]","[0.041, 0.093, 0.331, 0.629, 0.032, 0.342, 0.111, 0.03, 0.049, 0.03]",3000,0.1270449459552765,0.29622620484630224,
58,R0,3240,0.25193235719490803,0.11441482226351764,-0.2640122389416489,0.05477295146596324,0.13030016797285163,0.06061704568766417,0.013639680479647066,0.8805649280548096,0.04441740736365318,0.017796294763684273,0.9249823093414307,0.9641758799552917,0.9834684729576111,5,2,4,"[0.8806, 0.0444, 0.0178, 0.013, 0.0084, 0.0078, 0.0043, 0.0028, 0.0024, 0.0021]","[0.252, 0.114, 0.264, 0.106, 0.268, 0.383, 0.436, 0.315, 0.395, 0.399]",3000,0.05861392244696617,-0.3613930257891862,
58,R1,3240,0.34371469987728737,-0.2951192189461677,-0.0756229730974069,0.0033407765449813935,0.11323983709304469,-0.13750677529885322,0.13466287948177857,0.7528432011604309,0.05688769742846489,0.04068233445286751,0.8097308874130249,0.9094831943511963,0.9561744332313538,3,5,9,"[0.7528, 0.0569, 0.0407, 0.0342, 0.0249, 0.0176, 0.0155, 0.0049, 0.0047, 0.004]","[0.344, 0.295, 0.076, 0.22, 0.523, 0.304, 0.268, 0.034, 0.149, 0.062]",3000,0.06653723120689392,-0.17653538542730748,
58,R2,3240,0.040187423579359796,-0.26808779331006855,-0.18059148507168576,0.027492439657394376,0.07959962178999513,-0.14594022504994725,-0.0028198969651374232,0.6361005902290344,0.10385201126337051,0.0625898614525795,0.7399526238441467,0.8703740835189819,0.9244086146354675,1,7,19,"[0.6361, 0.1039, 0.0626, 0.0486, 0.0192, 0.0187, 0.0114, 0.0104, 0.008, 0.0056]","[0.04, 0.268, 0.181, 0.589, 0.187, 0.1, 0.137, 0.17, 0.009, 0.09]",3000,0.06135418266057968,0.004500941067074626,
58,R3,3240,-0.06908581521213056,0.11056081304649497,0.18303548437088274,0.09040876476493016,0.02233097834999516,-0.08718135741986033,0.12586650961370996,0.6497961282730103,0.14123746752738953,0.040967460721731186,0.7910336256027222,0.8827256560325623,0.9377231597900391,1,6,14,"[0.6498, 0.1412, 0.041, 0.0285, 0.0222, 0.0222, 0.0128, 0.0086, 0.0065, 0.0049]","[0.069, 0.111, 0.183, 0.15, 0.172, 0.016, 0.667, 0.012, 0.016, 0.244]",3000,0.11971495300531387,0.34362482934386546,
58,R4,3240,-0.17016546533304147,-0.0420322417757343,0.17205828364051312,-0.057473028936329655,0.00038280700789160136,-0.058697770044322875,0.14798834651781112,0.833955705165863,0.03938450291752815,0.038073670119047165,0.8733401894569397,0.9431720972061157,0.9688347578048706,2,3,6,"[0.834, 0.0394, 0.0381, 0.0184, 0.0134, 0.0075, 0.0059, 0.005, 0.0039, 0.0035]","[0.17, 0.042, 0.172, 0.247, 0.228, 0.137, 0.662, 0.54, 0.201, 0.097]",3000,0.15402734279632568,0.38660702995315893,
58,R5,3240,0.029489020031455072,0.3312857994584807,-0.2122883131253936,-0.017848623177843276,-0.030040593853891365,0.009310365580856784,-0.006645773676531756,0.5174154043197632,0.09204351156949997,0.06951145082712173,0.6094589233398438,0.7744156718254089,0.86934894323349,3,15,37,"[0.5174, 0.092, 0.0695, 0.0612, 0.0343, 0.0293, 0.0227, 0.0179, 0.0141, 0.0111]","[0.029, 0.331, 0.212, 0.301, 0.09, 0.067, 0.276, 0.169, 0.4, 0.093]",3000,0.16861185431480408,0.09811767327440883,
58,R6,3240,0.1968505108572868,-0.5403220921880373,-0.22896617943321043,-0.047155507921144736,0.042350915617800834,0.12813505259607427,0.008647046545240369,0.5031243562698364,0.1080700159072876,0.10406088083982468,0.611194372177124,0.807285487651825,0.8866385817527771,2,12,29,"[0.5031, 0.1081, 0.1041, 0.0639, 0.0281, 0.0239, 0.0219, 0.0137, 0.0119, 0.008]","[0.197, 0.54, 0.229, 0.055, 0.204, 0.05, 0.31, 0.159, 0.1, 0.053]",3000,0.23543933033943176,-0.34035533582010796,
58,R7,3240,0.019497383684197574,-0.42440867258264003,0.37591937861752983,-0.00991869676991473,0.028003642228004014,0.04040726888729309,0.0409181375076484,0.3833076059818268,0.17878295481204987,0.13678961992263794,0.5620905756950378,0.7757005095481873,0.8615362048149109,3,16,38,"[0.3833, 0.1788, 0.1368, 0.0461, 0.0307, 0.0239, 0.0196, 0.0176, 0.0151, 0.0097]","[0.019, 0.424, 0.376, 0.309, 0.015, 0.031, 0.162, 0.075, 0.039, 0.073]",3000,0.32752519845962524,-0.010812128825407111,
59,T0,3240,-0.20016657888496145,0.11364436297774023,0.2447818055734831,-0.008277265309603661,-0.023946549536647176,0.0030268478474276854,-0.05687319406428369,0.9457307457923889,0.03235306963324547,0.006607645656913519,0.9780837893486023,0.9897425174713135,0.9945319890975952,4,1,2,"[0.9457, 0.0324, 0.0066, 0.0031, 0.0019, 0.0015, 0.0011, 0.0009, 0.0008, 0.0005]","[0.2, 0.114, 0.245, 0.309, 0.044, 0.248, 0.081, 0.547, 0.532, 0.315]",3000,0.06135915219783783,0.10758337369953334,
59,T1,3240,0.44401578318691354,0.44270417686775887,-0.08503021071238177,-0.0020073801117734724,-0.011964192402450741,0.0916484329147684,-0.11420362136795627,0.19352996349334717,0.15352030098438263,0.07773717492818832,0.3470502495765686,0.5295347571372986,0.6770466566085815,2,69,165,"[0.1935, 0.1535, 0.0777, 0.0593, 0.0454, 0.043, 0.0334, 0.0278, 0.023, 0.0203]","[0.444, 0.443, 0.085, 0.005, 0.014, 0.073, 0.269, 0.117, 0.212, 0.014]",3000,0.1260625272989273,-0.4865815934305105,
59,T2,3240,0.1046005699026555,0.4210765573035668,-0.1555652748409113,-0.004353476031987076,-0.007403494354711816,-0.013067123789880534,-0.017367457217310298,0.2599116563796997,0.1292531043291092,0.07341060042381287,0.3891647458076477,0.5512145161628723,0.6729274392127991,1,77,189,"[0.2599, 0.1293, 0.0734, 0.047, 0.0416, 0.0325, 0.0263, 0.0233, 0.0217, 0.0179]","[0.105, 0.421, 0.156, 0.099, 0.029, 0.099, 0.135, 0.182, 0.149, 0.057]",3000,0.08794881403446198,-0.1619639583150343,
59,T3,3240,0.07249266127182681,-0.02731878784077098,0.0840242077427456,0.040672857188972615,0.08544269683894062,-0.03759231337349775,-0.008266929211046404,0.6374184489250183,0.09253381192684174,0.07671000063419342,0.7299522757530212,0.8762363195419312,0.92985600233078,3,7,15,"[0.6374, 0.0925, 0.0767, 0.0467, 0.0229, 0.0143, 0.0121, 0.0106, 0.0092, 0.0074]","[0.072, 0.027, 0.084, 0.034, 0.4, 0.114, 0.454, 0.117, 0.136, 0.345]",3000,-0.019455747678875923,0.01629766979920143,
59,T4,3240,-0.038139768535841244,0.3338944404809011,-0.0181160360225058,-0.0013627201123562905,-0.0021465139137833763,0.053746356915397614,-0.029025547087271692,0.2863274812698364,0.09356134384870529,0.0843726098537445,0.3798888325691223,0.5637210607528687,0.7015856504440308,4,57,137,"[0.2863, 0.0936, 0.0844, 0.0586, 0.0409, 0.0344, 0.0306, 0.0283, 0.026, 0.0186]","[0.038, 0.334, 0.018, 0.349, 0.003, 0.133, 0.311, 0.132, 0.417, 0.07]",3000,0.06870435923337936,0.12078420351684759,
59,T5,3240,-0.10411745509439548,0.05260045669590791,-0.4488762411393882,-0.013218039645836233,-0.016579832792043715,-0.06434928544340233,0.022839791841778166,0.31162071228027344,0.21802912652492523,0.0820697769522667,0.5296498537063599,0.7077749371528625,0.8034729361534119,4,30,83,"[0.3116, 0.218, 0.0821, 0.0666, 0.0294, 0.0262, 0.0225, 0.0181, 0.0166, 0.0124]","[0.104, 0.053, 0.449, 0.5, 0.202, 0.301, 0.313, 0.016, 0.018, 0.057]",3000,0.0683872178196907,0.17253307664094245,
59,T6,3240,-0.15114772490786485,-0.044391053960568416,0.009886799714961444,-0.010940519329256836,-0.02313592994203294,-0.037956598993328906,-0.04438199843674255,0.2917240262031555,0.1949823647737503,0.13237152993679047,0.48670637607574463,0.7067105174064636,0.8071495890617371,4,28,75,"[0.2917, 0.195, 0.1324, 0.0472, 0.0405, 0.0266, 0.023, 0.0191, 0.0189, 0.0128]","[0.151, 0.044, 0.01, 0.353, 0.474, 0.339, 0.103, 0.323, 0.271, 0.082]",3000,0.03982631862163544,0.17606362959098898,
59,T7,3240,-0.15393448238464344,0.1668645225216326,-0.07175937444966667,-0.017906816024530838,0.009834966259507113,-0.08267926128260546,0.12842091873158493,0.5366255640983582,0.25057491660118103,0.04445101320743561,0.7872004508972168,0.8750802874565125,0.9250215291976929,4,7,19,"[0.5366, 0.2506, 0.0445, 0.0235, 0.0199, 0.0171, 0.011, 0.0086, 0.007, 0.0063]","[0.154, 0.167, 0.072, 0.45, 0.177, 0.352, 0.418, 0.467, 0.22, 0.048]",3000,0.05717971920967102,0.3099441961056324,
59,T8,3240,-0.022813405737972272,-0.13042407405147316,-0.21134187108601363,0.036498991953948616,0.09752999282959526,-0.11082997278383705,0.138489002544702,0.564298152923584,0.194691002368927,0.049427926540374756,0.758989155292511,0.8749774694442749,0.9294177889823914,2,7,16,"[0.5643, 0.1947, 0.0494, 0.034, 0.0326, 0.0187, 0.0127, 0.0083, 0.008, 0.0067]","[0.023, 0.13, 0.211, 0.658, 0.195, 0.306, 0.049, 0.078, 0.089, 0.1]",3000,0.12134139984846115,0.22491026854319254,
59,R0,3240,0.1867128686417974,0.1286875921388266,-0.3268241557031187,0.07098843833526905,0.14971975986590197,0.06774219148812856,0.004960355606140925,0.8692525029182434,0.048068515956401825,0.019566744565963745,0.9173210263252258,0.9606595635414124,0.9820656776428223,6,2,4,"[0.8693, 0.0481, 0.0196, 0.0144, 0.0093, 0.009, 0.0043, 0.0032, 0.0026, 0.0023]","[0.187, 0.129, 0.327, 0.11, 0.256, 0.389, 0.415, 0.334, 0.399, 0.419]",3000,0.05779929459095001,-0.32776745937758384,
59,R1,3240,0.5288353529814526,0.32210680898039135,-0.08102270270278963,0.05612986328055795,0.08706053782986319,-0.0848333880360371,-0.052623992887563364,0.7285664081573486,0.06391735374927521,0.04435759782791138,0.7924837470054626,0.903410792350769,0.9538467526435852,3,5,10,"[0.7286, 0.0639, 0.0444, 0.0394, 0.0272, 0.0196, 0.0165, 0.0054, 0.005, 0.004]","[0.529, 0.322, 0.081, 0.108, 0.546, 0.09, 0.225, 0.202, 0.047, 0.114]",3000,0.06982281804084778,-0.557814112151438,
59,R2,3240,0.07673543162015879,-0.2972431846963501,-0.14509118179435843,0.02915298410617048,0.05973334640173048,-0.0874968992452712,-0.06276848774351347,0.6368257403373718,0.10593459010124207,0.06324972212314606,0.7427603006362915,0.8735376000404358,0.9265029430389404,1,7,18,"[0.6368, 0.1059, 0.0632, 0.0482, 0.0194, 0.0181, 0.0114, 0.0104, 0.0078, 0.0053]","[0.077, 0.297, 0.145, 0.579, 0.23, 0.165, 0.043, 0.2, 0.066, 0.089]",3000,0.06141672283411026,-0.1626268674036752,
59,R3,3240,0.1472834379463271,0.10418035990477185,0.09737917661419675,-0.09458260401963227,-0.01119087272423295,0.05466323160507434,-0.11589400000479023,0.6580097675323486,0.13542777299880981,0.04153771325945854,0.7934375405311584,0.8853405714035034,0.9390180110931396,2,6,14,"[0.658, 0.1354, 0.0415, 0.0278, 0.0226, 0.0221, 0.0123, 0.0083, 0.0064, 0.0047]","[0.147, 0.104, 0.097, 0.13, 0.033, 0.46, 0.662, 0.006, 0.009, 0.242]",3000,0.11750300973653793,-0.39302177903855623,
59,R4,3240,-0.25716432740465395,0.0628021025151133,0.17427545117751697,-0.0825672314989732,-0.02665831734453278,-0.08010377628548004,0.11202795870979883,0.8183548450469971,0.044270291924476624,0.03918150067329407,0.8626251220703125,0.9372954964637756,0.966112494468689,2,3,7,"[0.8184, 0.0443, 0.0392, 0.0198, 0.0157, 0.0088, 0.0063, 0.0053, 0.0046, 0.0038]","[0.257, 0.063, 0.174, 0.116, 0.215, 0.1, 0.651, 0.568, 0.274, 0.095]",3000,0.1521158367395401,0.4511860393246528,
59,R5,3240,-0.06185489258029862,0.3698150597923927,-0.11061538989623572,0.029553882857300002,0.10267216534448015,-0.03493536706690871,0.09041099967799639,0.5575639605522156,0.08506505191326141,0.0636238232254982,0.6426290273666382,0.7894282341003418,0.8778252601623535,4,14,34,"[0.5576, 0.0851, 0.0636, 0.0535, 0.0296, 0.0275, 0.0211, 0.0168, 0.0133, 0.0097]","[0.062, 0.37, 0.111, 0.306, 0.116, 0.076, 0.327, 0.174, 0.354, 0.181]",3000,0.16531668603420258,0.01822843095186639,
59,R6,3240,0.4054867314841917,0.24389468885303234,-0.5534207921937444,-0.05641654834810725,0.0428967022054353,0.11314952097708403,-0.07038078576182089,0.49496427178382874,0.10901269316673279,0.10460416227579117,0.6039769649505615,0.8031385540962219,0.8842397928237915,3,13,30,"[0.495, 0.109, 0.1046, 0.065, 0.0295, 0.0253, 0.0217, 0.0139, 0.0123, 0.0079]","[0.405, 0.244, 0.553, 0.055, 0.181, 0.038, 0.328, 0.148, 0.134, 0.057]",3000,0.2324269860982895,-0.5713264445891264,
59,R7,3240,0.10764935352134465,-0.3045857395782528,-0.4601451669494841,-0.02357293593350284,0.017799590838825142,0.04561159888328446,0.01423902306480545,0.3739926815032959,0.18923631310462952,0.1360827088356018,0.563228964805603,0.7777491807937622,0.8629292845726013,2,16,37,"[0.374, 0.1892, 0.1361, 0.0468, 0.0317, 0.0239, 0.0195, 0.0174, 0.015, 0.0094]","[0.108, 0.305, 0.46, 0.3, 0.01, 0.044, 0.179, 0.003, 0.069, 0.049]",3000,0.32441720366477966,-0.10818183710323491,
60,T0,3240,-0.11471617232620715,-0.138301578410871,0.2891572578765922,-0.04473608330106194,-0.052794113358081145,-0.028538203411177215,-0.06570521543924074,0.7019426226615906,0.18771710991859436,0.021482793614268303,0.8896597623825073,0.942531168460846,0.9692527651786804,2,3,6,"[0.7019, 0.1877, 0.0215, 0.0188, 0.0126, 0.0084, 0.0064, 0.0047, 0.0043, 0.0029]","[0.115, 0.138, 0.289, 0.31, 0.044, 0.199, 0.238, 0.608, 0.184, 0.219]",3000,0.059831298887729645,0.012323427921486007,
60,T1,3240,-0.1771684572467828,0.48704307254883394,-0.09618085694626842,0.03209381637870777,0.022074731214790002,-0.059469047565941076,-0.029080539372616742,0.18811644613742828,0.1489330530166626,0.0734834223985672,0.3370494842529297,0.519862949848175,0.6652942299842834,1,73,175,"[0.1881, 0.1489, 0.0735, 0.0652, 0.0442, 0.0385, 0.0332, 0.0291, 0.0234, 0.0213]","[0.177, 0.487, 0.096, 0.051, 0.004, 0.001, 0.226, 0.19, 0.189, 0.01]",3000,0.1141946017742157,0.11348688984558407,
60,T2,3240,0.10100861164189602,-0.4110155121557835,0.1617598939437772,-0.0008151737089149353,-0.0038224149539922065,-0.012853024417411346,-0.025762217379184903,0.24993042647838593,0.12451355904340744,0.07529410719871521,0.37444397807121277,0.5362669229507446,0.659635066986084,1,84,202,"[0.2499, 0.1245, 0.0753, 0.0456, 0.0409, 0.0352, 0.0258, 0.0223, 0.0216, 0.0185]","[0.101, 0.411, 0.162, 0.139, 0.008, 0.058, 0.157, 0.009, 0.198, 0.023]",3000,0.0853106677532196,-0.17010678541803412,
60,T3,3240,0.01385070213690046,-0.01251947805244074,0.006851080423354923,0.033576415547665855,0.07831226343572201,-0.051670076123473026,0.010950964025574925,0.3520691692829132,0.19615624845027924,0.10055795311927795,0.5482254028320312,0.742405891418457,0.8474635481834412,4,17,40,"[0.3521, 0.1962, 0.1006, 0.061, 0.0327, 0.0252, 0.0238, 0.0223, 0.0192, 0.0146]","[0.014, 0.013, 0.007, 0.407, 0.004, 0.358, 0.316, 0.037, 0.044, 0.468]",3000,0.0226657222956419,0.009365639067114089,
60,T4,3240,-0.03305135708773356,-0.3130077367590765,0.03602869028641069,-0.000963818028654946,-0.01069960609599825,0.07297049400891435,-0.047702177920812903,0.30603551864624023,0.10605902969837189,0.07567104697227478,0.4120945334434509,0.5817855000495911,0.7093746066093445,3,57,135,"[0.306, 0.1061, 0.0757, 0.0554, 0.0386, 0.0309, 0.0291, 0.0259, 0.0239, 0.0178]","[0.033, 0.313, 0.036, 0.36, 0.044, 0.124, 0.269, 0.183, 0.415, 0.25]",3000,0.059842173010110855,0.09558063849160123,
60,T5,3240,-0.07246189359081708,0.05654392398430582,-0.33999221295530796,-0.019793037899931816,-0.024207100891295977,-0.04902584134908359,0.05489253331982184,0.31692618131637573,0.21240893006324768,0.08262873440980911,0.5293351411819458,0.7088704109191895,0.8037225604057312,3,30,84,"[0.3169, 0.2124, 0.0826, 0.0692, 0.0277, 0.0253, 0.0225, 0.0182, 0.0166, 0.0123]","[0.072, 0.057, 0.34, 0.575, 0.137, 0.273, 0.381, 0.093, 0.072, 0.081]",3000,0.06608351320028305,0.18753901256788805,
60,T6,3240,0.14665944635291697,0.05250693633384221,-0.005137611454164196,0.00515588393965274,0.013504222297247872,0.04028800702008201,0.0426090372850344,0.28838247060775757,0.19178932905197144,0.1319415420293808,0.480171799659729,0.7011035680770874,0.8015251755714417,3,30,81,"[0.2884, 0.1918, 0.1319, 0.0468, 0.0422, 0.0265, 0.0211, 0.0204, 0.0196, 0.0129]","[0.147, 0.053, 0.005, 0.407, 0.419, 0.297, 0.403, 0.17, 0.263, 0.119]",3000,0.04053229093551636,-0.1601501878251203,
60,T7,3240,-0.14722854621426534,0.1810985629559491,-0.06314556488233049,-0.018329457561216334,0.008602327823174556,-0.07645099065845176,0.13173214150135046,0.5350092649459839,0.25176554918289185,0.044137630611658096,0.7867748141288757,0.8751171231269836,0.9257405996322632,3,7,19,"[0.535, 0.2518, 0.0441, 0.0242, 0.02, 0.0165, 0.0114, 0.0087, 0.0075, 0.0065]","[0.147, 0.181, 0.063, 0.398, 0.23, 0.277, 0.481, 0.268, 0.371, 0.024]",3000,0.058046214282512665,0.3032427366689993,
60,T8,3240,0.005426611985244838,0.13644739363230846,-0.3136531436479326,0.04112392634532733,0.09960995435552007,-0.10245390473377665,0.12782633774563176,0.5690699219703674,0.19854748249053955,0.046535857021808624,0.767617404460907,0.8774953484535217,0.9291456937789917,3,7,16,"[0.5691, 0.1985, 0.0465, 0.0329, 0.0304, 0.0164, 0.0124, 0.0088, 0.0075, 0.0066]","[0.005, 0.136, 0.314, 0.587, 0.249, 0.379, 0.098, 0.021, 0.035, 0.017]",3000,0.1241186335682869,0.1797925265691695,
60,R0,3240,0.3712363725973951,-0.11366977329179499,0.10326802240027218,0.0164218825402637,0.07952702101092116,0.07712431164388116,-0.008404787280032055,0.8555682301521301,0.05455916374921799,0.021826721727848053,0.9101274013519287,0.9594284296035767,0.9809769988059998,5,2,4,"[0.8556, 0.0546, 0.0218, 0.0184, 0.0091, 0.0083, 0.0051, 0.003, 0.0029, 0.0022]","[0.371, 0.114, 0.103, 0.261, 0.241, 0.418, 0.37, 0.353, 0.053, 0.516]",3000,0.0418919175863266,-0.49362418555183046,
60,R1,3240,0.2568168064780133,-0.22426087988212662,-0.11884273484861009,0.02395132899618967,0.013550920561018845,-0.040996332390535156,-0.01491648496068931,0.756700336933136,0.06168666109442711,0.03803318738937378,0.818386971950531,0.9155226945877075,0.9599863290786743,2,5,8,"[0.7567, 0.0617, 0.038, 0.0335, 0.0256, 0.017, 0.0154, 0.0045, 0.0042, 0.0034]","[0.257, 0.224, 0.119, 0.145, 0.452, 0.419, 0.268, 0.023, 0.127, 0.075]",3000,0.057938650250434875,-0.2727903500491508,
60,R2,3240,0.15641464919509618,-0.25104222553325706,-0.26751300520685917,0.05078029109371889,0.10372534894345845,-0.09170503542952768,-0.025714162123358152,0.645807683467865,0.10875830054283142,0.06348419934511185,0.754565954208374,0.8822352886199951,0.9328275918960571,1,6,16,"[0.6458, 0.1088, 0.0635, 0.045, 0.0192, 0.018, 0.0106, 0.0095, 0.0074, 0.0052]","[0.156, 0.251, 0.268, 0.546, 0.281, 0.161, 0.074, 0.199, 0.098, 0.084]",3000,0.05595812946557999,-0.39202097063045416,
60,R3,3240,0.11344166768432438,0.10794609108346453,-0.05421155715229894,-0.07655121106401411,-0.026767550748916027,-0.05130945557104222,-0.18137146381011615,0.6668398976325989,0.11598701030015945,0.03804029896855354,0.7828269004821777,0.8803529143333435,0.9353355765342712,2,6,15,"[0.6668, 0.116, 0.038, 0.0333, 0.0262, 0.0205, 0.0132, 0.0097, 0.0066, 0.005]","[0.113, 0.108, 0.054, 0.097, 0.008, 0.486, 0.645, 0.162, 0.022, 0.134]",3000,0.11186176538467407,-0.2493268748238502,
60,R4,3240,-0.3199460412293281,-0.03265833731505654,-0.17203943562495866,-0.04106409076607475,-5.500360100588483e-06,-0.057817114658421896,0.14777719785236176,0.8100901246070862,0.04617135971784592,0.04408803954720497,0.8562614917755127,0.9353824257850647,0.9655734896659851,4,3,7,"[0.8101, 0.0462, 0.0441, 0.0187, 0.0163, 0.0105, 0.0062, 0.0052, 0.0047, 0.0037]","[0.32, 0.033, 0.172, 0.095, 0.222, 0.058, 0.67, 0.565, 0.241, 0.37]",3000,0.1457168459892273,0.4991638724941461,
60,R5,3240,0.1223149415125653,0.3173016903589,-0.06592338394217627,-0.014297733626645144,-0.021694825925332513,0.056209499466423264,-0.048705599556174616,0.5164123773574829,0.09486040472984314,0.06675121188163757,0.6112728118896484,0.7692527174949646,0.8624817132949829,4,16,39,"[0.5164, 0.0949, 0.0668, 0.0582, 0.033, 0.0279, 0.0241, 0.0162, 0.0143, 0.0107]","[0.122, 0.317, 0.066, 0.342, 0.115, 0.081, 0.351, 0.198, 0.413, 0.154]",3000,0.1564580351114273,-0.0669524261283237,
60,R6,3240,0.1563347716470989,-0.09287929514904797,-0.5873844796540707,-0.04471549958213755,0.032028699984104333,0.11020126164778529,-0.012098594700388344,0.48638293147087097,0.11594311892986298,0.10754942148923874,0.6023260354995728,0.8034119606018066,0.883713960647583,1,13,31,"[0.4864, 0.1159, 0.1075, 0.0635, 0.03, 0.0255, 0.0216, 0.0134, 0.0121, 0.0077]","[0.156, 0.093, 0.587, 0.127, 0.029, 0.283, 0.262, 0.179, 0.138, 0.02]",3000,0.22339484095573425,-0.2636395067388166,
60,R7,3240,-0.24713363426340407,-0.3057325043111846,-0.4515673161451197,0.023724735998962288,-0.027611788321226818,-0.024407460329977905,0.026888154751815677,0.35844334959983826,0.19722658395767212,0.1422317922115326,0.555669903755188,0.7789849638938904,0.8622199892997742,3,16,38,"[0.3584, 0.1972, 0.1422, 0.0457, 0.0353, 0.0236, 0.0184, 0.0174, 0.0148, 0.009]","[0.247, 0.306, 0.452, 0.306, 0.028, 0.076, 0.134, 0.026, 0.006, 0.108]",3000,0.31653937697410583,0.27310401276912,
61,T0,3240,-0.19407243898983453,-0.14417521022358662,0.17809934381961764,-0.05688562672311349,-0.053268259948940515,-0.07206906215513165,-0.03840418072036997,0.6422007083892822,0.22167198359966278,0.0246253814548254,0.8638727068901062,0.9283154010772705,0.962169885635376,4,4,8,"[0.6422, 0.2217, 0.0246, 0.024, 0.0158, 0.0109, 0.0084, 0.0059, 0.0051, 0.0035]","[0.194, 0.144, 0.178, 0.413, 0.044, 0.102, 0.307, 0.621, 0.421, 0.222]",3000,0.06176428124308586,0.11894905925345216,
61,T1,3240,-0.14997777201050694,0.49257673273139047,0.060313843053176316,0.03591642076531359,0.027469269018797964,-0.05584300464506277,-0.033218923461237206,0.18476252257823944,0.14652229845523834,0.07283338159322739,0.3312848210334778,0.5132757425308228,0.6562687158584595,1,76,181,"[0.1848, 0.1465, 0.0728, 0.0658, 0.0434, 0.0363, 0.0329, 0.0292, 0.0236, 0.0211]","[0.15, 0.493, 0.06, 0.117, 0.008, 0.054, 0.193, 0.179, 0.198, 0.072]",3000,0.11489585041999817,0.08837398216615155,
61,T2,3240,0.10796762847358758,-0.4084855615592788,0.1721955723995077,0.0019073055764014032,-0.0008296774111975798,-0.020629127890479316,-0.019649385136061348,0.24302561581134796,0.12093006074428558,0.07530725747346878,0.36395567655563354,0.5263205766677856,0.6503822803497314,1,88,209,"[0.243, 0.1209, 0.0753, 0.0469, 0.0401, 0.0348, 0.026, 0.023, 0.0215, 0.0188]","[0.108, 0.408, 0.172, 0.139, 0.021, 0.046, 0.133, 0.123, 0.204, 0.046]",3000,0.08573983609676361,-0.16564239524788088,
61,T3,3240,0.007268565737073277,-0.020836909202100115,-0.007081383470921886,0.033871925026608914,0.0792028961858042,-0.05181170660341061,0.01533518186135953,0.33308881521224976,0.19875690340995789,0.10109436511993408,0.5318456888198853,0.7270128130912781,0.8351751565933228,3,19,46,"[0.3331, 0.1988, 0.1011, 0.0615, 0.0325, 0.026, 0.0243, 0.0236, 0.0201, 0.0143]","[0.007, 0.021, 0.007, 0.399, 0.043, 0.44, 0.193, 0.076, 0.108, 0.459]",3000,0.024291804060339928,0.023006394944991484,
61,T4,3240,-0.0444495302836673,-0.28733446717081496,0.08071643404426745,-0.0015245522973316315,-0.010830802259215176,0.07135504837402949,-0.040928599243369564,0.28742507100105286,0.10209235548973083,0.08422092348337173,0.3895174264907837,0.5743315815925598,0.7029549479484558,2,59,139,"[0.2874, 0.1021, 0.0842, 0.0579, 0.0427, 0.0322, 0.0293, 0.0261, 0.0232, 0.0178]","[0.044, 0.287, 0.081, 0.327, 0.077, 0.119, 0.246, 0.162, 0.459, 0.292]",3000,0.06596154719591141,0.1066832884763642,
61,T5,3240,-0.06370141815241603,0.06677103321497527,-0.295628473091393,-0.02245503221479241,-0.02296308128327136,-0.036403032376290535,0.06862859893324115,0.31328195333480835,0.20702986419200897,0.08401361107826233,0.5203118324279785,0.7027467489242554,0.799275815486908,2,32,89,"[0.3133, 0.207, 0.084, 0.0706, 0.0278, 0.0253, 0.0223, 0.0194, 0.0166, 0.0129]","[0.064, 0.067, 0.296, 0.604, 0.097, 0.217, 0.409, 0.041, 0.002, 0.094]",3000,0.06869055330753326,0.19590083874679326,
61,T6,3240,0.14606808373736066,0.05104461070723346,0.008231366515485694,0.00786802591360214,0.014573039632911872,0.04119878914805081,0.03811501436208083,0.2813935875892639,0.1916327178478241,0.13255013525485992,0.473026305437088,0.6950492262840271,0.7966488599777222,3,31,86,"[0.2814, 0.1916, 0.1326, 0.0467, 0.0428, 0.0275, 0.021, 0.0204, 0.0197, 0.0131]","[0.146, 0.051, 0.008, 0.363, 0.452, 0.292, 0.255, 0.196, 0.334, 0.127]",3000,0.04090884327888489,-0.16550690656256192,
61,T7,3240,-0.1791438091091869,0.18841320064251738,0.08586632073063855,-0.01792333169932664,0.00894702565487735,-0.08043005599060522,0.1281715753931301,0.5138932466506958,0.25610417127609253,0.04764416813850403,0.7699974179267883,0.8641574382781982,0.9186195731163025,3,8,22,"[0.5139, 0.2561, 0.0476, 0.025, 0.0215, 0.0169, 0.0124, 0.0098, 0.0081, 0.0073]","[0.179, 0.188, 0.086, 0.428, 0.233, 0.281, 0.504, 0.16, 0.416, 0.001]",3000,0.060912154614925385,0.32325601505377455,
61,T8,3240,-0.03411116017195973,0.14896655500851289,-0.21698314574050126,0.04172125028110341,0.0996807626165747,-0.08782359503466085,0.14224345052195675,0.5364822149276733,0.1977078765630722,0.05653712525963783,0.7341901063919067,0.8527485728263855,0.9111130237579346,2,9,24,"[0.5365, 0.1977, 0.0565, 0.0358, 0.0262, 0.0195, 0.0136, 0.0093, 0.009, 0.0069]","[0.034, 0.149, 0.217, 0.625, 0.023, 0.438, 0.11, 0.069, 0.042, 0.058]",3000,0.11748921871185303,0.1868405223883786,
61,R0,3240,0.34165588096226635,0.14038351137917163,-0.11136847670586936,0.0492715207986465,0.12696618892637018,0.058073652387087775,-0.00011262487525771027,0.8659190535545349,0.04807130619883537,0.020475661382079124,0.9139903783798218,0.9611900448799133,0.9814898371696472,5,2,4,"[0.8659, 0.0481, 0.0205, 0.0178, 0.0089, 0.0081, 0.0047, 0.0027, 0.0026, 0.0021]","[0.342, 0.14, 0.111, 0.198, 0.181, 0.418, 0.36, 0.412, 0.168, 0.502]",3000,0.04299488291144371,-0.4605275558247344,
61,R1,3240,0.49527738711480795,0.16163000783693574,-0.13368705502681702,0.08037325709493219,0.07160359423294618,-0.036371350367168966,-0.0941908192824273,0.7598575949668884,0.06757588684558868,0.035473134368658066,0.8274334669113159,0.9211874008178711,0.9625195264816284,3,5,7,"[0.7599, 0.0676, 0.0355, 0.0347, 0.0236, 0.0152, 0.0146, 0.0044, 0.0039, 0.0032]","[0.495, 0.162, 0.134, 0.117, 0.494, 0.393, 0.291, 0.068, 0.173, 0.09]",3000,0.04946869984269142,-0.6543874450366577,
61,R2,3240,0.32304447919873575,0.2310133514868362,-0.29840230061035244,0.04794900055864812,0.08357304194293343,-0.0558208068205372,-0.13183519558989598,0.6443604230880737,0.11752413958311081,0.06374063342809677,0.7618845701217651,0.8890807628631592,0.9372255206108093,3,6,15,"[0.6444, 0.1175, 0.0637, 0.0425, 0.0209, 0.0164, 0.0105, 0.0096, 0.0067, 0.005]","[0.323, 0.231, 0.298, 0.538, 0.365, 0.218, 0.079, 0.196, 0.101, 0.09]",3000,0.0523233488202095,-0.5764886919057703,
61,R3,3240,-0.1637453518605341,0.10073416516283898,0.04380989474368359,0.06973508137935407,0.0289366561233513,0.0071467989621814,0.1878080350273057,0.6767043471336365,0.10586143285036087,0.03773483633995056,0.7825657725334167,0.8811035752296448,0.9353907704353333,3,6,15,"[0.6767, 0.1059, 0.0377, 0.0331, 0.0277, 0.0198, 0.0125, 0.0103, 0.0068, 0.0048]","[0.164, 0.101, 0.044, 0.133, 0.026, 0.436, 0.579, 0.312, 0.017, 0.138]",3000,0.10557102411985397,0.37225427230134,
61,R4,3240,-0.3016186509106505,-0.08852548513969348,0.16595146489266677,-0.05662900876967463,0.007245531501822596,-0.036632426452724784,0.1787599629507799,0.8113738298416138,0.043540216982364655,0.04184978827834129,0.8549140691757202,0.931052565574646,0.9640988707542419,4,4,7,"[0.8114, 0.0435, 0.0418, 0.0194, 0.0149, 0.0129, 0.0068, 0.0051, 0.0046, 0.0037]","[0.302, 0.089, 0.166, 0.093, 0.206, 0.171, 0.642, 0.167, 0.373, 0.436]",3000,0.14989081025123596,0.4544779162835415,
61,R5,3240,0.13233070719574522,0.3475519270315836,-0.0030858039375123514,-0.011223441567004847,-0.038134786417778205,0.04815796229649228,-0.049550081749532716,0.5084827542304993,0.08941377699375153,0.07369667291641235,0.5978965163230896,0.7642170786857605,0.8572249412536621,4,17,42,"[0.5085, 0.0894, 0.0737, 0.0595, 0.0331, 0.0275, 0.0236, 0.0167, 0.0147, 0.0105]","[0.132, 0.348, 0.003, 0.306, 0.158, 0.008, 0.319, 0.189, 0.415, 0.218]",3000,0.15790732204914093,-0.09056289755847827,
61,R6,3240,0.22478360881672788,-0.05463942632921085,-0.5910470426726606,-0.04952604456924144,0.03277127761936044,0.11811253124760207,-0.02719682600814352,0.433574914932251,0.15052062273025513,0.1111757680773735,0.5840955376625061,0.7874109745025635,0.8714541792869568,1,15,37,"[0.4336, 0.1505, 0.1112, 0.063, 0.0292, 0.0283, 0.0207, 0.0148, 0.0119, 0.0084]","[0.225, 0.055, 0.591, 0.163, 0.025, 0.275, 0.249, 0.27, 0.088, 0.052]",3000,0.2195747345685959,-0.3617772976628474,
61,R7,3240,0.07660822773784423,-0.2276281436787541,-0.5153677605370244,-0.004603129919636452,0.0260637077702417,0.021326878491059745,0.007980336171070662,0.3383246660232544,0.2170168161392212,0.14354436099529266,0.5553414821624756,0.7781237959861755,0.858132541179657,2,17,41,"[0.3383, 0.217, 0.1435, 0.0457, 0.0335, 0.0237, 0.018, 0.0163, 0.0135, 0.0085]","[0.077, 0.228, 0.515, 0.31, 0.055, 0.098, 0.023, 0.167, 0.035, 0.188]",3000,0.2994571328163147,-0.09916560230744619,
62,T0,3240,-0.12663793256861922,-0.16122408296908325,0.20122839537806855,-0.04865437927845092,-0.05582269999007925,-0.05170051740441981,-0.05749220382113293,0.6494879722595215,0.21660269796848297,0.024644164368510246,0.8660906553268433,0.9288848042488098,0.9617940187454224,4,4,8,"[0.6495, 0.2166, 0.0246, 0.0228, 0.0154, 0.0103, 0.0082, 0.0058, 0.005, 0.0035]","[0.127, 0.161, 0.201, 0.446, 0.026, 0.112, 0.351, 0.609, 0.427, 0.235]",3000,0.06156641244888306,0.054027005245510504,
62,T1,3240,-0.09898244093705397,0.5296036695547645,-0.09401046551299018,0.03581391124775537,0.03379326450814134,-0.056729338650837034,-0.0461076524898817,0.17850284278392792,0.14356490969657898,0.07118399441242218,0.3220677375793457,0.5034319758415222,0.6510631442070007,1,79,185,"[0.1785, 0.1436, 0.0712, 0.0645, 0.0456, 0.0382, 0.0344, 0.0305, 0.0235, 0.021]","[0.099, 0.53, 0.094, 0.073, 0.01, 0.015, 0.231, 0.177, 0.204, 0.007]",3000,0.1135241687297821,0.04073439894110226,
62,T2,3240,0.10473684657537256,-0.40259625566323803,0.1887228910631799,-0.0027944833419932622,-0.007851161118052587,-0.008246771909067186,-0.02643735466698231,0.2372802346944809,0.11698968708515167,0.07653190940618515,0.35426992177963257,0.5205392837524414,0.6466459035873413,1,90,213,"[0.2373, 0.117, 0.0765, 0.0507, 0.039, 0.0342, 0.0263, 0.0235, 0.0231, 0.0191]","[0.105, 0.403, 0.189, 0.143, 0.014, 0.081, 0.124, 0.087, 0.19, 0.086]",3000,0.08538202941417694,-0.16824072760558462,
62,T3,3240,0.009603609481998128,-0.01920739943348108,0.05894418676193974,0.034820230590286945,0.07661151726814482,-0.04740633937377485,0.010023644152245765,0.33072108030319214,0.1932038962841034,0.10089860111474991,0.5239249467849731,0.7180940508842468,0.8280741572380066,3,20,48,"[0.3307, 0.1932, 0.1009, 0.0609, 0.0324, 0.0268, 0.0252, 0.0232, 0.0206, 0.0143]","[0.01, 0.019, 0.059, 0.422, 0.086, 0.04, 0.457, 0.094, 0.032, 0.471]",3000,0.022767791524529457,0.019632394258281834,
62,T4,3240,-0.04088755947229608,-0.32025081425743496,0.025406480620512,-0.003355730580482847,-0.011200393571263293,0.0663118133068837,-0.03854353510903536,0.27940279245376587,0.09428568184375763,0.08398366719484329,0.3736884593963623,0.559380829334259,0.6945599913597107,4,62,146,"[0.2794, 0.0943, 0.084, 0.0585, 0.0432, 0.0335, 0.0297, 0.029, 0.0252, 0.0178]","[0.041, 0.32, 0.025, 0.381, 0.004, 0.384, 0.145, 0.312, 0.012, 0.226]",3000,0.059131357818841934,0.11304189424132767,
62,T5,3240,-0.06520488650473276,0.07520075676101792,-0.23964796420827195,-0.022532415957380113,-0.021582932603665093,-0.03045137677041658,0.07167849213404277,0.3127668797969818,0.20432108640670776,0.085441954433918,0.5170879364013672,0.7013019919395447,0.797877311706543,2,33,92,"[0.3128, 0.2043, 0.0854, 0.0716, 0.0272, 0.0255, 0.0221, 0.0192, 0.0166, 0.0133]","[0.065, 0.075, 0.24, 0.641, 0.085, 0.203, 0.408, 0.023, 0.025, 0.068]",3000,0.06915747374296188,0.1992184196700934,
62,T6,3240,0.14035728011363985,-0.054406278310766346,-0.011450361513166392,0.005695820211360414,0.013505885947798541,0.029564904422458894,0.03567321503857011,0.2748348116874695,0.1853957623243332,0.13490085303783417,0.46023058891296387,0.6870142221450806,0.7896850109100342,4,33,90,"[0.2748, 0.1854, 0.1349, 0.0465, 0.0454, 0.0276, 0.0217, 0.0203, 0.0198, 0.0133]","[0.14, 0.054, 0.011, 0.3, 0.486, 0.327, 0.286, 0.333, 0.232, 0.118]",3000,0.041177935898303986,-0.15718458141685515,
62,T7,3240,-0.1120979100326404,0.19285205089243476,0.0745933963305845,-0.021852312350316275,0.0055702656052410105,-0.07359149351339911,0.11499173166896155,0.5105530023574829,0.25347644090652466,0.04994014650583267,0.7640294432640076,0.8609163761138916,0.9154466986656189,3,8,23,"[0.5106, 0.2535, 0.0499, 0.0259, 0.021, 0.0167, 0.0123, 0.0102, 0.0081, 0.0073]","[0.112, 0.193, 0.075, 0.47, 0.18, 0.289, 0.448, 0.269, 0.396, 0.024]",3000,0.060196880251169205,0.23171644589963072,
62,T8,3240,-0.11887159178372071,0.1750688155693737,-0.17847296877903782,0.008303589096194221,0.08886789941189592,-0.12183623047647353,0.1900148840401253,0.5229622721672058,0.1981705278158188,0.06193077191710472,0.7211328148841858,0.8458589315414429,0.9059366583824158,2,10,27,"[0.523, 0.1982, 0.0619, 0.0371, 0.0257, 0.0199, 0.0139, 0.0098, 0.0095, 0.007]","[0.119, 0.175, 0.178, 0.636, 0.054, 0.412, 0.149, 0.066, 0.088, 0.065]",3000,0.11558499187231064,0.32281905966014135,
62,R0,3240,0.40650919082071885,0.14945020236472928,0.11661495519683496,0.03380083005110513,0.12288311929246196,0.0534384976314188,-0.003847375411560909,0.8598219156265259,0.05065792426466942,0.020094802603125572,0.9104798436164856,0.9590169191360474,0.9805048704147339,5,2,5,"[0.8598, 0.0507, 0.0201, 0.0191, 0.0094, 0.0085, 0.005, 0.0029, 0.0028, 0.0022]","[0.407, 0.149, 0.117, 0.021, 0.163, 0.413, 0.374, 0.453, 0.264, 0.493]",3000,0.04322754591703415,-0.4974350524779456,
62,R1,3240,0.28096973941169434,-0.15252920524856645,-0.13499112777452266,0.054266306232058324,0.023131477429227526,-0.10070390151614965,-0.016636391330295663,0.7583362460136414,0.06621185690164566,0.03618013486266136,0.8245481252670288,0.9202193021774292,0.9623633027076721,2,5,7,"[0.7583, 0.0662, 0.0362, 0.0358, 0.0236, 0.0156, 0.0149, 0.0046, 0.0038, 0.0033]","[0.281, 0.153, 0.135, 0.127, 0.487, 0.403, 0.267, 0.073, 0.056, 0.125]",3000,0.048887237906455994,-0.23008750207655862,
62,R2,3240,0.17866326861883725,-0.24836351420625188,-0.2566222478306767,0.04081565756868453,0.08041132147148172,-0.11492133090935937,-0.06914693979809723,0.6443471908569336,0.11440679430961609,0.06552475690841675,0.7587540149688721,0.8891170024871826,0.938273012638092,2,6,14,"[0.6443, 0.1144, 0.0655, 0.0425, 0.0223, 0.0165, 0.0107, 0.0098, 0.0071, 0.0051]","[0.179, 0.248, 0.257, 0.573, 0.314, 0.202, 0.064, 0.164, 0.138, 0.116]",3000,0.05097709596157074,-0.31707110667993177,
62,R3,3240,0.14428412157646836,0.116766996103565,-0.027836069139044742,-0.06388587675915441,-0.02238398622834432,0.025177462583322294,-0.16452877416895262,0.6684247255325317,0.10898461192846298,0.037561722099781036,0.7774093151092529,0.8760550022125244,0.9326111674308777,3,7,15,"[0.6684, 0.109, 0.0376, 0.033, 0.0281, 0.0198, 0.0131, 0.0111, 0.0074, 0.0052]","[0.144, 0.117, 0.028, 0.148, 0.023, 0.448, 0.552, 0.35, 0.092, 0.097]",3000,0.09906411916017532,-0.3898030215216183,
62,R4,3240,-0.32015232088566664,-0.04674278020873859,0.18400674928282412,-0.04500768454988434,0.01115466257143007,-0.05878680893710734,0.16389103157749907,0.8025702834129333,0.04505724087357521,0.042891666293144226,0.8476275205612183,0.9283595085144043,0.9627639651298523,4,4,8,"[0.8026, 0.0451, 0.0429, 0.0218, 0.016, 0.0134, 0.007, 0.0054, 0.0046, 0.0039]","[0.32, 0.047, 0.184, 0.07, 0.138, 0.177, 0.637, 0.291, 0.376, 0.425]",3000,0.14850439131259918,0.48406693778353405,
62,R5,3240,0.10454079671909433,0.35380808861293533,-0.027284217962821513,0.0066470055508570085,-0.013788477425929296,0.016808987237987717,-0.018252583039666818,0.5209713578224182,0.08546815812587738,0.0732271745800972,0.6064395308494568,0.7687832713127136,0.8593679666519165,3,17,41,"[0.521, 0.0855, 0.0732, 0.0577, 0.0314, 0.0264, 0.0227, 0.0167, 0.0146, 0.0102]","[0.105, 0.354, 0.027, 0.298, 0.178, 0.029, 0.318, 0.188, 0.404, 0.237]",3000,0.15849778056144714,-0.034920340370682486,
62,R6,3240,0.22812704580145576,0.003547105358676364,-0.5876798778841396,-0.048803948878714545,0.04327700408525157,0.10798062457499921,-0.02171353877029473,0.42276647686958313,0.16175271570682526,0.10862589627504349,0.5845192074775696,0.7850774526596069,0.8680121898651123,1,16,39,"[0.4228, 0.1618, 0.1086, 0.0631, 0.0288, 0.0268, 0.0213, 0.0144, 0.0119, 0.0085]","[0.228, 0.004, 0.588, 0.197, 0.037, 0.282, 0.234, 0.267, 0.085, 0.04]",3000,0.21266861259937286,-0.36653330316681065,
62,R7,3240,0.24295701178537024,-0.18312778031357824,-0.5352046470321941,-0.01749490138811613,0.028577124078842643,0.04304133208368193,-0.041192638329885234,0.3365817368030548,0.21490603685379028,0.14621733129024506,0.5514878034591675,0.7747143507003784,0.8558286428451538,2,18,43,"[0.3366, 0.2149, 0.1462, 0.0433, 0.0337, 0.0239, 0.0184, 0.0164, 0.0135, 0.0088]","[0.243, 0.183, 0.535, 0.31, 0.004, 0.095, 0.028, 0.155, 0.044, 0.221]",3000,0.29563358426094055,-0.3367503510633817,
63,T0,3240,-0.1786296293688172,-0.16264362222142914,0.36274271577498995,-0.05204420610903191,-0.06233947568800784,-0.03660025693964511,-0.05484202371821698,0.7634548544883728,0.1347656100988388,0.017227886244654655,0.8982204794883728,0.9416247606277466,0.9715237021446228,4,3,6,"[0.7635, 0.1348, 0.0172, 0.0161, 0.0101, 0.0095, 0.0072, 0.0057, 0.0041, 0.0034]","[0.179, 0.163, 0.363, 0.228, 0.026, 0.104, 0.077, 0.383, 0.63, 0.471]",3000,0.0659569799900055,0.12275076361991102,
63,T1,3240,-0.11393644554556147,0.513398589119046,-0.10759729795582328,0.03421115380206692,0.03607800317695719,-0.06788114148992458,-0.02634311028918472,0.1741989254951477,0.13506075739860535,0.07232370972633362,0.30925968289375305,0.48711398243904114,0.638607382774353,1,83,189,"[0.1742, 0.1351, 0.0723, 0.0579, 0.0476, 0.0411, 0.0353, 0.0304, 0.0237, 0.0211]","[0.114, 0.513, 0.108, 0.085, 0.002, 0.02, 0.19, 0.193, 0.22, 0.053]",3000,0.1104619950056076,0.08749499960070051,
63,T2,3240,0.10883796339788668,-0.4086233845427387,-0.18750292611303873,-0.0016299383409098757,-0.004149741189919222,-0.015157587080947091,-0.02608972108133647,0.22630947828292847,0.11373162269592285,0.07554788142442703,0.3400411009788513,0.5079724788665771,0.6344184875488281,1,94,220,"[0.2263, 0.1137, 0.0755, 0.0531, 0.0393, 0.0347, 0.0274, 0.0236, 0.0221, 0.0186]","[0.109, 0.409, 0.188, 0.113, 0.002, 0.091, 0.096, 0.121, 0.055, 0.126]",3000,0.08867033571004868,-0.16999415429141748,
63,T3,3240,-0.13594255572280534,-0.014024887304314447,0.026635714823763805,-0.02033899669476896,-0.04249559508157576,0.012718917521932199,0.023137869454940153,0.5343572497367859,0.14255200326442719,0.08984334021806717,0.6769092679023743,0.8348457217216492,0.896832287311554,3,11,24,"[0.5344, 0.1426, 0.0898, 0.0416, 0.0265, 0.0156, 0.0141, 0.0117, 0.0108, 0.0098]","[0.136, 0.014, 0.027, 0.113, 0.35, 0.057, 0.378, 0.046, 0.338, 0.143]",3000,0.04802720993757248,0.07832561259541516,
63,T4,3240,-0.04504945798253725,-0.3275301478614285,-0.024884109116965397,-0.003567879245054846,-0.014589618093514277,0.06879316225059072,-0.036073252508610966,0.26949506998062134,0.09445358067750931,0.08167795836925507,0.36394864320755005,0.5481546521186829,0.6820506453514099,3,66,154,"[0.2695, 0.0945, 0.0817, 0.0589, 0.0437, 0.0322, 0.0303, 0.0271, 0.0261, 0.0182]","[0.045, 0.328, 0.025, 0.394, 0.031, 0.385, 0.229, 0.261, 0.053, 0.184]",3000,0.06150291860103607,0.11196959474781422,
63,T5,3240,-0.054923134966033335,0.09021076600496282,-0.27766849603341165,-0.019476269391543607,-0.020181153258505252,-0.020779105534895388,0.04856455841521595,0.30974721908569336,0.19846642017364502,0.08841733634471893,0.5082136392593384,0.6957991123199463,0.7929151654243469,2,35,97,"[0.3097, 0.1985, 0.0884, 0.0716, 0.0276, 0.0255, 0.022, 0.0196, 0.0167, 0.0134]","[0.055, 0.09, 0.278, 0.617, 0.082, 0.208, 0.397, 0.02, 0.051, 0.024]",3000,0.0690326914191246,0.1536105882752366,
63,T6,3240,0.141499060798016,-0.05478591880804919,-0.009069946463978835,0.005362818494826627,0.01430636889225684,0.024377819954166217,0.031225115243621582,0.2727869153022766,0.17677979171276093,0.13466541469097137,0.44956672191619873,0.6787525415420532,0.782501220703125,3,35,96,"[0.2728, 0.1768, 0.1347, 0.0486, 0.0459, 0.0278, 0.0222, 0.0209, 0.0197, 0.0132]","[0.141, 0.055, 0.009, 0.249, 0.498, 0.333, 0.168, 0.372, 0.074, 0.144]",3000,0.04176950082182884,-0.15992335534944857,
63,T7,3240,-0.14324211739916906,-0.21471881995384753,0.07042675263736156,-0.02827105615753338,-0.0025729401314096515,-0.07731757920153796,0.08060581533945538,0.4784533977508545,0.253816694021225,0.06014680489897728,0.7322701215744019,0.8434081673622131,0.9016792178153992,3,10,30,"[0.4785, 0.2538, 0.0601, 0.0288, 0.0222, 0.0162, 0.0139, 0.0111, 0.0096, 0.0075]","[0.143, 0.215, 0.07, 0.57, 0.113, 0.372, 0.535, 0.275, 0.096, 0.148]",3000,0.062120869755744934,0.2423226807738633,
63,T8,3240,-0.23131341194140762,0.1927315879867325,-0.16589682084948082,-0.011734024945820756,0.051046430397284605,-0.1594256451604632,0.19359850154585098,0.49315521121025085,0.19713141024112701,0.07040721923112869,0.6902866363525391,0.8251213431358337,0.8905613422393799,3,12,36,"[0.4932, 0.1971, 0.0704, 0.04, 0.0244, 0.0209, 0.0157, 0.0116, 0.0103, 0.0069]","[0.231, 0.193, 0.166, 0.664, 0.349, 0.317, 0.145, 0.006, 0.037, 0.032]",3000,0.1073644682765007,0.4727174601117728,
63,R0,3240,0.24986254568428992,0.1717744565325535,-0.12168178147765225,0.09723028408592183,0.13494421945608343,0.02252516815933871,-0.020349926476474746,0.8446534872055054,0.055860165506601334,0.021610258147120476,0.9005136489868164,0.9529675841331482,0.9766947031021118,4,2,5,"[0.8447, 0.0559, 0.0216, 0.0202, 0.0106, 0.009, 0.0058, 0.0034, 0.0029, 0.0027]","[0.25, 0.172, 0.122, 0.024, 0.129, 0.452, 0.393, 0.494, 0.055, 0.413]",3000,0.04407050460577011,-0.36042624165087966,
63,R1,3240,0.2578503021065798,0.10858091243439748,-0.11650027077205773,0.07861754376776983,0.02090711052970816,-0.11882406233901541,-0.07872022285737271,0.7546728253364563,0.07267890125513077,0.0367065966129303,0.8273517489433289,0.9226993322372437,0.964203417301178,2,5,7,"[0.7547, 0.0727, 0.0367, 0.0346, 0.024, 0.0161, 0.0141, 0.0047, 0.0033, 0.0032]","[0.258, 0.109, 0.117, 0.109, 0.463, 0.394, 0.066, 0.103, 0.043, 0.158]",3000,0.03871213644742966,-0.27445327694641,
63,R2,3240,0.22316848325374977,0.25335827084387585,-0.2729235699580955,0.07635393528003685,0.02775898582173147,-0.07229145131794651,-0.17082572164693055,0.6423019170761108,0.12005563825368881,0.06744115799665451,0.7623575329780579,0.8951197266578674,0.9417107105255127,2,6,13,"[0.6423, 0.1201, 0.0674, 0.0434, 0.0219, 0.0156, 0.0102, 0.0092, 0.0067, 0.0049]","[0.223, 0.253, 0.273, 0.566, 0.337, 0.212, 0.033, 0.132, 0.115, 0.141]",3000,0.04863302782177925,-0.4412571404490409,
63,R3,3240,0.1674123822937568,0.12352991350795889,0.013572929427649705,-0.05682195350326025,-0.01586177143012767,0.006542343550760744,-0.11766708879952366,0.6605217456817627,0.11543838679790497,0.03688836097717285,0.7759601473808289,0.8739473819732666,0.9300875067710876,3,7,16,"[0.6605, 0.1154, 0.0369, 0.0329, 0.0282, 0.0182, 0.0129, 0.011, 0.0088, 0.0053]","[0.167, 0.124, 0.014, 0.146, 0.058, 0.424, 0.391, 0.541, 0.103, 0.088]",3000,0.08159065991640091,-0.3651469299864038,
63,R4,3240,-0.3292790257473852,0.06865432608927094,-0.1545237164931404,-0.0542960747433866,0.006020076420779045,-0.07089384691817711,0.13882327477603085,0.7984495759010315,0.043715111911296844,0.04291370138525963,0.8421646952629089,0.9256483316421509,0.9604151248931885,5,4,8,"[0.7984, 0.0437, 0.0429, 0.0236, 0.017, 0.0133, 0.0074, 0.0053, 0.0048, 0.004]","[0.329, 0.069, 0.155, 0.056, 0.138, 0.282, 0.669, 0.501, 0.313, 0.377]",3000,0.1467185914516449,0.44651138562063813,
63,R5,3240,-0.21017348755764861,0.30314473377487705,0.1862802788589375,0.01739092438315581,0.050460103569028386,-0.07771810461716604,0.1061336726748931,0.5464733839035034,0.07822225242853165,0.07334379106760025,0.6246956586837769,0.7793806195259094,0.8651509284973145,3,16,40,"[0.5465, 0.0782, 0.0733, 0.0548, 0.0265, 0.0244, 0.0214, 0.0164, 0.0141, 0.0095]","[0.21, 0.303, 0.186, 0.275, 0.198, 0.041, 0.362, 0.184, 0.376, 0.245]",3000,0.1567116230726242,0.28226531857357773,
63,R6,3240,0.43161709703226986,0.004198773740238688,-0.5992138554031412,-0.05680212945879119,0.047873754300631635,0.10579533129713516,-0.090755162587577,0.4011954665184021,0.1721319556236267,0.10913282632827759,0.5733274221420288,0.775238037109375,0.8568216562271118,2,17,45,"[0.4012, 0.1721, 0.1091, 0.0633, 0.0295, 0.0241, 0.0212, 0.0149, 0.0121, 0.0092]","[0.432, 0.004, 0.599, 0.169, 0.042, 0.253, 0.231, 0.286, 0.074, 0.069]",3000,0.20753970742225647,-0.610785639060204,
63,R7,3240,0.2085703860465691,-0.1889199246050805,-0.5360194160723296,-0.011130409003404503,0.03303775490661093,0.05122379528196638,-0.034207593108657154,0.3339121341705322,0.21545784175395966,0.14782607555389404,0.5493699908256531,0.7721143364906311,0.8536715507507324,2,18,45,"[0.3339, 0.2155, 0.1478, 0.0419, 0.033, 0.0245, 0.0181, 0.016, 0.0137, 0.0093]","[0.209, 0.189, 0.536, 0.304, 0.015, 0.072, 0.026, 0.134, 0.019, 0.226]",3000,0.28624725341796875,-0.2988655263213465,
64,T0,3240,0.08309215877703661,-0.17042625804943257,-0.4305835750406364,0.030593032765402983,0.06158889577038563,0.021954950884554958,0.07693662479407382,0.7703046202659607,0.12593838572502136,0.017216315492987633,0.8962429761886597,0.9414520859718323,0.9716904163360596,3,3,7,"[0.7703, 0.1259, 0.0172, 0.0161, 0.0118, 0.0082, 0.0072, 0.0064, 0.0053, 0.0032]","[0.083, 0.17, 0.431, 0.138, 0.125, 0.283, 0.046, 0.245, 0.527, 0.568]",3000,0.06109456717967987,0.051130834172847424,
64,T1,3240,-0.17731180746715844,0.4982322004949445,0.09409193713408948,0.02660677481315028,0.02677586899335206,-0.06302708752656738,-0.004449994066977959,0.1662118285894394,0.13402992486953735,0.07335571944713593,0.30024176836013794,0.47788381576538086,0.6253199577331543,1,92,204,"[0.1662, 0.134, 0.0734, 0.0575, 0.0467, 0.0392, 0.0343, 0.0296, 0.0231, 0.0213]","[0.177, 0.498, 0.094, 0.094, 0.001, 0.084, 0.162, 0.188, 0.241, 0.001]",3000,0.12118510901927948,0.13985401680879186,
64,T2,3240,0.1030492797894652,-0.41256231548663314,0.19213224595993192,-6.277709606498635e-05,-0.010053194491745864,-0.013342213759327448,-0.037257055989062995,0.23499977588653564,0.10933732241392136,0.07097423076629639,0.3443371057510376,0.5039097666740417,0.6256999969482422,1,101,229,"[0.235, 0.1093, 0.071, 0.0512, 0.0374, 0.0332, 0.0269, 0.0232, 0.0207, 0.0178]","[0.103, 0.413, 0.192, 0.091, 0.016, 0.032, 0.133, 0.113, 0.032, 0.127]",3000,0.08394686132669449,-0.17276985000687156,
64,T3,3240,-0.12967590230870224,-0.007581890266141316,-0.011101357774210308,0.020759388301680958,-0.011880010454166255,-0.005370105979500627,0.029401832621680883,0.662529468536377,0.09277301281690598,0.06727290153503418,0.7553024888038635,0.8712478876113892,0.9181673526763916,2,8,19,"[0.6625, 0.0928, 0.0673, 0.0312, 0.0175, 0.0124, 0.0103, 0.0091, 0.008, 0.0072]","[0.13, 0.008, 0.011, 0.097, 0.375, 0.119, 0.013, 0.369, 0.072, 0.254]",3000,0.060234274715185165,0.09592367498327035,
64,T4,3240,0.045082730968817236,-0.2587292744097642,0.08308154133303665,0.0030821554241033905,0.018313819698784966,-0.07377685176201726,0.041255175268740896,0.2518482804298401,0.09813785552978516,0.08063861727714539,0.34998613595962524,0.5328535437583923,0.6659838557243347,2,72,165,"[0.2518, 0.0981, 0.0806, 0.0604, 0.0418, 0.0327, 0.0311, 0.0244, 0.0241, 0.0208]","[0.045, 0.259, 0.083, 0.395, 0.001, 0.246, 0.251, 0.21, 0.311, 0.094]",3000,0.06545630842447281,-0.09986101396975514,
64,T5,3240,0.22460014202900186,-0.0015534663134598489,0.49513635423647334,0.03876938265465535,0.014179850939014877,0.007880694300708745,-0.028854532781039555,0.27770668268203735,0.20422165095806122,0.1306276172399521,0.48192834854125977,0.7253314852714539,0.8143649101257324,3,28,78,"[0.2777, 0.2042, 0.1306, 0.079, 0.0338, 0.0235, 0.0211, 0.0185, 0.0141, 0.0119]","[0.225, 0.002, 0.495, 0.134, 0.535, 0.016, 0.082, 0.342, 0.02, 0.008]",3000,0.05181341990828514,-0.11746692306016865,
64,T6,3240,-0.10134160698439408,-0.03463714806933528,-0.006279501833618652,-0.0015747583903043354,0.0011260971687181676,-0.003904939529674869,-0.008083148024411124,0.2786526083946228,0.16558581590652466,0.1338871568441391,0.44423842430114746,0.6734718680381775,0.7763794660568237,4,36,96,"[0.2787, 0.1656, 0.1339, 0.049, 0.0463, 0.027, 0.0233, 0.0204, 0.019, 0.0131]","[0.101, 0.035, 0.006, 0.1, 0.519, 0.311, 0.205, 0.352, 0.329, 0.158]",3000,0.04258845001459122,0.14183699574844866,
64,T7,3240,-0.2839909788768039,0.22533463192511582,0.07427091048007452,-0.020888370956583246,-0.023164250670670333,-0.062251111609491525,0.04183314244718263,0.423523485660553,0.2798502743244171,0.06663390249013901,0.7033737897872925,0.8307759761810303,0.8933038711547852,3,12,33,"[0.4235, 0.2799, 0.0666, 0.036, 0.0248, 0.0165, 0.0146, 0.012, 0.0112, 0.0082]","[0.284, 0.225, 0.074, 0.603, 0.074, 0.475, 0.46, 0.251, 0.184, 0.167]",3000,0.06006964296102524,0.34254047515640546,
64,T8,3240,0.20774614073029926,0.22207922524129498,-0.1479535368710545,0.016460053292966497,0.01364382697945785,0.08368441396530649,-0.0658290545684069,0.40547648072242737,0.255764901638031,0.08646954596042633,0.6612414121627808,0.8162521123886108,0.8853390216827393,2,13,37,"[0.4055, 0.2558, 0.0865, 0.0428, 0.0257, 0.0214, 0.0169, 0.0122, 0.01, 0.0087]","[0.208, 0.222, 0.148, 0.686, 0.35, 0.083, 0.198, 0.007, 0.006, 0.058]",3000,0.090125672519207,-0.36816038023896785,
64,R0,3240,0.3474364819919657,0.30769975823314866,0.3533218811643233,0.009278406752993545,0.00468592312842782,0.14521317234798597,-0.084923677419304,0.8172721862792969,0.06422986090183258,0.026989126577973366,0.8815020322799683,0.9438106417655945,0.9738136529922485,5,3,6,"[0.8173, 0.0642, 0.027, 0.0209, 0.0144, 0.0115, 0.0081, 0.0043, 0.0032, 0.0029]","[0.347, 0.308, 0.353, 0.139, 0.432, 0.115, 0.156, 0.24, 0.07, 0.511]",3000,0.04238566756248474,-0.5176382019360316,
64,R1,3240,0.10266334776146448,0.01799156395084795,0.1943470143432528,0.009809025155337305,-0.014046049681133438,0.11316539824342775,-0.1353288285409511,0.7775975465774536,0.053577203303575516,0.0456601046025753,0.8311747312545776,0.9274077415466309,0.968523383140564,1,4,7,"[0.7776, 0.0536, 0.0457, 0.0278, 0.0228, 0.0172, 0.011, 0.0053, 0.0046, 0.0031]","[0.103, 0.018, 0.194, 0.176, 0.173, 0.606, 0.182, 0.098, 0.097, 0.002]",3000,0.031845588237047195,-0.36911129307755597,
64,R2,3240,0.4034606953426712,0.42775934232711266,-0.12146638633438342,0.08533180673341775,0.03599217048005002,0.11475881138595831,-0.2289306414505869,0.6562296152114868,0.14733313024044037,0.052363794296979904,0.8035627603530884,0.9117655754089355,0.9528846740722656,3,5,10,"[0.6562, 0.1473, 0.0524, 0.0394, 0.0165, 0.0156, 0.0094, 0.0067, 0.0055, 0.0039]","[0.403, 0.428, 0.121, 0.408, 0.05, 0.173, 0.066, 0.023, 0.045, 0.255]",3000,0.09363439679145813,-0.9071247504363962,
64,R3,3240,-0.11163816026686778,-0.01511793506266433,0.0350810875742407,0.03520847719022993,0.07859450992534231,0.03733712342979236,0.1392885887732935,0.6495679616928101,0.10360341519117355,0.04102117940783501,0.7531713843345642,0.8561410307884216,0.9215003848075867,3,8,17,"[0.6496, 0.1036, 0.041, 0.0343, 0.0276, 0.0215, 0.0144, 0.0112, 0.0098, 0.0084]","[0.112, 0.015, 0.035, 0.051, 0.169, 0.391, 0.014, 0.618, 0.399, 0.004]",3000,0.06140851974487305,0.13510869104440756,
64,R4,3240,0.3280143507543881,-0.19242183028306664,0.15146841135211034,-0.07287931909297286,-0.042342578011302534,0.050155814560991094,-0.017832762748597904,0.7994870543479919,0.044547189027071,0.040451955050230026,0.8440342545509338,0.9293964505195618,0.9633887410163879,4,4,8,"[0.7995, 0.0445, 0.0405, 0.0266, 0.0183, 0.0127, 0.0071, 0.0056, 0.0045, 0.004]","[0.328, 0.192, 0.151, 0.012, 0.151, 0.469, 0.571, 0.219, 0.109, 0.345]",3000,0.14318233728408813,-0.23697712109462557,
64,R5,3240,0.029155842467725828,0.24931190947873996,0.30793476044916596,0.06410570694746581,0.07124101855108157,-0.06443900635805268,0.057322543151521334,0.6187800168991089,0.06738642603158951,0.0604611374437809,0.6861664652824402,0.8131335377693176,0.8852760791778564,2,13,32,"[0.6188, 0.0674, 0.0605, 0.0464, 0.0201, 0.0187, 0.0156, 0.0152, 0.0136, 0.0091]","[0.029, 0.249, 0.308, 0.234, 0.127, 0.243, 0.072, 0.309, 0.281, 0.203]",3000,0.16022935509681702,-0.005738394122681326,
64,R6,3240,0.21628819197693686,0.07716430923751029,-0.4059086453658703,-0.04207151762481139,0.05054997931947384,0.09701866855875482,-0.04497570144455437,0.3590832054615021,0.2012806236743927,0.09043462574481964,0.5603638291358948,0.7676264643669128,0.8488107323646545,3,19,48,"[0.3591, 0.2013, 0.0904, 0.0839, 0.033, 0.0234, 0.02, 0.0141, 0.0121, 0.0116]","[0.216, 0.077, 0.406, 0.463, 0.069, 0.078, 0.301, 0.188, 0.201, 0.135]",3000,0.16820214688777924,-0.3655792093579424,
64,R7,3240,-0.5091485697679007,-0.11246820168289051,-0.39798515938905443,-0.011676215201691403,-0.0834063835378106,-0.03294432611726624,0.15147365610361474,0.38003337383270264,0.2018643468618393,0.13623706996440887,0.5818977355957031,0.8004670143127441,0.8691183924674988,3,16,38,"[0.38, 0.2019, 0.1362, 0.0533, 0.029, 0.0193, 0.0152, 0.0138, 0.0119, 0.0085]","[0.509, 0.112, 0.398, 0.473, 0.175, 0.041, 0.099, 0.028, 0.092, 0.224]",3000,0.2673695981502533,0.72332694341727,
