layer,position,n_horizon,rho_pc1_horizon,rho_pc2_horizon,rho_pc3_horizon,rho_pc1_reward_ratio,rho_pc1_short_reward,rho_pc1_short_delay,rho_pc1_long_delay,evr_pc1,evr_pc2,evr_pc3,cum_evr_2,cum_evr_5,cum_evr_10,n_pc_horizon,n_pc_90,n_pc_95,evr_top10,rho_top10,n_choice,silhouette_choice_pc3,rho_pc1_p_short,ridge_r2_horizon
0,T0,1927,,,,,,,,,,,,,,0,1,1,"[NaN, NaN, NaN, NaN, NaN, NaN, NaN, NaN, NaN, NaN]","[null, null, null, null, null, null, null, null, null, null]",1996,0.0,,
0,T1,1927,,,,,,,,,,,,,,0,1,1,"[NaN, NaN, NaN, NaN, NaN, NaN, NaN, NaN, NaN, NaN]","[null, null, null, null, null, null, null, null, null, null]",1996,0.0,,
0,T2,1927,,,,,,,,,,,,,,0,1,1,"[NaN, NaN, NaN, NaN, NaN, NaN, NaN, NaN, NaN, NaN]","[null, null, null, null, null, null, null, null, null, null]",1996,0.0,,
0,T3,1927,,,,,,,,,,,,,,0,1,1,"[NaN, NaN, NaN, NaN, NaN, NaN, NaN, NaN, NaN, NaN]","[null, null, null, null, null, null, null, null, null, null]",1996,0.0,,
0,T4,1927,,,,,,,,,,,,,,0,1,1,"[NaN, NaN, NaN, NaN, NaN, NaN, NaN, NaN, NaN, NaN]","[null, null, null, null, null, null, null, null, null, null]",1996,0.0,,
0,T5,1927,,,,,,,,,,,,,,0,1,1,"[NaN, NaN, NaN, NaN, NaN, NaN, NaN, NaN, NaN, NaN]","[null, null, null, null, null, null, null, null, null, null]",1996,0.0,,
0,T6,1927,,,,,,,,,,,,,,0,1,1,"[NaN, NaN, NaN, NaN, NaN, NaN, NaN, NaN, NaN, NaN]","[null, null, null, null, null, null, null, null, null, null]",1996,0.0,,
0,T7,1927,,,,,,,,,,,,,,0,1,1,"[NaN, NaN, NaN, NaN, NaN, NaN, NaN, NaN, NaN, NaN]","[null, null, null, null, null, null, null, null, null, null]",1996,0.0,,
0,T8,1927,,,,,,,,,,,,,,0,1,1,"[NaN, NaN, NaN, NaN, NaN, NaN, NaN, NaN, NaN, NaN]","[null, null, null, null, null, null, null, null, null, null]",1996,0.0,,
0,R0,1927,,,,,,,,,,,,,,0,1,1,"[NaN, NaN, NaN, NaN, NaN, NaN, NaN, NaN, NaN, NaN]","[null, null, null, null, null, null, null, null, null, null]",1996,0.0,,
0,R1,1927,,,,,,,,,,,,,,0,1,1,"[NaN, NaN, NaN, NaN, NaN, NaN, NaN, NaN, NaN, NaN]","[null, null, null, null, null, null, null, null, null, null]",1996,0.0,,
0,R2,1927,,,,,,,,,,,,,,0,1,1,"[NaN, NaN, NaN, NaN, NaN, NaN, NaN, NaN, NaN, NaN]","[null, null, null, null, null, null, null, null, null, null]",1996,0.0,,
0,R3,1927,0.046573166236988504,0.04380897599449781,0.04380897599449781,-0.04204973897394565,-0.03317934832082454,0.0032416002300297963,-0.017541003098544502,0.9978267550468445,0.0021727546118199825,1.754357293118347e-12,0.9999995231628418,0.9999995231628418,0.9999995231628418,0,1,1,"[0.9978, 0.0022, 0.0, 0.0, 0.0, 0.0, 0.0, 0.0, 0.0, 0.0]","[0.047, 0.044, 0.044, 0.049, 0.044, 0.047, 0.044, 0.047, 0.049, 0.049]",1996,-0.0008137908298522234,-0.20683942762567045,
0,R4,1927,-0.029457895503291004,-0.029457895503291004,-0.029457895503291004,-0.032269919474830815,-0.02877756160507715,0.06393420870955202,-0.06631902846074178,1.0,2.027084283848929e-13,5.838344564872622e-21,1.0,1.0,1.0,0,1,1,"[1.0, 0.0, 0.0, 0.0, 0.0, 0.0, 0.0, 0.0, 0.0, 0.0]","[0.029, 0.029, 0.029, 0.029, 0.029, 0.029, null, 0.029, 0.029, 0.029]",1996,0.09704020619392395,0.01676610354626985,
0,R5,1927,,,,,,,,,,,,,,0,1,1,"[NaN, NaN, NaN, NaN, NaN, NaN, NaN, NaN, NaN, NaN]","[null, null, null, null, null, null, null, null, null, null]",1996,0.0,,
0,R6,1927,,,,,,,,,,,,,,0,1,1,"[NaN, NaN, NaN, NaN, NaN, NaN, NaN, NaN, NaN, NaN]","[null, null, null, null, null, null, null, null, null, null]",1996,0.0,,
0,R7,1927,,,,,,,,,,,,,,0,1,1,"[NaN, NaN, NaN, NaN, NaN, NaN, NaN, NaN, NaN, NaN]","[null, null, null, null, null, null, null, null, null, null]",1996,0.0,,
1,T0,1927,-0.017533714895826356,-0.5799724616522202,0.11211000287130368,-0.09719428430236082,-0.41453407002314224,0.026090701169118408,-0.08494345044189539,0.3551466763019562,0.21331317722797394,0.1723315417766571,0.5684598684310913,0.8661028146743774,0.9470231533050537,1,7,11,"[0.3551, 0.2133, 0.1723, 0.0748, 0.0505, 0.0276, 0.017, 0.0161, 0.0124, 0.0078]","[0.018, 0.58, 0.112, 0.015, 0.073, 0.093, 0.036, 0.194, 0.125, 0.232]",1996,0.12325520813465118,0.009268555189768959,
1,T1,1927,-0.22601999149493388,-0.33094061658613544,0.0233641263386816,0.029089842363572208,-0.22257570857818448,0.014437278897018303,-0.04375667224938572,0.3179725408554077,0.20003676414489746,0.1122344359755516,0.5180093050003052,0.788544237613678,0.9111689329147339,2,9,18,"[0.318, 0.2, 0.1122, 0.099, 0.0593, 0.0433, 0.033, 0.0219, 0.0147, 0.0097]","[0.226, 0.331, 0.023, 0.193, 0.261, 0.476, 0.227, 0.009, 0.116, 0.012]",1996,0.0995069369673729,0.2545669614575693,
1,T2,1927,0.38951452733810243,-0.22081191195070382,0.28684664797285025,0.2018066185397695,0.5618360209116463,-0.035398333710097256,0.05503805910992091,0.38779664039611816,0.17577028274536133,0.10708880424499512,0.5635669231414795,0.7934516072273254,0.9080026149749756,2,10,17,"[0.3878, 0.1758, 0.1071, 0.0745, 0.0483, 0.0372, 0.0281, 0.0184, 0.0166, 0.0142]","[0.39, 0.221, 0.287, 0.408, 0.145, 0.175, 0.22, 0.078, 0.179, 0.18]",1996,0.09052484482526779,-0.3151812919930583,
1,T3,1927,0.25799924155682835,-0.31708497731913854,0.6487984823254689,-0.03755510155836027,0.2734702122274041,-0.020476595397049675,0.12874150237755064,0.31002500653266907,0.2064221203327179,0.09717217087745667,0.516447126865387,0.7655344009399414,0.878664493560791,2,12,21,"[0.31, 0.2064, 0.0972, 0.0854, 0.0665, 0.035, 0.0281, 0.0209, 0.0157, 0.0136]","[0.258, 0.317, 0.649, 0.255, 0.265, 0.189, 0.067, 0.248, 0.107, 0.043]",1996,0.09367433190345764,-0.1971270807113462,
1,T4,1927,0.36211297399329584,0.23815793780256503,-0.02274123200946978,0.19992556758487876,0.6350287156566037,0.010812844341459571,0.1373287696604022,0.5846371054649353,0.14196953177452087,0.098257876932621,0.7266066074371338,0.882036030292511,0.9459980130195618,3,6,11,"[0.5846, 0.142, 0.0983, 0.0296, 0.0276, 0.0188, 0.0163, 0.0132, 0.008, 0.0077]","[0.362, 0.238, 0.023, 0.066, 0.308, 0.164, 0.44, 0.074, 0.045, 0.036]",1996,0.0667736828327179,-0.3145789844653242,
1,T5,1927,0.3878087646334842,0.24081320114677945,0.586607505224731,0.184146003534254,0.6162242176911148,0.005129645502527173,0.12381453800232832,0.8752131462097168,0.03665716201066971,0.024798095226287842,0.9118703007698059,0.9617265462875366,0.9811943173408508,2,2,4,"[0.8752, 0.0367, 0.0248, 0.0164, 0.0086, 0.0061, 0.0047, 0.0036, 0.0027, 0.0024]","[0.388, 0.241, 0.587, 0.129, 0.022, 0.069, 0.039, 0.04, 0.063, 0.023]",1996,0.081257164478302,-0.26172264771167086,
1,T6,1927,0.5752944962667882,-0.3680097231872302,0.33706855178634826,0.1580329898625827,0.5138932091534886,-0.0022343668456502883,0.12649389609156078,0.37776821851730347,0.14334456622600555,0.10650527477264404,0.5211127996444702,0.7396517992019653,0.8523594737052917,3,15,30,"[0.3778, 0.1433, 0.1065, 0.0651, 0.0469, 0.0307, 0.0279, 0.0211, 0.0187, 0.0143]","[0.575, 0.368, 0.337, 0.057, 0.123, 0.002, 0.235, 0.124, 0.027, 0.06]",1996,0.14281634986400604,-0.3244057239570927,
1,T7,1927,0.11784491357555087,-0.40880581964646523,0.3153072725222136,0.04607366762080598,0.42193071013452194,-0.07623276387363791,0.10281629467986626,0.32740265130996704,0.1880643367767334,0.12055976688861847,0.5154669880867004,0.8024219274520874,0.9150714874267578,2,9,15,"[0.3274, 0.1881, 0.1206, 0.1017, 0.0647, 0.0434, 0.0209, 0.0195, 0.0167, 0.0121]","[0.118, 0.409, 0.315, 0.02, 0.044, 0.037, 0.27, 0.01, 0.177, 0.2]",1996,0.07308663427829742,-0.05367973411718002,
1,T8,1927,0.17366660878984969,-0.46871666812317836,0.07140945844953128,-0.026855542671194006,0.10277802316911554,-0.02773532555159653,0.055841858411649944,0.2977769076824188,0.23061130940914154,0.1422436386346817,0.5283882021903992,0.7681150436401367,0.8640837073326111,2,15,30,"[0.2978, 0.2306, 0.1422, 0.0605, 0.037, 0.0281, 0.0227, 0.0192, 0.0145, 0.0115]","[0.174, 0.469, 0.071, 0.508, 0.108, 0.159, 0.055, 0.059, 0.046, 0.083]",1996,0.09042631834745407,-0.1595716463393045,
1,R0,1927,-0.3852334745572689,0.1941403403144866,0.040882710091472006,-0.20110162063123302,-0.673942412278367,-0.004581636358522196,-0.15084622246154525,0.38682037591934204,0.1878187656402588,0.13546177744865417,0.5746391415596008,0.8210989832878113,0.9140203595161438,3,9,16,"[0.3868, 0.1878, 0.1355, 0.0747, 0.0363, 0.0326, 0.0212, 0.0163, 0.0123, 0.0105]","[0.385, 0.194, 0.041, 0.335, 0.306, 0.059, 0.283, 0.084, 0.176, 0.147]",1996,0.06516797840595245,0.2586561845749903,
1,R1,1927,0.8228002294714456,-0.22956726725028512,0.2917786696565349,0.0672246375478952,0.1744903567189226,0.030444191429687645,0.0356200506189444,0.279059499502182,0.17277607321739197,0.1495267152786255,0.451835572719574,0.7498350739479065,0.8686341047286987,1,14,33,"[0.2791, 0.1728, 0.1495, 0.1017, 0.0468, 0.0363, 0.0323, 0.0216, 0.0158, 0.0128]","[0.823, 0.23, 0.292, 0.148, 0.083, 0.09, 0.146, 0.047, 0.056, 0.092]",1996,0.11721739172935486,-0.4651727197732856,
1,R2,1927,0.2505970102852512,0.26153984190062285,0.08393023613502051,0.16152335140223711,0.6079447882915625,0.02203701122902493,0.1236208322782464,0.43535202741622925,0.11339585483074188,0.08232984691858292,0.5487478971481323,0.7465668320655823,0.8864420652389526,2,11,19,"[0.4354, 0.1134, 0.0823, 0.0657, 0.0498, 0.0443, 0.0321, 0.0238, 0.0223, 0.0173]","[0.251, 0.262, 0.084, 0.184, 0.028, 0.422, 0.34, 0.148, 0.059, 0.122]",1996,0.06035934388637543,-0.15900497888308032,
1,R3,1927,0.10121928512282902,-0.13651257803843572,0.6745092420430954,0.016452725522815344,0.04411139787296172,-0.012847294897450486,-0.0023024574507151787,0.9902530908584595,0.008613329380750656,0.0002223648043582216,0.9988664388656616,0.999356210231781,0.9996433854103088,2,1,1,"[0.9903, 0.0086, 0.0002, 0.0001, 0.0001, 0.0001, 0.0001, 0.0001, 0.0, 0.0]","[0.101, 0.137, 0.675, 0.111, 0.32, 0.024, 0.072, 0.045, 0.005, 0.156]",1996,0.0034386953338980675,-0.2559137011280292,
1,R4,1927,-0.15436483066595916,-0.061113035106603084,0.37049972940917586,0.09942504591124812,0.32831256675576986,0.00018368689128802935,0.0640393123108226,0.9614639282226562,0.03408325836062431,0.001661783317103982,0.9955471754074097,0.9984999299049377,0.999228835105896,2,1,1,"[0.9615, 0.0341, 0.0017, 0.0008, 0.0005, 0.0002, 0.0002, 0.0001, 0.0001, 0.0001]","[0.154, 0.061, 0.37, 0.564, 0.141, 0.006, 0.063, 0.12, 0.09, 0.043]",1996,0.004904778674244881,0.2931747802635132,
1,R5,1927,0.06687434394561953,0.1755228560312455,0.5041053145843905,-0.032518242429251346,-0.0053378987332924855,0.037985919401936796,0.014715912951319118,0.9523031711578369,0.02542981505393982,0.0034678131341934204,0.9777330160140991,0.9872403740882874,0.9933040738105774,3,1,1,"[0.9523, 0.0254, 0.0035, 0.0033, 0.0027, 0.0017, 0.0014, 0.0011, 0.001, 0.0008]","[0.067, 0.176, 0.504, 0.367, 0.123, 0.167, 0.382, 0.127, 0.009, 0.001]",1996,0.014563623815774918,-0.21131519970011461,
1,R6,1927,0.06123850759136217,-0.40015745987740287,-0.5087325945858859,-0.09349438908423728,-0.16171764097488248,-0.017366513315020208,-0.06452827307033365,0.8759137392044067,0.049409620463848114,0.016174202784895897,0.9253233671188354,0.9596619606018066,0.97881019115448,3,2,4,"[0.8759, 0.0494, 0.0162, 0.0101, 0.008, 0.0053, 0.0046, 0.0036, 0.0031, 0.0025]","[0.061, 0.4, 0.509, 0.49, 0.211, 0.163, 0.08, 0.116, 0.082, 0.288]",1996,0.02704630233347416,-0.2205642679326831,
1,R7,1927,0.3310645671724585,0.516936951619491,0.47335035181224805,0.0051028909737297285,0.12756936438190325,-0.00225947016683322,0.04670565903396616,0.5724655389785767,0.20113332569599152,0.06746368110179901,0.773598849773407,0.92030930519104,0.9596788287162781,4,5,9,"[0.5725, 0.2011, 0.0675, 0.0458, 0.0334, 0.0102, 0.0093, 0.0072, 0.0069, 0.0058]","[0.331, 0.517, 0.473, 0.396, 0.13, 0.206, 0.098, 0.034, 0.013, 0.077]",1996,0.09527505189180374,-0.41124813300727064,
2,T0,1927,-0.015019088143569285,0.4753699925726946,-0.220988116144697,-0.09248975802186833,0.14202814648814527,-0.04867354975552378,0.024737957169551204,0.48389509320259094,0.14553174376487732,0.07552643120288849,0.6294268369674683,0.7808939814567566,0.8438138365745544,2,23,62,"[0.4839, 0.1455, 0.0755, 0.0463, 0.0296, 0.0167, 0.015, 0.012, 0.0107, 0.0085]","[0.015, 0.475, 0.221, 0.38, 0.135, 0.028, 0.159, 0.123, 0.042, 0.055]",1996,0.09202968329191208,-0.046585549728379555,
2,T1,1927,0.19434639291488254,-0.5342148275764309,0.3843630117295538,0.13202602618895654,0.2571380502701692,0.06742557082407566,-0.02671031250420215,0.4447084963321686,0.11467531323432922,0.08897451311349869,0.5593838095664978,0.7501389384269714,0.8573384284973145,2,17,42,"[0.4447, 0.1147, 0.089, 0.0518, 0.0499, 0.0342, 0.0262, 0.019, 0.0144, 0.0134]","[0.194, 0.534, 0.384, 0.089, 0.254, 0.21, 0.214, 0.089, 0.075, 0.021]",1996,0.1279972940683365,-0.0790520579594146,
2,T2,1927,-0.28980145197146384,0.34887934808993604,0.24430758466714889,-0.11990810702924705,-0.22119889676199947,-0.04894523966630565,0.016492745376728925,0.20623883605003357,0.13525323569774628,0.09735175967216492,0.34149205684661865,0.5632956624031067,0.6874997615814209,2,69,120,"[0.2062, 0.1353, 0.0974, 0.0701, 0.0543, 0.0466, 0.025, 0.0204, 0.017, 0.0151]","[0.29, 0.349, 0.244, 0.069, 0.149, 0.19, 0.088, 0.134, 0.305, 0.204]",1996,0.10984175652265549,0.15313268329014415,
2,T3,1927,0.16719182117937403,-0.2938375233611442,-0.3275167870530338,-0.002943101976866432,0.2345624700110705,0.003982685891815974,0.049708556765707346,0.3243333399295807,0.11640860885381699,0.09417508542537689,0.44074195623397827,0.6560400128364563,0.7727423310279846,3,46,97,"[0.3243, 0.1164, 0.0942, 0.0741, 0.047, 0.0407, 0.033, 0.0161, 0.0139, 0.0131]","[0.167, 0.294, 0.328, 0.092, 0.319, 0.47, 0.124, 0.003, 0.233, 0.122]",1996,0.07693047821521759,-0.1076044595938468,
2,T4,1927,-0.42331570699149024,0.11445765124806133,0.0812802401037143,-0.1411389860795884,-0.5565775604330994,-0.03365093030659622,-0.1085243964868772,0.3839340806007385,0.1559406816959381,0.1355072557926178,0.539874792098999,0.7514186501502991,0.8427066206932068,2,22,58,"[0.3839, 0.1559, 0.1355, 0.0455, 0.0305, 0.0269, 0.0219, 0.0173, 0.0136, 0.0116]","[0.423, 0.114, 0.081, 0.205, 0.309, 0.238, 0.103, 0.056, 0.108, 0.211]",1996,0.10792582482099533,0.2747356590980518,
2,T5,1927,-0.2621908053175951,0.4975646321841106,0.024904500200773155,-0.1955492568436806,-0.6774090428622076,-0.01614749596843229,-0.14460991711611887,0.5408319234848022,0.0510166697204113,0.04453262314200401,0.591848611831665,0.6887528896331787,0.756374716758728,2,53,102,"[0.5408, 0.051, 0.0445, 0.0286, 0.0238, 0.0166, 0.0141, 0.0136, 0.0123, 0.011]","[0.262, 0.498, 0.025, 0.13, 0.309, 0.197, 0.247, 0.165, 0.032, 0.084]",1996,0.06962715834379196,0.1396900836364221,
2,T6,1927,-0.329846108201176,-0.24114611614556397,0.3367126397453505,-0.0774737944999516,-0.32538553166618145,0.004887310776604208,0.013985223980289613,0.3507484197616577,0.19257935881614685,0.08223721385002136,0.543327808380127,0.7176027894020081,0.7948132157325745,4,38,83,"[0.3507, 0.1926, 0.0822, 0.0556, 0.0364, 0.0266, 0.0154, 0.0145, 0.0111, 0.0096]","[0.33, 0.241, 0.337, 0.334, 0.493, 0.054, 0.132, 0.065, 0.02, 0.029]",1996,0.10456738620996475,0.17418426894660036,
2,T7,1927,-0.2808737003816147,-0.23591478114777864,-0.03404281781636757,-0.13111097791308912,-0.2691197719365398,-0.051592525812475414,-0.031750292974442734,0.46748754382133484,0.11764717847108841,0.08449014276266098,0.585134744644165,0.7685797810554504,0.8488195538520813,1,19,48,"[0.4675, 0.1176, 0.0845, 0.0668, 0.0322, 0.0203, 0.0196, 0.0157, 0.013, 0.0117]","[0.281, 0.236, 0.034, 0.209, 0.216, 0.154, 0.456, 0.223, 0.192, 0.143]",1996,0.05356273055076599,0.1022072868701127,
2,T8,1927,-0.27876971654009725,0.3100195354105527,0.43022186175723737,-0.21847713198027244,-0.68512219688852,-0.016949754112931002,-0.15665044647660503,0.4113406836986542,0.12273945659399033,0.058377739042043686,0.5340801477432251,0.6515253186225891,0.7264581322669983,2,64,118,"[0.4113, 0.1227, 0.0584, 0.0329, 0.0262, 0.0209, 0.0169, 0.0143, 0.0122, 0.0107]","[0.279, 0.31, 0.43, 0.199, 0.011, 0.153, 0.01, 0.099, 0.105, 0.154]",1996,0.0997195839881897,0.07511185048569258,
2,R0,1927,-0.32081234373704814,0.1286982507707302,0.16752628788087084,-0.17397402762635122,-0.6474598947856717,0.04460848250207339,-0.12422874168181051,0.3220062851905823,0.11445271223783493,0.08545390516519547,0.4364590048789978,0.6287746429443359,0.7352628707885742,2,53,100,"[0.322, 0.1145, 0.0855, 0.0626, 0.0443, 0.0349, 0.0241, 0.0181, 0.017, 0.0123]","[0.321, 0.129, 0.168, 0.168, 0.44, 0.29, 0.076, 0.175, 0.158, 0.161]",1996,0.03471919894218445,0.18217714717530478,
2,R1,1927,0.4495005222878587,0.42273169385121145,-0.03287596559859425,0.09172714539524864,0.18751490504328944,-0.019053874064532152,0.06731908174924141,0.3986930251121521,0.11949276179075241,0.0628371313214302,0.5181857943534851,0.6410946249961853,0.7220133543014526,4,64,115,"[0.3987, 0.1195, 0.0628, 0.0319, 0.0282, 0.0218, 0.0187, 0.0152, 0.0135, 0.0118]","[0.45, 0.423, 0.033, 0.325, 0.475, 0.217, 0.239, 0.092, 0.268, 0.192]",1996,0.04321257770061493,-0.3545201856356566,
2,R2,1927,-0.3877623379876427,0.21873742966197363,0.5313826401939873,-0.06273413552731189,-0.44028507613875495,0.04098819396945217,-0.08572259026919933,0.41253194212913513,0.1510874629020691,0.0984698086977005,0.5636193752288818,0.7289835810661316,0.8034761548042297,3,36,79,"[0.4125, 0.1511, 0.0985, 0.0431, 0.0238, 0.0211, 0.018, 0.0139, 0.0118, 0.0097]","[0.388, 0.219, 0.531, 0.316, 0.009, 0.072, 0.01, 0.13, 0.068, 0.049]",1996,0.08884158730506897,0.3208157741447023,
2,R3,1927,0.17588625860419282,0.13532221922862914,0.37908302890975876,0.031738399363049855,-0.03608608531198551,-0.05342084368201949,-0.02624752202463564,0.9833555221557617,0.01653910242021084,2.2081731003709137e-05,0.9998946189880371,0.9999372363090515,0.9999587535858154,1,1,1,"[0.9834, 0.0165, 0.0, 0.0, 0.0, 0.0, 0.0, 0.0, 0.0, 0.0]","[0.176, 0.135, 0.379, 0.083, 0.091, 0.262, 0.042, 0.277, 0.069, 0.026]",1996,-0.0003796636883635074,-0.30073462611294094,
2,R4,1927,-0.15662895497363058,0.07118045661880291,-0.3774265978405199,-0.002494722303761004,-0.07041536636269201,-0.017056104018027613,-0.014602762957679908,0.798671305179596,0.19688494503498077,0.0012572306441143155,0.9955562353134155,0.9976584315299988,0.998378336429596,3,2,2,"[0.7987, 0.1969, 0.0013, 0.0006, 0.0003, 0.0002, 0.0002, 0.0002, 0.0001, 0.0001]","[0.157, 0.071, 0.377, 0.105, 0.339, 0.214, 0.044, 0.208, 0.411, 0.029]",1996,0.0009570386027917266,0.286568499504137,
2,R5,1927,-0.21562515543586253,0.05233695495866303,-0.10473727743224678,-0.05418487685870185,-0.2234465970202983,0.07048272379564238,-0.07723820703918834,0.9390363097190857,0.01447215210646391,0.008792384527623653,0.9535084366798401,0.9709988832473755,0.97807776927948,2,1,2,"[0.939, 0.0145, 0.0088, 0.0055, 0.0032, 0.002, 0.0016, 0.0014, 0.001, 0.001]","[0.216, 0.052, 0.105, 0.18, 0.36, 0.069, 0.077, 0.246, 0.327, 0.107]",1996,0.004871952347457409,0.2598613677414266,
2,R6,1927,0.05608922537794515,-0.39631082059299116,0.06498744588394492,0.07650238417547221,0.21345256653732217,0.043684351072427914,0.04439775888405617,0.8538222312927246,0.03131876513361931,0.01318439096212387,0.8851410150527954,0.9133718013763428,0.9350971579551697,3,4,19,"[0.8538, 0.0313, 0.0132, 0.0078, 0.0072, 0.0061, 0.0054, 0.0041, 0.0032, 0.0029]","[0.056, 0.396, 0.065, 0.21, 0.173, 0.379, 0.549, 0.17, 0.096, 0.069]",1996,0.012704206630587578,0.1265316687290713,
2,R7,1927,0.006989181612362918,0.38897634378039486,-0.5123765894189228,0.08821102362927308,0.13964907550864952,0.030885418912368894,0.046861351727531766,0.6717633008956909,0.13299734890460968,0.04779820889234543,0.8047606348991394,0.8951594829559326,0.9364875555038452,3,6,17,"[0.6718, 0.133, 0.0478, 0.0279, 0.0147, 0.0138, 0.011, 0.0089, 0.0041, 0.0035]","[0.007, 0.389, 0.512, 0.188, 0.055, 0.012, 0.46, 0.005, 0.022, 0.006]",1996,0.06129046529531479,0.10285055683536544,
3,T0,1927,-0.01627008402733499,0.4673359079024579,-0.2546192592434336,-0.08424136668842384,0.15659464002208234,-0.05181235575635858,0.03097833672033429,0.4367460012435913,0.16059304773807526,0.07230298221111298,0.5973390340805054,0.7462026476860046,0.8291865587234497,2,28,71,"[0.4367, 0.1606, 0.0723, 0.0461, 0.0305, 0.0271, 0.0205, 0.0154, 0.0107, 0.0093]","[0.016, 0.467, 0.255, 0.371, 0.11, 0.131, 0.184, 0.144, 0.061, 0.036]",1996,0.09254306554794312,-0.043092726951832715,
3,T1,1927,0.19642489880088349,-0.57210044366113,0.17613407320587093,0.13595495919519102,0.26000322774508,0.07828132869728849,-0.023675380836829227,0.4062861204147339,0.10137724876403809,0.09094776213169098,0.507663369178772,0.7186641693115234,0.8248023986816406,2,23,55,"[0.4063, 0.1014, 0.0909, 0.0701, 0.0499, 0.0322, 0.026, 0.0208, 0.0141, 0.0129]","[0.196, 0.572, 0.176, 0.162, 0.347, 0.061, 0.283, 0.005, 0.06, 0.057]",1996,0.13437619805335999,-0.08393389752247984,
3,T2,1927,-0.3874212824632432,0.021299915350825094,0.232901939695795,-0.20635408633271493,-0.5820829505042605,-0.038001510012142685,-0.10391067060866778,0.23924773931503296,0.17502424120903015,0.08721310645341873,0.4142719805240631,0.6033065319061279,0.7227393388748169,1,62,116,"[0.2392, 0.175, 0.0872, 0.0567, 0.0451, 0.0414, 0.0265, 0.0194, 0.0179, 0.0142]","[0.387, 0.021, 0.233, 0.245, 0.06, 0.075, 0.095, 0.159, 0.3, 0.002]",1996,0.10656487196683884,0.21666604503793088,
3,T3,1927,0.2412859392643289,0.272934367876888,-0.1849378593276376,0.03186107853486391,0.32310653481371354,-0.0011184269822753783,0.05668476552677006,0.26105058193206787,0.15966273844242096,0.13808801770210266,0.42071330547332764,0.6669431924819946,0.7773116230964661,1,46,100,"[0.2611, 0.1597, 0.1381, 0.068, 0.0401, 0.0351, 0.0291, 0.0191, 0.0152, 0.0118]","[0.241, 0.273, 0.185, 0.222, 0.467, 0.251, 0.101, 0.291, 0.099, 0.06]",1996,0.0716497078537941,-0.15682949982461994,
3,T4,1927,0.5105304962003784,-0.3263506358296302,-0.04190773360222678,-0.014777683159818988,0.06116134702295644,-0.017853380402848108,0.020049108112012423,0.2310047298669815,0.19085732102394104,0.14723952114582062,0.42186206579208374,0.6982026696205139,0.7986288070678711,2,27,65,"[0.231, 0.1909, 0.1472, 0.0752, 0.0539, 0.0293, 0.0234, 0.0179, 0.0162, 0.0136]","[0.511, 0.326, 0.042, 0.223, 0.164, 0.265, 0.107, 0.022, 0.127, 0.023]",1996,0.11385437846183777,-0.46252370824676214,
3,T5,1927,-0.258509680319199,0.5202628128362539,0.041811214910913566,-0.18077167343869732,-0.6668609267102537,-0.019860750505526575,-0.128760172240586,0.5295888781547546,0.05074119195342064,0.041193075478076935,0.5803300738334656,0.6776479482650757,0.7460950613021851,1,58,110,"[0.5296, 0.0507, 0.0412, 0.0311, 0.025, 0.0173, 0.0155, 0.0138, 0.0119, 0.01]","[0.259, 0.52, 0.042, 0.247, 0.144, 0.168, 0.26, 0.163, 0.113, 0.01]",1996,0.0706881582736969,0.14144606289472259,
3,T6,1927,-0.3424524785691691,0.15452076459905342,0.3616456097237097,-0.07735935476292681,-0.39495343534172056,0.01188682587102684,-0.0035133920352009773,0.33447569608688354,0.1864241659641266,0.08604108542203903,0.5208998918533325,0.7044692635536194,0.7852225303649902,4,42,91,"[0.3345, 0.1864, 0.086, 0.0607, 0.0368, 0.027, 0.015, 0.0144, 0.014, 0.0105]","[0.342, 0.155, 0.362, 0.338, 0.532, 0.048, 0.021, 0.078, 0.086, 0.026]",1996,0.09642283618450165,0.18241694584046936,
3,T7,1927,-0.2626179068888858,-0.25685170742560437,0.025197863609147962,-0.14759845997420398,-0.2590871503128168,-0.039628361447007474,-0.02702497712665784,0.4231197237968445,0.13873833417892456,0.08999690413475037,0.561858057975769,0.7564135193824768,0.8391610980033875,2,22,55,"[0.4231, 0.1387, 0.09, 0.0676, 0.037, 0.0258, 0.0198, 0.0136, 0.0129, 0.0106]","[0.263, 0.257, 0.025, 0.043, 0.295, 0.202, 0.391, 0.363, 0.007, 0.03]",1996,0.0492788627743721,0.09686762409705182,
3,T8,1927,-0.3021006681034785,0.22617251932074578,0.4149765002310072,-0.23084328008787264,-0.6847911049998902,-0.015763261108905316,-0.158518913264071,0.3940379321575165,0.12141028046607971,0.054006148129701614,0.5154482126235962,0.6327957510948181,0.7120936512947083,2,71,127,"[0.394, 0.1214, 0.054, 0.0357, 0.0277, 0.0214, 0.0191, 0.0149, 0.0122, 0.0117]","[0.302, 0.226, 0.415, 0.04, 0.222, 0.066, 0.282, 0.172, 0.159, 0.116]",1996,0.09884908050298691,0.09231851960999067,
3,R0,1927,-0.30669790949421394,0.17816353080157615,0.17735735021753876,-0.1724057378056049,-0.6507612154196206,0.03990094745170174,-0.12761370997609353,0.31413328647613525,0.11038302630186081,0.08510305732488632,0.42451632022857666,0.6108025312423706,0.7177382111549377,2,59,111,"[0.3141, 0.1104, 0.0851, 0.0608, 0.0403, 0.0325, 0.0243, 0.019, 0.0168, 0.0143]","[0.307, 0.178, 0.177, 0.14, 0.441, 0.27, 0.073, 0.121, 0.235, 0.126]",1996,0.032092660665512085,0.16533537602755524,
3,R1,1927,0.4495991300196178,0.39768487792402846,-0.11202423437629368,0.0956007432812701,0.2036919689110701,-0.017640035397585328,0.06740555784226879,0.37211817502975464,0.12245453149080276,0.05883605405688286,0.4945726990699768,0.6161506772041321,0.6986448764801025,4,74,130,"[0.3721, 0.1225, 0.0588, 0.0327, 0.03, 0.0217, 0.0195, 0.0148, 0.0144, 0.0121]","[0.45, 0.398, 0.112, 0.538, 0.103, 0.253, 0.241, 0.325, 0.101, 0.124]",1996,0.04475252330303192,-0.3494822435502094,
3,R2,1927,-0.3888058885962403,0.20203488856102372,0.5137480713165905,-0.06453512449825842,-0.44999340276282424,0.03348537647056539,-0.08924188399932133,0.3896028995513916,0.1447567343711853,0.09659522026777267,0.5343596339225769,0.6969603300094604,0.7761869430541992,3,46,94,"[0.3896, 0.1448, 0.0966, 0.0393, 0.0267, 0.0243, 0.0177, 0.0144, 0.0132, 0.0097]","[0.389, 0.202, 0.514, 0.361, 0.032, 0.071, 0.041, 0.078, 0.133, 0.054]",1996,0.08273627609014511,0.31291247981489134,
3,R3,1927,0.178243563193125,0.043832581249091174,0.3480024209324445,0.023623274262640527,-0.03526264922293781,-0.04158923882965235,-0.021580145271411916,0.9836655259132385,0.016195163130760193,3.231494702049531e-05,0.9998607039451599,0.9999206066131592,0.9999499320983887,1,1,1,"[0.9837, 0.0162, 0.0, 0.0, 0.0, 0.0, 0.0, 0.0, 0.0, 0.0]","[0.178, 0.044, 0.348, 0.244, 0.185, 0.15, 0.114, 0.197, 0.212, 0.135]",1996,-0.0003041499585378915,-0.3006899951885275,
3,R4,1927,-0.19734096476204366,0.08377855513976828,-0.3816063660722964,-0.026036211641842843,-0.20897131431622934,-0.008794874085659142,-0.04424421370416796,0.8246908187866211,0.17103885114192963,0.0010706507600843906,0.9957296848297119,0.9976921081542969,0.9983481764793396,3,2,2,"[0.8247, 0.171, 0.0011, 0.0006, 0.0002, 0.0002, 0.0002, 0.0001, 0.0001, 0.0001]","[0.197, 0.084, 0.382, 0.112, 0.271, 0.012, 0.379, 0.466, 0.017, 0.02]",1996,0.001257627853192389,0.28887104829607035,
3,R5,1927,-0.2615601297909001,-0.12128177700474606,-0.1486396352411255,-0.04143236778783794,-0.18271819327489217,0.09788776189081448,-0.07410671466561848,0.9257506132125854,0.022564886137843132,0.016879839822649956,0.9483155012130737,0.9727661609649658,0.9795759320259094,2,1,3,"[0.9258, 0.0226, 0.0169, 0.0045, 0.0031, 0.0022, 0.0014, 0.0013, 0.0011, 0.0009]","[0.262, 0.121, 0.149, 0.254, 0.316, 0.088, 0.032, 0.148, 0.492, 0.034]",1996,0.003959526773542166,0.3144906740199482,
3,R6,1927,0.0073167044512817015,-0.4252046103485211,0.15872805009011376,0.0719000855455288,0.20903988413245567,0.045500457511152705,0.031952042076575,0.8378675580024719,0.03355658799409866,0.014195811003446579,0.87142413854599,0.9076768159866333,0.9327808618545532,3,5,20,"[0.8379, 0.0336, 0.0142, 0.0124, 0.0097, 0.0076, 0.0063, 0.0047, 0.0035, 0.003]","[0.007, 0.425, 0.159, 0.076, 0.276, 0.219, 0.475, 0.395, 0.078, 0.105]",1996,0.019193900749087334,0.15645663567289742,
3,R7,1927,-0.024751415829873447,0.3944016282591007,-0.508625603433443,0.08435796075428428,0.15516191390098275,0.01624067683012096,0.04787390662134508,0.6930628418922424,0.11442935466766357,0.04304758831858635,0.807492196559906,0.8956072330474854,0.9345335960388184,4,6,18,"[0.6931, 0.1144, 0.043, 0.0252, 0.0199, 0.0131, 0.0103, 0.0084, 0.0039, 0.0032]","[0.025, 0.394, 0.509, 0.066, 0.382, 0.113, 0.344, 0.041, 0.011, 0.033]",1996,0.05802368372678757,0.13110673690800626,
4,T0,1927,-0.013845347094690203,0.4546701498437144,0.030181025856915445,-0.07409180715936611,0.19246644986484931,-0.04886420626884311,0.019655987354827164,0.42362433671951294,0.14918869733810425,0.09733123332262039,0.5728130340576172,0.7430712580680847,0.8239505290985107,2,31,79,"[0.4236, 0.1492, 0.0973, 0.043, 0.03, 0.0241, 0.02, 0.0154, 0.0122, 0.0092]","[0.014, 0.455, 0.03, 0.49, 0.014, 0.105, 0.24, 0.057, 0.072, 0.111]",1996,0.08968841284513474,-0.04418408866131069,
4,T1,1927,0.4624168631331098,0.10886363241377921,-0.04807046185040527,0.2117050884913862,0.6680236850879683,0.03620573889325437,0.11490254311885933,0.43614670634269714,0.1672002077102661,0.07466810196638107,0.6033469438552856,0.7541666626930237,0.8718060255050659,3,14,30,"[0.4361, 0.1672, 0.0747, 0.0426, 0.0336, 0.032, 0.0297, 0.0219, 0.0184, 0.0155]","[0.462, 0.109, 0.048, 0.544, 0.339, 0.251, 0.078, 0.21, 0.125, 0.07]",1996,0.10786882787942886,-0.2656068293669436,
4,T2,1927,-0.41010174966970253,-0.08914165281314046,-0.1057147207444463,-0.2394989251034943,-0.6467352215236398,-0.008523411784334831,-0.18178124853748567,0.2841680943965912,0.21817678213119507,0.10469555109739304,0.5023448467254639,0.6950879693031311,0.8048408627510071,3,37,90,"[0.2842, 0.2182, 0.1047, 0.0501, 0.038, 0.0353, 0.029, 0.019, 0.0144, 0.0121]","[0.41, 0.089, 0.106, 0.334, 0.026, 0.036, 0.372, 0.177, 0.026, 0.05]",1996,0.10024533420801163,0.2280052428078918,
4,T3,1927,0.3365389753764898,-0.03912755513484735,-0.0844146981051411,0.16397513657664187,0.6162204327299367,0.007171476020650081,0.12379258432093583,0.23917558789253235,0.15055972337722778,0.13662990927696228,0.38973531126976013,0.6623089909553528,0.7817574143409729,5,44,101,"[0.2392, 0.1506, 0.1366, 0.081, 0.0549, 0.0384, 0.0313, 0.0219, 0.0176, 0.0103]","[0.337, 0.039, 0.084, 0.304, 0.411, 0.133, 0.32, 0.399, 0.014, 0.11]",1996,0.07049775868654251,-0.15898908426122527,
4,T4,1927,0.3784655593673336,0.31913175068876326,-0.08085644865761389,0.2042265461534682,0.7246992644194741,-0.0005283905330142138,0.14903992041139086,0.3225519359111786,0.18010462820529938,0.1058100238442421,0.5026565790176392,0.7386550903320312,0.849330484867096,4,18,40,"[0.3226, 0.1801, 0.1058, 0.0661, 0.0641, 0.034, 0.0239, 0.0218, 0.0185, 0.0125]","[0.378, 0.319, 0.081, 0.074, 0.085, 0.335, 0.123, 0.321, 0.094, 0.097]",1996,0.094396211206913,-0.20874627401149876,
4,T5,1927,0.2998698299519019,0.30400223627591344,0.21945646806893496,0.18884205126543901,0.6530815659548708,0.009832775563664659,0.1158676879397754,0.4392285645008087,0.06490302085876465,0.055881548672914505,0.504131555557251,0.6290732622146606,0.7182410359382629,2,68,128,"[0.4392, 0.0649, 0.0559, 0.0356, 0.0334, 0.0265, 0.0212, 0.0157, 0.0131, 0.0126]","[0.3, 0.304, 0.219, 0.56, 0.165, 0.146, 0.239, 0.276, 0.074, 0.014]",1996,0.06407920271158218,-0.17809110364413008,
4,T6,1927,-0.37601502958146465,0.10383561981330858,0.35983678981712097,-0.12484887818352833,-0.5155679123305837,0.010169060662396501,-0.06735840803084862,0.32586705684661865,0.20471276342868805,0.08399294316768646,0.5305798053741455,0.6960742473602295,0.7772207260131836,3,48,102,"[0.3259, 0.2047, 0.084, 0.0453, 0.0362, 0.0261, 0.0161, 0.015, 0.0128, 0.0113]","[0.376, 0.104, 0.36, 0.582, 0.168, 0.111, 0.046, 0.08, 0.012, 0.169]",1996,0.09977524727582932,0.1863458189000418,
4,T7,1927,-0.30071889376656025,0.26755101155298017,-0.051767361227397314,-0.13275948795545925,-0.440491034365126,-0.05186935261240687,-0.02914988076107467,0.48826947808265686,0.12586794793605804,0.09691496193408966,0.6141374111175537,0.7825849652290344,0.8561321496963501,3,19,51,"[0.4883, 0.1259, 0.0969, 0.048, 0.0235, 0.0218, 0.018, 0.0123, 0.0114, 0.0101]","[0.301, 0.268, 0.052, 0.098, 0.401, 0.084, 0.436, 0.154, 0.158, 0.1]",1996,0.04727530851960182,0.13985001471567157,
4,T8,1927,0.349711471674944,0.12793038566570908,0.5915353864190183,0.23033561182059664,0.671684262112391,0.01243986437612747,0.1746508790890465,0.3410108983516693,0.1153293177485466,0.05730230361223221,0.4563402235507965,0.589554488658905,0.6820195317268372,2,82,145,"[0.341, 0.1153, 0.0573, 0.0499, 0.0261, 0.0235, 0.0224, 0.0174, 0.0157, 0.0135]","[0.35, 0.128, 0.592, 0.262, 0.133, 0.259, 0.278, 0.028, 0.01, 0.076]",1996,0.10399361699819565,-0.11125654090186703,
4,R0,1927,-0.3257130919033015,0.2665300425311461,-0.16089257667655799,-0.1863824965097823,-0.6641132953820721,0.029645524423871323,-0.13618797432387483,0.28922009468078613,0.14940445125102997,0.08695218712091446,0.4386245608329773,0.6282100677490234,0.727685809135437,3,59,116,"[0.2892, 0.1494, 0.087, 0.0612, 0.0414, 0.0281, 0.022, 0.0198, 0.0168, 0.0128]","[0.326, 0.267, 0.161, 0.116, 0.44, 0.068, 0.123, 0.057, 0.352, 0.048]",1996,0.038501739501953125,0.18712641570158303,
4,R1,1927,0.32651707198829333,-0.4268101491330887,0.37369444820923703,-0.02597700092256311,-0.21227478674266181,0.007635415118455424,-0.016695264029943445,0.5138471126556396,0.14446692168712616,0.037725601345300674,0.658314049243927,0.7320401072502136,0.7887687683105469,5,52,110,"[0.5138, 0.1445, 0.0377, 0.0182, 0.0178, 0.0144, 0.013, 0.0107, 0.0098, 0.0088]","[0.327, 0.427, 0.374, 0.145, 0.46, 0.37, 0.038, 0.152, 0.223, 0.064]",1996,0.03294500336050987,-0.3009508936609186,
4,R2,1927,-0.3287377542911368,0.0744928922717264,0.4033060950626554,-0.08631797846952004,-0.5517671899357058,0.024929365726545024,-0.09801576480558843,0.292767733335495,0.1580153852701187,0.09930676221847534,0.4507831335067749,0.6586148738861084,0.7529754042625427,3,58,117,"[0.2928, 0.158, 0.0993, 0.0669, 0.0416, 0.0357, 0.0193, 0.0153, 0.0131, 0.0109]","[0.329, 0.074, 0.403, 0.286, 0.124, 0.492, 0.074, 0.239, 0.117, 0.009]",1996,0.10296815633773804,0.252790479733482,
4,R3,1927,0.14726452899215745,-0.09258048814059454,-0.4281397247848902,0.036565440231988294,0.03796432258541858,-0.02713693949068119,-0.018412481929005114,0.9836100339889526,0.01587480679154396,0.00030025377054698765,0.9994848370552063,0.9998663067817688,0.9999147653579712,2,1,1,"[0.9836, 0.0159, 0.0003, 0.0001, 0.0, 0.0, 0.0, 0.0, 0.0, 0.0]","[0.147, 0.093, 0.428, 0.046, 0.253, 0.238, 0.043, 0.08, 0.474, 0.226]",1996,-2.4766715796431527e-05,-0.29394516638024315,
4,R4,1927,-0.14053726371190198,0.10277390141928429,-0.31387510552825976,-0.036881160948629636,-0.2255460267189511,0.0016063829525646,-0.03868387665500752,0.8266131281852722,0.16615554690361023,0.0015438671689480543,0.9927686452865601,0.9962441921234131,0.9975873231887817,2,2,2,"[0.8266, 0.1662, 0.0015, 0.0012, 0.0008, 0.0005, 0.0003, 0.0002, 0.0002, 0.0001]","[0.141, 0.103, 0.314, 0.045, 0.09, 0.001, 0.069, 0.564, 0.203, 0.131]",1996,0.0016001976327970624,0.2358949118713214,
4,R5,1927,-0.2583568325144188,-0.021315696066887876,-0.1960722376527698,-0.02488464819173998,-0.14648936003740679,0.08118575627512024,-0.07282195288034488,0.916443943977356,0.032205890864133835,0.014071797952055931,0.9486498236656189,0.9718326926231384,0.9790945649147034,3,1,3,"[0.9164, 0.0322, 0.0141, 0.0055, 0.0036, 0.0024, 0.0016, 0.0012, 0.0011, 0.001]","[0.258, 0.021, 0.196, 0.343, 0.008, 0.126, 0.21, 0.049, 0.345, 0.428]",1996,0.00449762400239706,0.3210840260792508,
4,R6,1927,-0.12770170750075763,-0.33294915969144273,0.06876385526071867,0.045805528013966444,0.09014117154106592,0.02926601943022629,-0.012151079313849619,0.8004343509674072,0.052151843905448914,0.033479075878858566,0.8525862097740173,0.9157869815826416,0.9393199682235718,2,4,16,"[0.8004, 0.0522, 0.0335, 0.0165, 0.0133, 0.0089, 0.0057, 0.004, 0.0027, 0.0024]","[0.128, 0.333, 0.069, 0.247, 0.074, 0.151, 0.637, 0.275, 0.132, 0.025]",1996,0.01645020581781864,0.24861411725964297,
4,R7,1927,-0.17048195486954829,0.08963425926202537,-0.44447667442188443,-0.10205913215301762,-0.2769569622770213,0.037505217597712394,-0.057690801318914714,0.8246982097625732,0.06419668346643448,0.03618137165904045,0.8888949155807495,0.9539641737937927,0.9703074097633362,2,3,5,"[0.8247, 0.0642, 0.0362, 0.0216, 0.0072, 0.0046, 0.0039, 0.0033, 0.0029, 0.0016]","[0.17, 0.09, 0.444, 0.599, 0.084, 0.251, 0.113, 0.269, 0.119, 0.204]",1996,0.0345236100256443,-0.019752341240748122,
5,T0,1927,-0.012190912047685321,0.4664138500902316,-0.07629045277962787,-0.048167312350443636,0.23652366861564345,-0.046578365740069454,0.039319447064503646,0.3995244801044464,0.14946348965168,0.10286639630794525,0.5489879846572876,0.725266695022583,0.8055266737937927,2,39,93,"[0.3995, 0.1495, 0.1029, 0.0441, 0.0293, 0.024, 0.0189, 0.015, 0.0126, 0.0099]","[0.012, 0.466, 0.076, 0.484, 0.056, 0.096, 0.222, 0.017, 0.071, 0.068]",1996,0.09459850937128067,-0.03835512303362713,
5,T1,1927,0.3746203556243321,0.34097969840069237,0.0009643302301064398,0.27238952750208795,0.6850873029578779,0.0005077140914781128,0.18777408539224666,0.758089005947113,0.0850590392947197,0.02558237314224243,0.8431480526924133,0.9036692380905151,0.9443982243537903,4,5,12,"[0.7581, 0.0851, 0.0256, 0.0211, 0.0139, 0.0102, 0.0089, 0.0087, 0.0078, 0.0051]","[0.375, 0.341, 0.001, 0.051, 0.601, 0.346, 0.074, 0.229, 0.15, 0.06]",1996,0.08973947912454605,-0.1568139891042311,
5,T2,1927,0.3081773106128552,-0.18280793183332872,0.04665211314763279,0.17924634138484785,0.6013494415842392,-0.01017569175024335,0.15035585429197862,0.3290078938007355,0.17276644706726074,0.07924336194992065,0.5017743110656738,0.6658732295036316,0.7765403985977173,2,39,91,"[0.329, 0.1728, 0.0792, 0.0499, 0.035, 0.0314, 0.0263, 0.022, 0.0177, 0.0133]","[0.308, 0.183, 0.047, 0.549, 0.158, 0.036, 0.002, 0.206, 0.079, 0.134]",1996,0.08600959181785583,-0.19882707313728593,
5,T3,1927,0.33428904842884183,-0.08629347752137682,0.021299690008438368,0.14688461183612017,0.5854982381174082,-0.012547828415753847,0.11283080762644085,0.2828063666820526,0.14106005430221558,0.1292070746421814,0.4238664209842682,0.6696215867996216,0.7825297117233276,5,44,102,"[0.2828, 0.1411, 0.1292, 0.0696, 0.047, 0.0343, 0.0275, 0.0245, 0.0162, 0.0104]","[0.334, 0.086, 0.021, 0.314, 0.486, 0.109, 0.326, 0.345, 0.003, 0.084]",1996,0.071877621114254,-0.1825633398761423,
5,T4,1927,0.3952473784650873,-0.07851547925685136,-0.1537038450891457,0.2468064814209244,0.668281895993412,-0.03130269722788747,0.1394900642858649,0.6967365741729736,0.12060555070638657,0.046888649463653564,0.8173421025276184,0.9045621156692505,0.9466554522514343,1,5,11,"[0.6967, 0.1206, 0.0469, 0.0216, 0.0188, 0.0126, 0.0092, 0.008, 0.0066, 0.0057]","[0.395, 0.079, 0.154, 0.171, 0.145, 0.266, 0.129, 0.064, 0.056, 0.146]",1996,0.08370997756719589,-0.24983290966680075,
5,T5,1927,0.32653054619904354,-0.4259616019555502,0.4586195625834809,0.18822402331672783,0.6462169961503608,0.016914225292355308,0.11224533565193996,0.41018983721733093,0.0730094313621521,0.058933813124895096,0.48319926857948303,0.6154347658157349,0.7045745849609375,3,73,137,"[0.4102, 0.073, 0.0589, 0.0436, 0.0297, 0.0264, 0.0206, 0.017, 0.0133, 0.0118]","[0.327, 0.426, 0.459, 0.298, 0.104, 0.134, 0.145, 0.259, 0.128, 0.049]",1996,0.07979466766119003,-0.20283277922517856,
5,T6,1927,-0.35949291659310384,0.14791714411601406,0.4095252986379399,-0.11680147403187295,-0.4907256744084584,0.012380377813354366,-0.05307921764049703,0.31909775733947754,0.19571709632873535,0.07980717718601227,0.5148148536682129,0.6871638894081116,0.7776906490325928,5,49,105,"[0.3191, 0.1957, 0.0798, 0.0525, 0.0401, 0.0347, 0.0169, 0.0147, 0.0136, 0.0106]","[0.359, 0.148, 0.41, 0.627, 0.41, 0.304, 0.063, 0.042, 0.073, 0.157]",1996,0.10030875355005264,0.17608121582116898,
5,T7,1927,-0.43159672507950075,0.4067809456715815,-0.367575860447136,-0.14982522789924757,-0.4796857584154451,-0.09115396579610305,-0.09827178932229065,0.3431191146373749,0.13934068381786346,0.09413860738277435,0.48245978355407715,0.6858281493186951,0.8041077256202698,5,25,56,"[0.3431, 0.1393, 0.0941, 0.0648, 0.0444, 0.034, 0.0272, 0.0226, 0.0199, 0.0146]","[0.432, 0.407, 0.368, 0.169, 0.09, 0.422, 0.392, 0.139, 0.259, 0.04]",1996,0.06503572314977646,0.2314623089067606,
5,T8,1927,0.36011045571250844,-0.1720974337537278,-0.4751345553175964,0.23058571442764433,0.666691996776838,0.014075124963049974,0.17663548554150038,0.32202786207199097,0.11026325821876526,0.06124182045459747,0.4322911202907562,0.5857586860656738,0.6859764456748962,3,81,146,"[0.322, 0.1103, 0.0612, 0.0545, 0.0377, 0.0287, 0.022, 0.02, 0.0167, 0.0129]","[0.36, 0.172, 0.475, 0.109, 0.347, 0.204, 0.166, 0.259, 0.024, 0.009]",1996,0.100652776658535,-0.121019837055993,
5,R0,1927,-0.31457449940661375,0.27788715300120653,0.14795635440752855,-0.18614648946860074,-0.6744956161011486,0.028102803747677676,-0.1373304468655687,0.2877534031867981,0.13952112197875977,0.08621656149625778,0.42727452516555786,0.6148818731307983,0.7169103622436523,3,64,125,"[0.2878, 0.1395, 0.0862, 0.0597, 0.0417, 0.027, 0.0229, 0.0202, 0.0181, 0.0138]","[0.315, 0.278, 0.148, 0.078, 0.469, 0.09, 0.003, 0.018, 0.393, 0.01]",1996,0.0373927466571331,0.1838539513580024,
5,R1,1927,0.2871469211502903,-0.43282695009795696,0.36395537223554764,-0.043234713740877985,-0.2562659605375938,0.0168256806273388,-0.047398376883065196,0.48586133122444153,0.1444651484489441,0.04581482335925102,0.630326509475708,0.7144399881362915,0.7712117433547974,3,60,120,"[0.4859, 0.1445, 0.0458, 0.0207, 0.0176, 0.0149, 0.0125, 0.0108, 0.0098, 0.0087]","[0.287, 0.433, 0.364, 0.556, 0.27, 0.231, 0.031, 0.135, 0.15, 0.045]",1996,0.03706854209303856,-0.28903141423118245,
5,R2,1927,-0.3386478139256295,0.0030976625640615645,0.46760536588391205,-0.11670960356350316,-0.5831879565975655,0.023731833953833915,-0.11814364197785138,0.48745110630989075,0.11182812601327896,0.07974756509065628,0.5992792248725891,0.7487626075744629,0.8136126399040222,3,39,95,"[0.4875, 0.1118, 0.0797, 0.0429, 0.0268, 0.0245, 0.0132, 0.0097, 0.0094, 0.0081]","[0.339, 0.003, 0.468, 0.261, 0.074, 0.448, 0.026, 0.159, 0.114, 0.131]",1996,0.0917750746011734,0.24066535034236225,
5,R3,1927,0.15370904043049005,-0.12237379846114628,-0.4251128896524401,0.0381088007183091,0.035815192608733615,-0.032764085497811964,-0.026940200893190384,0.9831482172012329,0.016318731009960175,0.0003008226049132645,0.9994669556617737,0.9998525381088257,0.9999039769172668,3,1,1,"[0.9831, 0.0163, 0.0003, 0.0001, 0.0, 0.0, 0.0, 0.0, 0.0, 0.0]","[0.154, 0.122, 0.425, 0.044, 0.266, 0.244, 0.074, 0.067, 0.438, 0.303]",1996,-2.8133463274571113e-05,-0.3054987063661685,
5,R4,1927,-0.09362558748136131,0.17896225652991854,0.13136287218760997,-0.010416665065391332,-0.15697196442283642,0.006298030935595232,-0.017583643612499648,0.8339950442314148,0.158451110124588,0.0015712989261373878,0.9924461841583252,0.9963704943656921,0.9976427555084229,2,2,2,"[0.834, 0.1585, 0.0016, 0.0014, 0.001, 0.0005, 0.0003, 0.0002, 0.0002, 0.0001]","[0.094, 0.179, 0.131, 0.312, 0.059, 0.009, 0.124, 0.532, 0.224, 0.121]",1996,0.0016414712881669402,0.20937373024242706,
5,R5,1927,-0.2228206907355527,0.1184136028660753,-0.23700234466952233,0.027527833409897676,-0.05130330523563584,0.07687017049426109,-0.05082139079242496,0.9209321141242981,0.03115454874932766,0.01249000709503889,0.9520866870880127,0.9731727838516235,0.9801768064498901,2,1,2,"[0.9209, 0.0312, 0.0125, 0.0054, 0.0032, 0.0022, 0.0016, 0.0012, 0.001, 0.001]","[0.223, 0.118, 0.237, 0.357, 0.024, 0.159, 0.16, 0.553, 0.137, 0.127]",1996,0.004791530314832926,0.31554430917575105,
5,R6,1927,-0.11980634378816986,-0.3409364961772119,0.0593353128799579,0.046330927648890526,0.08695974569412843,0.026553545313630394,-0.0065821532655984455,0.7945054769515991,0.05194660276174545,0.03405053913593292,0.8464520573616028,0.91072678565979,0.9348545670509338,2,5,19,"[0.7945, 0.0519, 0.0341, 0.0167, 0.0135, 0.0088, 0.0059, 0.0041, 0.0028, 0.0026]","[0.12, 0.341, 0.059, 0.249, 0.109, 0.179, 0.637, 0.199, 0.02, 0.135]",1996,0.017518920823931694,0.2396344740784344,
5,R7,1927,-0.19334835783377852,0.09147570433985858,-0.3673040532334112,-0.10781385083792655,-0.2856092271939927,0.032776784853224696,-0.06119967008291404,0.8386209607124329,0.05575387552380562,0.03509048745036125,0.8943748474121094,0.9559752941131592,0.9711757302284241,2,3,5,"[0.8386, 0.0558, 0.0351, 0.0201, 0.0064, 0.0045, 0.0037, 0.0028, 0.0026, 0.0015]","[0.193, 0.091, 0.367, 0.592, 0.132, 0.143, 0.29, 0.247, 0.144, 0.013]",1996,0.03212316706776619,0.005990985183273577,
6,T0,1927,-0.1198323493778546,0.4371613182001787,-0.10242690654002798,-0.004222132794175401,-0.33755407957907524,0.03796802790701797,-0.06281846365311472,0.2990402281284332,0.17582008242607117,0.10445918142795563,0.4748603105545044,0.7029211521148682,0.7910094261169434,3,42,102,"[0.299, 0.1758, 0.1045, 0.0778, 0.0458, 0.0292, 0.0189, 0.0145, 0.0131, 0.0124]","[0.12, 0.437, 0.102, 0.31, 0.612, 0.092, 0.148, 0.146, 0.147, 0.206]",1996,0.08749537914991379,0.1269156355287707,
6,T1,1927,0.3973559856836378,-0.24586557685363267,0.15692579372276047,0.23273776772009575,0.6594249733271287,-0.01599785428487657,0.26458016044464217,0.6748056411743164,0.08659012615680695,0.05218435823917389,0.7613957524299622,0.868473470211029,0.9259182810783386,4,8,16,"[0.6748, 0.0866, 0.0522, 0.0288, 0.0261, 0.0157, 0.0149, 0.0094, 0.0092, 0.0082]","[0.397, 0.246, 0.157, 0.021, 0.323, 0.465, 0.273, 0.478, 0.188, 0.125]",1996,0.07794327288866043,-0.17220386539851218,
6,T2,1927,0.3342025736031405,-0.21282878365079835,-0.08461654033891258,0.19779158696163338,0.5848361153784187,-0.024674292727061314,0.19300758228482526,0.3495485186576843,0.1295517235994339,0.07061146944761276,0.47910022735595703,0.6582022309303284,0.7678382396697998,4,36,88,"[0.3495, 0.1296, 0.0706, 0.0574, 0.0511, 0.0312, 0.0255, 0.0206, 0.0171, 0.0152]","[0.334, 0.213, 0.085, 0.415, 0.509, 0.034, 0.321, 0.001, 0.228, 0.027]",1996,0.09129457175731659,-0.26558644094515255,
6,T3,1927,0.3271040131282768,-0.3143746870702764,0.04777264798369364,0.1253353441318893,0.5024090523905672,-0.03038995630898218,0.03692223971780369,0.34932276606559753,0.15739773213863373,0.08059468865394592,0.5067204833030701,0.6598322987556458,0.7609743475914001,5,41,100,"[0.3493, 0.1574, 0.0806, 0.0426, 0.0299, 0.0244, 0.0221, 0.0206, 0.0172, 0.0168]","[0.327, 0.314, 0.048, 0.619, 0.355, 0.184, 0.301, 0.009, 0.202, 0.018]",1996,0.08719927072525024,-0.20979403698126603,
6,T4,1927,0.3886279430683453,-0.01754765814008628,-0.053559219494569925,0.24847900898810946,0.6765723746615834,-0.050903463988644745,0.13959641262275116,0.7098965048789978,0.09108851104974747,0.04866544157266617,0.8009850382804871,0.8932849764823914,0.9372375011444092,1,6,13,"[0.7099, 0.0911, 0.0487, 0.0259, 0.0177, 0.0144, 0.0095, 0.0074, 0.0067, 0.0059]","[0.389, 0.018, 0.054, 0.279, 0.072, 0.163, 0.051, 0.032, 0.21, 0.055]",1996,0.07914445549249649,-0.21948940837592112,
6,T5,1927,0.3025885419481356,-0.38403514085035206,-0.4820952873104201,0.18796433068151538,0.6837966345418544,0.06889566142863783,0.12167023860743974,0.2499939203262329,0.12041958421468735,0.06735598295927048,0.37041351199150085,0.5488319396972656,0.7023633718490601,4,56,118,"[0.25, 0.1204, 0.0674, 0.0656, 0.0455, 0.039, 0.0348, 0.0326, 0.0264, 0.0207]","[0.303, 0.384, 0.482, 0.052, 0.081, 0.032, 0.468, 0.054, 0.043, 0.062]",1996,0.07388302683830261,-0.1946448921567719,
6,T6,1927,-0.24652196352022684,0.33933686050090417,-0.12275769651662438,-0.07182077113371906,-0.1528951338642243,-0.01251762004644824,0.0024857964069499292,0.34053346514701843,0.19676241278648376,0.08705955743789673,0.5372958779335022,0.7342199683189392,0.8191734552383423,3,35,92,"[0.3405, 0.1968, 0.0871, 0.0688, 0.0411, 0.0345, 0.0167, 0.0143, 0.0113, 0.0081]","[0.247, 0.339, 0.123, 0.115, 0.157, 0.654, 0.181, 0.076, 0.045, 0.374]",1996,0.06713754683732986,0.1011968811703467,
6,T7,1927,-0.5446430298325103,0.2358207326826484,-0.44919629020171975,-0.15516114013257307,-0.3684920556586783,-0.15163942407312886,-0.1704762060709766,0.24161063134670258,0.1848931610584259,0.09757976979017258,0.4265037775039673,0.6352056264877319,0.7977374196052551,3,22,47,"[0.2416, 0.1849, 0.0976, 0.0641, 0.0471, 0.0423, 0.0389, 0.0293, 0.0282, 0.0238]","[0.545, 0.236, 0.449, 0.211, 0.319, 0.187, 0.3, 0.109, 0.282, 0.206]",1996,0.09376312047243118,0.29309831569135947,
6,T8,1927,0.35179911799917063,-0.2422765040408853,-0.49001167264256074,0.217062063311369,0.6831922195810849,0.0037169800051242347,0.1549679671214192,0.2684587240219116,0.10292195528745651,0.0649271011352539,0.37138068675994873,0.5311810374259949,0.6618330478668213,3,88,171,"[0.2685, 0.1029, 0.0649, 0.053, 0.0419, 0.0365, 0.0318, 0.0267, 0.0199, 0.0158]","[0.352, 0.242, 0.49, 0.249, 0.214, 0.072, 0.396, 0.276, 0.046, 0.096]",1996,0.08428147435188293,-0.10978233691366171,
6,R0,1927,-0.3390350173853447,-0.0022576171611263713,-0.4220903871051151,-0.18455667690887054,-0.6706093346639059,0.02899885604454056,-0.14350757614306325,0.23136936128139496,0.18993446230888367,0.08563663810491562,0.42130380868911743,0.6169029474258423,0.7284883260726929,5,65,140,"[0.2314, 0.1899, 0.0856, 0.0643, 0.0456, 0.0417, 0.0223, 0.0207, 0.0144, 0.0125]","[0.339, 0.002, 0.422, 0.003, 0.353, 0.4, 0.321, 0.207, 0.001, 0.09]",1996,0.05660972744226456,0.18955873277068436,
6,R1,1927,0.4639727348037579,-0.3626281727428631,-0.07058315901560379,0.062273779818240206,0.20378120641071826,0.0006441744241124563,0.09539950546249279,0.4331538677215576,0.19136671721935272,0.058174457401037216,0.6245205998420715,0.7620624899864197,0.8161435127258301,5,42,108,"[0.4332, 0.1914, 0.0582, 0.0481, 0.0312, 0.0148, 0.0125, 0.0106, 0.0085, 0.0076]","[0.464, 0.363, 0.071, 0.429, 0.397, 0.157, 0.349, 0.059, 0.129, 0.139]",1996,0.043869055807590485,-0.3632652347527191,
6,R2,1927,-0.13628424907891573,-0.1107406520155465,0.46195483601493204,0.010492894312774859,-0.2759287828710252,0.0856749797594544,-0.17603269846536507,0.5258892774581909,0.10222646594047546,0.07681792229413986,0.6281157732009888,0.7989744544029236,0.869240403175354,3,17,55,"[0.5259, 0.1022, 0.0768, 0.053, 0.041, 0.027, 0.0149, 0.0116, 0.01, 0.0068]","[0.136, 0.111, 0.462, 0.336, 0.244, 0.467, 0.2, 0.03, 0.09, 0.054]",1996,0.04205392301082611,0.08597912860219291,
6,R3,1927,0.05126142617340813,-0.18215740993507148,0.39918041219789907,0.042825469663253006,0.048079422815756695,-0.0224332502591897,-0.0009285269996425024,0.9829146862030029,0.016074122861027718,0.0003773051139432937,0.9989888072013855,0.9995924234390259,0.9997833371162415,2,1,1,"[0.9829, 0.0161, 0.0004, 0.0002, 0.0001, 0.0001, 0.0001, 0.0, 0.0, 0.0]","[0.051, 0.182, 0.399, 0.031, 0.186, 0.42, 0.169, 0.188, 0.095, 0.025]",1996,0.001516563119366765,-0.230918533364325,
6,R4,1927,-0.07834527113106546,0.18974533399078541,0.07031253369608535,0.007038723222336693,-0.08989570748712249,0.0095151501322353,-0.002188118426308356,0.8494038581848145,0.13306324183940887,0.004201301373541355,0.9824671149253845,0.9919264912605286,0.99610835313797,1,2,2,"[0.8494, 0.1331, 0.0042, 0.0031, 0.0021, 0.0017, 0.0011, 0.0005, 0.0005, 0.0003]","[0.078, 0.19, 0.07, 0.068, 0.216, 0.318, 0.025, 0.084, 0.176, 0.013]",1996,0.0013866940280422568,0.2095978064813898,
6,R5,1927,0.0971719525671924,-0.11387231140466321,-0.45031021453731496,-0.046478845316286134,-0.04158117691994579,-0.06716953380847396,0.04135942153025741,0.8909684419631958,0.037361450493335724,0.013352123089134693,0.9283298850059509,0.9601320624351501,0.9730304479598999,3,2,4,"[0.891, 0.0374, 0.0134, 0.0097, 0.0087, 0.0051, 0.0024, 0.0021, 0.0018, 0.0015]","[0.097, 0.114, 0.45, 0.101, 0.282, 0.05, 0.046, 0.452, 0.313, 0.156]",1996,0.010904250666499138,-0.21277379833648627,
6,R6,1927,-0.08750811132720361,-0.23345697975729174,0.3465690754266562,0.03338683418981998,0.07181037099804971,0.022345248009043,-0.05937830415814735,0.6936153769493103,0.09390401840209961,0.04727160558104515,0.7875193953514099,0.8861956000328064,0.9208978414535522,5,7,28,"[0.6936, 0.0939, 0.0473, 0.0322, 0.0192, 0.0117, 0.0077, 0.0066, 0.0058, 0.003]","[0.088, 0.233, 0.347, 0.354, 0.072, 0.405, 0.478, 0.027, 0.322, 0.144]",1996,0.032444730401039124,0.23394344411068552,
6,R7,1927,-0.11183860794272583,0.030231134796977935,-0.4821618178462735,-0.08110826721269272,-0.3212502679020946,0.030723507047309816,-0.08249141870239136,0.7847991585731506,0.08505083620548248,0.03875082731246948,0.8698499798774719,0.9561236500740051,0.9766448140144348,3,3,5,"[0.7848, 0.0851, 0.0388, 0.0273, 0.0203, 0.0104, 0.003, 0.0027, 0.0026, 0.0017]","[0.112, 0.03, 0.482, 0.116, 0.351, 0.207, 0.563, 0.012, 0.102, 0.014]",1996,0.026024136692285538,-0.12172417283843182,
7,T0,1927,0.3467221059938579,-0.2387428220300675,0.10575876782553338,0.11314381390715912,0.5284795708673272,-0.027772788175790323,0.11256675459100883,0.24919883906841278,0.210316464304924,0.10017864406108856,0.4595153033733368,0.6891275644302368,0.7860357165336609,3,39,100,"[0.2492, 0.2103, 0.1002, 0.0807, 0.0488, 0.0318, 0.0207, 0.0173, 0.0141, 0.013]","[0.347, 0.239, 0.106, 0.016, 0.615, 0.1, 0.011, 0.479, 0.024, 0.105]",1996,0.08761432766914368,-0.2499665448487622,
7,T1,1927,0.48036979679732067,-0.3813810409266504,0.5102928154588862,0.22382426276019213,0.6210751652460641,0.004003062726308914,0.25533992587232607,0.5131690502166748,0.12076627463102341,0.06846632063388824,0.6339353322982788,0.7979782819747925,0.898851752281189,3,11,20,"[0.5132, 0.1208, 0.0685, 0.0528, 0.0428, 0.0319, 0.0258, 0.0188, 0.0148, 0.0095]","[0.48, 0.381, 0.51, 0.041, 0.299, 0.061, 0.159, 0.288, 0.216, 0.021]",1996,0.0877770408987999,-0.2124778988443371,
7,T2,1927,0.3196359712275391,-0.6020355249930293,-0.38233134458909573,0.05039490309605696,0.5178783484785048,-0.05322992962591508,0.12445627381711838,0.26754191517829895,0.22188831865787506,0.09177148342132568,0.4894302487373352,0.6811192631721497,0.8128436803817749,4,20,45,"[0.2675, 0.2219, 0.0918, 0.0589, 0.041, 0.0379, 0.0269, 0.0241, 0.0233, 0.0195]","[0.32, 0.602, 0.382, 0.19, 0.037, 0.19, 0.332, 0.097, 0.075, 0.253]",1996,0.1113678514957428,-0.22780970617601382,
7,T3,1927,0.579149741912989,-0.2447061026702551,0.14238702600531555,0.1426136680019765,0.4270364140246547,-0.03570183806426614,0.3316104681540525,0.3542019724845886,0.13538475334644318,0.11003714054822922,0.4895867109298706,0.7033581137657166,0.8298556208610535,3,18,37,"[0.3542, 0.1354, 0.11, 0.0556, 0.0482, 0.0384, 0.0271, 0.0259, 0.0182, 0.0169]","[0.579, 0.245, 0.142, 0.463, 0.026, 0.388, 0.013, 0.124, 0.011, 0.013]",1996,0.12305646389722824,-0.26504639744453473,
7,T4,1927,0.37660528091710144,-0.07326770541266607,0.20780365537978823,0.2545119935410523,0.677825572297785,-0.05405457456144755,0.15134880833471523,0.7015191912651062,0.08123078942298889,0.04988160356879234,0.7827500104904175,0.8768630623817444,0.9259647727012634,4,7,15,"[0.7015, 0.0812, 0.0499, 0.0264, 0.0178, 0.0141, 0.0105, 0.0091, 0.0083, 0.0071]","[0.377, 0.073, 0.208, 0.32, 0.022, 0.176, 0.301, 0.098, 0.318, 0.172]",1996,0.07480110973119736,-0.20952918035009277,
7,T5,1927,-0.6044152696251551,0.3088589083962294,0.259645785312772,-0.09196419789942314,-0.0906588001485401,-0.03918162564827018,-0.4896076901744979,0.4260319769382477,0.11990641802549362,0.09720054268836975,0.5459383726119995,0.7481042742729187,0.8457218408584595,3,18,40,"[0.426, 0.1199, 0.0972, 0.0714, 0.0336, 0.0243, 0.0234, 0.0207, 0.0168, 0.0124]","[0.604, 0.309, 0.26, 0.294, 0.349, 0.066, 0.007, 0.118, 0.04, 0.004]",1996,0.16319157183170319,0.26011977515699747,
7,T6,1927,0.3295303724188126,-0.4977424451322068,-0.19282334741036639,-0.0865417606645592,-0.025792061121457214,-0.03787099449465224,0.1819399120233817,0.297975093126297,0.187931627035141,0.07264228910207748,0.485906720161438,0.6612130403518677,0.7745469808578491,3,33,82,"[0.298, 0.1879, 0.0726, 0.0537, 0.0489, 0.032, 0.0283, 0.02, 0.0177, 0.0153]","[0.33, 0.498, 0.193, 0.642, 0.151, 0.256, 0.053, 0.02, 0.153, 0.036]",1996,0.07266834378242493,-0.17768161174918476,
7,T7,1927,-0.7373528049129341,-0.4401415649474861,-0.06408590971354124,-0.12155417467169116,-0.30157489131635723,-0.01556623320662441,-0.377840601909715,0.2864976227283478,0.13388961553573608,0.10843154042959213,0.42038723826408386,0.6368674039840698,0.7837114930152893,2,23,44,"[0.2865, 0.1339, 0.1084, 0.0579, 0.0501, 0.0427, 0.0346, 0.0267, 0.0245, 0.0183]","[0.737, 0.44, 0.064, 0.127, 0.181, 0.02, 0.043, 0.127, 0.207, 0.067]",1996,0.11554870009422302,0.3862115426982746,
7,T8,1927,0.5405972817573249,-0.1755062847145656,-0.1341194253707171,0.14002593009412811,0.5493056918527807,0.011107526667795926,0.14271282669251742,0.2501777708530426,0.13229821622371674,0.09293855726718903,0.38247597217559814,0.5911700129508972,0.734786868095398,3,59,141,"[0.2502, 0.1323, 0.0929, 0.0598, 0.0559, 0.0365, 0.0353, 0.0281, 0.0236, 0.02]","[0.541, 0.176, 0.134, 0.623, 0.439, 0.118, 0.028, 0.15, 0.097, 0.049]",1996,0.09121895581483841,-0.26696965217863466,
7,R0,1927,0.32591424971368904,-0.4281817597070328,0.19976109821947688,0.004064720410045475,0.29499771127060076,0.004054233807493399,0.112904040583299,0.33574727177619934,0.1921588033437729,0.07690507918596268,0.527906060218811,0.6876838803291321,0.7805027365684509,4,45,116,"[0.3357, 0.1922, 0.0769, 0.0508, 0.032, 0.0228, 0.0222, 0.0195, 0.0156, 0.0127]","[0.326, 0.428, 0.2, 0.621, 0.139, 0.006, 0.043, 0.234, 0.051, 0.334]",1996,0.046800024807453156,-0.2603589554384028,
7,R1,1927,0.48890617548097354,-0.2713462492932496,0.4170898720491561,0.07215370234581953,0.20423761894856401,0.0016364549343430863,0.10912440514745027,0.3296148180961609,0.22513191401958466,0.11250799894332886,0.5547467470169067,0.755226194858551,0.8156482577323914,4,40,109,"[0.3296, 0.2251, 0.1125, 0.0573, 0.0307, 0.0158, 0.0143, 0.0118, 0.0096, 0.0089]","[0.489, 0.271, 0.417, 0.319, 0.452, 0.284, 0.195, 0.254, 0.258, 0.045]",1996,0.050145480781793594,-0.38564377867007027,
7,R2,1927,-0.19977386466244218,-0.3699337844720833,0.44513885840208,0.013787891747595146,-0.24517555090984064,0.06436531473116161,-0.17162104991643548,0.49857932329177856,0.10293764621019363,0.08785335719585419,0.6015169620513916,0.7591574192047119,0.8385447263717651,4,23,69,"[0.4986, 0.1029, 0.0879, 0.0387, 0.0311, 0.0266, 0.0164, 0.0151, 0.0115, 0.0098]","[0.2, 0.37, 0.445, 0.432, 0.109, 0.371, 0.184, 0.078, 0.039, 0.143]",1996,0.05014366656541824,0.11806528698411098,
7,R3,1927,-0.01175591233887408,-0.42468003668666077,-0.4149970338892663,0.01736610248343587,-0.01346827188660935,-0.04625853001767994,-0.0385341881583942,0.9824870228767395,0.015882989391684532,0.0004928394337184727,0.9983699917793274,0.9992322325706482,0.9995613098144531,4,1,1,"[0.9825, 0.0159, 0.0005, 0.0002, 0.0001, 0.0001, 0.0001, 0.0001, 0.0, 0.0]","[0.012, 0.425, 0.415, 0.034, 0.016, 0.585, 0.012, 0.101, 0.31, 0.028]",1996,0.002141333417966962,-0.1658528083049162,
7,R4,1927,-0.10635882416681969,0.16703210084267064,-0.19715265002049,-0.014420377867736001,-0.1047495530781266,0.0041583324673067105,-0.012275410231689696,0.8413296937942505,0.13416311144828796,0.0057663568295538425,0.9754928350448608,0.9900180697441101,0.995028555393219,1,2,2,"[0.8413, 0.1342, 0.0058, 0.0055, 0.0033, 0.0021, 0.0012, 0.0007, 0.0006, 0.0004]","[0.106, 0.167, 0.197, 0.038, 0.004, 0.37, 0.014, 0.141, 0.247, 0.108]",1996,0.001058909110724926,0.21556929219272888,
7,R5,1927,0.030408605842393566,-0.1481672160485989,-0.4697868893280932,-0.06548721604937353,-0.1283935118153398,-0.045318163056439376,0.05019843236682311,0.889348030090332,0.037640996277332306,0.013054895214736462,0.9269890189170837,0.957465410232544,0.972231924533844,2,2,4,"[0.8893, 0.0376, 0.0131, 0.011, 0.0064, 0.0051, 0.0035, 0.0026, 0.002, 0.0015]","[0.03, 0.148, 0.47, 0.227, 0.128, 0.286, 0.207, 0.476, 0.197, 0.181]",1996,0.011752399615943432,-0.16971863629271733,
7,R6,1927,-0.02964023913336424,-0.3013561142080566,-0.44944147383160304,0.010230791779497268,0.0986196438814455,0.023869406641618005,-0.10501971268288317,0.6707556247711182,0.16412340104579926,0.037802089005708694,0.8348790407180786,0.9124959111213684,0.941409707069397,4,5,15,"[0.6708, 0.1641, 0.0378, 0.0239, 0.0159, 0.0096, 0.0074, 0.0049, 0.0045, 0.0026]","[0.03, 0.301, 0.449, 0.555, 0.109, 0.558, 0.028, 0.182, 0.133, 0.222]",1996,0.035630106925964355,0.16263107100625798,
7,R7,1927,-0.15069981592200135,0.016959516890633596,-0.43971052852488274,-0.08847192812806735,-0.3135507928033112,0.028314005285512804,-0.09141713627223126,0.7636949419975281,0.10212263464927673,0.03954200819134712,0.8658175468444824,0.9535364508628845,0.9751348495483398,3,3,5,"[0.7637, 0.1021, 0.0395, 0.0273, 0.0209, 0.0114, 0.0033, 0.0027, 0.0025, 0.0017]","[0.151, 0.017, 0.44, 0.192, 0.13, 0.418, 0.544, 0.219, 0.022, 0.085]",1996,0.03324355185031891,-0.09122452598076652,
8,T0,1927,0.4573565356858142,-0.22462054715245652,0.12338102373475074,0.13540368932018004,0.5298925360508877,-0.008949736427381021,0.1233655331778193,0.24137742817401886,0.19566947221755981,0.09439386427402496,0.4370468854904175,0.6695635318756104,0.7816063165664673,2,39,106,"[0.2414, 0.1957, 0.0944, 0.085, 0.0532, 0.0332, 0.0255, 0.0206, 0.0184, 0.0143]","[0.457, 0.225, 0.123, 0.113, 0.617, 0.072, 0.223, 0.259, 0.205, 0.083]",1996,0.10505801439285278,-0.31894238480407455,
8,T1,1927,0.38453374219941794,-0.3737843972232817,-0.6064570639884549,0.15669203354169603,0.5538141052370293,-0.027440183234561523,0.23876355157711998,0.4762667119503021,0.139239102602005,0.06835506111383438,0.6155058145523071,0.7755383849143982,0.8928795456886292,4,11,20,"[0.4763, 0.1392, 0.0684, 0.0514, 0.0403, 0.0342, 0.0258, 0.0245, 0.0197, 0.0131]","[0.385, 0.374, 0.606, 0.232, 0.308, 0.095, 0.045, 0.23, 0.04, 0.23]",1996,0.09332981705665588,-0.22494724583717052,
8,T2,1927,0.4785947350568734,-0.43129436400856064,0.12579974857514462,0.022979243476075762,0.46477106001080515,-0.029464900613939735,0.07519730850249316,0.40859267115592957,0.15522438287734985,0.09561162441968918,0.563817024230957,0.7680814266204834,0.8715782165527344,3,13,26,"[0.4086, 0.1552, 0.0956, 0.0752, 0.0335, 0.0277, 0.026, 0.0203, 0.0154, 0.0141]","[0.479, 0.431, 0.126, 0.288, 0.189, 0.495, 0.02, 0.147, 0.062, 0.12]",1996,0.1292109489440918,-0.3008245136042803,
8,T3,1927,0.5102698837373338,0.038319558437622254,-0.5135430420453442,0.10740563159988957,0.31361111710930506,-0.05452451578371768,0.406339374986841,0.36239951848983765,0.178153395652771,0.09095732867717743,0.5405529141426086,0.7380704283714294,0.8556469082832336,3,15,30,"[0.3624, 0.1782, 0.091, 0.0573, 0.0493, 0.0367, 0.0255, 0.021, 0.0183, 0.0162]","[0.51, 0.038, 0.514, 0.344, 0.049, 0.15, 0.164, 0.156, 0.041, 0.135]",1996,0.11917410045862198,-0.28641289924184293,
8,T4,1927,-0.3997136096665352,-0.15055859373334277,0.3419913747603956,-0.2575464110516848,-0.6780512704959007,0.04019869707743745,-0.15866093382379767,0.6947817802429199,0.07095836848020554,0.04959697276353836,0.765740156173706,0.872906506061554,0.9233359098434448,3,8,16,"[0.6948, 0.071, 0.0496, 0.0308, 0.0268, 0.0149, 0.0109, 0.0097, 0.0079, 0.0071]","[0.4, 0.151, 0.342, 0.476, 0.191, 0.292, 0.114, 0.047, 0.115, 0.157]",1996,0.08413916826248169,0.21453271330417628,
8,T5,1927,-0.6754418520119974,0.44073554305724,-0.1447812225238171,-0.06542133852291303,-0.07947916721087066,-0.012117003253448935,-0.5006752657922574,0.5268763303756714,0.11290153115987778,0.06662801653146744,0.6397778391838074,0.7869406938552856,0.8713052868843079,2,14,27,"[0.5269, 0.1129, 0.0666, 0.0488, 0.0317, 0.0243, 0.0192, 0.0161, 0.0135, 0.0112]","[0.675, 0.441, 0.145, 0.216, 0.127, 0.079, 0.059, 0.074, 0.033, 0.153]",1996,0.18805500864982605,0.2561446565978865,
8,T6,1927,0.36776086969070254,-0.5382652420414771,-0.1500769179337515,-0.07799659189863856,-0.006194108879693651,-0.04630114830805955,0.22611422017683913,0.5239102244377136,0.12792988121509552,0.043107371777296066,0.651840090751648,0.7695483565330505,0.8588200211524963,3,17,39,"[0.5239, 0.1279, 0.0431, 0.0385, 0.0361, 0.0284, 0.0185, 0.0168, 0.0134, 0.0121]","[0.368, 0.538, 0.15, 0.55, 0.09, 0.204, 0.154, 0.069, 0.119, 0.013]",1996,0.04013431444764137,-0.18790551474813175,
8,T7,1927,0.5061873549438749,-0.7099371952676459,-0.16811835800613412,0.19383612570929212,0.5162531188797567,-0.02688000047796147,0.3131925990419604,0.41115954518318176,0.13807153701782227,0.09823085367679596,0.5492310523986816,0.7472732663154602,0.8482099175453186,2,16,30,"[0.4112, 0.1381, 0.0982, 0.0661, 0.0337, 0.03, 0.0217, 0.0193, 0.016, 0.014]","[0.506, 0.71, 0.168, 0.046, 0.164, 0.027, 0.101, 0.075, 0.014, 0.102]",1996,0.10324384272098541,-0.3138267801897946,
8,T8,1927,0.5270020027116615,-0.08217399253486254,-0.019508790249574134,0.14400473561840083,0.5436907628518178,-0.009433261677104308,0.11617967183694577,0.22459840774536133,0.18615056574344635,0.12577836215496063,0.4107489585876465,0.6526176333427429,0.7868152260780334,3,37,105,"[0.2246, 0.1862, 0.1258, 0.0641, 0.0519, 0.0352, 0.0332, 0.0248, 0.0213, 0.0196]","[0.527, 0.082, 0.02, 0.022, 0.663, 0.378, 0.066, 0.09, 0.095, 0.03]",1996,0.09026878327131271,-0.33479223074397246,
8,R0,1927,0.42717814203772525,-0.40903133715278284,0.0895793520228311,-0.005673340530596055,0.286222092176795,0.029213619624086643,0.13062910796598484,0.544979989528656,0.11413335800170898,0.052407633513212204,0.659113347530365,0.7726065516471863,0.8481190800666809,4,22,71,"[0.545, 0.1141, 0.0524, 0.0392, 0.0219, 0.0195, 0.0173, 0.0148, 0.014, 0.0099]","[0.427, 0.409, 0.09, 0.719, 0.158, 0.345, 0.048, 0.199, 0.086, 0.027]",1996,0.032901581376791,-0.2725162407193648,
8,R1,1927,0.3195506333814437,0.5686504967965803,-0.45560368480750746,0.036003948603270094,-0.07735336856986738,0.106284113901447,0.06697232398747006,0.25667521357536316,0.236482173204422,0.1420900970697403,0.49315738677978516,0.729066014289856,0.8206693530082703,4,34,103,"[0.2567, 0.2365, 0.1421, 0.0624, 0.0315, 0.029, 0.018, 0.016, 0.0153, 0.0133]","[0.32, 0.569, 0.456, 0.159, 0.581, 0.028, 0.077, 0.054, 0.23, 0.193]",1996,0.05150430649518967,-0.13751438315097692,
8,R2,1927,-0.22603658775055735,-0.5299408907973775,0.3905108185894179,0.0691120341322827,-0.062488203319004634,-0.10591316595548735,-0.004607103784971354,0.595225989818573,0.07432275265455246,0.05834277346730232,0.669548749923706,0.8004631996154785,0.8723296523094177,4,15,46,"[0.5952, 0.0743, 0.0583, 0.0428, 0.0298, 0.0193, 0.0154, 0.014, 0.0123, 0.0109]","[0.226, 0.53, 0.391, 0.184, 0.366, 0.351, 0.136, 0.136, 0.232, 0.186]",1996,0.06790877878665924,0.13041231203695877,
8,R3,1927,-0.11330164741970583,-0.235466461237554,0.40182148301675336,-0.06583190468914302,-0.17148462221421557,-0.058284841341765085,-0.054962740716060346,0.9809784293174744,0.01617608219385147,0.0007266528555192053,0.9971545338630676,0.9984880089759827,0.9991615414619446,3,1,1,"[0.981, 0.0162, 0.0007, 0.0003, 0.0003, 0.0002, 0.0001, 0.0001, 0.0001, 0.0001]","[0.113, 0.235, 0.402, 0.148, 0.197, 0.645, 0.389, 0.009, 0.02, 0.079]",1996,0.004403653088957071,-0.13433118489902973,
8,R4,1927,-0.02248101872379807,-0.030823428273184662,-0.23218372863629316,-0.009947004253910686,-0.10353056834360641,0.0326109236819091,-0.010322530901253379,0.8687017560005188,0.10847919434309006,0.005315568298101425,0.9771809577941895,0.9890024065971375,0.9940955638885498,4,2,2,"[0.8687, 0.1085, 0.0053, 0.004, 0.0025, 0.0019, 0.0012, 0.0008, 0.0006, 0.0005]","[0.022, 0.031, 0.232, 0.098, 0.074, 0.434, 0.144, 0.508, 0.302, 0.419]",1996,0.003255091141909361,0.13244326082996286,
8,R5,1927,0.044719950407560494,-0.34613573478596105,-0.2671914376375779,-0.05116048925213432,-0.0711308012267048,-0.004773273245551813,0.029180369564125053,0.8294380307197571,0.048318956047296524,0.03700046241283417,0.8777570128440857,0.9513581991195679,0.9707727432250977,4,3,5,"[0.8294, 0.0483, 0.037, 0.0252, 0.0114, 0.0068, 0.0049, 0.0036, 0.0026, 0.0016]","[0.045, 0.346, 0.267, 0.146, 0.378, 0.146, 0.447, 0.296, 0.026, 0.426]",1996,0.01739472895860672,-0.15607017659266528,
8,R6,1927,-0.022732317366993594,-0.18380893315292038,0.552771426875953,-0.014919402429877533,-0.05132166884418098,-0.050084190709370896,0.005619537342056715,0.5224563479423523,0.23301346600055695,0.04933270812034607,0.755469799041748,0.8720739483833313,0.9210814237594604,3,8,21,"[0.5225, 0.233, 0.0493, 0.0404, 0.0269, 0.0141, 0.0118, 0.0093, 0.0078, 0.0059]","[0.023, 0.184, 0.553, 0.101, 0.585, 0.254, 0.489, 0.038, 0.048, 0.275]",1996,0.029249176383018494,-0.17148549330011806,
8,R7,1927,-0.019251466176624755,0.16761366255431803,0.4741052918056283,-0.0675842425361526,-0.2219977511699249,0.0386375723306223,-0.08328111538389622,0.7533093690872192,0.10175693035125732,0.04031820967793465,0.8550662994384766,0.944760799407959,0.971498966217041,4,4,6,"[0.7533, 0.1018, 0.0403, 0.031, 0.0184, 0.0123, 0.0053, 0.004, 0.0032, 0.002]","[0.019, 0.168, 0.474, 0.18, 0.488, 0.284, 0.497, 0.038, 0.376, 0.061]",1996,0.03021395206451416,-0.20613304287800555,
9,T0,1927,0.48161551699984456,-0.10461480570127007,0.15241556186126642,0.1960913223261696,0.5808260675761043,-0.005410160539232137,0.1431278975739707,0.2685546576976776,0.19740699231624603,0.08774717152118683,0.46596163511276245,0.6734799742698669,0.7938379645347595,3,34,95,"[0.2686, 0.1974, 0.0877, 0.0627, 0.0571, 0.039, 0.0276, 0.022, 0.0187, 0.0132]","[0.482, 0.105, 0.152, 0.278, 0.561, 0.224, 0.007, 0.412, 0.116, 0.048]",1996,0.08998960256576538,-0.32569880211125507,
9,T1,1927,0.31506293613182806,-0.48907634844289877,0.5320493420853948,0.1803564115328905,0.6184249930894244,-0.021661849989601932,0.23096013711406416,0.494594007730484,0.10946686565876007,0.09510578960180283,0.6040608882904053,0.7875789403915405,0.8862081170082092,3,12,20,"[0.4946, 0.1095, 0.0951, 0.0515, 0.0369, 0.0289, 0.0204, 0.0198, 0.0162, 0.0133]","[0.315, 0.489, 0.532, 0.285, 0.158, 0.161, 0.113, 0.179, 0.121, 0.012]",1996,0.07595094293355942,-0.1409088573222399,
9,T2,1927,0.5050811776806686,-0.4247291684439877,-0.23337079225907842,0.015296707906280994,0.5024259144296904,-0.004374440593645874,0.05740682629782514,0.3449273705482483,0.16331151127815247,0.1047857478260994,0.5082389116287231,0.7284755110740662,0.8565167188644409,3,14,27,"[0.3449, 0.1633, 0.1048, 0.0768, 0.0387, 0.0351, 0.0295, 0.0264, 0.0201, 0.0169]","[0.505, 0.425, 0.233, 0.196, 0.436, 0.269, 0.02, 0.082, 0.036, 0.038]",1996,0.11883469671010971,-0.3103105758002881,
9,T3,1927,-0.5196230175812171,0.19424126521096535,-0.5496864046737344,-0.12564991594899827,-0.45130732365627885,0.020204715047948647,-0.31032726944882405,0.37077322602272034,0.20347346365451813,0.08155041933059692,0.5742467045783997,0.7601322531700134,0.8654047250747681,3,14,28,"[0.3708, 0.2035, 0.0816, 0.0548, 0.0496, 0.0335, 0.0209, 0.0207, 0.017, 0.0132]","[0.52, 0.194, 0.55, 0.332, 0.011, 0.086, 0.098, 0.168, 0.002, 0.117]",1996,0.12603448331356049,0.2682733063732815,
9,T4,1927,-0.41819327576471654,0.10339031667838425,0.2556857051912195,-0.23172800532740662,-0.6812453803659786,-0.001460939213212998,-0.17467952858149757,0.4557983875274658,0.12084106355905533,0.05262713134288788,0.5766394734382629,0.7135962247848511,0.8452633023262024,1,15,24,"[0.4558, 0.1208, 0.0526, 0.0485, 0.0358, 0.034, 0.0311, 0.0261, 0.0227, 0.0177]","[0.418, 0.103, 0.256, 0.126, 0.119, 0.147, 0.165, 0.297, 0.047, 0.094]",1996,0.07017093896865845,0.22561719760985802,
9,T5,1927,-0.6823904547886291,-0.01974223342845446,0.41693170790315986,-0.09910249820025459,-0.13335829172412292,-0.04252969516486897,-0.4770616339136036,0.4541746973991394,0.16997449100017548,0.10314400494098663,0.6241492033004761,0.8003395199775696,0.8857415318489075,2,12,22,"[0.4542, 0.17, 0.1031, 0.0417, 0.0313, 0.0251, 0.0176, 0.0169, 0.0135, 0.0123]","[0.682, 0.02, 0.417, 0.144, 0.141, 0.135, 0.006, 0.044, 0.032, 0.067]",1996,0.16136538982391357,0.2741458815801156,
9,T6,1927,0.4251658876746619,0.4208446050017434,-0.6496560007575815,-0.0990142133804459,-0.10577345006834048,-0.03916230904822573,0.19460810036829296,0.45406144857406616,0.16708256304264069,0.06475571542978287,0.6211439967155457,0.7713825106620789,0.8632672429084778,3,15,35,"[0.4541, 0.1671, 0.0648, 0.0473, 0.0381, 0.0253, 0.0228, 0.0169, 0.0137, 0.0133]","[0.425, 0.421, 0.65, 0.016, 0.022, 0.075, 0.135, 0.052, 0.101, 0.101]",1996,0.06794067472219467,-0.24050635827748845,
9,T7,1927,0.5832859221088569,-0.5889668463792042,-0.1637827512336934,0.16750396393432293,0.459140229575355,0.006056499802390518,0.32364465892008737,0.38739320635795593,0.13215109705924988,0.08263630419969559,0.5195443034172058,0.6979646682739258,0.8135705590248108,2,19,34,"[0.3874, 0.1322, 0.0826, 0.0602, 0.0356, 0.0347, 0.0249, 0.0238, 0.0179, 0.0143]","[0.583, 0.589, 0.164, 0.031, 0.144, 0.061, 0.149, 0.083, 0.159, 0.042]",1996,0.10942911356687546,-0.35938602485584475,
9,T8,1927,0.4441256644482544,-0.22120651468240538,-0.36064236264985183,0.11649691300392487,0.4671498860687113,-0.03731667021283851,0.0897151519641325,0.3185930848121643,0.14748609066009521,0.06687566637992859,0.4660791754722595,0.6416676044464111,0.7733631134033203,4,42,127,"[0.3186, 0.1475, 0.0669, 0.0572, 0.0515, 0.0328, 0.029, 0.0272, 0.0246, 0.0181]","[0.444, 0.221, 0.361, 0.239, 0.482, 0.411, 0.278, 0.008, 0.069, 0.054]",1996,0.10018102824687958,-0.28532484423520177,
9,R0,1927,0.3987270711466849,-0.1637258877608433,-0.3508211177411907,0.07510214375238271,0.42527356632072205,0.023591659199808986,0.1356754304273689,0.26424601674079895,0.18365848064422607,0.08459769934415817,0.447904497385025,0.632187008857727,0.753085196018219,5,55,150,"[0.2642, 0.1837, 0.0846, 0.0632, 0.0365, 0.031, 0.0279, 0.0244, 0.0194, 0.0182]","[0.399, 0.164, 0.351, 0.525, 0.438, 0.078, 0.354, 0.109, 0.083, 0.02]",1996,0.06317947059869766,-0.23157551068064153,
9,R1,1927,0.5206062217583667,-0.40636409908323595,0.5510141024881146,0.0020744667577956566,-0.11122762183337151,0.12139745359924115,0.21960075305922463,0.39968568086624146,0.18375690281391144,0.12321829050779343,0.5834425687789917,0.7813491225242615,0.8541797995567322,4,23,89,"[0.3997, 0.1838, 0.1232, 0.0497, 0.025, 0.0241, 0.0152, 0.0129, 0.011, 0.0097]","[0.521, 0.406, 0.551, 0.217, 0.477, 0.11, 0.051, 0.185, 0.065, 0.289]",1996,0.03486081212759018,-0.07514314877776204,
9,R2,1927,-0.12493821279311593,-0.5768369362345677,0.2558639999387096,0.07413750161244205,0.02677662362113106,-0.08602483160770197,-0.01250118291775254,0.5572934150695801,0.08332713693380356,0.05952325463294983,0.6406205296516418,0.7772582173347473,0.8591328859329224,4,18,59,"[0.5573, 0.0833, 0.0595, 0.0424, 0.0347, 0.0254, 0.0158, 0.0149, 0.0141, 0.0117]","[0.125, 0.577, 0.256, 0.206, 0.397, 0.315, 0.071, 0.325, 0.063, 0.087]",1996,0.05326397344470024,0.043060156176290644,
9,R3,1927,0.036351306255516774,0.11769145219598999,-0.1934473866567559,0.0920217698622428,0.23540400748478962,0.05355222109888528,0.12434144348140111,0.9773120284080505,0.019113510847091675,0.0010338716674596071,0.9964255094528198,0.9984134435653687,0.9991500377655029,3,1,1,"[0.9773, 0.0191, 0.001, 0.0006, 0.0003, 0.0003, 0.0002, 0.0001, 0.0001, 0.0001]","[0.036, 0.118, 0.193, 0.309, 0.254, 0.578, 0.495, 0.026, 0.106, 0.052]",1996,0.004399953410029411,0.24568744182560426,
9,R4,1927,0.11663635865892961,0.21359515518796598,-0.2727726548624895,0.04949924957720002,0.11298458452901193,0.015597068173459802,0.003339490871722167,0.9140473008155823,0.06903427839279175,0.006581559311598539,0.983081579208374,0.9929529428482056,0.9961230754852295,3,1,2,"[0.914, 0.069, 0.0066, 0.0019, 0.0014, 0.0011, 0.0008, 0.0006, 0.0004, 0.0003]","[0.117, 0.214, 0.273, 0.217, 0.259, 0.017, 0.302, 0.001, 0.571, 0.333]",1996,0.002371167531237006,-0.002137381234090407,
9,R5,1927,-0.0222891164862689,0.09891193635716945,0.2571041542779022,-0.08703070115575857,-0.11618090870299341,0.015410269436528129,-0.004799710230794837,0.8162329196929932,0.06476742774248123,0.04186173900961876,0.8810003399848938,0.9540556073188782,0.9719750881195068,4,3,5,"[0.8162, 0.0648, 0.0419, 0.02, 0.0112, 0.0057, 0.0048, 0.0033, 0.0025, 0.0017]","[0.022, 0.099, 0.257, 0.459, 0.388, 0.363, 0.051, 0.323, 0.23, 0.192]",1996,0.027020135894417763,-0.12020155502283658,
9,R6,1927,-0.037082875938243005,-0.07897061280341523,0.030131550435290637,-0.09703458243116116,-0.1428715585336332,-0.005023159149541587,-0.11259816567140071,0.5539286136627197,0.22043654322624207,0.0501263253390789,0.7743651866912842,0.8934270739555359,0.9323406219482422,3,6,16,"[0.5539, 0.2204, 0.0501, 0.0436, 0.0253, 0.0109, 0.0086, 0.0078, 0.0065, 0.0051]","[0.037, 0.079, 0.03, 0.626, 0.472, 0.49, 0.183, 0.058, 0.09, 0.205]",1996,0.032033659517765045,-0.1531969786907989,
9,R7,1927,0.013433092988039982,0.12697042521643664,0.4286329269041571,-0.06723919828209221,-0.19907459820212417,0.04059331549311226,-0.08383979668008457,0.8018842935562134,0.07393994927406311,0.03884980455040932,0.8758242130279541,0.9537703990936279,0.975312352180481,5,3,5,"[0.8019, 0.0739, 0.0388, 0.0229, 0.0162, 0.0102, 0.004, 0.0033, 0.0023, 0.0018]","[0.013, 0.127, 0.429, 0.13, 0.482, 0.314, 0.487, 0.076, 0.419, 0.102]",1996,0.022427231073379517,-0.24252455681646595,
10,T0,1927,0.01627346382359038,-0.5156047687657604,0.02592228904471252,-0.08402733634752764,0.1503970346037744,0.031333555953041964,-0.038000489431633575,0.36653581261634827,0.19051526486873627,0.08980949968099594,0.5570510625839233,0.7401192784309387,0.8379165530204773,4,23,70,"[0.3665, 0.1905, 0.0898, 0.0498, 0.0434, 0.0286, 0.0237, 0.0204, 0.0144, 0.0108]","[0.016, 0.516, 0.026, 0.648, 0.474, 0.173, 0.253, 0.355, 0.137, 0.044]",1996,0.06843958050012589,-0.025464094809371667,
10,T1,1927,0.3020563203717065,-0.7129455256796121,-0.16434674313869851,0.17815926063058213,0.6114650432396626,-0.017625431427672096,0.2265238346731603,0.5545805096626282,0.09412498027086258,0.0794442743062973,0.6487054824829102,0.8108705282211304,0.8967202305793762,3,11,19,"[0.5546, 0.0941, 0.0794, 0.0492, 0.0335, 0.0244, 0.0176, 0.016, 0.0153, 0.0125]","[0.302, 0.713, 0.164, 0.452, 0.085, 0.208, 0.034, 0.077, 0.151, 0.135]",1996,0.06478416174650192,-0.14694616243495712,
10,T2,1927,0.45019820305105074,-0.4841896858785957,-0.1965299479393211,-0.04171387818567969,0.4994886231479245,-0.0018172374607024133,0.016392621692954686,0.3029091954231262,0.2076173722743988,0.10734885931015015,0.5105265378952026,0.7320681810379028,0.8625162243843079,3,14,26,"[0.3029, 0.2076, 0.1073, 0.061, 0.0532, 0.0373, 0.032, 0.0247, 0.02, 0.0165]","[0.45, 0.484, 0.197, 0.043, 0.508, 0.065, 0.034, 0.207, 0.059, 0.019]",1996,0.10933558642864227,-0.26411716423992315,
10,T3,1927,-0.5116178772308682,0.19091995532974126,-0.5159036298929145,-0.11828467348088512,-0.4277766913616455,0.03304273632076354,-0.33275199445375464,0.35161229968070984,0.20193549990653992,0.07855617254972458,0.5535477995872498,0.7381897568702698,0.860761284828186,3,14,29,"[0.3516, 0.2019, 0.0786, 0.0603, 0.0458, 0.0346, 0.0308, 0.0207, 0.0201, 0.0163]","[0.512, 0.191, 0.516, 0.376, 0.033, 0.045, 0.016, 0.131, 0.163, 0.007]",1996,0.13098537921905518,0.2548131734983771,
10,T4,1927,-0.4073492675730624,0.09179511571393817,0.15924970156547774,-0.22220045559734017,-0.6970228922190006,-0.010766142401343569,-0.16618330888811414,0.4127388000488281,0.1225038468837738,0.06378959119319916,0.5352426767349243,0.6899752616882324,0.835096538066864,1,16,26,"[0.4127, 0.1225, 0.0638, 0.0531, 0.0379, 0.0363, 0.0353, 0.0283, 0.0252, 0.0201]","[0.407, 0.092, 0.159, 0.158, 0.052, 0.034, 0.253, 0.006, 0.205, 0.229]",1996,0.07241734862327576,0.21206012895186457,
10,T5,1927,0.6737448707739176,-0.06391667927229532,-0.43808775798420674,0.00520405913011804,0.10003948323047313,0.01631300119615836,0.4430888340357359,0.4274020493030548,0.1815684586763382,0.09930320829153061,0.6089705228805542,0.7885553240776062,0.8880113959312439,2,11,22,"[0.4274, 0.1816, 0.0993, 0.0485, 0.0318, 0.0296, 0.0221, 0.0185, 0.0158, 0.0135]","[0.674, 0.064, 0.438, 0.011, 0.173, 0.103, 0.104, 0.055, 0.051, 0.044]",1996,0.1642908900976181,-0.27729102303743464,
10,T6,1927,-0.49560061025534463,0.3993866164426684,-0.17359386029212853,-0.17623431819533292,-0.545246586567742,-0.028711437783532377,-0.1667829518714819,0.25099802017211914,0.2224418818950653,0.11821501702070236,0.47343990206718445,0.7091566324234009,0.8233229517936707,3,20,41,"[0.251, 0.2224, 0.1182, 0.067, 0.0505, 0.0275, 0.0247, 0.0239, 0.0209, 0.0172]","[0.496, 0.399, 0.174, 0.608, 0.103, 0.064, 0.077, 0.099, 0.094, 0.135]",1996,0.08728169649839401,0.24181047412258413,
10,T7,1927,0.5983660844461713,-0.5540765318550955,-0.15107577946184264,0.15190439543413078,0.4302415552143583,0.011669288413982643,0.34260425594265487,0.3802984058856964,0.13392867147922516,0.07535222917795181,0.5142270922660828,0.6954205632209778,0.8104836344718933,2,20,35,"[0.3803, 0.1339, 0.0754, 0.0698, 0.036, 0.0346, 0.0252, 0.0223, 0.0177, 0.0152]","[0.598, 0.554, 0.151, 0.027, 0.112, 0.08, 0.206, 0.04, 0.15, 0.031]",1996,0.11272653937339783,-0.371906936784618,
10,T8,1927,0.32614463075656525,-0.4241384540354989,-0.30185891351484356,0.07034831753262485,0.39456433452914563,-0.021934400462143375,0.042981633932304475,0.42578786611557007,0.13543902337551117,0.06416557729244232,0.5612269043922424,0.70843106508255,0.819308340549469,5,27,87,"[0.4258, 0.1354, 0.0642, 0.0443, 0.0388, 0.0291, 0.0238, 0.0221, 0.0201, 0.0157]","[0.326, 0.424, 0.302, 0.438, 0.131, 0.516, 0.105, 0.169, 0.164, 0.02]",1996,0.07110277563333511,-0.21251102445518993,
10,R0,1927,0.4510285294612781,-0.2559960178725197,-0.40487247521317543,0.012213223741263003,0.3931628036291178,0.07476715705336094,0.12464789102716778,0.48790496587753296,0.1174001470208168,0.06333166360855103,0.6053051352500916,0.7492106556892395,0.8412247896194458,4,23,77,"[0.4879, 0.1174, 0.0633, 0.0475, 0.033, 0.0255, 0.0233, 0.0165, 0.0149, 0.0118]","[0.451, 0.256, 0.405, 0.096, 0.446, 0.098, 0.435, 0.232, 0.213, 0.036]",1996,0.03687780350446701,-0.2438990013102863,
10,R1,1927,0.4934603855868238,-0.36262203897553763,0.49317847061342496,0.046512750530716795,0.2817562103672669,0.07411620777790875,0.21275319158024292,0.5458002090454102,0.13980811834335327,0.08553263545036316,0.6856083273887634,0.8291488289833069,0.8894921541213989,6,12,57,"[0.5458, 0.1398, 0.0855, 0.0317, 0.0263, 0.0185, 0.0138, 0.0105, 0.0094, 0.0081]","[0.493, 0.363, 0.493, 0.409, 0.333, 0.199, 0.142, 0.022, 0.138, 0.338]",1996,0.03119872510433197,-0.09605197196516078,
10,R2,1927,-0.10678679911357866,-0.41944760780726265,0.49798504181272446,0.07888659387998873,0.023178913596287508,-0.07788559025115638,-0.004739681457404251,0.5273641347885132,0.15820330381393433,0.06208747625350952,0.6855674386024475,0.8157756924629211,0.88028484582901,3,14,47,"[0.5274, 0.1582, 0.0621, 0.0428, 0.0253, 0.0204, 0.013, 0.0116, 0.0109, 0.0085]","[0.107, 0.419, 0.498, 0.163, 0.65, 0.262, 0.003, 0.207, 0.112, 0.068]",1996,0.03962850943207741,0.029358619609908296,
10,R3,1927,0.031151297045665015,0.31483750230690016,-0.031361381378647,0.08686360527470345,0.17723655551207756,0.045602971479748906,0.1307644195201379,0.9732272028923035,0.022599251940846443,0.000982264638878405,0.9958264827728271,0.9981124997138977,0.9989618062973022,4,1,1,"[0.9732, 0.0226, 0.001, 0.0009, 0.0004, 0.0003, 0.0002, 0.0001, 0.0001, 0.0001]","[0.031, 0.315, 0.031, 0.427, 0.268, 0.534, 0.414, 0.235, 0.141, 0.155]",1996,0.004978644195944071,0.2720713133420998,
10,R4,1927,0.12034811936730391,0.20097888430857394,-0.21981870484530971,0.1170854676025406,0.1982604048548122,0.0033988765483171143,0.09008515797903936,0.9202893376350403,0.06325774639844894,0.005505358800292015,0.9835470914840698,0.992911159992218,0.9960651993751526,3,1,2,"[0.9203, 0.0633, 0.0055, 0.0025, 0.0014, 0.0011, 0.0006, 0.0006, 0.0005, 0.0003]","[0.12, 0.201, 0.22, 0.395, 0.117, 0.145, 0.322, 0.174, 0.546, 0.267]",1996,0.0056053935550153255,0.08011625309578325,
10,R5,1927,-0.04315656688822157,0.028850008939136883,0.0009510579021706907,-0.1072158783731048,-0.14586054632489884,0.03833863812839307,-0.01679908719941225,0.802492618560791,0.08585508167743683,0.03363879770040512,0.8883476853370667,0.9566895961761475,0.9740970730781555,3,3,5,"[0.8025, 0.0859, 0.0336, 0.0228, 0.0119, 0.0056, 0.0045, 0.003, 0.0023, 0.002]","[0.043, 0.029, 0.001, 0.321, 0.542, 0.382, 0.082, 0.283, 0.18, 0.167]",1996,0.03591637685894966,-0.11595728334373365,
10,R6,1927,-0.07241309543305291,-0.16426575012779024,-0.43707354427686584,-0.12123377768314368,-0.10702725437884203,0.031262522939812736,-0.09394537190271911,0.5485129952430725,0.27150654792785645,0.05318641662597656,0.820019543170929,0.9203245043754578,0.9517632722854614,4,4,10,"[0.5485, 0.2715, 0.0532, 0.0269, 0.0202, 0.0093, 0.0066, 0.0061, 0.0057, 0.0038]","[0.072, 0.164, 0.437, 0.204, 0.553, 0.475, 0.072, 0.32, 0.015, 0.154]",1996,0.04352950304746628,-0.11874131931213848,
10,R7,1927,0.039185591837100395,0.1245662230275618,0.2576216643664149,-0.10503763430418278,-0.18202048913908486,0.05993537016415358,-0.13220115196335658,0.7975373864173889,0.08155421912670135,0.03676771745085716,0.8790916204452515,0.9521806240081787,0.9748361110687256,3,3,5,"[0.7975, 0.0816, 0.0368, 0.0205, 0.0159, 0.0115, 0.0043, 0.0029, 0.0022, 0.0018]","[0.039, 0.125, 0.258, 0.107, 0.451, 0.417, 0.231, 0.576, 0.147, 0.065]",1996,0.022495480254292488,-0.23223850689149542,
11,T0,1927,0.026294686200824167,-0.527340299296946,-0.026473755312262922,-0.08193548040250627,0.0947558048883042,0.024190538790019037,-0.0571937117215411,0.3473659157752991,0.1831342726945877,0.0945453867316246,0.5305001735687256,0.7393443584442139,0.8387553095817566,3,22,69,"[0.3474, 0.1831, 0.0945, 0.07, 0.0443, 0.029, 0.0235, 0.0218, 0.0146, 0.0104]","[0.026, 0.527, 0.026, 0.165, 0.758, 0.072, 0.305, 0.008, 0.159, 0.051]",1996,0.0649995505809784,-0.04883161245420663,
11,T1,1927,0.2674977663457592,-0.4065902042112722,-0.5401866560297347,0.1737869847191987,0.6122777688966639,-0.005498352275596401,0.22973778885344007,0.5573179721832275,0.10770917683839798,0.08143727481365204,0.6650271415710449,0.8175526261329651,0.8965662717819214,2,11,20,"[0.5573, 0.1077, 0.0814, 0.0428, 0.0282, 0.021, 0.0165, 0.0154, 0.0135, 0.0126]","[0.267, 0.407, 0.54, 0.159, 0.272, 0.136, 0.075, 0.14, 0.298, 0.002]",1996,0.06474816054105759,-0.15237002388809356,
11,T2,1927,0.3712689326395617,-0.5263116339127424,-0.3177163647350598,-0.04622142999184381,0.5210306298175471,-0.0029995941697545975,0.008509908961767853,0.27902665734291077,0.17469185590744019,0.1369865983724594,0.45371851325035095,0.7266522645950317,0.8554144501686096,5,15,27,"[0.279, 0.1747, 0.137, 0.0767, 0.0593, 0.039, 0.0288, 0.0257, 0.0187, 0.0165]","[0.371, 0.526, 0.318, 0.44, 0.366, 0.064, 0.13, 0.015, 0.052, 0.055]",1996,0.09842892736196518,-0.23681745016765068,
11,T3,1927,-0.5339590893817214,0.2727697536810647,-0.36808380261763396,-0.13038641485668084,-0.3083359755288428,0.042927015992551894,-0.4254891172897683,0.45672139525413513,0.1372195929288864,0.08747667819261551,0.5939409732818604,0.7651381492614746,0.8784374594688416,2,13,24,"[0.4567, 0.1372, 0.0875, 0.0437, 0.0401, 0.0331, 0.0278, 0.0202, 0.0179, 0.0143]","[0.534, 0.273, 0.368, 0.042, 0.133, 0.246, 0.112, 0.073, 0.135, 0.251]",1996,0.1490895301103592,0.18328857823359862,
11,T4,1927,-0.4221356957461364,0.09178452801727383,0.2131204616660175,-0.20924386183477076,-0.6746178637583781,-0.004053161094595351,-0.17633005010414216,0.4087862968444824,0.11690610647201538,0.0652952641248703,0.5256924033164978,0.6805627942085266,0.8256174325942993,1,17,28,"[0.4088, 0.1169, 0.0653, 0.0504, 0.0392, 0.0355, 0.0339, 0.0282, 0.0259, 0.0216]","[0.422, 0.092, 0.213, 0.175, 0.294, 0.097, 0.116, 0.142, 0.068, 0.15]",1996,0.08174829185009003,0.2298214541139602,
11,T5,1927,-0.5838022627725,0.2796928479986631,-0.2523651288013264,-0.09230587400300128,-0.2069093423393134,-0.013138986401776312,-0.48456040163791253,0.5170468091964722,0.12995214760303497,0.10395480692386627,0.646998941898346,0.8231101036071777,0.9039114713668823,1,10,19,"[0.517, 0.13, 0.104, 0.04, 0.0321, 0.0243, 0.0197, 0.0144, 0.0117, 0.0106]","[0.584, 0.28, 0.252, 0.066, 0.046, 0.228, 0.137, 0.132, 0.056, 0.257]",1996,0.18539638817310333,0.19588855368480143,
11,T6,1927,-0.5593000436386503,0.5717999341112814,-0.14149386823772875,-0.17400388276347353,-0.48222121434655263,-0.058719136332399204,-0.25191367535912906,0.267746239900589,0.12548542022705078,0.113201804459095,0.39323166012763977,0.6260566711425781,0.7769095301628113,3,23,44,"[0.2677, 0.1255, 0.1132, 0.0686, 0.051, 0.0444, 0.0334, 0.0255, 0.0252, 0.0223]","[0.559, 0.572, 0.141, 0.052, 0.309, 0.035, 0.009, 0.005, 0.189, 0.237]",1996,0.08691496402025223,0.29515102260496323,
11,T7,1927,-0.6637546352770736,0.14911773840369089,-0.28418187740016465,-0.09780573916270738,-0.26279939667923863,-0.0414117371992403,-0.4155585464252827,0.4365583062171936,0.11201921105384827,0.09658583998680115,0.5485775470733643,0.7539687156677246,0.8479355573654175,2,16,30,"[0.4366, 0.112, 0.0966, 0.0718, 0.037, 0.0259, 0.0196, 0.018, 0.0164, 0.014]","[0.664, 0.149, 0.284, 0.108, 0.319, 0.068, 0.062, 0.224, 0.032, 0.037]",1996,0.13213038444519043,0.383477733032535,
11,T8,1927,0.08304283404010365,-0.4506314714844864,-0.43137687240857997,-0.0005710442273399384,-0.1036645680329873,0.021340466864252602,-0.05396690547766457,0.4220157563686371,0.14858241379261017,0.05299200490117073,0.5705981850624084,0.7020687460899353,0.8179530501365662,5,26,84,"[0.422, 0.1486, 0.053, 0.0444, 0.0341, 0.0313, 0.0272, 0.022, 0.019, 0.0164]","[0.083, 0.451, 0.431, 0.391, 0.187, 0.398, 0.366, 0.143, 0.027, 0.039]",1996,0.079139344394207,-0.056101689140248004,
11,R0,1927,0.5259387174279688,-0.32490484231445577,-0.4848510167490508,0.017672656299753602,0.38157920071233065,0.07689110720734732,0.15594582345854546,0.47910410165786743,0.11170192807912827,0.06547518074512482,0.5908060073852539,0.7380330562591553,0.8392253518104553,4,24,80,"[0.4791, 0.1117, 0.0655, 0.0457, 0.0361, 0.0303, 0.0248, 0.017, 0.0152, 0.0139]","[0.526, 0.325, 0.485, 0.253, 0.584, 0.137, 0.065, 0.06, 0.031, 0.082]",1996,0.03568315505981445,-0.2741855821039576,
11,R1,1927,0.4560237268926003,-0.26442083183310383,0.5160758667600622,0.07987125253500461,0.3943805869023339,0.07531335619290931,0.16828188257926155,0.7519586086273193,0.07333332300186157,0.04242483898997307,0.8252919316291809,0.9007216691970825,0.935901403427124,5,5,16,"[0.752, 0.0733, 0.0424, 0.0183, 0.0147, 0.0112, 0.0079, 0.0057, 0.0053, 0.005]","[0.456, 0.264, 0.516, 0.457, 0.301, 0.192, 0.017, 0.08, 0.161, 0.354]",1996,0.008329001255333424,-0.14781307726002346,
11,R2,1927,0.06294032880816222,-0.3646818986949466,0.570640731313757,0.12756676646171872,0.3378939123216211,-0.027314474375128326,0.03605768292365241,0.46897414326667786,0.17690809071063995,0.0637548416852951,0.645882248878479,0.7811782360076904,0.8614059686660767,3,18,62,"[0.469, 0.1769, 0.0638, 0.0412, 0.0303, 0.0252, 0.0166, 0.0161, 0.0118, 0.0105]","[0.063, 0.365, 0.571, 0.064, 0.632, 0.002, 0.131, 0.16, 0.131, 0.065]",1996,0.04167819768190384,-0.035630787366254586,
11,R3,1927,0.013820789233076466,0.32589263720178685,0.39313403578528533,0.06745041178645964,0.14616570252730998,0.035588049182770434,0.13121077264511793,0.9703053832054138,0.024661412462592125,0.0012747358996421099,0.9949668049812317,0.9976474046707153,0.9986855983734131,5,1,1,"[0.9703, 0.0247, 0.0013, 0.001, 0.0004, 0.0003, 0.0003, 0.0002, 0.0001, 0.0001]","[0.014, 0.326, 0.393, 0.261, 0.406, 0.494, 0.339, 0.127, 0.068, 0.093]",1996,0.0064864917658269405,0.2917814214125442,
11,R4,1927,-0.10655705581864891,0.1467352254594432,0.0736479400576494,-0.09904891882831557,-0.14445768927556904,0.01121108772929518,-0.0850853637481931,0.919022262096405,0.061818551272153854,0.005762587767094374,0.980840802192688,0.9916738271713257,0.9951630234718323,4,1,2,"[0.919, 0.0618, 0.0058, 0.0033, 0.0018, 0.0012, 0.0007, 0.0007, 0.0005, 0.0004]","[0.107, 0.147, 0.074, 0.449, 0.175, 0.152, 0.252, 0.334, 0.502, 0.324]",1996,0.0046825408935546875,-0.11275608345716133,
11,R5,1927,0.005512399664546491,0.08355643722127042,0.320833383510316,-0.09272714155507238,0.009835325314299875,0.026921683009399292,-0.017219561858536937,0.7765265107154846,0.11389002203941345,0.03305777907371521,0.8904165029525757,0.9501173496246338,0.9697848558425903,3,3,5,"[0.7765, 0.1139, 0.0331, 0.0159, 0.0107, 0.006, 0.0048, 0.0038, 0.0028, 0.0023]","[0.006, 0.084, 0.321, 0.601, 0.277, 0.423, 0.023, 0.166, 0.056, 0.058]",1996,0.02844620682299137,-0.15845263459923636,
11,R6,1927,-0.1340265963894675,-0.087317227518697,-0.44405520114155206,-0.17765489000345486,-0.19730872984269748,0.05258300154148486,-0.1312040835334435,0.44258666038513184,0.40728503465652466,0.04184257984161377,0.8498716950416565,0.9346212148666382,0.9597164988517761,3,4,8,"[0.4426, 0.4073, 0.0418, 0.0274, 0.0155, 0.0074, 0.0052, 0.0049, 0.0046, 0.003]","[0.134, 0.087, 0.444, 0.275, 0.539, 0.494, 0.208, 0.13, 0.125, 0.121]",1996,0.060246195644140244,0.2543159647058723,
11,R7,1927,0.03589541329832059,0.11793974911672775,0.3037661593725872,-0.10447052518791686,-0.1899990380884781,0.057902718012035684,-0.13383325308683175,0.8034857511520386,0.07779056578874588,0.035845883190631866,0.8812763094902039,0.9488471746444702,0.9719136953353882,3,3,6,"[0.8035, 0.0778, 0.0358, 0.0177, 0.0141, 0.0097, 0.0041, 0.0036, 0.0031, 0.0026]","[0.036, 0.118, 0.304, 0.017, 0.554, 0.224, 0.252, 0.259, 0.563, 0.04]",1996,0.022854086011648178,-0.23251828911729894,
12,T0,1927,-0.05267876305743847,-0.5672020661875322,-0.08045678895814838,-0.08968490680418106,0.08948295128910712,0.041490745484573176,0.00021446440527033355,0.522338330745697,0.11965213716030121,0.061503347009420395,0.6419904828071594,0.7930365204811096,0.8737148642539978,2,15,48,"[0.5223, 0.1197, 0.0615, 0.0485, 0.041, 0.0245, 0.0216, 0.0154, 0.0114, 0.0078]","[0.053, 0.567, 0.08, 0.247, 0.681, 0.006, 0.174, 0.009, 0.203, 0.043]",1996,0.061091840267181396,-0.00718259046407582,
12,T1,1927,0.16530800442236745,-0.6279391971301502,-0.3426614880802238,0.16255567791264192,0.6125833425083553,0.006530284204290752,0.23518644646008457,0.6182270646095276,0.11341159045696259,0.0667976662516594,0.7316386699676514,0.8575439453125,0.9180557727813721,3,9,16,"[0.6182, 0.1134, 0.0668, 0.0392, 0.0199, 0.0169, 0.0134, 0.012, 0.0097, 0.0085]","[0.165, 0.628, 0.343, 0.2, 0.262, 0.004, 0.244, 0.352, 0.112, 0.142]",1996,0.07459484040737152,-0.12038887895490144,
12,T2,1927,-0.41386626548886685,-0.600358451238865,0.3362316364842112,0.07198081980356882,-0.4777329121304458,-0.001865151277621867,0.02573120484910214,0.2736952006816864,0.17723573744297028,0.13389606773853302,0.45093095302581787,0.7243731021881104,0.8520408272743225,4,15,29,"[0.2737, 0.1772, 0.1339, 0.0766, 0.0629, 0.042, 0.0286, 0.024, 0.0174, 0.0157]","[0.414, 0.6, 0.336, 0.576, 0.17, 0.031, 0.042, 0.004, 0.076, 0.024]",1996,0.09774421155452728,0.2580563378325469,
12,T3,1927,-0.6122065138060608,-0.3142138260396991,-0.08996420093478744,-0.09206157135875617,-0.18820076011025663,0.0031889005776962217,-0.46533764315523474,0.542984664440155,0.11795160174369812,0.06697431951761246,0.6609362363815308,0.7995737195014954,0.8919667601585388,2,11,22,"[0.543, 0.118, 0.067, 0.0391, 0.0326, 0.0277, 0.0219, 0.0174, 0.0138, 0.0116]","[0.612, 0.314, 0.09, 0.032, 0.198, 0.29, 0.217, 0.141, 0.169, 0.189]",1996,0.18530455231666565,0.20351726379732302,
12,T4,1927,-0.43485009328366436,0.20740337606058767,0.3879709471013991,-0.2189660777901691,-0.6536706272234426,-0.005367374513060838,-0.1562782980499221,0.4372353255748749,0.13021185994148254,0.05984651669859886,0.5674471855163574,0.7114318609237671,0.8336980938911438,2,16,28,"[0.4372, 0.1302, 0.0598, 0.0443, 0.0399, 0.0314, 0.0297, 0.0216, 0.0208, 0.0187]","[0.435, 0.207, 0.388, 0.173, 0.086, 0.184, 0.072, 0.016, 0.123, 0.083]",1996,0.10127650946378708,0.2301938435854068,
12,T5,1927,-0.6753607981325379,0.3087351765378339,-0.07108228247173777,-0.08209334547628218,-0.11691199927720763,-0.016135536743691857,-0.47607453725121684,0.5720587968826294,0.13542260229587555,0.07536095380783081,0.7074813842773438,0.8445027470588684,0.9131021499633789,3,9,17,"[0.5721, 0.1354, 0.0754, 0.0355, 0.0262, 0.0225, 0.0152, 0.0115, 0.0104, 0.009]","[0.675, 0.309, 0.071, 0.187, 0.05, 0.268, 0.032, 0.231, 0.006, 0.321]",1996,0.21321550011634827,0.24305557110963522,
12,T6,1927,-0.5662356862021443,0.4572402410645164,0.23900618717903574,-0.1743803682012143,-0.48780886078728664,-0.04248129749035126,-0.17268671409820854,0.31500041484832764,0.14315561950206757,0.131962850689888,0.4581560492515564,0.6918689012527466,0.8209516406059265,4,19,36,"[0.315, 0.1432, 0.132, 0.053, 0.0487, 0.0406, 0.0289, 0.0229, 0.0201, 0.0166]","[0.566, 0.457, 0.239, 0.328, 0.305, 0.115, 0.071, 0.212, 0.181, 0.002]",1996,0.0757024884223938,0.27048544126105883,
12,T7,1927,-0.6638122008681667,0.04667336308262543,-0.28218787247147187,-0.10591098573597783,-0.2661832115240759,-0.0022469623665777603,-0.4200253373153232,0.3767271637916565,0.2694444954395294,0.06748770922422409,0.6461716890335083,0.8040828108787537,0.8816176652908325,2,13,25,"[0.3767, 0.2694, 0.0675, 0.0601, 0.0304, 0.0249, 0.0165, 0.0135, 0.0121, 0.0107]","[0.664, 0.047, 0.282, 0.015, 0.386, 0.13, 0.16, 0.047, 0.084, 0.006]",1996,0.11721723526716232,0.343791658179468,
12,T8,1927,-0.212773870181415,0.15222076409136556,-0.47342353705780793,-0.17056950614091645,-0.4499403346885626,0.0790217814834893,-0.12355369921364653,0.24457088112831116,0.15476210415363312,0.14549151062965393,0.39933300018310547,0.6659705638885498,0.8001753687858582,2,26,79,"[0.2446, 0.1548, 0.1455, 0.0666, 0.0545, 0.0465, 0.0283, 0.0225, 0.0204, 0.0165]","[0.213, 0.152, 0.473, 0.689, 0.168, 0.289, 0.087, 0.003, 0.1, 0.061]",1996,0.07619738578796387,0.08216535024329903,
12,R0,1927,0.5269130600619889,-0.4600109434077781,-0.4629834020025001,0.009371044468339447,0.3805997450494761,0.0981807458169373,0.17843346939059218,0.7701206207275391,0.04473188892006874,0.02913287654519081,0.8148525357246399,0.8834854364395142,0.9269199371337891,4,7,18,"[0.7701, 0.0447, 0.0291, 0.0211, 0.0184, 0.015, 0.0088, 0.0073, 0.0068, 0.0055]","[0.527, 0.46, 0.463, 0.438, 0.154, 0.194, 0.173, 0.021, 0.098, 0.083]",1996,0.010030488483607769,-0.232916470202365,
12,R1,1927,0.47992983205130074,-0.09192706269316002,0.5296083689849352,0.08987448822474338,0.44464922722563793,0.05377356399518085,0.17610351263166085,0.764110803604126,0.06368868052959442,0.03813817352056503,0.8277994990348816,0.903959333896637,0.9422992467880249,3,5,13,"[0.7641, 0.0637, 0.0381, 0.0194, 0.0186, 0.0127, 0.0086, 0.0061, 0.0057, 0.0053]","[0.48, 0.092, 0.53, 0.017, 0.567, 0.004, 0.046, 0.195, 0.221, 0.026]",1996,0.051407065242528915,-0.14909641649162433,
12,R2,1927,-0.12535541853848495,-0.45632462335546137,0.5990104796057004,0.1293965288203236,0.3358801545738438,-0.036078803525301795,0.01903054881589754,0.4161183536052704,0.17557664215564728,0.07665528357028961,0.5916950106620789,0.7503756880760193,0.8487279415130615,4,19,53,"[0.4161, 0.1756, 0.0767, 0.0458, 0.0362, 0.0305, 0.0229, 0.0172, 0.016, 0.0117]","[0.125, 0.456, 0.599, 0.458, 0.027, 0.313, 0.108, 0.078, 0.033, 0.008]",1996,0.05965268984436989,-0.028316678978148407,
12,R3,1927,0.03902566968164457,0.2063453424745153,0.407557317279649,0.040008137046252515,0.044901465265155885,0.02438692054363818,0.09660241667126894,0.9563701152801514,0.036800164729356766,0.0013847209047526121,0.9931702613830566,0.9962353706359863,0.9978919625282288,3,1,1,"[0.9564, 0.0368, 0.0014, 0.0011, 0.0006, 0.0005, 0.0004, 0.0003, 0.0003, 0.0002]","[0.039, 0.206, 0.408, 0.281, 0.048, 0.482, 0.473, 0.087, 0.112, 0.23]",1996,0.009175177663564682,0.2776186223775833,
12,R4,1927,-0.10016891087916399,0.1061451116408679,-0.10438420860169338,-0.09707583223113996,-0.06759841556348334,-0.022993216788776104,-0.05538462569407622,0.9179767966270447,0.05492943152785301,0.009060689248144627,0.972906231880188,0.9888468980789185,0.9935600757598877,2,1,2,"[0.918, 0.0549, 0.0091, 0.0044, 0.0025, 0.0015, 0.0011, 0.0009, 0.0007, 0.0006]","[0.1, 0.106, 0.104, 0.361, 0.296, 0.096, 0.157, 0.621, 0.075, 0.127]",1996,0.007905385456979275,-0.09667870486853565,
12,R5,1927,-0.08047554848019137,-0.05753053681102633,0.5921879887873757,-0.09975141332632596,-0.030061052809144527,0.011688073081038879,-0.05344467606081488,0.7465323209762573,0.12639673054218292,0.03031771630048752,0.872929036617279,0.9368597865104675,0.9636044502258301,3,3,7,"[0.7465, 0.1264, 0.0303, 0.0227, 0.0109, 0.0081, 0.006, 0.0056, 0.0037, 0.0033]","[0.08, 0.058, 0.592, 0.535, 0.076, 0.375, 0.098, 0.002, 0.087, 0.0]",1996,0.04973558336496353,-0.1140192758193329,
12,R6,1927,-0.16788110356691996,-0.13478526502769753,-0.43122321217820786,-0.1731804040680911,-0.2240775170826826,0.04064917778824373,-0.14884351372640764,0.4505743384361267,0.37223100662231445,0.054390572011470795,0.8228053450584412,0.9247024059295654,0.9563349485397339,3,4,9,"[0.4506, 0.3722, 0.0544, 0.025, 0.0226, 0.0101, 0.0075, 0.0055, 0.0048, 0.0037]","[0.168, 0.135, 0.431, 0.21, 0.65, 0.451, 0.099, 0.071, 0.08, 0.058]",1996,0.0667404755949974,0.31626376338991313,
12,R7,1927,-0.023233070749237156,0.0334459659955716,0.24796016795184836,-0.11296830866073547,-0.17150672547056872,0.037890028832453924,-0.14691688655976345,0.7502195239067078,0.11666545271873474,0.03444615378975868,0.8668849468231201,0.9375443458557129,0.964785635471344,2,3,7,"[0.7502, 0.1167, 0.0344, 0.0191, 0.0171, 0.011, 0.0054, 0.0046, 0.0034, 0.0029]","[0.023, 0.033, 0.248, 0.656, 0.096, 0.206, 0.598, 0.075, 0.044, 0.076]",1996,0.021441800519824028,-0.22454264499583856,
13,T0,1927,-0.015314364265706704,-0.5800072102360624,-0.14260784620235809,-0.07442699353256797,0.12986115672115547,0.03530918225100852,-0.012250775149220428,0.7594864964485168,0.05729508027434349,0.025620387867093086,0.8167815804481506,0.8755224347114563,0.9180701971054077,2,8,23,"[0.7595, 0.0573, 0.0256, 0.0192, 0.0139, 0.011, 0.0098, 0.0093, 0.0069, 0.0056]","[0.015, 0.58, 0.143, 0.729, 0.188, 0.022, 0.189, 0.013, 0.012, 0.14]",1996,0.05260799452662468,-0.06293138916231529,
13,T1,1927,0.2650637224712227,-0.22287310878108754,-0.44732968788977395,0.13561687806373085,0.5134100777633431,-0.052262331319378845,0.20196147581258378,0.7874864339828491,0.05011675879359245,0.04070579260587692,0.8376032114028931,0.9210467338562012,0.9543747305870056,3,4,10,"[0.7875, 0.0501, 0.0407, 0.0318, 0.0109, 0.0085, 0.0079, 0.0075, 0.005, 0.0044]","[0.265, 0.223, 0.447, 0.505, 0.049, 0.003, 0.302, 0.279, 0.005, 0.096]",1996,0.05381998047232628,-0.231612523534448,
13,T2,1927,0.4033545983104337,-0.39155858351126255,-0.6206606650672684,-0.06331584916902012,0.4987276601962049,0.0018905785344283052,-0.0058870959158604215,0.27887535095214844,0.14361682534217834,0.11131428182125092,0.4224921762943268,0.6641236543655396,0.8107408285140991,4,20,42,"[0.2789, 0.1436, 0.1113, 0.0701, 0.0602, 0.0469, 0.0322, 0.0265, 0.021, 0.02]","[0.403, 0.392, 0.621, 0.35, 0.195, 0.004, 0.018, 0.014, 0.048, 0.003]",1996,0.10257922857999802,-0.25254425897751714,
13,T3,1927,0.6207852994393205,-0.30048193636526127,0.06596393956525785,0.11118974752050387,0.19404563961955112,0.01979110279620627,0.43521245644999956,0.44876402616500854,0.13719423115253448,0.07969245314598083,0.5859582424163818,0.7764819264411926,0.8798173069953918,3,12,25,"[0.4488, 0.1372, 0.0797, 0.0672, 0.0437, 0.0301, 0.0252, 0.0194, 0.0147, 0.0139]","[0.621, 0.3, 0.066, 0.058, 0.028, 0.306, 0.216, 0.213, 0.118, 0.032]",1996,0.16301609575748444,-0.23778572182143853,
13,T4,1927,-0.2962009327477977,0.4042714643688176,-0.25327846897183326,-0.2157372668466293,-0.7250248804155716,-0.08263150892040072,-0.12425823204184348,0.44616448879241943,0.21150872111320496,0.0501963347196579,0.6576732397079468,0.7740479111671448,0.8696135878562927,1,13,23,"[0.4462, 0.2115, 0.0502, 0.0351, 0.0311, 0.0255, 0.0224, 0.0171, 0.0158, 0.0149]","[0.296, 0.404, 0.253, 0.283, 0.121, 0.111, 0.179, 0.022, 0.031, 0.131]",1996,0.09277109801769257,0.1142354695562813,
13,T5,1927,-0.6840385581403285,0.3318664487700413,-0.04436496169024872,-0.09091775042673227,-0.16328518033839937,-0.029255000834490924,-0.44820149023865413,0.5425521731376648,0.15960444509983063,0.06837016344070435,0.7021566033363342,0.8398942947387695,0.906238317489624,3,10,19,"[0.5426, 0.1596, 0.0684, 0.0375, 0.0319, 0.0191, 0.015, 0.0132, 0.0102, 0.0088]","[0.684, 0.332, 0.044, 0.217, 0.033, 0.19, 0.121, 0.028, 0.004, 0.417]",1996,0.21127988398075104,0.25730925074355165,
13,T6,1927,-0.43959817241534893,0.5984599399562199,-0.052768665224474744,-0.1283126027616187,-0.5505640017674598,-0.11872542898627911,-0.16253278180236744,0.4835961163043976,0.11481853574514389,0.08948614448308945,0.5984146595001221,0.763042688369751,0.8581962585449219,3,15,30,"[0.4836, 0.1148, 0.0895, 0.0381, 0.037, 0.029, 0.0231, 0.0167, 0.0141, 0.0123]","[0.44, 0.598, 0.053, 0.064, 0.399, 0.18, 0.173, 0.137, 0.132, 0.222]",1996,0.056444574147462845,0.14638045128754826,
13,T7,1927,0.637881861625872,-0.24249567218893375,0.23239946522069632,0.09533943663373286,0.22420288664885302,0.04215065278083608,0.3828691031873821,0.4116731286048889,0.20569853484630585,0.07278380542993546,0.617371678352356,0.7946534156799316,0.8780829906463623,2,13,26,"[0.4117, 0.2057, 0.0728, 0.0654, 0.0391, 0.026, 0.0195, 0.0141, 0.0124, 0.0114]","[0.638, 0.242, 0.232, 0.269, 0.199, 0.301, 0.104, 0.016, 0.094, 0.197]",1996,0.10735336691141129,-0.3709750425933672,
13,T8,1927,0.3536791148561677,-0.28658627136872733,0.38548136416867423,-0.1122172118193219,0.041169596204718294,0.13430126502911205,0.007347644805958063,0.5193542242050171,0.13404405117034912,0.07862814515829086,0.6533982753753662,0.7936995029449463,0.8700525164604187,5,15,45,"[0.5194, 0.134, 0.0786, 0.0337, 0.0279, 0.0246, 0.0163, 0.0145, 0.0111, 0.0099]","[0.354, 0.287, 0.385, 0.449, 0.362, 0.469, 0.019, 0.158, 0.019, 0.063]",1996,0.049193404614925385,-0.2005217111515186,
13,R0,1927,0.5301374083332087,-0.4557700755065949,0.4777870270105599,0.012353816452057874,0.38440523110583347,0.10833517712195162,0.18016221428023266,0.7361412048339844,0.045167163014411926,0.028820380568504333,0.7813083529472351,0.8506823778152466,0.8989371657371521,5,11,33,"[0.7361, 0.0452, 0.0288, 0.0215, 0.0191, 0.0178, 0.0099, 0.0079, 0.0067, 0.0059]","[0.53, 0.456, 0.478, 0.369, 0.327, 0.089, 0.177, 0.033, 0.05, 0.004]",1996,0.014722551219165325,-0.2324994096809089,
13,R1,1927,0.3706777060249857,-0.0006626337218050574,0.5136574571437358,0.017766167034118797,0.23732466481529127,-0.01158219167690692,0.21238445591523442,0.7543873190879822,0.06640162318944931,0.041274938732385635,0.8207889199256897,0.894648551940918,0.9326308369636536,3,6,19,"[0.7544, 0.0664, 0.0413, 0.0181, 0.0144, 0.0123, 0.0092, 0.0069, 0.0051, 0.0045]","[0.371, 0.001, 0.514, 0.288, 0.485, 0.299, 0.049, 0.113, 0.175, 0.157]",1996,0.031922828406095505,-0.11301751236506132,
13,R2,1927,0.13505598220560097,0.42629227417625415,-0.30323764614306875,0.1126251425389461,0.2997777189277084,0.11252136787296822,-0.0007248701470087814,0.6051784753799438,0.08615300804376602,0.044289007782936096,0.6913315057754517,0.7977428436279297,0.8755666613578796,5,14,44,"[0.6052, 0.0862, 0.0443, 0.0356, 0.0266, 0.0236, 0.02, 0.0133, 0.0111, 0.0099]","[0.135, 0.426, 0.303, 0.519, 0.373, 0.149, 0.371, 0.154, 0.003, 0.0]",1996,0.04007541388273239,-0.16175489800395398,
13,R3,1927,-0.09618868582728142,0.20793455328948948,0.22729712541613875,-0.04978496387819767,-0.0023624366617567257,-0.061645437437885295,-0.010824043103361288,0.9416360855102539,0.052629388868808746,0.001550234155729413,0.9942654967308044,0.9973703622817993,0.9985195398330688,3,1,2,"[0.9416, 0.0526, 0.0016, 0.001, 0.0005, 0.0004, 0.0003, 0.0002, 0.0002, 0.0001]","[0.096, 0.208, 0.227, 0.385, 0.038, 0.509, 0.18, 0.466, 0.017, 0.234]",1996,0.007120901718735695,-0.1251994878862694,
13,R4,1927,0.09280155283257244,0.0023460370103026472,-0.03181333112890024,0.08214359962932277,0.025631177471664327,0.004536483086309222,0.06409324813836106,0.9243668913841248,0.04956631734967232,0.011734606698155403,0.973933219909668,0.9911428093910217,0.9947715401649475,3,1,2,"[0.9244, 0.0496, 0.0117, 0.0037, 0.0018, 0.0011, 0.0008, 0.0007, 0.0006, 0.0005]","[0.093, 0.002, 0.032, 0.398, 0.207, 0.038, 0.114, 0.471, 0.399, 0.193]",1996,0.005724029149860144,0.10369551109966464,
13,R5,1927,-0.07404517397571066,0.039171881677966085,0.464652864926054,-0.08697798017010576,0.013602720147365147,0.021573327968129455,-0.06355721639056314,0.7869306802749634,0.10325062274932861,0.030705340206623077,0.890181303024292,0.9474107623100281,0.9687727689743042,2,3,6,"[0.7869, 0.1033, 0.0307, 0.0176, 0.0089, 0.0062, 0.0049, 0.0042, 0.0034, 0.0027]","[0.074, 0.039, 0.465, 0.616, 0.234, 0.264, 0.121, 0.102, 0.107, 0.121]",1996,0.03021789900958538,-0.1216570067899699,
13,R6,1927,0.005004884512205399,-0.030113792770550145,-0.3401475379152108,-0.13354840097306517,-0.13837787311110158,0.0539018938885743,-0.0982902773152706,0.5130854249000549,0.2882712781429291,0.051747750490903854,0.8013566732406616,0.9146869778633118,0.9464348554611206,3,5,12,"[0.5131, 0.2883, 0.0517, 0.0388, 0.0228, 0.0094, 0.0069, 0.006, 0.0053, 0.0042]","[0.005, 0.03, 0.34, 0.177, 0.654, 0.484, 0.077, 0.156, 0.118, 0.024]",1996,0.05781598761677742,-0.1395661843323857,
13,R7,1927,-0.12085758570469672,-0.1418121695421169,0.17672620950383955,-0.15187079641190532,-0.2039487325179774,0.059264098344404395,-0.1642188936947845,0.8489227890968323,0.05703062191605568,0.019963763654232025,0.9059534072875977,0.9510712623596191,0.9711737632751465,4,2,5,"[0.8489, 0.057, 0.02, 0.014, 0.0112, 0.0082, 0.0039, 0.0031, 0.0028, 0.0021]","[0.121, 0.142, 0.177, 0.613, 0.059, 0.326, 0.282, 0.482, 0.315, 0.092]",1996,0.027395598590373993,-0.14556789069909415,
14,T0,1927,-0.03444666126490006,-0.5821671418832948,-0.12095983853212935,-0.07404210985762304,0.14015530232566611,0.03411913050284465,-0.013382825486588668,0.754055917263031,0.057185545563697815,0.026240408420562744,0.8112414479255676,0.871426522731781,0.9133356809616089,2,8,25,"[0.7541, 0.0572, 0.0262, 0.0198, 0.0141, 0.0118, 0.0098, 0.0079, 0.0067, 0.0057]","[0.034, 0.582, 0.121, 0.711, 0.207, 0.02, 0.109, 0.094, 0.023, 0.115]",1996,0.03926803544163704,-0.054924886637130715,
14,T1,1927,0.2620896900619897,-0.22239658904140328,-0.4391989816823746,0.13114669030146198,0.5019607151125025,-0.05333446416656184,0.19729280338237276,0.7930337190628052,0.048073530197143555,0.03818898648023605,0.8411072492599487,0.9212279915809631,0.9541394710540771,3,4,10,"[0.793, 0.0481, 0.0382, 0.0299, 0.012, 0.0086, 0.0077, 0.0074, 0.005, 0.0042]","[0.262, 0.222, 0.439, 0.516, 0.106, 0.091, 0.08, 0.382, 0.043, 0.132]",1996,0.053947631269693375,-0.23389025119949097,
14,T2,1927,0.4186024418512828,0.044366061224968015,-0.6700401988927603,-0.07133148389014049,0.48486802444456195,0.003755734946347951,-0.0065843802295284535,0.2698911130428314,0.1517229527235031,0.12593720853328705,0.42161405086517334,0.6776142716407776,0.816887378692627,3,20,43,"[0.2699, 0.1517, 0.1259, 0.0683, 0.0617, 0.0507, 0.0282, 0.023, 0.0195, 0.0178]","[0.419, 0.044, 0.67, 0.423, 0.251, 0.06, 0.039, 0.002, 0.029, 0.082]",1996,0.1021871343255043,-0.25233871018906184,
14,T3,1927,0.6065541262444075,-0.31185798678408216,0.05708444451250322,0.11431421954412539,0.2167589804218073,0.014401358957653146,0.43036545822832867,0.44151175022125244,0.14153236150741577,0.07890402525663376,0.5830441117286682,0.7747308611869812,0.8782116174697876,2,13,25,"[0.4415, 0.1415, 0.0789, 0.0684, 0.0444, 0.0298, 0.025, 0.0196, 0.0148, 0.0142]","[0.607, 0.312, 0.057, 0.069, 0.027, 0.291, 0.216, 0.226, 0.107, 0.012]",1996,0.16006502509117126,-0.24017132665196342,
14,T4,1927,-0.40512176637113445,0.2554680532420654,-0.25170990836466134,-0.22926614097720194,-0.6809345980672997,-0.023034303882719702,-0.16461457375164257,0.43799301981925964,0.2442229986190796,0.046597953885793686,0.6822160482406616,0.7918609976768494,0.8806892037391663,1,12,22,"[0.438, 0.2442, 0.0466, 0.0322, 0.0308, 0.0248, 0.0198, 0.0159, 0.015, 0.0134]","[0.405, 0.255, 0.252, 0.163, 0.019, 0.242, 0.166, 0.122, 0.031, 0.213]",1996,0.09679146856069565,0.22242718417457757,
14,T5,1927,-0.6721756895137131,0.3307395704554285,-0.0655805968394951,-0.10873192536489588,-0.15760921941678424,-0.02882855683447714,-0.45019826306038374,0.5185754299163818,0.17356230318546295,0.06650704145431519,0.6921377182006836,0.828457236289978,0.8997547030448914,2,11,20,"[0.5186, 0.1736, 0.0665, 0.0393, 0.0305, 0.0197, 0.0167, 0.0151, 0.0102, 0.0097]","[0.672, 0.331, 0.066, 0.173, 0.113, 0.197, 0.146, 0.054, 0.094, 0.193]",1996,0.20301875472068787,0.25041381554334186,
14,T6,1927,-0.43348896084192623,0.5428003666001174,0.2195226783476733,-0.127063984439508,-0.5471781422878481,-0.16754264179099973,-0.1446493999445714,0.4407516121864319,0.13143479824066162,0.09636308252811432,0.5721864104270935,0.7477979063987732,0.8510652184486389,3,16,32,"[0.4408, 0.1314, 0.0964, 0.0415, 0.0378, 0.0307, 0.0273, 0.0189, 0.014, 0.0124]","[0.433, 0.543, 0.22, 0.14, 0.358, 0.239, 0.236, 0.169, 0.215, 0.045]",1996,0.06004234030842781,0.16707083286559332,
14,T7,1927,0.6511663684096549,-0.22577626505832538,-0.23468869147101856,0.09564778811277044,0.2206777832955566,0.04500327681161375,0.37697008268164306,0.4041975736618042,0.2075393944978714,0.08165167272090912,0.6117369532585144,0.7892445921897888,0.873134970664978,2,14,27,"[0.4042, 0.2075, 0.0817, 0.0661, 0.0298, 0.0247, 0.0215, 0.0141, 0.0124, 0.0111]","[0.651, 0.226, 0.235, 0.207, 0.353, 0.182, 0.18, 0.048, 0.061, 0.127]",1996,0.10904970020055771,-0.3685536579459743,
14,T8,1927,0.3441556328287764,-0.295218687384858,0.37085700027375795,-0.10419770000497404,0.05135901272382199,0.1267975293952766,0.015035965807154588,0.5203231573104858,0.13307544589042664,0.07997606694698334,0.6533986330032349,0.7933034896850586,0.8695647716522217,5,15,47,"[0.5203, 0.1331, 0.08, 0.0329, 0.0271, 0.024, 0.0174, 0.0141, 0.0112, 0.0095]","[0.344, 0.295, 0.371, 0.428, 0.358, 0.486, 0.04, 0.168, 0.008, 0.064]",1996,0.04726218059659004,-0.1864799289994957,
14,R0,1927,0.5319986357069897,-0.48140684031835007,0.4496444197098707,0.009425422233872958,0.37483407555611675,0.10584576304116952,0.1774485563172544,0.7369887828826904,0.04497631639242172,0.027849791571497917,0.7819650769233704,0.8504288196563721,0.8971719741821289,5,11,35,"[0.737, 0.045, 0.0278, 0.0212, 0.0194, 0.0167, 0.0097, 0.0077, 0.0067, 0.006]","[0.532, 0.481, 0.45, 0.404, 0.311, 0.017, 0.192, 0.061, 0.002, 0.093]",1996,0.015331135131418705,-0.2420777867302721,
14,R1,1927,0.3689984247862081,0.08770223395087749,0.5622020813802376,0.01550595368000902,0.2360964109148197,0.0037778616892471042,0.20054312667730087,0.7571662664413452,0.0666760727763176,0.03935292363166809,0.8238423466682434,0.8948942422866821,0.9296634197235107,3,6,22,"[0.7572, 0.0667, 0.0394, 0.0181, 0.0136, 0.0123, 0.0075, 0.0056, 0.005, 0.0044]","[0.369, 0.088, 0.562, 0.187, 0.513, 0.204, 0.107, 0.133, 0.21, 0.096]",1996,0.032197218388319016,-0.12494835609491795,
14,R2,1927,-0.02767235575377714,0.42585159886789536,-0.3455087724561728,0.0864097720716698,0.28303377232709676,0.02657542630122246,0.005694668020083889,0.6412265300750732,0.07835015654563904,0.039995282888412476,0.7195767164230347,0.8137833476066589,0.8833938837051392,4,13,43,"[0.6412, 0.0784, 0.04, 0.0311, 0.0231, 0.0212, 0.0174, 0.0124, 0.0101, 0.0085]","[0.028, 0.426, 0.346, 0.572, 0.258, 0.07, 0.388, 0.161, 0.014, 0.002]",1996,0.02954556792974472,-0.09708086495725786,
14,R3,1927,-0.10367374431686306,0.159702167508008,0.21997392132203436,-0.05142506778958157,-0.015081916611535141,-0.06022657349014945,-0.01774290205166658,0.9389095902442932,0.05529254302382469,0.0015331023605540395,0.9942021369934082,0.9972591400146484,0.9984846711158752,4,1,2,"[0.9389, 0.0553, 0.0015, 0.001, 0.0005, 0.0004, 0.0003, 0.0002, 0.0002, 0.0001]","[0.104, 0.16, 0.22, 0.352, 0.093, 0.386, 0.373, 0.471, 0.101, 0.199]",1996,0.006936434656381607,-0.12309756839149377,
14,R4,1927,0.10816436821225969,0.02239460400267429,-0.03169454675898529,0.0794120012024382,0.02134590565732215,0.010945441794824203,0.06799677253198819,0.9277043342590332,0.04959549009799957,0.010432586073875427,0.9772998094558716,0.9917517900466919,0.9950278401374817,3,1,2,"[0.9277, 0.0496, 0.0104, 0.0028, 0.0012, 0.0011, 0.0007, 0.0006, 0.0005, 0.0004]","[0.108, 0.022, 0.032, 0.44, 0.088, 0.058, 0.095, 0.533, 0.357, 0.192]",1996,0.005490283016115427,0.09631640089656765,
14,R5,1927,-0.0768556919612152,-0.0584778801408222,0.2873115185482246,-0.07141563567356062,0.035019695385147466,0.02336139293948682,-0.05291611662669254,0.7387808561325073,0.14447350800037384,0.03474288433790207,0.88325434923172,0.9493189454078674,0.970328152179718,2,3,6,"[0.7388, 0.1445, 0.0347, 0.0197, 0.0117, 0.0059, 0.0053, 0.0041, 0.0032, 0.0025]","[0.077, 0.058, 0.287, 0.578, 0.396, 0.22, 0.199, 0.071, 0.106, 0.069]",1996,0.03329151123762131,-0.11636427741881819,
14,R6,1927,0.009097524383487671,-0.027274098564111733,-0.3529032878067262,-0.12505281559236528,-0.1181340313142561,0.046425511818246085,-0.09115952544488971,0.5315089225769043,0.27953028678894043,0.0475657694041729,0.8110392093658447,0.9187957644462585,0.9487797021865845,3,5,11,"[0.5315, 0.2795, 0.0476, 0.0382, 0.022, 0.0089, 0.0066, 0.0056, 0.0048, 0.0041]","[0.009, 0.027, 0.353, 0.106, 0.63, 0.504, 0.122, 0.138, 0.138, 0.038]",1996,0.0545484684407711,-0.14562821489317573,
14,R7,1927,-0.11706337313845856,-0.21864427699413494,0.17265738897473118,-0.14439270820651412,-0.20868060079357512,0.04703149651335627,-0.15746165208908403,0.8541328310966492,0.05776440352201462,0.01984572596848011,0.9118972420692444,0.9540417194366455,0.9730228781700134,3,2,5,"[0.8541, 0.0578, 0.0198, 0.0122, 0.0101, 0.0079, 0.0035, 0.0031, 0.0026, 0.0019]","[0.117, 0.219, 0.173, 0.587, 0.127, 0.249, 0.205, 0.5, 0.389, 0.055]",1996,0.0234653502702713,-0.15011775310219488,
15,T0,1927,-0.04363083879637925,-0.5790120278602975,-0.14806884967049014,-0.07282386227496537,0.1463740799239467,0.030765306512661395,-0.00505967282289482,0.7502213716506958,0.057169195264577866,0.026527149602770805,0.807390570640564,0.8679324984550476,0.9109157919883728,2,9,27,"[0.7502, 0.0572, 0.0265, 0.0203, 0.0137, 0.0123, 0.0098, 0.0079, 0.007, 0.006]","[0.044, 0.579, 0.148, 0.698, 0.184, 0.053, 0.106, 0.103, 0.077, 0.113]",1996,0.0384896919131279,-0.05255225856003723,
15,T1,1927,0.2603476072320035,-0.18407903039848955,-0.4129940940035913,0.1242572340583503,0.4806479490603849,-0.05679667095147155,0.19443625200908335,0.7831334471702576,0.05164092406630516,0.03780987113714218,0.834774374961853,0.9173970222473145,0.9516258239746094,3,4,10,"[0.7831, 0.0516, 0.0378, 0.0323, 0.0125, 0.0097, 0.008, 0.0072, 0.0051, 0.0043]","[0.26, 0.184, 0.413, 0.603, 0.098, 0.006, 0.073, 0.368, 0.073, 0.084]",1996,0.05787495896220207,-0.24421523927514296,
15,T2,1927,0.4223639649510244,0.02832706155490685,-0.6660074294672202,-0.06994654404032617,0.48763615983374475,0.0020764743712355445,0.0007284778160964416,0.2715263366699219,0.14964260160923004,0.12421221286058426,0.4211689233779907,0.6745652556419373,0.8166070580482483,3,20,44,"[0.2715, 0.1496, 0.1242, 0.07, 0.0592, 0.0513, 0.029, 0.0231, 0.0208, 0.0179]","[0.422, 0.028, 0.666, 0.434, 0.226, 0.109, 0.047, 0.01, 0.013, 0.088]",1996,0.1023205816745758,-0.254261112663654,
15,T3,1927,-0.4074833889073432,0.4501777380238087,-0.0581332201533136,-0.09618045155659752,-0.3061432741543995,0.052172359640874126,-0.2669506102275604,0.45852893590927124,0.1511528193950653,0.07398540526628494,0.6096817255020142,0.7909024357795715,0.8903535604476929,3,11,22,"[0.4585, 0.1512, 0.074, 0.0657, 0.0416, 0.0276, 0.024, 0.0214, 0.0137, 0.0126]","[0.407, 0.45, 0.058, 0.1, 0.113, 0.214, 0.351, 0.127, 0.012, 0.1]",1996,0.15843278169631958,0.29749483844899016,
15,T4,1927,-0.4333007960097394,0.1740477066872412,-0.23025239341460735,-0.2270445496874669,-0.6302884388912602,0.0236271808910092,-0.18642942133421125,0.44364508986473083,0.23073874413967133,0.04538992792367935,0.674383819103241,0.7838752269744873,0.8752971291542053,1,13,23,"[0.4436, 0.2307, 0.0454, 0.0323, 0.0318, 0.0251, 0.0203, 0.0189, 0.0144, 0.0127]","[0.433, 0.174, 0.23, 0.134, 0.027, 0.246, 0.147, 0.071, 0.047, 0.26]",1996,0.10159508138895035,0.2530587909220173,
15,T5,1927,-0.705814305020032,0.29762268749520027,-0.049517138506169726,-0.08382076967162883,-0.11500565631243952,-0.07389660382679032,-0.4591308849471749,0.5056597590446472,0.1761794090270996,0.0646509975194931,0.6818391680717468,0.8207268714904785,0.8978620171546936,1,11,21,"[0.5057, 0.1762, 0.0647, 0.0414, 0.0328, 0.0203, 0.0174, 0.0149, 0.0128, 0.0117]","[0.706, 0.298, 0.05, 0.126, 0.138, 0.169, 0.145, 0.053, 0.166, 0.173]",1996,0.19580671191215515,0.26430528133186504,
15,T6,1927,-0.41387137492699927,0.5242480965717496,0.23497978551074883,-0.11639516082859878,-0.5495523723945693,-0.2331320988839138,-0.13749569198044417,0.5162261128425598,0.1176915168762207,0.07796882838010788,0.6339176297187805,0.785340428352356,0.871782660484314,3,14,28,"[0.5162, 0.1177, 0.078, 0.0395, 0.0339, 0.0269, 0.0217, 0.015, 0.0123, 0.0105]","[0.414, 0.524, 0.235, 0.191, 0.262, 0.351, 0.219, 0.187, 0.057, 0.195]",1996,0.053024306893348694,0.2098147014953929,
15,T7,1927,0.6497562010633599,-0.20484912517799866,-0.2138758675042697,0.10180577379425627,0.24157660184741175,0.03720959480004852,0.3700479928303047,0.39456772804260254,0.19995719194412231,0.08609460294246674,0.5945249199867249,0.7835212349891663,0.8728086948394775,2,14,28,"[0.3946, 0.2, 0.0861, 0.0697, 0.0332, 0.0288, 0.0225, 0.014, 0.0125, 0.0116]","[0.65, 0.205, 0.214, 0.231, 0.094, 0.279, 0.316, 0.03, 0.181, 0.042]",1996,0.10754405707120895,-0.373994956487539,
15,T8,1927,0.337275826217345,-0.2918093103302065,0.3689574964263534,-0.10900342205463785,0.038699156975248485,0.12892214273958347,0.014263210648954461,0.5226451754570007,0.1335887908935547,0.0803883746266365,0.6562339663505554,0.7955278754234314,0.8693827986717224,5,15,51,"[0.5226, 0.1336, 0.0804, 0.0324, 0.0265, 0.0237, 0.0161, 0.0139, 0.0109, 0.0092]","[0.337, 0.292, 0.369, 0.379, 0.454, 0.447, 0.084, 0.164, 0.017, 0.054]",1996,0.045824963599443436,-0.18061724593113873,
15,R0,1927,0.5256565242004834,-0.4755832578732598,0.4172251262778826,0.005435190709402289,0.3751318443979939,0.11108934549453531,0.1730485809531318,0.7338825464248657,0.046019263565540314,0.028131702914834023,0.7799018025398254,0.848360002040863,0.8949027061462402,4,11,38,"[0.7339, 0.046, 0.0281, 0.0212, 0.0192, 0.0166, 0.0095, 0.0075, 0.0068, 0.0061]","[0.526, 0.476, 0.417, 0.518, 0.189, 0.01, 0.183, 0.084, 0.027, 0.055]",1996,0.015332779847085476,-0.24635988160308522,
15,R1,1927,-0.03812916282569692,-0.17683435980767295,0.6154614409342334,-0.08271801301355494,-0.3233281318815085,-0.046126737596548374,0.04619734148259612,0.7803720235824585,0.058295831084251404,0.03740231692790985,0.8386678695678711,0.9044585824012756,0.9350232481956482,3,5,18,"[0.7804, 0.0583, 0.0374, 0.0166, 0.0118, 0.0107, 0.0067, 0.0047, 0.0045, 0.004]","[0.038, 0.177, 0.615, 0.098, 0.477, 0.348, 0.089, 0.075, 0.192, 0.12]",1996,0.026758335530757904,0.020252212846540902,
15,R2,1927,-0.02249947779745135,0.4364484431134779,-0.3461848394936159,0.08919279257428007,0.2759278099281747,0.029150511769092925,0.001802167098703729,0.6374106407165527,0.07752445340156555,0.03991146385669708,0.7149350643157959,0.8097895383834839,0.8795938491821289,4,14,47,"[0.6374, 0.0775, 0.0399, 0.0312, 0.0238, 0.0214, 0.017, 0.0128, 0.0101, 0.0085]","[0.022, 0.436, 0.346, 0.569, 0.226, 0.001, 0.378, 0.187, 0.002, 0.003]",1996,0.029501844197511673,-0.10022940069607991,
15,R3,1927,-0.08985529236414201,0.1526380882700475,0.23484894527860017,-0.04948254536487169,-0.020962652725763583,-0.061934377720368285,-0.02824841163324114,0.9399683475494385,0.05417659506201744,0.0015374309150502086,0.9941449165344238,0.9972530007362366,0.998469352722168,4,1,2,"[0.94, 0.0542, 0.0015, 0.0011, 0.0005, 0.0004, 0.0003, 0.0002, 0.0002, 0.0001]","[0.09, 0.153, 0.235, 0.34, 0.116, 0.379, 0.37, 0.457, 0.106, 0.235]",1996,0.00666198180988431,-0.14112995251326493,
15,R4,1927,0.10441020619604155,0.026567245820326307,-0.03600765385355119,0.07437115915777753,0.012666323786248808,0.015291745539294301,0.06505526750886355,0.9300954937934875,0.048121798783540726,0.009951367974281311,0.9782173037528992,0.992037832736969,0.9951577186584473,3,1,2,"[0.9301, 0.0481, 0.01, 0.0027, 0.0011, 0.001, 0.0007, 0.0006, 0.0005, 0.0004]","[0.104, 0.027, 0.036, 0.446, 0.091, 0.05, 0.076, 0.539, 0.338, 0.2]",1996,0.005237380508333445,0.10064427631925546,
15,R5,1927,-0.1162042570988526,0.004676262320275933,0.19729258653946835,-0.08499005981082747,0.00540843753271134,-0.00819424311223172,-0.04295064310296497,0.8385770320892334,0.0919514149427414,0.02236008830368519,0.930528461933136,0.9705711603164673,0.9829654097557068,2,2,3,"[0.8386, 0.092, 0.0224, 0.0111, 0.0066, 0.0035, 0.0033, 0.0023, 0.0019, 0.0014]","[0.116, 0.005, 0.197, 0.596, 0.382, 0.226, 0.219, 0.07, 0.105, 0.03]",1996,0.02437763847410679,-0.08440504476301672,
15,R6,1927,0.022956244679600935,-0.057331397940899725,-0.14308707124891482,-0.1275536940767177,-0.12583581867194427,0.024239041289180144,-0.12369851892409003,0.6461535096168518,0.2090233415365219,0.0523049458861351,0.8551768660545349,0.9482117295265198,0.9670770764350891,2,3,6,"[0.6462, 0.209, 0.0523, 0.0266, 0.0141, 0.0054, 0.004, 0.0036, 0.003, 0.0029]","[0.023, 0.057, 0.143, 0.135, 0.699, 0.529, 0.026, 0.066, 0.12, 0.04]",1996,0.05755249038338661,-0.1082944812791735,
15,R7,1927,-0.1243891571852127,-0.2064108049070894,0.3381146315965944,-0.12085480780897906,-0.19700568551128672,0.03211642534670342,-0.15150649605002772,0.8604353666305542,0.05908380448818207,0.016441235318779945,0.9195191860198975,0.955736517906189,0.9761088490486145,5,2,5,"[0.8604, 0.0591, 0.0164, 0.0115, 0.0083, 0.0074, 0.0063, 0.0028, 0.0023, 0.0016]","[0.124, 0.206, 0.338, 0.418, 0.462, 0.113, 0.031, 0.452, 0.459, 0.008]",1996,0.02230108343064785,-0.1462052069844582,
16,T0,1927,0.5545944068494855,-0.6137784781295315,-0.47215737406136987,0.08894374643758048,0.2265891482380241,0.10056279621769408,0.03221582010363336,0.5874232053756714,0.09016530215740204,0.04657580703496933,0.6775885224342346,0.7921020984649658,0.8700764179229736,4,16,50,"[0.5874, 0.0902, 0.0466, 0.0418, 0.0262, 0.0235, 0.017, 0.0161, 0.0125, 0.0089]","[0.555, 0.614, 0.472, 0.145, 0.088, 0.246, 0.411, 0.036, 0.004, 0.18]",1996,0.09068070352077484,-0.31450574244560553,
16,T1,1927,0.2561358175772847,0.21038788190020263,-0.07954010208286219,0.11309297431619182,0.430956100855412,-0.06738659799885544,0.17637313892325893,0.7888541221618652,0.053524844348430634,0.03673499450087547,0.8423789739608765,0.9217812418937683,0.9556027054786682,1,4,9,"[0.7889, 0.0535, 0.0367, 0.0301, 0.0125, 0.0098, 0.0081, 0.0064, 0.005, 0.0044]","[0.256, 0.21, 0.08, 0.712, 0.077, 0.237, 0.243, 0.168, 0.228, 0.096]",1996,0.06560570001602173,-0.2676613811935355,
16,T2,1927,-0.3947538044909016,0.34810598897773365,-0.48132322435860064,0.17861768213442458,-0.056720285950500944,-0.04532730869054744,0.07599032907250156,0.2959962785243988,0.21073849499225616,0.10794592648744583,0.5067347884178162,0.7281484603881836,0.8501724004745483,4,17,37,"[0.296, 0.2107, 0.1079, 0.0648, 0.0487, 0.0437, 0.0243, 0.0216, 0.0187, 0.0137]","[0.395, 0.348, 0.481, 0.625, 0.045, 0.266, 0.033, 0.044, 0.034, 0.07]",1996,0.09419146180152893,0.07783685751834994,
16,T3,1927,-0.23048572895107292,0.6868883048063622,-0.20047276656165774,-0.059987185270557755,-0.3453259573516333,0.11174401577605676,-0.037277997098023936,0.5302968621253967,0.16823914647102356,0.06802243739366531,0.6985360383987427,0.8431844711303711,0.9193153381347656,1,9,16,"[0.5303, 0.1682, 0.068, 0.0447, 0.0319, 0.0215, 0.0194, 0.0155, 0.0104, 0.0093]","[0.23, 0.687, 0.2, 0.227, 0.093, 0.133, 0.295, 0.101, 0.125, 0.148]",1996,0.10670673102140427,0.30320877058523665,
16,T4,1927,0.4691027151106295,-0.0965402368247112,-0.15060595174577399,0.14484943713718734,0.3457210312466949,-0.1408464589287997,0.16707970274129907,0.5535379648208618,0.1482440084218979,0.041213877499103546,0.7017819881439209,0.8089100122451782,0.8919315338134766,2,11,21,"[0.5535, 0.1482, 0.0412, 0.0398, 0.0261, 0.0233, 0.0227, 0.015, 0.0115, 0.0104]","[0.469, 0.097, 0.151, 0.156, 0.048, 0.163, 0.213, 0.068, 0.417, 0.115]",1996,0.11978086084127426,-0.417982535517327,
16,T5,1927,0.7255305267161194,-0.018160928629487167,-0.18842643800861997,0.001016356963995648,0.07797756951528609,0.18342856429967766,0.41209773307897485,0.41778549551963806,0.2673884630203247,0.07610993832349777,0.6851739883422852,0.8397879004478455,0.9125189185142517,1,9,18,"[0.4178, 0.2674, 0.0761, 0.0446, 0.0339, 0.0205, 0.016, 0.0138, 0.0128, 0.0097]","[0.726, 0.018, 0.188, 0.062, 0.025, 0.107, 0.174, 0.057, 0.205, 0.192]",1996,0.14978620409965515,-0.3528295025744322,
16,T6,1927,-0.47360887197022516,0.4505533038055524,0.08188518167181864,-0.09876069300680235,-0.4409634160237493,-0.310443165116135,-0.09576490323994111,0.39371487498283386,0.1670500934123993,0.08548563718795776,0.5607649683952332,0.7544280886650085,0.8576364517211914,4,15,29,"[0.3937, 0.1671, 0.0855, 0.0628, 0.0454, 0.0288, 0.0245, 0.0208, 0.0163, 0.0128]","[0.474, 0.451, 0.082, 0.405, 0.049, 0.118, 0.072, 0.427, 0.116, 0.045]",1996,0.08130478858947754,0.2518657075067471,
16,T7,1927,0.5773725415598157,-0.3940560852133314,0.28874302685225706,0.1585351974547785,0.36051905362263276,-8.074544551577564e-05,0.3175506003980719,0.44493597745895386,0.1591178923845291,0.07927227765321732,0.6040538549423218,0.7907899022102356,0.8796984553337097,2,13,26,"[0.4449, 0.1591, 0.0793, 0.0672, 0.0403, 0.025, 0.0218, 0.0166, 0.0135, 0.0121]","[0.577, 0.394, 0.289, 0.187, 0.012, 0.283, 0.105, 0.236, 0.18, 0.098]",1996,0.09378102421760559,-0.3566027580125734,
16,T8,1927,0.37824786574474834,-0.37536402464286134,0.40703842807555274,-0.10026245479580365,-0.32054078231888067,-0.03024332336604386,0.1730430050832057,0.6459830403327942,0.12322034686803818,0.05262335389852524,0.7692033648490906,0.860317587852478,0.9107508659362793,6,9,27,"[0.646, 0.1232, 0.0526, 0.0226, 0.0159, 0.0156, 0.0104, 0.0094, 0.0079, 0.0071]","[0.378, 0.375, 0.407, 0.424, 0.519, 0.322, 0.029, 0.19, 0.022, 0.009]",1996,0.095981165766716,-0.185850095047354,
16,R0,1927,0.506305979183239,0.46135526790911796,-0.45234555016079325,-0.03350797069596001,0.3255440086293369,0.117645966260803,0.14332963690401734,0.8239995241165161,0.026224395260214806,0.02501392923295498,0.8502238988876343,0.9034692645072937,0.9393395185470581,4,5,14,"[0.824, 0.0262, 0.025, 0.0163, 0.0119, 0.0113, 0.011, 0.0057, 0.0042, 0.0037]","[0.506, 0.461, 0.452, 0.228, 0.506, 0.249, 0.059, 0.091, 0.024, 0.085]",1996,-0.001678474247455597,-0.26603452951242323,
16,R1,1927,-0.22126851707630374,-0.037628663294943916,-0.6591105664169539,-0.10207067675717604,-0.4094139298001382,-0.06585136309675044,-0.04176843772774449,0.5524073243141174,0.1249752938747406,0.07469259947538376,0.6773825883865356,0.8046022057533264,0.8630181550979614,2,22,93,"[0.5524, 0.125, 0.0747, 0.03, 0.0225, 0.0204, 0.0125, 0.0092, 0.0088, 0.0076]","[0.221, 0.038, 0.659, 0.011, 0.491, 0.266, 0.09, 0.193, 0.061, 0.065]",1996,0.04931032285094261,0.06746105488826651,
16,R2,1927,0.1367793147220237,0.4044718379906127,-0.7081707298960911,0.11666889433866327,0.20360882597762314,0.14909252881825064,-0.024381585946216155,0.6882060766220093,0.08331391215324402,0.038035083562135696,0.7715200185775757,0.8506152033805847,0.9007360339164734,3,10,39,"[0.6882, 0.0833, 0.038, 0.0224, 0.0187, 0.0154, 0.0121, 0.0096, 0.007, 0.0061]","[0.137, 0.404, 0.708, 0.048, 0.079, 0.486, 0.16, 0.027, 0.034, 0.01]",1996,0.036825817078351974,-0.1675912856509219,
16,R3,1927,0.03193226056526984,0.21963823390752502,0.12882797248261607,0.025268471874706707,0.09673908744885701,0.04745019792890143,0.008177583279094564,0.9360624551773071,0.05759308487176895,0.0022712380159646273,0.9936555624008179,0.9974892735481262,0.998582661151886,4,1,2,"[0.9361, 0.0576, 0.0023, 0.0011, 0.0005, 0.0003, 0.0002, 0.0002, 0.0002, 0.0001]","[0.032, 0.22, 0.129, 0.371, 0.252, 0.394, 0.406, 0.338, 0.146, 0.14]",1996,0.004756831098347902,0.16127158824502538,
16,R4,1927,-0.11526580108320697,0.03781770358756992,-0.17353983256829233,-0.08006646241345272,-0.07316930765126506,-0.008961843679321384,-0.06247219914415927,0.9398890137672424,0.041706062853336334,0.007199654821306467,0.9815950989723206,0.9933148622512817,0.9959729313850403,3,1,2,"[0.9399, 0.0417, 0.0072, 0.0034, 0.0011, 0.0008, 0.0006, 0.0005, 0.0004, 0.0003]","[0.115, 0.038, 0.174, 0.396, 0.122, 0.062, 0.022, 0.504, 0.447, 0.164]",1996,0.0042412602342665195,-0.09387347389626352,
16,R5,1927,-0.10871495771419631,-0.028347683859818326,-0.12376755170241283,-0.08106870354187531,-0.07901306115707238,0.009603916968963741,-0.03490393837934324,0.8521974086761475,0.0926821380853653,0.019303303211927414,0.9448795318603516,0.9809054732322693,0.9895263314247131,3,2,3,"[0.8522, 0.0927, 0.0193, 0.012, 0.0047, 0.0024, 0.0021, 0.0018, 0.0012, 0.0011]","[0.109, 0.028, 0.124, 0.393, 0.581, 0.324, 0.166, 0.058, 0.085, 0.093]",1996,0.020358504727482796,-0.07711081830537549,
16,R6,1927,0.02474690389494014,0.018861447929694117,-0.09313922749016415,0.09549804401633033,0.11813673796346734,-0.0186165055811207,0.07605630606720357,0.7039257287979126,0.19330669939517975,0.03850632533431053,0.8972324132919312,0.9632657170295715,0.9774370789527893,2,3,4,"[0.7039, 0.1933, 0.0385, 0.0183, 0.0093, 0.0039, 0.0035, 0.0027, 0.0021, 0.002]","[0.025, 0.019, 0.093, 0.153, 0.707, 0.278, 0.411, 0.201, 0.117, 0.038]",1996,0.03916402533650398,0.1260853741460351,
16,R7,1927,-0.03789983138289079,-0.17959044647338498,0.17476138502995486,-0.11084084116644614,-0.1770511003405148,0.017814410298427754,-0.1548211441071895,0.8802385926246643,0.060319941490888596,0.017441589385271072,0.9405585527420044,0.9735738039016724,0.9856337308883667,3,2,3,"[0.8802, 0.0603, 0.0174, 0.0094, 0.0062, 0.0042, 0.0037, 0.0016, 0.0016, 0.001]","[0.038, 0.18, 0.175, 0.178, 0.632, 0.104, 0.175, 0.567, 0.303, 0.031]",1996,0.01842651702463627,-0.1747334875265374,
17,T0,1927,0.4361352130279482,-0.6472907462719472,-0.1163309198996137,0.014230234322743219,0.26995198777143226,0.07704098858353188,0.033456879622125714,0.5483582019805908,0.09691467881202698,0.05167483165860176,0.6452728509902954,0.7641801834106445,0.8412015438079834,3,23,76,"[0.5484, 0.0969, 0.0517, 0.044, 0.0232, 0.0214, 0.0195, 0.0154, 0.0106, 0.0102]","[0.436, 0.647, 0.116, 0.476, 0.297, 0.15, 0.027, 0.086, 0.142, 0.05]",1996,0.07418838888406754,-0.2622456023940356,
17,T1,1927,0.3039865029698473,-0.5222504895246273,-0.252594990868689,0.10412207298673794,0.3997455138605668,-0.06168365735870602,0.18265123575814907,0.6485204696655273,0.10502655804157257,0.06051688268780708,0.7535470128059387,0.8702417612075806,0.9222922921180725,2,8,16,"[0.6485, 0.105, 0.0605, 0.0349, 0.0212, 0.0145, 0.0121, 0.0103, 0.0087, 0.0065]","[0.304, 0.522, 0.253, 0.276, 0.192, 0.128, 0.226, 0.185, 0.027, 0.232]",1996,0.09361185133457184,-0.30932791030875384,
17,T2,1927,-0.40922065596675905,0.33036711713118244,-0.5040148763563537,0.17002101030732172,-0.08365771507058893,-0.03644307616968201,0.06790956210633525,0.27292710542678833,0.21236920356750488,0.10950003564357758,0.4852963089942932,0.7091168165206909,0.8407866358757019,4,18,40,"[0.2729, 0.2124, 0.1095, 0.0662, 0.0481, 0.0441, 0.0269, 0.0242, 0.022, 0.0146]","[0.409, 0.33, 0.504, 0.635, 0.085, 0.15, 0.157, 0.001, 0.009, 0.058]",1996,0.09402346611022949,0.08240573816183915,
17,T3,1927,-0.2980505268665026,0.6836550237317093,-0.2956960938520157,-0.035910558542052114,-0.25158911473838413,0.05644502606915843,-0.112717595627581,0.46017250418663025,0.23050040006637573,0.07325088232755661,0.6906728744506836,0.8342149257659912,0.9159228801727295,2,9,17,"[0.4602, 0.2305, 0.0733, 0.0388, 0.0315, 0.0237, 0.0207, 0.016, 0.0111, 0.0103]","[0.298, 0.684, 0.296, 0.251, 0.125, 0.021, 0.331, 0.054, 0.107, 0.087]",1996,0.1308053433895111,0.3298986626926934,
17,T4,1927,0.4082520706245526,-0.16826839861232845,0.07006247703309813,0.061758888386517746,0.1460660433611904,-0.12647746701019372,0.15323352105557678,0.37172484397888184,0.1676567643880844,0.07877417653799057,0.5393816232681274,0.7195746302604675,0.858563244342804,2,14,27,"[0.3717, 0.1677, 0.0788, 0.058, 0.0434, 0.0398, 0.0333, 0.0246, 0.0226, 0.0188]","[0.408, 0.168, 0.07, 0.359, 0.248, 0.05, 0.275, 0.038, 0.046, 0.097]",1996,0.08431905508041382,-0.4002601898896195,
17,T5,1927,-0.7145116949025087,0.10979803909662832,-0.04882886596337706,-0.019458172336119482,-0.018839601878079912,-0.06578238548389972,-0.421543102480358,0.5703637599945068,0.1877373605966568,0.055655233561992645,0.7581011056900024,0.8620187640190125,0.9291040301322937,1,8,14,"[0.5704, 0.1877, 0.0557, 0.026, 0.0222, 0.0199, 0.0175, 0.0113, 0.0095, 0.0089]","[0.715, 0.11, 0.049, 0.144, 0.114, 0.181, 0.285, 0.262, 0.123, 0.051]",1996,0.19920362532138824,0.42899954568418075,
17,T6,1927,-0.5728378440988586,0.25288838323388774,-0.023993801853003132,-0.09448718761891793,-0.19840666680985922,-0.5259848392457604,-0.2522999030174053,0.27871042490005493,0.15479807555675507,0.07963157445192337,0.4335085153579712,0.6287934184074402,0.7994117736816406,3,20,35,"[0.2787, 0.1548, 0.0796, 0.0643, 0.0513, 0.0502, 0.0381, 0.0341, 0.0259, 0.0224]","[0.573, 0.253, 0.024, 0.001, 0.023, 0.383, 0.115, 0.058, 0.336, 0.077]",1996,0.05345246568322182,0.32771255064833543,
17,T7,1927,0.6273988893689499,-0.32925709983690316,0.04506287608765904,0.10053712578377422,0.22884987636731902,-0.04411155381173652,0.3523534134003025,0.4920101761817932,0.15836623311042786,0.10107303410768509,0.6503764390945435,0.824928879737854,0.9015731811523438,3,10,21,"[0.492, 0.1584, 0.1011, 0.0421, 0.0314, 0.0235, 0.0205, 0.0125, 0.011, 0.0091]","[0.627, 0.329, 0.045, 0.149, 0.324, 0.154, 0.259, 0.205, 0.101, 0.164]",1996,0.13825224339962006,-0.4069906737513255,
17,T8,1927,0.3660778740589489,-0.35538629205214356,0.4158783596586431,-0.1067662230170556,-0.3212972296958337,-0.023350639765141065,0.13425063785028124,0.4499092400074005,0.18185020983219147,0.07944530993700027,0.6317594647407532,0.7760456204414368,0.8598723411560059,5,17,67,"[0.4499, 0.1819, 0.0794, 0.0384, 0.0264, 0.0254, 0.0193, 0.0162, 0.0117, 0.0113]","[0.366, 0.355, 0.416, 0.399, 0.21, 0.581, 0.052, 0.071, 0.05, 0.049]",1996,0.09983041137456894,-0.20257004021680616,
17,R0,1927,0.5144383922307175,0.5867888322328093,-0.15429018251042195,-0.025796488856837406,0.3195889839164483,0.10347098653584429,0.18563652895706192,0.8006664514541626,0.034641433507204056,0.024849679321050644,0.8353078961372375,0.8923767805099487,0.9325839877128601,3,6,17,"[0.8007, 0.0346, 0.0248, 0.0178, 0.0144, 0.0128, 0.0116, 0.0063, 0.0053, 0.0043]","[0.514, 0.587, 0.154, 0.112, 0.41, 0.282, 0.049, 0.173, 0.083, 0.006]",1996,0.0025585037656128407,-0.25381752916912326,
17,R1,1927,-0.222811258065367,-0.0009114369179789365,-0.67327963045617,-0.11186662931522243,-0.39955046006578954,-0.05197123296045588,-0.04455619791587976,0.5312329530715942,0.119913749396801,0.08271940797567368,0.6511467099189758,0.7907025814056396,0.8522566556930542,2,27,110,"[0.5312, 0.1199, 0.0827, 0.0316, 0.0252, 0.0211, 0.0129, 0.01, 0.0094, 0.0081]","[0.223, 0.001, 0.673, 0.032, 0.458, 0.266, 0.056, 0.241, 0.035, 0.031]",1996,0.05030202865600586,0.09297171745441468,
17,R2,1927,0.19887363351811857,0.43564755440306735,-0.7280325108448388,0.11297023049431419,0.15286460073727057,0.14327638374752932,-0.034004983979302704,0.6624101400375366,0.08283282816410065,0.04214111343026161,0.7452429533004761,0.8336115479469299,0.8897758722305298,3,13,50,"[0.6624, 0.0828, 0.0421, 0.0263, 0.0199, 0.0171, 0.0137, 0.0108, 0.0078, 0.0068]","[0.199, 0.436, 0.728, 0.047, 0.199, 0.422, 0.046, 0.028, 0.002, 0.01]",1996,0.03891821578145027,-0.19985593104700464,
17,R3,1927,0.03858327263509755,0.11570983779690354,-0.08769783206795884,0.021328870564662462,0.11332482256316291,0.01754817623504115,0.03670816752156525,0.9357700943946838,0.057183001190423965,0.0027274559251964092,0.9929531216621399,0.9972752332687378,0.9984399676322937,3,1,2,"[0.9358, 0.0572, 0.0027, 0.0011, 0.0005, 0.0004, 0.0003, 0.0002, 0.0002, 0.0001]","[0.039, 0.116, 0.088, 0.43, 0.192, 0.531, 0.426, 0.042, 0.273, 0.004]",1996,0.005257224198430777,0.14122155458157637,
17,R4,1927,-0.13056360006912815,0.037308941833752954,-0.16552501739152367,-0.09010527862901407,-0.08933997609436667,-0.01759570832174121,-0.070469991449795,0.9474637508392334,0.03873853757977486,0.005575701594352722,0.9862022995948792,0.9948065876960754,0.9966915845870972,3,1,2,"[0.9475, 0.0387, 0.0056, 0.0023, 0.0007, 0.0006, 0.0005, 0.0003, 0.0003, 0.0003]","[0.131, 0.037, 0.166, 0.407, 0.067, 0.049, 0.509, 0.451, 0.143, 0.084]",1996,0.004098610952496529,-0.08811136817598797,
17,R5,1927,0.12731655041154513,-0.08901284786866082,-0.1152890066535386,0.07755385509222551,0.08019492731968995,0.011089076250705408,0.0404886424949379,0.8447264432907104,0.09816626459360123,0.019339261576533318,0.9428927302360535,0.979154109954834,0.98876953125,3,2,3,"[0.8447, 0.0982, 0.0193, 0.0114, 0.0056, 0.0029, 0.0023, 0.0019, 0.0014, 0.0011]","[0.127, 0.089, 0.115, 0.45, 0.578, 0.313, 0.007, 0.082, 0.092, 0.076]",1996,0.01603458821773529,0.05194954072037531,
17,R6,1927,0.03444748814065911,0.02742772260231668,-0.1057954584139154,0.09221800022170593,0.11693446654514668,-0.0159373752960868,0.07785155821857129,0.7366730570793152,0.16822309792041779,0.033421702682971954,0.9048961400985718,0.9651647806167603,0.9785051941871643,3,2,4,"[0.7367, 0.1682, 0.0334, 0.0181, 0.0087, 0.0039, 0.0031, 0.0025, 0.002, 0.0019]","[0.034, 0.027, 0.106, 0.21, 0.716, 0.326, 0.367, 0.212, 0.066, 0.041]",1996,0.03598747402429581,0.11940551685503316,
17,R7,1927,-0.043663009385711125,-0.17158224919079265,0.18027094283327869,-0.10902001628409021,-0.17212494651874363,0.000493932796110526,-0.12864407293437852,0.9033379554748535,0.05330144613981247,0.01205946784466505,0.9566394090652466,0.9785068035125732,0.9866725206375122,4,1,2,"[0.9033, 0.0533, 0.0121, 0.0057, 0.0042, 0.0032, 0.0017, 0.0014, 0.0011, 0.0009]","[0.044, 0.172, 0.18, 0.515, 0.424, 0.157, 0.514, 0.355, 0.271, 0.133]",1996,0.021300695836544037,-0.11158432904066057,
18,T0,1927,0.7683677533461656,0.47753649481265326,-0.40441832729516636,0.09666588298907909,0.29310460879519495,0.031973488009591294,0.028773247485807243,0.6668547987937927,0.05628451704978943,0.04302651062607765,0.7231392860412598,0.8176699280738831,0.8752182126045227,3,15,51,"[0.6669, 0.0563, 0.043, 0.0334, 0.0181, 0.0147, 0.0133, 0.0115, 0.0102, 0.0078]","[0.768, 0.478, 0.404, 0.234, 0.263, 0.095, 0.06, 0.155, 0.074, 0.149]",1996,0.0854107216000557,-0.2881264064546828,
18,T1,1927,0.3069576105209284,-0.4477903517824626,-0.324340719232208,0.07398163767649509,0.310905845354436,-0.06352987507911372,0.16261325112106567,0.6137096285820007,0.11187144368886948,0.06142258644104004,0.7255810499191284,0.8538550734519958,0.9124705791473389,4,9,18,"[0.6137, 0.1119, 0.0614, 0.0382, 0.0286, 0.016, 0.0144, 0.011, 0.0093, 0.0079]","[0.307, 0.448, 0.324, 0.311, 0.174, 0.048, 0.235, 0.052, 0.034, 0.063]",1996,0.08947084844112396,-0.34244492469473303,
18,T2,1927,0.4404047045519644,-0.4366398536252438,-0.32715685622549895,-0.0248957693285104,0.5363051952433362,-0.00871534476767206,0.02822806682790198,0.23775814473628998,0.15240739285945892,0.1074858084321022,0.3901655375957489,0.6311508417129517,0.7903473377227783,4,24,58,"[0.2378, 0.1524, 0.1075, 0.0765, 0.057, 0.0483, 0.0315, 0.0293, 0.0255, 0.0245]","[0.44, 0.437, 0.327, 0.601, 0.029, 0.067, 0.065, 0.155, 0.021, 0.069]",1996,0.10780847072601318,-0.28684242439261454,
18,T3,1927,-0.23171007429558663,0.7220688455687454,-0.24292780320639845,-0.014836180602086751,-0.24890763281984785,0.026006912370330204,-0.20526756542302083,0.5579676628112793,0.1628037840127945,0.06834522634744644,0.7207714319229126,0.8577607274055481,0.9292199015617371,1,8,14,"[0.558, 0.1628, 0.0683, 0.0415, 0.0271, 0.0214, 0.0185, 0.0142, 0.0094, 0.0079]","[0.232, 0.722, 0.243, 0.131, 0.137, 0.269, 0.214, 0.155, 0.051, 0.127]",1996,0.12187382578849792,0.25983673150509856,
18,T4,1927,0.3336538749497601,-0.19673600165170774,-0.010679540833241094,0.009227571639257873,0.06100351025879374,-0.1219884979062479,0.17128925764958108,0.3087274432182312,0.18598397076129913,0.08023042976856232,0.49471139907836914,0.6929792761802673,0.8347914814949036,2,17,34,"[0.3087, 0.186, 0.0802, 0.0617, 0.0563, 0.0393, 0.0361, 0.0294, 0.0189, 0.0182]","[0.334, 0.197, 0.011, 0.077, 0.54, 0.138, 0.018, 0.154, 0.028, 0.049]",1996,0.06825115531682968,-0.3692634139974562,
18,T5,1927,0.7284266475373106,-0.06890222113103606,0.05900079014759628,-0.010212705632842321,0.0016494008159232613,0.11283572259777869,0.35047085718126475,0.5877346396446228,0.21228741109371185,0.04364845156669617,0.8000220656394958,0.8818925023078918,0.9369946718215942,1,7,13,"[0.5877, 0.2123, 0.0436, 0.0206, 0.0176, 0.0155, 0.0143, 0.01, 0.0088, 0.0065]","[0.728, 0.069, 0.059, 0.242, 0.198, 0.059, 0.147, 0.066, 0.017, 0.239]",1996,0.18102681636810303,-0.4922788835002547,
18,T6,1927,-0.5530096451206289,0.1928204964794124,0.10098268568074911,-0.12963451058926242,-0.2636010628698501,-0.42034877888202216,-0.13134840755407562,0.25359389185905457,0.17629773914813995,0.14122474193572998,0.4298916459083557,0.6602340340614319,0.7874996662139893,2,22,39,"[0.2536, 0.1763, 0.1412, 0.0494, 0.0398, 0.0351, 0.0299, 0.0244, 0.0196, 0.0183]","[0.553, 0.193, 0.101, 0.189, 0.3, 0.092, 0.195, 0.035, 0.155, 0.166]",1996,0.04513036832213402,0.41306690636464477,
18,T7,1927,0.5840848005321349,-0.3096053964832301,-0.18434250648799383,0.10136265184498455,0.22591797021355683,-0.11385822441593885,0.3028836586871295,0.5942256450653076,0.0949014350771904,0.07811703532934189,0.6891270875930786,0.8328130841255188,0.9047420620918274,3,10,20,"[0.5942, 0.0949, 0.0781, 0.0404, 0.0252, 0.02, 0.0175, 0.0153, 0.01, 0.0091]","[0.584, 0.31, 0.184, 0.291, 0.312, 0.066, 0.011, 0.204, 0.023, 0.236]",1996,0.15456455945968628,-0.389432487147915,
18,T8,1927,0.5453750820762613,-0.28834531618899545,0.47613515822203484,-0.09508999719153235,-0.1647353706993538,0.016407962191420055,0.14639925610003487,0.38826170563697815,0.24355517327785492,0.08792207390069962,0.6318168640136719,0.7864977121353149,0.8648643493652344,4,17,65,"[0.3883, 0.2436, 0.0879, 0.0359, 0.0309, 0.0219, 0.0188, 0.016, 0.0114, 0.0102]","[0.545, 0.288, 0.476, 0.103, 0.489, 0.025, 0.425, 0.004, 0.094, 0.068]",1996,0.10025304555892944,-0.2750288368971692,
18,R0,1927,0.5221214518299604,0.4934856133437089,-0.4002296987523826,-0.0035124161250897467,0.3463010596466529,0.09340066948191597,0.21185750707358203,0.7948012351989746,0.03645234927535057,0.03160847723484039,0.8312535881996155,0.8925930261611938,0.9277638792991638,4,6,19,"[0.7948, 0.0365, 0.0316, 0.0166, 0.0131, 0.0113, 0.0087, 0.006, 0.0049, 0.0042]","[0.522, 0.493, 0.4, 0.075, 0.533, 0.026, 0.07, 0.148, 0.22, 0.067]",1996,0.002156600821763277,-0.2275698809196429,
18,R1,1927,-0.2926299191518025,0.7046426799242314,0.35503432571790083,-0.09744015953284497,-0.3896710166364095,-0.01542193024224924,-0.09394827242366884,0.48701271414756775,0.10543318092823029,0.0886877253651619,0.5924459099769592,0.7635438442230225,0.8402550220489502,3,29,119,"[0.487, 0.1054, 0.0887, 0.0504, 0.032, 0.0253, 0.0184, 0.0137, 0.0099, 0.0093]","[0.293, 0.705, 0.355, 0.143, 0.148, 0.512, 0.134, 0.087, 0.204, 0.005]",1996,0.05844731256365776,0.1153710836200762,
18,R2,1927,0.07786612060501483,0.12207233913919818,-0.7791028464297831,0.07295149182513462,0.14002678849370648,0.03457646216683379,0.039244808674953745,0.7919407486915588,0.055044375360012054,0.028526052832603455,0.8469851016998291,0.9066646695137024,0.9407498836517334,2,5,14,"[0.7919, 0.055, 0.0285, 0.016, 0.0152, 0.0098, 0.008, 0.0071, 0.0056, 0.0037]","[0.078, 0.122, 0.779, 0.237, 0.182, 0.43, 0.051, 0.018, 0.045, 0.02]",1996,0.020238708704710007,-0.1282457856100455,
18,R3,1927,0.07180810333426435,0.10460299825532973,-0.2923250642927463,0.08758282975413484,0.14006441148422158,0.02262841187266912,0.07897642443399626,0.9335805773735046,0.057154495269060135,0.0018487449269741774,0.9907350540161133,0.9948439002037048,0.9970588088035583,2,1,2,"[0.9336, 0.0572, 0.0018, 0.0012, 0.0011, 0.0007, 0.0005, 0.0003, 0.0003, 0.0003]","[0.072, 0.105, 0.292, 0.548, 0.118, 0.015, 0.183, 0.044, 0.337, 0.161]",1996,0.013400294817984104,0.11954177495981269,
18,R4,1927,-0.1164904823640749,-0.05912572382427722,-0.25149809776484705,-0.08408094082502099,-0.09199168332866225,0.0012442841893588693,-0.06015872972688624,0.9364210963249207,0.04037570208311081,0.01157681830227375,0.9767968058586121,0.9927704930305481,0.9957370162010193,2,1,2,"[0.9364, 0.0404, 0.0116, 0.0028, 0.0016, 0.0009, 0.0007, 0.0005, 0.0005, 0.0003]","[0.116, 0.059, 0.251, 0.43, 0.203, 0.183, 0.184, 0.223, 0.523, 0.015]",1996,0.006574524566531181,-0.08832453985866656,
18,R5,1927,0.08778712188723323,-0.012106334712680715,-0.09694944068859425,0.0759422312508301,0.09117060097357572,-0.023012427532076423,0.051876312181665794,0.814724862575531,0.12281464785337448,0.020428961142897606,0.9375395178794861,0.9750962853431702,0.9863460063934326,2,2,3,"[0.8147, 0.1228, 0.0204, 0.011, 0.0061, 0.0036, 0.0025, 0.0023, 0.0015, 0.0013]","[0.088, 0.012, 0.097, 0.426, 0.603, 0.073, 0.108, 0.258, 0.095, 0.113]",1996,0.004227418918162584,0.09850966918626572,
18,R6,1927,0.07374746370870863,0.0060226558357407865,-0.2094800211042578,0.07903306901530352,0.09399099827654954,-0.01621576137826031,0.09169897361052852,0.7718343138694763,0.10812284052371979,0.032186973839998245,0.8799571394920349,0.9404180645942688,0.9647122025489807,3,3,7,"[0.7718, 0.1081, 0.0322, 0.0165, 0.0117, 0.0077, 0.0068, 0.0042, 0.0031, 0.0025]","[0.074, 0.006, 0.209, 0.575, 0.69, 0.055, 0.255, 0.395, 0.074, 0.079]",1996,0.04551418498158455,0.10403954863618847,
18,R7,1927,-0.022114050787684185,-0.21443575028009043,0.18629768939605346,-0.10238682043695982,-0.1445010718210404,0.026097501948414377,-0.12080484248583576,0.8920996785163879,0.050065718591213226,0.016937049105763435,0.9421653747558594,0.9723864793777466,0.9840878248214722,4,2,3,"[0.8921, 0.0501, 0.0169, 0.0077, 0.0055, 0.0036, 0.0031, 0.0019, 0.0016, 0.0014]","[0.022, 0.214, 0.186, 0.63, 0.345, 0.321, 0.08, 0.474, 0.063, 0.142]",1996,0.022084606811404228,-0.11232324794099842,
19,T0,1927,0.7702965852960287,0.3903032086829196,-0.5419799454531913,0.09884985586784187,0.27985045106907164,0.010482058517688058,0.034928424312855616,0.5826703310012817,0.07874546200037003,0.052987467497587204,0.6614158153533936,0.7788809537887573,0.8539297580718994,3,19,64,"[0.5827, 0.0787, 0.053, 0.0402, 0.0242, 0.022, 0.0189, 0.0139, 0.0117, 0.0085]","[0.77, 0.39, 0.542, 0.223, 0.228, 0.12, 0.086, 0.083, 0.143, 0.197]",1996,0.08836385607719421,-0.29447719548679785,
19,T1,1927,0.40187653730942396,0.46716520534155287,-0.3239701211038788,0.06768302451138357,0.26724292182668397,-0.05645800577137558,0.18752297530059114,0.47823628783226013,0.17789877951145172,0.07136795669794083,0.656135082244873,0.8103522658348083,0.887977659702301,3,12,26,"[0.4782, 0.1779, 0.0714, 0.0436, 0.0392, 0.0248, 0.0185, 0.0141, 0.0108, 0.0094]","[0.402, 0.467, 0.324, 0.065, 0.219, 0.25, 0.175, 0.033, 0.115, 0.212]",1996,0.11708493530750275,-0.4117567149791314,
19,T2,1927,-0.6062133910701326,0.2700589799679216,-0.19723550886499783,-0.07346092296740411,-0.1638564660697096,-0.058118271626524276,-0.030633889995380654,0.211194708943367,0.15974196791648865,0.09531308710575104,0.37093669176101685,0.6120216250419617,0.7834128737449646,2,23,44,"[0.2112, 0.1597, 0.0953, 0.0843, 0.0614, 0.0423, 0.0397, 0.0334, 0.0296, 0.0263]","[0.606, 0.27, 0.197, 0.591, 0.109, 0.007, 0.17, 0.036, 0.146, 0.042]",1996,0.09468427300453186,0.4807808533976126,
19,T3,1927,-0.3888733831345251,-0.6947564666555822,0.17769371000019762,-0.03301069545513669,-0.20653323511755464,-0.06475396691414068,-0.2917069378642119,0.4565972685813904,0.1536574810743332,0.09958794713020325,0.6102547645568848,0.7922058701515198,0.8914107084274292,2,11,21,"[0.4566, 0.1537, 0.0996, 0.0471, 0.0352, 0.0307, 0.0224, 0.0197, 0.0146, 0.0118]","[0.389, 0.695, 0.178, 0.213, 0.187, 0.228, 0.081, 0.05, 0.061, 0.145]",1996,0.128036230802536,0.38677911696541517,
19,T4,1927,0.27889477957668835,0.30685928623780007,-0.0648011426295735,0.0006587218464739503,-0.06911550181927563,-0.1254003122608591,0.13413968451747763,0.2867262363433838,0.17478638887405396,0.07747278362512589,0.46151262521743774,0.6763522028923035,0.8187148571014404,2,20,41,"[0.2867, 0.1748, 0.0775, 0.0754, 0.062, 0.04, 0.0364, 0.032, 0.0187, 0.0153]","[0.279, 0.307, 0.065, 0.145, 0.493, 0.083, 0.052, 0.099, 0.114, 0.015]",1996,0.06406822055578232,-0.3406437115306953,
19,T5,1927,0.7165410410173216,0.04129470815673971,-0.057105136952873996,0.006611259276503525,0.0144765735816203,0.09702473000729622,0.33071868050407005,0.46887654066085815,0.27158838510513306,0.041685208678245544,0.7404649257659912,0.8417102098464966,0.9150988459587097,1,9,19,"[0.4689, 0.2716, 0.0417, 0.0321, 0.0275, 0.0231, 0.0189, 0.0122, 0.01, 0.0092]","[0.717, 0.041, 0.057, 0.173, 0.274, 0.044, 0.072, 0.23, 0.105, 0.017]",1996,0.18011224269866943,-0.5209864349216632,
19,T6,1927,-0.5331501644294109,-0.16610405177646445,0.1741277258464039,-0.13528724877963227,-0.2511797754575426,-0.06489820205368531,-0.3532521936915249,0.2410602569580078,0.18508069217205048,0.16448378562927246,0.4261409640312195,0.6728107929229736,0.7937949299812317,2,22,42,"[0.2411, 0.1851, 0.1645, 0.0434, 0.0388, 0.0363, 0.0291, 0.0214, 0.0175, 0.0168]","[0.533, 0.166, 0.174, 0.333, 0.002, 0.249, 0.008, 0.088, 0.114, 0.249]",1996,0.04946056753396988,0.40428097124485396,
19,T7,1927,0.6655090874263175,-0.10457349501466241,-0.24519161198792483,0.042622928969330696,0.0854600124822454,-0.03564005478107932,0.23141457564735016,0.5743541121482849,0.10168058425188065,0.07091420143842697,0.676034688949585,0.8220828771591187,0.8924636244773865,2,11,23,"[0.5744, 0.1017, 0.0709, 0.044, 0.0311, 0.0191, 0.017, 0.0135, 0.0115, 0.0092]","[0.666, 0.105, 0.245, 0.027, 0.484, 0.068, 0.129, 0.063, 0.205, 0.055]",1996,0.1963840126991272,-0.5443124891176303,
19,T8,1927,0.5697808734357424,-0.27723271196404764,0.44584905030513083,-0.08185550063803876,-0.12563493001394233,0.0084222852314576,0.14091758424529915,0.3621044158935547,0.22238126397132874,0.09259103983640671,0.584485650062561,0.7557018995285034,0.8464732766151428,4,20,74,"[0.3621, 0.2224, 0.0926, 0.0403, 0.0383, 0.0242, 0.0225, 0.0179, 0.0145, 0.0117]","[0.57, 0.277, 0.446, 0.521, 0.119, 0.027, 0.328, 0.18, 0.037, 0.042]",1996,0.10241477191448212,-0.29251559174727054,
19,R0,1927,0.5458410118297272,-0.5009092376405688,-0.12120184744887247,-0.0031181981427397115,0.32152742514449756,0.11670539519295822,0.21700822162677366,0.7197323441505432,0.06448870152235031,0.03969917818903923,0.7842210531234741,0.8649579286575317,0.9107224941253662,4,9,25,"[0.7197, 0.0645, 0.0397, 0.023, 0.0181, 0.013, 0.0098, 0.0086, 0.0078, 0.0065]","[0.546, 0.501, 0.121, 0.467, 0.386, 0.04, 0.123, 0.067, 0.071, 0.02]",1996,0.017914319410920143,-0.23973529912770486,
19,R1,1927,-0.28519296319542026,0.7046607530527219,0.22205547721004187,-0.09022314180963516,-0.38971013395901605,0.0005566044939638632,-0.10643537341423696,0.45520198345184326,0.11032383888959885,0.08371332287788391,0.5655258297920227,0.7352810502052307,0.8211305737495422,3,36,139,"[0.4552, 0.1103, 0.0837, 0.0491, 0.0369, 0.0281, 0.0187, 0.016, 0.0121, 0.011]","[0.285, 0.705, 0.222, 0.102, 0.321, 0.419, 0.203, 0.027, 0.192, 0.06]",1996,0.05844877287745476,0.14689726529322358,
19,R2,1927,0.06988645077032658,0.16432414674431547,-0.7088192258274353,0.07362847798319765,0.13777454487588112,0.04517419700977603,0.03858769624001421,0.7528133392333984,0.05780404433608055,0.03626937419176102,0.8106173872947693,0.8920004963874817,0.9328498244285583,3,6,17,"[0.7528, 0.0578, 0.0363, 0.0263, 0.0188, 0.0113, 0.0101, 0.0077, 0.0066, 0.0051]","[0.07, 0.164, 0.709, 0.701, 0.118, 0.342, 0.094, 0.135, 0.018, 0.032]",1996,0.02160409837961197,-0.12011769263861166,
19,R3,1927,0.05100939136823585,0.23996830441182435,0.3119839264596128,0.1113997407437473,0.21534964913120339,0.018331291977011922,0.04223490698798226,0.9293704032897949,0.05931020900607109,0.002371119102463126,0.9886806011199951,0.9941369891166687,0.996717631816864,3,1,2,"[0.9294, 0.0593, 0.0024, 0.0018, 0.0013, 0.0009, 0.0006, 0.0004, 0.0003, 0.0003]","[0.051, 0.24, 0.312, 0.516, 0.111, 0.12, 0.111, 0.117, 0.326, 0.031]",1996,0.01596652902662754,0.09421532553762597,
19,R4,1927,0.06994176527556628,-0.06259906940031652,-0.3309293004039728,0.0650794739172739,0.07433729923281865,0.00025175636615379045,0.05853556668553175,0.9312447309494019,0.042839664965867996,0.011775094084441662,0.9740843772888184,0.9921016097068787,0.9954021573066711,3,1,2,"[0.9312, 0.0428, 0.0118, 0.0039, 0.0024, 0.0009, 0.0008, 0.0006, 0.0005, 0.0005]","[0.07, 0.063, 0.331, 0.369, 0.234, 0.058, 0.212, 0.232, 0.255, 0.41]",1996,0.00845532026141882,0.11729523876244781,
19,R5,1927,0.10075829904171951,-0.014174636420515706,-0.11793922170094662,0.08343676124018101,0.0976922801944439,-0.012531785072674856,0.0490969589903008,0.8112466931343079,0.12289639562368393,0.022028189152479172,0.93414306640625,0.9739223122596741,0.984809935092926,3,2,3,"[0.8112, 0.1229, 0.022, 0.0106, 0.0072, 0.0028, 0.0027, 0.0024, 0.0016, 0.0014]","[0.101, 0.014, 0.118, 0.513, 0.533, 0.317, 0.208, 0.101, 0.08, 0.044]",1996,0.005843340419232845,0.08968198451698187,
19,R6,1927,0.053023576475323436,0.05710894203833925,-0.41701039081515107,0.08602844458883564,0.09229300416074208,-0.001676706296595776,0.08339336832767347,0.7815226912498474,0.1204877570271492,0.018233351409435272,0.902010440826416,0.946614146232605,0.9667613506317139,3,2,6,"[0.7815, 0.1205, 0.0182, 0.0146, 0.0118, 0.0068, 0.0046, 0.0033, 0.003, 0.0024]","[0.053, 0.057, 0.417, 0.28, 0.751, 0.16, 0.384, 0.215, 0.169, 0.036]",1996,0.04133235290646553,0.11768814868983887,
19,R7,1927,0.01815103158427911,-0.15299827167545516,-0.020857499296678718,-0.08261466004037299,-0.06944025538785807,0.08972282317464808,-0.1071540486976725,0.8904770612716675,0.050150275230407715,0.018591122701764107,0.9406273365020752,0.9721261262893677,0.9842811822891235,3,2,3,"[0.8905, 0.0502, 0.0186, 0.008, 0.0049, 0.0042, 0.003, 0.0018, 0.0016, 0.0015]","[0.018, 0.153, 0.021, 0.638, 0.231, 0.43, 0.049, 0.478, 0.103, 0.021]",1996,0.02254948951303959,-0.13316077923079334,
20,T0,1927,0.6330770147083098,0.9132044244749916,-0.23000744263869627,0.10285311387844477,0.26833770565994614,0.007856307471824522,0.008003047660228638,0.4554131031036377,0.13594916462898254,0.07256786525249481,0.5913622379302979,0.7616994380950928,0.8501161336898804,2,19,55,"[0.4554, 0.1359, 0.0726, 0.0631, 0.0347, 0.0287, 0.0235, 0.0159, 0.0116, 0.0087]","[0.633, 0.913, 0.23, 0.172, 0.046, 0.042, 0.182, 0.002, 0.031, 0.014]",1996,0.0937027633190155,-0.41075808127088975,
20,T1,1927,0.44473168570017185,0.4107447067775475,-0.3899113421285188,0.0466820681313434,0.1835780654983498,-0.055781289792553056,0.13104654128934642,0.4819794297218323,0.18516670167446136,0.06519624590873718,0.6671461462974548,0.8165526986122131,0.8920267224311829,3,12,25,"[0.482, 0.1852, 0.0652, 0.0435, 0.0407, 0.0257, 0.0175, 0.012, 0.0114, 0.0088]","[0.445, 0.411, 0.39, 0.043, 0.122, 0.286, 0.164, 0.119, 0.056, 0.243]",1996,0.1305238902568817,-0.48692023442322635,
20,T2,1927,-0.08385026683965226,-0.6943864489220037,0.4009899708105709,0.0015999117665818497,-0.022313845343095697,-0.2706846505012629,-0.08530904293154402,0.25503912568092346,0.17476874589920044,0.1346493661403656,0.4298078715801239,0.6888096332550049,0.8368040323257446,3,17,34,"[0.255, 0.1748, 0.1346, 0.0645, 0.0599, 0.0432, 0.0332, 0.0296, 0.0239, 0.0182]","[0.084, 0.694, 0.401, 0.119, 0.353, 0.193, 0.126, 0.113, 0.046, 0.107]",1996,0.09033368527889252,-0.2583978300519288,
20,T3,1927,-0.24312253649108798,0.8181991781695104,-0.019524792339720702,-0.05976749961876567,-0.2922328969969973,-0.09932599766762197,-0.28816316746600346,0.5840973854064941,0.13728390634059906,0.08326473832130432,0.7213813066482544,0.8659764528274536,0.9309220910072327,2,7,14,"[0.5841, 0.1373, 0.0833, 0.0394, 0.0219, 0.0203, 0.0154, 0.0108, 0.0106, 0.0078]","[0.243, 0.818, 0.02, 0.366, 0.084, 0.132, 0.136, 0.033, 0.077, 0.105]",1996,0.11270387470722198,0.33137593350522887,
20,T4,1927,-0.06672401939420106,0.3826190119987773,-0.13133147350850619,0.04108773498406025,0.36210120736261175,-0.019349091716742626,-0.06122110136726661,0.25700247287750244,0.19761720299720764,0.10063765197992325,0.4546196758747101,0.6822425723075867,0.8129017353057861,2,22,46,"[0.257, 0.1976, 0.1006, 0.0643, 0.0627, 0.042, 0.0332, 0.0271, 0.0152, 0.0131]","[0.067, 0.383, 0.131, 0.518, 0.024, 0.008, 0.119, 0.08, 0.199, 0.109]",1996,0.05581711605191231,0.17570655012464065,
20,T5,1927,0.7193181477628304,0.13231675262436776,0.0372534780126829,-0.004973777260951166,-0.02236063291561642,0.1373475777208521,0.3231179947580146,0.4360946714878082,0.30328330397605896,0.04336598515510559,0.7393779754638672,0.8370928764343262,0.9136042594909668,1,9,19,"[0.4361, 0.3033, 0.0434, 0.0292, 0.0252, 0.0246, 0.0167, 0.0156, 0.0118, 0.0078]","[0.719, 0.132, 0.037, 0.293, 0.155, 0.024, 0.195, 0.129, 0.038, 0.013]",1996,0.1676161289215088,-0.5058543941736745,
20,T6,1927,0.5366724072139851,0.1346773054575607,-0.2511504895626716,0.11278067397126268,0.23367111247840927,0.04028642749584124,0.3059720236617178,0.2607453167438507,0.20300304889678955,0.14263644814491272,0.46374836564064026,0.6950797438621521,0.8061301112174988,2,22,42,"[0.2607, 0.203, 0.1426, 0.05, 0.0387, 0.0318, 0.0256, 0.0218, 0.0176, 0.0143]","[0.537, 0.135, 0.251, 0.286, 0.256, 0.055, 0.181, 0.183, 0.152, 0.396]",1996,0.06042654812335968,-0.44647518675937004,
20,T7,1927,0.6231476438985765,-0.21471954957912504,-0.16243155823082317,-0.0009775132205045798,0.027877286523244046,-0.12891957832982023,0.1889724686297262,0.6254697442054749,0.10846758633852005,0.04990331456065178,0.7339373230934143,0.8446981310844421,0.9118093252182007,2,9,19,"[0.6255, 0.1085, 0.0499, 0.0338, 0.027, 0.022, 0.0154, 0.0113, 0.0107, 0.0078]","[0.623, 0.215, 0.162, 0.207, 0.338, 0.147, 0.116, 0.2, 0.264, 0.074]",1996,0.2146759331226349,-0.5221560904818939,
20,T8,1927,0.14156867825816277,-0.5109703193247921,0.42811089007797287,-0.07625037811844473,-0.1995636865545716,-0.07942543662418673,0.13765709595622802,0.28841105103492737,0.17179252207279205,0.11266922950744629,0.4602035880088806,0.6983609795570374,0.8167029023170471,3,25,90,"[0.2884, 0.1718, 0.1127, 0.0784, 0.0471, 0.0302, 0.0278, 0.0234, 0.0206, 0.0162]","[0.142, 0.511, 0.428, 0.58, 0.158, 0.16, 0.021, 0.123, 0.06, 0.079]",1996,0.0749865174293518,-0.32092957514459214,
20,R0,1927,0.5487698200785799,0.44172339263501653,-0.6252990727452756,-0.030222342238764077,0.2369296306107952,0.13933323086903548,0.1991088006879579,0.6302772760391235,0.08575800806283951,0.054352786391973495,0.7160353064537048,0.839271605014801,0.903010904788971,4,10,25,"[0.6303, 0.0858, 0.0544, 0.0419, 0.027, 0.0172, 0.0137, 0.0134, 0.0107, 0.0087]","[0.549, 0.442, 0.625, 0.336, 0.215, 0.167, 0.004, 0.069, 0.022, 0.033]",1996,0.03311307355761528,-0.25306709420803003,
20,R1,1927,-0.19842433283710476,0.7787564842170536,0.022088810941937095,-0.008096874517572206,-0.32530746321640147,-0.16921170224976764,0.11223351556849337,0.38956695795059204,0.13703587651252747,0.0723915547132492,0.5266028642654419,0.708349347114563,0.810234546661377,3,33,126,"[0.3896, 0.137, 0.0724, 0.0614, 0.048, 0.0284, 0.0248, 0.0198, 0.0151, 0.0137]","[0.198, 0.779, 0.022, 0.413, 0.042, 0.335, 0.006, 0.057, 0.101, 0.076]",1996,0.09614090621471405,-0.09701649081866914,
20,R2,1927,0.0937808342798806,0.4011774784989375,-0.8318541579060081,0.06806179194304987,0.1360827991733358,0.03831076035703105,0.05268663046141601,0.7280353307723999,0.05429208278656006,0.04446331411600113,0.78232741355896,0.8697696328163147,0.92158043384552,2,8,21,"[0.728, 0.0543, 0.0445, 0.0246, 0.0184, 0.0139, 0.0119, 0.0098, 0.0092, 0.0071]","[0.094, 0.401, 0.832, 0.049, 0.279, 0.144, 0.084, 0.03, 0.079, 0.001]",1996,0.032382939010858536,-0.1314885178798099,
20,R3,1927,0.06249511567282066,0.25238183786920354,-0.5442470444612693,0.13541117667249242,0.3153188785659767,0.013606795261620237,0.09930836495529217,0.925798773765564,0.061097923666238785,0.0027466777246445417,0.9868966937065125,0.9932287931442261,0.9961573481559753,3,1,2,"[0.9258, 0.0611, 0.0027, 0.0023, 0.0013, 0.001, 0.0006, 0.0005, 0.0005, 0.0004]","[0.062, 0.252, 0.544, 0.008, 0.283, 0.183, 0.022, 0.44, 0.112, 0.456]",1996,0.016602611169219017,0.07255310162414938,
20,R4,1927,0.09167640585092249,0.056312562010783045,-0.22374001695350026,0.0670686998880173,0.10910564381772088,-0.013501991061732466,0.0746603860839847,0.9313165545463562,0.04277333617210388,0.009636595845222473,0.9740898609161377,0.9904084801673889,0.9943979382514954,2,1,2,"[0.9313, 0.0428, 0.0096, 0.004, 0.0027, 0.0011, 0.0009, 0.0008, 0.0007, 0.0006]","[0.092, 0.056, 0.224, 0.529, 0.166, 0.147, 0.077, 0.635, 0.016, 0.072]",1996,0.012448214925825596,0.08537356587496722,
20,R5,1927,-0.1125383446123594,0.01613292047275207,-0.5804306842198617,-0.08302623257787793,-0.1281575870522717,-0.019383739488047714,-0.05380039354600615,0.8459091782569885,0.0837373360991478,0.01674317941069603,0.9296464920043945,0.964809000492096,0.9817715883255005,3,2,4,"[0.8459, 0.0837, 0.0167, 0.0099, 0.0085, 0.0061, 0.0035, 0.003, 0.0023, 0.0021]","[0.113, 0.016, 0.58, 0.687, 0.065, 0.318, 0.066, 0.137, 0.055, 0.119]",1996,0.01903660222887993,-0.031109716910582872,
20,R6,1927,-0.12282905978137186,-0.2846283640757956,-0.5518487117534511,-0.0955541464044763,-0.10471827551843994,-0.006655227395152287,-0.08860149535510745,0.7391038537025452,0.15224456787109375,0.020448418334126472,0.8913484215736389,0.9397996068000793,0.964697003364563,2,3,7,"[0.7391, 0.1522, 0.0204, 0.0152, 0.0128, 0.0085, 0.0058, 0.0048, 0.0032, 0.0026]","[0.123, 0.285, 0.552, 0.194, 0.823, 0.296, 0.05, 0.15, 0.057, 0.126]",1996,0.034456126391887665,-0.11846656219506145,
20,R7,1927,-0.0785419533542534,-0.2538688771912377,-0.24800844446591364,-0.08453110028049901,-0.059618370097689506,0.10498365148119455,-0.11364056350185792,0.8400914072990417,0.06741372495889664,0.03290349990129471,0.9075051546096802,0.9676129221916199,0.982852578163147,4,2,4,"[0.8401, 0.0674, 0.0329, 0.0174, 0.0098, 0.0053, 0.0035, 0.0027, 0.0022, 0.0015]","[0.079, 0.254, 0.248, 0.315, 0.646, 0.531, 0.046, 0.317, 0.098, 0.006]",1996,0.02688511647284031,-0.08499386577971706,
21,T0,1927,0.6403993672548827,0.8095761975415077,-0.6053563091192626,0.09783479337600286,0.24380804709658283,0.010596580506325953,0.0023776306756064804,0.41139423847198486,0.1440708041191101,0.11529692262411118,0.555465042591095,0.7727198004722595,0.8539636731147766,3,18,49,"[0.4114, 0.1441, 0.1153, 0.0663, 0.0356, 0.0245, 0.0206, 0.0155, 0.0112, 0.0095]","[0.64, 0.81, 0.605, 0.1, 0.089, 0.102, 0.127, 0.093, 0.086, 0.031]",1996,0.10157153755426407,-0.4215566479750645,
21,T1,1927,0.4403738708920353,0.38108990279640237,-0.44168190578418304,0.042689724292508266,0.15589897678206122,-0.08059688517655203,0.12096157190149996,0.44726571440696716,0.19972939789295197,0.07429451495409012,0.6469951272010803,0.8070836067199707,0.8874990940093994,3,12,27,"[0.4473, 0.1997, 0.0743, 0.0483, 0.0375, 0.028, 0.0194, 0.0133, 0.0109, 0.0089]","[0.44, 0.381, 0.442, 0.053, 0.029, 0.288, 0.187, 0.058, 0.182, 0.198]",1996,0.1303396224975586,-0.49866256789709457,
21,T2,1927,-0.15221971824072372,-0.6307339177953205,0.48991322787524727,0.003858118755624281,0.03466945501288034,-0.3088437617083902,-0.07263454470003045,0.2944202125072479,0.16893289983272552,0.12891142070293427,0.46335309743881226,0.7023249268531799,0.8464155793190002,2,16,31,"[0.2944, 0.1689, 0.1289, 0.0593, 0.0507, 0.0446, 0.0332, 0.0281, 0.0211, 0.0171]","[0.152, 0.631, 0.49, 0.242, 0.196, 0.173, 0.021, 0.165, 0.095, 0.058]",1996,0.08629455417394638,-0.22984320820206272,
21,T3,1927,-0.2349421253630438,-0.781598314393115,0.11481090009089806,-0.06126249509155157,-0.231378730487298,-0.13558694136553218,-0.3135920103410295,0.7272806763648987,0.0863383412361145,0.05837719142436981,0.8136190176010132,0.9118819236755371,0.95334392786026,2,5,10,"[0.7273, 0.0863, 0.0584, 0.0252, 0.0147, 0.0127, 0.0099, 0.0074, 0.0065, 0.0049]","[0.235, 0.782, 0.115, 0.448, 0.128, 0.041, 0.136, 0.049, 0.023, 0.071]",1996,0.10347511619329453,0.3462199502245357,
21,T4,1927,-0.04635764915964669,0.3381330851241549,-0.06425442269466847,0.055335354112083464,0.3931505829165069,-0.10949177055001137,-0.03206304935920384,0.28273364901542664,0.18841992318630219,0.10470262169837952,0.4711535573005676,0.6898736953735352,0.8129664659500122,3,23,47,"[0.2827, 0.1884, 0.1047, 0.0634, 0.0506, 0.0433, 0.026, 0.0228, 0.017, 0.014]","[0.046, 0.338, 0.064, 0.562, 0.042, 0.03, 0.129, 0.06, 0.057, 0.314]",1996,0.051844704896211624,0.17419810884395806,
21,T5,1927,0.6648114029687272,0.2169438762492754,-0.07618209650650452,-0.019843033675770345,-0.05176374390678699,0.1505133192054144,0.3254187176440511,0.42482873797416687,0.3213834762573242,0.041317299008369446,0.7462122440338135,0.8443652987480164,0.9194737672805786,1,8,18,"[0.4248, 0.3214, 0.0413, 0.0303, 0.0265, 0.0241, 0.0188, 0.0142, 0.0113, 0.0068]","[0.665, 0.217, 0.076, 0.068, 0.224, 0.221, 0.258, 0.127, 0.033, 0.003]",1996,0.16474783420562744,-0.47514879578354907,
21,T6,1927,0.4785397787680202,0.14987045923777367,-0.3491743956233737,0.09498452726971815,0.2124373888668471,0.048991180283694154,0.20615731457985637,0.2606978416442871,0.19659605622291565,0.13046576082706451,0.45729389786720276,0.683683454990387,0.8027406930923462,4,22,43,"[0.2607, 0.1966, 0.1305, 0.0508, 0.0451, 0.0313, 0.0285, 0.0235, 0.0186, 0.0172]","[0.479, 0.15, 0.349, 0.265, 0.341, 0.039, 0.288, 0.274, 0.334, 0.063]",1996,0.06267960369586945,-0.4328064333100426,
21,T7,1927,0.5860608070813343,-0.26911392289314207,-0.10833419525902248,-0.007833991663187479,-0.0001940405015611004,-0.21143843825096684,0.1899678980117411,0.6479799151420593,0.10239022225141525,0.05417456105351448,0.7503701448440552,0.8581413626670837,0.9186505675315857,3,8,18,"[0.648, 0.1024, 0.0542, 0.0287, 0.0248, 0.017, 0.0138, 0.0122, 0.0103, 0.0071]","[0.586, 0.269, 0.108, 0.112, 0.342, 0.183, 0.035, 0.386, 0.104, 0.001]",1996,0.2249625027179718,-0.4986159671498018,
21,T8,1927,0.08598340908182826,-0.5415766187257263,0.5459897217880509,-0.037302639017263,-0.055060475702003585,-0.13186181802045094,0.1906676487065827,0.40612494945526123,0.15842613577842712,0.09209901094436646,0.5645511150360107,0.7486300468444824,0.8472393155097961,3,19,68,"[0.4061, 0.1584, 0.0921, 0.0563, 0.0357, 0.0245, 0.0235, 0.0196, 0.0179, 0.0131]","[0.086, 0.542, 0.546, 0.557, 0.114, 0.138, 0.022, 0.123, 0.007, 0.036]",1996,0.08794932067394257,-0.2995429626236506,
21,R0,1927,0.49941462118908275,0.40595290085265,-0.6516415572757575,-0.04420563870676288,0.23064200822733297,0.09490046805510388,0.21803601002814194,0.6083692312240601,0.09660376608371735,0.057778213173151016,0.7049729824066162,0.8349757790565491,0.9046121835708618,5,10,24,"[0.6084, 0.0966, 0.0578, 0.0402, 0.032, 0.0201, 0.0164, 0.0142, 0.0104, 0.0084]","[0.499, 0.406, 0.652, 0.301, 0.309, 0.127, 0.118, 0.002, 0.079, 0.021]",1996,0.0459602065384388,-0.24435536993741414,
21,R1,1927,-0.034067478772146505,0.8166571016551574,0.4810164844073457,0.06017200359287768,0.056567477055854305,-0.2376311795427934,0.24006657511614837,0.5350958704948425,0.10731509327888489,0.05197465419769287,0.6424109935760498,0.7757028341293335,0.8551076054573059,3,19,77,"[0.5351, 0.1073, 0.052, 0.0443, 0.037, 0.0211, 0.0202, 0.0164, 0.0119, 0.0098]","[0.034, 0.817, 0.481, 0.351, 0.103, 0.245, 0.055, 0.029, 0.105, 0.077]",1996,0.08264440298080444,-0.12748354175164237,
21,R2,1927,-0.07187557220552132,-0.8424773063110373,0.34549959947808284,0.06638424288899944,0.1811714535529418,-0.10285523260696584,0.15658265480051253,0.7340978980064392,0.05284300819039345,0.04245905950665474,0.7869409322738647,0.8685406446456909,0.9198336005210876,2,8,21,"[0.7341, 0.0528, 0.0425, 0.0222, 0.017, 0.0142, 0.0117, 0.0096, 0.0085, 0.0072]","[0.072, 0.842, 0.345, 0.078, 0.143, 0.097, 0.02, 0.063, 0.073, 0.028]",1996,0.03247586637735367,-0.08842726443165672,
21,R3,1927,0.018617032428545417,0.20643742731761422,-0.4511691062942925,0.0507563043106263,0.2643487188974409,0.06471854289366337,0.0714404770902765,0.9165803790092468,0.0636499896645546,0.005434882361441851,0.9802303910255432,0.9905462861061096,0.9944936037063599,4,1,2,"[0.9166, 0.0636, 0.0054, 0.0027, 0.0022, 0.0011, 0.001, 0.0007, 0.0006, 0.0005]","[0.019, 0.206, 0.451, 0.318, 0.114, 0.256, 0.088, 0.405, 0.423, 0.115]",1996,0.03576580807566643,0.07155386524969937,
21,R4,1927,0.0857559883913272,0.07215407446175891,-0.4022718512842817,0.06854003197527495,0.11407432941957264,-0.010492556347047143,0.058582803624948464,0.9226133227348328,0.047379735857248306,0.0073120007291436195,0.9699930548667908,0.9841391444206238,0.9914205074310303,3,1,2,"[0.9226, 0.0474, 0.0073, 0.0044, 0.0025, 0.0022, 0.0015, 0.0014, 0.0011, 0.001]","[0.086, 0.072, 0.402, 0.436, 0.18, 0.056, 0.05, 0.021, 0.622, 0.084]",1996,0.030947325751185417,0.060459525579475454,
21,R5,1927,-0.1279286997274269,-0.12870306548110091,-0.6612896336100494,-0.0914690095371321,-0.12111355266252051,-0.014376674584007019,-0.054413587498168686,0.843716561794281,0.08530774712562561,0.01899552345275879,0.929024338722229,0.9664382934570312,0.9807363152503967,2,2,4,"[0.8437, 0.0853, 0.019, 0.0104, 0.0081, 0.0042, 0.0031, 0.0028, 0.0023, 0.0019]","[0.128, 0.129, 0.661, 0.608, 0.267, 0.074, 0.096, 0.052, 0.081, 0.18]",1996,0.02108672820031643,-0.04045569630222357,
21,R6,1927,-0.12682564721237868,-0.2221717832224702,0.07334743319670975,-0.07840026808047319,-0.05800994004225766,0.02200927700583413,-0.09374480567134758,0.733028769493103,0.14253263175487518,0.020718669518828392,0.8755614161491394,0.932098388671875,0.9633597135543823,2,4,7,"[0.733, 0.1425, 0.0207, 0.0201, 0.0157, 0.0119, 0.0087, 0.0043, 0.0035, 0.0029]","[0.127, 0.222, 0.073, 0.73, 0.698, 0.169, 0.279, 0.071, 0.025, 0.127]",1996,0.027946656569838524,-0.14200376405018644,
21,R7,1927,-0.04749900847951767,-0.2992367414046128,-0.247100620341281,0.043002982624623314,0.005464731431604857,-0.1479952431966239,0.044953284218827216,0.8093737363815308,0.0839412659406662,0.03423333540558815,0.8933150172233582,0.9592809081077576,0.9805558323860168,2,3,5,"[0.8094, 0.0839, 0.0342, 0.0188, 0.0129, 0.0085, 0.0049, 0.0036, 0.0025, 0.0018]","[0.047, 0.299, 0.247, 0.117, 0.755, 0.031, 0.157, 0.473, 0.01, 0.004]",1996,0.02488342672586441,0.18661500692379723,
22,T0,1927,0.6652794316268493,-0.8833854582973117,-0.21608581653478035,0.09461113842055088,0.2218930783847807,-8.602560368143324e-05,-0.006008205726294513,0.3155084252357483,0.2240452766418457,0.09342025965452194,0.539553701877594,0.725418210029602,0.8310704231262207,2,20,56,"[0.3155, 0.224, 0.0934, 0.0539, 0.0386, 0.0296, 0.0244, 0.0187, 0.0176, 0.0153]","[0.665, 0.883, 0.216, 0.232, 0.101, 0.014, 0.187, 0.19, 0.002, 0.068]",1996,0.10648215562105179,-0.4194407808117896,
22,T1,1927,0.5235067488488143,0.3944037174479785,-0.34190848387778894,0.03206568589280657,0.09652239975301499,-0.06452760771388177,0.10855125663746493,0.37964895367622375,0.20122243463993073,0.07901354879140854,0.5808714032173157,0.7555417418479919,0.8551945090293884,4,17,35,"[0.3796, 0.2012, 0.079, 0.0609, 0.0348, 0.0315, 0.0268, 0.0161, 0.0138, 0.0115]","[0.524, 0.394, 0.342, 0.201, 0.312, 0.064, 0.208, 0.054, 0.248, 0.011]",1996,0.14471343159675598,-0.5853460613562602,
22,T2,1927,0.20698863997194683,-0.8498287315142864,-0.06754355739755645,0.1477528393742574,0.1885623995371672,-0.2347228206037272,0.13376228502883716,0.22526854276657104,0.18045146763324738,0.11952173709869385,0.4057199954986572,0.6629517674446106,0.8167645335197449,1,18,33,"[0.2253, 0.1805, 0.1195, 0.0832, 0.0545, 0.0445, 0.0345, 0.031, 0.024, 0.0198]","[0.207, 0.85, 0.068, 0.123, 0.287, 0.142, 0.076, 0.08, 0.01, 0.049]",1996,0.11239224672317505,-0.38300272419687975,
22,T3,1927,-0.259180868224358,0.7550771390947418,-0.4373038052044788,-0.052218159660066515,-0.15829593789072297,-0.12646864471276498,-0.2931422621873291,0.6645417213439941,0.1040765792131424,0.061582572758197784,0.7686182856559753,0.8827803134918213,0.9333285093307495,2,7,14,"[0.6645, 0.1041, 0.0616, 0.0312, 0.0214, 0.0154, 0.0125, 0.0089, 0.0072, 0.0065]","[0.259, 0.755, 0.437, 0.188, 0.207, 0.056, 0.044, 0.01, 0.076, 0.033]",1996,0.14188188314437866,0.39709352954985216,
22,T4,1927,-0.09234135775281095,0.24371546854141793,-0.19156540547689846,0.009547839748774503,0.20883747151555326,0.09199026978370457,-0.024475731455738954,0.29525771737098694,0.15277782082557678,0.12039429694414139,0.4480355381965637,0.6748174428939819,0.7972640991210938,1,25,53,"[0.2953, 0.1528, 0.1204, 0.06, 0.0464, 0.0416, 0.0255, 0.0217, 0.0178, 0.0158]","[0.092, 0.244, 0.192, 0.539, 0.012, 0.097, 0.091, 0.004, 0.074, 0.081]",1996,0.04372357949614525,0.24154257534848012,
22,T5,1927,0.6489230234062702,-0.25990977890966543,0.12748782070936737,0.08134494297650816,0.121502219862608,-0.08062849090362852,0.2520567454247338,0.37049663066864014,0.333442747592926,0.054121822118759155,0.7039393782615662,0.8248692750930786,0.909141480922699,2,10,21,"[0.3705, 0.3334, 0.0541, 0.0349, 0.0319, 0.0243, 0.0202, 0.017, 0.0126, 0.0102]","[0.649, 0.26, 0.127, 0.033, 0.079, 0.318, 0.246, 0.018, 0.17, 0.004]",1996,0.1751057505607605,-0.4155309214446203,
22,T6,1927,0.4465420696635761,0.16974315743029916,-0.27594113337375253,0.11133011469155618,0.19564115678875213,-0.015197224753909196,0.14053260542235102,0.28776130080223083,0.14826546609401703,0.12331542372703552,0.43602675199508667,0.6792870163917542,0.8025043606758118,4,24,48,"[0.2878, 0.1483, 0.1233, 0.0635, 0.0564, 0.0351, 0.0319, 0.0211, 0.0202, 0.015]","[0.447, 0.17, 0.276, 0.424, 0.221, 0.303, 0.031, 0.092, 0.419, 0.154]",1996,0.07710026204586029,-0.44468271527618597,
22,T7,1927,0.6066192982198566,-0.08623133499040536,-0.09910519302263338,0.017881225173694112,-0.010778690229124388,-0.06462832480963947,0.14695685292677554,0.6009795665740967,0.12057036906480789,0.059464938938617706,0.721549928188324,0.8371597528457642,0.9079086780548096,3,10,20,"[0.601, 0.1206, 0.0595, 0.0315, 0.0246, 0.0203, 0.0167, 0.0145, 0.0104, 0.0089]","[0.607, 0.086, 0.099, 0.428, 0.354, 0.007, 0.067, 0.214, 0.06, 0.107]",1996,0.24887588620185852,-0.6637522375064655,
22,T8,1927,0.10846345026106756,0.9219774235162803,-0.13938786982317192,-0.01077082850489122,0.35769672581947887,-0.03935659590501057,0.11084348760694104,0.33541208505630493,0.15362799167633057,0.11611686646938324,0.4890400767326355,0.7041414976119995,0.8314141035079956,1,19,49,"[0.3354, 0.1536, 0.1161, 0.0578, 0.0412, 0.0354, 0.0295, 0.0253, 0.0215, 0.0156]","[0.108, 0.922, 0.139, 0.007, 0.241, 0.021, 0.233, 0.009, 0.161, 0.052]",1996,0.06868644803762436,-0.2443200702230756,
22,R0,1927,0.5815136538631451,-0.3945428702388047,0.5559862271528858,-0.03219650581649902,0.23455484080631014,0.04397851073861212,0.14010881332782962,0.40754857659339905,0.1849968135356903,0.11387774348258972,0.5925453901290894,0.7957729697227478,0.8829413056373596,3,12,26,"[0.4075, 0.185, 0.1139, 0.0479, 0.0415, 0.0234, 0.0219, 0.0176, 0.0145, 0.0098]","[0.582, 0.395, 0.556, 0.158, 0.046, 0.016, 0.018, 0.083, 0.079, 0.006]",1996,0.09714113920927048,-0.30313528834949244,
22,R1,1927,-0.07881703241335968,0.895531608457831,0.23892340066580342,0.06902873994887639,0.08950494109103675,-0.20522576181272148,0.23555570801295947,0.44615477323532104,0.12372513115406036,0.07421404123306274,0.5698798894882202,0.7229077219963074,0.835569441318512,1,22,79,"[0.4462, 0.1237, 0.0742, 0.0439, 0.0349, 0.0323, 0.0251, 0.0226, 0.0199, 0.0128]","[0.079, 0.896, 0.239, 0.031, 0.111, 0.086, 0.135, 0.039, 0.123, 0.047]",1996,0.08696378767490387,-0.14945880306311213,
22,R2,1927,-0.2213200192608044,0.91646628109879,0.33565904056878304,0.07210573785911267,0.16455895573299173,-0.10354893689077732,0.16144379927809513,0.5870016813278198,0.09190378338098526,0.07827067375183105,0.6789054870605469,0.8148542046546936,0.8906081914901733,2,12,28,"[0.587, 0.0919, 0.0783, 0.0306, 0.0271, 0.0196, 0.0189, 0.0139, 0.0122, 0.0111]","[0.221, 0.916, 0.336, 0.135, 0.006, 0.028, 0.105, 0.02, 0.027, 0.021]",1996,0.05377670004963875,-0.07956748890303604,
22,R3,1927,-0.2008655931442747,0.31982704343700125,0.4295667750825681,0.04147874847022406,0.18039668240920523,0.03209269281567608,0.06964151465966148,0.8696432709693909,0.05902404710650444,0.03301750868558884,0.9286673069000244,0.9720598459243774,0.982716977596283,3,2,3,"[0.8696, 0.059, 0.033, 0.006, 0.0043, 0.0029, 0.0024, 0.0021, 0.0019, 0.0014]","[0.201, 0.32, 0.43, 0.06, 0.244, 0.167, 0.087, 0.128, 0.234, 0.564]",1996,0.11812993884086609,0.27243050176212347,
22,R4,1927,0.07177406275566763,-0.014856461777348758,0.6355016516943989,0.06756492664577284,0.12909475162017145,0.014736200200568332,0.050793012255737784,0.8832886815071106,0.044981878250837326,0.016206353902816772,0.9282705783843994,0.9598722457885742,0.9775704145431519,3,2,4,"[0.8833, 0.045, 0.0162, 0.0083, 0.0071, 0.0061, 0.004, 0.0028, 0.0024, 0.0023]","[0.072, 0.015, 0.636, 0.299, 0.394, 0.359, 0.234, 0.177, 0.161, 0.044]",1996,0.06806265562772751,0.08974588079477219,
22,R5,1927,-0.1672298493377313,0.28129262737678323,-0.7920745400005373,-0.09438896555507603,-0.1349260166485947,-0.008514306833966664,-0.04914750760186788,0.7512476444244385,0.08676104247570038,0.05895944684743881,0.8380087018013,0.9415790438652039,0.9671012759208679,2,4,6,"[0.7512, 0.0868, 0.059, 0.0249, 0.0197, 0.0101, 0.0057, 0.0039, 0.0031, 0.0028]","[0.167, 0.281, 0.792, 0.229, 0.325, 0.117, 0.002, 0.068, 0.059, 0.024]",1996,0.07502934336662292,0.0247830110536707,
22,R6,1927,-0.13219992737957303,-0.2122022758262502,0.7350802660796574,-0.08469900231482301,-0.06578373165315916,0.032458056692558496,-0.10832249078654028,0.7054600715637207,0.15911825001239777,0.021526245400309563,0.8645783066749573,0.9229944944381714,0.9574011564254761,2,4,8,"[0.7055, 0.1591, 0.0215, 0.02, 0.0169, 0.0118, 0.0097, 0.0055, 0.004, 0.0034]","[0.132, 0.212, 0.735, 0.256, 0.605, 0.198, 0.225, 0.024, 0.007, 0.093]",1996,0.0384388193488121,-0.15381431015722832,
22,R7,1927,-0.06902124325253935,-0.7023235781220749,-0.08369160267066696,0.06565817826753043,0.03731401043637577,-0.16827902989029767,0.05594134934762347,0.6454456448554993,0.10606725513935089,0.07815083116292953,0.751512885093689,0.8921269774436951,0.9432084560394287,3,6,12,"[0.6454, 0.1061, 0.0782, 0.0369, 0.0256, 0.0156, 0.0135, 0.008, 0.0075, 0.0064]","[0.069, 0.702, 0.084, 0.325, 0.366, 0.037, 0.211, 0.168, 0.048, 0.005]",1996,0.10418806970119476,0.23361893273207243,
23,T0,1927,0.9197533218326124,0.06998201230991173,-0.13824151201496754,0.07268104804666582,0.14672165001474766,-0.04295901833997323,0.008332799805294366,0.2616689205169678,0.21557126939296722,0.12744180858135223,0.4772402048110962,0.711572527885437,0.8289009928703308,1,19,48,"[0.2617, 0.2156, 0.1274, 0.0693, 0.0376, 0.0342, 0.0275, 0.0214, 0.0172, 0.017]","[0.92, 0.07, 0.138, 0.189, 0.078, 0.164, 0.097, 0.079, 0.112, 0.052]",1996,0.12488754838705063,-0.4249331727510216,
23,T1,1927,-0.5880610910490595,0.34044252053392005,0.10753886429926333,-0.02411857692913182,-0.01583964702106149,0.052579613984482396,-0.12072329985056658,0.34076112508773804,0.20353972911834717,0.08939845114946365,0.5443008542060852,0.7324814200401306,0.8372922539710999,4,20,40,"[0.3408, 0.2035, 0.0894, 0.0571, 0.0417, 0.0296, 0.0267, 0.0197, 0.0149, 0.014]","[0.588, 0.34, 0.108, 0.442, 0.361, 0.21, 0.034, 0.064, 0.074, 0.215]",1996,0.15245310962200165,0.6327586882996953,
23,T2,1927,0.610782322836653,-0.5099227740478544,0.00014269378464105964,0.11023766123644554,0.21329956553774873,-0.12811657054001213,0.26276828927095575,0.32856285572052,0.14383874833583832,0.11000324785709381,0.47240161895751953,0.6947572231292725,0.8364699482917786,2,16,30,"[0.3286, 0.1438, 0.11, 0.0603, 0.0521, 0.0371, 0.0327, 0.0282, 0.0257, 0.018]","[0.611, 0.51, 0.0, 0.093, 0.289, 0.164, 0.056, 0.019, 0.015, 0.143]",1996,0.15294887125492096,-0.4340021983825235,
23,T3,1927,-0.24881730203043162,0.7466071822768763,-0.49859722211631485,-0.037957936223450374,-0.10078448989429034,-0.14145615408602416,-0.3004287846777361,0.6265372037887573,0.10232679545879364,0.06973853707313538,0.7288640141487122,0.8566468954086304,0.917496919631958,2,8,17,"[0.6265, 0.1023, 0.0697, 0.0339, 0.0241, 0.0174, 0.0143, 0.0118, 0.0097, 0.0076]","[0.249, 0.747, 0.499, 0.019, 0.148, 0.015, 0.074, 0.009, 0.029, 0.072]",1996,0.1394006311893463,0.4010651627898356,
23,T4,1927,0.12586296390278365,-0.24069788587745738,0.02732410246776029,-0.010415063332487852,-0.11168457601121538,-0.11369670689840684,-0.022693153197751104,0.32335150241851807,0.13678760826587677,0.1020059883594513,0.46013909578323364,0.6586170196533203,0.7762166857719421,1,30,64,"[0.3234, 0.1368, 0.102, 0.062, 0.0345, 0.0323, 0.0297, 0.0214, 0.0181, 0.016]","[0.126, 0.241, 0.027, 0.576, 0.021, 0.056, 0.212, 0.265, 0.08, 0.103]",1996,0.05458349362015724,-0.3172687492730664,
23,T5,1927,0.18915896051556766,-0.622421586704562,0.17124374646238172,0.04470399322594865,0.05760072119129155,-0.1944554872527179,-0.1929990805182215,0.36343812942504883,0.29322758316993713,0.07152444869279861,0.6566656827926636,0.8160319328308105,0.9029141664505005,2,10,22,"[0.3634, 0.2932, 0.0715, 0.0526, 0.0353, 0.0275, 0.0206, 0.0182, 0.0128, 0.0078]","[0.189, 0.622, 0.171, 0.045, 0.097, 0.257, 0.44, 0.043, 0.106, 0.024]",1996,0.15992556512355804,-0.10412869957480021,
23,T6,1927,0.42065959687210325,0.3219503565272703,0.1317852645165844,0.0977237262884578,0.1701297908875884,-0.10107256554453423,0.038988198409924506,0.3672351539134979,0.14287064969539642,0.06790383160114288,0.5101057887077332,0.703360378742218,0.8134669065475464,5,23,49,"[0.3672, 0.1429, 0.0679, 0.0647, 0.0607, 0.0322, 0.0254, 0.0197, 0.0178, 0.015]","[0.421, 0.322, 0.132, 0.314, 0.477, 0.172, 0.07, 0.32, 0.175, 0.235]",1996,0.09267320483922958,-0.48373623657957604,
23,T7,1927,-0.6173645515734336,-0.04587860334207316,0.06236653420044443,-0.025199563918395358,0.00970739918204489,-0.016191084701294774,-0.07535083587604212,0.5203893184661865,0.15924568474292755,0.07330778241157532,0.6796349883079529,0.8181695938110352,0.8936121463775635,2,11,24,"[0.5204, 0.1592, 0.0733, 0.0384, 0.0268, 0.0221, 0.0161, 0.0147, 0.0127, 0.0098]","[0.617, 0.046, 0.062, 0.479, 0.076, 0.024, 0.134, 0.22, 0.287, 0.019]",1996,0.25308459997177124,0.7130999107945128,
23,T8,1927,0.6919902644711161,-0.43639799145304425,0.011823145505004084,0.053669145708099,0.23561065134598974,-0.09984689160608565,0.22664363808706162,0.25762754678726196,0.1898842304944992,0.11540691554546356,0.44751179218292236,0.700060248374939,0.8357605338096619,2,17,32,"[0.2576, 0.1899, 0.1154, 0.0839, 0.0533, 0.0388, 0.0286, 0.0265, 0.0227, 0.0191]","[0.692, 0.436, 0.012, 0.191, 0.173, 0.096, 0.106, 0.049, 0.071, 0.041]",1996,0.11147129535675049,-0.40585832881326595,
23,R0,1927,0.7400592122797633,0.45652604436538674,-0.16168117962967937,0.08266553532124768,0.2135040731869168,-0.0890680334473418,0.23992064061187318,0.3896867334842682,0.14045020937919617,0.09564390778541565,0.5301369428634644,0.7502684593200684,0.8577635884284973,2,15,28,"[0.3897, 0.1405, 0.0956, 0.0821, 0.0424, 0.0291, 0.0245, 0.019, 0.018, 0.0169]","[0.74, 0.457, 0.162, 0.148, 0.168, 0.015, 0.01, 0.02, 0.004, 0.011]",1996,0.18729381263256073,-0.48671043511438683,
23,R1,1927,0.4764406159177901,-0.7546419343294387,0.24089751667860043,0.05258330198961709,0.06318963925367552,-0.11024144847071445,0.18766260152238465,0.28907349705696106,0.1996641606092453,0.11372499912977219,0.48873764276504517,0.7143068313598633,0.8366657495498657,2,18,43,"[0.2891, 0.1997, 0.1137, 0.0596, 0.0523, 0.0334, 0.0292, 0.0245, 0.0188, 0.0164]","[0.476, 0.755, 0.241, 0.082, 0.028, 0.104, 0.006, 0.016, 0.003, 0.037]",1996,0.14033427834510803,-0.4905302411683792,
23,R2,1927,0.6924671735000777,-0.4033145069153368,0.25712605028395863,0.07608575683992456,0.1321726086490877,-0.14566381855817478,0.17650814845379661,0.21292224526405334,0.19560790061950684,0.17643262445926666,0.4085301458835602,0.6931086778640747,0.81834876537323,2,20,47,"[0.2129, 0.1956, 0.1764, 0.0689, 0.0392, 0.033, 0.0309, 0.0242, 0.0218, 0.0153]","[0.692, 0.403, 0.257, 0.094, 0.022, 0.057, 0.045, 0.018, 0.029, 0.026]",1996,0.1265706568956375,-0.6022069230683058,
23,R3,1927,-0.025976125574855635,-0.4954741077268448,0.43587746038032393,0.03495457161620712,0.09453377180613068,0.08609293475592611,-0.10294809713462111,0.818146824836731,0.06013459712266922,0.05280169099569321,0.8782814145088196,0.9558560252189636,0.9714856743812561,3,3,5,"[0.8181, 0.0601, 0.0528, 0.0161, 0.0086, 0.0045, 0.0032, 0.003, 0.0026, 0.0024]","[0.026, 0.495, 0.436, 0.015, 0.103, 0.064, 0.025, 0.705, 0.091, 0.22]",1996,0.1889968365430832,0.0457770720721498,
23,R4,1927,0.12047747914305897,-0.5721516977068478,0.48796699986094905,0.06417124386838945,0.05794813078205305,0.01711416129304583,-0.047060441622538356,0.7992725968360901,0.05844716355204582,0.0404554046690464,0.8577197790145874,0.9314814805984497,0.9627199769020081,3,4,8,"[0.7993, 0.0584, 0.0405, 0.0209, 0.0124, 0.009, 0.0081, 0.0063, 0.0041, 0.0038]","[0.12, 0.572, 0.488, 0.203, 0.007, 0.029, 0.621, 0.021, 0.0, 0.053]",1996,0.15213187038898468,0.0026835136269567623,
23,R5,1927,-0.06796094958740476,-0.7501341516334037,0.06986306309100201,-0.07957608952705492,-0.13059080177596186,0.0020105770422494305,-0.05827223542668558,0.6658893823623657,0.12118948251008987,0.06785184144973755,0.787078857421875,0.9120070934295654,0.950025737285614,1,5,10,"[0.6659, 0.1212, 0.0679, 0.0344, 0.0227, 0.0121, 0.0083, 0.0082, 0.005, 0.0045]","[0.068, 0.75, 0.07, 0.176, 0.282, 0.182, 0.004, 0.107, 0.076, 0.031]",1996,0.14292076230049133,-0.05151322327741786,
23,R6,1927,-0.1353804617897605,-0.4234482363206031,-0.6625187910860304,-0.09382985689067812,-0.07677929065419126,0.028341809684227056,-0.12982734525151451,0.6423908472061157,0.1350754201412201,0.0577152818441391,0.7774662971496582,0.8878005743026733,0.9385382533073425,3,6,13,"[0.6424, 0.1351, 0.0577, 0.028, 0.0246, 0.0151, 0.0125, 0.0096, 0.0077, 0.0059]","[0.135, 0.423, 0.663, 0.398, 0.284, 0.124, 0.039, 0.011, 0.005, 0.011]",1996,0.08177982270717621,-0.17718537574318832,
23,R7,1927,-0.015606570839309226,-0.6215646382476301,-0.16523055642181209,0.07464554838306527,0.016781940632948064,-0.18223420650283817,0.0022237063447398987,0.5606586933135986,0.1744796186685562,0.05505571886897087,0.7351382970809937,0.8571501970291138,0.9230377674102783,2,8,16,"[0.5607, 0.1745, 0.0551, 0.036, 0.031, 0.0201, 0.0161, 0.0131, 0.0085, 0.0081]","[0.016, 0.622, 0.165, 0.044, 0.468, 0.014, 0.294, 0.166, 0.127, 0.067]",1996,0.2460467368364334,0.180805877862064,
24,T0,1927,0.9603998012546449,0.30933199423302093,-0.18753723821851218,0.054947193126929895,0.0855989465118075,-0.037776863056232235,0.04018990913602277,0.3051197826862335,0.18568438291549683,0.0835888683795929,0.49080416560173035,0.6792206168174744,0.8059706687927246,2,21,56,"[0.3051, 0.1857, 0.0836, 0.0645, 0.0403, 0.0335, 0.0279, 0.0242, 0.0212, 0.0199]","[0.96, 0.309, 0.188, 0.058, 0.115, 0.235, 0.054, 0.102, 0.033, 0.079]",1996,0.1342662125825882,-0.3748521515799852,
24,T1,1927,-0.5681076383256979,0.3095000619929404,-0.2533802462115685,-0.010796458115781383,0.025055240436971,0.09386812013991051,-0.11154736003802432,0.3213723599910736,0.20624662935733795,0.0953388512134552,0.5276190042495728,0.7208825945854187,0.8286116123199463,4,21,42,"[0.3214, 0.2062, 0.0953, 0.0509, 0.047, 0.0307, 0.0245, 0.02, 0.0175, 0.015]","[0.568, 0.31, 0.253, 0.353, 0.384, 0.192, 0.159, 0.064, 0.046, 0.157]",1996,0.14274470508098602,0.6257737870106238,
24,T2,1927,0.5018983036359359,-0.40813564816571885,0.2827067528959666,0.11330016415477984,0.1311391724844243,-0.18656446508965133,0.2936925570485042,0.3472040891647339,0.14967381954193115,0.10279299318790436,0.49687790870666504,0.7076560854911804,0.8483892679214478,2,16,29,"[0.3472, 0.1497, 0.1028, 0.0625, 0.0455, 0.0423, 0.0339, 0.0254, 0.0229, 0.0162]","[0.502, 0.408, 0.283, 0.2, 0.198, 0.004, 0.135, 0.032, 0.009, 0.106]",1996,0.15585418045520782,-0.36355189010347294,
24,T3,1927,-0.3105047868338251,0.8091998051995535,0.16482914490683778,-0.023310791046191832,-0.07180265317348584,-0.12084305313561039,-0.2685860372277869,0.6624776124954224,0.0787043571472168,0.06121896207332611,0.7411819696426392,0.862199068069458,0.9194234609603882,3,8,18,"[0.6625, 0.0787, 0.0612, 0.0324, 0.0274, 0.0183, 0.0153, 0.0093, 0.0076, 0.0067]","[0.311, 0.809, 0.165, 0.058, 0.412, 0.136, 0.071, 0.049, 0.057, 0.067]",1996,0.1563277244567871,0.4496892779662927,
24,T4,1927,0.11179404790612746,-0.12087253084133168,0.06894436134638468,-0.0002750128876579125,-0.10018527636243241,-0.10844034448152744,-0.028866793859130435,0.3348042964935303,0.1590559333562851,0.07853305339813232,0.49386024475097656,0.6629079580307007,0.7729437351226807,2,32,72,"[0.3348, 0.1591, 0.0785, 0.0527, 0.0378, 0.0268, 0.0257, 0.0216, 0.0197, 0.0162]","[0.112, 0.121, 0.069, 0.562, 0.216, 0.019, 0.349, 0.268, 0.148, 0.013]",1996,0.045521851629018784,-0.3255730392871632,
24,T5,1927,0.16539830794678248,-0.6331423455617715,0.1460189980612773,0.04037599032672526,0.08034844423955129,-0.15531950572783296,-0.17744087717222834,0.3625487983226776,0.2475227564573288,0.08758832514286041,0.6100715398788452,0.8020062446594238,0.8951061367988586,2,11,24,"[0.3625, 0.2475, 0.0876, 0.0681, 0.0362, 0.0343, 0.021, 0.0179, 0.0102, 0.0097]","[0.165, 0.633, 0.146, 0.005, 0.299, 0.089, 0.234, 0.372, 0.006, 0.025]",1996,0.15408185124397278,-0.06521987822115198,
24,T6,1927,0.3765410092988574,0.24967546874152755,0.3134385299491052,0.09097641634477426,0.16849095233304026,-0.13723919986846758,-0.027265507431155914,0.4232003390789032,0.1674865186214447,0.059469521045684814,0.5906868577003479,0.731691837310791,0.8251059651374817,3,22,47,"[0.4232, 0.1675, 0.0595, 0.0442, 0.0373, 0.029, 0.0184, 0.018, 0.0146, 0.0134]","[0.377, 0.25, 0.313, 0.568, 0.029, 0.126, 0.001, 0.177, 0.264, 0.112]",1996,0.08293318003416061,-0.4749464505843709,
24,T7,1927,-0.6384627761006919,-0.0038993831722185395,0.12219726366391148,-0.024731583977312403,-0.009228900775285659,-0.02862896649574074,-0.04437060729337668,0.5159404873847961,0.16313974559307098,0.06686656922101974,0.6790802478790283,0.8144927620887756,0.889737606048584,3,12,25,"[0.5159, 0.1631, 0.0669, 0.0373, 0.0312, 0.0222, 0.019, 0.0143, 0.0113, 0.0086]","[0.638, 0.004, 0.122, 0.344, 0.193, 0.014, 0.254, 0.32, 0.11, 0.092]",1996,0.26234501600265503,0.7129265094539482,
24,T8,1927,0.8569972468921443,-0.22977403670817095,-0.05648537883724702,0.07749408630067903,0.13785615385438335,-0.12341249875417012,0.20765150187076073,0.26900210976600647,0.21416150033473969,0.12265558540821075,0.48316359519958496,0.7360961437225342,0.8634559512138367,1,14,27,"[0.269, 0.2142, 0.1227, 0.0827, 0.0475, 0.042, 0.0269, 0.0236, 0.02, 0.0149]","[0.857, 0.23, 0.056, 0.242, 0.124, 0.136, 0.18, 0.078, 0.01, 0.152]",1996,0.11372660100460052,-0.38055107830495205,
24,R0,1927,0.6497015297611478,-0.5848062591768888,-0.14423211504488104,0.1422157225505273,0.18354627577524313,-0.17214680844642075,0.2873986176740803,0.3854774236679077,0.12716569006443024,0.1030515804886818,0.5126430988311768,0.7280916571617126,0.8574159145355225,2,14,28,"[0.3855, 0.1272, 0.1031, 0.0581, 0.0543, 0.0379, 0.0268, 0.024, 0.0216, 0.0189]","[0.65, 0.585, 0.144, 0.177, 0.171, 0.033, 0.002, 0.017, 0.036, 0.009]",1996,0.1849321871995926,-0.4438371494602976,
24,R1,1927,0.21057790456741882,-0.7892764913261922,0.41658795358832457,0.059037931814497444,0.041672241437001364,-0.11387065466613676,0.1853777031327326,0.3788865804672241,0.17014677822589874,0.09991011023521423,0.5490333437919617,0.7712079286575317,0.872677206993103,2,14,30,"[0.3789, 0.1701, 0.0999, 0.0664, 0.0558, 0.034, 0.0251, 0.0179, 0.0141, 0.0104]","[0.211, 0.789, 0.417, 0.146, 0.109, 0.051, 0.003, 0.012, 0.051, 0.023]",1996,0.10664848983287811,-0.34256847561424625,
24,R2,1927,-0.23822613832367434,-0.9178073143542145,0.10839731105392054,0.12298083841253304,0.011298367199178793,-0.1659593251834049,0.12987495781152417,0.23115381598472595,0.18073312938213348,0.08955129235982895,0.41188693046569824,0.6656796932220459,0.8133902549743652,1,20,45,"[0.2312, 0.1807, 0.0896, 0.0847, 0.0795, 0.0448, 0.0323, 0.0299, 0.0226, 0.0181]","[0.238, 0.918, 0.108, 0.155, 0.028, 0.045, 0.056, 0.033, 0.012, 0.049]",1996,0.12505409121513367,-0.2873741070097591,
24,R3,1927,-0.01571815558603174,0.4183851457519341,-0.02292634220203656,-0.07081355235279077,-0.01959181420220727,-0.018120300518621124,0.11064610417418062,0.6794809103012085,0.16876813769340515,0.03744914010167122,0.848249077796936,0.9248995184898376,0.9524453282356262,2,4,10,"[0.6795, 0.1688, 0.0374, 0.022, 0.0172, 0.0093, 0.0056, 0.0053, 0.0038, 0.0036]","[0.016, 0.418, 0.023, 0.027, 0.064, 0.082, 0.17, 0.215, 0.402, 0.179]",1996,0.3169229030609131,-0.05261990011654002,
24,R4,1927,0.19530537427412614,-0.5191671274903348,0.1343495193383161,0.07619891990549257,0.048618470578755846,0.03269092612782674,-0.08191931807317092,0.7123268246650696,0.12135662883520126,0.02972995676100254,0.833683431148529,0.905234694480896,0.9434292912483215,2,5,12,"[0.7123, 0.1214, 0.0297, 0.0258, 0.016, 0.0106, 0.009, 0.0069, 0.0066, 0.0052]","[0.195, 0.519, 0.134, 0.168, 0.029, 0.225, 0.556, 0.178, 0.11, 0.083]",1996,0.23796679079532623,-0.09778650040126337,
24,R5,1927,-0.01876177969816616,0.7177200013411262,-0.7278438279310677,-0.07361068318289424,-0.1123872931739361,0.038274707900190275,-0.12723761324228167,0.6322169303894043,0.11870665103197098,0.09248970448970795,0.7509235739707947,0.905838668346405,0.9477258324623108,2,5,11,"[0.6322, 0.1187, 0.0925, 0.0368, 0.0256, 0.0126, 0.0098, 0.0073, 0.0069, 0.0053]","[0.019, 0.718, 0.728, 0.161, 0.267, 0.245, 0.072, 0.003, 0.082, 0.06]",1996,0.14091694355010986,-0.24585574203534824,
24,R6,1927,-0.1895465693038104,-0.718276787961162,0.46762124403012906,-0.12327396281014313,-0.10462690670560822,0.02901946124174072,-0.15516538598913293,0.5529655814170837,0.12203908711671829,0.08155150711536407,0.6750046610832214,0.8415508270263672,0.9103859066963196,2,9,18,"[0.553, 0.122, 0.0816, 0.0494, 0.0356, 0.0188, 0.0153, 0.0131, 0.0122, 0.0095]","[0.19, 0.718, 0.468, 0.236, 0.292, 0.008, 0.054, 0.055, 0.015, 0.008]",1996,0.09433770924806595,-0.18105018469684844,
24,R7,1927,0.1611170548049578,-0.6403924896347649,-0.22479983633595013,0.08873330337306098,0.0015419570426138409,-0.059115836114552976,-0.10231603106631176,0.38324010372161865,0.2608547806739807,0.09451640397310257,0.6440948843955994,0.8124787211418152,0.8928889632225037,3,11,23,"[0.3832, 0.2609, 0.0945, 0.0396, 0.0343, 0.0242, 0.0202, 0.0161, 0.0109, 0.009]","[0.161, 0.64, 0.225, 0.409, 0.017, 0.193, 0.364, 0.154, 0.098, 0.136]",1996,0.30423739552497864,-0.10669599554615414,
25,T0,1927,-0.9139793792639849,0.5785762995160402,0.2669494578662158,-0.023308357909721418,0.03209432402339446,0.039119632285669774,0.02193917671888823,0.4203037619590759,0.16440123319625854,0.07577139139175415,0.5847049951553345,0.7363688349723816,0.8311209082603455,2,18,39,"[0.4203, 0.1644, 0.0758, 0.0448, 0.0311, 0.0255, 0.0204, 0.0178, 0.0173, 0.0139]","[0.914, 0.579, 0.267, 0.242, 0.155, 0.023, 0.006, 0.061, 0.083, 0.037]",1996,0.14885233342647552,0.300451842810588,
25,T1,1927,-0.5050357267445555,0.3720075066832977,-0.282936587990291,-0.0022192215801824164,0.034190111120045295,0.11563917808818137,-0.08795320862563898,0.3390045762062073,0.19150476157665253,0.08616732060909271,0.530509352684021,0.7142266631126404,0.819848358631134,3,22,47,"[0.339, 0.1915, 0.0862, 0.051, 0.0465, 0.0338, 0.0222, 0.0178, 0.0169, 0.015]","[0.505, 0.372, 0.283, 0.211, 0.421, 0.006, 0.2, 0.062, 0.047, 0.219]",1996,0.1397002786397934,0.5939329245946176,
25,T2,1927,0.5543427123889872,-0.2968076640176392,-0.38751063049363077,0.12038979605937379,0.10538382255987322,-0.20888263673176669,0.3473300197089985,0.32490450143814087,0.1581370085477829,0.11024022847414017,0.48304152488708496,0.7094979882240295,0.8417340517044067,2,17,32,"[0.3249, 0.1581, 0.1102, 0.0656, 0.0506, 0.0394, 0.0326, 0.0233, 0.0204, 0.0165]","[0.554, 0.297, 0.388, 0.255, 0.092, 0.122, 0.102, 0.049, 0.033, 0.087]",1996,0.15134568512439728,-0.3201531006894522,
25,T3,1927,-0.24518230813054898,-0.6932566046111559,0.25183022924971293,-0.03530910431875004,0.0007797141074613532,-0.10335509016723038,-0.2449365474767493,0.6401078701019287,0.07701471447944641,0.051250677555799484,0.7171225547790527,0.8531674742698669,0.9163769483566284,3,8,19,"[0.6401, 0.077, 0.0513, 0.0504, 0.0344, 0.0238, 0.0142, 0.0111, 0.0083, 0.0059]","[0.245, 0.693, 0.252, 0.325, 0.336, 0.09, 0.268, 0.031, 0.104, 0.007]",1996,0.162727952003479,0.4546432432678488,
25,T4,1927,-0.13364003279609066,0.07546220097727262,0.06154870267755636,-0.012742425547469627,0.10430848080342635,0.0991303014700729,-0.005559931365189031,0.32840636372566223,0.18898236751556396,0.06707852333784103,0.5173887014389038,0.6722956299781799,0.778647243976593,2,32,73,"[0.3284, 0.189, 0.0671, 0.0527, 0.0351, 0.0291, 0.0262, 0.0208, 0.0159, 0.0143]","[0.134, 0.075, 0.062, 0.478, 0.43, 0.275, 0.032, 0.225, 0.004, 0.13]",1996,0.044695015996694565,0.3399590601483124,
25,T5,1927,0.2220265322265399,-0.6351296550146127,0.1198414529922409,0.03265711264478708,0.10320899068504921,-0.14861794058291472,-0.1943215164954924,0.32107114791870117,0.22613689303398132,0.09429540485143661,0.5472080707550049,0.766010582447052,0.8683205842971802,1,15,32,"[0.3211, 0.2261, 0.0943, 0.0754, 0.0491, 0.0362, 0.0254, 0.0175, 0.0126, 0.0107]","[0.222, 0.635, 0.12, 0.057, 0.165, 0.274, 0.213, 0.277, 0.048, 0.064]",1996,0.15528756380081177,-0.17626041173570509,
25,T6,1927,-0.37733957536494445,0.20913051556800777,0.4073984277620857,-0.08561029176517056,-0.17242714634194448,0.12800572790181422,0.0043539831535888834,0.4537682831287384,0.16674791276454926,0.05711907148361206,0.6205161809921265,0.7458427548408508,0.8366661667823792,4,20,46,"[0.4538, 0.1667, 0.0571, 0.0364, 0.0318, 0.0242, 0.0204, 0.0192, 0.0156, 0.0115]","[0.377, 0.209, 0.407, 0.068, 0.481, 0.126, 0.024, 0.337, 0.149, 0.269]",1996,0.08653520047664642,0.4766361774588447,
25,T7,1927,0.6372758942058938,-0.011603228727645062,0.1642669027286014,0.025993695842965136,0.00431029197296918,0.021043038208020403,0.01378492084011191,0.5020309090614319,0.16141702234745026,0.061238743364810944,0.663447916507721,0.793099045753479,0.8749897480010986,2,14,31,"[0.502, 0.1614, 0.0612, 0.036, 0.0324, 0.026, 0.0201, 0.0144, 0.0113, 0.0102]","[0.637, 0.012, 0.164, 0.34, 0.056, 0.243, 0.212, 0.221, 0.129, 0.116]",1996,0.2677209675312042,-0.717975336734013,
25,T8,1927,-0.9464418750116534,0.3597700818765756,-0.12571050857502436,0.005390904831555573,0.012673789321502834,0.010891315369745377,-0.14751932636148055,0.3316042423248291,0.20049215853214264,0.1025683730840683,0.5320963859558105,0.7527621984481812,0.8800044655799866,3,12,24,"[0.3316, 0.2005, 0.1026, 0.0757, 0.0424, 0.0385, 0.0356, 0.021, 0.0175, 0.0147]","[0.946, 0.36, 0.126, 0.348, 0.093, 0.047, 0.129, 0.133, 0.081, 0.266]",1996,0.10249755531549454,0.3378600810056996,
25,R0,1927,0.6125926052571609,-0.6437316365792369,-0.0640730755541638,0.16991356903225907,0.16232573285509028,-0.18427935989270286,0.3199781009053555,0.3587682545185089,0.12130376696586609,0.10292299091815948,0.480072021484375,0.7208044528961182,0.8533589839935303,2,15,31,"[0.3588, 0.1213, 0.1029, 0.0776, 0.0602, 0.0394, 0.0306, 0.026, 0.0223, 0.0143]","[0.613, 0.644, 0.064, 0.054, 0.149, 0.03, 0.05, 0.035, 0.02, 0.051]",1996,0.17529253661632538,-0.4372252997060478,
25,R1,1927,0.5002834891911045,-0.7163617055955032,0.02152476699887055,0.14780122957671277,0.1445097629254593,-0.1640879328497166,0.30753764191601196,0.26031893491744995,0.15141642093658447,0.10570479929447174,0.4117353558540344,0.6855531334877014,0.8248745203018188,2,19,42,"[0.2603, 0.1514, 0.1057, 0.0878, 0.0803, 0.0451, 0.035, 0.0243, 0.0194, 0.0154]","[0.5, 0.716, 0.022, 0.231, 0.059, 0.007, 0.065, 0.008, 0.018, 0.012]",1996,0.13138169050216675,-0.4616607279150223,
25,R2,1927,-0.021912153094536795,-0.7587858068982068,0.5867124697465358,-0.17098486969069282,-0.13090220624511764,0.16808987733961603,-0.20744996247684064,0.23163191974163055,0.1973913162946701,0.12998853623867035,0.42902323603630066,0.6915258169174194,0.8268030881881714,2,19,42,"[0.2316, 0.1974, 0.13, 0.0794, 0.0531, 0.0482, 0.0308, 0.0209, 0.0181, 0.0172]","[0.022, 0.759, 0.587, 0.038, 0.145, 0.067, 0.092, 0.005, 0.075, 0.018]",1996,0.11742588877677917,0.3230893477524077,
25,R3,1927,-0.046161995280367255,0.40376410075213565,-0.011595124607196972,0.023567299068464873,0.022867480775307016,-0.09883144862253991,-0.02863564771139201,0.6490440368652344,0.16351385414600372,0.037258923053741455,0.8125578761100769,0.8945950865745544,0.9350258708000183,1,6,14,"[0.649, 0.1635, 0.0373, 0.0261, 0.0187, 0.0154, 0.008, 0.0061, 0.0056, 0.0053]","[0.046, 0.404, 0.012, 0.04, 0.226, 0.147, 0.034, 0.292, 0.212, 0.18]",1996,0.3039013743400574,0.25117360883316286,
25,R4,1927,-0.18336256023950742,-0.5630008125321905,0.21885542981294387,-0.043420477402337634,-0.07098887701406975,-0.05589681011706016,0.09123330115671625,0.6689066290855408,0.1248767077922821,0.03313760086894035,0.7937833070755005,0.8804645538330078,0.9313510656356812,3,7,15,"[0.6689, 0.1249, 0.0331, 0.0329, 0.0207, 0.0151, 0.0114, 0.0105, 0.0076, 0.0063]","[0.183, 0.563, 0.219, 0.119, 0.121, 0.261, 0.417, 0.385, 0.025, 0.02]",1996,0.24034610390663147,0.13882209984376095,
25,R5,1927,-0.04773458715989751,-0.7172673150732132,-0.09907293053199445,0.0686724362775984,0.04439322272622787,-0.05982858573296839,0.15547641477014967,0.6963156461715698,0.09125826507806778,0.07381928712129593,0.7875739336013794,0.9090290665626526,0.9482557773590088,2,5,11,"[0.6963, 0.0913, 0.0738, 0.0273, 0.0203, 0.0118, 0.0094, 0.0071, 0.0059, 0.0049]","[0.048, 0.717, 0.099, 0.172, 0.319, 0.038, 0.298, 0.024, 0.044, 0.014]",1996,0.1409672498703003,0.3778024568713503,
25,R6,1927,-0.1843102865272373,-0.8153747567079913,0.07804205080400245,-0.1386192422895459,-0.10964709470891507,0.047293669635179295,-0.1425963811516112,0.5033652782440186,0.12681688368320465,0.07212059199810028,0.630182147026062,0.8052541613578796,0.887129008769989,1,12,25,"[0.5034, 0.1268, 0.0721, 0.0597, 0.0433, 0.0237, 0.0185, 0.0154, 0.0131, 0.0112]","[0.184, 0.815, 0.078, 0.238, 0.15, 0.032, 0.049, 0.044, 0.085, 0.056]",1996,0.14553242921829224,-0.16203509433239935,
25,R7,1927,0.17616301271326182,-0.6925769349160327,-0.0858233536032331,0.07298338845258168,-0.02917986488369374,-0.031230956176634822,-0.11134285268788004,0.3258802890777588,0.26290014386177063,0.12345355749130249,0.588780403137207,0.7890284657478333,0.877922773361206,3,13,27,"[0.3259, 0.2629, 0.1235, 0.0391, 0.0377, 0.029, 0.0185, 0.0178, 0.0138, 0.0097]","[0.176, 0.693, 0.086, 0.353, 0.146, 0.364, 0.103, 0.045, 0.075, 0.132]",1996,0.3251972198486328,-0.0822817025000243,
26,T0,1927,-0.9599216618044587,0.48992739562689513,0.15773898265745148,-0.03707401018060342,-0.053980621462285966,0.06290241065263795,-0.049784969543319714,0.4387229084968567,0.1558801680803299,0.09240755438804626,0.5946030616760254,0.7621555924415588,0.8561132550239563,2,16,34,"[0.4387, 0.1559, 0.0924, 0.0403, 0.0348, 0.0292, 0.0204, 0.0182, 0.0135, 0.0126]","[0.96, 0.49, 0.158, 0.17, 0.292, 0.207, 0.125, 0.009, 0.055, 0.021]",1996,0.16064219176769257,0.37483081323780326,
26,T1,1927,-0.3496010167539045,0.4818560581515734,-0.35030303230945337,0.0031187169577577144,0.009317026364133927,0.14320899237789406,-0.06641878581138146,0.34376150369644165,0.17918792366981506,0.08674103766679764,0.5229494571685791,0.7005358338356018,0.8084772229194641,3,24,53,"[0.3438, 0.1792, 0.0867, 0.0488, 0.0421, 0.0366, 0.022, 0.0189, 0.0161, 0.0143]","[0.35, 0.482, 0.35, 0.251, 0.026, 0.277, 0.204, 0.097, 0.224, 0.205]",1996,0.1276770979166031,0.5226575093340153,
26,T2,1927,0.5864246572725097,-0.33296448540017676,-0.4021010884294068,0.10088599929784567,-0.022826055280159428,-0.13171331763469252,0.27821951005488205,0.3772958517074585,0.16610969603061676,0.09079883992671967,0.5434055328369141,0.7386650443077087,0.8448978066444397,4,17,34,"[0.3773, 0.1661, 0.0908, 0.0626, 0.0419, 0.0329, 0.0251, 0.018, 0.0161, 0.0141]","[0.586, 0.333, 0.402, 0.364, 0.113, 0.03, 0.06, 0.071, 0.059, 0.091]",1996,0.18656136095523834,-0.13498596369294477,
26,T3,1927,-0.3086761208221324,0.009636405348395681,0.5646379494448007,-0.027614807901839504,0.04029630006191901,-0.07041717430743032,-0.19453922470730256,0.6389602422714233,0.09442174434661865,0.0544598288834095,0.733381986618042,0.8562982082366943,0.9201245903968811,5,8,19,"[0.639, 0.0944, 0.0545, 0.0428, 0.0257, 0.0192, 0.0163, 0.011, 0.0096, 0.0077]","[0.309, 0.01, 0.565, 0.322, 0.381, 0.062, 0.181, 0.038, 0.358, 0.037]",1996,0.21690680086612701,0.5248828083457433,
26,T4,1927,-0.15607889560789698,-0.05872282261423174,-0.05759435962245415,-0.03916413345949418,0.11101806190460584,0.10032529777373006,-0.04087862355147854,0.30988267064094543,0.17809250950813293,0.06744072586297989,0.48797518014907837,0.6473540663719177,0.7530068159103394,3,40,91,"[0.3099, 0.1781, 0.0674, 0.052, 0.0399, 0.0288, 0.0242, 0.0214, 0.0167, 0.0146]","[0.156, 0.059, 0.058, 0.182, 0.576, 0.365, 0.026, 0.137, 0.07, 0.324]",1996,0.041147924959659576,0.352477526062336,
26,T5,1927,-0.4435108514013614,-0.4670761211710923,0.21362654214121163,-0.025169211760516022,-0.05990522321195461,0.12581473802070609,0.10751795086896834,0.27850401401519775,0.20032060146331787,0.1132892370223999,0.4788246154785156,0.7140998840332031,0.834472119808197,3,20,45,"[0.2785, 0.2003, 0.1133, 0.0648, 0.0571, 0.0418, 0.0279, 0.0209, 0.0161, 0.0136]","[0.444, 0.467, 0.214, 0.076, 0.119, 0.226, 0.206, 0.328, 0.006, 0.023]",1996,0.15093164145946503,0.4702162788275285,
26,T6,1927,-0.34211128992071643,0.24995281595952867,0.3659642902990048,-0.06654023936519773,-0.15426210662026363,0.11196219831175568,0.004942678967143649,0.4170496165752411,0.16428130865097046,0.06502166390419006,0.5813308954238892,0.7117899060249329,0.8069194555282593,3,27,62,"[0.417, 0.1643, 0.065, 0.04, 0.0255, 0.0238, 0.0215, 0.0213, 0.0154, 0.0132]","[0.342, 0.25, 0.366, 0.214, 0.579, 0.068, 0.272, 0.039, 0.07, 0.137]",1996,0.08210873603820801,0.4549681410962857,
26,T7,1927,0.6636535950599585,-0.058549153211059864,0.15178751909164062,0.030692518838811904,-0.0011229013715122651,0.01393330269922302,-0.0612113760711621,0.43504098057746887,0.15418481826782227,0.06426064670085907,0.5892257690429688,0.7425283193588257,0.8379569053649902,3,19,45,"[0.435, 0.1542, 0.0643, 0.0535, 0.0355, 0.03, 0.0222, 0.0156, 0.0144, 0.0132]","[0.664, 0.059, 0.152, 0.142, 0.303, 0.32, 0.216, 0.077, 0.12, 0.222]",1996,0.25492390990257263,-0.7038753410154701,
26,T8,1927,0.8495002377895553,0.12998490896319773,-0.4244146073177108,-0.035145767988789475,0.02652297490335718,-0.08929066817588652,0.20162205354206514,0.2990792691707611,0.22338494658470154,0.09886878728866577,0.5224642157554626,0.7479826211929321,0.8676683306694031,2,14,28,"[0.2991, 0.2234, 0.0989, 0.0838, 0.0428, 0.0344, 0.0285, 0.0225, 0.0193, 0.0149]","[0.85, 0.13, 0.424, 0.172, 0.141, 0.246, 0.032, 0.057, 0.023, 0.227]",1996,0.12421753257513046,-0.15994201457713897,
26,R0,1927,0.6140527957218006,-0.01774787136733963,0.6463964463823261,0.15556091172217126,0.13081256921058793,-0.17736532874473263,0.31248812574498247,0.367689311504364,0.12736564874649048,0.10415837168693542,0.4950549602508545,0.728252649307251,0.8482039570808411,2,16,34,"[0.3677, 0.1274, 0.1042, 0.0749, 0.0541, 0.0349, 0.0296, 0.0226, 0.02, 0.0128]","[0.614, 0.018, 0.646, 0.234, 0.011, 0.042, 0.041, 0.012, 0.051, 0.04]",1996,0.18181349337100983,-0.4424593752983,
26,R1,1927,0.6263907299522494,0.16556965507914473,-0.6032094187774424,0.1342344603541838,0.11173347734270231,-0.1654088968423523,0.27899546764712563,0.23924198746681213,0.17376936972141266,0.10648967325687408,0.413011372089386,0.6730589270591736,0.8183947205543518,2,20,43,"[0.2392, 0.1738, 0.1065, 0.0808, 0.0728, 0.0523, 0.0323, 0.0222, 0.0212, 0.0174]","[0.626, 0.166, 0.603, 0.13, 0.006, 0.042, 0.023, 0.059, 0.006, 0.067]",1996,0.13679634034633636,-0.4793835344327287,
26,R2,1927,-0.19554225932946293,0.8916895520335092,-0.1686704812789176,-0.10764791662435079,-0.1216418594130707,0.11466390683630238,-0.10805717006875643,0.23344573378562927,0.17572994530200958,0.11864489316940308,0.40917569398880005,0.685218095779419,0.8183602690696716,1,20,45,"[0.2334, 0.1757, 0.1186, 0.0852, 0.0722, 0.0516, 0.0324, 0.0182, 0.0171, 0.0139]","[0.196, 0.892, 0.169, 0.204, 0.057, 0.008, 0.086, 0.022, 0.069, 0.044]",1996,0.14066281914710999,0.4582997702388136,
26,R3,1927,0.15455178856716903,-0.45556422631138455,-0.08694164559385191,0.12625574484220367,-0.023843285298739,-0.06096618285139339,-0.22434249567615,0.45684659481048584,0.30347704887390137,0.0343935564160347,0.7603236436843872,0.8479856848716736,0.9064038991928101,3,10,21,"[0.4568, 0.3035, 0.0344, 0.0274, 0.0259, 0.0187, 0.0134, 0.01, 0.0089, 0.0074]","[0.155, 0.456, 0.087, 0.304, 0.231, 0.09, 0.229, 0.424, 0.154, 0.201]",1996,0.4287664592266083,-0.09891964196683826,
26,R4,1927,-0.13057577658745115,0.5782378350265407,0.4067836316801724,-0.07351601508917302,-0.027868108177741376,-0.05696307949952394,0.19120970947230362,0.5010103583335876,0.2202654927968979,0.04143333062529564,0.7212758660316467,0.82506263256073,0.9017738699913025,3,10,22,"[0.501, 0.2203, 0.0414, 0.0335, 0.0289, 0.0227, 0.0196, 0.013, 0.0114, 0.01]","[0.131, 0.578, 0.407, 0.101, 0.191, 0.229, 0.139, 0.472, 0.003, 0.027]",1996,0.3271775245666504,0.10858336786581091,
26,R5,1927,0.022133128890194968,-0.5614646741135046,-0.06603098867832487,0.08123304670280769,0.03535510138893785,-0.06599127277597457,0.15657432814152794,0.585184633731842,0.14968843758106232,0.06235669553279877,0.7348730564117432,0.8609895706176758,0.9166132807731628,2,9,18,"[0.5852, 0.1497, 0.0624, 0.0367, 0.0271, 0.0161, 0.0123, 0.0101, 0.0087, 0.0085]","[0.022, 0.561, 0.066, 0.551, 0.112, 0.106, 0.244, 0.118, 0.027, 0.143]",1996,0.15230605006217957,0.3645103310936418,
26,R6,1927,-0.1886408549869277,0.7909282767032587,-0.151417678717301,-0.1168359175900618,-0.13891658494925258,0.07598632502135036,-0.11558655162788559,0.4326726198196411,0.1470516175031662,0.07313334941864014,0.5797242522239685,0.7679034471511841,0.8720223903656006,2,14,29,"[0.4327, 0.1471, 0.0731, 0.0642, 0.0509, 0.0335, 0.0228, 0.0191, 0.0156, 0.0131]","[0.189, 0.791, 0.151, 0.466, 0.153, 0.044, 0.003, 0.091, 0.197, 0.033]",1996,0.17378011345863342,-0.12569212248181175,
26,R7,1927,-0.13953355648872726,-0.7034169722648846,0.04824258577077334,0.08017526483455299,0.027142053896390798,-0.06884306195191152,0.097465377407789,0.2939232885837555,0.27434495091438293,0.10943657159805298,0.5682682394981384,0.762451171875,0.8607850670814514,2,15,32,"[0.2939, 0.2743, 0.1094, 0.0466, 0.0381, 0.0319, 0.0209, 0.018, 0.0149, 0.0127]","[0.14, 0.703, 0.048, 0.002, 0.001, 0.593, 0.064, 0.23, 0.017, 0.04]",1996,0.3463740050792694,0.3247179927811963,
27,T0,1927,-0.9475544750733237,0.4989963620663534,0.08461802407555492,-0.06099854771133414,-0.044857880897581866,0.07465339153466369,-0.07086295522496433,0.4244285225868225,0.16486865282058716,0.10790380090475082,0.5892971754074097,0.7860192060470581,0.8772249817848206,3,13,29,"[0.4244, 0.1649, 0.1079, 0.0537, 0.0351, 0.0268, 0.0237, 0.0174, 0.0123, 0.0111]","[0.948, 0.499, 0.085, 0.382, 0.009, 0.184, 0.101, 0.091, 0.036, 0.066]",1996,0.17937935888767242,0.3779961481736942,
27,T1,1927,-0.19597194086885858,0.48882262905420804,-0.4132080275096339,-0.014172384043521448,-0.04110037051432987,0.16248906846330116,-0.05142152029566267,0.3202391564846039,0.18107891082763672,0.08584985882043839,0.501318097114563,0.6829895377159119,0.7917017340660095,4,28,62,"[0.3202, 0.1811, 0.0858, 0.0554, 0.0405, 0.0338, 0.023, 0.0194, 0.0181, 0.0143]","[0.196, 0.489, 0.413, 0.003, 0.303, 0.194, 0.19, 0.049, 0.33, 0.151]",1996,0.1107189804315567,0.4455846650684765,
27,T2,1927,0.4935926620022011,-0.37640120067525035,-0.5347062816234094,0.0633959043227013,-0.057435575802450144,-0.04672391592884518,0.20756357017724494,0.3439292013645172,0.17276246845722198,0.09400300681591034,0.5166916847229004,0.7230874300003052,0.8354194760322571,3,18,36,"[0.3439, 0.1728, 0.094, 0.0608, 0.0516, 0.0367, 0.0234, 0.019, 0.0175, 0.0158]","[0.494, 0.376, 0.535, 0.299, 0.12, 0.011, 0.123, 0.016, 0.071, 0.078]",1996,0.1724441945552826,-0.015260070032114223,
27,T3,1927,-0.30210070846421583,-0.0444968894102178,-0.2436268455099415,-0.035148131758488355,0.06485705403934164,-0.03656661851318114,-0.18871522126376045,0.6346880793571472,0.09380709379911423,0.06387551128864288,0.728495180606842,0.8535971641540527,0.9142366051673889,3,8,21,"[0.6347, 0.0938, 0.0639, 0.038, 0.0232, 0.0215, 0.0161, 0.0099, 0.0072, 0.0059]","[0.302, 0.044, 0.244, 0.62, 0.32, 0.164, 0.101, 0.225, 0.014, 0.248]",1996,0.23397275805473328,0.5116468935164334,
27,T4,1927,-0.17491016505430618,-0.08626538161606156,0.04279526040646338,-0.07614617313559494,0.10764557565942359,0.12480779557465249,-0.1028808997317667,0.28772908449172974,0.17695674300193787,0.07028777152299881,0.4646858274936676,0.6276791095733643,0.736151933670044,1,44,100,"[0.2877, 0.177, 0.0703, 0.0558, 0.0369, 0.0279, 0.0262, 0.0231, 0.0163, 0.015]","[0.175, 0.086, 0.043, 0.047, 0.696, 0.002, 0.084, 0.108, 0.132, 0.199]",1996,0.04401520639657974,0.32639928042619243,
27,T5,1927,-0.64002849833023,-0.1733604388414825,0.27884231378874796,-0.058335614211540696,-0.08770926777602929,0.08709650683529993,-0.04127511673770666,0.2365592122077942,0.17902132868766785,0.10986565053462982,0.41558054089546204,0.6643884181976318,0.8009316325187683,2,27,58,"[0.2366, 0.179, 0.1099, 0.0829, 0.056, 0.0413, 0.0329, 0.0303, 0.0169, 0.0152]","[0.64, 0.173, 0.279, 0.009, 0.063, 0.121, 0.001, 0.433, 0.003, 0.131]",1996,0.1470450758934021,0.5813550208361238,
27,T6,1927,-0.34370426131173,0.21811477592651393,0.45534328762213333,-0.06825489964723967,-0.13541238178929554,0.11126300440152209,-0.025480021380262993,0.38357409834861755,0.15566883981227875,0.07417463511228561,0.5392429232597351,0.6850606203079224,0.7858505249023438,4,32,75,"[0.3836, 0.1557, 0.0742, 0.0405, 0.0311, 0.0266, 0.0245, 0.0192, 0.018, 0.0124]","[0.344, 0.218, 0.455, 0.344, 0.052, 0.161, 0.447, 0.28, 0.099, 0.028]",1996,0.08517691493034363,0.4677074648545167,
27,T7,1927,-0.6505297438353947,-0.06262026388345608,0.03954656579284862,-0.03198633894191225,0.026964563182027827,-0.003926730889457699,0.13485882022966822,0.3646105229854584,0.1370263695716858,0.07683221995830536,0.5016368627548218,0.6881592273712158,0.7995985746383667,2,27,61,"[0.3646, 0.137, 0.0768, 0.0675, 0.0422, 0.0357, 0.0218, 0.0197, 0.0185, 0.0158]","[0.651, 0.063, 0.04, 0.047, 0.046, 0.433, 0.025, 0.172, 0.233, 0.015]",1996,0.23413679003715515,0.7064782014295513,
27,T8,1927,0.768275820926442,0.1769265066185259,-0.32273944021661716,0.04024970857559802,0.19373263130734614,-0.08141011522192292,0.21167643563719232,0.2851695716381073,0.18904510140419006,0.12209604680538177,0.47421467304229736,0.7569494843482971,0.8796052932739258,3,13,26,"[0.2852, 0.189, 0.1221, 0.1011, 0.0596, 0.0392, 0.0294, 0.023, 0.018, 0.0129]","[0.768, 0.177, 0.323, 0.204, 0.556, 0.12, 0.131, 0.042, 0.034, 0.19]",1996,0.10963159799575806,-0.07637512292059827,
27,R0,1927,0.5174838035255027,-0.035195654957696845,-0.7050452035485838,0.13872950471176637,0.12400279828421708,-0.13184683699808475,0.2837899915673178,0.35929182171821594,0.1226261556148529,0.11556997895240784,0.48191797733306885,0.7227546572685242,0.8421438336372375,2,17,37,"[0.3593, 0.1226, 0.1156, 0.0706, 0.0547, 0.0322, 0.0287, 0.0224, 0.0195, 0.0165]","[0.517, 0.035, 0.705, 0.089, 0.199, 0.065, 0.032, 0.064, 0.061, 0.109]",1996,0.1719028353691101,-0.36882509843383054,
27,R1,1927,0.7784368954793678,0.19408970825443683,-0.35782832771956347,0.11951775755277227,0.14239349258932074,-0.10333747590794352,0.2096019112294215,0.25918304920196533,0.18496794998645782,0.14287437498569489,0.44415098428726196,0.7141026854515076,0.838335394859314,2,18,39,"[0.2592, 0.185, 0.1429, 0.0785, 0.0486, 0.0402, 0.03, 0.0216, 0.0188, 0.0137]","[0.778, 0.194, 0.358, 0.007, 0.086, 0.069, 0.014, 0.066, 0.091, 0.006]",1996,0.16289402544498444,-0.4925814858825362,
27,R2,1927,0.1498180828669629,-0.7688568351439408,0.34095158584728735,0.09111175881197278,0.01151687588091559,-0.08909455207659762,0.07621420798189804,0.253259539604187,0.18084201216697693,0.17074601352214813,0.43410155177116394,0.7266988754272461,0.8451160192489624,2,18,39,"[0.2533, 0.1808, 0.1707, 0.0639, 0.058, 0.0426, 0.0262, 0.0194, 0.0169, 0.0134]","[0.15, 0.769, 0.341, 0.031, 0.008, 0.019, 0.108, 0.072, 0.105, 0.003]",1996,0.15421950817108154,-0.23058278106444421,
27,R3,1927,-0.17885760899184822,-0.4374900497986344,-0.26529566804340793,-0.09396570033069503,0.0012867293078293624,0.06271756192100414,0.19304839895228157,0.4651377499103546,0.2536129355430603,0.0455055870115757,0.7187507152557373,0.8247473239898682,0.8937333822250366,3,11,25,"[0.4651, 0.2536, 0.0455, 0.0377, 0.0228, 0.0206, 0.0166, 0.0129, 0.01, 0.0089]","[0.179, 0.437, 0.265, 0.104, 0.377, 0.119, 0.417, 0.066, 0.284, 0.182]",1996,0.3785281777381897,0.12350475337772825,
27,R4,1927,-0.04970596276915046,0.6504584233778251,0.31708651682693584,-0.10942535648380769,0.0016769555510691774,-0.043726468191475555,0.19678268032235582,0.46160072088241577,0.18636859953403473,0.07159100472927094,0.6479693055152893,0.7962537407875061,0.8910312056541443,4,11,25,"[0.4616, 0.1864, 0.0716, 0.04, 0.0367, 0.0318, 0.021, 0.0191, 0.0128, 0.0102]","[0.05, 0.65, 0.317, 0.126, 0.379, 0.243, 0.275, 0.382, 0.204, 0.023]",1996,0.2718057632446289,0.05988868903666012,
27,R5,1927,-0.05684559782946483,-0.610865740489547,0.05946198186500056,0.07469970388725752,0.042120064369374675,-0.07082624756185059,0.12160015547461993,0.3587818741798401,0.1874052882194519,0.11210884898900986,0.546187162399292,0.753261387348175,0.8550954461097717,2,16,35,"[0.3588, 0.1874, 0.1121, 0.0545, 0.0405, 0.0317, 0.0215, 0.0188, 0.0161, 0.0138]","[0.057, 0.611, 0.059, 0.272, 0.523, 0.042, 0.167, 0.045, 0.021, 0.127]",1996,0.23279474675655365,0.4308830855207127,
27,R6,1927,-0.28938995963072206,-0.7705872369723016,0.149596459978041,-0.09942865702004575,-0.14493836239907595,0.04633265283055202,-0.055533822399285844,0.36903172731399536,0.18919560313224792,0.07634856551885605,0.5582273006439209,0.7539355754852295,0.8732473254203796,1,14,31,"[0.369, 0.1892, 0.0763, 0.071, 0.0483, 0.0368, 0.0314, 0.0246, 0.0138, 0.0127]","[0.289, 0.771, 0.15, 0.068, 0.185, 0.005, 0.018, 0.012, 0.132, 0.152]",1996,0.21424314379692078,0.04662480273384059,
27,R7,1927,-0.7045236664732815,0.05027442971561575,0.15416485355080456,0.011231709681147,0.06888640075159906,-0.15962905069364836,0.33682994877028793,0.2702312171459198,0.20830199122428894,0.14052647352218628,0.47853320837020874,0.7315351963043213,0.8439074754714966,2,17,37,"[0.2702, 0.2083, 0.1405, 0.0699, 0.0426, 0.0322, 0.0257, 0.0229, 0.0168, 0.0149]","[0.705, 0.05, 0.154, 0.088, 0.18, 0.568, 0.198, 0.064, 0.053, 0.015]",1996,0.34568265080451965,0.6958649422899708,
28,T0,1927,-0.9137051056065646,0.5069038668023268,-0.027668643832468094,-0.09656896733288073,-0.04230250349152817,0.07853247609437874,-0.0853500898081756,0.42854321002960205,0.15983298420906067,0.11869773268699646,0.5883761644363403,0.7932536602020264,0.8842761516571045,2,12,28,"[0.4285, 0.1598, 0.1187, 0.0538, 0.0324, 0.0259, 0.0212, 0.019, 0.0139, 0.011]","[0.914, 0.507, 0.028, 0.24, 0.034, 0.235, 0.125, 0.005, 0.025, 0.114]",1996,0.16764487326145172,0.3234643337654042,
28,T1,1927,-0.26251699462857353,-0.44788506510195525,-0.36213440694539917,-0.012641589457080254,-0.04677954045275852,0.18282259122936373,-0.013828640641831081,0.2914053797721863,0.18852919340133667,0.08189330995082855,0.47993457317352295,0.6697665452957153,0.7870305180549622,3,30,68,"[0.2914, 0.1885, 0.0819, 0.0677, 0.0402, 0.0355, 0.0262, 0.0208, 0.0186, 0.0162]","[0.263, 0.448, 0.362, 0.11, 0.213, 0.329, 0.266, 0.172, 0.094, 0.117]",1996,0.11466629803180695,0.4868172500416275,
28,T2,1927,0.3494554336123617,-0.47962060471422063,-0.5846920169121493,0.040063842795605216,-0.03565460734676241,0.00045901032648391156,0.1406826097749173,0.38425037264823914,0.15307770669460297,0.1013353243470192,0.5373280644416809,0.7401690483093262,0.842790961265564,3,17,36,"[0.3843, 0.1531, 0.1013, 0.061, 0.0405, 0.0288, 0.0238, 0.0196, 0.0179, 0.0125]","[0.349, 0.48, 0.585, 0.002, 0.19, 0.039, 0.072, 0.057, 0.104, 0.043]",1996,0.1739024966955185,-0.03413522870494355,
28,T3,1927,-0.3114917051922191,0.14799324294962515,-0.003241434717479023,-0.041226511040672285,0.07478918710654796,-0.02275763335152677,-0.12466229023518038,0.5158751010894775,0.13039742410182953,0.08442531526088715,0.6462725400924683,0.8140286803245544,0.8857641220092773,2,13,32,"[0.5159, 0.1304, 0.0844, 0.0548, 0.0285, 0.0245, 0.0172, 0.0124, 0.0096, 0.008]","[0.311, 0.148, 0.003, 0.728, 0.145, 0.25, 0.129, 0.141, 0.081, 0.139]",1996,0.21094930171966553,0.5267023510219843,
28,T4,1927,-0.17005707505423276,0.07559799236249029,0.001053047670050561,-0.0756945640075464,0.10490934308668129,0.11881202635453833,-0.11946406308089311,0.2976916432380676,0.17437830567359924,0.07026569545269012,0.47206994891166687,0.6344960927963257,0.7376309633255005,2,47,107,"[0.2977, 0.1744, 0.0703, 0.0584, 0.0337, 0.0273, 0.0231, 0.0212, 0.0163, 0.0152]","[0.17, 0.076, 0.001, 0.133, 0.599, 0.03, 0.094, 0.124, 0.35, 0.106]",1996,0.04469938948750496,0.29335989441847854,
28,T5,1927,-0.6699293144659254,0.02849578245192988,-0.025311440019518173,-0.09706235820281388,-0.16474691665627098,0.09275933173405741,-0.007281838043691179,0.20681333541870117,0.1622922122478485,0.11539269238710403,0.3691055476665497,0.6227617263793945,0.7669482827186584,2,33,74,"[0.2068, 0.1623, 0.1154, 0.0879, 0.0504, 0.041, 0.0353, 0.0301, 0.0217, 0.0161]","[0.67, 0.028, 0.025, 0.27, 0.015, 0.087, 0.165, 0.364, 0.116, 0.15]",1996,0.13860449194908142,0.5754013853818502,
28,T6,1927,-0.3359077968860108,0.1634927195456157,-0.47583413808200986,-0.06309111907821693,-0.1111357747901852,0.0952348603981805,-0.04740176152909095,0.36797553300857544,0.14032690227031708,0.07484355568885803,0.5083024501800537,0.6584593057632446,0.7588733434677124,4,40,92,"[0.368, 0.1403, 0.0748, 0.0418, 0.0335, 0.0279, 0.024, 0.0184, 0.0163, 0.0138]","[0.336, 0.163, 0.476, 0.166, 0.379, 0.037, 0.204, 0.063, 0.392, 0.002]",1996,0.08360631763935089,0.4669684083545896,
28,T7,1927,-0.625965355743978,4.2711795502402596e-05,0.0977725759396255,-0.0379489080290765,0.02891679413147723,-0.025778869347758172,0.14344070705184697,0.31631943583488464,0.1268407106399536,0.08117970079183578,0.44316014647483826,0.6486007571220398,0.7689668536186218,2,35,76,"[0.3163, 0.1268, 0.0812, 0.0729, 0.0513, 0.0374, 0.0255, 0.0228, 0.0198, 0.0148]","[0.626, 0.0, 0.098, 0.049, 0.119, 0.487, 0.135, 0.012, 0.146, 0.077]",1996,0.21080298721790314,0.6794599901313236,
28,T8,1927,0.5879189234413049,-0.10462066663754525,-0.6443072681534424,0.06323826007491004,0.054553340592841504,-0.03774435319509422,0.16677502050560028,0.26453897356987,0.17360720038414001,0.12868525087833405,0.43814617395401,0.7315772771835327,0.8602288961410522,3,15,32,"[0.2645, 0.1736, 0.1287, 0.1133, 0.0514, 0.0427, 0.029, 0.0226, 0.0191, 0.0153]","[0.588, 0.105, 0.644, 0.061, 0.317, 0.04, 0.133, 0.031, 0.025, 0.091]",1996,0.1253323256969452,-0.03892454396596357,
28,R0,1927,0.4584641321763878,-0.5136026281756606,0.37409270548035417,0.0851964480303475,0.06895813163326577,-0.04615291054470134,0.1890036786633223,0.36000654101371765,0.15241993963718414,0.11766234785318375,0.512426495552063,0.7394120097160339,0.849329948425293,3,16,36,"[0.36, 0.1524, 0.1177, 0.0708, 0.0385, 0.0351, 0.0231, 0.021, 0.0167, 0.014]","[0.458, 0.514, 0.374, 0.151, 0.001, 0.096, 0.023, 0.004, 0.096, 0.02]",1996,0.1805580109357834,-0.246887439374797,
28,R1,1927,-0.7124119073894682,-0.15109292120271475,0.5642467357152321,-0.10103881571642495,-0.11448972025541516,0.08143155383060115,-0.17009188100542094,0.27395379543304443,0.19544880092144012,0.1444912850856781,0.46940261125564575,0.7311954498291016,0.8453958034515381,2,17,40,"[0.274, 0.1954, 0.1445, 0.0737, 0.0436, 0.0395, 0.0259, 0.0191, 0.0153, 0.0144]","[0.712, 0.151, 0.564, 0.073, 0.045, 0.058, 0.032, 0.078, 0.004, 0.059]",1996,0.1748857945203781,0.4403037541743638,
28,R2,1927,0.1795688809707095,-0.6465802781961103,0.5613584174959338,0.020485239198717527,-0.084466467737692,-0.02988365692963945,0.027012216471583004,0.3198217749595642,0.22346237301826477,0.1118006631731987,0.5432841777801514,0.7599405646324158,0.8643460273742676,2,15,35,"[0.3198, 0.2235, 0.1118, 0.063, 0.0419, 0.0394, 0.0216, 0.0184, 0.0133, 0.0116]","[0.18, 0.647, 0.561, 0.092, 0.019, 0.124, 0.037, 0.002, 0.053, 0.017]",1996,0.16929547488689423,0.0022858855165204194,
28,R3,1927,0.10473573483600919,0.5872360288271906,-0.35476405161058383,0.12615688316122353,-0.04709387073531347,-0.042850077716829506,-0.21463397050656902,0.40070971846580505,0.269264280796051,0.05019300431013107,0.6699739694595337,0.794624388217926,0.8796315789222717,3,13,29,"[0.4007, 0.2693, 0.0502, 0.045, 0.0295, 0.0211, 0.019, 0.0172, 0.0154, 0.0124]","[0.105, 0.587, 0.355, 0.051, 0.299, 0.142, 0.06, 0.387, 0.128, 0.116]",1996,0.37320220470428467,-0.08690380203896246,
28,R4,1927,-0.02952195816674366,0.6680994826597618,-0.003275152832111298,-0.10032168182152318,-0.01464939253906355,-0.017329308293961367,0.18382595231721577,0.39918503165245056,0.18636411428451538,0.08047199994325638,0.5855491161346436,0.7726073861122131,0.8858935236930847,2,12,26,"[0.3992, 0.1864, 0.0805, 0.0694, 0.0372, 0.0349, 0.0298, 0.022, 0.0149, 0.0116]","[0.03, 0.668, 0.003, 0.035, 0.027, 0.141, 0.572, 0.052, 0.036, 0.1]",1996,0.23596392571926117,-0.007026394745411973,
28,R5,1927,-0.27095577146913974,0.10611733051018436,-0.602064856535281,-0.008946374058546529,0.014982480141930935,-0.05404412035056291,-0.007615642290137555,0.2017126977443695,0.1730402261018753,0.13057838380336761,0.374752938747406,0.6414779424667358,0.7788756489753723,2,30,62,"[0.2017, 0.173, 0.1306, 0.0744, 0.0617, 0.0452, 0.0325, 0.0224, 0.02, 0.0173]","[0.271, 0.106, 0.602, 0.484, 0.084, 0.019, 0.091, 0.003, 0.193, 0.103]",1996,0.17493966221809387,0.3521236435478602,
28,R6,1927,-0.5477631942601028,0.6532531019327137,-0.24114973204535017,-0.09945987314249238,-0.10027146640912404,0.060918803965285234,-0.045552975913899035,0.28700608015060425,0.18656378984451294,0.11213076859712601,0.4735698699951172,0.726641833782196,0.8646631240844727,2,15,32,"[0.287, 0.1866, 0.1121, 0.0796, 0.0613, 0.0437, 0.0368, 0.0276, 0.0162, 0.0137]","[0.548, 0.653, 0.241, 0.06, 0.283, 0.058, 0.012, 0.035, 0.209, 0.13]",1996,0.22203467786312103,0.23394999839453606,
28,R7,1927,-0.7463775930554724,0.18295633849115261,0.17460782779381906,-0.00028750164738875156,0.052877034035709584,-0.08912862896448298,0.24783915915178467,0.24859541654586792,0.19632533192634583,0.13925324380397797,0.44492074847221375,0.7148077487945557,0.8392016291618347,3,18,38,"[0.2486, 0.1963, 0.1393, 0.0782, 0.0525, 0.0406, 0.0258, 0.0236, 0.0195, 0.0149]","[0.746, 0.183, 0.175, 0.007, 0.467, 0.303, 0.059, 0.167, 0.022, 0.045]",1996,0.3107130229473114,0.6686922421243513,
29,T0,1927,-0.9176036238843659,-0.38069498820589837,0.09616979349074459,-0.09438335704387286,-0.026239679009988446,0.05894359712563222,-0.04441910857110283,0.37153488397598267,0.21296200156211853,0.1219896748661995,0.5844968557357788,0.7916489243507385,0.8707388639450073,2,14,33,"[0.3715, 0.213, 0.122, 0.0477, 0.0375, 0.0216, 0.0182, 0.0173, 0.0124, 0.0096]","[0.918, 0.381, 0.096, 0.222, 0.057, 0.175, 0.171, 0.127, 0.025, 0.011]",1996,0.16969135403633118,0.33060467901532364,
29,T1,1927,0.4536636464318409,-0.4609190164560972,-0.08269108844630516,0.0017133662608178222,-0.0029791226295162593,-0.1401410685580374,-0.025412512787860112,0.28405284881591797,0.18646976351737976,0.08386670798063278,0.47052261233329773,0.6685178875923157,0.785612165927887,4,31,72,"[0.2841, 0.1865, 0.0839, 0.0737, 0.0404, 0.0359, 0.0252, 0.0214, 0.0178, 0.0168]","[0.454, 0.461, 0.083, 0.355, 0.349, 0.227, 0.248, 0.132, 0.01, 0.053]",1996,0.1257580816745758,-0.616024330328748,
29,T2,1927,0.1284979248585087,-0.7161956408763687,0.44571490710378553,0.027495332160156392,-0.03804413020706273,0.0023024247664000003,0.11021695760970292,0.32365310192108154,0.22949813306331635,0.11648309230804443,0.5531512498855591,0.7536194324493408,0.8439853191375732,2,18,38,"[0.3237, 0.2295, 0.1165, 0.0448, 0.0392, 0.0281, 0.0208, 0.0152, 0.0135, 0.0128]","[0.128, 0.716, 0.446, 0.085, 0.107, 0.054, 0.11, 0.012, 0.148, 0.129]",1996,0.18565544486045837,0.06372795263300934,
29,T3,1927,0.37647955198332156,-0.07603808850671277,-0.44516899067353927,0.013488130969860158,-0.09220926070739517,0.05872855660653196,0.18031637160530148,0.713821530342102,0.09239327907562256,0.04394920915365219,0.8062148094177246,0.8982794284820557,0.9375897645950317,4,6,15,"[0.7138, 0.0924, 0.0439, 0.0325, 0.0156, 0.0134, 0.0084, 0.0075, 0.0059, 0.004]","[0.376, 0.076, 0.445, 0.48, 0.309, 0.022, 0.149, 0.122, 0.044, 0.005]",1996,0.2529565691947937,-0.4285808281982942,
29,T4,1927,-0.16838041217583588,-0.09361202108104506,-0.03416021781748334,-0.06082240632121663,0.12480433478800264,0.12000541794244236,-0.10564078812067597,0.2814238965511322,0.16806554794311523,0.067430280148983,0.44948944449424744,0.6095216274261475,0.7150198221206665,3,52,114,"[0.2814, 0.1681, 0.0674, 0.0564, 0.0362, 0.0284, 0.0224, 0.0198, 0.0181, 0.0168]","[0.168, 0.094, 0.034, 0.141, 0.388, 0.409, 0.094, 0.354, 0.292, 0.032]",1996,0.05031941831111908,0.28500374034321124,
29,T5,1927,-0.5657091842028765,-0.2157037984595342,0.0001842768594582301,-0.10209737339002657,-0.2045946809159385,0.07261883872820572,-0.018823095162199252,0.20292221009731293,0.16442462801933289,0.11142900586128235,0.3673468232154846,0.5998302698135376,0.7496745586395264,2,38,84,"[0.2029, 0.1644, 0.1114, 0.0724, 0.0486, 0.0465, 0.0328, 0.0286, 0.0241, 0.0179]","[0.566, 0.216, 0.0, 0.281, 0.108, 0.199, 0.169, 0.382, 0.015, 0.169]",1996,0.14042675495147705,0.5402496274181265,
29,T6,1927,0.27424306172816254,-0.02251432094204461,-0.5049644602073333,0.05067798941058942,0.094795777471725,-0.11373528340926399,0.10003633920303802,0.3153688907623291,0.1292615532875061,0.09364551305770874,0.4446304440498352,0.6238455176353455,0.7310051918029785,3,47,106,"[0.3154, 0.1293, 0.0936, 0.0517, 0.0339, 0.03, 0.0264, 0.0191, 0.0171, 0.0145]","[0.274, 0.023, 0.505, 0.078, 0.028, 0.44, 0.092, 0.141, 0.364, 0.103]",1996,0.0796903744339943,-0.3975500072136285,
29,T7,1927,-0.6097307588677666,0.1233864140614489,0.04386780934781002,-0.024686512745556933,0.029411407689046088,0.012871627892033806,0.16789491539701312,0.30262359976768494,0.11883559823036194,0.09277628362178802,0.4214591979980469,0.6458794474601746,0.7638744115829468,2,37,84,"[0.3026, 0.1188, 0.0928, 0.0757, 0.056, 0.0366, 0.0242, 0.0241, 0.0191, 0.0141]","[0.61, 0.123, 0.044, 0.014, 0.269, 0.337, 0.002, 0.19, 0.115, 0.127]",1996,0.19746315479278564,0.6461625603986967,
29,T8,1927,0.33992299518637104,-0.8195103973954423,-0.019016257106142288,0.0765691374948793,0.07407520528030392,-0.00685681946837597,0.16443411028965774,0.2860178053379059,0.16682326793670654,0.14587442576885223,0.4528410732746124,0.7242244482040405,0.8511472344398499,2,16,35,"[0.286, 0.1668, 0.1459, 0.0741, 0.0514, 0.0421, 0.0263, 0.0224, 0.0196, 0.0167]","[0.34, 0.82, 0.019, 0.117, 0.019, 0.172, 0.15, 0.016, 0.103, 0.018]",1996,0.14311373233795166,-0.024107308239462284,
29,R0,1927,0.3303809854278508,0.7267669633018561,-0.10135854906006181,0.08654067562584551,0.08129412276450225,-0.01818187583854657,0.16685048222117563,0.36877185106277466,0.17147696018218994,0.12413991987705231,0.5402488112449646,0.7608773112297058,0.8572439551353455,2,16,36,"[0.3688, 0.1715, 0.1241, 0.0631, 0.0334, 0.03, 0.0203, 0.0171, 0.0166, 0.0123]","[0.33, 0.727, 0.101, 0.167, 0.119, 0.026, 0.009, 0.037, 0.059, 0.074]",1996,0.17856642603874207,-0.21567224655798697,
29,R1,1927,-0.39127873464554075,0.5114276540230899,-0.5070407076041217,-0.08086233875451423,-0.02968495299918336,0.020478546277726672,-0.113069767799496,0.2771255075931549,0.2093157321214676,0.14641091227531433,0.4864412546157837,0.7348461151123047,0.8416783809661865,3,18,43,"[0.2771, 0.2093, 0.1464, 0.0623, 0.0397, 0.0345, 0.0251, 0.0195, 0.0141, 0.0136]","[0.391, 0.511, 0.507, 0.01, 0.023, 0.132, 0.166, 0.122, 0.036, 0.046]",1996,0.16667300462722778,0.1548637434932948,
29,R2,1927,-0.18683340244360527,-0.6998463692152199,-0.46861495761035576,-0.01313907985353176,0.10170308080556559,-0.01029049010268906,0.005278790570439369,0.3841405212879181,0.20294536650180817,0.0855964943766594,0.5870859026908875,0.7710744142532349,0.8611146211624146,2,16,36,"[0.3841, 0.2029, 0.0856, 0.0551, 0.0433, 0.0327, 0.0173, 0.0157, 0.0126, 0.0117]","[0.187, 0.7, 0.469, 0.253, 0.088, 0.062, 0.012, 0.015, 0.028, 0.044]",1996,0.16373001039028168,0.0025275230078951496,
29,R3,1927,-0.16708811258783637,-0.6065930132956419,0.14669135379840065,0.059512569257180355,-0.018021030684092065,-0.033005565085290976,-0.10018694055092711,0.35851702094078064,0.27540338039398193,0.050381097942590714,0.633920431137085,0.7683845162391663,0.8613200187683105,3,16,36,"[0.3585, 0.2754, 0.0504, 0.0494, 0.0347, 0.0242, 0.021, 0.0206, 0.0158, 0.0113]","[0.167, 0.607, 0.147, 0.334, 0.238, 0.238, 0.402, 0.138, 0.103, 0.086]",1996,0.37520235776901245,0.3108004571123653,
29,R4,1927,0.18847078828281355,-0.626357535966454,-0.10595206935736291,-0.07555032425692318,-0.022963058782491604,-0.012327444383295139,0.11069346904262022,0.40672406554222107,0.21889860928058624,0.07441336661577225,0.6256226897239685,0.7935358881950378,0.8929011225700378,3,11,25,"[0.4067, 0.2189, 0.0744, 0.0611, 0.0324, 0.0308, 0.0259, 0.0193, 0.0123, 0.0111]","[0.188, 0.626, 0.106, 0.07, 0.183, 0.426, 0.466, 0.232, 0.024, 0.098]",1996,0.2836473286151886,-0.1889669662879821,
29,R5,1927,-0.26803642914326786,0.04008203167993484,-0.61614488182242,-0.029677568855409286,0.059035480560508266,-0.05210871590185246,-0.06967187803161372,0.1935330480337143,0.15166553854942322,0.12628738582134247,0.3451985716819763,0.6010695695877075,0.7423623204231262,2,39,84,"[0.1935, 0.1517, 0.1263, 0.0702, 0.0594, 0.04, 0.0367, 0.0269, 0.0216, 0.016]","[0.268, 0.04, 0.616, 0.478, 0.129, 0.069, 0.102, 0.163, 0.134, 0.125]",1996,0.1449032574892044,0.2353424851527094,
29,R6,1927,-0.5408899826388291,0.5900803863420647,-0.19844440885359702,-0.11297445887930989,-0.07855187802473128,0.024764134422772182,0.021262115128038835,0.2658664286136627,0.19792361557483673,0.12235397845506668,0.46379005908966064,0.7232344746589661,0.8632813096046448,3,15,34,"[0.2659, 0.1979, 0.1224, 0.0814, 0.0556, 0.0423, 0.0381, 0.0281, 0.0164, 0.0152]","[0.541, 0.59, 0.198, 0.15, 0.37, 0.046, 0.055, 0.068, 0.113, 0.184]",1996,0.22942745685577393,0.2945972530652679,
29,R7,1927,0.7419526066478761,0.020164595642842873,-0.04142750610713836,0.025592721286149443,-0.005169674832086922,0.033097988595949895,-0.1699990450317583,0.2509937286376953,0.21928121149539948,0.1441190391778946,0.4702749252319336,0.7424690127372742,0.8551257252693176,2,16,33,"[0.251, 0.2193, 0.1441, 0.076, 0.052, 0.0386, 0.0257, 0.0192, 0.0169, 0.0122]","[0.742, 0.02, 0.041, 0.121, 0.502, 0.245, 0.099, 0.223, 0.052, 0.073]",1996,0.3069116771221161,-0.7010681920297633,
30,T0,1927,-0.7212388924910889,0.5367537707675284,-0.1498168308471175,-0.15015984728350062,0.007929913431834044,0.04449702834144351,-0.03325866848536433,0.48530492186546326,0.16712309420108795,0.10056015104055405,0.6524280309677124,0.827955424785614,0.8926485180854797,2,12,27,"[0.4853, 0.1671, 0.1006, 0.0464, 0.0286, 0.0176, 0.0146, 0.0118, 0.0111, 0.0096]","[0.721, 0.537, 0.15, 0.037, 0.207, 0.099, 0.196, 0.052, 0.01, 0.061]",1996,0.15931206941604614,0.19935953049068783,
30,T1,1927,0.4027885514612641,-0.49181795589358807,0.1015212069759185,0.030506438244449225,0.024013155843209174,-0.18853680429814276,0.0018191319108277935,0.3193119168281555,0.17843036353588104,0.08209025859832764,0.49774229526519775,0.6855471134185791,0.7954859137535095,2,29,68,"[0.3193, 0.1784, 0.0821, 0.0712, 0.0345, 0.0308, 0.0239, 0.0219, 0.0193, 0.014]","[0.403, 0.492, 0.102, 0.278, 0.02, 0.261, 0.276, 0.152, 0.204, 0.079]",1996,0.12139756977558136,-0.579858797316666,
30,T2,1927,0.07006274725469022,-0.6125863742157901,0.4848791034694232,-0.03425693710152946,0.01279406683202489,-0.052687852275994006,-0.1457177317224108,0.36792242527008057,0.1876431554555893,0.12627065181732178,0.555565595626831,0.7597060203552246,0.850780189037323,2,17,36,"[0.3679, 0.1876, 0.1263, 0.0401, 0.0378, 0.0251, 0.0231, 0.0185, 0.0127, 0.0117]","[0.07, 0.613, 0.485, 0.113, 0.14, 0.105, 0.083, 0.051, 0.234, 0.045]",1996,0.1662813276052475,-0.17618171843230868,
30,T3,1927,0.5105758180123279,-0.14891707260635847,-0.4912907401402314,0.015544038845102429,-0.1097509160131597,0.06235193198229031,0.13142936899234287,0.6240741014480591,0.12536977231502533,0.06294447183609009,0.7494438886642456,0.8697919845581055,0.9205532073974609,3,8,21,"[0.6241, 0.1254, 0.0629, 0.036, 0.0214, 0.0163, 0.0125, 0.0095, 0.007, 0.0054]","[0.511, 0.149, 0.491, 0.424, 0.212, 0.143, 0.265, 0.046, 0.023, 0.035]",1996,0.242487832903862,-0.47545875339570515,
30,T4,1927,-0.1964585559103673,-0.08218258976864458,-0.04960141304896743,-0.051883083070258074,0.10498974517884531,0.06704314175587668,-0.040788564059892604,0.29141727089881897,0.17276300489902496,0.07170333713293076,0.4641802906990051,0.6339601874351501,0.7376404404640198,2,46,106,"[0.2914, 0.1728, 0.0717, 0.0554, 0.0427, 0.0285, 0.0219, 0.0201, 0.0187, 0.0145]","[0.196, 0.082, 0.05, 0.112, 0.092, 0.446, 0.08, 0.45, 0.207, 0.02]",1996,0.04974748194217682,0.3401913201181502,
30,T5,1927,-0.4060870474107853,-0.4181647810581792,-0.3041603213678307,-0.12113842756173421,-0.26569137525688696,0.08076528822555742,0.06850210503823133,0.2370232194662094,0.15532568097114563,0.1336303949356079,0.39234888553619385,0.6332372426986694,0.7657999396324158,4,35,81,"[0.237, 0.1553, 0.1336, 0.0567, 0.0505, 0.0459, 0.0249, 0.0242, 0.0212, 0.0164]","[0.406, 0.418, 0.304, 0.361, 0.061, 0.204, 0.292, 0.017, 0.165, 0.045]",1996,0.12517639994621277,0.3300903247999219,
30,T6,1927,0.2095435366835778,-0.20043150515027555,-0.43878810723398654,0.031032320082758597,0.07168757856883526,-0.10911226507074481,0.11265298556723732,0.2913851737976074,0.17792396247386932,0.08649959415197372,0.46930915117263794,0.6364303827285767,0.743571400642395,3,44,103,"[0.2914, 0.1779, 0.0865, 0.0495, 0.0311, 0.0302, 0.0239, 0.0201, 0.0178, 0.0151]","[0.21, 0.2, 0.439, 0.046, 0.129, 0.302, 0.229, 0.463, 0.087, 0.221]",1996,0.06724207103252411,-0.3468170154871064,
30,T7,1927,0.5883222493082614,0.13963308866795093,-0.171249183622926,0.033225122062948476,-0.022911954276824912,-0.0010301667482814955,-0.19141337999629504,0.30568352341651917,0.14304988086223602,0.09460331499576569,0.448733389377594,0.6785192489624023,0.783478856086731,3,34,81,"[0.3057, 0.143, 0.0946, 0.0805, 0.0547, 0.0284, 0.0234, 0.0228, 0.0173, 0.0131]","[0.588, 0.14, 0.171, 0.036, 0.364, 0.067, 0.033, 0.37, 0.082, 0.027]",1996,0.18390201032161713,-0.6133418252050196,
30,T8,1927,0.03131806739320302,-0.8875841698858868,-0.23402674248810937,0.0482939752545158,-0.015381511029086139,-0.00337265891345438,0.15826886727295364,0.2982473075389862,0.23135501146316528,0.12641751766204834,0.5296022891998291,0.747189462184906,0.8614054322242737,2,15,31,"[0.2982, 0.2314, 0.1264, 0.0548, 0.0364, 0.0337, 0.0244, 0.0196, 0.019, 0.0176]","[0.031, 0.888, 0.234, 0.306, 0.176, 0.136, 0.173, 0.076, 0.031, 0.002]",1996,0.14640407264232635,-0.038033174182192216,
30,R0,1927,0.10250267403758867,0.8144805938793148,-0.25267059311965395,0.06579517500712992,0.03162909737005968,-0.009989314914706168,0.13463753673575157,0.35650375485420227,0.20128600299358368,0.09867554903030396,0.5577897429466248,0.7808241248130798,0.8737882971763611,1,14,32,"[0.3565, 0.2013, 0.0987, 0.0817, 0.0426, 0.0264, 0.0239, 0.0167, 0.0144, 0.0116]","[0.103, 0.814, 0.253, 0.184, 0.115, 0.151, 0.059, 0.017, 0.019, 0.058]",1996,0.1375269740819931,-0.03464968643331949,
30,R1,1927,-0.05371717075132251,-0.8135168585629131,0.19814257997640636,-0.03997034808400936,0.043607582150107335,0.0292878790576563,-0.12542628714685644,0.27647489309310913,0.21052485704421997,0.144076868891716,0.4869997501373291,0.7261118292808533,0.8393356204032898,1,19,45,"[0.2765, 0.2105, 0.1441, 0.0568, 0.0382, 0.0369, 0.0272, 0.0204, 0.0159, 0.0128]","[0.054, 0.814, 0.198, 0.115, 0.128, 0.177, 0.067, 0.011, 0.027, 0.022]",1996,0.15141360461711884,-0.07884541197622681,
30,R2,1927,0.07457359069879534,-0.6850177161073742,-0.4206494769895592,0.032475754543225134,-0.09532827418510709,0.014597559166003367,0.019681868719872177,0.41465410590171814,0.18570509552955627,0.07685735821723938,0.6003592014312744,0.7837051153182983,0.8685374855995178,3,15,33,"[0.4147, 0.1857, 0.0769, 0.0619, 0.0445, 0.032, 0.0154, 0.014, 0.0125, 0.0108]","[0.075, 0.685, 0.421, 0.363, 0.263, 0.057, 0.106, 0.016, 0.008, 0.041]",1996,0.16064117848873138,0.10313793409592761,
30,R3,1927,0.21146722228997994,0.530931036517454,-0.5389979742911433,-0.020396158837564415,0.006513908367138522,0.12128698411692758,0.02198066908450842,0.41032835841178894,0.2853153347969055,0.038515664637088776,0.6956436634063721,0.8000431656837463,0.8774381875991821,3,14,32,"[0.4103, 0.2853, 0.0385, 0.0371, 0.0288, 0.0203, 0.0176, 0.0154, 0.0134, 0.0107]","[0.211, 0.531, 0.539, 0.027, 0.127, 0.127, 0.216, 0.21, 0.325, 0.056]",1996,0.39254996180534363,-0.37340173527309595,
30,R4,1927,0.3913413637902238,0.539774097505106,-0.1939072942507397,0.016092459918136542,-0.03765797244951972,0.026433192826906465,-0.09148209636139551,0.3808373510837555,0.26828673481941223,0.07505577802658081,0.6491240859031677,0.8077845573425293,0.8942620754241943,4,11,25,"[0.3808, 0.2683, 0.0751, 0.0517, 0.0319, 0.0251, 0.0203, 0.0168, 0.0136, 0.0107]","[0.391, 0.54, 0.194, 0.094, 0.558, 0.187, 0.319, 0.07, 0.025, 0.187]",1996,0.33981621265411377,-0.5201292425350516,
30,R5,1927,-0.08424995565515951,-0.13793449414449455,-0.08416909775342658,-0.09825785404753949,0.014927718889234737,0.21175857740522727,0.06066475010167975,0.21556033194065094,0.19046539068222046,0.10026021301746368,0.4060257077217102,0.6182657480239868,0.7564917206764221,2,39,90,"[0.2156, 0.1905, 0.1003, 0.0647, 0.0473, 0.0421, 0.0272, 0.0268, 0.0246, 0.0176]","[0.084, 0.138, 0.084, 0.743, 0.05, 0.365, 0.069, 0.163, 0.007, 0.046]",1996,0.08535248786211014,0.17470727436834788,
30,R6,1927,-0.7526693013791159,0.3854933572363936,0.017261156963090035,-0.11172930240720998,-0.07684357843491992,0.011097192279705227,0.028862783029290642,0.2640257477760315,0.1499820202589035,0.1276884526014328,0.4140077829360962,0.6955735683441162,0.8357126712799072,2,18,38,"[0.264, 0.15, 0.1277, 0.0855, 0.0683, 0.041, 0.0324, 0.028, 0.0214, 0.0174]","[0.753, 0.385, 0.017, 0.158, 0.267, 0.179, 0.016, 0.248, 0.077, 0.092]",1996,0.18036457896232605,0.36213968227335436,
30,R7,1927,-0.7161533097762777,-0.03905509817421401,0.011989564197171856,-0.033556829669336596,0.012358526184819713,-0.014616878225846237,0.126843868773226,0.29841697216033936,0.1885736882686615,0.10869644582271576,0.48699066042900085,0.7325837016105652,0.8385539650917053,2,19,39,"[0.2984, 0.1886, 0.1087, 0.0841, 0.0527, 0.0326, 0.0269, 0.019, 0.015, 0.0124]","[0.716, 0.039, 0.012, 0.089, 0.552, 0.049, 0.083, 0.136, 0.014, 0.06]",1996,0.3372197151184082,0.691174858759689,
31,T0,1927,-0.6259977405857644,0.6176167589521966,-0.20660946065275404,-0.12863557423797486,0.046891474314571184,0.028276888471525388,-0.021062647696281564,0.5314045548439026,0.1565365344285965,0.09434450417757034,0.6879410743713379,0.8527529239654541,0.907247006893158,2,10,22,"[0.5314, 0.1565, 0.0943, 0.0447, 0.0257, 0.0159, 0.0116, 0.0099, 0.0093, 0.0078]","[0.626, 0.618, 0.207, 0.011, 0.182, 0.13, 0.133, 0.022, 0.073, 0.027]",1996,0.15021038055419922,0.11972142864181164,
31,T1,1927,0.5722962853202898,-0.500573124568221,-0.11212302423217044,0.01056036514160777,0.014060540051802423,-0.12809458807381507,-0.03610379627065745,0.30630427598953247,0.18744677305221558,0.08556120842695236,0.49375104904174805,0.6791373491287231,0.7888776659965515,3,30,71,"[0.3063, 0.1874, 0.0856, 0.0706, 0.0292, 0.0283, 0.0273, 0.0219, 0.0186, 0.0136]","[0.572, 0.501, 0.112, 0.273, 0.24, 0.379, 0.093, 0.172, 0.028, 0.094]",1996,0.14466436207294464,-0.6801452272762124,
31,T2,1927,0.1909376094667031,-0.7744389527578176,0.32545969161523514,-0.03755713798421407,-0.01699874933768299,-0.05912642464619846,-0.15300147830853994,0.3493179380893707,0.2312299609184265,0.1092497855424881,0.5805479288101196,0.7637107968330383,0.8555603623390198,2,17,37,"[0.3493, 0.2312, 0.1092, 0.0402, 0.0337, 0.027, 0.0204, 0.018, 0.0154, 0.0111]","[0.191, 0.774, 0.325, 0.169, 0.025, 0.176, 0.017, 0.058, 0.159, 0.007]",1996,0.1881898194551468,-0.26402571370781475,
31,T3,1927,0.5719542060044158,-0.21791290193486673,-0.5759676543382136,0.01885637244615718,-0.0868468449782086,-0.008782323467269273,0.00875611754132838,0.4370883107185364,0.16962040960788727,0.10718391090631485,0.6067087054252625,0.7978461980819702,0.8704983592033386,3,15,38,"[0.4371, 0.1696, 0.1072, 0.0517, 0.0322, 0.0223, 0.0169, 0.0129, 0.0117, 0.0088]","[0.572, 0.218, 0.576, 0.318, 0.219, 0.219, 0.165, 0.028, 0.004, 0.049]",1996,0.22830013930797577,-0.6145796798615825,
31,T4,1927,-0.21373945952041687,-0.10073736248925445,0.009509202725859636,-0.02791177078410085,0.11141819082340892,0.05709575140705502,-0.035981543097527394,0.2788035571575165,0.1696806252002716,0.06841284036636353,0.4484841823577881,0.6149308085441589,0.7384614944458008,2,44,102,"[0.2788, 0.1697, 0.0684, 0.056, 0.0421, 0.0354, 0.0286, 0.023, 0.0187, 0.0178]","[0.214, 0.101, 0.01, 0.057, 0.664, 0.147, 0.372, 0.106, 0.112, 0.059]",1996,0.04548725113272667,0.3744738945502635,
31,T5,1927,-0.41724063664034017,0.4905163748513901,-0.28434634914185736,-0.10063780303262906,-0.2881831656589561,0.07335488033552509,0.09632017987036313,0.24890770018100739,0.15908515453338623,0.14346829056739807,0.4079928398132324,0.6535171866416931,0.7722417116165161,2,34,81,"[0.2489, 0.1591, 0.1435, 0.058, 0.044, 0.0389, 0.0233, 0.0222, 0.0197, 0.0147]","[0.417, 0.491, 0.284, 0.214, 0.196, 0.055, 0.292, 0.097, 0.072, 0.034]",1996,0.12141679972410202,0.2715961409239838,
31,T6,1927,0.2733529501253738,-0.03608478718750176,0.5335015494819488,0.0095752632422167,0.035026744005814826,-0.11594467831025017,0.09099124241689906,0.312913715839386,0.1650906205177307,0.07531581073999405,0.4780043363571167,0.636476457118988,0.7525969743728638,3,40,96,"[0.3129, 0.1651, 0.0753, 0.0478, 0.0353, 0.0309, 0.0255, 0.0219, 0.0209, 0.0169]","[0.273, 0.036, 0.534, 0.273, 0.407, 0.16, 0.076, 0.101, 0.398, 0.058]",1996,0.07529600709676743,-0.3892058921924807,
31,T7,1927,0.5912730355261478,0.04584253419507609,-0.1978733878304072,0.030693491922232426,0.0019358230771196762,-0.009160415035389464,-0.22156410857946082,0.330773264169693,0.13694384694099426,0.09253929555416107,0.46771711111068726,0.6799319386482239,0.7823712229728699,2,33,79,"[0.3308, 0.1369, 0.0925, 0.069, 0.0507, 0.03, 0.0229, 0.0193, 0.0176, 0.0126]","[0.591, 0.046, 0.198, 0.306, 0.297, 0.099, 0.106, 0.018, 0.233, 0.112]",1996,0.2083306461572647,-0.6331084185561776,
31,T8,1927,-0.40528601133680103,-0.761613270819112,0.21323645680206965,-0.018134518282158396,-0.07489743619304416,0.003548229795682896,0.13575129668638516,0.3017524778842926,0.24372029304504395,0.1275089979171753,0.5454727411270142,0.763738751411438,0.8709883093833923,3,14,29,"[0.3018, 0.2437, 0.1275, 0.0548, 0.0359, 0.0316, 0.0236, 0.0199, 0.0169, 0.0153]","[0.405, 0.762, 0.213, 0.357, 0.124, 0.114, 0.083, 0.095, 0.089, 0.011]",1996,0.15304742753505707,0.11933678250467807,
31,R0,1927,-0.1687317111551397,-0.9155730048822628,0.02417028208796227,0.01670484348752201,0.034605979429753526,0.03354950982099494,0.08589579333453129,0.37936192750930786,0.2293098270893097,0.07838383316993713,0.6086717844009399,0.7909480333328247,0.8814003467559814,1,13,29,"[0.3794, 0.2293, 0.0784, 0.0658, 0.0381, 0.0263, 0.0228, 0.0162, 0.014, 0.0112]","[0.169, 0.916, 0.024, 0.187, 0.039, 0.185, 0.015, 0.009, 0.02, 0.062]",1996,0.14940528571605682,0.03434699634108855,
31,R1,1927,-0.20360179841397358,-0.8688252956323278,0.03848991882089614,-0.00814937467568158,-0.07281816333206031,0.041326409165571835,0.06435048785245037,0.3134174644947052,0.2241617888212204,0.1271953284740448,0.5375792384147644,0.7553277611732483,0.8615987300872803,1,16,37,"[0.3134, 0.2242, 0.1272, 0.05, 0.0406, 0.0393, 0.0215, 0.0196, 0.0143, 0.0116]","[0.204, 0.869, 0.038, 0.205, 0.156, 0.22, 0.019, 0.044, 0.005, 0.041]",1996,0.1491895467042923,0.1085552387113292,
31,R2,1927,-0.001878458405866234,0.7050868463304889,0.41505433919602325,0.022470572870816472,-0.08921777829458988,0.040546931077267145,0.0036370918610209926,0.32304105162620544,0.24066781997680664,0.07830995321273804,0.5637089014053345,0.739282488822937,0.8363750576972961,2,20,48,"[0.323, 0.2407, 0.0783, 0.0601, 0.0371, 0.0321, 0.023, 0.0161, 0.0137, 0.0122]","[0.002, 0.705, 0.415, 0.185, 0.252, 0.021, 0.027, 0.099, 0.031, 0.011]",1996,0.196311816573143,0.1268396819955108,
31,R3,1927,0.47416087375465815,0.21269106822681655,-0.36242772226131026,-0.0018854385611383991,0.007821992648731037,0.11670294881917824,-0.4390537068237039,0.4027039706707001,0.2096397876739502,0.07395476847887039,0.6123437881469727,0.7694929242134094,0.8572142124176025,3,16,37,"[0.4027, 0.2096, 0.074, 0.0436, 0.0396, 0.0268, 0.0182, 0.0171, 0.0137, 0.012]","[0.474, 0.213, 0.362, 0.108, 0.196, 0.047, 0.28, 0.447, 0.292, 0.006]",1996,0.4820860028266907,-0.7103430066890669,
31,R4,1927,0.6362527148333444,-0.03713055060776327,0.0181939421706585,0.08542005737979513,-0.022246115429651846,0.0954515333984119,-0.2901049185610127,0.39681825041770935,0.19859813153743744,0.0825992226600647,0.5954163670539856,0.7797442674636841,0.8767333030700684,2,14,32,"[0.3968, 0.1986, 0.0826, 0.0619, 0.0398, 0.0282, 0.0251, 0.0171, 0.0145, 0.0121]","[0.636, 0.037, 0.018, 0.213, 0.426, 0.288, 0.11, 0.167, 0.204, 0.086]",1996,0.38876399397850037,-0.8612700239753611,
31,R5,1927,0.08928195332703397,-0.06757756456043341,-0.1257360956517726,0.0883815246188262,-0.03700518297004894,-0.20692367154484168,-0.08289065439415293,0.22541967034339905,0.16602495312690735,0.09618909657001495,0.3914446234703064,0.6146699786186218,0.7487703561782837,3,41,96,"[0.2254, 0.166, 0.0962, 0.0706, 0.0565, 0.0447, 0.0318, 0.022, 0.0194, 0.0163]","[0.089, 0.068, 0.126, 0.539, 0.457, 0.06, 0.354, 0.035, 0.073, 0.014]",1996,0.10888879746198654,-0.16101369429183268,
31,R6,1927,-0.7978515783783166,-0.33528853361528205,-0.017971962280992553,-0.1325094807394069,-0.0967972858386331,-0.018674003616366324,0.02660739879930928,0.30782848596572876,0.18480966985225677,0.12580184638500214,0.49263817071914673,0.7325257658958435,0.8473522067070007,2,16,35,"[0.3078, 0.1848, 0.1258, 0.0663, 0.0478, 0.032, 0.0263, 0.0242, 0.0187, 0.0136]","[0.798, 0.335, 0.018, 0.149, 0.278, 0.104, 0.104, 0.112, 0.029, 0.096]",1996,0.21339021623134613,0.48079389243812537,
31,R7,1927,-0.7032143802150947,0.07915280185091292,0.05856285308554794,-0.04502914216145116,-0.021770183767408316,-0.03224036773223358,0.180170190786368,0.37807247042655945,0.15184573829174042,0.09167719632387161,0.5299181938171387,0.7375876307487488,0.8434808254241943,2,18,39,"[0.3781, 0.1518, 0.0917, 0.0685, 0.0475, 0.0329, 0.0225, 0.021, 0.0161, 0.0135]","[0.703, 0.079, 0.059, 0.044, 0.519, 0.056, 0.037, 0.07, 0.112, 0.095]",1996,0.4114975929260254,0.7552064441630357,
32,T0,1927,-0.6573030167202011,0.5535089493533916,-0.35198321562132506,-0.14469417030176696,0.036028302866370245,0.031153311456920046,-0.040792287871757885,0.4862530529499054,0.17082209885120392,0.0956130176782608,0.6570751667022705,0.8456602692604065,0.904527485370636,3,10,23,"[0.4863, 0.1708, 0.0956, 0.0661, 0.0269, 0.017, 0.0125, 0.0112, 0.0094, 0.0087]","[0.657, 0.554, 0.352, 0.13, 0.193, 0.107, 0.023, 0.007, 0.104, 0.042]",1996,0.14064688980579376,0.13178706494993722,
32,T1,1927,0.6398272912322541,-0.3032171187749709,-0.0595963508354006,0.008857129389539918,0.02226041618752923,-0.1076218102143157,-0.01661923648047135,0.2995429039001465,0.17765803635120392,0.09710563719272614,0.4772009253501892,0.6740397810935974,0.7836052179336548,3,32,76,"[0.2995, 0.1777, 0.0971, 0.0656, 0.0341, 0.0305, 0.0288, 0.0207, 0.0163, 0.0133]","[0.64, 0.303, 0.06, 0.247, 0.427, 0.095, 0.07, 0.01, 0.104, 0.12]",1996,0.15656499564647675,-0.6855895712610222,
32,T2,1927,0.7435688674476602,0.26247127347086835,0.26093295397725924,-0.02685089589719638,-0.02310356020098924,-0.036767031662222636,-0.13302399950464922,0.3386981189250946,0.21273064613342285,0.12759214639663696,0.5514287948608398,0.7558910846710205,0.849921703338623,1,18,41,"[0.3387, 0.2127, 0.1276, 0.0452, 0.0317, 0.0295, 0.0229, 0.0166, 0.0145, 0.0105]","[0.744, 0.262, 0.261, 0.115, 0.047, 0.024, 0.154, 0.007, 0.029, 0.011]",1996,0.23564507067203522,-0.6369629183940722,
32,T3,1927,0.630312170485688,-0.4243650926951965,-0.2824102150280181,0.030004613048063733,-0.05850237808706258,-0.032015240661490404,-0.06518448938301862,0.31038540601730347,0.17766614258289337,0.1541379988193512,0.48805153369903564,0.7452853918075562,0.8352113366127014,3,21,53,"[0.3104, 0.1777, 0.1541, 0.0632, 0.0399, 0.0306, 0.0201, 0.0166, 0.0117, 0.0109]","[0.63, 0.424, 0.282, 0.334, 0.232, 0.183, 0.12, 0.027, 0.032, 0.011]",1996,0.2322985976934433,-0.6613357433692971,
32,T4,1927,-0.22142983847370518,-0.05862829373044947,-0.05146726924690146,-0.044152470596716835,0.10849020998825218,0.07830026510056494,-0.04696138526618815,0.26393553614616394,0.15997421741485596,0.06718231737613678,0.4239097535610199,0.5930589437484741,0.7161853313446045,1,50,117,"[0.2639, 0.16, 0.0672, 0.0567, 0.0453, 0.0338, 0.0297, 0.0239, 0.0191, 0.0166]","[0.221, 0.059, 0.051, 0.041, 0.726, 0.133, 0.135, 0.15, 0.055, 0.121]",1996,0.04606083780527115,0.344045330367816,
32,T5,1927,-0.3726733970410968,-0.5452057348710673,-0.23826271938199678,-0.08620025507690637,-0.2675055577026783,0.07462313558195494,0.07543671700555078,0.22993354499340057,0.17471690475940704,0.14682792127132416,0.4046504497528076,0.652569055557251,0.7681372165679932,2,35,85,"[0.2299, 0.1747, 0.1468, 0.0573, 0.0438, 0.0381, 0.025, 0.0203, 0.0177, 0.0145]","[0.373, 0.545, 0.238, 0.145, 0.198, 0.148, 0.107, 0.3, 0.083, 0.047]",1996,0.122548907995224,0.24164320629507924,
32,T6,1927,0.26816177011450504,-0.11619567902795012,0.4434822129477832,-0.01638977499447212,0.03984100827629679,-0.11514780471023647,0.06796594595796837,0.2910080850124359,0.15210752189159393,0.07494174689054489,0.44311559200286865,0.6101537346839905,0.7289193272590637,3,47,111,"[0.291, 0.1521, 0.0749, 0.0548, 0.0373, 0.0317, 0.0242, 0.0236, 0.0225, 0.0167]","[0.268, 0.116, 0.443, 0.502, 0.222, 0.16, 0.171, 0.319, 0.072, 0.031]",1996,0.08082941919565201,-0.3992786434164207,
32,T7,1927,0.6175857172959289,0.05120605683788341,-0.2727417307031672,0.03671179465584469,-0.002030134030181421,0.007022709850789811,-0.18554026606047452,0.3253920376300812,0.13451024889945984,0.09449713677167892,0.459902286529541,0.6669246554374695,0.7716655731201172,2,34,82,"[0.3254, 0.1345, 0.0945, 0.0717, 0.0408, 0.0322, 0.0224, 0.0194, 0.0175, 0.0132]","[0.618, 0.051, 0.273, 0.343, 0.139, 0.12, 0.049, 0.118, 0.275, 0.07]",1996,0.21663333475589752,-0.6334137275814203,
32,T8,1927,-0.7307896883661997,-0.38139195598853887,-0.2184390963848768,-0.03913601247763339,-0.0671186859828773,0.0253345385436814,0.11823986785926369,0.3072262406349182,0.24577908217906952,0.1407865732908249,0.5530053377151489,0.7885165214538574,0.8783515095710754,3,13,28,"[0.3072, 0.2458, 0.1408, 0.0619, 0.0328, 0.0245, 0.0209, 0.0175, 0.0137, 0.0132]","[0.731, 0.381, 0.218, 0.375, 0.026, 0.074, 0.02, 0.067, 0.11, 0.039]",1996,0.1693936288356781,0.318159272593025,
32,R0,1927,-0.48700730578902995,0.6719195430731546,0.09673706749713704,0.004475149030921349,-0.004471875540632236,0.06033418675982609,0.058311479877743384,0.3860509693622589,0.24618327617645264,0.07943948358297348,0.6322342157363892,0.7917881011962891,0.878897488117218,2,13,29,"[0.3861, 0.2462, 0.0794, 0.0448, 0.0353, 0.0269, 0.0232, 0.0143, 0.0128, 0.0098]","[0.487, 0.672, 0.097, 0.109, 0.027, 0.056, 0.14, 0.002, 0.002, 0.106]",1996,0.16587699949741364,0.2411324192199693,
32,R1,1927,-0.4511651584788486,-0.7326036745855945,0.06039455565228831,0.0036929897996425165,-0.07859909319915322,0.07217767543870268,-0.0018014674311390075,0.32763874530792236,0.2169678807258606,0.11851079761981964,0.544606626033783,0.7591431140899658,0.86011803150177,2,16,36,"[0.3276, 0.217, 0.1185, 0.0496, 0.0464, 0.0375, 0.0194, 0.0174, 0.0144, 0.0123]","[0.451, 0.733, 0.06, 0.234, 0.093, 0.204, 0.045, 0.011, 0.012, 0.027]",1996,0.14426670968532562,0.18643215168591332,
32,R2,1927,-0.7000925336590359,0.26197297111810125,-0.3740168861909549,0.017765471038359168,0.0012848170617588833,0.0680747347474115,0.08339684682797179,0.3436892330646515,0.23149698972702026,0.0827343612909317,0.5751862525939941,0.7539712190628052,0.8413716554641724,2,19,47,"[0.3437, 0.2315, 0.0827, 0.0521, 0.044, 0.0263, 0.0192, 0.0158, 0.014, 0.0121]","[0.7, 0.262, 0.374, 0.12, 0.121, 0.039, 0.151, 0.014, 0.077, 0.024]",1996,0.2126244455575943,0.6064697269444841,
32,R3,1927,0.5314915910693008,0.19498809678070658,-0.27274586867164585,-0.03173262005026082,-0.03746304021609257,0.09183578226191233,-0.3339761350146752,0.3813813626766205,0.1831267774105072,0.08623722195625305,0.5645081400871277,0.7474755048751831,0.8465456962585449,2,18,43,"[0.3814, 0.1831, 0.0862, 0.0539, 0.0428, 0.0261, 0.0243, 0.0188, 0.0162, 0.0137]","[0.531, 0.195, 0.273, 0.122, 0.229, 0.011, 0.567, 0.098, 0.208, 0.044]",1996,0.4616643190383911,-0.7254842081253235,
32,R4,1927,0.6163912425121599,-0.11307315770970233,-0.2750326793160946,0.08136825138065251,-0.024128959013816915,0.10338414955718485,-0.28297755530211305,0.36393681168556213,0.18466916680335999,0.0869474709033966,0.5486059784889221,0.7584043741226196,0.8641805648803711,3,16,36,"[0.3639, 0.1847, 0.0869, 0.0767, 0.0462, 0.0355, 0.0248, 0.018, 0.0155, 0.012]","[0.616, 0.113, 0.275, 0.04, 0.423, 0.323, 0.041, 0.264, 0.103, 0.065]",1996,0.37575986981391907,-0.8837894405611764,
32,R5,1927,0.08008373705445894,-0.1421608412454007,-0.5690566856905038,0.08316317777870577,-0.041834984136305355,-0.2228764289908818,-0.05558834242984961,0.20280340313911438,0.1496896743774414,0.09577864408493042,0.3524930775165558,0.5825662612915039,0.7184760570526123,3,49,114,"[0.2028, 0.1497, 0.0958, 0.0776, 0.0567, 0.039, 0.036, 0.0263, 0.018, 0.0166]","[0.08, 0.142, 0.569, 0.36, 0.314, 0.252, 0.1, 0.084, 0.102, 0.114]",1996,0.12709975242614746,-0.17084424422232553,
32,R6,1927,-0.8066305975591759,0.14788779310724698,-0.1883452065495469,-0.11022998244945505,-0.08701356723566248,-0.05222101359175524,0.059109104835484386,0.3069636821746826,0.19328057765960693,0.09771212190389633,0.5002442598342896,0.7167772650718689,0.8385467529296875,2,17,38,"[0.307, 0.1933, 0.0977, 0.0742, 0.0446, 0.0387, 0.028, 0.0205, 0.0194, 0.0151]","[0.807, 0.148, 0.188, 0.148, 0.37, 0.088, 0.08, 0.144, 0.002, 0.11]",1996,0.2796483039855957,0.6541852675681145,
32,R7,1927,-0.780225206031166,0.047815355722385815,0.09289461292616974,-0.008538488644777397,0.0050692984064688775,-0.02464122087795214,0.11052140157075817,0.40580257773399353,0.13660961389541626,0.10737165808677673,0.5424121618270874,0.7513493895530701,0.8525010943412781,2,17,38,"[0.4058, 0.1366, 0.1074, 0.0573, 0.0443, 0.0306, 0.0225, 0.0196, 0.0154, 0.013]","[0.78, 0.048, 0.093, 0.476, 0.095, 0.059, 0.083, 0.13, 0.037, 0.109]",1996,0.4294901490211487,0.6588987678338347,
33,T0,1927,-0.703370456137758,0.5135800655119173,-0.3034159204646035,-0.14556878150683236,0.049010862417512284,0.043586933272217854,-0.05359245179596568,0.4710802137851715,0.17268167436122894,0.09535221755504608,0.6437618732452393,0.8383705019950867,0.8994439840316772,3,11,25,"[0.4711, 0.1727, 0.0954, 0.075, 0.0242, 0.0183, 0.014, 0.0114, 0.0092, 0.0082]","[0.703, 0.514, 0.303, 0.128, 0.207, 0.075, 0.083, 0.065, 0.103, 0.053]",1996,0.1309073269367218,0.1193919333077563,
33,T1,1927,-0.6499800848568448,-0.10779325909147927,-0.05152491579897479,0.0008398612827644859,-0.03156533957738127,0.12077726572997893,0.00906058404024512,0.2815696895122528,0.1754799485206604,0.10470400005578995,0.4570496380329132,0.6547624468803406,0.7654327750205994,2,37,89,"[0.2816, 0.1755, 0.1047, 0.0596, 0.0334, 0.0326, 0.0296, 0.019, 0.017, 0.0126]","[0.65, 0.108, 0.052, 0.195, 0.37, 0.047, 0.21, 0.022, 0.104, 0.188]",1996,0.16089677810668945,0.6786779472967083,
33,T2,1927,-0.7185820842863678,-0.14469328931267852,0.41293538231517496,0.03008755237538734,0.021182739838486248,0.04696602945084214,0.12796088404441872,0.343633234500885,0.19588345289230347,0.11982202529907227,0.5395166873931885,0.743522584438324,0.8356781005859375,2,21,48,"[0.3436, 0.1959, 0.1198, 0.0495, 0.0347, 0.0283, 0.0212, 0.0162, 0.0148, 0.0117]","[0.719, 0.145, 0.413, 0.08, 0.048, 0.037, 0.091, 0.031, 0.022, 0.026]",1996,0.25159499049186707,0.6440761501376463,
33,T3,1927,0.6833438217415001,-0.2591244959720969,-0.13984834030680232,-0.01857114131884405,-0.05960626289891149,0.016566915977468153,-0.03258584227413892,0.23875592648983002,0.19501888751983643,0.1454971730709076,0.43377482891082764,0.6927288770675659,0.7999438643455505,2,29,71,"[0.2388, 0.195, 0.1455, 0.0699, 0.0436, 0.0366, 0.0245, 0.019, 0.0146, 0.0126]","[0.683, 0.259, 0.14, 0.338, 0.241, 0.231, 0.069, 0.084, 0.095, 0.037]",1996,0.22217558324337006,-0.6351787953090288,
33,T4,1927,0.26058805639641686,-0.007829874556231298,0.21788322707238714,0.024462985984104093,-0.12869960485550078,-0.09359210988621827,0.05789950030899303,0.24601437151432037,0.14420630037784576,0.07172663509845734,0.39022067189216614,0.567704975605011,0.6943807601928711,2,58,137,"[0.246, 0.1442, 0.0717, 0.055, 0.0508, 0.0339, 0.0279, 0.0246, 0.0207, 0.0195]","[0.261, 0.008, 0.218, 0.344, 0.613, 0.013, 0.015, 0.149, 0.135, 0.023]",1996,0.05148248001933098,-0.36056888033301393,
33,T5,1927,-0.4338421466043731,-0.5641506138515351,-0.09427982339408299,-0.07457521339699147,-0.30125561475986706,0.08301121159217555,0.12370940585258866,0.23671585321426392,0.163465216755867,0.1384401023387909,0.4001810550689697,0.6393683552742004,0.7559431195259094,3,39,97,"[0.2367, 0.1635, 0.1384, 0.0586, 0.0422, 0.0388, 0.0262, 0.0186, 0.0174, 0.0156]","[0.434, 0.564, 0.094, 0.144, 0.358, 0.037, 0.163, 0.271, 0.01, 0.128]",1996,0.1252691149711609,0.28024193041140893,
33,T6,1927,0.32209997788713984,0.1412953030831451,0.35315858052167765,-0.017068336788047683,0.040640628980783466,-0.12398278424673685,0.029165270848842625,0.262320876121521,0.14255395531654358,0.07493019104003906,0.4048748314380646,0.5804985761642456,0.7046290040016174,3,55,132,"[0.2623, 0.1426, 0.0749, 0.0612, 0.0395, 0.0325, 0.0263, 0.0247, 0.023, 0.0176]","[0.322, 0.141, 0.353, 0.587, 0.044, 0.187, 0.22, 0.18, 0.143, 0.109]",1996,0.08828829973936081,-0.453101485715314,
33,T7,1927,0.6133401867188791,-0.018450434911409283,-0.2992952115420936,0.013054461820151086,-0.0046770857819502555,-0.012637733082339652,-0.18264686490901472,0.3092247545719147,0.12651440501213074,0.0898442268371582,0.4357391595840454,0.6349037289619446,0.7471330761909485,2,40,98,"[0.3092, 0.1265, 0.0898, 0.0723, 0.0371, 0.0341, 0.0235, 0.0212, 0.0192, 0.0143]","[0.613, 0.018, 0.299, 0.348, 0.066, 0.112, 0.124, 0.135, 0.245, 0.152]",1996,0.2127739042043686,-0.6210991930122337,
33,T8,1927,-0.802694111947017,0.2500027977228957,-0.16985598466708135,-0.043674634895896444,-0.054162439982668634,0.03301872294014243,0.11384198847513209,0.3467847406864166,0.23004622757434845,0.14982905983924866,0.5768309831619263,0.810961127281189,0.8917275071144104,2,11,24,"[0.3468, 0.23, 0.1498, 0.0559, 0.0284, 0.0216, 0.0185, 0.017, 0.0123, 0.0114]","[0.803, 0.25, 0.17, 0.334, 0.012, 0.066, 0.036, 0.008, 0.072, 0.009]",1996,0.1865149885416031,0.408940434810202,
33,R0,1927,-0.7271599825649914,0.25556059396894276,0.2731500623831575,0.015788205330765828,-0.014263684699971142,0.06879773068638778,0.05953431695651139,0.401132196187973,0.2662190794944763,0.08459234982728958,0.667351245880127,0.8161338567733765,0.8896945118904114,1,12,26,"[0.4011, 0.2662, 0.0846, 0.0378, 0.0264, 0.0204, 0.0192, 0.0129, 0.0115, 0.0096]","[0.727, 0.256, 0.273, 0.008, 0.078, 0.061, 0.081, 0.091, 0.038, 0.088]",1996,0.20592071115970612,0.46057191261386604,
33,R1,1927,-0.5129005184359006,-0.6017071035404914,0.1518438972182841,-0.011594762246381408,-0.07978170807572922,0.12234258474481333,-0.04197352542458095,0.41697922348976135,0.2060130387544632,0.09063708782196045,0.6229922771453857,0.79655921459198,0.8806289434432983,2,13,29,"[0.417, 0.206, 0.0906, 0.0481, 0.0349, 0.0316, 0.0166, 0.0136, 0.0119, 0.0103]","[0.513, 0.602, 0.152, 0.185, 0.095, 0.187, 0.068, 0.052, 0.052, 0.02]",1996,0.14700132608413696,0.2154034937798505,
33,R2,1927,0.6812213595327319,-0.139842381224048,-0.519315549854652,-0.0003082551974379536,-0.04470870785091814,0.016274066906472914,-0.1594237101099807,0.3432040214538574,0.2581215500831604,0.0776587724685669,0.6013255715370178,0.768294095993042,0.852138102054596,2,18,44,"[0.3432, 0.2581, 0.0777, 0.0557, 0.0337, 0.0269, 0.0191, 0.0147, 0.0125, 0.0107]","[0.681, 0.14, 0.519, 0.044, 0.086, 0.016, 0.211, 0.018, 0.075, 0.048]",1996,0.2152755856513977,-0.7287128285440425,
33,R3,1927,0.5030229071554887,0.19243209088172564,-0.25880492190623844,0.05340280097916284,-0.03538563209631953,0.17047583112685033,-0.34473050798857374,0.35389116406440735,0.18760095536708832,0.09946735948324203,0.5414921045303345,0.7483643293380737,0.8471986651420593,2,18,44,"[0.3539, 0.1876, 0.0995, 0.062, 0.0454, 0.0277, 0.0237, 0.0174, 0.0163, 0.0138]","[0.503, 0.192, 0.259, 0.128, 0.16, 0.577, 0.128, 0.117, 0.204, 0.124]",1996,0.43234506249427795,-0.8539859955155124,
33,R4,1927,0.5642725217365382,-0.15793990793633508,-0.2907946776249662,0.06082664655147784,-0.03333289891924155,0.10167052713827229,-0.29375519116764043,0.3738681375980377,0.16956131160259247,0.08901166915893555,0.543429434299469,0.7512171864509583,0.8566197752952576,2,17,38,"[0.3739, 0.1696, 0.089, 0.0707, 0.0481, 0.0395, 0.0219, 0.0181, 0.0147, 0.0112]","[0.564, 0.158, 0.291, 0.106, 0.292, 0.474, 0.015, 0.175, 0.083, 0.025]",1996,0.38144025206565857,-0.879319082819051,
33,R5,1927,-0.042465117578104276,-0.12126009149338333,-0.7130893460292483,0.10059683677753346,-0.03611105051512371,-0.22410636444917334,-0.05363817443435762,0.20177768170833588,0.13008059561252594,0.09721238911151886,0.3318582773208618,0.5567275285720825,0.6965749263763428,1,59,138,"[0.2018, 0.1301, 0.0972, 0.0677, 0.0599, 0.0381, 0.038, 0.0297, 0.0176, 0.0164]","[0.042, 0.121, 0.713, 0.001, 0.28, 0.065, 0.242, 0.053, 0.034, 0.037]",1996,0.13069647550582886,-0.08498616139372252,
33,R6,1927,-0.8116337520007797,-0.07994187491465078,-0.23735134908574032,-0.06068064764000794,-0.06053780317655899,-0.01516390057833561,0.07664252439886482,0.3625086545944214,0.1875237077474594,0.10172618180513382,0.550032377243042,0.740207850933075,0.8460750579833984,2,17,35,"[0.3625, 0.1875, 0.1017, 0.0497, 0.0387, 0.0346, 0.0242, 0.0187, 0.0152, 0.0131]","[0.812, 0.08, 0.237, 0.034, 0.045, 0.302, 0.068, 0.094, 0.041, 0.07]",1996,0.28590157628059387,0.6583128992433422,
33,R7,1927,-0.7244999554303932,0.06683149281531432,-0.12707007223415664,-0.004248556669787283,-0.0003252030805170623,0.012027068125733092,0.1280384018347577,0.4220026731491089,0.12915460765361786,0.10980205237865448,0.5511572957038879,0.7512295842170715,0.849757194519043,2,17,38,"[0.422, 0.1292, 0.1098, 0.056, 0.0343, 0.0294, 0.0215, 0.0199, 0.0148, 0.0129]","[0.724, 0.067, 0.127, 0.547, 0.025, 0.033, 0.24, 0.054, 0.012, 0.097]",1996,0.4395538568496704,0.6506052793805933,
34,T0,1927,-0.8561381285303732,0.3156913723976691,-0.2370910680299431,-0.11311000546306518,0.019621481568573594,0.05992553759901416,-0.00839025740845457,0.48429030179977417,0.16749781370162964,0.09573519974946976,0.6517881155014038,0.8390680551528931,0.8982685804367065,2,11,25,"[0.4843, 0.1675, 0.0957, 0.0683, 0.0232, 0.0174, 0.0139, 0.0114, 0.0091, 0.0074]","[0.856, 0.316, 0.237, 0.221, 0.19, 0.07, 0.068, 0.065, 0.033, 0.062]",1996,0.13931067287921906,0.2640178510721851,
34,T1,1927,-0.6451913291423209,-0.015061988739616769,-0.06879742625768388,-0.0028728751768618815,-0.04998206550755767,0.1493489361080578,0.021877608714536093,0.28027355670928955,0.17269514501094818,0.10580883920192719,0.4529687166213989,0.6482429504394531,0.7601748108863831,1,38,92,"[0.2803, 0.1727, 0.1058, 0.0534, 0.0361, 0.033, 0.0305, 0.0184, 0.0166, 0.0135]","[0.645, 0.015, 0.069, 0.209, 0.07, 0.286, 0.257, 0.002, 0.057, 0.075]",1996,0.16379232704639435,0.6670381222960077,
34,T2,1927,-0.7266056867475649,-0.06377191809789771,0.46280773363090477,0.05272281597790106,0.01545762810930955,0.06341264909556274,0.11148329126083281,0.38205522298812866,0.15772275626659393,0.11421024799346924,0.5397779941558838,0.7419621348381042,0.8306858539581299,2,21,49,"[0.3821, 0.1577, 0.1142, 0.0517, 0.0362, 0.0248, 0.0196, 0.017, 0.014, 0.0133]","[0.727, 0.064, 0.463, 0.014, 0.056, 0.056, 0.046, 0.086, 0.051, 0.016]",1996,0.2777943015098572,0.6317219940241044,
34,T3,1927,0.6981389658197158,0.17652626808496186,-0.12171839659560439,-0.0783335730906746,-0.042811283058516794,0.06334541062307168,-0.03318192706246971,0.21299509704113007,0.18602481484413147,0.12833605706691742,0.39901989698410034,0.650970995426178,0.7727426290512085,3,35,86,"[0.213, 0.186, 0.1283, 0.0724, 0.0512, 0.0401, 0.0265, 0.0238, 0.0164, 0.015]","[0.698, 0.177, 0.122, 0.333, 0.213, 0.302, 0.08, 0.116, 0.019, 0.003]",1996,0.20579366385936737,-0.5145737066422907,
34,T4,1927,0.301610183264158,0.056493055579078084,-0.22422515832119722,-0.0028710171621412436,-0.14258053570037013,-0.08917315579873893,0.06819638623546499,0.23725217580795288,0.14339829981327057,0.07371959835290909,0.38065046072006226,0.5601785778999329,0.6898433566093445,2,60,144,"[0.2373, 0.1434, 0.0737, 0.0551, 0.0507, 0.0337, 0.0291, 0.0243, 0.0218, 0.0206]","[0.302, 0.056, 0.224, 0.633, 0.225, 0.105, 0.172, 0.148, 0.064, 0.031]",1996,0.05186852440237999,-0.37688368795290633,
34,T5,1927,-0.4816328584732847,-0.5243779399049706,0.019824499958498096,-0.057472368520466346,-0.3046306207309767,0.11490918048227464,0.11028252965795698,0.237457275390625,0.14755843579769135,0.14169003069400787,0.38501572608947754,0.6263498067855835,0.7460013031959534,3,42,104,"[0.2375, 0.1476, 0.1417, 0.0587, 0.0409, 0.0382, 0.0296, 0.0191, 0.0174, 0.0153]","[0.482, 0.524, 0.02, 0.029, 0.373, 0.042, 0.146, 0.071, 0.216, 0.126]",1996,0.11017104983329773,0.300087557921085,
34,T6,1927,-0.36013212620931834,0.1536733762813988,-0.060599334500730025,0.013934970517265279,-0.03253224329706146,0.13157939393843154,-0.02268305374155114,0.2606016993522644,0.1319732517004013,0.07199782878160477,0.3925749659538269,0.5788757801055908,0.7020055055618286,2,58,139,"[0.2606, 0.132, 0.072, 0.0659, 0.0484, 0.0316, 0.025, 0.0245, 0.0234, 0.0187]","[0.36, 0.154, 0.061, 0.696, 0.014, 0.136, 0.159, 0.069, 0.19, 0.083]",1996,0.09655867516994476,0.49406765013099885,
34,T7,1927,0.6046657563956584,0.054476881089336085,-0.44191685031502637,-0.0005261257510401072,-0.0013076564201391523,-0.035589626466613525,-0.21224330046622528,0.28409692645072937,0.1366538107395172,0.088716521859169,0.4207507371902466,0.6240844130516052,0.7377766370773315,2,43,105,"[0.2841, 0.1367, 0.0887, 0.0805, 0.0341, 0.0323, 0.0259, 0.0222, 0.0195, 0.0138]","[0.605, 0.054, 0.442, 0.084, 0.113, 0.081, 0.129, 0.172, 0.262, 0.2]",1996,0.19810178875923157,-0.6335379054429456,
34,T8,1927,-0.8736017536976791,-0.14751219726258474,-0.17437197644726185,-0.037111755905202826,-0.02539811168719177,0.05685535773635954,0.09694608935028794,0.38281941413879395,0.22409610450267792,0.15471400320529938,0.6069155335426331,0.836181104183197,0.904275119304657,1,10,21,"[0.3828, 0.2241, 0.1547, 0.0488, 0.0258, 0.0173, 0.0162, 0.0146, 0.0101, 0.0099]","[0.874, 0.148, 0.174, 0.27, 0.075, 0.076, 0.016, 0.011, 0.09, 0.056]",1996,0.2013815939426422,0.4728424137373876,
34,R0,1927,-0.8131082381988146,-0.17919865228873064,0.22712757655249186,0.01686591704321617,-0.00951387635537615,0.09264114253201959,0.05780568978019885,0.417699933052063,0.2819669842720032,0.09019093960523605,0.6996669173240662,0.8507447838783264,0.9086344838142395,1,9,21,"[0.4177, 0.282, 0.0902, 0.0395, 0.0214, 0.016, 0.0123, 0.012, 0.0101, 0.0075]","[0.813, 0.179, 0.227, 0.003, 0.019, 0.099, 0.035, 0.122, 0.037, 0.046]",1996,0.2237098067998886,0.5012481742893249,
34,R1,1927,-0.668515458312514,-0.41394862433063445,0.2130134983929661,0.008662059555783256,-0.04422660318849666,0.12662754559069397,-0.010630633183152383,0.4529764652252197,0.22536316514015198,0.07726877927780151,0.6783396005630493,0.8294118642807007,0.9003562927246094,2,10,23,"[0.453, 0.2254, 0.0773, 0.0426, 0.0312, 0.0239, 0.0151, 0.0119, 0.0109, 0.0091]","[0.669, 0.414, 0.213, 0.121, 0.155, 0.098, 0.076, 0.054, 0.037, 0.035]",1996,0.18619883060455322,0.36239771194870996,
34,R2,1927,-0.6848763398628539,-0.24422767220827812,0.26312726880512344,0.021651237905067497,0.0507611488359588,-0.0368984702922069,0.13820162881890663,0.4161134362220764,0.21706633269786835,0.08338838815689087,0.633179783821106,0.8051106929779053,0.8717412948608398,2,15,37,"[0.4161, 0.2171, 0.0834, 0.0616, 0.027, 0.0181, 0.0153, 0.0127, 0.0109, 0.0096]","[0.685, 0.244, 0.263, 0.406, 0.02, 0.025, 0.034, 0.059, 0.048, 0.035]",1996,0.25546911358833313,0.7296300888531988,
34,R3,1927,0.5412691532039337,0.07064756258663851,-0.24467166548306954,-0.015135354921464709,-0.023848488270128785,0.13635562192140932,-0.27694069062179016,0.33396610617637634,0.19988398253917694,0.09523236006498337,0.5338500738143921,0.7395702004432678,0.8393587470054626,2,20,48,"[0.334, 0.1999, 0.0952, 0.0629, 0.0476, 0.0317, 0.0212, 0.0172, 0.0167, 0.013]","[0.541, 0.071, 0.245, 0.023, 0.213, 0.499, 0.171, 0.037, 0.262, 0.053]",1996,0.40720564126968384,-0.8875966891718929,
34,R4,1927,0.5538992149773339,-0.24136753096699148,-0.33651422211403587,0.024277124911199075,-0.043890165478934845,0.08451108848365872,-0.24659378946702407,0.3830915093421936,0.1520620435476303,0.08768992125988007,0.5351535677909851,0.7356042861938477,0.8475520610809326,4,18,40,"[0.3831, 0.1521, 0.0877, 0.0596, 0.0531, 0.0412, 0.0238, 0.0181, 0.0159, 0.013]","[0.554, 0.241, 0.337, 0.044, 0.422, 0.304, 0.034, 0.154, 0.128, 0.09]",1996,0.37798264622688293,-0.8649567113536712,
34,R5,1927,-0.05167188862989908,0.24234332463320316,-0.6828367933033884,0.08741935137236201,-0.03819558232541057,-0.23493289978844215,-0.044233321839871005,0.19199730455875397,0.12900732457637787,0.10040975362062454,0.32100462913513184,0.543808102607727,0.6879183650016785,3,63,147,"[0.192, 0.129, 0.1004, 0.0633, 0.0591, 0.0437, 0.0357, 0.0298, 0.0182, 0.0167]","[0.052, 0.242, 0.683, 0.101, 0.034, 0.325, 0.306, 0.075, 0.0, 0.005]",1996,0.15172815322875977,-0.08754072335020137,
34,R6,1927,-0.8341401671941022,0.003605989657480021,0.2182036991918355,-0.04976431500085099,-0.0620926600708014,0.0022894873340360586,0.06447135381091144,0.3900151252746582,0.19564314186573029,0.10610681027173996,0.5856582522392273,0.7668195366859436,0.8613424897193909,1,15,32,"[0.39, 0.1956, 0.1061, 0.041, 0.0341, 0.0317, 0.0218, 0.0154, 0.0134, 0.0122]","[0.834, 0.004, 0.218, 0.0, 0.155, 0.24, 0.057, 0.051, 0.013, 0.072]",1996,0.2831234037876129,0.6169111800116484,
34,R7,1927,0.7010800388719114,0.0934430922653236,0.1406740812070651,-0.031821081634740345,0.016912934185557515,-0.02815520174692919,-0.09849284033380533,0.4479235112667084,0.13629470765590668,0.11104517430067062,0.5842182040214539,0.7750151753425598,0.8615418076515198,2,15,33,"[0.4479, 0.1363, 0.111, 0.0503, 0.0295, 0.0228, 0.0215, 0.0174, 0.0133, 0.0115]","[0.701, 0.093, 0.141, 0.566, 0.036, 0.069, 0.26, 0.057, 0.132, 0.0]",1996,0.4632641077041626,-0.6585919341848929,
35,T0,1927,-0.869176377116588,0.29123131501672955,-0.21292334970045038,-0.09912323762904042,0.02377293039236711,0.05565997328161542,0.03051322379321813,0.44737815856933594,0.17246362566947937,0.11327175050973892,0.6198418140411377,0.8301235437393188,0.8912310600280762,2,12,28,"[0.4474, 0.1725, 0.1133, 0.0717, 0.0253, 0.0181, 0.0141, 0.0116, 0.0093, 0.008]","[0.869, 0.291, 0.213, 0.311, 0.212, 0.039, 0.009, 0.049, 0.015, 0.048]",1996,0.15265020728111267,0.33006932064500005,
35,T1,1927,-0.6220720047233248,0.10239382588404275,-0.06777254457302408,0.015232924299276026,-0.05835516221014451,0.16069503219691977,0.003472790929353351,0.3090302050113678,0.15392640233039856,0.10396814346313477,0.46295660734176636,0.6489158868789673,0.7616733908653259,2,38,92,"[0.309, 0.1539, 0.104, 0.0466, 0.0354, 0.0321, 0.0304, 0.0181, 0.017, 0.0152]","[0.622, 0.102, 0.068, 0.186, 0.099, 0.43, 0.134, 0.01, 0.105, 0.099]",1996,0.16648739576339722,0.6207158328453637,
35,T2,1927,-0.7081684273517316,0.007980899060997816,0.5276050478415242,0.08201500527658549,0.0054885646182724485,0.04634074872850768,0.10652108138699962,0.3968329131603241,0.14328153431415558,0.10831218957901001,0.5401144623756409,0.7362443804740906,0.8238358497619629,2,22,52,"[0.3968, 0.1433, 0.1083, 0.0509, 0.0369, 0.0236, 0.0188, 0.0166, 0.0157, 0.013]","[0.708, 0.008, 0.528, 0.028, 0.089, 0.006, 0.055, 0.044, 0.034, 0.011]",1996,0.29198622703552246,0.6552356613777482,
35,T3,1927,0.6024444837175089,0.06529177739944585,0.00793636074879154,-0.06515691698326294,0.00044535605052015023,-0.02190970710103924,-0.055490465752749615,0.20561254024505615,0.17252984642982483,0.12980960309505463,0.378142386674881,0.6316682696342468,0.7598043084144592,2,38,92,"[0.2056, 0.1725, 0.1298, 0.0735, 0.0502, 0.0419, 0.0302, 0.0235, 0.0183, 0.0142]","[0.602, 0.065, 0.008, 0.377, 0.232, 0.286, 0.163, 0.098, 0.09, 0.012]",1996,0.20513638854026794,-0.6229089488313811,
35,T4,1927,0.28815902307251484,0.16692564654122166,-0.37218835542100515,0.021003397133886874,-0.13133425536375665,-0.084620687574129,0.07765245984522719,0.2331039011478424,0.13820871710777283,0.07905416935682297,0.37131261825561523,0.5548740029335022,0.6851176619529724,2,62,146,"[0.2331, 0.1382, 0.0791, 0.0558, 0.0487, 0.0308, 0.0305, 0.0255, 0.0228, 0.0206]","[0.288, 0.167, 0.372, 0.568, 0.174, 0.09, 0.057, 0.01, 0.033, 0.171]",1996,0.05093800276517868,-0.35233471989947546,
35,T5,1927,-0.43366500376278594,0.5038739031349179,0.39131038497891424,-0.04428229122202512,-0.29042304611407477,0.1312660798204554,0.08240535408386379,0.2607438862323761,0.1314001977443695,0.12748150527477264,0.3921440839767456,0.6206677556037903,0.7440232634544373,4,42,105,"[0.2607, 0.1314, 0.1275, 0.0604, 0.0407, 0.0365, 0.032, 0.0211, 0.0179, 0.0158]","[0.434, 0.504, 0.391, 0.01, 0.072, 0.363, 0.156, 0.05, 0.205, 0.029]",1996,0.08713514357805252,0.2339570214505408,
35,T6,1927,-0.4034972915063085,0.1428508227685299,0.22958952771427293,0.018373125261523942,-0.024854938323526882,0.13445800494768578,-0.04260994249791879,0.25957614183425903,0.12322690337896347,0.07056550681591034,0.3828030526638031,0.5753108859062195,0.6997476816177368,2,59,141,"[0.2596, 0.1232, 0.0706, 0.0667, 0.0552, 0.032, 0.0277, 0.0247, 0.0222, 0.0178]","[0.403, 0.143, 0.23, 0.608, 0.16, 0.229, 0.084, 0.041, 0.129, 0.058]",1996,0.1069338247179985,0.5051226087898171,
35,T7,1927,-0.6267716028278774,0.05247641050224334,-0.4211943192470169,0.010915215805617209,0.001383820093293953,0.03572253460328025,0.18257647836707083,0.2589901089668274,0.14346489310264587,0.08777030557394028,0.40245500206947327,0.6096556186676025,0.7263346314430237,2,48,115,"[0.259, 0.1435, 0.0878, 0.0833, 0.0362, 0.0308, 0.0279, 0.0224, 0.0191, 0.0165]","[0.627, 0.052, 0.421, 0.032, 0.122, 0.145, 0.153, 0.124, 0.271, 0.038]",1996,0.19271734356880188,0.6418513302899834,
35,T8,1927,-0.8358337167548392,-0.2799983427397102,0.045111541989360154,-0.011463803779802896,-0.015331001290764732,0.07514146861269416,0.06441280760925576,0.3675089180469513,0.21194672584533691,0.1747242957353592,0.5794556140899658,0.8281336426734924,0.8995662927627563,1,11,22,"[0.3675, 0.2119, 0.1747, 0.044, 0.0299, 0.0185, 0.018, 0.0148, 0.0109, 0.0092]","[0.836, 0.28, 0.045, 0.243, 0.178, 0.056, 0.06, 0.097, 0.043, 0.097]",1996,0.20708629488945007,0.5077016623780685,
35,R0,1927,-0.7959951971612325,-0.2002472971050116,0.299769856565263,0.022858654704765,-0.013201727816562306,0.09970144163075084,0.04352418354476268,0.39474907517433167,0.2864834666252136,0.08821657299995422,0.6812325716018677,0.8373547196388245,0.9004408717155457,1,10,24,"[0.3947, 0.2865, 0.0882, 0.046, 0.0219, 0.0172, 0.015, 0.0124, 0.01, 0.0085]","[0.796, 0.2, 0.3, 0.077, 0.066, 0.082, 0.057, 0.017, 0.047, 0.046]",1996,0.21752656996250153,0.5005794581435911,
35,R1,1927,-0.5537013164963426,-0.5144088326173107,-0.2744554270623099,0.030229390195873177,-0.03375252607433015,0.1451931502924901,-0.010672655412396282,0.4475501477718353,0.246148481965065,0.06594550609588623,0.6936986446380615,0.8294253945350647,0.8985817432403564,2,11,23,"[0.4476, 0.2461, 0.0659, 0.0449, 0.0249, 0.0215, 0.0147, 0.0138, 0.0102, 0.009]","[0.554, 0.514, 0.274, 0.022, 0.211, 0.011, 0.08, 0.032, 0.036, 0.047]",1996,0.18312996625900269,0.28542538023970565,
35,R2,1927,-0.621920403696574,-0.28283171264064205,0.26868403544186226,0.0010141335051878494,0.043026375641198746,-0.08596197832432671,0.13755462235979554,0.3980959951877594,0.20667988061904907,0.08453879505395889,0.6047759056091309,0.7927688956260681,0.862634539604187,2,16,41,"[0.3981, 0.2067, 0.0845, 0.0688, 0.0347, 0.02, 0.0148, 0.0134, 0.0118, 0.0099]","[0.622, 0.283, 0.269, 0.474, 0.008, 0.017, 0.054, 0.009, 0.084, 0.013]",1996,0.2430744618177414,0.7756646485655927,
35,R3,1927,0.5488446384647493,-0.03171666436900031,-0.25836809024043916,0.035355304355744986,-0.034758928642922696,0.14939467686325122,-0.27996583452898893,0.3041676878929138,0.19877798855304718,0.10901632905006409,0.5029456615447998,0.7245712280273438,0.8314979076385498,2,21,51,"[0.3042, 0.1988, 0.109, 0.0628, 0.0498, 0.0365, 0.0224, 0.0179, 0.0169, 0.0134]","[0.549, 0.032, 0.258, 0.031, 0.132, 0.545, 0.131, 0.245, 0.007, 0.076]",1996,0.37161317467689514,-0.8964593712844975,
35,R4,1927,0.5744635730221948,0.2909337404996278,-0.3070777426431264,0.020086141477756125,-0.051174538066356086,0.09285850484036727,-0.2148831493927131,0.36289533972740173,0.15864431858062744,0.08618723601102829,0.5215396881103516,0.7250697612762451,0.843264102935791,4,18,41,"[0.3629, 0.1586, 0.0862, 0.0656, 0.0517, 0.0396, 0.0254, 0.0219, 0.0161, 0.0151]","[0.574, 0.291, 0.307, 0.387, 0.112, 0.351, 0.037, 0.187, 0.078, 0.055]",1996,0.35154494643211365,-0.8551655373686171,
35,R5,1927,-0.13071761895137401,0.3502182715376364,-0.5242186096495475,-0.05480434235774491,0.06048424502097621,0.210068046589405,0.07605931503540266,0.17908824980258942,0.14204716682434082,0.09800819307565689,0.32113540172576904,0.5361630320549011,0.6833633184432983,3,66,154,"[0.1791, 0.142, 0.098, 0.0607, 0.0563, 0.0478, 0.036, 0.0285, 0.0181, 0.0168]","[0.131, 0.35, 0.524, 0.183, 0.149, 0.49, 0.214, 0.036, 0.051, 0.073]",1996,0.15761660039424896,0.3068450068973683,
35,R6,1927,-0.8141227849037497,-0.03756645244274293,-0.2738042260981458,-0.02131099846510492,-0.046969101939388726,0.023283382289146372,0.05933351675444637,0.40210625529289246,0.16679111123085022,0.10792289674282074,0.5688973665237427,0.7607325911521912,0.8616051077842712,2,15,33,"[0.4021, 0.1668, 0.1079, 0.049, 0.035, 0.0319, 0.0238, 0.0175, 0.0144, 0.0133]","[0.814, 0.038, 0.274, 0.022, 0.317, 0.067, 0.086, 0.028, 0.075, 0.147]",1996,0.2769833505153656,0.5928074253204758,
35,R7,1927,-0.7066081012860682,0.1297193549331525,0.09096497396491714,0.04552930659259398,-0.008674428468909987,0.04665380008146473,0.06471079806997383,0.43986794352531433,0.14150451123714447,0.1081119030714035,0.5813724398612976,0.775608479976654,0.8617339730262756,2,15,33,"[0.4399, 0.1415, 0.1081, 0.055, 0.0312, 0.0244, 0.0211, 0.0169, 0.0134, 0.0103]","[0.707, 0.13, 0.091, 0.567, 0.01, 0.2, 0.01, 0.036, 0.114, 0.029]",1996,0.4487876892089844,0.6598910066375545,
36,T0,1927,-0.8252879836383417,0.42484057605585257,-0.1909824233718693,-0.12033990284232021,0.02953308364299107,0.02475064670062822,0.018864295021767088,0.37248745560646057,0.23067714273929596,0.1135084480047226,0.6031646132469177,0.8076545596122742,0.8764291405677795,2,14,34,"[0.3725, 0.2307, 0.1135, 0.0635, 0.0274, 0.0213, 0.0159, 0.0129, 0.0097, 0.009]","[0.825, 0.425, 0.191, 0.235, 0.154, 0.053, 0.044, 0.025, 0.02, 0.074]",1996,0.15847232937812805,0.32665618219271675,
36,T1,1927,0.6065619818704181,0.09522143570769744,-0.0705764288801,-0.007733843653595756,0.07948344537394085,-0.1457674091038711,0.007146220419636808,0.3047373294830322,0.1502385139465332,0.0964743047952652,0.45497584342956543,0.6447392702102661,0.7584781646728516,2,39,94,"[0.3047, 0.1502, 0.0965, 0.0562, 0.037, 0.03, 0.0285, 0.0203, 0.0184, 0.0165]","[0.607, 0.095, 0.071, 0.08, 0.389, 0.232, 0.056, 0.041, 0.065, 0.056]",1996,0.1569768637418747,-0.6123017620587962,
36,T2,1927,-0.6797295458464819,0.07255558427134962,0.597964003277826,0.07955316755439198,-0.01706012211026726,0.025383267973506065,0.11402117824707782,0.425234317779541,0.13308970630168915,0.09352043271064758,0.5583240389823914,0.74208664894104,0.825969934463501,2,21,51,"[0.4252, 0.1331, 0.0935, 0.0533, 0.037, 0.0214, 0.0191, 0.0167, 0.0142, 0.0125]","[0.68, 0.073, 0.598, 0.027, 0.086, 0.006, 0.001, 0.016, 0.101, 0.033]",1996,0.3131137788295746,0.679447090887076,
36,T3,1927,-0.5364856169580412,-0.29586192561804353,0.2803763530731028,-0.048142546528766574,-0.012708748607115104,0.06842982197002506,0.0915875330215162,0.20863182842731476,0.16414044797420502,0.12607558071613312,0.3727722764015198,0.6293211579322815,0.7631142735481262,2,37,92,"[0.2086, 0.1641, 0.1261, 0.0788, 0.0517, 0.0472, 0.031, 0.0229, 0.0184, 0.0142]","[0.536, 0.296, 0.28, 0.345, 0.208, 0.288, 0.053, 0.065, 0.093, 0.011]",1996,0.19936014711856842,0.670177419277093,
36,T4,1927,0.29972585916176486,-0.2542029190647822,-0.3184978090943245,0.04655519671049168,-0.13767148299168636,-0.09636512375212845,0.11042759527013137,0.22458402812480927,0.14843814074993134,0.07265893369913101,0.3730221688747406,0.5487695932388306,0.6824929714202881,2,61,145,"[0.2246, 0.1484, 0.0727, 0.0555, 0.0476, 0.0336, 0.0321, 0.0255, 0.0218, 0.0206]","[0.3, 0.254, 0.318, 0.526, 0.214, 0.017, 0.089, 0.011, 0.053, 0.177]",1996,0.04901089891791344,-0.3338289057083602,
36,T5,1927,0.44640617421786954,-0.1311105572865905,0.6080082160586494,0.02896918382189713,0.273037089720795,-0.11818840129062759,-0.03644067075498149,0.2737691104412079,0.12074768543243408,0.11209996044635773,0.39451679587364197,0.6102473735809326,0.7406654357910156,2,44,110,"[0.2738, 0.1207, 0.1121, 0.0577, 0.0459, 0.0385, 0.0344, 0.0245, 0.0173, 0.0157]","[0.446, 0.131, 0.608, 0.075, 0.078, 0.02, 0.232, 0.1, 0.189, 0.174]",1996,0.0701630488038063,-0.21683849002383893,
36,T6,1927,-0.4059508280348472,0.12297380084741664,-0.06088698622472323,0.015447486198081577,-0.03947514644395326,0.12468530312801097,-0.05392606126309657,0.26433053612709045,0.11899220943450928,0.07047932595014572,0.38332274556159973,0.5717498064041138,0.6985984444618225,2,59,140,"[0.2643, 0.119, 0.0705, 0.0623, 0.0557, 0.0331, 0.0288, 0.0265, 0.0202, 0.0182]","[0.406, 0.123, 0.061, 0.701, 0.142, 0.17, 0.048, 0.059, 0.087, 0.046]",1996,0.10588276386260986,0.5094781607340346,
36,T7,1927,0.6069485861426337,0.01884201788787402,-0.4662135316650815,-0.01704222914674526,0.00925923492034748,-0.08700360663088001,-0.18941457777598197,0.23637822270393372,0.1476656049489975,0.08600622415542603,0.38404381275177,0.5908994078636169,0.7084755301475525,2,53,126,"[0.2364, 0.1477, 0.086, 0.0793, 0.0415, 0.0319, 0.0265, 0.0239, 0.0179, 0.0173]","[0.607, 0.019, 0.466, 0.044, 0.082, 0.194, 0.044, 0.173, 0.169, 0.144]",1996,0.1792713701725006,-0.6342984902740285,
36,T8,1927,-0.8253070664444666,-0.2386320089576557,-0.07524919596475002,-0.006534141342862705,-0.024365327785998665,0.06645071105432637,0.054362354369012766,0.3702109754085541,0.22685746848583221,0.1513320803642273,0.5970684289932251,0.8287642002105713,0.8998280763626099,1,11,23,"[0.3702, 0.2269, 0.1513, 0.047, 0.0334, 0.0193, 0.0171, 0.0138, 0.0111, 0.0098]","[0.825, 0.239, 0.075, 0.178, 0.209, 0.086, 0.004, 0.102, 0.089, 0.025]",1996,0.21723699569702148,0.5302392132854151,
36,R0,1927,-0.8063570638171774,-0.08097884785817819,0.40598269236358087,0.03446826183659119,-0.020736018450698442,0.08529966256532148,0.04345468486437511,0.4003647565841675,0.2730553150177002,0.08497203141450882,0.6734200716018677,0.8295514583587646,0.8986400961875916,2,11,23,"[0.4004, 0.2731, 0.085, 0.0486, 0.0226, 0.0193, 0.0152, 0.0123, 0.012, 0.0103]","[0.806, 0.081, 0.406, 0.085, 0.059, 0.125, 0.097, 0.018, 0.06, 0.092]",1996,0.21940916776657104,0.5364910133998011,
36,R1,1927,-0.437423906114207,-0.5833644350140875,0.35148085761196973,0.03538862284958656,-0.02885632579273034,0.15063483891724422,0.007921096625245948,0.3905004858970642,0.2667449116706848,0.05951092392206192,0.657245397567749,0.8010881543159485,0.8833067417144775,3,12,28,"[0.3905, 0.2667, 0.0595, 0.0449, 0.0395, 0.0223, 0.0205, 0.0163, 0.0134, 0.0097]","[0.437, 0.583, 0.351, 0.147, 0.11, 0.133, 0.133, 0.047, 0.061, 0.047]",1996,0.19048656523227692,0.2306269249970255,
36,R2,1927,-0.5734160752059978,-0.4139614027908301,-0.18589034671030633,0.004385893232320086,0.03592597860957973,-0.14544697518304142,0.13126324287589744,0.3828369975090027,0.20868772268295288,0.08159413188695908,0.5915247201919556,0.7734416723251343,0.8608564138412476,3,17,42,"[0.3828, 0.2087, 0.0816, 0.057, 0.0433, 0.0258, 0.0204, 0.0196, 0.0118, 0.0097]","[0.573, 0.414, 0.186, 0.523, 0.089, 0.019, 0.149, 0.03, 0.096, 0.041]",1996,0.21927765011787415,0.7460759404540313,
36,R3,1927,-0.5186086642186347,0.2093072912606926,-0.302480260451977,0.01759507958812806,0.07242928282569273,-0.2314217628933718,0.2309738028666663,0.3255368769168854,0.1947912871837616,0.11486294120550156,0.520328164100647,0.7383151054382324,0.8346928954124451,3,20,50,"[0.3255, 0.1948, 0.1149, 0.0574, 0.0457, 0.0276, 0.0217, 0.0172, 0.0166, 0.0132]","[0.519, 0.209, 0.302, 0.053, 0.048, 0.474, 0.104, 0.151, 0.261, 0.133]",1996,0.4120505750179291,0.8349289588176231,
36,R4,1927,-0.5846164301490319,-0.2894436194753421,-0.23537790331807604,-0.01365515553850637,0.05174564064083179,-0.09889863867154677,0.18011933622803336,0.3734923303127289,0.17552320659160614,0.08664090931415558,0.5490155220031738,0.740618884563446,0.8515791296958923,2,17,38,"[0.3735, 0.1755, 0.0866, 0.0608, 0.0442, 0.036, 0.0235, 0.0208, 0.0166, 0.0141]","[0.585, 0.289, 0.235, 0.17, 0.245, 0.473, 0.124, 0.144, 0.063, 0.086]",1996,0.3553845286369324,0.8489567405551024,
36,R5,1927,0.25873036256598353,0.18778260689819248,-0.3711661682438764,-0.005968271507556432,-0.07186813460895335,-0.12453471654952443,-0.16435218768446114,0.19362328946590424,0.12728506326675415,0.08118169009685516,0.3209083676338196,0.5229349136352539,0.671082615852356,3,69,161,"[0.1936, 0.1273, 0.0812, 0.0645, 0.0563, 0.0465, 0.037, 0.0234, 0.0224, 0.0189]","[0.259, 0.188, 0.371, 0.146, 0.432, 0.443, 0.229, 0.034, 0.116, 0.004]",1996,0.14626197516918182,-0.395415608294309,
36,R6,1927,-0.7768197464829543,-0.027116876913712926,-0.40048873904534193,0.0009592984995792652,-0.05192384389362203,0.02826215027485464,0.07082126758705118,0.4630160629749298,0.1491105705499649,0.09862761199474335,0.6121266484260559,0.7889942526817322,0.8714550733566284,2,14,29,"[0.463, 0.1491, 0.0986, 0.0491, 0.0292, 0.0214, 0.0202, 0.0161, 0.0132, 0.0116]","[0.777, 0.027, 0.4, 0.069, 0.277, 0.028, 0.089, 0.007, 0.153, 0.046]",1996,0.279036283493042,0.586598959839456,
36,R7,1927,-0.6895152646957453,0.22766259255107915,0.16035060882051408,0.07730574791845733,-0.02322498149659739,0.034684676315894454,0.033950863497878486,0.4773401916027069,0.13628031313419342,0.0979384109377861,0.6136205196380615,0.7956658005714417,0.8795331716537476,2,13,29,"[0.4773, 0.1363, 0.0979, 0.0491, 0.035, 0.0266, 0.0193, 0.0149, 0.0128, 0.0103]","[0.69, 0.228, 0.16, 0.536, 0.18, 0.224, 0.006, 0.02, 0.024, 0.002]",1996,0.43731364607810974,0.6573468590807504,
37,T0,1927,-0.9385666682624524,0.1661303719469958,-0.09995519480364708,-0.07672517577548967,-0.003373936317519655,0.044321922614235496,0.022750369709653936,0.3342287540435791,0.22894340753555298,0.12320515513420105,0.5631721615791321,0.7776964902877808,0.8545119762420654,1,17,45,"[0.3342, 0.2289, 0.1232, 0.0578, 0.0335, 0.0234, 0.0178, 0.0148, 0.0108, 0.01]","[0.939, 0.166, 0.1, 0.137, 0.109, 0.099, 0.052, 0.032, 0.043, 0.006]",1996,0.17523175477981567,0.45528014287029706,
37,T1,1927,0.5954120028684696,-0.1719365607091254,-0.09893465638517411,-0.021356289216883956,0.07633570953115998,-0.1368590328642913,0.0040231054074261795,0.2989408075809479,0.14365774393081665,0.09389930218458176,0.4425985515117645,0.6317377686500549,0.745445966720581,2,45,108,"[0.2989, 0.1437, 0.0939, 0.0583, 0.037, 0.0314, 0.0277, 0.0207, 0.0181, 0.0157]","[0.595, 0.172, 0.099, 0.075, 0.451, 0.045, 0.143, 0.027, 0.089, 0.068]",1996,0.1520015299320221,-0.6017219311004042,
37,T2,1927,-0.6569859228668767,0.09878215569723427,0.6113055725426672,0.08501025022234805,-0.025386491209393947,-0.022068636018861894,0.12897710791205497,0.4345501959323883,0.11660835891962051,0.0812980905175209,0.5511585474014282,0.7321534752845764,0.8215414881706238,2,23,55,"[0.4346, 0.1166, 0.0813, 0.0631, 0.0366, 0.0261, 0.0188, 0.0178, 0.0139, 0.0127]","[0.657, 0.099, 0.611, 0.049, 0.081, 0.031, 0.021, 0.018, 0.115, 0.017]",1996,0.32096755504608154,0.720707617892481,
37,T3,1927,0.6022470683821314,-0.03332305034520493,0.3314591211920397,-0.0016409969256908907,-0.0314219125958867,-0.01016192198824402,-0.08311892850392036,0.20461277663707733,0.1517358124256134,0.13606637716293335,0.35634857416152954,0.6251454949378967,0.7533289194107056,4,42,101,"[0.2046, 0.1517, 0.1361, 0.0779, 0.0548, 0.0444, 0.0308, 0.0214, 0.0175, 0.0141]","[0.602, 0.033, 0.331, 0.394, 0.047, 0.357, 0.092, 0.083, 0.109, 0.084]",1996,0.1963338404893875,-0.6417163019716218,
37,T4,1927,-0.29862414642921065,-0.21555859127846738,-0.2790067025068667,-0.029260430171578315,0.13297986938845976,0.10270150009574817,-0.11946119696153362,0.21448907256126404,0.12948466837406158,0.0723261758685112,0.3439737558364868,0.5237669348716736,0.6670136451721191,1,69,162,"[0.2145, 0.1295, 0.0723, 0.059, 0.0484, 0.0373, 0.036, 0.0271, 0.022, 0.0209]","[0.299, 0.216, 0.279, 0.557, 0.156, 0.081, 0.022, 0.104, 0.024, 0.001]",1996,0.04859483987092972,0.32149235401031506,
37,T5,1927,0.46446774515268496,0.29345368620439494,0.5778268854699772,0.011573009495386904,0.25811925231941424,-0.1003695305866739,-0.03194093735239791,0.25941380858421326,0.1123625710606575,0.1008247658610344,0.37177637219429016,0.584851086139679,0.7197315692901611,3,54,133,"[0.2594, 0.1124, 0.1008, 0.0645, 0.0477, 0.0419, 0.0326, 0.0259, 0.0176, 0.0169]","[0.464, 0.293, 0.578, 0.073, 0.0, 0.0, 0.315, 0.102, 0.21, 0.023]",1996,0.06760828197002411,-0.21098001484950044,
37,T6,1927,-0.42444364325875,0.11403108789414486,0.4382688749501075,0.012567500751160157,-0.033202412446593145,0.11387974206098296,-0.05133980867854068,0.2232784628868103,0.1197078675031662,0.06832336634397507,0.3429863452911377,0.5380417108535767,0.6717607975006104,3,68,162,"[0.2233, 0.1197, 0.0683, 0.0668, 0.0599, 0.037, 0.0288, 0.0279, 0.0206, 0.0195]","[0.424, 0.114, 0.438, 0.343, 0.282, 0.137, 0.159, 0.012, 0.131, 0.016]",1996,0.10675036907196045,0.5260042354596086,
37,T7,1927,0.6099504716804802,-0.0392758004007695,0.38151583764291586,-0.019565493929486148,-0.002310282817570302,-0.0881292654839504,-0.19590901663420365,0.2193106859922409,0.13046932220458984,0.0869617685675621,0.34978002309799194,0.5504688620567322,0.6759240627288818,2,67,158,"[0.2193, 0.1305, 0.087, 0.0707, 0.043, 0.0344, 0.0276, 0.0253, 0.0194, 0.0187]","[0.61, 0.039, 0.382, 0.242, 0.134, 0.248, 0.148, 0.149, 0.153, 0.023]",1996,0.16779711842536926,-0.6459723118801082,
37,T8,1927,-0.807191790985033,-0.21944969837703457,-0.14578133529494908,0.0006028983530852277,-0.026072478968132588,0.0635424821539999,0.040346581664338514,0.3606495261192322,0.2250034660100937,0.14102540910243988,0.5856530070304871,0.822711706161499,0.8954588174819946,1,11,24,"[0.3606, 0.225, 0.141, 0.0594, 0.0366, 0.02, 0.0166, 0.0139, 0.0117, 0.0105]","[0.807, 0.219, 0.146, 0.025, 0.249, 0.031, 0.047, 0.09, 0.014, 0.112]",1996,0.2143036127090454,0.5418290961676977,
37,R0,1927,-0.7719253036738004,0.11180210084525118,-0.48032611636651706,0.04482551996257772,-0.03388456003767176,-0.005902695706431828,0.07697706604724935,0.38061168789863586,0.27193793654441833,0.07712725549936295,0.6525496244430542,0.8138504028320312,0.8897408246994019,2,12,26,"[0.3806, 0.2719, 0.0771, 0.0569, 0.0272, 0.0181, 0.0175, 0.0153, 0.0134, 0.0116]","[0.772, 0.112, 0.48, 0.032, 0.081, 0.086, 0.042, 0.05, 0.085, 0.136]",1996,0.21119987964630127,0.6115529207898486,
37,R1,1927,-0.1282717418331394,-0.7698808576857349,0.1340238410835899,-0.030465810941849768,0.03226838630769721,-0.21814579123268701,0.08641832261394704,0.38878321647644043,0.2802613377571106,0.05495380237698555,0.669044554233551,0.8112128973007202,0.8906261920928955,2,12,26,"[0.3888, 0.2803, 0.055, 0.0458, 0.0414, 0.0258, 0.0172, 0.0157, 0.0107, 0.0099]","[0.128, 0.77, 0.134, 0.409, 0.075, 0.033, 0.005, 0.142, 0.07, 0.064]",1996,0.18786565959453583,0.3411012151895043,
37,R2,1927,-0.5211448025529358,-0.5079608318408221,-0.1342090355493146,0.010782949206272947,0.03886976663205698,-0.17177587012757736,0.11894533082163647,0.36764252185821533,0.21461428701877594,0.07951559126377106,0.5822567939758301,0.7625810503959656,0.8589468002319336,3,18,45,"[0.3676, 0.2146, 0.0795, 0.0561, 0.0447, 0.028, 0.0225, 0.0206, 0.014, 0.0114]","[0.521, 0.508, 0.134, 0.563, 0.182, 0.078, 0.138, 0.122, 0.008, 0.042]",1996,0.20598635077476501,0.7224844842618253,
37,R3,1927,-0.6085781099491498,0.16853076615511503,-0.30049195403335005,0.05696901392458298,0.0684200947137139,-0.19280325043623817,0.1412353548671089,0.30715906620025635,0.1879258006811142,0.12748007476329803,0.49508488178253174,0.7356471419334412,0.8339412808418274,5,21,51,"[0.3072, 0.1879, 0.1275, 0.0652, 0.0479, 0.0285, 0.0218, 0.0175, 0.0164, 0.0141]","[0.609, 0.169, 0.3, 0.037, 0.052, 0.39, 0.197, 0.319, 0.101, 0.309]",1996,0.39537036418914795,0.7170295249123536,
37,R4,1927,-0.6036264268339212,-0.24943938234656693,-0.24732864614064726,-0.024779439206408405,0.053146219367404414,-0.10761748556722307,0.17258776223650932,0.35254141688346863,0.18684008717536926,0.08825594186782837,0.5393815040588379,0.7329076528549194,0.8491095304489136,2,17,40,"[0.3525, 0.1868, 0.0883, 0.0617, 0.0436, 0.036, 0.0236, 0.022, 0.0194, 0.0152]","[0.604, 0.249, 0.247, 0.128, 0.174, 0.508, 0.021, 0.15, 0.138, 0.051]",1996,0.35881590843200684,0.85874370787272,
37,R5,1927,-0.27576393251192366,-0.15657554065545237,-0.2257193778920202,-0.011676374570773307,0.06087497961510902,0.1258344789671827,0.17630816631591023,0.17884519696235657,0.1258963793516159,0.07925477623939514,0.3047415614128113,0.5001928806304932,0.6482332944869995,2,78,180,"[0.1788, 0.1259, 0.0793, 0.0629, 0.0532, 0.0433, 0.0359, 0.026, 0.0225, 0.0204]","[0.276, 0.157, 0.226, 0.157, 0.628, 0.301, 0.292, 0.003, 0.09, 0.086]",1996,0.15125392377376556,0.4270751404910745,
37,R6,1927,-0.7771894641686358,0.03437232372453967,-0.3756305719132378,0.015247427258269745,-0.06029358124054723,0.026851512696805694,0.043305948523674136,0.4192884862422943,0.15038618445396423,0.0936281606554985,0.5696746706962585,0.7688994407653809,0.8648815155029297,2,15,31,"[0.4193, 0.1504, 0.0936, 0.0711, 0.0345, 0.0273, 0.0227, 0.0176, 0.0163, 0.0121]","[0.777, 0.034, 0.376, 0.172, 0.22, 0.178, 0.158, 0.064, 0.137, 0.033]",1996,0.2876487970352173,0.5826240612657241,
37,R7,1927,-0.6892064520569002,-0.16834714295992226,0.14824938268363033,0.06817626560618642,-0.014125531442621615,0.030646851611274593,-0.007841397245039253,0.45913323760032654,0.14254608750343323,0.09770527482032776,0.6016793251037598,0.792657196521759,0.8812245726585388,3,13,29,"[0.4591, 0.1425, 0.0977, 0.0523, 0.041, 0.0288, 0.0228, 0.0149, 0.0122, 0.0099]","[0.689, 0.168, 0.148, 0.42, 0.333, 0.256, 0.047, 0.03, 0.033, 0.01]",1996,0.4350368082523346,0.6552627521088573,
38,T0,1927,-0.9465799913935777,0.08921357436890819,-0.07786303593602034,-0.06402397746502869,-0.02581219356730973,0.040513292811673554,0.023013165214411775,0.3371206521987915,0.21175244450569153,0.12080328166484833,0.5488730669021606,0.7594484686851501,0.8438771367073059,1,18,50,"[0.3371, 0.2118, 0.1208, 0.0518, 0.038, 0.0217, 0.0214, 0.0171, 0.0125, 0.0118]","[0.947, 0.089, 0.078, 0.054, 0.162, 0.082, 0.005, 0.072, 0.017, 0.026]",1996,0.18361742794513702,0.4689755342570861,
38,T1,1927,0.5989234904979989,-0.18549128480580174,-0.14351160939054297,-0.024951292424367718,0.06923025525540505,-0.11572902505338936,0.014387919184606862,0.2853742241859436,0.14066022634506226,0.0899539589881897,0.42603445053100586,0.6096920371055603,0.7249227166175842,2,52,125,"[0.2854, 0.1407, 0.09, 0.0567, 0.037, 0.0323, 0.0271, 0.022, 0.018, 0.0158]","[0.599, 0.185, 0.144, 0.111, 0.452, 0.036, 0.078, 0.052, 0.051, 0.01]",1996,0.14667312800884247,-0.5965898190392291,
38,T2,1927,-0.6503557355221651,0.10469229633939034,0.5932070097824481,0.07471671279766473,-0.030501289153865664,-0.05224769890115425,0.14674372305622257,0.4458683431148529,0.11300160735845566,0.07147516310214996,0.5588699579238892,0.7318993210792542,0.8229998350143433,2,23,55,"[0.4459, 0.113, 0.0715, 0.0663, 0.0353, 0.0301, 0.0192, 0.0159, 0.0143, 0.0116]","[0.65, 0.105, 0.593, 0.194, 0.05, 0.078, 0.073, 0.02, 0.109, 0.043]",1996,0.32248279452323914,0.7373267053808102,
38,T3,1927,0.5549440144079073,-0.2380944980489365,0.33285033440065975,-0.0039157433150406,-0.04659631852523605,-0.0006855084666539788,-0.02680632450370651,0.2390488088130951,0.1419733613729477,0.12527959048748016,0.3810221552848816,0.6323588490486145,0.7538133859634399,4,43,106,"[0.239, 0.142, 0.1253, 0.0724, 0.0536, 0.0431, 0.0282, 0.0204, 0.0161, 0.0136]","[0.555, 0.238, 0.333, 0.447, 0.033, 0.348, 0.024, 0.06, 0.126, 0.157]",1996,0.19561870396137238,-0.49555113734977885,
38,T4,1927,0.28316684867626907,0.18603001267034,0.17337280812021932,0.01758486264750644,-0.13481631410221503,-0.11011753347732475,0.1414795406414256,0.20698872208595276,0.12143470346927643,0.07316028326749802,0.3284234404563904,0.5121123194694519,0.6542918682098389,1,77,180,"[0.207, 0.1214, 0.0732, 0.0637, 0.0469, 0.0382, 0.034, 0.0274, 0.0224, 0.0201]","[0.283, 0.186, 0.173, 0.553, 0.261, 0.01, 0.021, 0.163, 0.013, 0.06]",1996,0.04981360211968422,-0.29631551309404086,
38,T5,1927,0.47648821196329244,0.3030632091159223,0.5627106031702845,0.008619117635217834,0.25413894616175203,-0.08834430595335563,-0.0099611442536118,0.2450512945652008,0.11096204817295074,0.08842793107032776,0.35601335763931274,0.5580458641052246,0.6962534189224243,4,65,158,"[0.2451, 0.111, 0.0884, 0.0622, 0.0514, 0.0396, 0.036, 0.0256, 0.0192, 0.0178]","[0.476, 0.303, 0.563, 0.014, 0.019, 0.039, 0.354, 0.117, 0.151, 0.087]",1996,0.06375893950462341,-0.2043395886354424,
38,T6,1927,-0.42009463821158854,0.12337731799984385,-0.23121230320417963,0.00763160570688025,-0.03345474342670544,0.11849383732406628,-0.0680462474783847,0.20097482204437256,0.11478152126073837,0.06770425289869308,0.31575635075569153,0.503437876701355,0.6425052881240845,2,81,189,"[0.201, 0.1148, 0.0677, 0.0622, 0.0577, 0.0385, 0.0311, 0.027, 0.0225, 0.0199]","[0.42, 0.123, 0.231, 0.061, 0.606, 0.178, 0.11, 0.004, 0.023, 0.008]",1996,0.10316622257232666,0.5169493023110513,
38,T7,1927,-0.6126199068691359,0.04509369309792388,0.4387926170813032,0.027211309050641615,0.0023820865339841996,0.07826273871569661,0.18968270911601262,0.20715686678886414,0.12286411970853806,0.08490339666604996,0.3300209939479828,0.519157350063324,0.6491445899009705,3,81,188,"[0.2072, 0.1229, 0.0849, 0.0638, 0.0405, 0.0335, 0.0306, 0.0258, 0.0215, 0.0186]","[0.613, 0.045, 0.439, 0.171, 0.157, 0.312, 0.116, 0.168, 0.103, 0.035]",1996,0.1625608503818512,0.6501262787420868,
38,T8,1927,-0.8032976042048598,-0.23107852757133535,-0.18532308201278355,0.008094415136357435,-0.030819293960295747,0.07248794185025972,0.023902698941959743,0.3490500748157501,0.22524604201316833,0.1360902488231659,0.5742961168289185,0.8150829076766968,0.8894159197807312,1,12,26,"[0.3491, 0.2252, 0.1361, 0.073, 0.0317, 0.0204, 0.0165, 0.0146, 0.0123, 0.0106]","[0.803, 0.231, 0.185, 0.077, 0.224, 0.007, 0.027, 0.108, 0.013, 0.136]",1996,0.20985235273838043,0.5307463025755783,
38,R0,1927,-0.6969201128661816,0.2665126209689222,-0.363558496554927,0.020134254770025055,-0.025671398998602497,-0.08233168336651568,0.09464256281552996,0.35265451669692993,0.2889077663421631,0.07825174182653427,0.641562283039093,0.8133496046066284,0.8910148739814758,2,12,25,"[0.3527, 0.2889, 0.0783, 0.0642, 0.0293, 0.0187, 0.0175, 0.0153, 0.0138, 0.0124]","[0.697, 0.267, 0.364, 0.26, 0.031, 0.011, 0.147, 0.057, 0.095, 0.133]",1996,0.19365337491035461,0.6835151108172595,
38,R1,1927,-0.2153855781277335,-0.7414301130588015,0.04484907210208588,-0.002031209368159123,0.03514859571491637,-0.21168550430162417,0.07403770245472198,0.46307119727134705,0.22126656770706177,0.06223546341061592,0.6843377351760864,0.8235206604003906,0.9048097729682922,3,10,22,"[0.4631, 0.2213, 0.0622, 0.0403, 0.0367, 0.0309, 0.0186, 0.0122, 0.0114, 0.0082]","[0.215, 0.741, 0.045, 0.042, 0.419, 0.347, 0.021, 0.143, 0.006, 0.02]",1996,0.16243880987167358,0.37970000178760466,
38,R2,1927,-0.3157389079003498,-0.6843600311592878,-0.08640981925302912,0.00734147793242389,0.0476405623198811,-0.22450366049721804,0.09544865675918338,0.3788679838180542,0.21048441529273987,0.07448408007621765,0.5893523693084717,0.757949948310852,0.8675903081893921,3,16,40,"[0.3789, 0.2105, 0.0745, 0.0493, 0.0448, 0.0389, 0.0244, 0.0222, 0.015, 0.0091]","[0.316, 0.684, 0.086, 0.588, 0.028, 0.014, 0.119, 0.144, 0.094, 0.071]",1996,0.15901847183704376,0.5887303310212306,
38,R3,1927,-0.6104716046744799,-0.05313235745004989,-0.4471870070142895,0.07293202208198112,0.037121814762679846,-0.1523552730130544,0.14288843810962795,0.2760251760482788,0.19271135330200195,0.13525980710983276,0.46873652935028076,0.716950535774231,0.822907030582428,4,22,54,"[0.276, 0.1927, 0.1353, 0.0664, 0.0466, 0.0308, 0.0237, 0.0182, 0.0175, 0.0158]","[0.61, 0.053, 0.447, 0.052, 0.02, 0.329, 0.237, 0.038, 0.156, 0.401]",1996,0.36905696988105774,0.651968855859773,
38,R4,1927,-0.5945511672600848,-0.3087293823300439,0.21143580944950965,-0.015137069157252298,0.050437942705917956,-0.1136588706487653,0.1542967948845668,0.35783037543296814,0.18836882710456848,0.09250394254922867,0.5461992025375366,0.7386941313743591,0.8506076335906982,3,17,39,"[0.3578, 0.1884, 0.0925, 0.0586, 0.0413, 0.0312, 0.023, 0.0221, 0.02, 0.0156]","[0.595, 0.309, 0.211, 0.081, 0.198, 0.472, 0.193, 0.046, 0.122, 0.002]",1996,0.342790812253952,0.8398641745043594,
38,R5,1927,0.31404938502793456,-0.07107508710304848,-0.2556777615529777,0.01612348048246851,-0.054101470850194205,-0.11257245583228431,-0.1788869491289593,0.1743183434009552,0.11827555298805237,0.0792606845498085,0.29259389638900757,0.4833500385284424,0.6331102252006531,2,87,199,"[0.1743, 0.1183, 0.0793, 0.0643, 0.0472, 0.04, 0.035, 0.0303, 0.0231, 0.0214]","[0.314, 0.071, 0.256, 0.142, 0.675, 0.097, 0.101, 0.075, 0.246, 0.185]",1996,0.14741666615009308,-0.4408242635484491,
38,R6,1927,-0.7738670804639259,0.023526038116360403,-0.1992252116263918,0.023222807843678646,-0.05150632683269187,0.0272550777402662,0.019855081827081757,0.4315664768218994,0.15040862560272217,0.08312857896089554,0.5819751024246216,0.7678374648094177,0.8667235970497131,2,14,31,"[0.4316, 0.1504, 0.0831, 0.0698, 0.033, 0.0269, 0.0243, 0.0183, 0.0175, 0.0119]","[0.774, 0.024, 0.199, 0.382, 0.18, 0.187, 0.252, 0.171, 0.021, 0.037]",1996,0.28673893213272095,0.5625717771338598,
38,R7,1927,-0.6994934739152093,0.13018313155198186,0.16722323513259707,0.10063462099909425,-0.03499326908482616,0.018100930942408517,-0.04064312207594669,0.45792990922927856,0.13511861860752106,0.09862516075372696,0.5930485129356384,0.7934854626655579,0.8839504718780518,4,13,28,"[0.4579, 0.1351, 0.0986, 0.0621, 0.0397, 0.0294, 0.0214, 0.0173, 0.0136, 0.0088]","[0.699, 0.13, 0.167, 0.306, 0.33, 0.345, 0.066, 0.034, 0.011, 0.077]",1996,0.4160135090351105,0.6260226007261671,
39,T0,1927,-0.9400271278271659,-0.0943686692720205,-0.04214639122802011,-0.04289659564798103,-0.030535019506535407,0.07082063667911274,0.015993846272961174,0.31640538573265076,0.20114612579345703,0.12002656608819962,0.5175515413284302,0.745387613773346,0.8344079256057739,1,21,59,"[0.3164, 0.2011, 0.12, 0.0685, 0.0393, 0.0232, 0.0203, 0.0166, 0.0163, 0.0126]","[0.94, 0.094, 0.042, 0.009, 0.124, 0.093, 0.07, 0.044, 0.05, 0.06]",1996,0.1769120842218399,0.4662173402750966,
39,T1,1927,0.5795876241882083,-0.2280808444800589,-0.127688534037519,-0.0347270784621092,0.05839342069836721,-0.12169792320123607,0.018431515219252043,0.27405741810798645,0.13779759407043457,0.09001412987709045,0.411855012178421,0.5964261293411255,0.7133657932281494,2,58,139,"[0.2741, 0.1378, 0.09, 0.0573, 0.0373, 0.033, 0.0261, 0.022, 0.0183, 0.0175]","[0.58, 0.228, 0.128, 0.189, 0.448, 0.098, 0.059, 0.038, 0.042, 0.001]",1996,0.14163370430469513,-0.588640697491533,
39,T2,1927,-0.67680075331644,0.051622743589737195,0.293546461165421,0.07183345714583272,-0.030014273722071733,-0.06825675401793485,0.15729277417965937,0.44021081924438477,0.10875909775495529,0.07238510251045227,0.5489699244499207,0.7274518609046936,0.823340117931366,2,23,57,"[0.4402, 0.1088, 0.0724, 0.0676, 0.0385, 0.0332, 0.0194, 0.0168, 0.0144, 0.0121]","[0.677, 0.052, 0.294, 0.497, 0.074, 0.099, 0.076, 0.01, 0.057, 0.041]",1996,0.32157760858535767,0.7305348133203052,
39,T3,1927,0.38731144864753475,-0.1213976620281206,-0.36296014790464004,-0.0032181922718598132,-0.05542501664743421,-0.03512656540964448,-0.022976061291025692,0.27795547246932983,0.1305806040763855,0.12387006729841232,0.40853607654571533,0.6461175680160522,0.7601882219314575,3,43,109,"[0.278, 0.1306, 0.1239, 0.0646, 0.0491, 0.0414, 0.0254, 0.0196, 0.0147, 0.013]","[0.387, 0.121, 0.363, 0.495, 0.095, 0.287, 0.004, 0.118, 0.119, 0.183]",1996,0.19820347428321838,-0.2966475491959565,
39,T4,1927,0.3096677605059637,0.1282263446056658,-0.09273828893488589,0.022164664789094672,-0.127074056287804,-0.10874405854798197,0.14845667362654122,0.19650915265083313,0.12208231538534164,0.07212521135807037,0.31859147548675537,0.5054819583892822,0.6447131037712097,2,88,202,"[0.1965, 0.1221, 0.0721, 0.0634, 0.0513, 0.0376, 0.0333, 0.026, 0.0231, 0.0193]","[0.31, 0.128, 0.093, 0.584, 0.156, 0.248, 0.07, 0.145, 0.028, 0.061]",1996,0.055594127625226974,-0.3052008920969741,
39,T5,1927,0.46604169948935475,0.3609491176955179,0.5731328829774719,0.009821621946934868,0.2536181703254643,-0.08893089417768385,-0.007827896717231409,0.23119305074214935,0.10111993551254272,0.0813160166144371,0.33231300115585327,0.5339810848236084,0.676109254360199,3,76,185,"[0.2312, 0.1011, 0.0813, 0.0666, 0.0537, 0.042, 0.0365, 0.0262, 0.0195, 0.0179]","[0.466, 0.361, 0.573, 0.031, 0.075, 0.049, 0.27, 0.114, 0.132, 0.047]",1996,0.0615718811750412,-0.18773130922199244,
39,T6,1927,-0.4035870333572084,0.20486980760995263,-0.16570262613294712,0.007530773042984749,-0.03525771070717054,0.12024796414611921,-0.07686968823591898,0.18846924602985382,0.1160544902086258,0.0702202245593071,0.3045237362384796,0.48512089252471924,0.6271942257881165,2,94,217,"[0.1885, 0.1161, 0.0702, 0.0595, 0.0509, 0.0384, 0.0324, 0.0254, 0.0246, 0.0213]","[0.404, 0.205, 0.166, 0.033, 0.594, 0.147, 0.2, 0.023, 0.018, 0.003]",1996,0.09730786830186844,0.49195864425330216,
39,T7,1927,-0.6107211587667183,-0.014675723757652559,-0.46004555178721446,0.016293388385791883,0.009317439822860403,0.09780640241524563,0.20221906246460084,0.18934528529644012,0.11809266358613968,0.08548633009195328,0.3074379563331604,0.4828718304634094,0.6186457872390747,2,99,226,"[0.1893, 0.1181, 0.0855, 0.0538, 0.0362, 0.036, 0.0301, 0.0285, 0.0223, 0.0188]","[0.611, 0.015, 0.46, 0.154, 0.105, 0.269, 0.076, 0.139, 0.154, 0.014]",1996,0.1563529074192047,0.6452680880505068,
39,T8,1927,-0.7721336935184873,-0.2722195727930889,-0.3152592452728213,0.04139362292716092,-0.026310058876300866,0.11299489670698282,-0.012243654528676356,0.3522959351539612,0.22257457673549652,0.11647774279117584,0.5748705267906189,0.8051872253417969,0.8880207538604736,2,12,28,"[0.3523, 0.2226, 0.1165, 0.0815, 0.0324, 0.0267, 0.0196, 0.0146, 0.0123, 0.0096]","[0.772, 0.272, 0.315, 0.266, 0.063, 0.05, 0.198, 0.066, 0.1, 0.089]",1996,0.21199540793895721,0.4943338028627559,
39,R0,1927,0.1067218123908444,-0.7754775729446027,-0.11670025323299932,-0.030360161640240503,0.033019168047370574,-0.21026485329668418,0.03602388427032023,0.34770330786705017,0.2841588854789734,0.07907263189554214,0.6318621635437012,0.7995933890342712,0.8873434662818909,2,12,27,"[0.3477, 0.2842, 0.0791, 0.0604, 0.0282, 0.0266, 0.0182, 0.0165, 0.0143, 0.0121]","[0.107, 0.775, 0.117, 0.35, 0.099, 0.094, 0.052, 0.052, 0.111, 0.125]",1996,0.17141684889793396,0.21791979459381086,
39,R1,1927,-0.1529251763311297,-0.732596589241175,0.07244361431569257,0.01608462561913889,0.039488423722032324,-0.21849718375775048,0.05773870165764027,0.5241988301277161,0.18197552859783173,0.055268965661525726,0.706174373626709,0.8373279571533203,0.9132577776908875,3,9,20,"[0.5242, 0.182, 0.0553, 0.0425, 0.0334, 0.0272, 0.017, 0.0132, 0.0095, 0.009]","[0.153, 0.733, 0.072, 0.38, 0.091, 0.465, 0.025, 0.108, 0.032, 0.04]",1996,0.12823805212974548,0.3339227071671065,
39,R2,1927,-0.1341321012801288,-0.7157898066481116,-0.1972287252120764,-0.00026032677376507725,0.050285090933243466,-0.24782944409349025,0.07822211425037262,0.40931400656700134,0.2092806100845337,0.0638575628399849,0.6185946464538574,0.7736666202545166,0.8772557377815247,2,14,36,"[0.4093, 0.2093, 0.0639, 0.0495, 0.0417, 0.0343, 0.0258, 0.0196, 0.0163, 0.0076]","[0.134, 0.716, 0.197, 0.44, 0.274, 0.045, 0.013, 0.089, 0.105, 0.114]",1996,0.13124504685401917,0.48164623004149426,
39,R3,1927,-0.6199277770884297,-0.09186612856711222,-0.4598780605898892,0.03444035476795638,0.02249361114551825,-0.07051175708024636,0.11079785451687002,0.2425767183303833,0.22026297450065613,0.12270480394363403,0.46283969283103943,0.7213929891586304,0.8288811445236206,3,21,53,"[0.2426, 0.2203, 0.1227, 0.0969, 0.039, 0.0331, 0.0223, 0.0206, 0.0167, 0.0147]","[0.62, 0.092, 0.46, 0.026, 0.047, 0.27, 0.276, 0.087, 0.146, 0.383]",1996,0.3345734775066376,0.5196962407402977,
39,R4,1927,-0.6208380325275044,0.2161431115418789,0.22834594519333898,-0.011698846207855038,0.04209955196955769,-0.13083538860688146,0.14775117955998,0.35343289375305176,0.17298200726509094,0.09545797854661942,0.5264148712158203,0.7256228923797607,0.8463195562362671,2,17,41,"[0.3534, 0.173, 0.0955, 0.0595, 0.0443, 0.0314, 0.0282, 0.0241, 0.0204, 0.0166]","[0.621, 0.216, 0.228, 0.078, 0.274, 0.442, 0.036, 0.055, 0.051, 0.048]",1996,0.35598161816596985,0.8579317632235567,
39,R5,1927,0.3333873476449502,-0.0007291124039474413,0.2835226179417398,0.0027002414474209765,-0.053264477882892895,-0.09704731191393336,-0.19235109762682728,0.16325005888938904,0.11809881776571274,0.08220897614955902,0.2813488841056824,0.4689248204231262,0.6208259463310242,3,97,223,"[0.1633, 0.1181, 0.0822, 0.0633, 0.0421, 0.0391, 0.0378, 0.03, 0.0247, 0.0203]","[0.333, 0.001, 0.284, 0.098, 0.636, 0.004, 0.31, 0.028, 0.209, 0.137]",1996,0.15506067872047424,-0.4448771342609205,
39,R6,1927,-0.768682974275829,-0.005016475035889784,-0.0373537335020086,0.03395154981853879,-0.03413654747161725,0.01588452580141272,0.00024795249343963433,0.4346758723258972,0.15150141716003418,0.08474548906087875,0.5861772894859314,0.7634151577949524,0.8691688179969788,2,14,32,"[0.4347, 0.1515, 0.0847, 0.0567, 0.0358, 0.0278, 0.0246, 0.0232, 0.0168, 0.0133]","[0.769, 0.005, 0.037, 0.455, 0.002, 0.001, 0.191, 0.216, 0.116, 0.046]",1996,0.3129487633705139,0.5716749692844197,
39,R7,1927,-0.6881442223075017,-0.15333355158510395,0.1830143924951613,0.10012181634868035,-0.04193001696432376,-0.014190888248523978,-0.027051983665075705,0.47047045826911926,0.12181825190782547,0.10016930848360062,0.5922887325286865,0.7929370999336243,0.8867191076278687,3,12,28,"[0.4705, 0.1218, 0.1002, 0.063, 0.0375, 0.0307, 0.0219, 0.0186, 0.014, 0.0086]","[0.688, 0.153, 0.183, 0.296, 0.304, 0.371, 0.139, 0.055, 0.041, 0.1]",1996,0.4145723581314087,0.6517740844982274,
40,T0,1927,-0.9374459879877365,-0.10829608478336326,-0.07689643483831088,-0.02912574285762726,-0.02072291908673287,0.08023313327698643,0.026209841690241306,0.3362664580345154,0.20059451460838318,0.11418215185403824,0.5368609428405762,0.7498729228973389,0.8363022208213806,1,20,60,"[0.3363, 0.2006, 0.1142, 0.0581, 0.0407, 0.0262, 0.018, 0.0164, 0.0145, 0.0113]","[0.937, 0.108, 0.077, 0.033, 0.146, 0.075, 0.051, 0.068, 0.088, 0.051]",1996,0.17148466408252716,0.4648421547582853,
40,T1,1927,0.5701254358233874,-0.2678963571240236,-0.12358694030192556,-0.05057660130717786,0.04488994850037,-0.09785434361931394,0.01857499298429168,0.27509617805480957,0.14094850420951843,0.10263560712337494,0.416044682264328,0.6143559813499451,0.7238296270370483,3,54,133,"[0.2751, 0.1409, 0.1026, 0.0538, 0.0419, 0.0301, 0.0241, 0.0217, 0.0172, 0.0163]","[0.57, 0.268, 0.124, 0.324, 0.368, 0.188, 0.047, 0.066, 0.031, 0.081]",1996,0.1492725908756256,-0.5771415084371476,
40,T2,1927,-0.658934953729117,0.07969408090900891,-0.25978181419087965,0.05729434389289115,-0.02523627689881408,-0.08627034050345074,0.18403762679047025,0.46655943989753723,0.09533971548080444,0.08018270879983902,0.5618991851806641,0.7479869723320007,0.8362442851066589,2,21,51,"[0.4666, 0.0953, 0.0802, 0.0621, 0.0438, 0.0296, 0.019, 0.0159, 0.0123, 0.0115]","[0.659, 0.08, 0.26, 0.46, 0.253, 0.125, 0.055, 0.025, 0.032, 0.001]",1996,0.35559138655662537,0.7688719656729652,
40,T3,1927,0.5078075901953784,0.24967794185653355,-0.28479883939382455,-0.018329814521708617,-0.03467007999377452,-0.006385751104469822,-0.06887357208281318,0.2602373957633972,0.13738377392292023,0.11727268248796463,0.39762115478515625,0.630685031414032,0.7489206790924072,2,45,113,"[0.2602, 0.1374, 0.1173, 0.0668, 0.049, 0.0418, 0.0251, 0.0211, 0.0162, 0.014]","[0.508, 0.25, 0.285, 0.565, 0.141, 0.161, 0.065, 0.058, 0.11, 0.096]",1996,0.2035694271326065,-0.49701399207570657,
40,T4,1927,0.2978237551085807,-0.008586429556720865,0.4903971853101371,0.0256353974556871,-0.13668306245996584,-0.11628487377067454,0.15742967262738003,0.19855163991451263,0.13178233802318573,0.08584022521972656,0.33033397793769836,0.524537980556488,0.6532435417175293,2,83,194,"[0.1986, 0.1318, 0.0858, 0.0611, 0.0472, 0.037, 0.0288, 0.023, 0.0204, 0.0195]","[0.298, 0.009, 0.49, 0.303, 0.145, 0.198, 0.213, 0.207, 0.11, 0.158]",1996,0.05814695730805397,-0.2807727037239379,
40,T5,1927,0.44091324816114613,-0.39069944853006405,-0.4708818675264616,-0.005214552929552598,0.2635590330442201,-0.08027900372220888,-0.006368959466643695,0.2376398742198944,0.10696307569742203,0.07994677126407623,0.34460294246673584,0.5434768795967102,0.6808724999427795,3,77,189,"[0.2376, 0.107, 0.0799, 0.0701, 0.0489, 0.0433, 0.0348, 0.0228, 0.0193, 0.0172]","[0.441, 0.391, 0.471, 0.0, 0.231, 0.258, 0.09, 0.118, 0.154, 0.018]",1996,0.058233343064785004,-0.12192439912071505,
40,T6,1927,-0.3812866811808842,0.25222374143562887,-0.19853065905413048,0.022824412780706006,-0.029317653381063544,0.1284552297525555,-0.06016620780034323,0.1956741213798523,0.11028458178043365,0.07118763774633408,0.30595868825912476,0.49097320437431335,0.6297121644020081,2,93,216,"[0.1957, 0.1103, 0.0712, 0.0643, 0.0495, 0.0362, 0.0298, 0.0274, 0.0241, 0.0212]","[0.381, 0.252, 0.199, 0.156, 0.406, 0.264, 0.236, 0.184, 0.056, 0.089]",1996,0.09182488173246384,0.47319667142139804,
40,T7,1927,-0.6328926457051118,0.01551993041848556,-0.3471862819257177,0.0073304368161458315,0.004111932607188604,0.07968153509715016,0.2274585177748626,0.18346819281578064,0.11843548715114594,0.09641484916210175,0.3019036650657654,0.4941789507865906,0.6302018165588379,3,97,224,"[0.1835, 0.1184, 0.0964, 0.0549, 0.0409, 0.0366, 0.03, 0.0262, 0.0235, 0.0198]","[0.633, 0.016, 0.347, 0.35, 0.245, 0.178, 0.078, 0.134, 0.121, 0.139]",1996,0.16310638189315796,0.6689294888250987,
40,T8,1927,-0.7434436415588542,-0.4441646819153715,-0.22347803170451913,0.04779043154317128,-0.030362363607188775,0.15230044143737959,-0.01078566385777655,0.3906279504299164,0.23248998820781708,0.10038213431835175,0.6231179237365723,0.8316704630851746,0.9032829403877258,2,10,23,"[0.3906, 0.2325, 0.1004, 0.0741, 0.034, 0.0226, 0.0165, 0.0138, 0.0108, 0.0079]","[0.743, 0.444, 0.223, 0.255, 0.057, 0.065, 0.212, 0.02, 0.104, 0.009]",1996,0.20444214344024658,0.4134065735761952,
40,R0,1927,0.22419715859090505,-0.7457005776127793,0.2726475794582559,-0.01973836344837672,0.05722095979864059,-0.22744722022533664,0.026582540965754103,0.40897753834724426,0.23633815348148346,0.07458735257387161,0.6453157067298889,0.8187599778175354,0.8973757028579712,1,11,24,"[0.409, 0.2363, 0.0746, 0.0611, 0.0378, 0.0214, 0.0164, 0.0153, 0.0138, 0.0117]","[0.224, 0.746, 0.273, 0.274, 0.036, 0.135, 0.011, 0.067, 0.083, 0.159]",1996,0.17062389850616455,0.13548329002031922,
40,R1,1927,-0.05750887980521745,-0.7219286865111946,0.29129776687005504,0.027350976903598567,0.0464612221377021,-0.22389896594410397,0.036055908263899455,0.47688624262809753,0.18873737752437592,0.07659965008497238,0.6656236052513123,0.8420713543891907,0.9178733229637146,2,9,19,"[0.4769, 0.1887, 0.0766, 0.0626, 0.0372, 0.0254, 0.0203, 0.0118, 0.0112, 0.0072]","[0.058, 0.722, 0.291, 0.092, 0.158, 0.348, 0.183, 0.061, 0.076, 0.056]",1996,0.17807485163211823,0.2684554979847766,
40,R2,1927,-0.008058253761434531,-0.6760012809170628,0.09625044792240799,-0.007714335770141603,0.05580960697393495,-0.25395672554655124,0.06007016048354069,0.3832508623600006,0.21235083043575287,0.07875911146402359,0.5956016778945923,0.7764573693275452,0.8833657503128052,2,13,34,"[0.3833, 0.2124, 0.0788, 0.0606, 0.0415, 0.0332, 0.0263, 0.0228, 0.0172, 0.0074]","[0.008, 0.676, 0.096, 0.487, 0.153, 0.271, 0.035, 0.183, 0.067, 0.07]",1996,0.12041965872049332,0.4051555483032601,
40,R3,1927,0.2022081700737147,-0.5794385900236512,-0.296149550239635,0.11438780805946248,0.0124198976936278,-0.16141761295290274,-0.02659294061928438,0.2396707832813263,0.2179931253194809,0.12512902915477753,0.457663893699646,0.7287523746490479,0.8330390453338623,1,20,50,"[0.2397, 0.218, 0.1251, 0.1088, 0.0372, 0.0322, 0.0224, 0.02, 0.0162, 0.0135]","[0.202, 0.579, 0.296, 0.197, 0.18, 0.031, 0.242, 0.279, 0.177, 0.275]",1996,0.3142285645008087,0.006731237009239765,
40,R4,1927,-0.6351797783360548,0.1316382211162176,0.21791981515243414,-0.022378466697799054,0.04131430319240267,-0.13889722464862145,0.1462397489512408,0.39260032773017883,0.14331257343292236,0.08810973167419434,0.5359128713607788,0.7224236130714417,0.8446489572525024,3,17,40,"[0.3926, 0.1433, 0.0881, 0.0524, 0.046, 0.0325, 0.0295, 0.0245, 0.0196, 0.0161]","[0.635, 0.132, 0.218, 0.113, 0.358, 0.383, 0.129, 0.068, 0.098, 0.009]",1996,0.3962431848049164,0.8636760043282924,
40,R5,1927,0.40446824115543656,-0.07139505967907628,-0.14795291519011838,-0.04460996955663421,-0.060452828935789245,0.01698847180322703,-0.20829696189483646,0.177146315574646,0.10707276314496994,0.08916953951120377,0.28421908617019653,0.4827175736427307,0.6222047805786133,3,97,224,"[0.1771, 0.1071, 0.0892, 0.0616, 0.0477, 0.038, 0.0326, 0.0262, 0.023, 0.0197]","[0.404, 0.071, 0.148, 0.052, 0.157, 0.397, 0.485, 0.225, 0.023, 0.155]",1996,0.20140929520130157,-0.5862283034967429,
40,R6,1927,-0.7570656308655066,0.13685104990257638,-0.017376238618102762,0.07171192182079678,-0.000880218890984,-0.054041649516228314,0.060486222333438096,0.4883188307285309,0.11142973601818085,0.08434080332517624,0.5997485518455505,0.7835946679115295,0.8828267455101013,2,13,29,"[0.4883, 0.1114, 0.0843, 0.0606, 0.0389, 0.0317, 0.0235, 0.0202, 0.0128, 0.011]","[0.757, 0.137, 0.017, 0.432, 0.18, 0.089, 0.003, 0.205, 0.029, 0.006]",1996,0.3737680912017822,0.6735520477331614,
40,R7,1927,-0.6606767397342206,-0.15275754153307164,0.28802038836544425,0.1376248270290787,-0.03036287109810077,-0.09512439857264013,0.017551298488816928,0.4824603796005249,0.13458001613616943,0.09037107229232788,0.6170403957366943,0.799431562423706,0.8914483785629272,2,12,26,"[0.4825, 0.1346, 0.0904, 0.0589, 0.0331, 0.0313, 0.0204, 0.0175, 0.0136, 0.0093]","[0.661, 0.153, 0.288, 0.194, 0.25, 0.461, 0.077, 0.057, 0.069, 0.105]",1996,0.427256315946579,0.7134731619256768,
41,T0,1927,-0.9277236480076756,-0.12718067767754865,0.13154592707054358,-0.0378753413819836,-0.020513833508417498,0.10937919819628888,0.014723301926095141,0.3365403711795807,0.18886038661003113,0.11434993892908096,0.5254007577896118,0.7543565630912781,0.8391690850257874,1,21,61,"[0.3365, 0.1889, 0.1143, 0.0699, 0.0447, 0.0255, 0.0186, 0.0168, 0.0129, 0.011]","[0.928, 0.127, 0.132, 0.092, 0.135, 0.067, 0.033, 0.041, 0.084, 0.092]",1996,0.1749151647090912,0.4579204228358985,
41,T1,1927,0.576799781590361,-0.25602039089019557,-0.110216238296184,-0.05835019845671313,0.0336082899667469,-0.0899299927731361,0.02556382773091092,0.2864014804363251,0.15465013682842255,0.10420767217874527,0.4410516023635864,0.6383857727050781,0.7443161010742188,2,47,116,"[0.2864, 0.1547, 0.1042, 0.0504, 0.0428, 0.0278, 0.0252, 0.0222, 0.0158, 0.0149]","[0.577, 0.256, 0.11, 0.421, 0.218, 0.167, 0.064, 0.026, 0.013, 0.031]",1996,0.14921313524246216,-0.567319396405896,
41,T2,1927,-0.6600323513081726,-0.04628179701619,0.3822977328908922,0.032116478793355864,-0.029853504363089294,-0.07581788708168323,0.1821144896165946,0.48013418912887573,0.09970108419656754,0.07318907976150513,0.5798352956771851,0.7558056116104126,0.8417386412620544,3,20,47,"[0.4801, 0.0997, 0.0732, 0.0593, 0.0435, 0.0274, 0.0192, 0.0157, 0.0129, 0.0107]","[0.66, 0.046, 0.382, 0.295, 0.404, 0.062, 0.021, 0.046, 0.039, 0.037]",1996,0.3717166483402252,0.7645512615213962,
41,T3,1927,0.617336525412467,0.264711582504904,-0.21303273103175846,-0.02793366090531442,-0.02621480367325683,0.0005890633383997932,-0.0587848846010135,0.2795356512069702,0.13741210103034973,0.10747691988945007,0.41694775223731995,0.632247805595398,0.7464210391044617,2,45,114,"[0.2795, 0.1374, 0.1075, 0.0594, 0.0484, 0.039, 0.024, 0.0206, 0.0168, 0.0138]","[0.617, 0.265, 0.213, 0.554, 0.188, 0.044, 0.018, 0.049, 0.071, 0.106]",1996,0.20772100985050201,-0.545510497373815,
41,T4,1927,-0.284969231730794,0.026078421209636035,0.4431077764544548,-0.04381627926118506,0.12777689206573314,0.12475606296216477,-0.17834300567547645,0.18304522335529327,0.14292344450950623,0.08786340057849884,0.3259686827659607,0.5184716582298279,0.6445044875144958,2,87,199,"[0.183, 0.1429, 0.0879, 0.0584, 0.0462, 0.0372, 0.0278, 0.022, 0.0202, 0.0189]","[0.285, 0.026, 0.443, 0.217, 0.326, 0.025, 0.041, 0.294, 0.039, 0.155]",1996,0.05763925611972809,0.2428336029705583,
41,T5,1927,-0.4391463984067855,-0.3643885929491462,-0.33037826433404416,0.0018384061966036558,-0.25868172733222017,0.0960518969306893,0.00683509508359992,0.2522991895675659,0.12072258442640305,0.08061232417821884,0.37302178144454956,0.5688701868057251,0.7005063891410828,4,69,171,"[0.2523, 0.1207, 0.0806, 0.0685, 0.0468, 0.04, 0.0344, 0.0222, 0.0185, 0.0166]","[0.439, 0.364, 0.33, 0.116, 0.248, 0.459, 0.017, 0.028, 0.193, 0.086]",1996,0.054337792098522186,0.09780190245638724,
41,T6,1927,-0.38038324228274084,-0.28316386281159606,-0.131245245966305,0.03062746346227053,-0.026898759700656746,0.13978702461462547,-0.06975766007772465,0.19103679060935974,0.11030630767345428,0.07269672304391861,0.30134308338165283,0.4830094873905182,0.6252769827842712,2,94,217,"[0.191, 0.1103, 0.0727, 0.0622, 0.0467, 0.0367, 0.0301, 0.0276, 0.0272, 0.0206]","[0.38, 0.283, 0.131, 0.157, 0.337, 0.242, 0.14, 0.209, 0.183, 0.161]",1996,0.08490423113107681,0.44719786435325487,
41,T7,1927,-0.6019630831119764,0.17537174968948344,-0.4036898369786456,0.012560006211570439,-0.00013085121441427163,0.08952906631012875,0.2269574010435518,0.20088952779769897,0.11131273955106735,0.09859649091959,0.3122022747993469,0.5016006827354431,0.6357852816581726,4,96,224,"[0.2009, 0.1113, 0.0986, 0.0501, 0.0407, 0.0364, 0.0303, 0.0256, 0.0227, 0.0192]","[0.602, 0.175, 0.404, 0.377, 0.32, 0.032, 0.097, 0.069, 0.021, 0.077]",1996,0.15561582148075104,0.6562099358582287,
41,T8,1927,0.5831740479576972,-0.5972508862290679,-0.17259904621437408,-0.03569255779627096,0.05161923667117611,-0.21870120175559055,0.02186957847744641,0.42104384303092957,0.2185303121805191,0.10637715458869934,0.6395741701126099,0.8452649712562561,0.9147658348083496,2,9,20,"[0.421, 0.2185, 0.1064, 0.0665, 0.0328, 0.022, 0.0161, 0.0137, 0.0094, 0.0082]","[0.583, 0.597, 0.173, 0.268, 0.095, 0.042, 0.139, 0.179, 0.142, 0.09]",1996,0.17698237299919128,-0.172630795522318,
41,R0,1927,0.21865706702359905,-0.7022533446755509,0.40355750955026487,-0.003424103399148536,0.0783065706935939,-0.2528970953611936,0.04518312064540841,0.5493052005767822,0.1554199606180191,0.07347022742033005,0.7047251462936401,0.8590381741523743,0.9218802452087402,2,8,17,"[0.5493, 0.1554, 0.0735, 0.0457, 0.0352, 0.018, 0.0153, 0.0114, 0.0094, 0.0087]","[0.219, 0.702, 0.404, 0.165, 0.185, 0.08, 0.125, 0.129, 0.023, 0.127]",1996,0.11663330346345901,0.1838989267131611,
41,R1,1927,-0.011212690552056637,-0.6439381339798352,-0.43906049311642076,0.027734270782855276,0.0518382918490706,-0.24029011719116822,0.03800802045868258,0.5254755020141602,0.1694939285516739,0.07618147134780884,0.6949694156646729,0.8543071746826172,0.9305076599121094,3,7,15,"[0.5255, 0.1695, 0.0762, 0.0515, 0.0316, 0.0285, 0.0202, 0.0109, 0.0095, 0.0071]","[0.011, 0.644, 0.439, 0.157, 0.363, 0.146, 0.112, 0.046, 0.014, 0.153]",1996,0.14666612446308136,0.25749640841666527,
41,R2,1927,0.08743411769543269,-0.5959174112358249,0.059144193744837335,-0.0002228138516117699,0.05860984685489234,-0.26207430727731434,0.0525147100986815,0.41712477803230286,0.21061718463897705,0.08352538198232651,0.6277419328689575,0.8055610060691833,0.9016370177268982,2,10,26,"[0.4171, 0.2106, 0.0835, 0.0609, 0.0334, 0.0321, 0.0225, 0.0177, 0.0159, 0.0078]","[0.087, 0.596, 0.059, 0.571, 0.03, 0.275, 0.022, 0.135, 0.091, 0.21]",1996,0.10893917828798294,0.33714400984627924,
41,R3,1927,-0.037552810448334806,-0.7826397229050388,0.07046112434450115,0.06907404329567735,0.02765020906291075,-0.18397127578717887,0.03694935844840891,0.2683585286140442,0.20211955904960632,0.1464085727930069,0.4704780876636505,0.7542724013328552,0.85014808177948,1,18,43,"[0.2684, 0.2021, 0.1464, 0.0941, 0.0433, 0.0266, 0.0246, 0.0173, 0.0152, 0.0121]","[0.038, 0.783, 0.07, 0.149, 0.138, 0.082, 0.195, 0.259, 0.115, 0.148]",1996,0.2757851481437683,0.2943640131391222,
41,R4,1927,-0.6302669626526058,0.1834678990151,0.12295433052332161,-0.029949704428564542,0.037198158052538066,-0.12491336099923536,0.12566266019002853,0.37857282161712646,0.14431026577949524,0.08185767382383347,0.5228830575942993,0.704209566116333,0.8431763648986816,2,17,40,"[0.3786, 0.1443, 0.0819, 0.0525, 0.047, 0.0358, 0.0344, 0.0305, 0.0229, 0.0154]","[0.63, 0.183, 0.123, 0.081, 0.235, 0.087, 0.386, 0.049, 0.279, 0.026]",1996,0.3750833570957184,0.8536020703247774,
41,R5,1927,0.4448919915359746,0.03922631710426639,-0.09103839787096724,-0.055014411983046095,-0.0730911277290707,0.020711257440398048,-0.21015990460801823,0.17168094217777252,0.10659337788820267,0.09377549588680267,0.2782743275165558,0.4867144227027893,0.6202914118766785,3,100,231,"[0.1717, 0.1066, 0.0938, 0.0614, 0.0532, 0.0373, 0.0298, 0.0263, 0.0209, 0.0193]","[0.445, 0.039, 0.091, 0.108, 0.024, 0.263, 0.418, 0.315, 0.079, 0.208]",1996,0.2042645514011383,-0.5929585347331368,
41,R6,1927,-0.7740879035348275,0.0896041506156095,-0.17180487159672786,0.06709000322713814,-0.0030111614432981465,-0.04038520265464391,0.05762636591371841,0.47303223609924316,0.11231071501970291,0.07088364660739899,0.5853429436683655,0.7603021860122681,0.8609907627105713,1,16,40,"[0.473, 0.1123, 0.0709, 0.0623, 0.0418, 0.0317, 0.0228, 0.0215, 0.0145, 0.0102]","[0.774, 0.09, 0.172, 0.258, 0.193, 0.148, 0.114, 0.201, 0.085, 0.123]",1996,0.35648438334465027,0.6565478310297499,
41,R7,1927,0.6546313473133681,-0.1432437895216019,0.23361605927880508,-0.13766142335284953,0.03332375240182445,0.09752046256751139,-0.018391288333326546,0.4900204837322235,0.13165020942687988,0.08838825672864914,0.6216707229614258,0.8044081926345825,0.8963017463684082,2,11,24,"[0.49, 0.1317, 0.0884, 0.0613, 0.0331, 0.0323, 0.0192, 0.0173, 0.0125, 0.0106]","[0.655, 0.143, 0.234, 0.236, 0.42, 0.289, 0.091, 0.07, 0.079, 0.141]",1996,0.4293220639228821,-0.7148341868700476,
42,T0,1927,-0.9118515475228905,0.015386669213703266,0.17878242223169058,-0.03293349315540541,-0.07961115328533212,0.10033156686327235,0.01513337046511232,0.2526254951953888,0.1297314465045929,0.08765068650245667,0.3823569416999817,0.583245575428009,0.7345150709152222,1,39,86,"[0.2526, 0.1297, 0.0877, 0.06, 0.0532, 0.0503, 0.0413, 0.0235, 0.0191, 0.0171]","[0.912, 0.015, 0.179, 0.128, 0.072, 0.049, 0.096, 0.092, 0.055, 0.012]",1996,0.13733971118927002,0.43382847357022564,
42,T1,1927,0.5560423482987007,-0.24567056707778145,-0.07863441868433423,-0.06356246031826508,0.021650878896281738,-0.08722971746288437,0.022341929406058156,0.2987246811389923,0.15849559009075165,0.1088348925113678,0.45722025632858276,0.6591957211494446,0.7617601752281189,2,41,102,"[0.2987, 0.1585, 0.1088, 0.0501, 0.043, 0.0264, 0.0233, 0.021, 0.0162, 0.0156]","[0.556, 0.246, 0.079, 0.408, 0.26, 0.153, 0.075, 0.003, 0.012, 0.008]",1996,0.15460923314094543,-0.5618998262271248,
42,T2,1927,0.6631978780936383,-0.1615140958545217,0.17880377706537903,-0.03969496030748146,0.028881955997514315,0.05940695204296581,-0.16114747593890413,0.4976623058319092,0.11483978480100632,0.06553027033805847,0.6125020980834961,0.7715031504631042,0.8551725149154663,2,18,41,"[0.4977, 0.1148, 0.0655, 0.0542, 0.0393, 0.027, 0.0197, 0.0145, 0.0117, 0.0107]","[0.663, 0.162, 0.179, 0.23, 0.457, 0.039, 0.004, 0.05, 0.065, 0.08]",1996,0.3784557580947876,-0.7516408576601867,
42,T3,1927,0.4015472080149709,0.3652771698128674,-0.1306147619264947,0.07806727430626008,-0.05101703742507205,0.015838732770172986,-0.08203653299968804,0.2544998228549957,0.16733604669570923,0.10801669210195541,0.42183586955070496,0.6431710124015808,0.7519891262054443,3,44,111,"[0.2545, 0.1673, 0.108, 0.0638, 0.0495, 0.0349, 0.0229, 0.0204, 0.0172, 0.0134]","[0.402, 0.365, 0.131, 0.569, 0.12, 0.026, 0.034, 0.015, 0.075, 0.117]",1996,0.1840955913066864,-0.5192270241358313,
42,T4,1927,-0.02346072086790605,-0.19357249481460279,-0.3597259135029928,-0.054630335038613566,-0.10106568927437634,0.04630715924628708,0.07034024178680601,0.16675977408885956,0.162489652633667,0.09410274773836136,0.32924944162368774,0.5112771987915039,0.6245961785316467,3,84,188,"[0.1668, 0.1625, 0.0941, 0.053, 0.0349, 0.0341, 0.0259, 0.0197, 0.0173, 0.0162]","[0.023, 0.194, 0.36, 0.135, 0.124, 0.408, 0.009, 0.183, 0.349, 0.248]",1996,0.05266305431723595,0.047822781562909186,
42,T5,1927,-0.4576619321574423,-0.18688956070050614,-0.2836648309850264,0.0005657316158271568,-0.25019835798789825,0.09825469285376795,0.011027871785049161,0.27571508288383484,0.1266869753599167,0.07991838455200195,0.40240204334259033,0.5906887650489807,0.7181685566902161,2,61,154,"[0.2757, 0.1267, 0.0799, 0.06, 0.0484, 0.0391, 0.0333, 0.0221, 0.017, 0.0161]","[0.458, 0.187, 0.284, 0.111, 0.289, 0.417, 0.021, 0.073, 0.181, 0.029]",1996,0.04870418831706047,0.13628469027734672,
42,T6,1927,0.3038504854581627,-0.3354731588822698,0.020519888371460474,-0.0539973823581835,0.04590694936655804,-0.1425756234799302,0.10480328848278288,0.20850349962711334,0.10883761942386627,0.06962262839078903,0.3173411190509796,0.4937575161457062,0.6254442930221558,3,89,203,"[0.2085, 0.1088, 0.0696, 0.0654, 0.0414, 0.0341, 0.0302, 0.0254, 0.0242, 0.0177]","[0.304, 0.335, 0.021, 0.132, 0.365, 0.297, 0.127, 0.085, 0.275, 0.089]",1996,0.07156135141849518,-0.3394142632533926,
42,T7,1927,-0.5814742953995327,-0.020318730215273105,-0.4388499099332119,-0.004411801899329282,-0.0036004189241751,0.10105763698086377,0.21810386649021105,0.18157842755317688,0.12052853405475616,0.10710950940847397,0.30210697650909424,0.5043987035751343,0.6368727684020996,4,96,217,"[0.1816, 0.1205, 0.1071, 0.053, 0.0422, 0.0354, 0.0292, 0.027, 0.0216, 0.0192]","[0.581, 0.02, 0.439, 0.39, 0.105, 0.312, 0.018, 0.142, 0.001, 0.007]",1996,0.15156970918178558,0.6346189173424509,
42,T8,1927,0.4888574568039406,-0.6457827535741096,-0.1531703286408029,-0.0068744577989634445,0.059028002743619995,-0.25803910017048937,0.05366430717184822,0.400247186422348,0.1961788833141327,0.1073712483048439,0.5964260697364807,0.7908719182014465,0.8699399828910828,2,15,35,"[0.4002, 0.1962, 0.1074, 0.0578, 0.0293, 0.0237, 0.0172, 0.0142, 0.013, 0.0109]","[0.489, 0.646, 0.153, 0.278, 0.135, 0.084, 0.04, 0.041, 0.169, 0.096]",1996,0.15308542549610138,0.019698473918300055,
42,R0,1927,-0.21536230466371536,-0.5891022665922047,0.6305593804433919,-0.0072822747497519325,-0.0765589306446243,0.2649828618545981,-0.05518921024317173,0.5309526324272156,0.1311771273612976,0.0897342786192894,0.6621297597885132,0.8195374608039856,0.8915595412254333,2,12,28,"[0.531, 0.1312, 0.0897, 0.0403, 0.0274, 0.0212, 0.0177, 0.0137, 0.0107, 0.0088]","[0.215, 0.589, 0.631, 0.055, 0.216, 0.22, 0.045, 0.023, 0.057, 0.052]",1996,0.08434315770864487,-0.20503340884642662,
42,R1,1927,-0.018506197906291863,-0.17456442995436777,-0.6173919127684305,-0.0343631161644732,-0.04480875045944964,0.24630191474014898,-0.03512314119984262,0.4514739513397217,0.14375832676887512,0.13765272498130798,0.5952322483062744,0.8317928314208984,0.9025940299034119,2,10,25,"[0.4515, 0.1438, 0.1377, 0.0674, 0.0315, 0.0254, 0.0175, 0.0109, 0.0092, 0.0079]","[0.019, 0.175, 0.617, 0.488, 0.281, 0.265, 0.093, 0.11, 0.127, 0.064]",1996,0.10615450143814087,-0.23520797500695065,
42,R2,1927,-0.016089878108084366,0.14481472364655693,-0.5361894448619218,-0.02481273629996245,-0.060516191510966474,0.23754166103929572,-0.05638837842404967,0.36413952708244324,0.21156978607177734,0.1661200076341629,0.575709342956543,0.8255444169044495,0.9001345038414001,3,10,26,"[0.3641, 0.2116, 0.1661, 0.0558, 0.0279, 0.0211, 0.0169, 0.0143, 0.0125, 0.0098]","[0.016, 0.145, 0.536, 0.547, 0.198, 0.329, 0.062, 0.098, 0.242, 0.014]",1996,0.08188412338495255,-0.40224854923567127,
42,R3,1927,-0.1984855118242935,-0.7888851762954491,0.17239582523847635,0.047924553570789466,0.035379996179419206,-0.21365772126887073,0.09630685705260747,0.3270893096923828,0.17019960284233093,0.13679759204387665,0.49728891253471375,0.7575787305831909,0.8538941740989685,1,17,42,"[0.3271, 0.1702, 0.1368, 0.0739, 0.0496, 0.0335, 0.0203, 0.0162, 0.0152, 0.0111]","[0.198, 0.789, 0.172, 0.182, 0.097, 0.129, 0.17, 0.19, 0.081, 0.058]",1996,0.2411925047636032,0.4631934384402652,
42,R4,1927,-0.6336291041776332,-0.19613430536039916,0.10982173486640746,-0.03057379066701209,0.03557579176211296,-0.12641469967915916,0.11325307862278709,0.3769138753414154,0.1419348120689392,0.08545694500207901,0.5188486576080322,0.7015463709831238,0.8430769443511963,3,17,39,"[0.3769, 0.1419, 0.0855, 0.0534, 0.0438, 0.0388, 0.0343, 0.0303, 0.0228, 0.0154]","[0.634, 0.196, 0.11, 0.023, 0.338, 0.191, 0.27, 0.108, 0.307, 0.001]",1996,0.36670413613319397,0.8449083779737684,
42,R5,1927,-0.4235862582601169,0.07039930905733932,0.025828289155439763,0.015161415933296892,0.07063450554689105,0.03159112156264604,0.1917506027523929,0.17065203189849854,0.119945228099823,0.08494581282138824,0.29059725999832153,0.48380574584007263,0.6027286052703857,2,102,229,"[0.1707, 0.1199, 0.0849, 0.0552, 0.053, 0.0319, 0.0274, 0.0233, 0.0183, 0.0179]","[0.424, 0.07, 0.026, 0.023, 0.189, 0.19, 0.091, 0.414, 0.283, 0.177]",1996,0.21105718612670898,0.6498115737011282,
42,R6,1927,-0.7917826461333495,0.03552769682776761,-0.33821508409199663,0.05298488518566288,0.011993559050201238,-0.03302668742383549,0.09282969380434779,0.5282115340232849,0.0988990068435669,0.062354229390621185,0.6271105408668518,0.783381462097168,0.8749017715454102,2,14,34,"[0.5282, 0.0989, 0.0624, 0.0555, 0.0384, 0.0318, 0.0183, 0.0166, 0.0145, 0.0103]","[0.792, 0.036, 0.338, 0.079, 0.272, 0.077, 0.126, 0.138, 0.029, 0.017]",1996,0.35847771167755127,0.6347146695190253,
42,R7,1927,-0.6550717531212802,-0.14948090506384026,0.1456120569315296,0.15599382887400065,-0.02710544330094954,-0.10614400132936856,-0.010233905259486595,0.49256494641304016,0.14098773896694183,0.08442872017621994,0.6335526704788208,0.8161589503288269,0.8968690037727356,3,11,24,"[0.4926, 0.141, 0.0844, 0.066, 0.0322, 0.0258, 0.0167, 0.0153, 0.0123, 0.0105]","[0.655, 0.149, 0.146, 0.305, 0.54, 0.118, 0.071, 0.024, 0.147, 0.139]",1996,0.4299015402793884,0.7036853068018415,
43,T0,1927,-0.892987239245648,-0.027388912850793437,0.23022632923279554,-0.03867393093490104,-0.0832351635384803,0.11847563861332432,0.009253891459155752,0.25173109769821167,0.12866294384002686,0.09163279086351395,0.3803940415382385,0.5833122134208679,0.7351406216621399,1,40,90,"[0.2517, 0.1287, 0.0916, 0.0574, 0.0539, 0.051, 0.0423, 0.0216, 0.0188, 0.0181]","[0.893, 0.027, 0.23, 0.159, 0.037, 0.087, 0.163, 0.082, 0.007, 0.08]",1996,0.1279260814189911,0.3922056775321897,
43,T1,1927,0.5698062906959517,-0.18390783762132148,-0.11098327235574379,-0.033654454684090465,0.04737653842197359,-0.0770765448128507,0.014445121654042919,0.31445467472076416,0.14524511992931366,0.12117654085159302,0.459699809551239,0.6768666505813599,0.7759803533554077,2,37,91,"[0.3145, 0.1452, 0.1212, 0.051, 0.045, 0.0284, 0.0211, 0.0195, 0.0162, 0.0139]","[0.57, 0.184, 0.111, 0.404, 0.215, 0.23, 0.039, 0.031, 0.044, 0.012]",1996,0.1629793643951416,-0.6032292294466339,
43,T2,1927,0.6741331358295497,0.20117173943795996,0.07590331174308444,-0.0471656940146793,0.023224518907021714,0.050784134757695804,-0.15651910735735267,0.48520946502685547,0.12259893119335175,0.07145607471466064,0.6078084111213684,0.776462972164154,0.8611198663711548,2,17,39,"[0.4852, 0.1226, 0.0715, 0.0602, 0.037, 0.0273, 0.0174, 0.0158, 0.0127, 0.0116]","[0.674, 0.201, 0.076, 0.087, 0.421, 0.047, 0.0, 0.025, 0.037, 0.069]",1996,0.3840515613555908,-0.7414018700441681,
43,T3,1927,0.3602374312280826,0.4781114901324962,-0.12128090495164266,0.0843637265442726,-0.07671960087518255,-0.00010096957103617967,-0.058811776745830865,0.2467518150806427,0.15694333612918854,0.1171671450138092,0.40369516611099243,0.6412569880485535,0.7516971230506897,3,43,108,"[0.2468, 0.1569, 0.1172, 0.0666, 0.0538, 0.0335, 0.0239, 0.0209, 0.0173, 0.0148]","[0.36, 0.478, 0.121, 0.55, 0.055, 0.097, 0.047, 0.021, 0.125, 0.18]",1996,0.17273877561092377,-0.38859139017563027,
43,T4,1927,-0.132305671021499,-0.17823029215835562,0.3073171214674312,-0.08069731767090685,-0.042014448116924896,0.10952390333234753,0.021823123530368155,0.17236866056919098,0.15477405488491058,0.09127111732959747,0.32714271545410156,0.518029510974884,0.631468653678894,3,82,183,"[0.1724, 0.1548, 0.0913, 0.0644, 0.0352, 0.0342, 0.0265, 0.0196, 0.0177, 0.0155]","[0.132, 0.178, 0.307, 0.115, 0.443, 0.138, 0.015, 0.232, 0.324, 0.096]",1996,0.04694516211748123,0.2008294579238076,
43,T5,1927,-0.4675653472932285,0.13704471162240822,-0.31108252914895895,-0.009574018003538725,-0.2560180372791899,0.13796730177016459,0.023475153028213368,0.2846345007419586,0.14026418328285217,0.09094931185245514,0.4248986840248108,0.6133042573928833,0.7378945350646973,3,54,137,"[0.2846, 0.1403, 0.0909, 0.0567, 0.0407, 0.0398, 0.0323, 0.0202, 0.0166, 0.0157]","[0.468, 0.137, 0.311, 0.209, 0.14, 0.435, 0.087, 0.048, 0.031, 0.184]",1996,0.061452608555555344,0.18099515281432907,
43,T6,1927,0.28354992386857,-0.3347394434806955,0.15351013306785521,-0.08275693046260184,0.02882529012344861,-0.13054037515013148,0.09770365313374421,0.2221023440361023,0.11969652026891708,0.06664688140153885,0.3417988717556,0.5195390582084656,0.6456276774406433,3,83,192,"[0.2221, 0.1197, 0.0666, 0.0656, 0.0455, 0.0337, 0.0309, 0.0228, 0.0221, 0.0167]","[0.284, 0.335, 0.154, 0.069, 0.343, 0.342, 0.038, 0.262, 0.153, 0.11]",1996,0.06049218028783798,-0.2901499261291911,
43,T7,1927,0.5973406557734792,-0.08905451154285993,-0.42875620867245684,-0.00438526248255674,0.00801270980936314,-0.07993923960937896,-0.1969236968792662,0.19375349581241608,0.12336648255586624,0.10822565108537674,0.3171199858188629,0.5181161165237427,0.6518404483795166,3,90,205,"[0.1938, 0.1234, 0.1082, 0.0503, 0.0425, 0.0336, 0.0279, 0.0269, 0.0245, 0.0208]","[0.597, 0.089, 0.429, 0.25, 0.093, 0.351, 0.042, 0.062, 0.021, 0.029]",1996,0.15534572303295135,-0.6406411697626235,
43,T8,1927,-0.4731710111408941,-0.6521116343165382,-0.1912640686200087,-0.003651103135553421,-0.058705454101880626,0.2694526157171934,-0.062300121262972435,0.41621625423431396,0.18365752696990967,0.10967002809047699,0.5998737812042236,0.7964985370635986,0.8724216222763062,2,14,35,"[0.4162, 0.1837, 0.1097, 0.0583, 0.0287, 0.0225, 0.0172, 0.0137, 0.0125, 0.0099]","[0.473, 0.652, 0.191, 0.264, 0.144, 0.068, 0.022, 0.003, 0.177, 0.094]",1996,0.1448184698820114,-0.07192394352372389,
43,R0,1927,-0.24070341293304887,-0.4517511866816177,-0.7700351539888757,-0.01874116732837663,-0.08244702986934668,0.27943679137521427,-0.05902281755877232,0.5523021221160889,0.12072708457708359,0.08905776590108871,0.6730291843414307,0.8297123908996582,0.897438108921051,2,11,26,"[0.5523, 0.1207, 0.0891, 0.042, 0.0256, 0.0196, 0.0165, 0.0129, 0.0095, 0.0092]","[0.241, 0.452, 0.77, 0.043, 0.199, 0.236, 0.099, 0.006, 0.008, 0.001]",1996,0.06557925045490265,-0.20896362665771234,
43,R1,1927,-0.091489212283713,-0.10855047827159031,-0.623994215109196,-0.052319223402337904,-0.049620418751370306,0.2536237508790918,-0.03305535770068997,0.4679674804210663,0.149025097489357,0.1278698444366455,0.6169925928115845,0.8416156768798828,0.9075013399124146,2,9,23,"[0.468, 0.149, 0.1279, 0.0634, 0.0333, 0.0236, 0.0166, 0.0102, 0.0086, 0.0069]","[0.091, 0.109, 0.624, 0.51, 0.299, 0.169, 0.115, 0.085, 0.154, 0.012]",1996,0.09369249641895294,-0.21501823424672026,
43,R2,1927,-0.027055792998481834,-0.15529054928885552,-0.5294579556201929,-0.02540364185960046,-0.05939383960694567,0.24901211756833505,-0.060531709484419334,0.36814138293266296,0.20860418677330017,0.1731274276971817,0.5767455697059631,0.8336265087127686,0.906072199344635,3,10,24,"[0.3681, 0.2086, 0.1731, 0.0574, 0.0263, 0.0187, 0.0177, 0.0145, 0.0119, 0.0096]","[0.027, 0.155, 0.529, 0.426, 0.336, 0.193, 0.281, 0.213, 0.174, 0.055]",1996,0.07739969342947006,-0.4039626451181059,
43,R3,1927,-0.1687895401834796,-0.6604622433732011,0.4950785467632722,0.05516198945509022,0.040249143704793294,-0.1964344106552609,0.07715707276884545,0.32909438014030457,0.15626730024814606,0.14498764276504517,0.4853616952896118,0.7615275979042053,0.854231059551239,2,17,41,"[0.3291, 0.1563, 0.145, 0.0772, 0.054, 0.0296, 0.0208, 0.0166, 0.0142, 0.0116]","[0.169, 0.66, 0.495, 0.103, 0.014, 0.156, 0.093, 0.229, 0.091, 0.027]",1996,0.21951639652252197,0.4337142955029745,
43,R4,1927,-0.6114665135811337,-0.2746492348770584,0.08771850322601465,-0.02578099023760686,0.03477552291057297,-0.12882736456547078,0.09743911878081747,0.3652593493461609,0.15535105764865875,0.07971983402967453,0.5206103920936584,0.7021787762641907,0.8438522815704346,3,17,40,"[0.3653, 0.1554, 0.0797, 0.0557, 0.0462, 0.0402, 0.0345, 0.0298, 0.0221, 0.015]","[0.611, 0.275, 0.088, 0.052, 0.215, 0.34, 0.191, 0.074, 0.318, 0.002]",1996,0.35113292932510376,0.8438455602097562,
43,R5,1927,-0.4292857253253544,0.0683193068856982,0.009226422539433527,0.008358368931716017,0.06573994087087931,0.012809201448396828,0.20237505241423528,0.15907657146453857,0.12751378118991852,0.08324714750051498,0.2865903377532959,0.4929664731025696,0.6111522912979126,2,100,227,"[0.1591, 0.1275, 0.0832, 0.066, 0.0571, 0.033, 0.0263, 0.0237, 0.0185, 0.0167]","[0.429, 0.068, 0.009, 0.01, 0.202, 0.131, 0.152, 0.378, 0.237, 0.271]",1996,0.20424394309520721,0.6910444815430848,
43,R6,1927,-0.8189961784458774,0.03802478015226544,-0.30053331539247236,0.038784147362939565,0.015953686217497317,-0.01922032844457949,0.08740057144861733,0.554231584072113,0.09053395688533783,0.06884970515966415,0.6447655558586121,0.7971409559249878,0.8823171257972717,2,13,32,"[0.5542, 0.0905, 0.0688, 0.0492, 0.0343, 0.0288, 0.0179, 0.0152, 0.0135, 0.0097]","[0.819, 0.038, 0.301, 0.031, 0.246, 0.103, 0.095, 0.184, 0.053, 0.004]",1996,0.3582346439361572,0.6249147903661092,
43,R7,1927,-0.6643888601807516,-0.175748093605026,0.13215799570520348,0.16519408270760705,-0.027891589317430684,-0.10114544270522823,-0.027657785607016157,0.5000921487808228,0.14087000489234924,0.0868024155497551,0.6409621238708496,0.8223975300788879,0.9008548855781555,3,10,23,"[0.5001, 0.1409, 0.0868, 0.0649, 0.0298, 0.0244, 0.0167, 0.0143, 0.0121, 0.011]","[0.664, 0.176, 0.132, 0.303, 0.536, 0.111, 0.017, 0.02, 0.172, 0.048]",1996,0.4293226897716522,0.6861294386290668,
44,T0,1927,-0.8876651700669164,-0.026374271893116405,0.24759023973124464,-0.043548178090065524,-0.10587222237502412,0.11530873159690049,0.006483837272686088,0.23193472623825073,0.1383509635925293,0.09150153398513794,0.37028568983078003,0.5752303004264832,0.7287076115608215,1,41,93,"[0.2319, 0.1384, 0.0915, 0.0582, 0.0553, 0.0514, 0.043, 0.0219, 0.0191, 0.018]","[0.888, 0.026, 0.248, 0.196, 0.019, 0.044, 0.162, 0.069, 0.036, 0.062]",1996,0.1269989162683487,0.39066521502181517,
44,T1,1927,0.563875478941197,-0.1557251948453739,-0.12300856460349628,-0.03503151407176721,0.04423835025621862,-0.06898321782579105,0.007011395443429036,0.3006896376609802,0.14890781044960022,0.13044463098049164,0.44959744811058044,0.6785532832145691,0.7778390645980835,2,36,89,"[0.3007, 0.1489, 0.1304, 0.0518, 0.0467, 0.0289, 0.0216, 0.0196, 0.0158, 0.0134]","[0.564, 0.156, 0.123, 0.337, 0.122, 0.261, 0.025, 0.024, 0.058, 0.004]",1996,0.16144225001335144,-0.6147849181156431,
44,T2,1927,0.677905697798532,0.15808119396712517,0.002160756469583908,-0.050695919135884,0.018784372934640442,0.05561112145484772,-0.16447200344932,0.4835021197795868,0.12970802187919617,0.07456624507904053,0.613210141658783,0.7810190320014954,0.86568683385849,2,16,37,"[0.4835, 0.1297, 0.0746, 0.0588, 0.0344, 0.0275, 0.0167, 0.0155, 0.0134, 0.0115]","[0.678, 0.158, 0.002, 0.16, 0.414, 0.004, 0.058, 0.002, 0.011, 0.044]",1996,0.3917347490787506,-0.749668080907659,
44,T3,1927,0.33136685995880466,0.5309402819818064,-0.06780129631826354,0.07842067435969913,-0.09352350358384028,-0.011822292712056495,-0.03870951211819072,0.23879091441631317,0.15171682834625244,0.11643213778734207,0.3905077576637268,0.6321510076522827,0.7442253232002258,3,45,111,"[0.2388, 0.1517, 0.1164, 0.0686, 0.0566, 0.033, 0.0239, 0.0225, 0.0169, 0.0158]","[0.331, 0.531, 0.068, 0.458, 0.025, 0.127, 0.042, 0.103, 0.08, 0.231]",1996,0.16003666818141937,-0.28592925217163,
44,T4,1927,-0.12103081612684093,-0.1328133813075721,0.34548750982426246,-0.11556257231551183,-0.010867545733555653,0.12093163681795083,-0.012236994415704984,0.18062753975391388,0.1477581113576889,0.09042758494615555,0.3283856511116028,0.5224566459655762,0.6336072683334351,3,82,182,"[0.1806, 0.1478, 0.0904, 0.0689, 0.0347, 0.0327, 0.0258, 0.0197, 0.0176, 0.0152]","[0.121, 0.133, 0.345, 0.011, 0.379, 0.205, 0.083, 0.169, 0.372, 0.053]",1996,0.04973684251308441,0.19363159369158853,
44,T5,1927,-0.4842395351167727,0.07815740204649478,-0.2712489418694328,-0.011411957770534479,-0.2516143731086596,0.13351767232688624,0.027141815244982458,0.25560861825942993,0.15089648962020874,0.09743191301822662,0.40650510787963867,0.6099397540092468,0.7388633489608765,1,53,135,"[0.2556, 0.1509, 0.0974, 0.0586, 0.0474, 0.0383, 0.0351, 0.0221, 0.0183, 0.0151]","[0.484, 0.078, 0.271, 0.264, 0.24, 0.235, 0.249, 0.002, 0.067, 0.216]",1996,0.06573734432458878,0.22539170295077096,
44,T6,1927,0.26763259768921677,-0.35193966393668596,0.15615732197022175,-0.11114823467096475,0.023429535157217542,-0.11347219489746097,0.09675201998195634,0.24559760093688965,0.11873382329940796,0.06296782195568085,0.3643314242362976,0.5337377190589905,0.6555458307266235,3,80,186,"[0.2456, 0.1187, 0.063, 0.0618, 0.0447, 0.0315, 0.0307, 0.023, 0.0205, 0.0161]","[0.268, 0.352, 0.156, 0.033, 0.342, 0.361, 0.019, 0.258, 0.071, 0.151]",1996,0.055293187499046326,-0.2499359884623594,
44,T7,1927,0.5866356620803359,-0.20752900114653577,-0.3681745963443419,-0.021510962409869057,0.015157234240266928,-0.07025780118401691,-0.17585176707388875,0.19408278167247772,0.12734141945838928,0.10232001543045044,0.3214241862297058,0.5180843472480774,0.6580017805099487,2,87,200,"[0.1941, 0.1273, 0.1023, 0.0535, 0.0408, 0.038, 0.0303, 0.0253, 0.0244, 0.022]","[0.587, 0.208, 0.368, 0.14, 0.25, 0.274, 0.123, 0.031, 0.054, 0.033]",1996,0.1539071500301361,-0.6349063236732971,
44,T8,1927,-0.47877790944806903,-0.6590218484333237,-0.14430735743145515,-0.00760322967003696,-0.05301715841766743,0.2674729039959168,-0.06439899577857155,0.421694278717041,0.182533398270607,0.10656797885894775,0.6042276620864868,0.7959290742874146,0.8723605871200562,2,14,36,"[0.4217, 0.1825, 0.1066, 0.0563, 0.0288, 0.0225, 0.0164, 0.0146, 0.0133, 0.0096]","[0.479, 0.659, 0.144, 0.259, 0.162, 0.053, 0.009, 0.026, 0.199, 0.042]",1996,0.1431395262479782,-0.07418222873413738,
44,R0,1927,-0.27337952583151914,-0.35075781105297854,-0.7978913076659357,-0.030105455985126248,-0.08601270509353368,0.2833263881691411,-0.05778424403911831,0.5713332891464233,0.11836638301610947,0.08496786653995514,0.689699649810791,0.8403164744377136,0.9029767513275146,2,10,25,"[0.5713, 0.1184, 0.085, 0.0415, 0.0241, 0.018, 0.0149, 0.0124, 0.009, 0.0084]","[0.273, 0.351, 0.798, 0.013, 0.189, 0.259, 0.073, 0.004, 0.0, 0.007]",1996,0.059540681540966034,-0.1848521610135171,
44,R1,1927,-0.16120727763131604,-0.4551513474020109,-0.47158756967658844,-0.0749132815767987,-0.044679373462625675,0.24491075455943392,-0.022302459455507923,0.47723299264907837,0.1417454481124878,0.1279548555612564,0.6189784407615662,0.8430646657943726,0.9078864455223083,3,9,23,"[0.4772, 0.1417, 0.128, 0.0628, 0.0333, 0.022, 0.0169, 0.0101, 0.0089, 0.0069]","[0.161, 0.455, 0.472, 0.532, 0.284, 0.198, 0.088, 0.035, 0.17, 0.036]",1996,0.09452225267887115,-0.16354385289276915,
44,R2,1927,-0.08365164983926657,-0.4170376641391772,-0.40350515478679916,-0.020438787088941222,-0.05482286993092245,0.2537637394346088,-0.054700250280443855,0.3670189082622528,0.20133891701698303,0.17808158695697784,0.5683578252792358,0.835669219493866,0.9081330299377441,5,10,23,"[0.367, 0.2013, 0.1781, 0.0614, 0.0278, 0.0201, 0.0165, 0.0138, 0.0121, 0.01]","[0.084, 0.417, 0.404, 0.401, 0.357, 0.104, 0.353, 0.226, 0.164, 0.069]",1996,0.07570533454418182,-0.3507712780767677,
44,R3,1927,-0.1588990631872814,-0.7504111959009945,0.4107730790333032,0.05896148823859733,0.043792851849088085,-0.19319157624306482,0.06617250448452867,0.3246793746948242,0.15608865022659302,0.14345625042915344,0.48076802492141724,0.7567542791366577,0.8509224653244019,2,18,42,"[0.3247, 0.1561, 0.1435, 0.0779, 0.0546, 0.0285, 0.0229, 0.0171, 0.0137, 0.012]","[0.159, 0.75, 0.411, 0.003, 0.005, 0.165, 0.027, 0.263, 0.07, 0.012]",1996,0.211675763130188,0.4063459412061478,
44,R4,1927,0.6088820521747111,-0.2665031439960502,0.0815733969739234,0.021236252478594383,-0.03323786482395028,0.13079479400551014,-0.09903066465470509,0.36177724599838257,0.14997117221355438,0.07754670828580856,0.5117484331130981,0.6951638460159302,0.8392530679702759,4,18,41,"[0.3618, 0.15, 0.0775, 0.0618, 0.0441, 0.0393, 0.0372, 0.0304, 0.0217, 0.0155]","[0.609, 0.267, 0.082, 0.036, 0.168, 0.335, 0.322, 0.084, 0.31, 0.013]",1996,0.3447559177875519,-0.8420956343532119,
44,R5,1927,0.4331600987323216,0.03239270172673408,0.021667929831618964,-0.030282880660271055,-0.07330870868928369,0.015525009550151955,-0.23062301282018666,0.1541181206703186,0.13277806341648102,0.07889865338802338,0.2868961691856384,0.498410701751709,0.6145363450050354,2,99,224,"[0.1541, 0.1328, 0.0789, 0.0739, 0.0587, 0.031, 0.0254, 0.0229, 0.0198, 0.017]","[0.433, 0.032, 0.022, 0.066, 0.206, 0.111, 0.32, 0.127, 0.205, 0.12]",1996,0.20200052857398987,-0.7292686628072609,
44,R6,1927,-0.8139876061327572,0.04206042633699965,-0.28858608300192146,0.04615977307457447,0.011484349044198938,-0.02343715342725951,0.07953592887324527,0.5412395596504211,0.08900155872106552,0.07302442938089371,0.6302410960197449,0.7884840369224548,0.8774021863937378,1,13,34,"[0.5412, 0.089, 0.073, 0.0499, 0.0353, 0.0301, 0.0185, 0.0171, 0.0136, 0.0097]","[0.814, 0.042, 0.289, 0.015, 0.241, 0.149, 0.171, 0.168, 0.061, 0.019]",1996,0.3586157262325287,0.6286680793645423,
44,R7,1927,0.6466524136629315,-0.18437800198013793,-0.11356579516943285,-0.180497021935867,0.02919311333074913,0.09597838379198807,0.036491659598423834,0.5095925331115723,0.14052708446979523,0.08735066652297974,0.6501196026802063,0.8298916816711426,0.9057683348655701,3,10,22,"[0.5096, 0.1405, 0.0874, 0.0638, 0.0286, 0.0226, 0.0161, 0.0135, 0.0122, 0.0114]","[0.647, 0.184, 0.114, 0.302, 0.518, 0.122, 0.019, 0.067, 0.117, 0.14]",1996,0.43060818314552307,-0.6841372003048787,
45,T0,1927,-0.8850160874183053,0.011979438445272,0.2411227698887603,-0.045797601667636766,-0.106547423016862,0.0985051436642719,0.014805656093666209,0.21833577752113342,0.148014098405838,0.08986281603574753,0.36634987592697144,0.57020503282547,0.7227514982223511,1,43,99,"[0.2183, 0.148, 0.0899, 0.058, 0.056, 0.0491, 0.0446, 0.0228, 0.0181, 0.018]","[0.885, 0.012, 0.241, 0.215, 0.069, 0.018, 0.168, 0.071, 0.066, 0.032]",1996,0.12426945567131042,0.3982633683164784,
45,T1,1927,0.5658494728474484,-0.16148337703035043,-0.15135949648172128,-0.04060577922660198,0.04314952618683243,-0.07384287396813177,0.008146864334162599,0.3056681156158447,0.1498999446630478,0.12544481456279755,0.4555680751800537,0.6777681708335876,0.7778192162513733,2,36,87,"[0.3057, 0.1499, 0.1254, 0.0551, 0.0417, 0.0287, 0.0221, 0.0198, 0.0162, 0.0132]","[0.566, 0.161, 0.151, 0.333, 0.187, 0.247, 0.002, 0.047, 0.063, 0.043]",1996,0.1583704650402069,-0.6019539545209167,
45,T2,1927,0.6781917642784647,0.15467292762899,-0.0091873444729354,-0.04989523323344759,0.013815728428652148,0.0556391890031807,-0.16446110198998767,0.4895680546760559,0.14473876357078552,0.06762433797121048,0.634306788444519,0.7865094542503357,0.8706117868423462,2,15,35,"[0.4896, 0.1447, 0.0676, 0.0526, 0.032, 0.0273, 0.0179, 0.015, 0.0132, 0.0107]","[0.678, 0.155, 0.009, 0.142, 0.416, 0.001, 0.057, 0.031, 0.031, 0.032]",1996,0.40187057852745056,-0.7541921500714979,
45,T3,1927,0.3075579240234476,0.5749120916557512,-0.051023403825570295,0.08200377673263014,-0.09951086333019392,-0.01474502270146062,-0.029775047523098733,0.23102298378944397,0.15048466622829437,0.11280020326375961,0.38150763511657715,0.6300727725028992,0.7419557571411133,3,46,114,"[0.231, 0.1505, 0.1128, 0.0717, 0.0641, 0.0316, 0.0236, 0.0231, 0.0173, 0.0164]","[0.308, 0.575, 0.051, 0.378, 0.071, 0.144, 0.112, 0.034, 0.182, 0.139]",1996,0.15897347033023834,-0.2532067517627783,
45,T4,1927,-0.09634501121328738,-0.14078223284269695,0.3374290001075932,-0.09682461860374925,-0.042434364594246037,0.1095965263484718,0.01908006274906921,0.18421000242233276,0.14501260221004486,0.0863017737865448,0.3292226195335388,0.5150415301322937,0.6318357586860657,2,82,181,"[0.1842, 0.145, 0.0863, 0.0654, 0.0341, 0.0326, 0.028, 0.02, 0.0199, 0.0163]","[0.096, 0.141, 0.337, 0.042, 0.07, 0.406, 0.196, 0.292, 0.15, 0.277]",1996,0.048855010420084,0.1772496486270688,
45,T5,1927,-0.4774573793265241,0.03499218479758056,-0.2605219100109781,-0.01132568198641893,-0.2578594392614054,0.13122187952975084,0.04140674474032712,0.25480231642723083,0.1575869917869568,0.08975417166948318,0.4123893082141876,0.6068065166473389,0.7400605082511902,3,52,132,"[0.2548, 0.1576, 0.0898, 0.0564, 0.0482, 0.0403, 0.036, 0.0235, 0.0186, 0.015]","[0.477, 0.035, 0.261, 0.23, 0.307, 0.093, 0.423, 0.001, 0.062, 0.214]",1996,0.06479048728942871,0.23493730223149642,
45,T6,1927,0.2604843920087475,-0.33240418344653955,-0.13065960696201925,-0.11218452472648144,0.03011071212277041,-0.11013559530199372,0.10188923859251535,0.24687661230564117,0.11410292983055115,0.06155531108379364,0.3609795570373535,0.5264374613761902,0.6495822668075562,3,79,185,"[0.2469, 0.1141, 0.0616, 0.0594, 0.0445, 0.0319, 0.0289, 0.0253, 0.0206, 0.0165]","[0.26, 0.332, 0.131, 0.019, 0.405, 0.049, 0.278, 0.357, 0.147, 0.034]",1996,0.053573496639728546,-0.24234151512114513,
45,T7,1927,0.5433429304363873,-0.2806282401804742,-0.35160033344444713,-0.05506131257297826,0.027703111457456187,-0.06347645641863958,-0.17121642285109498,0.20159952342510223,0.13173946738243103,0.10016332566738129,0.33333897590637207,0.5289186239242554,0.6664140224456787,3,83,193,"[0.2016, 0.1317, 0.1002, 0.053, 0.0424, 0.0369, 0.0314, 0.0247, 0.0233, 0.0213]","[0.543, 0.281, 0.352, 0.129, 0.342, 0.24, 0.046, 0.054, 0.052, 0.004]",1996,0.1507050096988678,-0.6095863476336434,
45,T8,1927,-0.4986130053231336,-0.65362717813644,-0.11394535333266173,-0.005975137869892544,-0.04921415109253921,0.26098415379605366,-0.05663984937905173,0.41632843017578125,0.180210679769516,0.10856418311595917,0.5965391397476196,0.790739119052887,0.8684484958648682,2,15,38,"[0.4163, 0.1802, 0.1086, 0.0568, 0.0289, 0.0237, 0.0165, 0.0148, 0.0132, 0.0094]","[0.499, 0.654, 0.114, 0.253, 0.152, 0.079, 0.011, 0.031, 0.205, 0.006]",1996,0.1449451744556427,-0.036394913601332034,
45,R0,1927,-0.2576462521092767,-0.32385910450699074,0.80032450288649,-0.02796840389684156,-0.0871718866210426,0.2845216626235288,-0.058615645731667915,0.5582892298698425,0.12284329533576965,0.0857849195599556,0.6811325550079346,0.8345945477485657,0.8980797529220581,2,11,26,"[0.5583, 0.1228, 0.0858, 0.0431, 0.0245, 0.0178, 0.0148, 0.013, 0.0092, 0.0087]","[0.258, 0.324, 0.8, 0.037, 0.137, 0.28, 0.055, 0.019, 0.017, 0.009]",1996,0.060750652104616165,-0.2152754555591896,
45,R1,1927,-0.1609657834477233,-0.4810534119072852,-0.4142941722895324,-0.08164720113948183,-0.04812219937364939,0.2446872197946421,-0.02031408872462603,0.46107110381126404,0.1469787061214447,0.1312228888273239,0.6080498099327087,0.8368237018585205,0.9041695594787598,3,10,24,"[0.4611, 0.147, 0.1312, 0.0643, 0.0332, 0.0224, 0.0179, 0.0107, 0.0094, 0.0069]","[0.161, 0.481, 0.414, 0.572, 0.286, 0.199, 0.113, 0.049, 0.158, 0.027]",1996,0.09602414816617966,-0.16079693257299743,
45,R2,1927,-0.10724089715971065,-0.5015594331700859,-0.1888148895442539,-0.02566273878905158,-0.05722842024763407,0.25182278052896007,-0.04863594909594698,0.35101839900016785,0.2112164944410324,0.18504008650779724,0.5622348785400391,0.835483729839325,0.9082004427909851,4,10,23,"[0.351, 0.2112, 0.185, 0.0601, 0.0281, 0.0204, 0.0156, 0.0146, 0.012, 0.0101]","[0.107, 0.502, 0.189, 0.369, 0.367, 0.156, 0.289, 0.347, 0.107, 0.074]",1996,0.08476561307907104,-0.32904949250784643,
45,R3,1927,-0.09840302469188536,-0.6787124071525196,-0.4850790689226049,0.07046251437523393,0.04138564261497086,-0.18814589974103835,0.0406470963714248,0.32275867462158203,0.15925531089305878,0.14659148454666138,0.482014000415802,0.7627266645431519,0.854714572429657,2,17,40,"[0.3228, 0.1593, 0.1466, 0.0728, 0.0613, 0.0262, 0.0229, 0.0183, 0.0128, 0.0118]","[0.098, 0.679, 0.485, 0.005, 0.008, 0.197, 0.011, 0.26, 0.071, 0.067]",1996,0.2026451826095581,0.3589606708135476,
45,R4,1927,-0.6117034257463262,-0.24571181720483964,0.12791511221774393,-0.024301143458315265,0.03299437660772741,-0.12804901323689247,0.09892397102277163,0.3603132367134094,0.15117132663726807,0.07601234316825867,0.5114845633506775,0.6929916739463806,0.8375145792961121,3,18,42,"[0.3603, 0.1512, 0.076, 0.0617, 0.0438, 0.0387, 0.0371, 0.0316, 0.0212, 0.0159]","[0.612, 0.246, 0.128, 0.004, 0.11, 0.227, 0.502, 0.041, 0.307, 0.011]",1996,0.34681734442710876,0.8439046404988928,
45,R5,1927,0.3854620267336376,0.11843983321523338,-0.011195767290759086,0.05350388012640643,-0.05160639824773205,-0.015963409335242894,-0.23234460056777126,0.16124621033668518,0.13064078986644745,0.07415153831243515,0.29188698530197144,0.49657437205314636,0.6133176684379578,1,97,223,"[0.1612, 0.1306, 0.0742, 0.07, 0.0605, 0.0286, 0.0267, 0.0229, 0.0224, 0.0163]","[0.385, 0.118, 0.011, 0.0, 0.232, 0.138, 0.28, 0.221, 0.213, 0.144]",1996,0.2113531231880188,-0.7255455004549072,
45,R6,1927,-0.8200744062361937,0.023827602056233133,-0.2591676197049106,0.04641432553527042,0.010680342119092471,-0.021681511376761806,0.07505102955380852,0.53751140832901,0.08823541551828384,0.07356829196214676,0.6257468461990356,0.7859869003295898,0.8765146732330322,1,14,34,"[0.5375, 0.0882, 0.0736, 0.052, 0.0347, 0.0296, 0.0188, 0.0183, 0.014, 0.0099]","[0.82, 0.024, 0.259, 0.002, 0.224, 0.192, 0.169, 0.198, 0.038, 0.073]",1996,0.363418310880661,0.6299810294226853,
45,R7,1927,0.6566022529720263,-0.1556895314043252,-0.07989369322992218,-0.1791468494341909,0.024374483175366234,0.09409345129104853,0.0461563356932647,0.5190216898918152,0.14165358245372772,0.08982257544994354,0.6606752872467041,0.8387054800987244,0.910437822341919,3,10,20,"[0.519, 0.1417, 0.0898, 0.0604, 0.0278, 0.0206, 0.0152, 0.0125, 0.0121, 0.0114]","[0.657, 0.156, 0.08, 0.318, 0.519, 0.112, 0.031, 0.104, 0.014, 0.127]",1996,0.4327407777309418,-0.6802933231100334,
46,T0,1927,-0.8537031618235549,-0.14889310057285293,0.2589746908279768,-0.050236880104785504,-0.08727642478256394,0.12326413395854265,0.04497687956289565,0.2158883959054947,0.152435302734375,0.0888175368309021,0.3683236837387085,0.5698860287666321,0.7225522398948669,1,43,103,"[0.2159, 0.1524, 0.0888, 0.0586, 0.0541, 0.048, 0.0442, 0.0233, 0.0192, 0.0179]","[0.854, 0.149, 0.259, 0.174, 0.113, 0.072, 0.2, 0.091, 0.125, 0.043]",1996,0.11734921485185623,0.3597328856852925,
46,T1,1927,0.5653250482649469,-0.0988530057846102,-0.13551341699353994,-0.04236677180164023,0.04294396772515257,-0.07470635739339956,0.009794312293435244,0.29060307145118713,0.15107329189777374,0.12929262220859528,0.44167637825012207,0.6711208820343018,0.7744712829589844,2,36,88,"[0.2906, 0.1511, 0.1293, 0.0593, 0.0409, 0.029, 0.0231, 0.0206, 0.0166, 0.0141]","[0.565, 0.099, 0.136, 0.325, 0.209, 0.237, 0.012, 0.068, 0.074, 0.148]",1996,0.15620611608028412,-0.5998213493906651,
46,T2,1927,0.6845245944304849,0.17625857163810738,-0.022733829829859907,-0.052004460442077044,0.00688641095938128,0.05203965152522911,-0.16839194982181782,0.5000759363174438,0.14790859818458557,0.06225212290883064,0.647984504699707,0.7903100848197937,0.8749930262565613,2,14,33,"[0.5001, 0.1479, 0.0623, 0.0496, 0.0305, 0.0266, 0.0188, 0.0155, 0.0133, 0.0105]","[0.685, 0.176, 0.023, 0.117, 0.416, 0.007, 0.062, 0.074, 0.074, 0.035]",1996,0.4089391529560089,-0.7403161107161496,
46,T3,1927,0.275781084608348,0.6047118929561217,0.13812305180818388,0.08307013337652974,-0.1006331345153616,-0.011435189070805055,-0.012762219734647804,0.22607791423797607,0.1462937742471695,0.10915899276733398,0.3723716735839844,0.6202985644340515,0.7344077229499817,2,48,117,"[0.2261, 0.1463, 0.1092, 0.0743, 0.0645, 0.0324, 0.0241, 0.0234, 0.0174, 0.0169]","[0.276, 0.605, 0.138, 0.367, 0.097, 0.169, 0.088, 0.129, 0.248, 0.015]",1996,0.1475733518600464,-0.2236300307388893,
46,T4,1927,-0.08318068801132476,-0.1601033368294232,0.35011677242632383,-0.09112224021272136,-0.07205750551382147,0.09312135047287613,0.04349116704041416,0.18355287611484528,0.1432483047246933,0.0886927917599678,0.3268011808395386,0.5118555426597595,0.6294988393783569,2,82,181,"[0.1836, 0.1432, 0.0887, 0.0616, 0.0347, 0.0318, 0.028, 0.0211, 0.0204, 0.0164]","[0.083, 0.16, 0.35, 0.037, 0.131, 0.267, 0.306, 0.009, 0.209, 0.238]",1996,0.05337982252240181,0.15894105757945876,
46,T5,1927,-0.4645890461148253,0.052074131114558206,-0.24711334928882464,-0.01844864149879446,-0.2618309382398428,0.13693077777995544,0.04829666434982329,0.2469392716884613,0.15775515139102936,0.08842430263757706,0.40469443798065186,0.6017105579376221,0.7357216477394104,3,53,135,"[0.2469, 0.1578, 0.0884, 0.0582, 0.0504, 0.04, 0.0367, 0.0236, 0.0184, 0.0152]","[0.465, 0.052, 0.247, 0.184, 0.386, 0.049, 0.458, 0.019, 0.047, 0.216]",1996,0.06275944411754608,0.22766480541799408,
46,T6,1927,0.23984423740565303,-0.33708591099734386,-0.12808238866805807,-0.12056850449842917,0.03164061870616785,-0.11169013180749837,0.1019866058550882,0.24659013748168945,0.11343387514352798,0.06016871705651283,0.36002400517463684,0.5219195485115051,0.6470009684562683,2,79,184,"[0.2466, 0.1134, 0.0602, 0.0576, 0.0441, 0.0337, 0.0284, 0.0258, 0.0201, 0.0171]","[0.24, 0.337, 0.128, 0.132, 0.275, 0.162, 0.268, 0.404, 0.123, 0.137]",1996,0.046581022441387177,-0.21679319922869766,
46,T7,1927,0.5049436264983123,-0.3168389514690944,-0.3426410266233361,-0.07433349074582561,0.032041584709441746,-0.050023407059078484,-0.1705210614714192,0.19899950921535492,0.1346587836742401,0.09703187644481659,0.33365827798843384,0.5288906097412109,0.6654946208000183,4,82,192,"[0.199, 0.1347, 0.097, 0.0533, 0.0449, 0.0362, 0.0319, 0.0256, 0.0218, 0.0211]","[0.505, 0.317, 0.343, 0.171, 0.314, 0.255, 0.046, 0.071, 0.067, 0.012]",1996,0.1461969017982483,-0.5834098829838448,
46,T8,1927,-0.4839051954795648,-0.6573906976084711,-0.11406771760584652,-0.0036860331502633387,-0.053204750911529895,0.26127559103569187,-0.06184863687397044,0.407201886177063,0.18333099782466888,0.1130291298031807,0.5905328989028931,0.788813591003418,0.8666618466377258,2,15,39,"[0.4072, 0.1833, 0.113, 0.0563, 0.029, 0.0241, 0.0162, 0.0149, 0.0133, 0.0094]","[0.484, 0.657, 0.114, 0.249, 0.166, 0.082, 0.02, 0.033, 0.211, 0.022]",1996,0.1445864588022232,-0.04605359317276382,
46,R0,1927,-0.2684831466680695,-0.32666957354759046,-0.8025884949129195,-0.026640793750109686,-0.08849351506548153,0.28150197014034856,-0.052645722370708685,0.558811366558075,0.12547926604747772,0.08370652794837952,0.6842906475067139,0.8357776999473572,0.8988682627677917,2,11,26,"[0.5588, 0.1255, 0.0837, 0.0424, 0.0254, 0.0174, 0.0146, 0.0132, 0.0092, 0.0087]","[0.268, 0.327, 0.803, 0.004, 0.094, 0.275, 0.066, 0.048, 0.031, 0.005]",1996,0.056323032826185226,-0.21031552351997423,
46,R1,1927,-0.16162013097514763,-0.17577579307029464,-0.5614114146801336,-0.08358118222112282,-0.04933032833484405,0.2471741775619497,-0.025127640095114312,0.43996644020080566,0.16350483894348145,0.13555768132209778,0.6034712791442871,0.8337883949279785,0.902959406375885,3,10,24,"[0.44, 0.1635, 0.1356, 0.0623, 0.0324, 0.0223, 0.0186, 0.0112, 0.0102, 0.0068]","[0.162, 0.176, 0.561, 0.585, 0.308, 0.128, 0.141, 0.072, 0.168, 0.081]",1996,0.08920924365520477,-0.1639525604080649,
46,R2,1927,-0.08106008256099005,-0.29099430802212123,-0.4513774064407272,-0.04851984060310631,-0.058636108710244494,0.2335032125045464,-0.04732345865774207,0.34088945388793945,0.24110928177833557,0.18006189167499542,0.5819987058639526,0.8447268009185791,0.9147189259529114,4,9,20,"[0.3409, 0.2411, 0.1801, 0.0566, 0.0261, 0.0205, 0.0145, 0.0135, 0.0122, 0.0092]","[0.081, 0.291, 0.451, 0.322, 0.385, 0.145, 0.161, 0.413, 0.053, 0.1]",1996,0.07685567438602448,-0.3340160661015223,
46,R3,1927,-0.07881221777835935,-0.6502981906383214,-0.5111452686829515,0.06770581400572988,0.02991658223642131,-0.1848570143434902,0.005735776292698561,0.3442663848400116,0.15788431465625763,0.14184953272342682,0.5021507143974304,0.7702283263206482,0.8586598038673401,2,16,39,"[0.3443, 0.1579, 0.1418, 0.0681, 0.0582, 0.0242, 0.0227, 0.0178, 0.0124, 0.0113]","[0.079, 0.65, 0.511, 0.02, 0.044, 0.235, 0.055, 0.212, 0.077, 0.064]",1996,0.19022232294082642,0.30608966643904184,
46,R4,1927,-0.6112368294239282,-0.25309173168644505,0.13563015098607098,-0.028389304828105002,0.03458160653168031,-0.12838929599371116,0.09986838881910479,0.34378957748413086,0.15357637405395508,0.07556978613138199,0.49736595153808594,0.6889200806617737,0.8343681693077087,3,18,43,"[0.3438, 0.1536, 0.0756, 0.07, 0.046, 0.0383, 0.0368, 0.0338, 0.0212, 0.0153]","[0.611, 0.253, 0.136, 0.038, 0.073, 0.104, 0.508, 0.16, 0.327, 0.019]",1996,0.33599433302879333,0.8464581759591362,
46,R5,1927,0.3674084357353332,0.10973451539280847,-0.00947437099082565,0.03674917318123882,-0.04783508022735702,0.007017788288669448,-0.24218179153356506,0.17388492822647095,0.12531469762325287,0.07703500986099243,0.299199640750885,0.4963706433773041,0.6157962083816528,1,96,221,"[0.1739, 0.1253, 0.077, 0.0616, 0.0585, 0.0289, 0.0264, 0.0241, 0.0224, 0.0176]","[0.367, 0.11, 0.009, 0.08, 0.226, 0.04, 0.261, 0.295, 0.152, 0.156]",1996,0.21733219921588898,-0.7273216950279368,
46,R6,1927,-0.8161949858955178,-0.06896646829697595,-0.27178113207986254,0.05083008480982533,0.012499398689782998,-0.025004139958806366,0.07608265647332195,0.5339027643203735,0.08661060780286789,0.07350620627403259,0.620513379573822,0.7819049954414368,0.872290849685669,1,14,37,"[0.5339, 0.0866, 0.0735, 0.0533, 0.0346, 0.0295, 0.0195, 0.0181, 0.0137, 0.0096]","[0.816, 0.069, 0.272, 0.029, 0.218, 0.184, 0.245, 0.101, 0.041, 0.05]",1996,0.361541748046875,0.6318086562445904,
46,R7,1927,0.6605854677759393,-0.13864068302887014,-0.09207312250256527,-0.1855441685699398,0.02073821365322377,0.09687906752350553,0.04576410088047993,0.5228661894798279,0.1334472894668579,0.09815745055675507,0.6563134789466858,0.8412196636199951,0.9118475317955017,3,9,20,"[0.5229, 0.1334, 0.0982, 0.0603, 0.0265, 0.0206, 0.0144, 0.0129, 0.0117, 0.0109]","[0.661, 0.139, 0.092, 0.322, 0.509, 0.108, 0.022, 0.057, 0.143, 0.102]",1996,0.4219905436038971,-0.6729830650095864,
47,T0,1927,-0.8623672468852888,-0.11689707105976319,0.270940063711287,-0.051067604523646386,-0.09427215876211482,0.11823025708377258,0.04341770171884048,0.21471086144447327,0.14970457553863525,0.08891953527927399,0.3644154369831085,0.5676182508468628,0.719630777835846,1,45,108,"[0.2147, 0.1497, 0.0889, 0.0596, 0.0547, 0.0462, 0.0443, 0.0244, 0.0189, 0.0181]","[0.862, 0.117, 0.271, 0.166, 0.025, 0.014, 0.212, 0.092, 0.127, 0.047]",1996,0.11917425692081451,0.36679371740678685,
47,T1,1927,0.5665558127876684,-0.14052989287073042,-0.13930601144583007,-0.036440560260536325,0.04191887475999617,-0.05785468011233201,-0.00025472912213578747,0.311614990234375,0.1388510912656784,0.1254688799381256,0.4504660964012146,0.6793472170829773,0.7813680768013,2,35,85,"[0.3116, 0.1389, 0.1255, 0.0624, 0.041, 0.0287, 0.0223, 0.0204, 0.016, 0.0146]","[0.567, 0.141, 0.139, 0.316, 0.237, 0.223, 0.016, 0.075, 0.031, 0.169]",1996,0.1634942889213562,-0.615794828508275,
47,T2,1927,0.6919311165108342,0.15341931763297068,-0.032375262377254146,-0.05135769973358481,-0.00028634473837671725,0.04842863626436263,-0.1669061305828875,0.49559321999549866,0.16531342267990112,0.06229151412844658,0.6609066724777222,0.7975640892982483,0.8801631927490234,2,13,32,"[0.4956, 0.1653, 0.0623, 0.0461, 0.0283, 0.0254, 0.0197, 0.0147, 0.0126, 0.0102]","[0.692, 0.153, 0.032, 0.088, 0.455, 0.147, 0.011, 0.06, 0.084, 0.033]",1996,0.4125397801399231,-0.735843062084289,
47,T3,1927,0.2577315356623553,0.5576902862861778,0.2896235361074127,0.08293756413533361,-0.09846158095269038,-0.01722519777377812,-0.009163513445475654,0.24356913566589355,0.13669118285179138,0.1100095734000206,0.38026031851768494,0.626253068447113,0.7397361397743225,2,47,115,"[0.2436, 0.1367, 0.11, 0.0732, 0.0628, 0.0324, 0.025, 0.0225, 0.0172, 0.0164]","[0.258, 0.558, 0.29, 0.35, 0.099, 0.189, 0.102, 0.066, 0.244, 0.082]",1996,0.14302696287631989,-0.21097742474748418,
47,T4,1927,-0.07917037719715217,-0.1520911088543831,0.3395979345558211,-0.09334193250168239,-0.05837439481893749,0.09275936083290306,0.03041825913812023,0.18583841621875763,0.13513968884944916,0.08711177110671997,0.3209781050682068,0.5034868717193604,0.6226210594177246,2,85,186,"[0.1858, 0.1351, 0.0871, 0.0619, 0.0335, 0.0309, 0.0274, 0.022, 0.0203, 0.0186]","[0.079, 0.152, 0.34, 0.075, 0.125, 0.316, 0.253, 0.163, 0.083, 0.076]",1996,0.05109777674078941,0.16140718549707453,
47,T5,1927,-0.478119920710491,0.026121305879821585,-0.24034285834370095,-0.019818315037817648,-0.2632337850592378,0.12736905114977787,0.03502174861295867,0.25140032172203064,0.1519133299589157,0.08815789222717285,0.40331363677978516,0.6035756468772888,0.7370282411575317,3,52,134,"[0.2514, 0.1519, 0.0882, 0.0581, 0.0541, 0.0387, 0.0349, 0.0264, 0.0184, 0.0151]","[0.478, 0.026, 0.24, 0.174, 0.428, 0.112, 0.303, 0.008, 0.09, 0.219]",1996,0.0672532171010971,0.23643025544947352,
47,T6,1927,0.2476009802003378,-0.3354358892824966,-0.1746791188794765,-0.11743124979445177,0.039271441361369556,-0.11534019177665446,0.09867401828209153,0.25110217928886414,0.1147061437368393,0.06015947833657265,0.36580830812454224,0.5215848088264465,0.6459265351295471,3,79,185,"[0.2511, 0.1147, 0.0602, 0.0552, 0.0404, 0.0335, 0.0278, 0.0253, 0.0202, 0.0175]","[0.248, 0.335, 0.175, 0.125, 0.302, 0.176, 0.155, 0.415, 0.085, 0.174]",1996,0.04809214919805527,-0.21347985843634754,
47,T7,1927,0.5364677965993196,-0.27020939772621005,-0.34906270513132176,-0.06842496416145138,0.0365449085308307,-0.05072342258377768,-0.1654713554839327,0.19585715234279633,0.13499560952186584,0.0984763577580452,0.330852746963501,0.527347981929779,0.6662770509719849,2,81,191,"[0.1959, 0.135, 0.0985, 0.0531, 0.0449, 0.0367, 0.0316, 0.0262, 0.0227, 0.0216]","[0.536, 0.27, 0.349, 0.207, 0.2, 0.223, 0.113, 0.096, 0.011, 0.06]",1996,0.14840364456176758,-0.6000651573301906,
47,T8,1927,-0.4637701605598886,-0.6654453731757897,-0.07916393132122372,0.006250688218887126,-0.05188753580009549,0.26203878614525117,-0.05885640826266974,0.4044738709926605,0.18043065071105957,0.1184987872838974,0.5849045515060425,0.7907688617706299,0.867929220199585,2,15,39,"[0.4045, 0.1804, 0.1185, 0.0567, 0.0307, 0.0242, 0.0157, 0.0146, 0.0133, 0.0093]","[0.464, 0.665, 0.079, 0.264, 0.151, 0.085, 0.033, 0.03, 0.2, 0.061]",1996,0.14367085695266724,-0.05412395223863621,
47,R0,1927,-0.2809446216465472,-0.2989288254702964,-0.8065332451015019,-0.02843235931207685,-0.0853439555854327,0.27939026500566966,-0.049923731860965916,0.5594884157180786,0.12385198473930359,0.08473307639360428,0.6833404302597046,0.8364786505699158,0.899022102355957,1,11,26,"[0.5595, 0.1239, 0.0847, 0.043, 0.0254, 0.017, 0.0143, 0.0132, 0.0094, 0.0086]","[0.281, 0.299, 0.807, 0.019, 0.099, 0.262, 0.025, 0.088, 0.02, 0.01]",1996,0.056124184280633926,-0.1997780029198242,
47,R1,1927,-0.16016860121829898,-0.18563170821939767,-0.5460188668880057,-0.08981362016978717,-0.05072163556828137,0.2492912074881016,-0.03230778617224292,0.4394281208515167,0.15843389928340912,0.13808351755142212,0.5978620052337646,0.8312022089958191,0.9016964435577393,2,10,25,"[0.4394, 0.1584, 0.1381, 0.0624, 0.0328, 0.0226, 0.0184, 0.012, 0.0104, 0.007]","[0.16, 0.186, 0.546, 0.602, 0.292, 0.11, 0.137, 0.178, 0.135, 0.061]",1996,0.08395891636610031,-0.16754777649639452,
47,R2,1927,-0.08725105011955901,-0.30076210106286044,0.4482881578599554,-0.045397948908253265,-0.055137983940848685,0.2396285455208239,-0.048442589797805545,0.3346123993396759,0.24612335860729218,0.18263939023017883,0.5807357430458069,0.845406711101532,0.9159572124481201,5,9,20,"[0.3346, 0.2461, 0.1826, 0.0572, 0.0248, 0.0221, 0.0141, 0.0132, 0.012, 0.0091]","[0.087, 0.301, 0.448, 0.306, 0.41, 0.143, 0.148, 0.389, 0.001, 0.118]",1996,0.07410745322704315,-0.34224441435485964,
47,R3,1927,-0.024665624680744683,-0.5793553783805653,0.5540950098223562,0.06790410778122936,0.027109177149624176,-0.183956070433681,-0.007385915597583399,0.34345486760139465,0.16528011858463287,0.140510693192482,0.5087350010871887,0.7704471945762634,0.8588886857032776,2,16,38,"[0.3435, 0.1653, 0.1405, 0.0656, 0.0556, 0.0242, 0.0226, 0.0183, 0.0124, 0.0109]","[0.025, 0.579, 0.554, 0.009, 0.074, 0.157, 0.153, 0.248, 0.078, 0.062]",1996,0.1837722361087799,0.2643902352622847,
47,R4,1927,-0.6001794860808581,-0.266376110475902,-0.17960562347915818,-0.02598579220376047,0.037601923374561266,-0.12454666248151003,0.09967909907034096,0.32418954372406006,0.1677713841199875,0.08611752837896347,0.49196094274520874,0.689835250377655,0.8348758220672607,3,18,43,"[0.3242, 0.1678, 0.0861, 0.0658, 0.046, 0.0401, 0.0364, 0.0339, 0.02, 0.0146]","[0.6, 0.266, 0.18, 0.024, 0.113, 0.173, 0.279, 0.434, 0.32, 0.009]",1996,0.32035940885543823,0.8475650512344743,
47,R5,1927,-0.32363596259764355,0.22610244469218557,-0.0047851191972829365,-0.058008890920354474,0.03124707630733732,0.007953054286538938,0.23556239277131427,0.1644294708967209,0.1305624395608902,0.07496723532676697,0.2949919104576111,0.48926424980163574,0.6169651746749878,1,96,223,"[0.1644, 0.1306, 0.075, 0.0618, 0.0575, 0.0301, 0.0281, 0.0261, 0.0224, 0.021]","[0.324, 0.226, 0.005, 0.173, 0.166, 0.157, 0.233, 0.245, 0.263, 0.073]",1996,0.20804648101329803,0.6825640968763892,
47,R6,1927,-0.810801246270913,-0.04204080841726055,-0.29504505221060817,0.056812615370031294,0.015940752076276595,-0.023341330928551184,0.07286903162433553,0.519923210144043,0.08860199898481369,0.07749024033546448,0.6085252165794373,0.7756417393684387,0.8680298924446106,1,15,39,"[0.5199, 0.0886, 0.0775, 0.0532, 0.0365, 0.0299, 0.0198, 0.0185, 0.0142, 0.0099]","[0.811, 0.042, 0.295, 0.023, 0.18, 0.206, 0.268, 0.013, 0.054, 0.051]",1996,0.3552723228931427,0.6309597054923265,
47,R7,1927,0.6593875964385775,-0.13458192198845326,-0.07517651630068034,-0.18397246168878853,0.017454563422508968,0.09267572985578187,0.04810011913147995,0.5394200086593628,0.13300594687461853,0.09453143179416656,0.6724259853363037,0.850067675113678,0.9160448312759399,3,9,19,"[0.5394, 0.133, 0.0945, 0.0585, 0.0246, 0.0188, 0.0138, 0.0124, 0.0111, 0.0099]","[0.659, 0.135, 0.075, 0.308, 0.507, 0.122, 0.027, 0.038, 0.099, 0.103]",1996,0.42337048053741455,-0.672638809761563,
48,T0,1927,-0.822147959519807,-0.0780124071823932,-0.22224786720800363,-0.029376417093800136,-0.18592313900379964,0.07478796681774141,0.016518291246342028,0.18802282214164734,0.12286794930696487,0.09677644073963165,0.3108907639980316,0.543225109577179,0.6906401515007019,1,54,130,"[0.188, 0.1229, 0.0968, 0.0805, 0.055, 0.0435, 0.0379, 0.026, 0.0219, 0.018]","[0.822, 0.078, 0.222, 0.269, 0.124, 0.092, 0.237, 0.07, 0.004, 0.125]",1996,0.10875940322875977,0.3817977271915677,
48,T1,1927,0.5568782015877082,-0.02206249994988706,-0.15209471620856438,-0.03153358042860975,0.04473196575153382,-0.05800138878949899,0.001884146043859352,0.3195496201515198,0.13319571316242218,0.12676796317100525,0.45274531841278076,0.683649480342865,0.7841001152992249,2,34,83,"[0.3195, 0.1332, 0.1268, 0.0655, 0.0387, 0.0279, 0.0224, 0.0199, 0.0158, 0.0145]","[0.557, 0.022, 0.152, 0.335, 0.228, 0.233, 0.026, 0.078, 0.013, 0.172]",1996,0.16437430679798126,-0.6238216958472764,
48,T2,1927,0.6883476349677488,0.13759987762994394,-0.04529268320638233,-0.05563152319655531,0.003905026168390253,0.04394370735375714,-0.16051184805869823,0.48937979340553284,0.17694316804409027,0.058120034635066986,0.6663229465484619,0.798936665058136,0.8801876902580261,2,13,31,"[0.4894, 0.1769, 0.0581, 0.044, 0.0305, 0.0248, 0.0197, 0.0151, 0.012, 0.0097]","[0.688, 0.138, 0.045, 0.015, 0.227, 0.335, 0.063, 0.11, 0.111, 0.035]",1996,0.4082428216934204,-0.7377745961989333,
48,T3,1927,0.2648330697688875,0.5508659020781815,0.2893597124355537,0.07268495306550127,-0.09564308911525782,-0.013008655212081015,-0.00596552467569891,0.2427816390991211,0.13217569887638092,0.11061067879199982,0.3749573230743408,0.6208975315093994,0.7370568513870239,2,48,117,"[0.2428, 0.1322, 0.1106, 0.0714, 0.0639, 0.0345, 0.026, 0.0225, 0.0168, 0.0164]","[0.265, 0.551, 0.289, 0.36, 0.088, 0.205, 0.047, 0.103, 0.075, 0.262]",1996,0.13509763777256012,-0.1967302537537578,
48,T4,1927,-0.05334018137418424,-0.16681537683010056,0.3265217623367091,-0.09755708767832026,-0.07983533941824204,0.07717272077698908,0.045159630373387945,0.18894647061824799,0.1301961988210678,0.08595908433198929,0.3191426694393158,0.4981827139854431,0.619280219078064,2,86,189,"[0.1889, 0.1302, 0.086, 0.0599, 0.0332, 0.0294, 0.0269, 0.024, 0.0209, 0.0198]","[0.053, 0.167, 0.327, 0.016, 0.158, 0.305, 0.143, 0.256, 0.074, 0.143]",1996,0.052486252039670944,0.13795984979545356,
48,T5,1927,-0.46889792073796677,0.01093984646779228,-0.2116556793695365,-0.007609284696598254,-0.25821657270891263,0.12709778486377615,0.015422139219664713,0.2520827353000641,0.1463727355003357,0.08822191506624222,0.3984554708003998,0.6010310053825378,0.7345276474952698,2,53,134,"[0.2521, 0.1464, 0.0882, 0.0588, 0.0556, 0.0401, 0.0341, 0.0253, 0.0181, 0.0159]","[0.469, 0.011, 0.212, 0.227, 0.384, 0.116, 0.272, 0.026, 0.111, 0.203]",1996,0.06656446307897568,0.2182000573850375,
48,T6,1927,0.2421336302617404,-0.3213454744396421,-0.15605425844795592,-0.12335758752185834,0.04008385681774781,-0.11647057404517351,0.09680045727744087,0.2596924602985382,0.10661426931619644,0.059898585081100464,0.36630672216415405,0.517935037612915,0.6407803893089294,3,79,185,"[0.2597, 0.1066, 0.0599, 0.0535, 0.0382, 0.0337, 0.0265, 0.0247, 0.0207, 0.0172]","[0.242, 0.321, 0.156, 0.181, 0.337, 0.074, 0.059, 0.44, 0.114, 0.184]",1996,0.047018300741910934,-0.20485443719140162,
48,T7,1927,0.4860870544083517,-0.40621682426758493,-0.23515347673305548,-0.09309466062193372,0.04189945151961824,-0.03832147659194829,-0.15905868301941403,0.18962474167346954,0.13974303007125854,0.09827771782875061,0.3293677568435669,0.5270839929580688,0.6659561991691589,2,80,191,"[0.1896, 0.1397, 0.0983, 0.0568, 0.0427, 0.0359, 0.0312, 0.0268, 0.0233, 0.0217]","[0.486, 0.406, 0.235, 0.275, 0.192, 0.184, 0.137, 0.123, 0.004, 0.015]",1996,0.14276736974716187,-0.5554276364571313,
48,T8,1927,-0.5040549062849637,-0.6535887059666623,-0.04504806678842174,0.01539165157859623,-0.0562593628014358,0.2547851876552224,-0.052320577713745466,0.3836330771446228,0.17322653532028198,0.11527926474809647,0.5568596124649048,0.7562296390533447,0.8462576270103455,2,20,51,"[0.3836, 0.1732, 0.1153, 0.0538, 0.0303, 0.0242, 0.0213, 0.0177, 0.014, 0.0128]","[0.504, 0.654, 0.045, 0.243, 0.142, 0.101, 0.058, 0.019, 0.049, 0.208]",1996,0.13969892263412476,-0.0035956582978850845,
48,R0,1927,-0.29089137793225645,-0.3503964324726102,-0.7877420809031881,-0.03165074840194883,-0.07610083870972635,0.27740430064962407,-0.04827169254073334,0.5365384221076965,0.11749289929866791,0.08244350552558899,0.6540313363075256,0.8066651225090027,0.8818849921226501,2,13,35,"[0.5365, 0.1175, 0.0824, 0.0444, 0.0257, 0.0225, 0.0166, 0.0144, 0.0127, 0.009]","[0.291, 0.35, 0.788, 0.106, 0.031, 0.243, 0.144, 0.108, 0.108, 0.042]",1996,0.05310385674238205,-0.18772441436326667,
48,R1,1927,-0.17552328190203997,-0.06425524382247455,-0.5840746816635034,-0.0878718300645506,-0.047680546659386244,0.24505779701747757,-0.029251770671304043,0.3952087163925171,0.18009023368358612,0.14500918984413147,0.5752989649772644,0.8157017230987549,0.8910168409347534,2,12,30,"[0.3952, 0.1801, 0.145, 0.0625, 0.0329, 0.024, 0.0183, 0.0136, 0.0113, 0.0082]","[0.176, 0.064, 0.584, 0.583, 0.241, 0.124, 0.072, 0.231, 0.089, 0.098]",1996,0.08315037190914154,-0.12671580584568215,
48,R2,1927,-0.05828868645059041,-0.205902964535179,0.4881880264477701,-0.054828908243960715,-0.053676517485455086,0.2212449269879044,-0.04800755965546467,0.3216198980808258,0.26678267121315,0.17618300020694733,0.5884025692939758,0.8430033922195435,0.9130569696426392,3,9,21,"[0.3216, 0.2668, 0.1762, 0.0547, 0.0237, 0.0215, 0.0145, 0.0134, 0.0122, 0.0085]","[0.058, 0.206, 0.488, 0.29, 0.444, 0.056, 0.038, 0.011, 0.357, 0.158]",1996,0.07237809151411057,-0.35457747413306917,
48,R3,1927,0.014215950943898301,-0.4529600613870789,-0.6087256073001078,0.006530497198344139,0.0013714214138535086,-0.19413031869714045,-0.0033964577496291624,0.33431801199913025,0.14742062985897064,0.133940190076828,0.4817386269569397,0.7341820597648621,0.82645183801651,2,21,49,"[0.3343, 0.1474, 0.1339, 0.0603, 0.0582, 0.0249, 0.0228, 0.0175, 0.0149, 0.0121]","[0.014, 0.453, 0.609, 0.063, 0.142, 0.091, 0.188, 0.255, 0.031, 0.043]",1996,0.17340531945228577,0.24176723995236019,
48,R4,1927,-0.595218008691716,-0.2580254408698188,-0.19875240180224724,-0.025232417668895737,0.036261150436046316,-0.13294798534105548,0.09487160653564254,0.3194238841533661,0.16958950459957123,0.08784987777471542,0.4890133738517761,0.6882650852203369,0.8331825137138367,3,19,44,"[0.3194, 0.1696, 0.0878, 0.0649, 0.0465, 0.0412, 0.0364, 0.0331, 0.0198, 0.0145]","[0.595, 0.258, 0.199, 0.012, 0.148, 0.117, 0.226, 0.461, 0.312, 0.005]",1996,0.31594136357307434,0.8483903514970381,
48,R5,1927,-0.28240772225626676,0.29800981345937083,0.006051476602659756,-0.07906509557953524,0.015632841398636178,0.014133610588316225,0.23317474865168328,0.17010493576526642,0.12752056121826172,0.07249516993761063,0.29762548208236694,0.4902966022491455,0.6202455163002014,0,97,225,"[0.1701, 0.1275, 0.0725, 0.0614, 0.0587, 0.03, 0.0289, 0.0268, 0.024, 0.0202]","[0.282, 0.298, 0.006, 0.17, 0.142, 0.031, 0.24, 0.185, 0.186, 0.041]",1996,0.20143386721611023,0.6417282749095387,
48,R6,1927,-0.8087763192912706,-0.021188946115061422,-0.2739102042285614,0.05657502813326296,0.01564959156712144,-0.02811177215951447,0.07257064991899237,0.5120606422424316,0.08865464478731155,0.07299856096506119,0.6007152795791626,0.7616692185401917,0.8579652309417725,1,16,44,"[0.5121, 0.0887, 0.073, 0.0515, 0.0365, 0.0316, 0.0206, 0.019, 0.014, 0.011]","[0.809, 0.021, 0.274, 0.033, 0.15, 0.246, 0.216, 0.122, 0.032, 0.081]",1996,0.3528526723384857,0.6357846161321573,
48,R7,1927,0.647656383384892,-0.16284388813105954,-0.07417481241194468,-0.18740419228038016,0.013677624735760414,0.08870353287749887,0.05370053336717304,0.5392235517501831,0.1327757090330124,0.09798775613307953,0.6719992756843567,0.8517270088195801,0.9155955910682678,2,9,19,"[0.5392, 0.1328, 0.098, 0.0585, 0.0232, 0.0176, 0.0132, 0.0125, 0.011, 0.0095]","[0.648, 0.163, 0.074, 0.299, 0.513, 0.124, 0.019, 0.063, 0.081, 0.107]",1996,0.4169963598251343,-0.6713153057552018,
49,T0,1927,-0.7947964354348306,-0.14145234462723014,-0.12296692692921064,-0.027592827929885873,-0.20712620651474706,0.0672634229848615,0.0036458186401334184,0.17287006974220276,0.12316357344388962,0.10887548327445984,0.296033650636673,0.5421075820922852,0.6936205625534058,2,51,121,"[0.1729, 0.1232, 0.1089, 0.0861, 0.0511, 0.0467, 0.037, 0.0259, 0.0216, 0.0203]","[0.795, 0.141, 0.123, 0.341, 0.147, 0.158, 0.195, 0.002, 0.018, 0.051]",1996,0.1048235073685646,0.3692987698294983,
49,T1,1927,0.5592967612040192,0.06352513322035604,-0.17488970458027786,-0.03994029115539396,0.04417081753455914,-0.06788764115171464,0.005654674895351183,0.31327855587005615,0.136171355843544,0.12492506951093674,0.44944989681243896,0.6781099438667297,0.7783182859420776,2,36,86,"[0.3133, 0.1362, 0.1249, 0.066, 0.0377, 0.0268, 0.023, 0.0197, 0.0161, 0.0146]","[0.559, 0.064, 0.175, 0.325, 0.192, 0.22, 0.021, 0.064, 0.021, 0.163]",1996,0.16511106491088867,-0.6141624000350162,
49,T2,1927,0.6850036031907591,0.13342268568110424,-0.04407606124038889,-0.055247604581536984,0.004598251998236891,0.0460508977137705,-0.1588725197035779,0.4896017611026764,0.18165349960327148,0.055073294788599014,0.6712552309036255,0.7998749613761902,0.8799396753311157,2,13,31,"[0.4896, 0.1817, 0.0551, 0.0431, 0.0304, 0.0233, 0.0206, 0.0153, 0.0114, 0.0094]","[0.685, 0.133, 0.044, 0.006, 0.193, 0.348, 0.178, 0.131, 0.111, 0.047]",1996,0.41276276111602783,-0.7375106488322236,
49,T3,1927,0.23816639209799131,0.48701882377459405,0.4100734301868968,0.06705027543435058,-0.09030368057981251,-0.012527653005067625,-0.0017564685059593245,0.22923219203948975,0.13173818588256836,0.10765217989683151,0.3609703779220581,0.6068739891052246,0.7234218716621399,3,52,123,"[0.2292, 0.1317, 0.1077, 0.0716, 0.0666, 0.0346, 0.0261, 0.022, 0.0174, 0.0165]","[0.238, 0.487, 0.41, 0.354, 0.073, 0.206, 0.054, 0.095, 0.231, 0.024]",1996,0.13301154971122742,-0.17304663770046905,
49,T4,1927,-0.05677991090465233,-0.16767963863257368,0.31784916817759884,-0.08695169196744762,-0.06412925142735264,0.07725710486184918,0.0458832515198521,0.1776585876941681,0.12139607220888138,0.08756336569786072,0.29905465245246887,0.47879189252853394,0.6042789220809937,1,89,195,"[0.1777, 0.1214, 0.0876, 0.0583, 0.0338, 0.0291, 0.028, 0.0256, 0.0225, 0.0202]","[0.057, 0.168, 0.318, 0.009, 0.128, 0.224, 0.23, 0.263, 0.242, 0.126]",1996,0.052910372614860535,0.14918763538566437,
49,T5,1927,-0.4761626066935708,-0.013819536713437911,-0.21239359234822347,-0.002941629468569038,-0.2599025269187461,0.12709395323048184,0.02027532212146758,0.25186845660209656,0.1405656337738037,0.08353177458047867,0.39243409037590027,0.588630199432373,0.7258338928222656,2,55,137,"[0.2519, 0.1406, 0.0835, 0.0584, 0.0543, 0.0434, 0.035, 0.0247, 0.0185, 0.0157]","[0.476, 0.014, 0.212, 0.203, 0.384, 0.147, 0.233, 0.053, 0.076, 0.247]",1996,0.06735868006944656,0.2377104525355784,
49,T6,1927,0.24564943188896152,-0.30652522689255407,0.19018906536541152,-0.11798877096542518,0.044122175574215314,-0.12445490536706416,0.10346408702635745,0.24110296368598938,0.10977234691381454,0.06078112870454788,0.3508753180503845,0.49808651208877563,0.6251381039619446,2,81,189,"[0.2411, 0.1098, 0.0608, 0.051, 0.0355, 0.0346, 0.0277, 0.0257, 0.0209, 0.0181]","[0.246, 0.307, 0.19, 0.157, 0.289, 0.004, 0.068, 0.435, 0.229, 0.179]",1996,0.04801386594772339,-0.20410625159854362,
49,T7,1927,0.4337612462878449,-0.4658602020519867,-0.2113740731355312,-0.1090309376624038,0.04993153119251552,-0.03288613145467471,-0.15951508998967795,0.18513959646224976,0.13633129000663757,0.09580256789922714,0.32147088646888733,0.517723560333252,0.655705451965332,2,83,197,"[0.1851, 0.1363, 0.0958, 0.0576, 0.0428, 0.0355, 0.0302, 0.0261, 0.0243, 0.0219]","[0.434, 0.466, 0.211, 0.267, 0.231, 0.167, 0.11, 0.13, 0.032, 0.03]",1996,0.14255069196224213,-0.51282780382724,
49,T8,1927,-0.49617612917333875,-0.6572282719172693,-0.047542151642444554,0.021775321874115666,-0.05333590205297116,0.25591401575140077,-0.051043873775109064,0.3841699957847595,0.17095650732517242,0.11006321012973785,0.5551264882087708,0.7487190365791321,0.8419337272644043,2,21,53,"[0.3842, 0.171, 0.1101, 0.0526, 0.031, 0.0248, 0.0225, 0.0195, 0.014, 0.0125]","[0.496, 0.657, 0.048, 0.244, 0.129, 0.039, 0.11, 0.018, 0.051, 0.188]",1996,0.13752412796020508,-0.0014339679981196138,
49,R0,1927,-0.31173514421609927,-0.42288731745916996,0.7593021302603351,-0.030656319207003697,-0.08147270251848036,0.27457369343648735,-0.042954436880489395,0.5283681154251099,0.12121088057756424,0.08388324081897736,0.6495789885520935,0.8046014904975891,0.8797028660774231,3,14,36,"[0.5284, 0.1212, 0.0839, 0.0447, 0.0264, 0.0222, 0.0167, 0.0153, 0.0122, 0.0088]","[0.312, 0.423, 0.759, 0.102, 0.014, 0.238, 0.148, 0.145, 0.115, 0.063]",1996,0.059262994676828384,-0.15998916656639056,
49,R1,1927,-0.1796036690635018,-0.05491129754493941,-0.6142995270794911,-0.09948718708916428,-0.05229223564067998,0.24838824120851924,-0.02928854629956025,0.38549497723579407,0.1816399097442627,0.14700588583946228,0.5671348571777344,0.8094772696495056,0.8873818516731262,2,12,32,"[0.3855, 0.1816, 0.147, 0.06, 0.0353, 0.0229, 0.0191, 0.0149, 0.0119, 0.0091]","[0.18, 0.055, 0.614, 0.578, 0.181, 0.109, 0.032, 0.236, 0.084, 0.136]",1996,0.08524265140295029,-0.13118313801737094,
49,R2,1927,-0.05770191956487678,-0.17648788738771057,0.5042706975278017,-0.06413003240517945,-0.057793903003224824,0.20191169244657237,-0.04422502542092285,0.320286363363266,0.2645898461341858,0.174890398979187,0.5848761796951294,0.8385112881660461,0.9093238115310669,4,9,22,"[0.3203, 0.2646, 0.1749, 0.055, 0.0237, 0.0212, 0.0151, 0.014, 0.0121, 0.0085]","[0.058, 0.176, 0.504, 0.302, 0.405, 0.213, 0.036, 0.079, 0.336, 0.149]",1996,0.07327816635370255,-0.3286827287247195,
49,R3,1927,0.04929581926194902,-0.38614185994351274,-0.6325957158136579,0.0038947445652348744,-0.023663022377580657,-0.17962043521503335,-0.010487538962603581,0.3330608010292053,0.14669379591941833,0.13757382333278656,0.47975459694862366,0.7332054376602173,0.8260744214057922,2,21,49,"[0.3331, 0.1467, 0.1376, 0.0606, 0.0553, 0.0261, 0.0222, 0.0174, 0.0148, 0.0125]","[0.049, 0.386, 0.633, 0.099, 0.279, 0.137, 0.137, 0.27, 0.026, 0.034]",1996,0.16818074882030487,0.1969866646392962,
49,R4,1927,-0.5895620550975755,-0.2324605531483641,-0.2517079697129278,-0.02492826106129584,0.034521336449807045,-0.14142173779495607,0.09606194077483836,0.3035625219345093,0.1726146936416626,0.09894464910030365,0.4761772155761719,0.6861883401870728,0.8305295705795288,3,19,46,"[0.3036, 0.1726, 0.0989, 0.0648, 0.0462, 0.0417, 0.0361, 0.0319, 0.0196, 0.015]","[0.59, 0.232, 0.252, 0.019, 0.115, 0.259, 0.348, 0.275, 0.323, 0.065]",1996,0.3069758415222168,0.8486471156857345,
49,R5,1927,-0.2680076229625666,0.30663502539428394,0.009496284954899186,-0.08033376446199117,0.013353861564746404,0.014960162021356234,0.23314951414187118,0.15942485630512238,0.12320522964000702,0.07279296964406967,0.2826300859451294,0.4721711277961731,0.6099677085876465,1,100,231,"[0.1594, 0.1232, 0.0728, 0.0597, 0.057, 0.0342, 0.0297, 0.0281, 0.0258, 0.0199]","[0.268, 0.307, 0.009, 0.214, 0.055, 0.271, 0.265, 0.166, 0.189, 0.011]",1996,0.19532081484794617,0.6305211671260047,
49,R6,1927,-0.8127478093279596,-0.010095997300857671,-0.28513648474949405,0.05545351480657978,0.014582219052063439,-0.03382155234731723,0.07425814782539836,0.5149202942848206,0.08890070766210556,0.07176943123340607,0.6038209795951843,0.7608525156974792,0.8581773638725281,1,17,45,"[0.5149, 0.0889, 0.0718, 0.0497, 0.0356, 0.0309, 0.0218, 0.0196, 0.0141, 0.0109]","[0.813, 0.01, 0.285, 0.04, 0.143, 0.224, 0.176, 0.195, 0.009, 0.088]",1996,0.3554064929485321,0.648320231135624,
49,R7,1927,0.644858181734389,-0.13075770909389767,-0.08089253629441219,-0.18523674952258842,0.014238826329343592,0.09594476435508752,0.04987524547838892,0.5411744713783264,0.12979969382286072,0.09776269644498825,0.6709741353988647,0.850688099861145,0.9133098721504211,3,9,20,"[0.5412, 0.1298, 0.0978, 0.0586, 0.0233, 0.0168, 0.0133, 0.0119, 0.011, 0.0097]","[0.645, 0.131, 0.081, 0.31, 0.515, 0.109, 0.043, 0.118, 0.036, 0.107]",1996,0.41442644596099854,-0.6769542123398076,
50,T0,1927,0.09376741695885021,0.6391824090810907,0.31840099423657675,-0.026587637891491735,0.2411164645646372,-0.017182160573829697,0.11314070723032503,0.17315326631069183,0.14808817207813263,0.10394638776779175,0.32124143838882446,0.5418049097061157,0.7183561325073242,3,32,64,"[0.1732, 0.1481, 0.1039, 0.0589, 0.0577, 0.0495, 0.0392, 0.0332, 0.0292, 0.0254]","[0.094, 0.639, 0.318, 0.168, 0.425, 0.298, 0.115, 0.077, 0.123, 0.15]",1996,0.08350739628076553,0.15342211725109262,
50,T1,1927,0.5535118842145561,-0.18224276558446256,-0.20162651482469518,-0.04406868785745966,0.03981107064494439,-0.06768768843378256,0.00545495145146286,0.31675460934638977,0.13478931784629822,0.12195698171854019,0.451543927192688,0.6802555322647095,0.7821117043495178,1,35,85,"[0.3168, 0.1348, 0.122, 0.0702, 0.0366, 0.0284, 0.023, 0.0203, 0.0158, 0.0144]","[0.554, 0.182, 0.202, 0.245, 0.22, 0.189, 0.095, 0.046, 0.0, 0.171]",1996,0.169122576713562,-0.6068712272396174,
50,T2,1927,0.6866296105626125,0.10646227210440501,-0.06666648227987398,-0.05454525228729326,-0.000512794727264383,0.044186578301488075,-0.16107930737361612,0.4849558174610138,0.1854778677225113,0.0605168454349041,0.6704337000846863,0.8016490340232849,0.8800246119499207,2,13,31,"[0.485, 0.1855, 0.0605, 0.0392, 0.0315, 0.023, 0.0199, 0.0156, 0.0107, 0.0092]","[0.687, 0.106, 0.067, 0.021, 0.147, 0.365, 0.112, 0.168, 0.116, 0.061]",1996,0.4137091338634491,-0.7302998686805854,
50,T3,1927,0.28254497000444734,0.5271287688582793,0.13134814584506005,0.07272190761685408,-0.08597961702961508,-0.00965471157164583,-0.012426833580255016,0.25613531470298767,0.12902286648750305,0.10537156462669373,0.3851581811904907,0.6231681108474731,0.7358492612838745,2,49,118,"[0.2561, 0.129, 0.1054, 0.0696, 0.0631, 0.0366, 0.024, 0.0208, 0.0163, 0.015]","[0.283, 0.527, 0.131, 0.381, 0.056, 0.24, 0.058, 0.052, 0.228, 0.031]",1996,0.1360621154308319,-0.2632188510364563,
50,T4,1927,-0.08202248889565077,-0.15104753488480852,0.31681332993049643,-0.0743001457359484,-0.035518962383425196,0.08355964352721182,0.023801722240051105,0.17478840053081512,0.12366153299808502,0.09240518510341644,0.29844993352890015,0.4812580645084381,0.5993981957435608,1,95,208,"[0.1748, 0.1237, 0.0924, 0.0576, 0.0328, 0.0276, 0.0251, 0.0238, 0.0213, 0.0203]","[0.082, 0.151, 0.317, 0.029, 0.152, 0.246, 0.215, 0.078, 0.247, 0.055]",1996,0.054939236491918564,0.17476707069533995,
50,T5,1927,-0.4647172117124423,0.010077957076626226,-0.1731652309424232,-0.002661762289652375,-0.26182351123329306,0.11905818204843494,0.0064202017685808565,0.25072261691093445,0.13593950867652893,0.0808650329709053,0.3866621255874634,0.5866565108299255,0.7241318225860596,2,56,138,"[0.2507, 0.1359, 0.0809, 0.0613, 0.0578, 0.0443, 0.0356, 0.0245, 0.0175, 0.0155]","[0.465, 0.01, 0.173, 0.333, 0.246, 0.16, 0.207, 0.103, 0.046, 0.265]",1996,0.0653480738401413,0.2163021527877024,
50,T6,1927,0.23376364232591315,-0.3117671976531712,0.1752628336039153,-0.12009517515566698,0.047485245871479786,-0.13252585272209025,0.12314262862304953,0.24631012976169586,0.10793973505496979,0.05976596847176552,0.35424986481666565,0.49950894713401794,0.6235346794128418,2,86,200,"[0.2463, 0.1079, 0.0598, 0.0506, 0.0349, 0.0332, 0.0277, 0.0253, 0.02, 0.0178]","[0.234, 0.312, 0.175, 0.127, 0.177, 0.052, 0.042, 0.517, 0.23, 0.01]",1996,0.04656079784035683,-0.17463496366730097,
50,T7,1927,0.3711804137768988,-0.48920558865191344,-0.24968843602115864,-0.1285569143061739,0.056935518629986484,-0.0346566464394328,-0.15874507172881103,0.18140193819999695,0.1394035369157791,0.09316808730363846,0.32080549001693726,0.5219343900680542,0.6588338613510132,2,83,198,"[0.1814, 0.1394, 0.0932, 0.067, 0.041, 0.0346, 0.0317, 0.0264, 0.0233, 0.0208]","[0.371, 0.489, 0.25, 0.176, 0.112, 0.239, 0.104, 0.192, 0.048, 0.045]",1996,0.14034800231456757,-0.45992179611346495,
50,T8,1927,-0.5111827971751508,0.644434846582997,-0.023724777725188734,0.02479818626369834,-0.04992257150802277,0.25591774468288686,-0.04173422396632351,0.34755319356918335,0.15515948832035065,0.10039370507001877,0.5027126669883728,0.6953907608985901,0.8038216829299927,2,25,58,"[0.3476, 0.1552, 0.1004, 0.0491, 0.0432, 0.0276, 0.0266, 0.023, 0.0166, 0.0147]","[0.511, 0.644, 0.024, 0.246, 0.151, 0.163, 0.023, 0.126, 0.011, 0.007]",1996,0.12903617322444916,0.016175474238544173,
50,R0,1927,-0.30100450157974346,-0.43188772278361204,0.7545437000588525,-0.031411107995252735,-0.08349427969724305,0.28126433698483594,-0.04692634291723599,0.5072844624519348,0.11427228897809982,0.08265393227338791,0.6215567588806152,0.7809416651725769,0.8634566068649292,3,16,42,"[0.5073, 0.1143, 0.0827, 0.0489, 0.0278, 0.0238, 0.0201, 0.0156, 0.0141, 0.0089]","[0.301, 0.432, 0.755, 0.152, 0.101, 0.185, 0.133, 0.188, 0.001, 0.08]",1996,0.057270362973213196,-0.17674443966291128,
50,R1,1927,-0.1834669130349675,-0.14826651964031068,0.6078537210592861,-0.10901531013095377,-0.0479789876072668,0.24652141503557531,-0.01766441580753701,0.3561354875564575,0.22927211225032806,0.1427120715379715,0.5854076147079468,0.8185461163520813,0.8912808895111084,2,12,31,"[0.3561, 0.2293, 0.1427, 0.057, 0.0334, 0.0213, 0.0178, 0.0139, 0.0114, 0.0084]","[0.183, 0.148, 0.608, 0.571, 0.125, 0.139, 0.035, 0.243, 0.108, 0.144]",1996,0.0796322375535965,-0.133583607645239,
50,R2,1927,-0.013092938545784898,-0.1462463257520243,0.5548334465490148,-0.06857919831152115,-0.05502325676951543,0.16724371885354336,-0.044121807702838474,0.32520732283592224,0.26776430010795593,0.174027681350708,0.5929716229438782,0.844339907169342,0.9083006381988525,3,9,22,"[0.3252, 0.2678, 0.174, 0.0531, 0.0243, 0.0183, 0.0141, 0.013, 0.0108, 0.0078]","[0.013, 0.146, 0.555, 0.238, 0.365, 0.256, 0.138, 0.057, 0.401, 0.125]",1996,0.07142553478479385,-0.3545019183168509,
50,R3,1927,-0.022441515095476667,-0.11394865431599259,-0.7622711981955348,0.024937049204643857,-0.0003302450742625222,-0.17214848676513644,0.0007093118116797809,0.3598860800266266,0.13633373379707336,0.12727685272693634,0.49621981382369995,0.7352666854858398,0.8282851576805115,1,20,47,"[0.3599, 0.1363, 0.1273, 0.0571, 0.0547, 0.0233, 0.0221, 0.0191, 0.0162, 0.0123]","[0.022, 0.114, 0.762, 0.096, 0.061, 0.174, 0.113, 0.036, 0.254, 0.041]",1996,0.1563880890607834,0.2687805813231843,
50,R4,1927,0.589458395572668,-0.24729501614040666,-0.260024551956138,0.024466961761615114,-0.03614534091613887,0.1359894262716337,-0.09142075889401514,0.29648011922836304,0.1773262619972229,0.10077279061079025,0.47380638122558594,0.6859517693519592,0.8284487128257751,3,20,49,"[0.2965, 0.1773, 0.1008, 0.0615, 0.0499, 0.0405, 0.0376, 0.0303, 0.0193, 0.0148]","[0.589, 0.247, 0.26, 0.013, 0.155, 0.052, 0.376, 0.264, 0.308, 0.09]",1996,0.2991231381893158,-0.8431368223410781,
50,R5,1927,-0.19784842212464843,0.3457971047392741,0.035830052130874035,-0.07263102524448639,0.0011788597905849228,0.011253213429373247,0.17680558735802995,0.16287566721439362,0.1272997111082077,0.07243813574314117,0.2901753783226013,0.47945019602775574,0.609326958656311,1,104,237,"[0.1629, 0.1273, 0.0724, 0.0596, 0.0573, 0.0302, 0.0294, 0.0275, 0.0227, 0.02]","[0.198, 0.346, 0.036, 0.165, 0.062, 0.217, 0.243, 0.17, 0.189, 0.072]",1996,0.19104687869548798,0.519276435636162,
50,R6,1927,-0.8195035194088223,-0.022622058775411777,-0.2844675098387529,0.05104951856580023,0.012920922832044305,-0.03405436195541784,0.07656534119741538,0.5007134675979614,0.08916253596544266,0.07851972430944443,0.5898759961128235,0.7548945546150208,0.8535241484642029,1,18,48,"[0.5007, 0.0892, 0.0785, 0.0498, 0.0367, 0.0312, 0.0223, 0.0198, 0.0142, 0.0111]","[0.82, 0.023, 0.284, 0.042, 0.179, 0.227, 0.134, 0.228, 0.006, 0.067]",1996,0.3507308065891266,0.648621454933518,
50,R7,1927,0.6356141637411687,-0.11898669374242775,-0.08870976330197909,-0.18383725273177295,0.00847788899940949,0.1050826038175065,0.03893570503481542,0.5507140755653381,0.12683288753032684,0.09362968802452087,0.6775469779968262,0.8503868579864502,0.9102410674095154,2,9,21,"[0.5507, 0.1268, 0.0936, 0.0567, 0.0225, 0.0157, 0.0134, 0.011, 0.0106, 0.0091]","[0.636, 0.119, 0.089, 0.293, 0.513, 0.099, 0.033, 0.141, 0.016, 0.114]",1996,0.4044366478919983,-0.6877232769739716,
51,T0,1927,0.03728916148235716,0.6496721612057526,0.34315942576785213,-0.02820613580522441,0.21783146427779707,-0.011932206326860477,0.12049912088978487,0.17725685238838196,0.14091864228248596,0.09788519889116287,0.3181754946708679,0.5395383238792419,0.7167911529541016,3,32,63,"[0.1773, 0.1409, 0.0979, 0.0668, 0.0567, 0.049, 0.0409, 0.0317, 0.0294, 0.0263]","[0.037, 0.65, 0.343, 0.215, 0.359, 0.233, 0.061, 0.016, 0.128, 0.096]",1996,0.08633028715848923,0.18857187508455908,
51,T1,1927,0.5512537489474162,-0.21513408658443037,-0.2939490871416699,-0.041491196988360075,0.04128980069667127,-0.06719186721169414,0.004133018958661064,0.3387683629989624,0.12908817827701569,0.12008748948574066,0.4678565263748169,0.6873128414154053,0.785894513130188,2,34,84,"[0.3388, 0.1291, 0.1201, 0.0661, 0.0333, 0.0261, 0.0231, 0.0198, 0.0155, 0.0141]","[0.551, 0.215, 0.294, 0.303, 0.18, 0.158, 0.124, 0.042, 0.039, 0.148]",1996,0.16810980439186096,-0.5959947332769012,
51,T2,1927,0.6881571621821277,0.10013070494460895,-0.02564036348686902,-0.0618904004903869,0.0066169282229063845,0.04463054240385782,-0.14676036817424512,0.47944945096969604,0.19585563242435455,0.06086927652359009,0.6753050684928894,0.804837167263031,0.8816220760345459,2,13,31,"[0.4794, 0.1959, 0.0609, 0.0374, 0.0313, 0.0222, 0.0198, 0.0156, 0.0102, 0.0089]","[0.688, 0.1, 0.026, 0.005, 0.159, 0.359, 0.124, 0.226, 0.113, 0.046]",1996,0.41234341263771057,-0.7350501741027128,
51,T3,1927,0.23308000855220729,0.5340214159077867,0.2642938837025191,0.06232007327965294,-0.07727186650754994,-0.007934270129153286,-0.0007462753961313741,0.2300354540348053,0.1285204440355301,0.10400955379009247,0.3585559129714966,0.6035304665565491,0.7223919630050659,2,53,127,"[0.23, 0.1285, 0.104, 0.0737, 0.0672, 0.0392, 0.026, 0.021, 0.0174, 0.0153]","[0.233, 0.534, 0.264, 0.314, 0.02, 0.258, 0.06, 0.028, 0.238, 0.02]",1996,0.1364322304725647,-0.21974506490041104,
51,T4,1927,-0.09294102226476388,-0.15251254879918294,0.3130468101834494,-0.06927892317178332,-0.030872057394004598,0.08587411778325901,0.02575145223889182,0.16078893840312958,0.12648117542266846,0.09411024302244186,0.28727012872695923,0.4681655168533325,0.5882493853569031,1,103,223,"[0.1608, 0.1265, 0.0941, 0.0547, 0.0321, 0.0302, 0.0252, 0.0228, 0.0214, 0.0205]","[0.093, 0.153, 0.313, 0.006, 0.211, 0.136, 0.247, 0.097, 0.006, 0.25]",1996,0.05673009529709816,0.19032540639638318,
51,T5,1927,0.44075449213658696,-0.015423995039708373,-0.2340008557631042,-0.01460806010733089,0.25698556882545703,-0.10229348635212655,0.031386255656844095,0.26305583119392395,0.13385939598083496,0.07725111395120621,0.3969152271747589,0.5881434679031372,0.7264539003372192,3,55,137,"[0.2631, 0.1339, 0.0773, 0.0615, 0.0525, 0.0446, 0.0359, 0.023, 0.0189, 0.016]","[0.441, 0.015, 0.234, 0.025, 0.381, 0.306, 0.198, 0.073, 0.086, 0.245]",1996,0.06355107575654984,-0.17293339067561483,
51,T6,1927,0.2518579604252227,-0.30019626795856,0.15446636000577557,-0.10972984520105947,0.055350463599939545,-0.13945211145053626,0.11665317902939808,0.2238718867301941,0.11302874237298965,0.06053898110985756,0.33690062165260315,0.4849057197570801,0.6129086017608643,2,93,214,"[0.2239, 0.113, 0.0605, 0.0525, 0.0349, 0.0341, 0.0293, 0.0266, 0.0199, 0.018]","[0.252, 0.3, 0.154, 0.104, 0.216, 0.012, 0.166, 0.49, 0.198, 0.096]",1996,0.05149909853935242,-0.19911509283075127,
51,T7,1927,0.31802090826573887,-0.526272655663444,-0.2065253687815458,-0.14130417360488284,0.06360430626648914,-0.03929425100226176,-0.15787009226478946,0.18495577573776245,0.13723202049732208,0.09528838098049164,0.32218778133392334,0.5221422910690308,0.6558533310890198,2,86,204,"[0.185, 0.1372, 0.0953, 0.0615, 0.0432, 0.0338, 0.0293, 0.0266, 0.0236, 0.0204]","[0.318, 0.526, 0.207, 0.214, 0.141, 0.233, 0.099, 0.183, 0.09, 0.051]",1996,0.1390661597251892,-0.41600873066967164,
51,T8,1927,-0.5060291469152773,0.6436542852288983,0.047315471812160614,0.025900873783490243,-0.05264347984308936,0.2541143711104432,-0.04244103621574882,0.3495703935623169,0.15475822985172272,0.10652507841587067,0.5043286085128784,0.7016560435295105,0.8089206218719482,2,25,60,"[0.3496, 0.1548, 0.1065, 0.0488, 0.042, 0.0293, 0.0243, 0.023, 0.0159, 0.0148]","[0.506, 0.644, 0.047, 0.255, 0.072, 0.174, 0.066, 0.086, 0.027, 0.006]",1996,0.12634076178073883,0.012216249787629516,
51,R0,1927,-0.3230598511381586,-0.49169566216081584,0.7105350993871734,-0.034765080065558125,-0.08579586802003655,0.2780343034958241,-0.049077077183631315,0.50201815366745,0.11469829827547073,0.08382643014192581,0.6167164444923401,0.7780196666717529,0.8620421886444092,3,16,43,"[0.502, 0.1147, 0.0838, 0.0492, 0.0283, 0.023, 0.0194, 0.0175, 0.015, 0.0092]","[0.323, 0.492, 0.711, 0.156, 0.063, 0.161, 0.06, 0.198, 0.098, 0.14]",1996,0.06444898247718811,-0.14730331354452247,
51,R1,1927,-0.22576654088564846,-0.1714265077311712,0.600499419466365,-0.11829425192702164,-0.05506424510203465,0.24054197797051036,-0.010498870769476998,0.36023181676864624,0.2169409841299057,0.14674077928066254,0.5771728157997131,0.814102828502655,0.8882590532302856,2,12,33,"[0.3602, 0.2169, 0.1467, 0.0584, 0.0318, 0.0217, 0.0181, 0.0143, 0.0114, 0.0086]","[0.226, 0.171, 0.6, 0.574, 0.093, 0.105, 0.042, 0.277, 0.125, 0.144]",1996,0.08548703044652939,-0.09196110406436322,
51,R2,1927,-0.013518086065100035,-0.14891644656503017,0.5384936646592804,-0.06420144834107114,-0.05447096317784892,0.15882026289495987,-0.03380073243794845,0.3417891263961792,0.2618088126182556,0.16546761989593506,0.6035979390144348,0.8436678051948547,0.9077072143554688,3,10,22,"[0.3418, 0.2618, 0.1655, 0.0506, 0.024, 0.0182, 0.0147, 0.0129, 0.0102, 0.0081]","[0.014, 0.149, 0.538, 0.245, 0.359, 0.273, 0.136, 0.042, 0.419, 0.101]",1996,0.06849028915166855,-0.33703293419446656,
51,R3,1927,-0.013104542129493081,-0.025031515615527633,-0.779138267370441,0.0716469285222962,0.0022680193715606217,-0.1492908359834616,0.006860116220560157,0.3931494653224945,0.13271644711494446,0.11673570424318314,0.525865912437439,0.744556725025177,0.834087073802948,3,19,45,"[0.3931, 0.1327, 0.1167, 0.0547, 0.0472, 0.0235, 0.0202, 0.0171, 0.0164, 0.0124]","[0.013, 0.025, 0.779, 0.119, 0.306, 0.113, 0.162, 0.032, 0.315, 0.062]",1996,0.14249593019485474,0.25740423420190045,
51,R4,1927,0.5783123567800793,-0.2752407835098278,-0.25648637197349555,0.017931773298160578,-0.04267035038074909,0.14379157174802376,-0.08251684949427436,0.29865437746047974,0.1818242222070694,0.10355902463197708,0.48047858476638794,0.689024806022644,0.8285298943519592,2,20,49,"[0.2987, 0.1818, 0.1036, 0.0596, 0.0454, 0.0416, 0.0355, 0.0283, 0.019, 0.0152]","[0.578, 0.275, 0.256, 0.013, 0.144, 0.009, 0.411, 0.22, 0.293, 0.14]",1996,0.2977149486541748,-0.8369260434126217,
51,R5,1927,-0.19281603540178852,-0.3501038989900297,-0.005138895487431894,-0.07737486508381212,2.9892727010973498e-05,0.006193764610154821,0.18018258476347454,0.16340185701847076,0.12594138085842133,0.06954450160264969,0.2893432378768921,0.472810834646225,0.6007476449012756,1,110,250,"[0.1634, 0.1259, 0.0695, 0.0603, 0.0536, 0.0312, 0.029, 0.0274, 0.0209, 0.0196]","[0.193, 0.35, 0.005, 0.219, 0.003, 0.258, 0.077, 0.143, 0.129, 0.028]",1996,0.18939706683158875,0.5252213770923505,
51,R6,1927,-0.8247515526059337,-0.10336526742913892,-0.21771021131278515,0.039418662796248595,0.010172595316410498,-0.033745723323112084,0.0728971867820079,0.4918978810310364,0.08909490704536438,0.08528038114309311,0.5809928178787231,0.7532678246498108,0.8516884446144104,1,18,50,"[0.4919, 0.0891, 0.0853, 0.0511, 0.0359, 0.0313, 0.0244, 0.0188, 0.0132, 0.0107]","[0.825, 0.103, 0.218, 0.165, 0.162, 0.232, 0.156, 0.188, 0.021, 0.064]",1996,0.3531637191772461,0.6496308887029209,
51,R7,1927,0.6410006526994543,-0.11574583555634278,-0.07955802514322662,-0.1842866435375346,0.007963108314871471,0.10850446630998703,0.034616100006701955,0.5428314805030823,0.13601520657539368,0.09251920878887177,0.6788467168807983,0.8505384922027588,0.9103485941886902,2,9,21,"[0.5428, 0.136, 0.0925, 0.0563, 0.0229, 0.0155, 0.0136, 0.0112, 0.0105, 0.009]","[0.641, 0.116, 0.08, 0.291, 0.527, 0.079, 0.055, 0.078, 0.09, 0.121]",1996,0.4076102674007416,-0.6880450966270948,
52,T0,1927,-0.1829576100287621,0.6173267667064009,0.43288626625501647,-0.0158769163909723,0.1036074785211565,0.009728024397564804,0.10825746328937523,0.19114115834236145,0.14817315340042114,0.09853268414735794,0.3393143117427826,0.5514063835144043,0.7223882675170898,3,31,64,"[0.1911, 0.1482, 0.0985, 0.06, 0.0536, 0.0497, 0.0383, 0.032, 0.0268, 0.0242]","[0.183, 0.617, 0.433, 0.257, 0.325, 0.105, 0.104, 0.051, 0.143, 0.051]",1996,0.0961177870631218,0.30818306540908463,
52,T1,1927,0.5725546801021539,0.06070548794815774,0.21906607677516207,-0.03921303582242173,0.03790827936161376,-0.05671190596644835,0.0020475369598434824,0.32029658555984497,0.13094641268253326,0.12360098958015442,0.45124298334121704,0.6688694357872009,0.7730923295021057,2,37,87,"[0.3203, 0.1309, 0.1236, 0.0627, 0.0314, 0.0286, 0.0238, 0.0216, 0.0156, 0.0147]","[0.573, 0.061, 0.219, 0.327, 0.034, 0.125, 0.12, 0.06, 0.053, 0.125]",1996,0.16228626668453217,-0.5960248131268957,
52,T2,1927,0.6832870880815908,0.14310301672013298,0.010745252514379583,-0.06727196731560495,0.011367388951147936,0.04364454770287026,-0.140344840643924,0.47041791677474976,0.20215508341789246,0.051889706403017044,0.6725729703903198,0.7932409048080444,0.8776000142097473,2,14,32,"[0.4704, 0.2022, 0.0519, 0.0367, 0.0321, 0.0275, 0.022, 0.0155, 0.0101, 0.0093]","[0.683, 0.143, 0.011, 0.042, 0.079, 0.005, 0.391, 0.102, 0.126, 0.052]",1996,0.4139523208141327,-0.7373109240749786,
52,T3,1927,0.11016050719080607,0.4769458943301365,0.5203433823758459,0.06165188162838737,-0.06060772686730018,-0.012688341965875982,0.021336080550737102,0.20648731291294098,0.1287539303302765,0.09723382443189621,0.33524125814437866,0.5813562273979187,0.7014959454536438,2,58,135,"[0.2065, 0.1288, 0.0972, 0.079, 0.0699, 0.0384, 0.0256, 0.0224, 0.0184, 0.0154]","[0.11, 0.477, 0.52, 0.24, 0.173, 0.176, 0.107, 0.009, 0.215, 0.035]",1996,0.13607652485370636,-0.12623967317872356,
52,T4,1927,-0.09675132592267134,-0.2147172395674988,0.252189521479538,-0.05695673104072724,-0.02945516358090225,0.0723212838050948,0.06105002718450695,0.1370275765657425,0.13023684918880463,0.0843367725610733,0.2672644257545471,0.43489333987236023,0.5619451403617859,0,111,237,"[0.137, 0.1302, 0.0843, 0.0496, 0.0337, 0.0331, 0.0272, 0.0242, 0.0226, 0.02]","[0.097, 0.215, 0.252, 0.036, 0.146, 0.154, 0.262, 0.145, 0.163, 0.213]",1996,0.05544017627835274,0.21561518670596913,
52,T5,1927,0.44585380939410235,-0.02767427440483369,-0.2207785994015473,-0.026619002501162167,0.24805724873555587,-0.09788302737849613,0.057177916913859844,0.24775998294353485,0.13967853784561157,0.0789617970585823,0.3874385356903076,0.5713857412338257,0.7086658477783203,3,60,145,"[0.2478, 0.1397, 0.079, 0.0571, 0.0478, 0.042, 0.0361, 0.0227, 0.0193, 0.0171]","[0.446, 0.028, 0.221, 0.095, 0.287, 0.312, 0.303, 0.02, 0.075, 0.194]",1996,0.061843059957027435,-0.1850542392528564,
52,T6,1927,0.28721920664153117,-0.23206163148730027,0.07549897545052613,-0.08384661871759663,0.059731174033138636,-0.14798312016606163,0.10338580875572555,0.17811715602874756,0.11437798291444778,0.0654786080121994,0.29249513149261475,0.45682406425476074,0.5885651111602783,2,101,229,"[0.1781, 0.1144, 0.0655, 0.0593, 0.0395, 0.0332, 0.032, 0.0271, 0.0204, 0.0191]","[0.287, 0.232, 0.075, 0.102, 0.047, 0.326, 0.266, 0.364, 0.014, 0.139]",1996,0.04885474592447281,-0.2705796737398587,
52,T7,1927,0.43673283201554597,-0.4756470440365743,-0.23630331912011404,-0.11265874756008888,0.05454335488679595,-0.03615303831622434,-0.15112162457572925,0.18532048165798187,0.13036984205245972,0.09620705246925354,0.3156903386116028,0.5117497444152832,0.6439424157142639,2,87,205,"[0.1853, 0.1304, 0.0962, 0.0566, 0.0433, 0.0317, 0.0299, 0.0262, 0.0244, 0.02]","[0.437, 0.476, 0.236, 0.141, 0.188, 0.144, 0.113, 0.013, 0.074, 0.039]",1996,0.14081132411956787,-0.5101578560557882,
52,T8,1927,-0.49468044510826037,0.6403700967574012,0.08261107096553742,0.02535597702219305,-0.053867069428767504,0.2653097719802832,-0.05159265483680053,0.3404572308063507,0.1555488556623459,0.11030048131942749,0.4960060715675354,0.6973392963409424,0.8061209321022034,2,26,65,"[0.3405, 0.1555, 0.1103, 0.0475, 0.0436, 0.0308, 0.0258, 0.0228, 0.015, 0.0143]","[0.495, 0.64, 0.083, 0.234, 0.12, 0.144, 0.104, 0.091, 0.008, 0.089]",1996,0.12594757974147797,-0.010208010397708361,
52,R0,1927,-0.3380961243490584,-0.5319008074862761,0.6354970044851297,-0.039003320512367635,-0.09643521588032714,0.27918798286204194,-0.0538459587551224,0.5004395842552185,0.11143863946199417,0.08456825464963913,0.6118782162666321,0.7750556468963623,0.8604462742805481,3,17,45,"[0.5004, 0.1114, 0.0846, 0.0496, 0.029, 0.0237, 0.0193, 0.0184, 0.0146, 0.0095]","[0.338, 0.532, 0.635, 0.206, 0.036, 0.136, 0.111, 0.203, 0.103, 0.149]",1996,0.06313767284154892,-0.1423160896664797,
52,R1,1927,-0.260456952768384,-0.23511104690791004,-0.5964322781981012,-0.12680163613570808,-0.058429572919389064,0.2423279786762484,-0.011248312504592158,0.3529752790927887,0.21927161514759064,0.14738252758979797,0.5722469091415405,0.811309278011322,0.8855737447738647,2,13,34,"[0.353, 0.2193, 0.1474, 0.0598, 0.0319, 0.0214, 0.0187, 0.0138, 0.0117, 0.0086]","[0.26, 0.235, 0.596, 0.563, 0.055, 0.078, 0.122, 0.275, 0.038, 0.153]",1996,0.08517943322658539,-0.06821217841914727,
52,R2,1927,0.006092508327322258,-0.09393972518369167,0.5800957079171648,0.10422466383407689,0.061807225704149274,-0.14620122496510643,-0.004712099239432945,0.4031381607055664,0.2393602877855301,0.15250881016254425,0.6424984335899353,0.8611835241317749,0.918022871017456,3,8,19,"[0.4031, 0.2394, 0.1525, 0.0454, 0.0208, 0.0161, 0.0135, 0.0113, 0.0089, 0.0071]","[0.006, 0.094, 0.58, 0.242, 0.325, 0.284, 0.256, 0.026, 0.397, 0.13]",1996,0.06806287169456482,0.2775232532182834,
52,R3,1927,0.01784328433823781,-0.007893416908546192,-0.7714268687141724,0.08232052608393675,0.011650474308281896,-0.12801247583853723,-5.5730287652294e-05,0.3940419554710388,0.13167302310466766,0.11008363217115402,0.5257149934768677,0.740334689617157,0.828439474105835,1,20,47,"[0.394, 0.1317, 0.1101, 0.0567, 0.0479, 0.0235, 0.0193, 0.0163, 0.0159, 0.013]","[0.018, 0.008, 0.771, 0.141, 0.174, 0.133, 0.197, 0.275, 0.037, 0.06]",1996,0.13932259380817413,0.21721798932089328,
52,R4,1927,0.5836251835002273,-0.2724170115117845,-0.26130737525547904,0.011676443893338856,-0.04029496391253323,0.15153283607747584,-0.07181900540921464,0.3010806143283844,0.17488889396190643,0.1135113537311554,0.47596949338912964,0.6911211013793945,0.8285340666770935,2,20,50,"[0.3011, 0.1749, 0.1135, 0.0578, 0.0439, 0.0416, 0.0354, 0.0271, 0.0182, 0.015]","[0.584, 0.272, 0.261, 0.041, 0.196, 0.049, 0.38, 0.208, 0.242, 0.214]",1996,0.28973954916000366,-0.8291528129080904,
52,R5,1927,-0.23409000613202366,0.3437490684392496,0.08802797828063182,-0.08451146915693648,0.01373510905474008,0.016370128180062258,0.23989783204578158,0.14987917244434357,0.11737854033708572,0.07715264707803726,0.2672577202320099,0.45614388585090637,0.5869372487068176,1,118,262,"[0.1499, 0.1174, 0.0772, 0.0627, 0.049, 0.0338, 0.0298, 0.0265, 0.0215, 0.0191]","[0.234, 0.344, 0.088, 0.224, 0.022, 0.265, 0.107, 0.136, 0.24, 0.084]",1996,0.17805612087249756,0.5958952158655779,
52,R6,1927,-0.8349807657948531,0.02861973274855051,-0.20327439952313167,0.041479619246683946,0.008230832159917796,-0.05225031944324406,0.06336584307000262,0.5085564255714417,0.10174360126256943,0.07482676953077316,0.6103000044822693,0.7654438018798828,0.8604445457458496,1,17,48,"[0.5086, 0.1017, 0.0748, 0.0462, 0.0341, 0.0326, 0.0228, 0.0172, 0.0118, 0.0106]","[0.835, 0.029, 0.203, 0.258, 0.214, 0.167, 0.181, 0.153, 0.041, 0.088]",1996,0.37073856592178345,0.6662985351932937,
52,R7,1927,0.6685808848041932,-0.04311530681392831,-0.16393216608225106,-0.1834431681447993,0.013191353222083453,0.1067067054368524,0.055026780795417826,0.5071131587028503,0.17445090413093567,0.09480299055576324,0.6815640926361084,0.8563963174819946,0.9161991477012634,2,9,19,"[0.5071, 0.1745, 0.0948, 0.0549, 0.0251, 0.0162, 0.0133, 0.0116, 0.0102, 0.0085]","[0.669, 0.043, 0.164, 0.297, 0.459, 0.195, 0.096, 0.043, 0.126, 0.087]",1996,0.4089236259460449,-0.6863238764989323,
53,T0,1927,-0.2703617179452107,0.6589896425512113,0.29494600256994186,-0.019640439325383324,0.0758871678150424,0.00811717948201437,0.11087528906744633,0.19800513982772827,0.14329132437705994,0.10755617171525955,0.3412964642047882,0.5559911131858826,0.7259849905967712,2,31,65,"[0.198, 0.1433, 0.1076, 0.0555, 0.0516, 0.0478, 0.037, 0.0351, 0.026, 0.0241]","[0.27, 0.659, 0.295, 0.328, 0.279, 0.063, 0.007, 0.034, 0.129, 0.093]",1996,0.0995592325925827,0.35616488851007244,
53,T1,1927,0.5419108457923625,-0.13769081726605714,-0.16464529687729745,-0.016918763510720355,0.02266409000656093,-0.04043002088482611,-0.005599075581699293,0.34852856397628784,0.13493390381336212,0.10912702232599258,0.48346245288848877,0.688377857208252,0.7840187549591064,2,33,77,"[0.3485, 0.1349, 0.1091, 0.0667, 0.0291, 0.0251, 0.0222, 0.0191, 0.0153, 0.0138]","[0.542, 0.138, 0.165, 0.46, 0.031, 0.092, 0.059, 0.133, 0.061, 0.105]",1996,0.16774882376194,-0.652517398675281,
53,T2,1927,0.6769694538312676,0.1485675334241933,0.020345883289292193,-0.055491735526818346,0.022158565544320885,0.04029695357533346,-0.13738650702451113,0.4565892219543457,0.19439391791820526,0.05471111088991165,0.6509831547737122,0.7780578136444092,0.8676957488059998,2,15,34,"[0.4566, 0.1944, 0.0547, 0.0381, 0.0342, 0.0302, 0.0223, 0.0162, 0.0109, 0.0101]","[0.677, 0.149, 0.02, 0.115, 0.072, 0.036, 0.377, 0.036, 0.145, 0.039]",1996,0.40586310625076294,-0.7408684905196291,
53,T3,1927,-0.054657480585388704,0.43129713503172185,0.6595646136769912,0.07710478183325718,-0.01520346875400404,0.0010561066574879066,0.017255128860119633,0.20201829075813293,0.12412942945957184,0.08446042984724045,0.32614773511886597,0.5502399206161499,0.6835054755210876,2,60,135,"[0.202, 0.1241, 0.0845, 0.0808, 0.0588, 0.0444, 0.0281, 0.0231, 0.02, 0.0177]","[0.055, 0.431, 0.66, 0.106, 0.041, 0.04, 0.086, 0.026, 0.226, 0.082]",1996,0.12158839404582977,-0.02807011061885895,
53,T4,1927,-0.048763921646457487,-0.2697951334526696,0.17137056766561803,0.008503196612225017,0.11487518786283224,0.04042551056374928,-0.1324626525932437,0.14324413239955902,0.12273729592561722,0.08411624282598495,0.26598143577575684,0.4288784861564636,0.5618201494216919,0,104,222,"[0.1432, 0.1227, 0.0841, 0.0434, 0.0354, 0.0314, 0.0289, 0.0271, 0.0247, 0.0208]","[0.049, 0.27, 0.171, 0.157, 0.222, 0.142, 0.053, 0.245, 0.137, 0.161]",1996,0.05786586552858353,0.03828032118123734,
53,T5,1927,0.45349247699799466,0.0344216177655628,-0.24875482293802847,-0.014597523077363025,0.24851061300714697,-0.08697762731617058,0.05249851865050172,0.24273741245269775,0.1261024922132492,0.08539728075265884,0.36883991956710815,0.5583011507987976,0.6991280317306519,2,57,134,"[0.2427, 0.1261, 0.0854, 0.0553, 0.0487, 0.0443, 0.0363, 0.0226, 0.0204, 0.0172]","[0.453, 0.034, 0.249, 0.141, 0.264, 0.01, 0.471, 0.142, 0.074, 0.141]",1996,0.06299275159835815,-0.20510602828867722,
53,T6,1927,0.286359849948393,-0.19552668533846138,0.14147346638888134,-0.04189473819177044,0.06170388644007532,-0.15256188600712373,0.1340661366628873,0.16431885957717896,0.09171176701784134,0.06817411631345749,0.2560306191444397,0.4305698871612549,0.5749006867408752,1,97,217,"[0.1643, 0.0917, 0.0682, 0.0641, 0.0422, 0.0369, 0.0341, 0.0305, 0.0226, 0.0202]","[0.286, 0.196, 0.141, 0.19, 0.047, 0.253, 0.016, 0.413, 0.134, 0.149]",1996,0.053290754556655884,-0.29475110107086233,
53,T7,1927,0.5356557672878846,-0.381689783821308,-0.027596847526720713,-0.07384115161508045,0.04179766780927751,-0.04136253704217313,-0.15199853378005548,0.18601658940315247,0.13000842928886414,0.09866265207529068,0.3160250186920166,0.5211427807807922,0.6470772624015808,2,80,186,"[0.186, 0.13, 0.0987, 0.0579, 0.0485, 0.0321, 0.0301, 0.0259, 0.0211, 0.0167]","[0.536, 0.382, 0.028, 0.295, 0.016, 0.171, 0.212, 0.019, 0.043, 0.088]",1996,0.14843180775642395,-0.6005731712333285,
53,T8,1927,-0.4692353889034213,-0.6468629904036713,0.07141585127638868,0.01893476727366188,-0.053784594579853726,0.2756565683493186,-0.05675321500697939,0.3319997787475586,0.15526793897151947,0.113967165350914,0.48726773262023926,0.6916100382804871,0.802859902381897,2,28,69,"[0.332, 0.1553, 0.114, 0.0474, 0.043, 0.0322, 0.0276, 0.0216, 0.0157, 0.0141]","[0.469, 0.647, 0.071, 0.282, 0.071, 0.104, 0.05, 0.126, 0.038, 0.07]",1996,0.12266834080219269,-0.0463626529255591,
53,R0,1927,-0.33333259434442297,-0.537176764066884,-0.6516640056818351,-0.0369029152420836,-0.09392842324697605,0.28469841243544297,-0.05863946769109198,0.505934476852417,0.10815367847681046,0.08611081540584564,0.6140881776809692,0.7784115672111511,0.8628299236297607,3,17,44,"[0.5059, 0.1082, 0.0861, 0.0497, 0.0286, 0.0233, 0.019, 0.0181, 0.0147, 0.0093]","[0.333, 0.537, 0.652, 0.175, 0.071, 0.109, 0.196, 0.136, 0.162, 0.15]",1996,0.06174226105213165,-0.15018304869629792,
53,R1,1927,-0.29124753166904577,-0.22135460022264875,0.5804859540520264,-0.1284851517574543,-0.06247441930645273,0.24007775895065386,-0.005694798014942385,0.3402813673019409,0.23673129081726074,0.15008912980556488,0.5770126581192017,0.8196098208427429,0.89023357629776,2,12,32,"[0.3403, 0.2367, 0.1501, 0.0631, 0.0294, 0.0203, 0.0183, 0.0131, 0.0108, 0.0082]","[0.291, 0.221, 0.58, 0.573, 0.038, 0.074, 0.124, 0.273, 0.022, 0.135]",1996,0.0836932361125946,-0.05297273847114332,
53,R2,1927,-0.023318179817268178,-0.07177693736649009,-0.567558552246528,0.07902092515673229,0.054560446491077046,-0.14436980181714623,0.0021532312772082197,0.4407956898212433,0.22693760693073273,0.14018921554088593,0.6677333116531372,0.8698848485946655,0.9238762855529785,3,8,17,"[0.4408, 0.2269, 0.1402, 0.0429, 0.019, 0.0153, 0.0123, 0.0104, 0.0086, 0.0074]","[0.023, 0.072, 0.568, 0.294, 0.304, 0.26, 0.293, 0.007, 0.375, 0.155]",1996,0.0648900493979454,0.34156995513431054,
53,R3,1927,0.0597172846486387,0.024997128659150453,-0.772404771283678,0.03701221809964907,0.0077968254701650235,-0.09039758212399841,-0.01958878702865021,0.5096428990364075,0.10496465116739273,0.08590203523635864,0.614607572555542,0.7896198630332947,0.861942708492279,1,16,36,"[0.5096, 0.105, 0.0859, 0.0464, 0.0427, 0.0194, 0.0161, 0.0144, 0.0122, 0.0102]","[0.06, 0.025, 0.772, 0.129, 0.135, 0.189, 0.085, 0.221, 0.097, 0.162]",1996,0.118707574903965,0.11884491520052967,
53,R4,1927,-0.5727017844686411,-0.2976810519680234,-0.29005853724063385,-0.009383125049856394,0.04832428323671408,-0.1566984118054365,0.07471736648407581,0.28993678092956543,0.17604242265224457,0.1187129095196724,0.4659792184829712,0.685627818107605,0.8281691670417786,2,20,50,"[0.2899, 0.176, 0.1187, 0.055, 0.0459, 0.0412, 0.0369, 0.0307, 0.0182, 0.0155]","[0.573, 0.298, 0.29, 0.033, 0.11, 0.151, 0.411, 0.277, 0.187, 0.218]",1996,0.2777654826641083,0.8379817924081395,
53,R5,1927,-0.2690009163016879,0.2988587934751768,0.00447634739016295,-0.06836009447225887,0.014482399270715303,0.027255193279800378,0.2525400574568633,0.15625301003456116,0.11550874263048172,0.07201962172985077,0.2717617452144623,0.4478659927845001,0.5861225724220276,0,109,243,"[0.1563, 0.1155, 0.072, 0.0618, 0.0423, 0.0357, 0.0318, 0.0265, 0.0232, 0.021]","[0.269, 0.299, 0.004, 0.25, 0.081, 0.214, 0.19, 0.04, 0.199, 0.251]",1996,0.18825602531433105,0.6332432801574376,
53,R6,1927,-0.8343201243542832,0.020760498871391267,-0.20400437495555782,0.04464497402889989,0.011585789617644232,-0.06005755427916651,0.06016546700658392,0.4999246895313263,0.10303685069084167,0.07504969090223312,0.602961540222168,0.7585040330886841,0.8555246591567993,2,18,48,"[0.4999, 0.103, 0.075, 0.0452, 0.0353, 0.0339, 0.023, 0.0172, 0.012, 0.0109]","[0.834, 0.021, 0.204, 0.303, 0.033, 0.124, 0.209, 0.144, 0.027, 0.058]",1996,0.36765339970588684,0.6667424846859964,
53,R7,1927,0.6586927711274227,-0.040947648785993045,-0.1721901765366008,-0.17662766397880347,0.01585223124077672,0.11929559691259015,0.055419570523672905,0.4777534306049347,0.18244414031505585,0.10150405764579773,0.6601975560188293,0.8489700555801392,0.9137609601020813,3,9,19,"[0.4778, 0.1824, 0.1015, 0.0603, 0.027, 0.0178, 0.0141, 0.0127, 0.0113, 0.0088]","[0.659, 0.041, 0.172, 0.326, 0.482, 0.13, 0.069, 0.011, 0.086, 0.073]",1996,0.4040626585483551,-0.7002209321529299,
54,T0,1927,-0.17134179074445383,-0.6426905894333079,-0.3887948275598024,-0.0024918971847959627,0.16640325095406033,-0.01616900809177353,0.11762603944622786,0.1966584026813507,0.15073198080062866,0.10639838874340057,0.34739038348197937,0.5617524981498718,0.7307530641555786,3,32,67,"[0.1967, 0.1507, 0.1064, 0.0553, 0.0527, 0.0462, 0.0375, 0.0348, 0.0262, 0.0244]","[0.171, 0.643, 0.389, 0.097, 0.379, 0.195, 0.046, 0.023, 0.094, 0.144]",1996,0.09623536467552185,0.30173280461401564,
54,T1,1927,0.541316133384804,-0.10078880193866335,0.16828467820445653,-0.010747819349769866,0.018277159900183464,-0.026283822472292474,-0.015492039363295749,0.3337284326553345,0.13660630583763123,0.10549726337194443,0.4703347384929657,0.6751410365104675,0.770967960357666,2,36,85,"[0.3337, 0.1366, 0.1055, 0.0661, 0.0332, 0.0256, 0.0224, 0.0192, 0.0155, 0.0132]","[0.541, 0.101, 0.168, 0.496, 0.005, 0.117, 0.02, 0.112, 0.033, 0.124]",1996,0.15958409011363983,-0.6679560858161867,
54,T2,1927,0.6720257036478454,0.11133142014846888,-0.009853260693743295,-0.06071216033442566,0.036930285953964415,0.026792009847936716,-0.1434598479664774,0.45474371314048767,0.1843034327030182,0.0578218437731266,0.6390471458435059,0.7716466188430786,0.8624364733695984,2,15,34,"[0.4547, 0.1843, 0.0578, 0.0421, 0.0327, 0.0324, 0.0225, 0.0155, 0.0106, 0.0098]","[0.672, 0.111, 0.01, 0.078, 0.073, 0.079, 0.333, 0.177, 0.015, 0.107]",1996,0.39365077018737793,-0.7271595286809308,
54,T3,1927,0.04357661956719471,0.4734433273699366,0.4271304834033693,0.09209716795582117,-0.03340514532455828,0.0015436852036197777,0.025112692889403525,0.21034429967403412,0.12360279262065887,0.08200380206108093,0.333947092294693,0.5625382661819458,0.6915913820266724,2,59,135,"[0.2103, 0.1236, 0.082, 0.0798, 0.0668, 0.046, 0.028, 0.02, 0.0181, 0.017]","[0.044, 0.473, 0.427, 0.299, 0.084, 0.083, 0.037, 0.028, 0.209, 0.037]",1996,0.1125929057598114,-0.08140720592942916,
54,T4,1927,-0.07857662567072088,-0.25706450446375684,0.1518630049059569,0.005173863151060701,0.11808080708006805,0.05271226449580343,-0.13149686307147465,0.15186944603919983,0.11675869673490524,0.08069682121276855,0.26862815022468567,0.43142303824424744,0.5596297979354858,0,109,230,"[0.1519, 0.1168, 0.0807, 0.0433, 0.0388, 0.0299, 0.0276, 0.0252, 0.0248, 0.0208]","[0.079, 0.257, 0.152, 0.097, 0.258, 0.097, 0.24, 0.088, 0.075, 0.222]",1996,0.05440928786993027,0.07604051371638641,
54,T5,1927,0.4777583591850696,-0.01408511502582511,-0.20139584041435404,-0.014877712049917434,0.24469002392211828,-0.09263544682206634,0.03824956032888161,0.22456368803977966,0.12549567222595215,0.09214358776807785,0.3500593602657318,0.5422050356864929,0.6841205954551697,2,63,147,"[0.2246, 0.1255, 0.0921, 0.051, 0.049, 0.0446, 0.0344, 0.0249, 0.0204, 0.0176]","[0.478, 0.014, 0.201, 0.274, 0.21, 0.057, 0.489, 0.203, 0.086, 0.165]",1996,0.06637123972177505,-0.23704569363068625,
54,T6,1927,0.2834328549793767,-0.0649096592571359,-0.14321450242841857,-0.03181766943735353,0.06140588691022036,-0.15836602905840572,0.12523474522042002,0.16463716328144073,0.08796016871929169,0.07943592965602875,0.2525973320007324,0.43243858218193054,0.5744831562042236,1,99,221,"[0.1646, 0.088, 0.0794, 0.0582, 0.0422, 0.0372, 0.0305, 0.0299, 0.024, 0.0205]","[0.283, 0.065, 0.143, 0.228, 0.002, 0.24, 0.186, 0.365, 0.148, 0.081]",1996,0.040012508630752563,-0.29083338860997016,
54,T7,1927,-0.5709030563592964,-0.29508083727001977,0.03957557685011281,0.047356263459121695,-0.03819780807108493,0.027857451243941705,0.16306195522106479,0.1780043989419937,0.13617226481437683,0.09492166340351105,0.31417667865753174,0.5117104649543762,0.6388787031173706,2,86,200,"[0.178, 0.1362, 0.0949, 0.057, 0.0456, 0.033, 0.0298, 0.0251, 0.0206, 0.0188]","[0.571, 0.295, 0.04, 0.317, 0.044, 0.154, 0.241, 0.08, 0.055, 0.191]",1996,0.1396683156490326,0.6341480556921067,
54,T8,1927,-0.48638302929306076,-0.6366966866585176,0.10812248755117561,0.017155968213445647,-0.06172390275649532,0.2780954589992143,-0.06429690919958157,0.325096994638443,0.14933764934539795,0.11598142981529236,0.47443464398384094,0.6820138692855835,0.7982051968574524,2,28,70,"[0.3251, 0.1493, 0.116, 0.0473, 0.0443, 0.0326, 0.029, 0.023, 0.0165, 0.0151]","[0.486, 0.637, 0.108, 0.173, 0.269, 0.095, 0.025, 0.162, 0.014, 0.061]",1996,0.11904837936162949,-0.04526556675227461,
54,R0,1927,-0.31098086876489806,-0.5888102552372456,0.4257477754613205,-0.03121875242495403,-0.10274273124580043,0.2906835520184083,-0.07235408781124696,0.48272764682769775,0.1064005121588707,0.07793306559324265,0.5891281366348267,0.7542168498039246,0.8448677062988281,4,21,54,"[0.4827, 0.1064, 0.0779, 0.0498, 0.0373, 0.0226, 0.021, 0.0176, 0.0149, 0.0145]","[0.311, 0.589, 0.426, 0.325, 0.097, 0.132, 0.055, 0.196, 0.01, 0.157]",1996,0.05396503582596779,-0.19806628980773097,
54,R1,1927,0.023736928455714366,-0.332481850335135,0.5586015893040094,-0.06797998175717163,-0.05477070550401609,0.1760094431373801,-0.05691460474229501,0.35739853978157043,0.2980099320411682,0.1161792129278183,0.655408501625061,0.8501250147819519,0.9077687859535217,3,9,25,"[0.3574, 0.298, 0.1162, 0.0541, 0.0244, 0.0166, 0.0147, 0.0105, 0.0091, 0.0067]","[0.024, 0.332, 0.559, 0.572, 0.006, 0.1, 0.027, 0.282, 0.03, 0.099]",1996,0.058794230222702026,-0.3015250209610173,
54,R2,1927,0.006376245197693174,-0.07875562481715816,-0.5553374349942153,-0.06551154472536784,-0.04443046116089781,0.12785705638994246,0.019817815913437543,0.49769142270088196,0.20299792289733887,0.1257445216178894,0.7006893157958984,0.8824485540390015,0.9293286800384521,3,7,16,"[0.4977, 0.203, 0.1257, 0.0386, 0.0175, 0.0134, 0.011, 0.0087, 0.0074, 0.0064]","[0.006, 0.079, 0.555, 0.293, 0.171, 0.3, 0.299, 0.002, 0.412, 0.192]",1996,0.053236111998558044,-0.31765834628805667,
54,R3,1927,0.08460918421140527,-0.16151350072807025,-0.7070322907380961,0.03584765717963,-0.011890808625955,-0.10540671018369187,-0.0007406528690892374,0.4679400324821472,0.10213999450206757,0.09327813982963562,0.570080041885376,0.7596988081932068,0.8461377620697021,2,17,41,"[0.4679, 0.1021, 0.0933, 0.0512, 0.0451, 0.0231, 0.0197, 0.0163, 0.014, 0.0134]","[0.085, 0.162, 0.707, 0.302, 0.21, 0.04, 0.104, 0.066, 0.294, 0.02]",1996,0.10430807620286942,0.1213085869209613,
54,R4,1927,-0.5691786462618211,-0.3172216346231708,-0.32528387037332007,-0.011919172149520912,0.04937562235804595,-0.1549651236593328,0.07768913593469091,0.2819215655326843,0.18245357275009155,0.11521794646978378,0.4643751382827759,0.6823716759681702,0.8282864093780518,4,20,51,"[0.2819, 0.1825, 0.1152, 0.0559, 0.0468, 0.0433, 0.0375, 0.0316, 0.018, 0.0155]","[0.569, 0.317, 0.325, 0.064, 0.173, 0.069, 0.199, 0.413, 0.134, 0.254]",1996,0.26956841349601746,0.8370360502277496,
54,R5,1927,-0.17812066016265007,0.3746994969829192,0.14395932706602343,-0.11072926772674078,0.010850165207411713,0.10034284176804699,0.20366697059838992,0.1591026782989502,0.1240563839673996,0.07099542766809464,0.283159077167511,0.4537161588668823,0.5816370248794556,1,110,246,"[0.1591, 0.1241, 0.071, 0.0566, 0.043, 0.033, 0.0279, 0.0252, 0.0217, 0.02]","[0.178, 0.375, 0.144, 0.215, 0.036, 0.201, 0.24, 0.063, 0.245, 0.252]",1996,0.16793081164360046,0.46016803802335643,
54,R6,1927,0.8377509483195381,-0.02745241743102107,-0.1994262992063799,-0.04807453336927181,-0.012918911027968147,0.05327254648547464,-0.06370250323309394,0.5099101662635803,0.10475311428308487,0.07209672778844833,0.614663302898407,0.7643349170684814,0.8586632013320923,1,17,46,"[0.5099, 0.1048, 0.0721, 0.0436, 0.034, 0.0329, 0.0229, 0.0162, 0.0117, 0.0106]","[0.838, 0.027, 0.199, 0.266, 0.173, 0.12, 0.218, 0.105, 0.03, 0.057]",1996,0.36954396963119507,-0.6613424628594646,
54,R7,1927,0.6664547134827002,0.0027435732506511826,-0.32118948959541227,-0.18646035100125005,0.01156397966983185,0.10732834916671555,0.06256132421661342,0.4589160978794098,0.18013997375965118,0.11409864574670792,0.6390560865402222,0.8447391390800476,0.9091813564300537,3,9,21,"[0.4589, 0.1801, 0.1141, 0.0619, 0.0297, 0.0189, 0.0137, 0.0124, 0.0109, 0.0086]","[0.666, 0.003, 0.321, 0.295, 0.415, 0.191, 0.132, 0.075, 0.07, 0.077]",1996,0.3842911720275879,-0.685386849298738,
55,T0,1927,-0.11282597045773685,-0.659107091596868,-0.3873970929474796,0.0234944864112519,0.200003627591903,-0.020390658349510118,0.12251041712310087,0.2072044312953949,0.14738531410694122,0.10493683069944382,0.3545897603034973,0.56743985414505,0.735675036907196,3,31,67,"[0.2072, 0.1474, 0.1049, 0.0548, 0.0531, 0.0478, 0.0357, 0.034, 0.0261, 0.0246]","[0.113, 0.659, 0.387, 0.09, 0.384, 0.161, 0.085, 0.035, 0.06, 0.139]",1996,0.09537377208471298,0.2664947826776642,
55,T1,1927,0.5281143601556076,-0.08799430803580353,0.169811244737204,-0.002801261543283165,0.018869973294295957,-0.032006526413064534,-0.015891243013643076,0.3357246518135071,0.13801772892475128,0.10061950236558914,0.47374236583709717,0.6750218868255615,0.7715274691581726,2,37,87,"[0.3357, 0.138, 0.1006, 0.0674, 0.0332, 0.0272, 0.0225, 0.0185, 0.0151, 0.0132]","[0.528, 0.088, 0.17, 0.51, 0.035, 0.091, 0.038, 0.074, 0.031, 0.047]",1996,0.15321962535381317,-0.6642492658500503,
55,T2,1927,0.6733918768817289,0.12123042507371733,0.04506243802656874,-0.0530011563266025,0.04483125854249784,0.013325584433705816,-0.1381666570598378,0.4651763141155243,0.17520290613174438,0.05811324343085289,0.6403791904449463,0.7748902440071106,0.8644755482673645,2,15,34,"[0.4652, 0.1752, 0.0581, 0.044, 0.0324, 0.0317, 0.024, 0.0143, 0.01, 0.0095]","[0.673, 0.121, 0.045, 0.066, 0.054, 0.129, 0.301, 0.213, 0.012, 0.121]",1996,0.3902614712715149,-0.7159292245087535,
55,T3,1927,0.0353324508327995,0.48464231214857,-0.08950545179706124,0.10185093594856726,-0.03614880829285628,0.011204252054010141,0.020900813124330564,0.20523646473884583,0.12213709950447083,0.08539894968271255,0.32737356424331665,0.5535294413566589,0.6847493648529053,2,62,141,"[0.2052, 0.1221, 0.0854, 0.0772, 0.0636, 0.0489, 0.0274, 0.0194, 0.0186, 0.0169]","[0.035, 0.485, 0.09, 0.576, 0.032, 0.176, 0.091, 0.008, 0.165, 0.012]",1996,0.10754114389419556,-0.08273172196783035,
55,T4,1927,0.05224765281897167,-0.27690756243557113,0.09920972597970595,-0.014613764241893578,-0.10950295765196706,-0.04279869516430308,0.1320162549282444,0.15577353537082672,0.1113843023777008,0.07641195505857468,0.2671578526496887,0.42188605666160583,0.5450497269630432,0,117,245,"[0.1558, 0.1114, 0.0764, 0.0405, 0.0378, 0.0293, 0.0262, 0.0247, 0.0235, 0.0194]","[0.052, 0.277, 0.099, 0.062, 0.286, 0.058, 0.171, 0.035, 0.056, 0.243]",1996,0.05425971373915672,-0.03582608907205974,
55,T5,1927,0.4006210495231534,0.0992248147505943,-0.2827785712987214,-0.013398923081006079,0.2356175651727059,-0.0814093911741751,0.07157751319603517,0.22765041887760162,0.11690021306276321,0.0951925590634346,0.34455063939094543,0.534277617931366,0.6730558276176453,2,68,159,"[0.2277, 0.1169, 0.0952, 0.0496, 0.0449, 0.0429, 0.0331, 0.026, 0.0194, 0.0174]","[0.401, 0.099, 0.283, 0.291, 0.093, 0.07, 0.409, 0.192, 0.017, 0.017]",1996,0.07239994406700134,-0.17432659657953042,
55,T6,1927,0.2648979036494504,0.04601861461263963,-0.2276473385537333,-0.031210645108117965,0.06870711219845796,-0.15457123832609565,0.1106899829693687,0.1601504534482956,0.08520685136318207,0.07781625539064407,0.24535730481147766,0.4245198965072632,0.5651606917381287,0,107,236,"[0.1602, 0.0852, 0.0778, 0.0596, 0.0417, 0.0367, 0.0322, 0.0283, 0.0234, 0.0201]","[0.265, 0.046, 0.228, 0.235, 0.101, 0.232, 0.028, 0.256, 0.229, 0.123]",1996,0.03821206092834473,-0.29080138927093924,
55,T7,1927,-0.5924838565204956,-0.14137308326340178,0.09661538470013821,-0.004047572581440681,-0.012562398621218461,0.004133943769381188,0.15280916588777485,0.16724269092082977,0.14015933871269226,0.09104439616203308,0.30740201473236084,0.5007910132408142,0.6254178881645203,2,92,211,"[0.1672, 0.1402, 0.091, 0.0569, 0.0454, 0.0323, 0.0288, 0.0245, 0.0199, 0.0192]","[0.592, 0.141, 0.097, 0.349, 0.033, 0.139, 0.205, 0.119, 0.008, 0.19]",1996,0.13635152578353882,0.6578211889828304,
55,T8,1927,-0.49328968842307547,-0.630112611000721,0.10871341349965466,0.02174274797080126,-0.05680029898689659,0.27993979861125257,-0.0653507838395052,0.31379514932632446,0.14474427700042725,0.11781807988882065,0.4585394263267517,0.6721733808517456,0.7915989756584167,2,29,71,"[0.3138, 0.1447, 0.1178, 0.0524, 0.0434, 0.0334, 0.0297, 0.0238, 0.0168, 0.0158]","[0.493, 0.63, 0.109, 0.051, 0.29, 0.069, 0.107, 0.153, 0.013, 0.051]",1996,0.11805462092161179,-0.04149669520547496,
55,R0,1927,-0.30973431641977817,-0.5376266343442844,0.49892989049185904,-0.032803125652079775,-0.10024355709783553,0.29702255924001475,-0.07909133255933748,0.483153373003006,0.10698822885751724,0.07965679466724396,0.5901415944099426,0.7563120126724243,0.8450151681900024,4,21,56,"[0.4832, 0.107, 0.0797, 0.0496, 0.0369, 0.0215, 0.0213, 0.0172, 0.0151, 0.0136]","[0.31, 0.538, 0.499, 0.372, 0.09, 0.018, 0.147, 0.174, 0.157, 0.158]",1996,0.049622707068920135,-0.21307029905109215,
55,R1,1927,0.08957689687545829,-0.2551045687938748,-0.5542533009315053,-0.04955046643980358,-0.04585149252036668,0.12648961727784808,-0.04623200041322573,0.3736390769481659,0.296887069940567,0.11152195185422897,0.6705261468887329,0.8563025593757629,0.9111135601997375,2,9,24,"[0.3736, 0.2969, 0.1115, 0.0498, 0.0245, 0.0161, 0.0139, 0.0099, 0.0082, 0.0066]","[0.09, 0.255, 0.554, 0.592, 0.001, 0.151, 0.001, 0.252, 0.015, 0.106]",1996,0.05275100842118263,-0.3020373286413001,
55,R2,1927,0.017407518040768344,-0.019344455496111097,-0.6113038337254657,-0.07281895275945911,-0.046787187764311,0.11273742755295653,0.037917610993158136,0.5123671889305115,0.20394109189510345,0.12115022540092468,0.7163082957267761,0.891172468662262,0.9347276091575623,3,6,14,"[0.5124, 0.2039, 0.1212, 0.0365, 0.0172, 0.0122, 0.0101, 0.0082, 0.0071, 0.0059]","[0.017, 0.019, 0.611, 0.296, 0.14, 0.257, 0.333, 0.037, 0.442, 0.217]",1996,0.055637288838624954,-0.3016934764454535,
55,R3,1927,0.057859592185475046,-0.039866999508031874,-0.7445483904004865,0.055543636732582745,-0.008850899943368858,-0.10511908012044213,0.0009730066994795665,0.452959805727005,0.10178114473819733,0.09288822114467621,0.5547409653663635,0.7466152906417847,0.8365119099617004,1,19,45,"[0.453, 0.1018, 0.0929, 0.0519, 0.0471, 0.0232, 0.0199, 0.0178, 0.0148, 0.0142]","[0.058, 0.04, 0.745, 0.293, 0.128, 0.038, 0.084, 0.041, 0.19, 0.217]",1996,0.10679395496845245,0.17299676712653195,
55,R4,1927,0.5867802253509177,-0.2469428628582046,-0.4190028580448697,0.0070281827247715796,-0.04781890196018751,0.15991016779463557,-0.06831524168167634,0.2660254240036011,0.19350475072860718,0.12027337402105331,0.45953017473220825,0.6861940622329712,0.8295475244522095,3,20,51,"[0.266, 0.1935, 0.1203, 0.0594, 0.047, 0.0435, 0.0363, 0.0298, 0.0184, 0.0153]","[0.587, 0.247, 0.419, 0.062, 0.019, 0.25, 0.091, 0.378, 0.071, 0.283]",1996,0.2549576461315155,-0.8346254152406857,
55,R5,1927,-0.1732728461992351,0.36634830523890294,0.11754479216675776,-0.11303570736346313,0.006395610030830088,0.10776827236196082,0.19838517443199988,0.15997053682804108,0.1182602047920227,0.06944437325000763,0.2782307267189026,0.4432885944843292,0.5711550116539001,1,118,261,"[0.16, 0.1183, 0.0694, 0.053, 0.0426, 0.0335, 0.0278, 0.0258, 0.0214, 0.0193]","[0.173, 0.366, 0.118, 0.232, 0.032, 0.19, 0.254, 0.069, 0.243, 0.292]",1996,0.1599999964237213,0.4408625485597015,
55,R6,1927,0.8440400251636003,-0.02614513823840733,-0.21276325875381136,-0.04406660176173625,-0.014791326232717264,0.04194628042641418,-0.0633211086715869,0.5184717178344727,0.10380005836486816,0.0714484304189682,0.6222717761993408,0.7742272615432739,0.8636835813522339,1,16,44,"[0.5185, 0.1038, 0.0714, 0.0469, 0.0336, 0.0305, 0.022, 0.0155, 0.0117, 0.0098]","[0.844, 0.026, 0.213, 0.208, 0.015, 0.139, 0.2, 0.156, 0.022, 0.055]",1996,0.3708517253398895,-0.64881581129331,
55,R7,1927,0.6665564561080725,0.0008961420755833755,-0.31400267445640706,-0.18526899820891496,0.011100677985724268,0.11471298660242896,0.056700112680368696,0.46138885617256165,0.18243193626403809,0.10865388810634613,0.6438207626342773,0.8447986841201782,0.9095415472984314,3,9,20,"[0.4614, 0.1824, 0.1087, 0.0619, 0.0305, 0.0179, 0.0141, 0.013, 0.011, 0.0088]","[0.667, 0.001, 0.314, 0.281, 0.44, 0.135, 0.048, 0.132, 0.139, 0.051]",1996,0.38087451457977295,-0.6896975663233701,
56,T0,1927,-0.10817697580506934,-0.690754456728753,-0.33322855903146253,0.020394186148416094,0.2065255560443643,-0.028624503662247416,0.12839321555841496,0.20796312391757965,0.14551399648189545,0.11020977795124054,0.3534771203994751,0.5692365169525146,0.7367051839828491,3,32,68,"[0.208, 0.1455, 0.1102, 0.0539, 0.0517, 0.0473, 0.0351, 0.0333, 0.0279, 0.0238]","[0.108, 0.691, 0.333, 0.225, 0.354, 0.003, 0.11, 0.013, 0.057, 0.101]",1996,0.09634165465831757,0.2659510662528993,
56,T1,1927,0.5203452544072928,-0.11316201954023405,-0.18827039051856997,-0.002528352295948597,0.01768751776839309,-0.03009151854265141,-0.020455034609151365,0.32587310671806335,0.1394711583852768,0.09620628505945206,0.46534425020217896,0.6584732532501221,0.7620347738265991,2,40,98,"[0.3259, 0.1395, 0.0962, 0.0629, 0.034, 0.0335, 0.0223, 0.0184, 0.0155, 0.0139]","[0.52, 0.113, 0.188, 0.506, 0.101, 0.007, 0.034, 0.097, 0.031, 0.058]",1996,0.1527501344680786,-0.6622597007825706,
56,T2,1927,0.6790199405888244,-0.0934565043588012,0.03880026830329166,-0.04952959178922314,0.04540167569075865,0.016607318868814492,-0.1394488585045691,0.43811649084091187,0.19313989579677582,0.0556362010538578,0.6312564015388489,0.7652037739753723,0.8550904393196106,2,17,38,"[0.4381, 0.1931, 0.0556, 0.0443, 0.034, 0.0317, 0.0242, 0.0141, 0.0101, 0.0097]","[0.679, 0.093, 0.039, 0.054, 0.107, 0.133, 0.3, 0.209, 0.097, 0.097]",1996,0.3890427052974701,-0.7239542126536526,
56,T3,1927,0.09509821717929004,0.49252859420335704,-0.1901394578841255,0.10333739062389692,-0.05180183207575836,-0.0007289654527343008,0.034999448163188646,0.19526977837085724,0.12635119259357452,0.09581398963928223,0.32162097096443176,0.5532016158103943,0.6821034550666809,2,66,152,"[0.1953, 0.1264, 0.0958, 0.0751, 0.0606, 0.0491, 0.0267, 0.0187, 0.0176, 0.0168]","[0.095, 0.493, 0.19, 0.488, 0.068, 0.194, 0.062, 0.009, 0.154, 0.031]",1996,0.11131709814071655,-0.09527177639451316,
56,T4,1927,0.03342908546578641,-0.30928067982403823,0.06344338486812998,-0.014738218787125643,-0.11228632621403045,-0.040114663856715194,0.13325118411411568,0.1500534564256668,0.10738711804151535,0.07427220046520233,0.25744056701660156,0.4073442816734314,0.5318353176116943,1,129,267,"[0.1501, 0.1074, 0.0743, 0.0393, 0.0363, 0.0303, 0.0271, 0.0257, 0.0228, 0.0186]","[0.033, 0.309, 0.063, 0.066, 0.28, 0.119, 0.08, 0.157, 0.091, 0.009]",1996,0.060270871967077255,-0.011433536693384806,
56,T5,1927,0.36699840399526323,0.13768465419968318,-0.24140998271246572,-0.006988677423680098,0.24495592278757028,-0.07263848387241781,0.06839105694597997,0.22106297314167023,0.11813564598560333,0.091217041015625,0.33919861912727356,0.521989107131958,0.6608443856239319,3,74,175,"[0.2211, 0.1181, 0.0912, 0.0474, 0.0441, 0.0414, 0.0322, 0.0247, 0.0226, 0.0181]","[0.367, 0.138, 0.241, 0.308, 0.016, 0.217, 0.365, 0.219, 0.071, 0.127]",1996,0.07366004586219788,-0.12812022403495865,
56,T6,1927,0.25985717664316477,-0.014657668423633493,-0.21292585755288349,-0.037595565777320226,0.06531153157219735,-0.1563578595219249,0.09942268093567905,0.15357783436775208,0.08316712081432343,0.07312577962875366,0.2367449551820755,0.4085199236869812,0.5464869141578674,1,118,259,"[0.1536, 0.0832, 0.0731, 0.057, 0.0416, 0.0354, 0.0321, 0.0272, 0.0236, 0.0196]","[0.26, 0.015, 0.213, 0.225, 0.155, 0.185, 0.032, 0.147, 0.302, 0.167]",1996,0.03700828552246094,-0.29383748335349263,
56,T7,1927,-0.5871424240732441,-0.1252408340739964,0.11242348966265388,-0.018236582059022864,-0.004552430517672679,-0.0026418645126856963,0.14667714944410823,0.15870074927806854,0.1359422355890274,0.08629564940929413,0.29464298486709595,0.483752965927124,0.6092301607131958,2,104,237,"[0.1587, 0.1359, 0.0863, 0.0562, 0.0466, 0.0328, 0.0284, 0.0247, 0.0201, 0.0195]","[0.587, 0.125, 0.112, 0.332, 0.001, 0.225, 0.179, 0.129, 0.179, 0.007]",1996,0.13612598180770874,0.6603797644500062,
56,T8,1927,-0.5064723556429941,-0.6261341653544794,0.13041493557672557,0.015115264221304759,-0.055669397866828244,0.28386062671428386,-0.06927370859479141,0.31475916504859924,0.14663003385066986,0.11589109897613525,0.4613891839981079,0.6733925342559814,0.7926307916641235,2,29,72,"[0.3148, 0.1466, 0.1159, 0.0547, 0.0415, 0.0338, 0.0291, 0.0241, 0.0165, 0.0158]","[0.506, 0.626, 0.13, 0.064, 0.28, 0.03, 0.145, 0.147, 0.037, 0.039]",1996,0.11724201589822769,-0.03851076613509919,
56,R0,1927,-0.293381766140218,-0.5127037031161753,0.6359444368938186,-0.028000314528695187,-0.1033600522364744,0.3076929630157532,-0.08746572849901957,0.4886399805545807,0.10230078548192978,0.0762774720788002,0.5909407734870911,0.7585296034812927,0.8456140756607056,2,21,56,"[0.4886, 0.1023, 0.0763, 0.0541, 0.0372, 0.0233, 0.0203, 0.0161, 0.0149, 0.0125]","[0.293, 0.513, 0.636, 0.279, 0.134, 0.108, 0.125, 0.123, 0.197, 0.164]",1996,0.048382509499788284,-0.23665529495973558,
56,R1,1927,0.05135853818280229,-0.260898400020567,-0.5762766090905161,-0.05727181662658071,-0.04844988235941015,0.13741348826037858,-0.046514340385511554,0.36874181032180786,0.29082733392715454,0.11580222845077515,0.6595691442489624,0.8513512015342712,0.907799243927002,2,9,25,"[0.3687, 0.2908, 0.1158, 0.0511, 0.0249, 0.0168, 0.0141, 0.01, 0.0087, 0.0069]","[0.051, 0.261, 0.576, 0.576, 0.004, 0.152, 0.007, 0.243, 0.014, 0.117]",1996,0.05563381686806679,-0.2830080727327599,
56,R2,1927,0.04905364367066102,-0.01373376737306681,-0.6204234774597247,-0.067120264694726,-0.05008181157806814,0.12985234663814618,0.00532611555909173,0.4958004355430603,0.22137922048568726,0.11874964833259583,0.7171796560287476,0.8942331075668335,0.9373282194137573,3,6,14,"[0.4958, 0.2214, 0.1187, 0.0393, 0.019, 0.0124, 0.0098, 0.0082, 0.0071, 0.0056]","[0.049, 0.014, 0.62, 0.297, 0.154, 0.219, 0.327, 0.063, 0.426, 0.281]",1996,0.05847819894552231,-0.37015747980028413,
56,R3,1927,-0.0928336259269312,-0.12908802666093103,-0.7349549382283564,-0.08603430619687817,-0.00979575564668617,0.06562370642797029,0.009328701419050069,0.4464477300643921,0.10829947888851166,0.08620771765708923,0.5547472238540649,0.7480244040489197,0.8360908627510071,1,19,45,"[0.4464, 0.1083, 0.0862, 0.0564, 0.0507, 0.0217, 0.0199, 0.0182, 0.015, 0.0133]","[0.093, 0.129, 0.735, 0.236, 0.007, 0.007, 0.03, 0.028, 0.26, 0.063]",1996,0.11205343902111053,-0.1391872187774848,
56,R4,1927,0.5757307606352667,-0.26877320090179546,-0.4423768956765373,-0.0011601918716901245,-0.05118366806985315,0.16171935820778405,-0.05901850857446157,0.2621503174304962,0.20532432198524475,0.11508897691965103,0.46747463941574097,0.693020224571228,0.83309006690979,3,20,50,"[0.2622, 0.2053, 0.1151, 0.0584, 0.052, 0.0423, 0.0363, 0.0287, 0.0178, 0.0149]","[0.576, 0.269, 0.442, 0.065, 0.022, 0.292, 0.02, 0.365, 0.039, 0.266]",1996,0.24496158957481384,-0.827906462538234,
56,R5,1927,-0.20274791756297822,0.36779288469376564,-0.09369577462976053,-0.10714996993311472,0.005382086285176496,0.1018641431119315,0.22043484300123747,0.15003477036952972,0.11313506215810776,0.06909696012735367,0.2631698250770569,0.4255535900592804,0.5568900108337402,1,129,282,"[0.15, 0.1131, 0.0691, 0.0503, 0.043, 0.0339, 0.0305, 0.0253, 0.0218, 0.0199]","[0.203, 0.368, 0.094, 0.259, 0.0, 0.15, 0.277, 0.049, 0.256, 0.149]",1996,0.16329096257686615,0.47882319675664564,
56,R6,1927,-0.8530213886743344,-0.02535691360333252,-0.19187502479316965,0.03871296164646216,0.015428669040477391,-0.0384104668368025,0.06218776425512513,0.5206847190856934,0.11009468883275986,0.07013504952192307,0.6307793855667114,0.778448760509491,0.865098237991333,1,16,44,"[0.5207, 0.1101, 0.0701, 0.0443, 0.0333, 0.0285, 0.0222, 0.0151, 0.0115, 0.0094]","[0.853, 0.025, 0.192, 0.194, 0.013, 0.135, 0.187, 0.161, 0.033, 0.062]",1996,0.37561482191085815,0.6432310499609554,
56,R7,1927,0.6811751102342202,0.01609605039888242,-0.2861222302196587,-0.18213288471184857,0.011608860275671238,0.11355869530508787,0.05512698991554312,0.442533940076828,0.19854658842086792,0.10686606168746948,0.6410804986953735,0.8418784141540527,0.9075838327407837,3,10,21,"[0.4425, 0.1985, 0.1069, 0.062, 0.032, 0.0168, 0.0149, 0.0136, 0.0114, 0.009]","[0.681, 0.016, 0.286, 0.303, 0.408, 0.139, 0.129, 0.078, 0.154, 0.046]",1996,0.3814513087272644,-0.6941119833251705,
57,T0,1927,-0.01885978957314112,-0.7247315658496856,-0.343537838378893,0.026084677003198563,0.23638222912802126,-0.05320892444932549,0.11817603414362436,0.20062601566314697,0.1475384682416916,0.10574708133935928,0.34816449880599976,0.5603190660476685,0.7291796803474426,3,34,75,"[0.2006, 0.1475, 0.1057, 0.0561, 0.0503, 0.0477, 0.0344, 0.0328, 0.0298, 0.0241]","[0.019, 0.725, 0.344, 0.205, 0.352, 0.159, 0.064, 0.082, 0.031, 0.009]",1996,0.09947901219129562,0.2351761872411952,
57,T1,1927,0.5262801010235841,-0.12423644223527704,0.20917433762179077,-0.007102623181471012,0.016282884095608463,-0.033376211645684675,-0.015741572049441495,0.3061944246292114,0.1345817595720291,0.09991570562124252,0.44077616930007935,0.6382604837417603,0.7452758550643921,2,48,116,"[0.3062, 0.1346, 0.0999, 0.0631, 0.0344, 0.0335, 0.0228, 0.0197, 0.0161, 0.0149]","[0.526, 0.124, 0.209, 0.478, 0.003, 0.074, 0.05, 0.075, 0.016, 0.046]",1996,0.1539546400308609,-0.6628917687782172,
57,T2,1927,0.6738151890761311,0.1273822193469894,-0.051453229031700305,-0.051701341961165014,0.05001601487470896,0.01585522411302489,-0.13641425725269624,0.41505277156829834,0.19590719044208527,0.05419190600514412,0.6109599471092224,0.7476528286933899,0.8403481245040894,2,19,44,"[0.4151, 0.1959, 0.0542, 0.0448, 0.0377, 0.0335, 0.0242, 0.0142, 0.0106, 0.0102]","[0.674, 0.127, 0.051, 0.074, 0.065, 0.119, 0.313, 0.169, 0.094, 0.04]",1996,0.38416099548339844,-0.7231416844881398,
57,T3,1927,-0.023930040386357942,0.47912916394990573,-0.014506306568167626,0.10049284098966388,-0.029323798496110918,0.00594928638172229,0.03059784490420623,0.18092262744903564,0.11625239253044128,0.08314903825521469,0.29717501997947693,0.5161046981811523,0.6462007761001587,2,80,177,"[0.1809, 0.1163, 0.0831, 0.0782, 0.0576, 0.047, 0.0269, 0.02, 0.0184, 0.0178]","[0.024, 0.479, 0.015, 0.593, 0.023, 0.181, 0.116, 0.035, 0.096, 0.054]",1996,0.10300441086292267,-0.025674797307826167,
57,T4,1927,0.024361534756297584,-0.2901106431344585,-0.09571387931301407,-0.022841063033956888,-0.11356224374615226,-0.040205340994872815,0.1264471630373518,0.14318333566188812,0.10458564758300781,0.07024896889925003,0.24776898324489594,0.3924914598464966,0.5150803327560425,0,143,290,"[0.1432, 0.1046, 0.0702, 0.039, 0.0355, 0.0291, 0.0275, 0.024, 0.0226, 0.0194]","[0.024, 0.29, 0.096, 0.038, 0.262, 0.017, 0.178, 0.163, 0.046, 0.004]",1996,0.05573984608054161,0.0034341189594434833,
57,T5,1927,-0.40251746297815094,0.14063098763568233,-0.19491513527244328,0.006091840266952769,-0.25413993829324527,0.08608315105273287,-0.0733168045468896,0.21020738780498505,0.12322690337896347,0.08719977736473083,0.3334342837333679,0.5115878582000732,0.6430747509002686,3,85,199,"[0.2102, 0.1232, 0.0872, 0.0479, 0.043, 0.0383, 0.03, 0.0229, 0.0227, 0.0176]","[0.403, 0.141, 0.195, 0.301, 0.033, 0.165, 0.388, 0.151, 0.123, 0.068]",1996,0.07628877460956573,0.1466077489761494,
57,T6,1927,0.25529770002606067,-0.1995224411113499,0.010500218595769781,-0.031685406261401296,0.059106976749382575,-0.16421630918532526,0.10192207394451266,0.144456684589386,0.07665399461984634,0.07548843324184418,0.22111067175865173,0.396700918674469,0.5303171873092651,0,131,281,"[0.1445, 0.0767, 0.0755, 0.0571, 0.043, 0.0339, 0.0324, 0.0263, 0.0216, 0.0194]","[0.255, 0.2, 0.011, 0.124, 0.276, 0.091, 0.089, 0.158, 0.296, 0.154]",1996,0.03537643328309059,-0.3011803645629063,
57,T7,1927,0.6080954952799961,-0.04358034644325228,0.09047109453083071,0.04303821305514653,-0.0055976906100140625,0.00798589576059081,-0.1294655039521226,0.14791357517242432,0.12577097117900848,0.08366435021162033,0.273684561252594,0.46010735630989075,0.5862987637519836,2,121,267,"[0.1479, 0.1258, 0.0837, 0.0552, 0.0476, 0.0329, 0.0273, 0.0249, 0.0223, 0.0189]","[0.608, 0.044, 0.09, 0.303, 0.109, 0.262, 0.141, 0.141, 0.067, 0.137]",1996,0.13763394951820374,-0.6645134526245421,
57,T8,1927,-0.48617468760635024,-0.6175400688894807,0.2414766838074461,0.01970042474046193,-0.05609783261061652,0.28572785000088624,-0.07553531700801332,0.2986968755722046,0.14742980897426605,0.11157499998807907,0.44612669944763184,0.6614014506340027,0.7846672534942627,2,30,74,"[0.2987, 0.1474, 0.1116, 0.0633, 0.0404, 0.037, 0.0285, 0.0253, 0.0164, 0.0162]","[0.486, 0.618, 0.241, 0.037, 0.273, 0.032, 0.153, 0.148, 0.017, 0.063]",1996,0.11342319846153259,-0.06432103115146057,
57,R0,1927,-0.27219179199934657,-0.5593939243287257,0.6032541523664019,-0.01928343581516356,-0.09888265431063896,0.30884928780938065,-0.09651778391679036,0.47634121775627136,0.09902668744325638,0.07974895089864731,0.5753679275512695,0.7466383576393127,0.8351022005081177,2,23,60,"[0.4763, 0.099, 0.0797, 0.054, 0.0376, 0.0234, 0.0201, 0.0165, 0.0159, 0.0126]","[0.272, 0.559, 0.603, 0.209, 0.154, 0.09, 0.151, 0.116, 0.189, 0.165]",1996,0.049966294318437576,-0.2646448033893057,
57,R1,1927,0.002270851627673049,-0.19714538148936428,-0.5712008665689182,-0.08022751183094678,-0.057368789085698445,0.11242393113913943,-0.022207112093485484,0.46414652466773987,0.2401299774646759,0.1050126925110817,0.7042765021324158,0.8722347617149353,0.9203038215637207,2,8,20,"[0.4641, 0.2401, 0.105, 0.0426, 0.0203, 0.0142, 0.012, 0.0085, 0.0074, 0.006]","[0.002, 0.197, 0.571, 0.594, 0.036, 0.156, 0.007, 0.222, 0.1, 0.054]",1996,0.053179092705249786,-0.17642438439949784,
57,R2,1927,0.14088866328436472,0.03193581493269222,-0.6376193307439044,-0.09029851229759547,-0.02133296642363231,0.09312742789142042,0.004998080120929351,0.5723205804824829,0.19152309000492096,0.09344886243343353,0.7638436555862427,0.9107356071472168,0.9478471279144287,2,5,11,"[0.5723, 0.1915, 0.0934, 0.0353, 0.0181, 0.0112, 0.008, 0.0072, 0.006, 0.0047]","[0.141, 0.032, 0.638, 0.293, 0.15, 0.203, 0.195, 0.235, 0.502, 0.221]",1996,0.052989616990089417,-0.3270406097567528,
57,R3,1927,-0.08915309203475108,-0.02896907220156637,-0.7466984737498626,-0.07920770493438169,0.008264018153463878,0.05267714216701038,0.004684357413318572,0.46277812123298645,0.10309699177742004,0.07944265753030777,0.5658751130104065,0.7483941912651062,0.8370167016983032,2,19,45,"[0.4628, 0.1031, 0.0794, 0.0529, 0.0502, 0.0242, 0.0188, 0.0175, 0.0144, 0.0136]","[0.089, 0.029, 0.747, 0.257, 0.34, 0.047, 0.034, 0.011, 0.299, 0.02]",1996,0.10064674913883209,-0.15329662333621566,
57,R4,1927,0.58611396800074,-0.16140044823811636,-0.449652137055133,-0.01052418731630515,-0.04671654982674378,0.18555104612629622,-0.04686415831325353,0.25813010334968567,0.21285979449748993,0.11341508477926254,0.4709898829460144,0.6994537711143494,0.8321478366851807,4,20,50,"[0.2581, 0.2129, 0.1134, 0.062, 0.0531, 0.0393, 0.0347, 0.0276, 0.0167, 0.0143]","[0.586, 0.161, 0.45, 0.081, 0.084, 0.334, 0.182, 0.319, 0.043, 0.254]",1996,0.23606985807418823,-0.8158327468355969,
57,R5,1927,-0.1884600381629582,-0.3687694302809289,0.12666165915218092,-0.1012472587442165,0.0015326279545365177,0.10130916650440029,0.21874361145491558,0.14152713119983673,0.10714344680309296,0.06649722903966904,0.2486705780029297,0.40851855278015137,0.5388439297676086,2,140,300,"[0.1415, 0.1071, 0.0665, 0.05, 0.0433, 0.0362, 0.0281, 0.0254, 0.0213, 0.0194]","[0.188, 0.369, 0.127, 0.208, 0.11, 0.146, 0.311, 0.02, 0.248, 0.096]",1996,0.16075852513313293,0.46673623101226347,
57,R6,1927,-0.852670712379716,-0.01974373054850081,-0.21801337308468008,0.04618812343638159,0.013233814919393171,-0.03730885643195612,0.05770729083632353,0.5198672413825989,0.10906875878572464,0.06895960122346878,0.6289359927177429,0.7779414057731628,0.8640563488006592,1,16,45,"[0.5199, 0.1091, 0.069, 0.0462, 0.0338, 0.0276, 0.0221, 0.0154, 0.0116, 0.0093]","[0.853, 0.02, 0.218, 0.197, 0.031, 0.124, 0.175, 0.158, 0.065, 0.056]",1996,0.37307095527648926,0.6412763982060199,
57,R7,1927,0.6994115925768484,0.004668705721378951,0.24398853438894727,-0.18137390104001333,0.013447052868477005,0.1115275282670572,0.052004448128513514,0.41981011629104614,0.21159325540065765,0.110775426030159,0.631403386592865,0.8398399949073792,0.9042704105377197,3,10,22,"[0.4198, 0.2116, 0.1108, 0.0624, 0.0352, 0.0164, 0.0143, 0.0135, 0.011, 0.0093]","[0.699, 0.005, 0.244, 0.318, 0.346, 0.129, 0.136, 0.133, 0.144, 0.043]",1996,0.3799452781677246,-0.6942127258493107,
58,T0,1927,-0.4539459306486815,0.5301245645943986,0.015774297891590367,0.10649638998309449,0.0638215008801145,-0.0674763614905922,0.008866228825613621,0.2223864048719406,0.14530028402805328,0.094149649143219,0.3676866888999939,0.5911449790000916,0.7440903782844543,3,33,73,"[0.2224, 0.1453, 0.0941, 0.0783, 0.051, 0.042, 0.0364, 0.0277, 0.0255, 0.0214]","[0.454, 0.53, 0.016, 0.417, 0.277, 0.269, 0.214, 0.006, 0.008, 0.025]",1996,0.09904792159795761,0.5164946114963329,
58,T1,1927,0.5214628883946464,-0.13914769180396627,0.21971622572977914,-0.010830795893264385,0.023422979095729445,-0.026682660665199722,-0.01939432125534952,0.294164776802063,0.14058080315589905,0.09292617440223694,0.43474557995796204,0.6227343678474426,0.7335679531097412,2,53,128,"[0.2942, 0.1406, 0.0929, 0.0567, 0.0383, 0.0321, 0.029, 0.0191, 0.0164, 0.0142]","[0.521, 0.139, 0.22, 0.454, 0.045, 0.04, 0.107, 0.123, 0.008, 0.075]",1996,0.14419586956501007,-0.658834792984693,
58,T2,1927,0.6602394274850665,-0.10165962710471366,-0.03666160370856448,-0.05896500745331288,0.04607169741853131,0.02024992178249004,-0.1405033208265335,0.39313167333602905,0.19841910898685455,0.05171759054064751,0.5915507674217224,0.7222653031349182,0.8176931142807007,2,25,59,"[0.3931, 0.1984, 0.0517, 0.0424, 0.0366, 0.0337, 0.0241, 0.0157, 0.0112, 0.0107]","[0.66, 0.102, 0.037, 0.073, 0.002, 0.09, 0.377, 0.054, 0.096, 0.13]",1996,0.37673014402389526,-0.7261546056960416,
58,T3,1927,-0.10423571047147057,0.6163011958793885,0.341858203062983,0.10821105078378913,-0.01249757457304758,0.0027181368686738736,0.022618181657732262,0.17367394268512726,0.1292305737733841,0.08601042628288269,0.30290451645851135,0.5169205665588379,0.6417583227157593,2,83,186,"[0.1737, 0.1292, 0.086, 0.0748, 0.0532, 0.0428, 0.0247, 0.0211, 0.0196, 0.0167]","[0.104, 0.616, 0.342, 0.14, 0.161, 0.252, 0.16, 0.029, 0.109, 0.153]",1996,0.10585053265094757,0.006037001750048151,
58,T4,1927,0.021307381226653585,-0.2678187556928325,0.08760253623990333,-0.046582494396314865,-0.13280841872995955,-0.03532362878337249,0.10365979956072591,0.13713115453720093,0.09972774982452393,0.0637761652469635,0.23685890436172485,0.3791210949420929,0.5071407556533813,0,149,305,"[0.1371, 0.0997, 0.0638, 0.0443, 0.0342, 0.0331, 0.0272, 0.026, 0.0221, 0.0197]","[0.021, 0.268, 0.088, 0.09, 0.193, 0.173, 0.07, 0.175, 0.041, 0.186]",1996,0.051545292139053345,-0.024123509273836434,
58,T5,1927,-0.37247574447618365,-0.15745207362323782,0.2175720400547586,-2.0927712297290196e-05,-0.2621658423500416,0.07919180837153009,-0.062439611124843926,0.19887951016426086,0.11535432934761047,0.0836804211139679,0.31423383951187134,0.49290931224823,0.6221303343772888,2,96,223,"[0.1989, 0.1154, 0.0837, 0.0514, 0.0436, 0.0365, 0.0289, 0.0265, 0.0197, 0.0177]","[0.372, 0.157, 0.218, 0.213, 0.191, 0.15, 0.451, 0.112, 0.245, 0.036]",1996,0.07572732120752335,0.11946597942165288,
58,T6,1927,-0.23623488088632724,0.1561459315426763,0.04450260938031652,0.03588645130052453,-0.04825190595130246,0.16147620269045954,-0.0681937565210991,0.13511638343334198,0.08943866193294525,0.07144713401794434,0.22455504536628723,0.3937785029411316,0.5224358439445496,2,140,301,"[0.1351, 0.0894, 0.0714, 0.0552, 0.0425, 0.0328, 0.0292, 0.0269, 0.0204, 0.0192]","[0.236, 0.156, 0.045, 0.103, 0.304, 0.069, 0.066, 0.086, 0.115, 0.381]",1996,0.01988665759563446,0.3109519404698278,
58,T7,1927,-0.6288101639067123,0.06824662401964497,0.07292922181824744,-0.07089293136777663,0.0097480291271844,0.005627404365396986,0.11492050016460299,0.13249962031841278,0.12258976697921753,0.08214570581912994,0.2550894021987915,0.44278091192245483,0.5768530964851379,2,134,294,"[0.1325, 0.1226, 0.0821, 0.0613, 0.0442, 0.0382, 0.028, 0.0244, 0.0225, 0.021]","[0.629, 0.068, 0.073, 0.112, 0.184, 0.435, 0.068, 0.135, 0.035, 0.055]",1996,0.13115763664245605,0.6477620872803762,
58,T8,1927,-0.5177826289185028,-0.5058344673637206,0.42259440529070946,0.021895999623274938,-0.061802579376985356,0.2762862904772429,-0.07392516687203744,0.2887847423553467,0.1348237842321396,0.11741337925195694,0.42360854148864746,0.647049069404602,0.7723304033279419,3,32,79,"[0.2888, 0.1348, 0.1174, 0.0661, 0.0399, 0.0393, 0.0272, 0.0256, 0.0168, 0.0164]","[0.518, 0.506, 0.423, 0.002, 0.058, 0.251, 0.154, 0.103, 0.046, 0.048]",1996,0.10855802893638611,-0.03758662765197084,
58,R0,1927,-0.25256032508692783,0.5993461489575557,-0.5633516627768764,-0.004960240102309955,-0.09562591871658829,0.309185091911656,-0.10914898880656702,0.4637691378593445,0.09670034795999527,0.07908506691455841,0.5604695081710815,0.7354548573493958,0.8260921835899353,2,25,65,"[0.4638, 0.0967, 0.0791, 0.0564, 0.0395, 0.0242, 0.0199, 0.0178, 0.016, 0.0127]","[0.253, 0.599, 0.563, 0.202, 0.124, 0.083, 0.176, 0.126, 0.156, 0.154]",1996,0.04991757497191429,-0.2884620204826297,
58,R1,1927,0.02914571153680429,-0.11451900440078835,-0.5609123976408699,-0.07205209623849522,-0.04900087880904749,0.08983621061697719,-0.020454497955941925,0.5330880880355835,0.1990761160850525,0.09134779870510101,0.732164204120636,0.8783975839614868,0.9221396446228027,2,7,20,"[0.5331, 0.1991, 0.0913, 0.0363, 0.0186, 0.0124, 0.0102, 0.0082, 0.0071, 0.0059]","[0.029, 0.115, 0.561, 0.622, 0.084, 0.154, 0.038, 0.133, 0.142, 0.002]",1996,0.04348868876695633,-0.20061195317078614,
58,R2,1927,-0.1243303884006536,0.04847386142566508,-0.6251328290338248,0.08662885171718453,0.026426948668187556,-0.09334848587016714,-0.014298277699085994,0.6286927461624146,0.15176138281822205,0.07917655259370804,0.780454158782959,0.913848340511322,0.9500220417976379,2,5,10,"[0.6287, 0.1518, 0.0792, 0.0365, 0.0178, 0.0109, 0.0074, 0.0069, 0.0061, 0.0048]","[0.124, 0.048, 0.625, 0.238, 0.14, 0.248, 0.117, 0.248, 0.414, 0.147]",1996,0.04643423110246658,0.2687645692407595,
58,R3,1927,-0.10765683024543905,0.03242801180035097,-0.7435479744751893,-0.07310965987244922,-0.015135017605385437,0.03998572086390608,0.0067543751239349135,0.44719740748405457,0.10051693767309189,0.08180630952119827,0.547714352607727,0.7405792474746704,0.8318827748298645,2,19,46,"[0.4472, 0.1005, 0.0818, 0.0618, 0.0493, 0.0263, 0.0184, 0.0179, 0.0151, 0.0136]","[0.108, 0.032, 0.744, 0.294, 0.389, 0.059, 0.007, 0.065, 0.283, 0.03]",1996,0.10388977825641632,-0.15135516571443713,
58,R4,1927,-0.5015758654951885,0.3736651632602579,-0.4652741564565166,0.027942195676167486,0.014455055076181202,-0.09732131434716039,0.00831318004917691,0.2390570342540741,0.23471565544605255,0.10911720246076584,0.47377270460128784,0.6971690058708191,0.8240373134613037,4,22,55,"[0.2391, 0.2347, 0.1091, 0.0667, 0.0476, 0.0392, 0.0313, 0.0266, 0.0159, 0.0138]","[0.502, 0.374, 0.465, 0.071, 0.136, 0.208, 0.24, 0.331, 0.186, 0.164]",1996,0.2161143273115158,0.4605057677701953,
58,R5,1927,-0.22073489726046172,0.3878504960837096,0.10378290077394446,-0.10612667472385572,-0.0011696069565867188,0.09852856982281702,0.23013022739627698,0.1265651434659958,0.10290532559156418,0.06647174805402756,0.22947046160697937,0.39282113313674927,0.5298046469688416,1,141,302,"[0.1266, 0.1029, 0.0665, 0.0528, 0.044, 0.0404, 0.0279, 0.0266, 0.0218, 0.0203]","[0.221, 0.388, 0.104, 0.151, 0.163, 0.154, 0.124, 0.266, 0.198, 0.296]",1996,0.15698684751987457,0.5121389740973387,
58,R6,1927,-0.8383350583057504,-0.03975921170682125,-0.25971179396093735,0.05245721893338671,0.009127974052129539,-0.051672560151269774,0.07152713325135945,0.5001627802848816,0.10624810308218002,0.0643853023648262,0.6064108610153198,0.7515159249305725,0.8414885401725769,1,22,60,"[0.5002, 0.1062, 0.0644, 0.0459, 0.0348, 0.0295, 0.0215, 0.0172, 0.0118, 0.01]","[0.838, 0.04, 0.26, 0.186, 0.033, 0.097, 0.181, 0.159, 0.099, 0.04]",1996,0.3722847104072571,0.6598505216999779,
58,R7,1927,0.701433982162361,0.01305581999608638,0.2037949842720714,-0.17397288529687052,0.019213937056607636,0.11851272584860445,0.05879124782233998,0.42272037267684937,0.20006898045539856,0.11296015977859497,0.6227893829345703,0.8363217711448669,0.9002695083618164,3,10,24,"[0.4227, 0.2001, 0.113, 0.0648, 0.0358, 0.0173, 0.0139, 0.0131, 0.0106, 0.0091]","[0.701, 0.013, 0.204, 0.301, 0.336, 0.095, 0.21, 0.004, 0.156, 0.052]",1996,0.37897229194641113,-0.7034857678798149,
59,T0,1927,-0.44080334014414363,0.42492005543294614,0.03348569856772737,0.13484780790142803,0.032800155232050515,-0.08126775682218167,-0.061675099725357646,0.5502926707267761,0.08619029819965363,0.05060994252562523,0.6364829540252686,0.7538996934890747,0.8336365818977356,4,20,45,"[0.5503, 0.0862, 0.0506, 0.0409, 0.0259, 0.0226, 0.0177, 0.0149, 0.0129, 0.0116]","[0.441, 0.425, 0.033, 0.483, 0.421, 0.19, 0.049, 0.092, 0.075, 0.015]",1996,0.12035859376192093,0.5142139698817519,
59,T1,1927,-0.4798367928802194,0.12147858835977111,0.17660214042376376,-0.012744502667620883,-0.0315640132184085,-0.016219629398711945,0.029843358143657794,0.26281076669692993,0.1879846304655075,0.08728177100419998,0.45079541206359863,0.628034770488739,0.7363086938858032,2,54,132,"[0.2628, 0.188, 0.0873, 0.0465, 0.0435, 0.0328, 0.0285, 0.0171, 0.0164, 0.0134]","[0.48, 0.121, 0.177, 0.454, 0.056, 0.096, 0.16, 0.158, 0.075, 0.06]",1996,0.11919637024402618,0.6526281893495112,
59,T2,1927,-0.6526461822845726,0.18273421725834485,0.03144902080488504,0.02627374360288596,-0.05469767073118915,-0.029319083693747555,0.17140311098002103,0.34972628951072693,0.191619873046875,0.056869275867938995,0.5413461923599243,0.6736324429512024,0.7803400158882141,2,33,79,"[0.3497, 0.1916, 0.0569, 0.0383, 0.0371, 0.0305, 0.0296, 0.0175, 0.0165, 0.0126]","[0.653, 0.183, 0.031, 0.174, 0.043, 0.227, 0.317, 0.14, 0.144, 0.037]",1996,0.35491806268692017,0.7284031654688065,
59,T3,1927,0.5071825533740804,0.22614893129279662,0.12690670906864635,-0.09722287931049768,-0.07116474814768749,-0.015480825527075914,0.017098617481078788,0.19845718145370483,0.15957625210285187,0.1029064804315567,0.3580334186553955,0.5623087882995605,0.6797147393226624,1,82,190,"[0.1985, 0.1596, 0.1029, 0.0563, 0.0451, 0.0336, 0.0312, 0.0214, 0.0165, 0.0147]","[0.507, 0.226, 0.127, 0.238, 0.113, 0.199, 0.288, 0.121, 0.023, 0.019]",1996,0.09925372898578644,-0.15704768912357472,
59,T4,1927,0.0053787137957895725,-0.1297945563139046,0.2569542273075872,-0.1818637018427321,-0.039744979945318636,0.0512516128482659,0.03602427038847727,0.15051858127117157,0.08940049260854721,0.08449025452136993,0.23991906642913818,0.40726274251937866,0.5120819211006165,2,175,346,"[0.1505, 0.0894, 0.0845, 0.0502, 0.0326, 0.0257, 0.024, 0.0208, 0.018, 0.0163]","[0.005, 0.13, 0.257, 0.039, 0.008, 0.383, 0.061, 0.336, 0.197, 0.197]",1996,0.06017091125249863,0.0976878765644095,
59,T5,1927,-0.25554509880320014,-0.2472442305295224,-0.3497856646853025,0.015501881304538502,-0.22064720919329647,0.07303349556712115,-0.10160752457389378,0.164155513048172,0.11423172056674957,0.08527950197458267,0.27838724851608276,0.46899229288101196,0.6007694602012634,2,120,267,"[0.1642, 0.1142, 0.0853, 0.0595, 0.0459, 0.0402, 0.0301, 0.0274, 0.0191, 0.015]","[0.256, 0.247, 0.35, 0.178, 0.317, 0.152, 0.193, 0.067, 0.008, 0.03]",1996,0.06851378083229065,0.1488691231578683,
59,T6,1927,0.05916307652758253,-0.23785176437064956,0.0068743433130309855,-0.03166949288134748,0.06187348754857573,0.16910830355952333,-0.23568498113253028,0.14925432205200195,0.10126212984323502,0.07149944454431534,0.25051644444465637,0.4125058650970459,0.5440492630004883,0,148,312,"[0.1493, 0.1013, 0.0715, 0.0488, 0.0416, 0.0326, 0.0291, 0.0268, 0.0223, 0.0207]","[0.059, 0.238, 0.007, 0.116, 0.29, 0.156, 0.074, 0.155, 0.084, 0.087]",1996,-0.0033227542880922556,-0.045886506646778125,
59,T7,1927,0.3450214421960882,0.5363636698138328,-0.07767534770611682,0.07114036414434419,0.01330970069902783,-0.09570011756214825,-0.046945457466970236,0.1572597324848175,0.10500460118055344,0.08297072350978851,0.26226434111595154,0.44983401894569397,0.5674532055854797,2,163,340,"[0.1573, 0.105, 0.083, 0.0651, 0.0395, 0.0311, 0.0289, 0.0219, 0.02, 0.0157]","[0.345, 0.536, 0.078, 0.081, 0.259, 0.095, 0.17, 0.108, 0.094, 0.032]",1996,0.1084638312458992,-0.1847447311242626,
59,T8,1927,-0.4963190084205656,0.49491313443177753,-0.47553556000668373,0.003603736994912456,-0.05292717692056396,0.283496481192187,-0.08076430599051997,0.2862471342086792,0.12843725085258484,0.12353868782520294,0.41468438506126404,0.6439535617828369,0.7654992938041687,3,35,86,"[0.2862, 0.1284, 0.1235, 0.0656, 0.0401, 0.0381, 0.0258, 0.0234, 0.0178, 0.0164]","[0.496, 0.495, 0.476, 0.057, 0.289, 0.001, 0.152, 0.067, 0.079, 0.066]",1996,0.10438370704650879,-0.08632863729314387,
59,R0,1927,-0.2687799867653918,-0.6280699237446454,0.5354701879939201,0.0019347970844546029,-0.0970834183405119,0.30590313324426605,-0.111636794018287,0.4443136751651764,0.09796945005655289,0.07420434057712555,0.5422831177711487,0.7116327285766602,0.8066848516464233,2,27,68,"[0.4443, 0.098, 0.0742, 0.0562, 0.0389, 0.0259, 0.0213, 0.0191, 0.0154, 0.0134]","[0.269, 0.628, 0.535, 0.19, 0.097, 0.052, 0.008, 0.244, 0.038, 0.12]",1996,0.0506182499229908,-0.2799568778325163,
59,R1,1927,0.04187179489939453,-0.07874604960680028,0.602759823084323,-0.06727316887853765,-0.033399156951036305,0.06661574430162163,-0.015055937615497032,0.5294317007064819,0.2001892477273941,0.09015028178691864,0.7296209335327148,0.8736879229545593,0.9169092774391174,2,8,22,"[0.5294, 0.2002, 0.0902, 0.0354, 0.0185, 0.0117, 0.0105, 0.0082, 0.0071, 0.0057]","[0.042, 0.079, 0.603, 0.6, 0.108, 0.156, 0.016, 0.124, 0.134, 0.003]",1996,0.0452454574406147,-0.21524957121802193,
59,R2,1927,0.12104330889104382,0.06615434522703582,-0.6261059943339037,-0.0666374309417653,-0.02088718336693199,0.07888016450785135,0.006408794278711718,0.7589830756187439,0.09886195510625839,0.05065704509615898,0.8578450083732605,0.9474866390228271,0.969885528087616,2,3,6,"[0.759, 0.0989, 0.0507, 0.026, 0.013, 0.0073, 0.0048, 0.004, 0.0035, 0.0028]","[0.121, 0.066, 0.626, 0.265, 0.076, 0.255, 0.177, 0.077, 0.422, 0.1]",1996,0.0347432978451252,-0.3418173898483736,
59,R3,1927,-0.148167268048367,0.13435871643587566,-0.7440996738151148,-0.05324249211841369,-0.014038503881947734,-0.010982185920471243,0.008447243845261194,0.4821290671825409,0.09789673984050751,0.06818483024835587,0.5800257921218872,0.7591230273246765,0.8473799228668213,3,17,41,"[0.4821, 0.0979, 0.0682, 0.0586, 0.0523, 0.0273, 0.0172, 0.0171, 0.0138, 0.0128]","[0.148, 0.134, 0.744, 0.391, 0.359, 0.012, 0.026, 0.073, 0.158, 0.274]",1996,0.09048362076282501,-0.1094130647803536,
59,R4,1927,-0.011626739679678632,-0.5651139260800231,-0.44295118537371386,0.006794318342804229,0.013093379596197859,-0.002133751594957821,0.09705366910163518,0.24691396951675415,0.2163272202014923,0.11737796664237976,0.46324118971824646,0.7029255628585815,0.8269990682601929,3,21,54,"[0.2469, 0.2163, 0.1174, 0.0762, 0.0461, 0.0406, 0.029, 0.0261, 0.0155, 0.0128]","[0.012, 0.565, 0.443, 0.268, 0.108, 0.045, 0.22, 0.362, 0.173, 0.124]",1996,0.20032456517219543,0.235832656522905,
59,R5,1927,-0.3659138048637327,-0.36227736492530416,0.10659298713931015,-0.07961413714535649,0.0416717280942721,0.037406650805381074,0.22300415996607958,0.12084323912858963,0.09402650594711304,0.07214951515197754,0.21486973762512207,0.3902932107448578,0.5236793756484985,2,146,306,"[0.1208, 0.094, 0.0721, 0.0553, 0.0479, 0.0374, 0.0304, 0.0237, 0.0225, 0.0193]","[0.366, 0.362, 0.107, 0.09, 0.138, 0.168, 0.174, 0.289, 0.165, 0.295]",1996,0.17199407517910004,0.7191146545156671,
59,R6,1927,0.8299300389133822,0.028287698386989503,-0.2243607406521757,-0.06536538103639543,-0.00609268542819845,0.07327134522156023,-0.061231285794513104,0.4408215284347534,0.10710278153419495,0.06794095784425735,0.547924280166626,0.707342267036438,0.8125176429748535,2,30,81,"[0.4408, 0.1071, 0.0679, 0.0534, 0.0381, 0.035, 0.0279, 0.0181, 0.0125, 0.0116]","[0.83, 0.028, 0.224, 0.325, 0.019, 0.069, 0.034, 0.224, 0.171, 0.043]",1996,0.3482268750667572,-0.6898659989445617,
59,R7,1927,0.691310455697255,-0.02712971914154363,0.22637554640996518,-0.15824783290290423,0.017413018876705308,0.13394876359473487,0.03424399693270431,0.44269657135009766,0.19161298871040344,0.10210759192705154,0.6343095302581787,0.839139997959137,0.9000115394592285,2,10,23,"[0.4427, 0.1916, 0.1021, 0.0662, 0.0365, 0.0162, 0.0135, 0.0125, 0.0099, 0.0088]","[0.691, 0.027, 0.226, 0.235, 0.347, 0.117, 0.225, 0.03, 0.113, 0.038]",1996,0.3837858736515045,-0.7297955957279456,
60,T0,1927,0.4614540199621703,0.14099156562164422,-0.41497888862800164,-0.15287381624875143,0.035733021319290965,0.07450246777281978,0.06857256734948748,0.4954521358013153,0.09141763299703598,0.05845622718334198,0.5868697762489319,0.7154489755630493,0.8007885813713074,3,25,50,"[0.4955, 0.0914, 0.0585, 0.0376, 0.0325, 0.0243, 0.0174, 0.0162, 0.0151, 0.0124]","[0.461, 0.141, 0.415, 0.174, 0.041, 0.45, 0.03, 0.153, 0.228, 0.267]",1996,0.11052113026380539,-0.5038781546532668,
60,T1,1927,0.37330184964713553,-0.2527861063486616,0.14020747115547338,-0.015154932133829986,0.0547223138879888,-0.1515222963679398,0.054323353883710734,0.28116485476493835,0.199870765209198,0.07997849583625793,0.48103561997413635,0.6373997926712036,0.7449585795402527,2,47,113,"[0.2812, 0.1999, 0.08, 0.0412, 0.0352, 0.0272, 0.0268, 0.0223, 0.0173, 0.0138]","[0.373, 0.253, 0.14, 0.335, 0.215, 0.165, 0.298, 0.203, 0.092, 0.12]",1996,0.1032656580209732,-0.46394216102012376,
60,T2,1927,0.5596392905695419,-0.48175647666167565,0.016852581069393066,0.02997845790082137,0.07259946517908059,0.04423683115208931,-0.17187269104309177,0.2898629903793335,0.14335110783576965,0.1316576451063156,0.43321409821510315,0.6496525406837463,0.7654051780700684,2,35,78,"[0.2899, 0.1434, 0.1317, 0.0439, 0.0409, 0.0301, 0.0281, 0.0251, 0.0179, 0.0146]","[0.56, 0.482, 0.017, 0.21, 0.092, 0.187, 0.246, 0.011, 0.159, 0.056]",1996,0.30668482184410095,-0.7647330035563373,
60,T3,1927,0.04568121821772261,0.648937163510412,-0.09890555800989219,-0.1389289262440988,0.02898260609751425,-0.005570657339459345,-0.004498461936089028,0.1815863847732544,0.1451856791973114,0.09122521430253983,0.3267720639705658,0.5589712262153625,0.6945856809616089,2,68,158,"[0.1816, 0.1452, 0.0912, 0.0844, 0.0566, 0.0446, 0.0302, 0.0249, 0.0204, 0.0155]","[0.046, 0.649, 0.099, 0.093, 0.098, 0.381, 0.207, 0.045, 0.105, 0.088]",1996,0.11052347719669342,0.07648909972399473,
60,T4,1927,-0.01747069365979085,-0.06049130125092245,-0.3061040680789137,-0.1760574671226244,0.11721136183864503,0.1563958454973849,-0.14028820113375354,0.19164741039276123,0.11315740644931793,0.06678063422441483,0.30480480194091797,0.46553921699523926,0.5829118490219116,3,127,265,"[0.1916, 0.1132, 0.0668, 0.0553, 0.0387, 0.0325, 0.0256, 0.0216, 0.0194, 0.0183]","[0.017, 0.06, 0.306, 0.385, 0.173, 0.021, 0.273, 0.438, 0.2, 0.239]",1996,0.07858869433403015,-0.04629480511669982,
60,T5,1927,-0.23075805902945626,0.3518845605510082,-0.013112939564684508,0.02274532771505943,-0.03696498344418021,-0.048939522130017364,-0.049559183974312096,0.14860332012176514,0.12661679089069366,0.08048242330551147,0.2752200961112976,0.4722823202610016,0.6048075556755066,2,103,226,"[0.1486, 0.1266, 0.0805, 0.0717, 0.0449, 0.0343, 0.0302, 0.0268, 0.0221, 0.0192]","[0.231, 0.352, 0.013, 0.483, 0.276, 0.144, 0.012, 0.148, 0.171, 0.015]",1996,0.07146995514631271,0.15021337133297571,
60,T6,1927,-0.08126052530140038,-0.15508968149500005,-0.09421859974112641,0.06293096129851082,0.05705682346217334,0.14679486244633927,-0.04835405819764942,0.12986305356025696,0.12229082733392715,0.08050540089607239,0.2521538734436035,0.458540678024292,0.5934656262397766,1,121,263,"[0.1299, 0.1223, 0.0805, 0.0645, 0.0614, 0.0396, 0.027, 0.0252, 0.0237, 0.0194]","[0.081, 0.155, 0.094, 0.219, 0.056, 0.257, 0.145, 0.49, 0.049, 0.14]",1996,0.01789677143096924,0.09447026367801972,
60,T7,1927,0.35508278037407087,0.3102805265691463,-0.4193385078450294,0.034126981696651494,-0.001181116445420201,-0.15355683594182806,-0.03891240572831024,0.16842465102672577,0.08839826285839081,0.06997222453355789,0.2568229138851166,0.4214513599872589,0.5528321862220764,3,161,336,"[0.1684, 0.0884, 0.07, 0.0537, 0.041, 0.0351, 0.0277, 0.0259, 0.0233, 0.0194]","[0.355, 0.31, 0.419, 0.103, 0.088, 0.258, 0.028, 0.093, 0.139, 0.165]",1996,0.10004047304391861,-0.1731369469420021,
60,T8,1927,-0.25092452860875064,-0.2501769241739889,0.6489471678557756,-0.11611700558821383,-0.03934754443899807,0.25173040025248306,-0.1888625465235626,0.2957669794559479,0.20272336900234222,0.11126727610826492,0.4984903335571289,0.7187151312828064,0.8179694414138794,2,24,61,"[0.2958, 0.2027, 0.1113, 0.0595, 0.0494, 0.034, 0.0199, 0.0172, 0.0162, 0.012]","[0.251, 0.25, 0.649, 0.269, 0.046, 0.354, 0.223, 0.003, 0.063, 0.015]",1996,0.09142014384269714,-0.27642353966078576,
60,R0,1927,0.13773525361240357,-0.22997121371154364,-0.6968461871200011,-0.023836257785395634,0.10684721566515207,-0.30644001807266696,0.09999125608104191,0.444667249917984,0.12738868594169617,0.0719868466258049,0.5720559358596802,0.742453396320343,0.824262261390686,1,25,61,"[0.4447, 0.1274, 0.072, 0.0576, 0.0408, 0.0204, 0.0194, 0.0154, 0.0144, 0.0123]","[0.138, 0.23, 0.697, 0.267, 0.047, 0.132, 0.135, 0.142, 0.3, 0.087]",1996,0.03699159249663353,0.4243455597555362,
60,R1,1927,0.009192843734093983,0.12699025584770357,-0.6502584307199769,0.08013147094562466,0.0763274471346424,-0.18132341784526676,0.09304510354990489,0.5086497068405151,0.24620424211025238,0.07262913137674332,0.7548539638519287,0.8824151754379272,0.9267423748970032,2,7,18,"[0.5086, 0.2462, 0.0726, 0.031, 0.0239, 0.0149, 0.0098, 0.0079, 0.0062, 0.0056]","[0.009, 0.127, 0.65, 0.621, 0.149, 0.002, 0.065, 0.009, 0.085, 0.046]",1996,0.008843091316521168,0.36449374400386225,
60,R2,1927,-0.020287428148858463,0.047006389501839496,0.34035890457431084,0.05295801886246181,0.05228238803662708,-0.14871857637307423,0.06082865813525519,0.5948107838630676,0.28178590536117554,0.04083821177482605,0.8765966892242432,0.9629232883453369,0.9783248901367188,3,3,5,"[0.5948, 0.2818, 0.0408, 0.0319, 0.0136, 0.0047, 0.0035, 0.0027, 0.0025, 0.0021]","[0.02, 0.047, 0.34, 0.387, 0.176, 0.156, 0.337, 0.245, 0.056, 0.227]",1996,0.004340426996350288,0.41422678020065967,
60,R3,1927,0.2502081660279949,0.3287724824548182,0.41762210291596147,0.07136238717528899,0.034903327408580376,0.09134073215944137,0.003601336806356573,0.5186880230903625,0.1900606006383896,0.057265378534793854,0.7087486386299133,0.8452784419059753,0.9051792621612549,4,10,23,"[0.5187, 0.1901, 0.0573, 0.0502, 0.029, 0.0196, 0.0126, 0.0109, 0.009, 0.0078]","[0.25, 0.329, 0.418, 0.512, 0.36, 0.036, 0.042, 0.19, 0.286, 0.207]",1996,0.08979228138923645,-0.006855243602737101,
60,R4,1927,-0.0050022993118776,0.6618014035363483,0.33663554041710353,-0.05627202003136316,-0.0660811756440584,0.05441123994570172,0.24976395550844463,0.47681260108947754,0.15815763175487518,0.10398944467306137,0.6349702477455139,0.8174852132797241,0.8972530364990234,4,11,26,"[0.4768, 0.1582, 0.104, 0.0511, 0.0274, 0.0263, 0.0192, 0.0157, 0.0103, 0.0083]","[0.005, 0.662, 0.337, 0.429, 0.1, 0.097, 0.144, 0.33, 0.048, 0.092]",1996,0.14223429560661316,0.15731056090473144,
60,R5,1927,-0.05904543695934039,-0.15159968481045938,0.41101957735143146,-0.01891566504766103,-0.08839055702751948,-0.023071451972921694,-0.12986042707955783,0.2697914242744446,0.11364461481571198,0.07482235878705978,0.38343602418899536,0.5537710189819336,0.6677076816558838,2,74,172,"[0.2698, 0.1136, 0.0748, 0.0524, 0.0431, 0.0326, 0.0232, 0.0212, 0.0187, 0.0183]","[0.059, 0.152, 0.411, 0.216, 0.075, 0.125, 0.257, 0.288, 0.331, 0.004]",1996,0.11365500092506409,-0.02507154561938887,
60,R6,1927,-0.11502373296995184,0.8201818805804271,-0.036430682558887297,0.010906626217092727,0.03409958652044124,-0.1108616148780504,0.06982678540432495,0.33376529812812805,0.2720755934715271,0.0832592248916626,0.6058409214019775,0.7663208246231079,0.8549712896347046,2,18,48,"[0.3338, 0.2721, 0.0833, 0.0424, 0.0348, 0.0281, 0.0215, 0.0162, 0.0118, 0.0111]","[0.115, 0.82, 0.036, 0.242, 0.342, 0.08, 0.104, 0.012, 0.184, 0.128]",1996,0.22841785848140717,0.32713274536770703,
60,R7,1927,-0.7396133223516657,0.10961302980727093,-0.2667729233309643,0.13685026118500948,-0.012558774921336086,-0.12092636212285156,0.013875178930183285,0.3999623954296112,0.2439289093017578,0.10746729373931885,0.6438913345336914,0.8611298203468323,0.9167577028274536,1,8,19,"[0.4, 0.2439, 0.1075, 0.0735, 0.0363, 0.014, 0.0131, 0.0118, 0.0089, 0.0078]","[0.74, 0.11, 0.267, 0.187, 0.166, 0.162, 0.287, 0.06, 0.011, 0.01]",1996,0.36142095923423767,0.7213683804104258,
